{"type":"FeatureCollection","features":[{"type":"Feature","properties":{"ID_0":177,"ISO":"PHL","NAME_0":"Philippines","ID_1":10013,"NAME_1":"Bukidnon","ID_2":1001301,"NAME_2":"Baungon","ID_3":1001301001,"NAME_3":"Balintad","NL_NAME_3":null,"VARNAME_3":null,"TYPE_3":"Barangay","ENGTYPE_3":"Village","PROVINCE":"Bukidnon","REGION":"Region X (Northern Mindanao)","id":"barangay-1001301001","name":"Balintad","barangayCode":"1001301001","population":null,"formattedPop":null,"densityCategory":"No data","vulnerabilityRating":"No data","healthRiskLevel":"No data","areaKm2":9.167503,"centerLat":8.249648,"centerLng":124.702922,"geometrySource":"all_barangay-2.csv detailed WKT","geometryMatchMethod":"unique_official_admin_names","boundaryPointCount":37},"geometry":{"type":"MultiPolygon","coordinates":[[[[124.704277,8.24506],[124.696327,8.23913],[124.695618,8.24011],[124.693123,8.24112],[124.692177,8.24142],[124.692139,8.24174],[124.691307,8.24256],[124.691116,8.24369],[124.691406,8.24577],[124.691063,8.2471],[124.690399,8.24815],[124.68988,8.24953],[124.689003,8.25111],[124.689209,8.25238],[124.689568,8.2532],[124.690208,8.25473],[124.690536,8.25635],[124.690437,8.25745],[124.690361,8.25864],[124.690712,8.25973],[124.691978,8.2617],[124.692688,8.26056],[124.693817,8.25995],[124.693466,8.25842],[124.694527,8.25748],[124.695,8.25662],[124.69487,8.25589],[124.694778,8.25472],[124.696861,8.25499],[124.697151,8.25424],[124.69812,8.25335],[124.69873,8.25257],[124.700417,8.25136],[124.701088,8.25072],[124.701286,8.24918],[124.702118,8.24721],[124.704277,8.24506]]]]}},{"type":"Feature","properties":{"ID_0":177,"ISO":"PHL","NAME_0":"Philippines","ID_1":10013,"NAME_1":"Bukidnon","ID_2":1001301,"NAME_2":"Baungon","ID_3":1001301002,"NAME_3":"Buenavista","NL_NAME_3":null,"VARNAME_3":null,"TYPE_3":"Barangay","ENGTYPE_3":"Village","PROVINCE":"Bukidnon","REGION":"Region X (Northern Mindanao)","id":"barangay-1001301002","name":"Buenavista","barangayCode":"1001301002","population":null,"formattedPop":null,"densityCategory":"No data","vulnerabilityRating":"No data","healthRiskLevel":"No data","areaKm2":5.983566,"centerLat":8.290481,"centerLng":124.67053,"geometrySource":"all_barangay-2.csv detailed WKT","geometryMatchMethod":"unique_official_admin_names","boundaryPointCount":34},"geometry":{"type":"MultiPolygon","coordinates":[[[[124.687393,8.28623],[124.672707,8.26928],[124.671638,8.2713],[124.670761,8.27176],[124.670593,8.27362],[124.669807,8.27506],[124.668503,8.27578],[124.667351,8.27735],[124.665878,8.27874],[124.664627,8.27953],[124.66407,8.28108],[124.663109,8.28246],[124.661613,8.28389],[124.660294,8.28537],[124.659767,8.28525],[124.657471,8.28659],[124.670502,8.30719],[124.671249,8.30559],[124.671722,8.30353],[124.672783,8.30233],[124.674301,8.30268],[124.676193,8.30229],[124.676651,8.301],[124.67688,8.29919],[124.677872,8.29767],[124.678078,8.29582],[124.678253,8.29414],[124.679291,8.29221],[124.680397,8.29045],[124.681824,8.28878],[124.683327,8.28792],[124.68515,8.2875],[124.686729,8.28679],[124.687393,8.28623]]]]}},{"type":"Feature","properties":{"ID_0":177,"ISO":"PHL","NAME_0":"Philippines","ID_1":10013,"NAME_1":"Bukidnon","ID_2":1001301,"NAME_2":"Baungon","ID_3":1001301003,"NAME_3":"Danatag","NL_NAME_3":null,"VARNAME_3":null,"TYPE_3":"Barangay","ENGTYPE_3":"Village","PROVINCE":"Bukidnon","REGION":"Region X (Northern Mindanao)","id":"barangay-1001301003","name":"Danatag","barangayCode":"1001301003","population":null,"formattedPop":null,"densityCategory":"No data","vulnerabilityRating":"No data","healthRiskLevel":"No data","areaKm2":27.053643,"centerLat":8.301574,"centerLng":124.620654,"geometrySource":"all_barangay-2.csv detailed WKT","geometryMatchMethod":"unique_official_admin_names","boundaryPointCount":159},"geometry":{"type":"MultiPolygon","coordinates":[[[[124.598358,8.34313],[124.599167,8.34464],[124.60009,8.34502],[124.600906,8.34417],[124.601509,8.3436],[124.602707,8.34379],[124.604958,8.34538],[124.606407,8.34714],[124.606873,8.3485],[124.609039,8.34812],[124.609879,8.34732],[124.610329,8.346],[124.611504,8.34487],[124.612617,8.3442],[124.613426,8.34345],[124.615463,8.34262],[124.616478,8.34194],[124.617287,8.34119],[124.618637,8.33992],[124.619133,8.33921],[124.618332,8.33765],[124.618103,8.33716],[124.619377,8.33593],[124.620178,8.33544],[124.620941,8.33433],[124.621277,8.33356],[124.621552,8.33232],[124.621887,8.33153],[124.622269,8.33128],[124.621696,8.33046],[124.621681,8.32957],[124.621384,8.32851],[124.621964,8.32835],[124.622704,8.32841],[124.62413,8.32664],[124.624847,8.32481],[124.625519,8.32477],[124.625923,8.3237],[124.626427,8.32307],[124.626541,8.32285],[124.626587,8.322],[124.626579,8.32111],[124.627373,8.32116],[124.62796,8.32079],[124.62854,8.32043],[124.630089,8.32034],[124.630478,8.31985],[124.629921,8.31916],[124.629608,8.31821],[124.629372,8.31733],[124.629463,8.3166],[124.630333,8.31559],[124.630417,8.31506],[124.630203,8.31424],[124.631287,8.31385],[124.631271,8.31321],[124.630409,8.31223],[124.63118,8.31187],[124.632057,8.31163],[124.632103,8.31106],[124.632294,8.30982],[124.632393,8.30918],[124.632797,8.30887],[124.633537,8.30782],[124.633789,8.30708],[124.63427,8.30536],[124.635246,8.30498],[124.636452,8.30415],[124.636642,8.30293],[124.637337,8.30287],[124.639236,8.30261],[124.639717,8.30182],[124.639412,8.30162],[124.639549,8.29997],[124.639587,8.29862],[124.640831,8.2971],[124.641029,8.29653],[124.642014,8.29597],[124.642174,8.29524],[124.641548,8.29459],[124.64093,8.29379],[124.640388,8.29364],[124.64035,8.29296],[124.641167,8.29309],[124.642532,8.29299],[124.6436,8.2925],[124.643707,8.29161],[124.641823,8.29154],[124.641571,8.29137],[124.641663,8.29027],[124.641609,8.28874],[124.642563,8.28905],[124.643333,8.28912],[124.643417,8.28805],[124.64325,8.28727],[124.642799,8.2869],[124.643463,8.28601],[124.644188,8.28496],[124.6437,8.2849],[124.643333,8.28489],[124.643829,8.28314],[124.643967,8.28261],[124.644798,8.28226],[124.643951,8.28078],[124.638062,8.27328],[124.636971,8.27371],[124.631073,8.27336],[124.628197,8.27687],[124.624474,8.28091],[124.621643,8.28393],[124.61869,8.28636],[124.614777,8.29002],[124.611847,8.29256],[124.608002,8.29543],[124.606087,8.29652],[124.603844,8.29628],[124.60186,8.29605],[124.599663,8.2959],[124.597267,8.29548],[124.595779,8.29519],[124.593086,8.29565],[124.592659,8.2977],[124.592293,8.3005],[124.591759,8.30315],[124.592506,8.30503],[124.593567,8.30631],[124.595207,8.30642],[124.596992,8.30548],[124.59861,8.30399],[124.600342,8.30337],[124.6017,8.30327],[124.603142,8.30365],[124.604301,8.30563],[124.604233,8.30794],[124.602737,8.31027],[124.601791,8.31104],[124.599281,8.31305],[124.598991,8.31378],[124.599098,8.31577],[124.600311,8.31828],[124.600922,8.3192],[124.60215,8.32221],[124.60218,8.32409],[124.602203,8.32611],[124.602737,8.32837],[124.603104,8.32953],[124.602882,8.33048],[124.601784,8.33075],[124.600906,8.3306],[124.599602,8.33128],[124.599243,8.33269],[124.599609,8.33452],[124.600601,8.33577],[124.601372,8.33707],[124.601097,8.33752],[124.599564,8.3382],[124.598747,8.33918],[124.598534,8.34102],[124.598358,8.34313]]]]}},{"type":"Feature","properties":{"ID_0":177,"ISO":"PHL","NAME_0":"Philippines","ID_1":10013,"NAME_1":"Bukidnon","ID_2":1001301,"NAME_2":"Baungon","ID_3":1001301004,"NAME_3":"Kalilangan","NL_NAME_3":null,"VARNAME_3":null,"TYPE_3":"Barangay","ENGTYPE_3":"Village","PROVINCE":"Bukidnon","REGION":"Region X (Northern Mindanao)","id":"barangay-1001301004","name":"Kalilangan","barangayCode":"1001301004","population":null,"formattedPop":null,"densityCategory":"No data","vulnerabilityRating":"No data","healthRiskLevel":"No data","areaKm2":21.007728,"centerLat":8.224414,"centerLng":124.678632,"geometrySource":"all_barangay-2.csv detailed WKT","geometryMatchMethod":"unique_official_admin_names","boundaryPointCount":41},"geometry":{"type":"MultiPolygon","coordinates":[[[[124.67469,8.2613],[124.675636,8.2607],[124.677048,8.25953],[124.678886,8.25788],[124.678818,8.25692],[124.679604,8.25499],[124.681038,8.25367],[124.681717,8.25258],[124.682533,8.25076],[124.683029,8.24857],[124.683357,8.24661],[124.684273,8.24434],[124.684486,8.24314],[124.687431,8.23941],[124.687927,8.23794],[124.689537,8.23475],[124.704437,8.21859],[124.702667,8.21722],[124.693733,8.22421],[124.690948,8.22755],[124.689232,8.23012],[124.686737,8.23326],[124.684372,8.23605],[124.682983,8.23698],[124.681007,8.23894],[124.680542,8.23981],[124.679314,8.24112],[124.677971,8.24199],[124.677429,8.2426],[124.676003,8.24307],[124.675888,8.24448],[124.675751,8.24568],[124.674103,8.24735],[124.672836,8.24826],[124.671997,8.2497],[124.671356,8.24999],[124.670326,8.25151],[124.669891,8.25205],[124.668457,8.25446],[124.67247,8.25987],[124.67469,8.2613]]]]}},{"type":"Feature","properties":{"ID_0":177,"ISO":"PHL","NAME_0":"Philippines","ID_1":10013,"NAME_1":"Bukidnon","ID_2":1001301,"NAME_2":"Baungon","ID_3":1001301005,"NAME_3":"Lacolac","NL_NAME_3":null,"VARNAME_3":null,"TYPE_3":"Barangay","ENGTYPE_3":"Village","PROVINCE":"Bukidnon","REGION":"Region X (Northern Mindanao)","id":"barangay-1001301005","name":"Lacolac","barangayCode":"1001301005","population":null,"formattedPop":null,"densityCategory":"No data","vulnerabilityRating":"No data","healthRiskLevel":"No data","areaKm2":32.132998,"centerLat":8.203665,"centerLng":124.658961,"geometrySource":"all_barangay-2.csv detailed WKT","geometryMatchMethod":"unique_official_admin_names","boundaryPointCount":26},"geometry":{"type":"MultiPolygon","coordinates":[[[[124.668457,8.25446],[124.669891,8.25205],[124.670326,8.25151],[124.671356,8.24999],[124.671997,8.2497],[124.672836,8.24826],[124.674103,8.24735],[124.675751,8.24568],[124.675888,8.24448],[124.676003,8.24307],[124.677429,8.2426],[124.677971,8.24199],[124.679314,8.24112],[124.680542,8.23981],[124.681007,8.23894],[124.682983,8.23698],[124.684372,8.23605],[124.686737,8.23326],[124.689232,8.23012],[124.690948,8.22755],[124.693733,8.22421],[124.702667,8.21722],[124.695137,8.21183],[124.666313,8.25233],[124.667686,8.25349],[124.668457,8.25446]]]]}},{"type":"Feature","properties":{"ID_0":177,"ISO":"PHL","NAME_0":"Philippines","ID_1":10013,"NAME_1":"Bukidnon","ID_2":1001301,"NAME_2":"Baungon","ID_3":1001301006,"NAME_3":"Langaon","NL_NAME_3":null,"VARNAME_3":null,"TYPE_3":"Barangay","ENGTYPE_3":"Village","PROVINCE":"Bukidnon","REGION":"Region X (Northern Mindanao)","id":"barangay-1001301006","name":"Langaon","barangayCode":"1001301006","population":null,"formattedPop":null,"densityCategory":"No data","vulnerabilityRating":"No data","healthRiskLevel":"No data","areaKm2":18.282061,"centerLat":8.258127,"centerLng":124.617913,"geometrySource":"all_barangay-2.csv detailed WKT","geometryMatchMethod":"unique_official_admin_names","boundaryPointCount":49},"geometry":{"type":"MultiPolygon","coordinates":[[[[124.588493,8.29067],[124.590668,8.29074],[124.592033,8.29219],[124.592903,8.29421],[124.593086,8.29565],[124.595779,8.29519],[124.597267,8.29548],[124.599663,8.2959],[124.60186,8.29605],[124.603844,8.29628],[124.606087,8.29652],[124.608002,8.29543],[124.611847,8.29256],[124.614777,8.29002],[124.61869,8.28636],[124.621643,8.28393],[124.624474,8.28091],[124.628197,8.27687],[124.631073,8.27336],[124.627777,8.27306],[124.614967,8.27211],[124.608093,8.27119],[124.601761,8.27091],[124.594337,8.27277],[124.593361,8.27441],[124.594711,8.27585],[124.594101,8.27721],[124.594231,8.27744],[124.595192,8.27798],[124.596527,8.27902],[124.596779,8.27978],[124.59623,8.28016],[124.59462,8.27967],[124.593224,8.27934],[124.592613,8.27999],[124.592278,8.28135],[124.592789,8.28321],[124.592194,8.28366],[124.591873,8.28501],[124.590729,8.28516],[124.589577,8.28473],[124.588631,8.28445],[124.58638,8.28516],[124.586143,8.28584],[124.586113,8.28733],[124.586533,8.28832],[124.586906,8.28895],[124.587967,8.29004],[124.588493,8.29067]]]]}},{"type":"Feature","properties":{"ID_0":177,"ISO":"PHL","NAME_0":"Philippines","ID_1":10013,"NAME_1":"Bukidnon","ID_2":1001301,"NAME_2":"Baungon","ID_3":1001301007,"NAME_3":"Liboran","NL_NAME_3":null,"VARNAME_3":null,"TYPE_3":"Barangay","ENGTYPE_3":"Village","PROVINCE":"Bukidnon","REGION":"Region X (Northern Mindanao)","id":"barangay-1001301007","name":"Liboran","barangayCode":"1001301007","population":null,"formattedPop":null,"densityCategory":"No data","vulnerabilityRating":"No data","healthRiskLevel":"No data","areaKm2":14.9084,"centerLat":8.363789,"centerLng":124.648654,"geometrySource":"all_barangay-2.csv detailed WKT","geometryMatchMethod":"unique_official_admin_names","boundaryPointCount":50},"geometry":{"type":"MultiPolygon","coordinates":[[[[124.648262,8.3834],[124.649231,8.38351],[124.650093,8.38396],[124.651314,8.38431],[124.652809,8.38418],[124.654861,8.38256],[124.658539,8.37795],[124.660751,8.37576],[124.660767,8.37547],[124.661057,8.37385],[124.664627,8.37109],[124.669182,8.36948],[124.66951,8.36804],[124.669479,8.36652],[124.668411,8.36439],[124.668327,8.36369],[124.669907,8.36308],[124.653679,8.34815],[124.651901,8.34811],[124.650253,8.34679],[124.648552,8.34614],[124.646797,8.34601],[124.647171,8.34761],[124.646896,8.34802],[124.645103,8.34712],[124.644089,8.34579],[124.64299,8.34625],[124.641937,8.34847],[124.640953,8.34988],[124.639442,8.35048],[124.638229,8.35025],[124.636841,8.35161],[124.635658,8.35224],[124.633827,8.35292],[124.630997,8.35401],[124.629883,8.35488],[124.629303,8.35684],[124.627701,8.35876],[124.62664,8.36018],[124.625053,8.36176],[124.62429,8.36287],[124.624161,8.36541],[124.625717,8.36748],[124.639549,8.38463],[124.641182,8.38371],[124.643707,8.38458],[124.645493,8.38526],[124.646828,8.38449],[124.647392,8.38347],[124.648262,8.3834]]]]}},{"type":"Feature","properties":{"ID_0":177,"ISO":"PHL","NAME_0":"Philippines","ID_1":10013,"NAME_1":"Bukidnon","ID_2":1001301,"NAME_2":"Baungon","ID_3":1001301008,"NAME_3":"Lingating","NL_NAME_3":null,"VARNAME_3":null,"TYPE_3":"Barangay","ENGTYPE_3":"Village","PROVINCE":"Bukidnon","REGION":"Region X (Northern Mindanao)","id":"barangay-1001301008","name":"Lingating","barangayCode":"1001301008","population":null,"formattedPop":null,"densityCategory":"No data","vulnerabilityRating":"No data","healthRiskLevel":"No data","areaKm2":27.697206,"centerLat":8.326843,"centerLng":124.639644,"geometrySource":"all_barangay-2.csv detailed WKT","geometryMatchMethod":"unique_official_admin_names","boundaryPointCount":214},"geometry":{"type":"MultiPolygon","coordinates":[[[[124.624161,8.36541],[124.62429,8.36287],[124.625053,8.36176],[124.62664,8.36018],[124.627701,8.35876],[124.629303,8.35684],[124.629883,8.35488],[124.630997,8.35401],[124.633827,8.35292],[124.635658,8.35224],[124.636841,8.35161],[124.638229,8.35025],[124.639442,8.35048],[124.640953,8.34988],[124.641937,8.34847],[124.64299,8.34625],[124.644089,8.34579],[124.645103,8.34712],[124.646896,8.34802],[124.647171,8.34761],[124.646797,8.34601],[124.648552,8.34614],[124.650253,8.34679],[124.651901,8.34811],[124.653679,8.34815],[124.653503,8.34663],[124.651604,8.34532],[124.651016,8.34479],[124.650017,8.34391],[124.650581,8.34303],[124.651909,8.34158],[124.65284,8.3409],[124.651756,8.33925],[124.651337,8.33823],[124.652977,8.33814],[124.653458,8.33808],[124.654716,8.33789],[124.655548,8.33814],[124.655632,8.33785],[124.655724,8.33668],[124.655968,8.33561],[124.655388,8.33496],[124.654701,8.3348],[124.654381,8.33392],[124.655823,8.33313],[124.655861,8.33176],[124.655693,8.33101],[124.655586,8.32962],[124.655693,8.32786],[124.655632,8.32709],[124.656509,8.32677],[124.657631,8.32558],[124.657333,8.32452],[124.657806,8.32339],[124.658348,8.32255],[124.658546,8.32072],[124.658684,8.32033],[124.660057,8.31979],[124.661583,8.31859],[124.661652,8.31777],[124.662178,8.31609],[124.663353,8.31603],[124.664413,8.31475],[124.666321,8.3136],[124.666977,8.3129],[124.66761,8.31115],[124.668442,8.30971],[124.669434,8.3087],[124.670502,8.30719],[124.657471,8.28659],[124.659767,8.28525],[124.660294,8.28537],[124.661613,8.28389],[124.663109,8.28246],[124.66407,8.28108],[124.664627,8.27953],[124.665878,8.27874],[124.667351,8.27735],[124.668503,8.27578],[124.669807,8.27506],[124.670593,8.27362],[124.670761,8.27176],[124.671638,8.2713],[124.672707,8.26928],[124.673721,8.26815],[124.674133,8.26615],[124.674088,8.26445],[124.674667,8.26251],[124.67469,8.2613],[124.67247,8.25987],[124.649147,8.28277],[124.643951,8.28078],[124.644798,8.28226],[124.643967,8.28261],[124.643829,8.28314],[124.643333,8.28489],[124.6437,8.2849],[124.644188,8.28496],[124.643463,8.28601],[124.642799,8.2869],[124.64325,8.28727],[124.643417,8.28805],[124.643333,8.28912],[124.642563,8.28905],[124.641609,8.28874],[124.641663,8.29027],[124.641571,8.29137],[124.641823,8.29154],[124.643707,8.29161],[124.6436,8.2925],[124.642532,8.29299],[124.641167,8.29309],[124.64035,8.29296],[124.640388,8.29364],[124.64093,8.29379],[124.641548,8.29459],[124.642174,8.29524],[124.642014,8.29597],[124.641029,8.29653],[124.640831,8.2971],[124.639587,8.29862],[124.639549,8.29997],[124.639412,8.30162],[124.639717,8.30182],[124.639236,8.30261],[124.637337,8.30287],[124.636642,8.30293],[124.636452,8.30415],[124.635246,8.30498],[124.63427,8.30536],[124.633789,8.30708],[124.633537,8.30782],[124.632797,8.30887],[124.632393,8.30918],[124.632294,8.30982],[124.632103,8.31106],[124.632057,8.31163],[124.63118,8.31187],[124.630409,8.31223],[124.631271,8.31321],[124.631287,8.31385],[124.630203,8.31424],[124.630417,8.31506],[124.630333,8.31559],[124.629463,8.3166],[124.629372,8.31733],[124.629608,8.31821],[124.629921,8.31916],[124.630478,8.31985],[124.630089,8.32034],[124.62854,8.32043],[124.62796,8.32079],[124.627373,8.32116],[124.626579,8.32111],[124.626587,8.322],[124.626541,8.32285],[124.626427,8.32307],[124.625923,8.3237],[124.625519,8.32477],[124.624847,8.32481],[124.62413,8.32664],[124.622704,8.32841],[124.621964,8.32835],[124.621384,8.32851],[124.621681,8.32957],[124.621696,8.33046],[124.622269,8.33128],[124.621887,8.33153],[124.621552,8.33232],[124.621277,8.33356],[124.620941,8.33433],[124.620178,8.33544],[124.619377,8.33593],[124.618103,8.33716],[124.618332,8.33765],[124.619133,8.33921],[124.618637,8.33992],[124.617287,8.34119],[124.616478,8.34194],[124.615463,8.34262],[124.613426,8.34345],[124.612617,8.3442],[124.611504,8.34487],[124.610329,8.346],[124.609879,8.34732],[124.609039,8.34812],[124.606873,8.3485],[124.60614,8.34975],[124.605049,8.35127],[124.604141,8.35226],[124.603706,8.35369],[124.603943,8.35517],[124.604782,8.3577],[124.604919,8.35943],[124.604134,8.3604],[124.603844,8.36093],[124.60392,8.36214],[124.604401,8.36338],[124.605377,8.36479],[124.606659,8.36559],[124.607826,8.36594],[124.609779,8.36493],[124.611443,8.36428],[124.612793,8.36499],[124.61393,8.36628],[124.614647,8.36779],[124.614616,8.36948],[124.61644,8.36986],[124.618378,8.36961],[124.619667,8.36918],[124.620651,8.36852],[124.621193,8.3684],[124.623444,8.36665],[124.624161,8.36541]]]]}},{"type":"Feature","properties":{"ID_0":177,"ISO":"PHL","NAME_0":"Philippines","ID_1":10013,"NAME_1":"Bukidnon","ID_2":1001301,"NAME_2":"Baungon","ID_3":1001301009,"NAME_3":"Mabuhay","NL_NAME_3":null,"VARNAME_3":null,"TYPE_3":"Barangay","ENGTYPE_3":"Village","PROVINCE":"Bukidnon","REGION":"Region X (Northern Mindanao)","id":"barangay-1001301009","name":"Mabuhay","barangayCode":"1001301009","population":null,"formattedPop":null,"densityCategory":"No data","vulnerabilityRating":"No data","healthRiskLevel":"No data","areaKm2":11.215299,"centerLat":8.250635,"centerLng":124.690047,"geometrySource":"all_barangay-2.csv detailed WKT","geometryMatchMethod":"unique_official_admin_names","boundaryPointCount":80},"geometry":{"type":"MultiPolygon","coordinates":[[[[124.687447,8.28161],[124.687553,8.28111],[124.688057,8.27901],[124.688522,8.27676],[124.689003,8.27513],[124.689133,8.27421],[124.688988,8.27174],[124.689743,8.27008],[124.690681,8.26863],[124.690613,8.26728],[124.690437,8.26637],[124.690521,8.26523],[124.690392,8.26473],[124.690437,8.26326],[124.690697,8.26235],[124.691017,8.26182],[124.691978,8.2617],[124.690712,8.25973],[124.690361,8.25864],[124.690437,8.25745],[124.690536,8.25635],[124.690208,8.25473],[124.689568,8.2532],[124.689209,8.25238],[124.689003,8.25111],[124.68988,8.24953],[124.690399,8.24815],[124.691063,8.2471],[124.691406,8.24577],[124.691116,8.24369],[124.691307,8.24256],[124.692139,8.24174],[124.692177,8.24142],[124.693123,8.24112],[124.695618,8.24011],[124.696327,8.23913],[124.696457,8.23756],[124.696861,8.23638],[124.697884,8.23445],[124.699089,8.2329],[124.70089,8.23258],[124.702423,8.23217],[124.704437,8.23145],[124.705551,8.2308],[124.706093,8.22954],[124.707008,8.22865],[124.706268,8.22727],[124.706703,8.22594],[124.707573,8.22429],[124.707916,8.22299],[124.708763,8.22219],[124.709717,8.22162],[124.704437,8.21859],[124.689537,8.23475],[124.687927,8.23794],[124.687431,8.23941],[124.684486,8.24314],[124.684273,8.24434],[124.683357,8.24661],[124.683029,8.24857],[124.682533,8.25076],[124.681717,8.25258],[124.681038,8.25367],[124.679604,8.25499],[124.678818,8.25692],[124.678886,8.25788],[124.677048,8.25953],[124.675636,8.2607],[124.67469,8.2613],[124.674667,8.26251],[124.674088,8.26445],[124.674133,8.26615],[124.673721,8.26815],[124.672707,8.26928],[124.687393,8.28623],[124.687767,8.28529],[124.68779,8.28457],[124.688019,8.28295],[124.68795,8.28234],[124.687447,8.28161]]]]}},{"type":"Feature","properties":{"ID_0":177,"ISO":"PHL","NAME_0":"Philippines","ID_1":10013,"NAME_1":"Bukidnon","ID_2":1001301,"NAME_2":"Baungon","ID_3":1001301010,"NAME_3":"Mabunga","NL_NAME_3":null,"VARNAME_3":null,"TYPE_3":"Barangay","ENGTYPE_3":"Village","PROVINCE":"Bukidnon","REGION":"Region X (Northern Mindanao)","id":"barangay-1001301010","name":"Mabunga","barangayCode":"1001301010","population":null,"formattedPop":null,"densityCategory":"No data","vulnerabilityRating":"No data","healthRiskLevel":"No data","areaKm2":5.784464,"centerLat":8.271522,"centerLng":124.701916,"geometrySource":"all_barangay-2.csv detailed WKT","geometryMatchMethod":"unique_official_admin_names","boundaryPointCount":70},"geometry":{"type":"MultiPolygon","coordinates":[[[[124.69381,8.27776],[124.694397,8.27669],[124.695038,8.27559],[124.696198,8.27517],[124.696999,8.27401],[124.697807,8.27291],[124.698624,8.27057],[124.699333,8.2701],[124.700897,8.26921],[124.701859,8.26806],[124.70224,8.26672],[124.702744,8.26455],[124.702782,8.26343],[124.704941,8.26227],[124.703903,8.26085],[124.703979,8.26009],[124.70446,8.26061],[124.705383,8.2607],[124.705589,8.25955],[124.705467,8.25719],[124.705833,8.25647],[124.706413,8.25609],[124.706947,8.25499],[124.706917,8.25422],[124.707558,8.25337],[124.707939,8.25274],[124.708992,8.25145],[124.710709,8.25065],[124.712517,8.25065],[124.713127,8.25024],[124.714104,8.24926],[124.704277,8.24506],[124.702118,8.24721],[124.701286,8.24918],[124.701088,8.25072],[124.700417,8.25136],[124.69873,8.25257],[124.69812,8.25335],[124.697151,8.25424],[124.696861,8.25499],[124.694778,8.25472],[124.69487,8.25589],[124.695,8.25662],[124.694527,8.25748],[124.693466,8.25842],[124.693817,8.25995],[124.692688,8.26056],[124.691978,8.2617],[124.691017,8.26182],[124.690697,8.26235],[124.690437,8.26326],[124.690392,8.26473],[124.690521,8.26523],[124.690437,8.26637],[124.690613,8.26728],[124.690681,8.26863],[124.689743,8.27008],[124.688988,8.27174],[124.689133,8.27421],[124.689003,8.27513],[124.688522,8.27676],[124.688057,8.27901],[124.687553,8.28111],[124.687447,8.28161],[124.690819,8.28166],[124.691429,8.28025],[124.691887,8.28014],[124.69297,8.27886],[124.693413,8.27841],[124.69381,8.27776]]]]}},{"type":"Feature","properties":{"ID_0":177,"ISO":"PHL","NAME_0":"Philippines","ID_1":10013,"NAME_1":"Bukidnon","ID_2":1001301,"NAME_2":"Baungon","ID_3":1001301011,"NAME_3":"Nicdao","NL_NAME_3":null,"VARNAME_3":null,"TYPE_3":"Barangay","ENGTYPE_3":"Village","PROVINCE":"Bukidnon","REGION":"Region X (Northern Mindanao)","id":"barangay-1001301011","name":"Nicdao","barangayCode":"1001301011","population":null,"formattedPop":null,"densityCategory":"No data","vulnerabilityRating":"No data","healthRiskLevel":"No data","areaKm2":7.544991,"centerLat":8.382532,"centerLng":124.622899,"geometrySource":"all_barangay-2.csv detailed WKT","geometryMatchMethod":"unique_official_admin_names","boundaryPointCount":42},"geometry":{"type":"MultiPolygon","coordinates":[[[[124.621223,8.40187],[124.622543,8.39876],[124.623077,8.3962],[124.624863,8.3934],[124.626289,8.39258],[124.627434,8.39104],[124.628616,8.38932],[124.63073,8.38933],[124.632278,8.3888],[124.633949,8.38733],[124.63636,8.38632],[124.639549,8.38463],[124.625717,8.36748],[124.624161,8.36541],[124.623444,8.36665],[124.621193,8.3684],[124.620651,8.36852],[124.619667,8.36918],[124.618378,8.36961],[124.61644,8.36986],[124.614616,8.36948],[124.61351,8.3704],[124.612358,8.37085],[124.610527,8.37132],[124.609161,8.37267],[124.609047,8.37359],[124.610687,8.37662],[124.610283,8.37798],[124.609657,8.37916],[124.608688,8.38075],[124.608223,8.38154],[124.608711,8.38333],[124.609833,8.38603],[124.610992,8.38962],[124.611603,8.39347],[124.611504,8.39631],[124.611412,8.39905],[124.612312,8.40167],[124.613983,8.40325],[124.615646,8.40332],[124.618118,8.40253],[124.621223,8.40187]]]]}},{"type":"Feature","properties":{"ID_0":177,"ISO":"PHL","NAME_0":"Philippines","ID_1":10013,"NAME_1":"Bukidnon","ID_2":1001301,"NAME_2":"Baungon","ID_3":1001301012,"NAME_3":"Imbatug","NL_NAME_3":null,"VARNAME_3":null,"TYPE_3":"Barangay","ENGTYPE_3":"Village","PROVINCE":"Bukidnon","REGION":"Region X (Northern Mindanao)","id":"barangay-1001301012","name":"Imbatug","barangayCode":"1001301012","population":null,"formattedPop":null,"densityCategory":"No data","vulnerabilityRating":"No data","healthRiskLevel":"No data","areaKm2":24.578848,"centerLat":8.319908,"centerLng":124.682054,"geometrySource":"all_barangay-2.csv detailed WKT","geometryMatchMethod":"unique_official_admin_names","boundaryPointCount":165},"geometry":{"type":"MultiPolygon","coordinates":[[[[124.669907,8.36308],[124.671371,8.36347],[124.671944,8.36285],[124.671356,8.36168],[124.671494,8.35986],[124.672943,8.35814],[124.674156,8.35729],[124.675247,8.35596],[124.675293,8.35539],[124.673866,8.35445],[124.67234,8.3529],[124.67305,8.35163],[124.674828,8.35172],[124.675621,8.35306],[124.676537,8.35304],[124.676826,8.3526],[124.678047,8.35277],[124.679703,8.35239],[124.679764,8.35157],[124.679916,8.35043],[124.681107,8.34967],[124.682671,8.35063],[124.68441,8.35115],[124.685677,8.35055],[124.68602,8.34972],[124.685516,8.3488],[124.682503,8.34754],[124.681999,8.34664],[124.681862,8.34541],[124.682373,8.34405],[124.683182,8.34348],[124.684486,8.34441],[124.685852,8.34503],[124.68615,8.34455],[124.68602,8.34377],[124.685364,8.34256],[124.685387,8.34217],[124.68676,8.34168],[124.687218,8.34096],[124.686981,8.33981],[124.686737,8.33913],[124.686378,8.33832],[124.685402,8.33757],[124.684647,8.33679],[124.684883,8.33589],[124.686546,8.33622],[124.687363,8.33569],[124.687202,8.33462],[124.687477,8.33368],[124.688843,8.33246],[124.689857,8.33077],[124.689972,8.32955],[124.688629,8.32833],[124.688004,8.32701],[124.687683,8.32597],[124.688042,8.325],[124.689667,8.32367],[124.690041,8.32316],[124.690033,8.32122],[124.689583,8.32064],[124.690536,8.31922],[124.690941,8.31802],[124.690964,8.31736],[124.691017,8.31626],[124.691917,8.31482],[124.694107,8.3144],[124.696007,8.31457],[124.697548,8.31409],[124.699028,8.31346],[124.70034,8.31201],[124.70047,8.31149],[124.70108,8.31011],[124.701492,8.30985],[124.702553,8.30877],[124.703773,8.30727],[124.704407,8.30609],[124.705147,8.30532],[124.706482,8.30506],[124.707207,8.30534],[124.707809,8.30613],[124.708656,8.30717],[124.709618,8.30809],[124.710663,8.30842],[124.711418,8.3078],[124.711113,8.30675],[124.71064,8.3056],[124.710838,8.30477],[124.711807,8.30342],[124.712936,8.30265],[124.714127,8.30176],[124.716278,8.30111],[124.69381,8.27776],[124.693413,8.27841],[124.69297,8.27886],[124.691887,8.28014],[124.691429,8.28025],[124.690819,8.28166],[124.687447,8.28161],[124.68795,8.28234],[124.688019,8.28295],[124.68779,8.28457],[124.687767,8.28529],[124.687393,8.28623],[124.686729,8.28679],[124.68515,8.2875],[124.683327,8.28792],[124.681824,8.28878],[124.680397,8.29045],[124.679291,8.29221],[124.678253,8.29414],[124.678078,8.29582],[124.677872,8.29767],[124.67688,8.29919],[124.676651,8.301],[124.676193,8.30229],[124.674301,8.30268],[124.672783,8.30233],[124.671722,8.30353],[124.671249,8.30559],[124.670502,8.30719],[124.669434,8.3087],[124.668442,8.30971],[124.66761,8.31115],[124.666977,8.3129],[124.666321,8.3136],[124.664413,8.31475],[124.663353,8.31603],[124.662178,8.31609],[124.661652,8.31777],[124.661583,8.31859],[124.660057,8.31979],[124.658684,8.32033],[124.658546,8.32072],[124.658348,8.32255],[124.657806,8.32339],[124.657333,8.32452],[124.657631,8.32558],[124.656509,8.32677],[124.655632,8.32709],[124.655693,8.32786],[124.655586,8.32962],[124.655693,8.33101],[124.655861,8.33176],[124.655823,8.33313],[124.654381,8.33392],[124.654701,8.3348],[124.655388,8.33496],[124.655968,8.33561],[124.655724,8.33668],[124.655632,8.33785],[124.655548,8.33814],[124.654716,8.33789],[124.653458,8.33808],[124.652977,8.33814],[124.651337,8.33823],[124.651756,8.33925],[124.65284,8.3409],[124.651909,8.34158],[124.650581,8.34303],[124.650017,8.34391],[124.651016,8.34479],[124.651604,8.34532],[124.653503,8.34663],[124.653679,8.34815],[124.669907,8.36308]]]]}},{"type":"Feature","properties":{"ID_0":177,"ISO":"PHL","NAME_0":"Philippines","ID_1":10013,"NAME_1":"Bukidnon","ID_2":1001301,"NAME_2":"Baungon","ID_3":1001301013,"NAME_3":"Pualas","NL_NAME_3":null,"VARNAME_3":null,"TYPE_3":"Barangay","ENGTYPE_3":"Village","PROVINCE":"Bukidnon","REGION":"Region X (Northern Mindanao)","id":"barangay-1001301013","name":"Pualas","barangayCode":"1001301013","population":null,"formattedPop":null,"densityCategory":"No data","vulnerabilityRating":"No data","healthRiskLevel":"No data","areaKm2":16.771248,"centerLat":8.403628,"centerLng":124.643656,"geometrySource":"all_barangay-2.csv detailed WKT","geometryMatchMethod":"unique_official_admin_names","boundaryPointCount":62},"geometry":{"type":"MultiPolygon","coordinates":[[[[124.626053,8.41954],[124.658653,8.41938],[124.666298,8.41909],[124.666634,8.41805],[124.666573,8.41778],[124.666611,8.41711],[124.66716,8.41606],[124.666901,8.41508],[124.666237,8.41464],[124.665314,8.41419],[124.664619,8.41364],[124.663811,8.41285],[124.663383,8.41131],[124.663597,8.40968],[124.663612,8.40865],[124.663498,8.40788],[124.663857,8.40686],[124.664574,8.40584],[124.664703,8.40464],[124.664589,8.40315],[124.665031,8.40127],[124.666267,8.3994],[124.648293,8.38388],[124.648262,8.3834],[124.647392,8.38347],[124.646828,8.38449],[124.645493,8.38526],[124.643707,8.38458],[124.641182,8.38371],[124.639549,8.38463],[124.63636,8.38632],[124.633949,8.38733],[124.632278,8.3888],[124.63073,8.38933],[124.628616,8.38932],[124.627434,8.39104],[124.626289,8.39258],[124.624863,8.3934],[124.623077,8.3962],[124.622543,8.39876],[124.621223,8.40187],[124.621887,8.40294],[124.621498,8.40528],[124.620399,8.40625],[124.618561,8.40666],[124.617691,8.40822],[124.617416,8.40967],[124.61879,8.41204],[124.61972,8.4131],[124.620049,8.41516],[124.619171,8.41647],[124.618599,8.41743],[124.618439,8.41865],[124.6175,8.4207],[124.616898,8.42182],[124.616623,8.42332],[124.617363,8.42473],[124.619331,8.42476],[124.620537,8.42398],[124.622589,8.42177],[124.623909,8.42072],[124.626053,8.41954]]]]}},{"type":"Feature","properties":{"ID_0":177,"ISO":"PHL","NAME_0":"Philippines","ID_1":10013,"NAME_1":"Bukidnon","ID_2":1001301,"NAME_2":"Baungon","ID_3":1001301014,"NAME_3":"Salimbalan","NL_NAME_3":null,"VARNAME_3":null,"TYPE_3":"Barangay","ENGTYPE_3":"Village","PROVINCE":"Bukidnon","REGION":"Region X (Northern Mindanao)","id":"barangay-1001301014","name":"Salimbalan","barangayCode":"1001301014","population":null,"formattedPop":null,"densityCategory":"No data","vulnerabilityRating":"No data","healthRiskLevel":"No data","areaKm2":10.121104,"centerLat":8.273709,"centerLng":124.718631,"geometrySource":"all_barangay-2.csv detailed WKT","geometryMatchMethod":"unique_official_admin_names","boundaryPointCount":64},"geometry":{"type":"MultiPolygon","coordinates":[[[[124.716278,8.30111],[124.717148,8.30075],[124.718353,8.2997],[124.719414,8.29865],[124.720596,8.29754],[124.720901,8.29632],[124.720917,8.29497],[124.721367,8.29291],[124.721916,8.2919],[124.722748,8.29126],[124.723152,8.29089],[124.723846,8.28975],[124.724403,8.28838],[124.724442,8.28734],[124.724159,8.28491],[124.724426,8.28378],[124.725197,8.28234],[124.725197,8.27995],[124.724747,8.27783],[124.724854,8.27673],[124.725433,8.27559],[124.726318,8.2746],[124.727242,8.27341],[124.726891,8.27194],[124.726471,8.27044],[124.726784,8.26911],[124.727798,8.26779],[124.728317,8.2662],[124.728767,8.26457],[124.729012,8.26395],[124.729156,8.26329],[124.729698,8.2606],[124.714104,8.24926],[124.713127,8.25024],[124.712517,8.25065],[124.710709,8.25065],[124.708992,8.25145],[124.707939,8.25274],[124.707558,8.25337],[124.706917,8.25422],[124.706947,8.25499],[124.706413,8.25609],[124.705833,8.25647],[124.705467,8.25719],[124.705589,8.25955],[124.705383,8.2607],[124.70446,8.26061],[124.703979,8.26009],[124.703903,8.26085],[124.704941,8.26227],[124.702782,8.26343],[124.702744,8.26455],[124.70224,8.26672],[124.701859,8.26806],[124.700897,8.26921],[124.699333,8.2701],[124.698624,8.27057],[124.697807,8.27291],[124.696999,8.27401],[124.696198,8.27517],[124.695038,8.27559],[124.694397,8.27669],[124.69381,8.27776],[124.716278,8.30111]]]]}},{"type":"Feature","properties":{"ID_0":177,"ISO":"PHL","NAME_0":"Philippines","ID_1":10013,"NAME_1":"Bukidnon","ID_2":1001301,"NAME_2":"Baungon","ID_3":1001301015,"NAME_3":"San Vicente","NL_NAME_3":null,"VARNAME_3":null,"TYPE_3":"Barangay","ENGTYPE_3":"Village","PROVINCE":"Bukidnon","REGION":"Region X (Northern Mindanao)","id":"barangay-1001301015","name":"San Vicente","barangayCode":"1001301015","population":null,"formattedPop":null,"densityCategory":"No data","vulnerabilityRating":"No data","healthRiskLevel":"No data","areaKm2":172.494239,"centerLat":8.186296,"centerLng":124.784362,"geometrySource":"all_barangay-2.csv detailed WKT","geometryMatchMethod":"unique_official_admin_names","boundaryPointCount":85},"geometry":{"type":"MultiPolygon","coordinates":[[[[124.729698,8.2606],[124.730537,8.25931],[124.73056,8.25927],[124.7304,8.25817],[124.730293,8.25769],[124.731483,8.25739],[124.732109,8.25742],[124.73381,8.25721],[124.734779,8.25675],[124.73597,8.25557],[124.736656,8.25397],[124.736649,8.25317],[124.737244,8.25212],[124.738487,8.25221],[124.74025,8.252],[124.740646,8.25107],[124.741402,8.24988],[124.743507,8.24939],[124.744537,8.24925],[124.745979,8.24903],[124.746536,8.24918],[124.748291,8.24939],[124.750923,8.24779],[124.75193,8.24758],[124.753052,8.2476],[124.754898,8.24677],[124.755867,8.24582],[124.756882,8.24531],[124.758797,8.24522],[124.759682,8.24434],[124.759941,8.24371],[124.761208,8.24295],[124.76281,8.24221],[124.76371,8.24175],[124.765091,8.24078],[124.767174,8.23941],[124.773109,8.23612],[124.806587,8.22319],[124.814003,8.21938],[124.81707,8.21694],[124.828743,8.21192],[124.840591,8.2045],[124.8451,8.20097],[124.853027,8.19155],[124.861069,8.18402],[124.868813,8.17861],[124.877029,8.17021],[124.883408,8.16046],[124.911751,8.11926],[124.866188,8.13235],[124.837044,8.14053],[124.827881,8.14346],[124.823067,8.14458],[124.799713,8.15131],[124.778641,8.15723],[124.7631,8.16176],[124.753906,8.1647],[124.749023,8.16558],[124.729431,8.17131],[124.723221,8.17298],[124.714149,8.1856],[124.711456,8.18922],[124.695137,8.21183],[124.702667,8.21722],[124.704437,8.21859],[124.709717,8.22162],[124.708763,8.22219],[124.707916,8.22299],[124.707573,8.22429],[124.706703,8.22594],[124.706268,8.22727],[124.707008,8.22865],[124.706093,8.22954],[124.705551,8.2308],[124.704437,8.23145],[124.702423,8.23217],[124.70089,8.23258],[124.699089,8.2329],[124.697884,8.23445],[124.696861,8.23638],[124.696457,8.23756],[124.696327,8.23913],[124.704277,8.24506],[124.714104,8.24926],[124.729698,8.2606]]]]}},{"type":"Feature","properties":{"ID_0":177,"ISO":"PHL","NAME_0":"Philippines","ID_1":10013,"NAME_1":"Bukidnon","ID_2":1001301,"NAME_2":"Baungon","ID_3":1001301016,"NAME_3":"San Miguel","NL_NAME_3":null,"VARNAME_3":null,"TYPE_3":"Barangay","ENGTYPE_3":"Village","PROVINCE":"Bukidnon","REGION":"Region X (Northern Mindanao)","id":"barangay-1001301016","name":"San Miguel","barangayCode":"1001301016","population":null,"formattedPop":null,"densityCategory":"No data","vulnerabilityRating":"No data","healthRiskLevel":"No data","areaKm2":16.722051,"centerLat":8.262917,"centerLng":124.65495,"geometrySource":"all_barangay-2.csv detailed WKT","geometryMatchMethod":"unique_official_admin_names","boundaryPointCount":53},"geometry":{"type":"MultiPolygon","coordinates":[[[[124.643951,8.28078],[124.649147,8.28277],[124.67247,8.25987],[124.668457,8.25446],[124.667686,8.25349],[124.666313,8.25233],[124.665817,8.25344],[124.665588,8.25394],[124.664818,8.25377],[124.664597,8.25442],[124.664917,8.25502],[124.663902,8.25544],[124.663383,8.25495],[124.662987,8.25495],[124.662773,8.25623],[124.661797,8.25664],[124.660759,8.25676],[124.661392,8.25788],[124.662369,8.25865],[124.662239,8.25878],[124.661774,8.25893],[124.661247,8.25983],[124.660507,8.26089],[124.660027,8.26161],[124.659393,8.26136],[124.658951,8.2613],[124.658859,8.26161],[124.659103,8.26264],[124.659286,8.26304],[124.659309,8.26335],[124.65873,8.26376],[124.658157,8.26355],[124.656754,8.26338],[124.656807,8.26377],[124.657898,8.26444],[124.658127,8.26465],[124.657867,8.2654],[124.657066,8.26544],[124.656143,8.26576],[124.655273,8.26623],[124.65509,8.26698],[124.654411,8.26808],[124.653938,8.26877],[124.653793,8.26931],[124.654251,8.26987],[124.654938,8.27048],[124.654251,8.2708],[124.653931,8.27062],[124.652924,8.27077],[124.651978,8.27122],[124.651291,8.271],[124.638062,8.27328],[124.643951,8.28078]]]]}},{"type":"Feature","properties":{"ID_0":177,"ISO":"PHL","NAME_0":"Philippines","ID_1":10013,"NAME_1":"Bukidnon","ID_2":1001302,"NAME_2":"Damulog","ID_3":1001302001,"NAME_3":"Aludas","NL_NAME_3":null,"VARNAME_3":null,"TYPE_3":"Barangay","ENGTYPE_3":"Village","PROVINCE":"Bukidnon","REGION":"Region X (Northern Mindanao)","id":"barangay-1001302001","name":"Aludas","barangayCode":"1001302001","population":null,"formattedPop":null,"densityCategory":"No data","vulnerabilityRating":"No data","healthRiskLevel":"No data","areaKm2":2.294011,"centerLat":7.457311,"centerLng":124.954226,"geometrySource":"all_barangay-2.csv detailed WKT","geometryMatchMethod":"unique_official_admin_names","boundaryPointCount":43},"geometry":{"type":"MultiPolygon","coordinates":[[[[124.975021,7.46022],[124.973999,7.44765],[124.973541,7.44795],[124.972397,7.44814],[124.970482,7.44753],[124.969551,7.44771],[124.967537,7.44917],[124.966057,7.44949],[124.964127,7.44925],[124.962418,7.44889],[124.960587,7.44939],[124.958557,7.45004],[124.953888,7.4496],[124.952049,7.45034],[124.94989,7.45215],[124.948647,7.45249],[124.947182,7.45283],[124.945442,7.45502],[124.943588,7.45882],[124.945152,7.45914],[124.946007,7.45941],[124.94706,7.45987],[124.947701,7.46023],[124.949661,7.46142],[124.951508,7.46222],[124.95211,7.46268],[124.953484,7.46259],[124.954483,7.46362],[124.955948,7.46406],[124.95697,7.46443],[124.957909,7.46443],[124.959862,7.46418],[124.9618,7.46412],[124.963531,7.46462],[124.96492,7.4646],[124.965897,7.4643],[124.967056,7.46332],[124.969116,7.46123],[124.969971,7.46068],[124.971153,7.46037],[124.972153,7.46038],[124.973618,7.46017],[124.975021,7.46022]]]]}},{"type":"Feature","properties":{"ID_0":177,"ISO":"PHL","NAME_0":"Philippines","ID_1":10013,"NAME_1":"Bukidnon","ID_2":1001302,"NAME_2":"Damulog","ID_3":1001302002,"NAME_3":"Angga-an","NL_NAME_3":null,"VARNAME_3":null,"TYPE_3":"Barangay","ENGTYPE_3":"Village","PROVINCE":"Bukidnon","REGION":"Region X (Northern Mindanao)","id":"barangay-1001302002","name":"Angga-an","barangayCode":"1001302002","population":null,"formattedPop":null,"densityCategory":"No data","vulnerabilityRating":"No data","healthRiskLevel":"No data","areaKm2":8.896401,"centerLat":7.42386,"centerLng":124.953754,"geometrySource":"all_barangay-2.csv detailed WKT","geometryMatchMethod":"unique_official_admin_names","boundaryPointCount":116},"geometry":{"type":"MultiPolygon","coordinates":[[[[124.933746,7.44038],[124.934143,7.44006],[124.935066,7.43874],[124.936661,7.4376],[124.938187,7.43735],[124.939217,7.43733],[124.940407,7.43767],[124.940987,7.43743],[124.941978,7.43757],[124.943443,7.43732],[124.94455,7.43704],[124.946037,7.43653],[124.947487,7.43602],[124.948593,7.43541],[124.94957,7.43442],[124.952591,7.43208],[124.954842,7.43005],[124.955742,7.42931],[124.957909,7.42778],[124.959213,7.42698],[124.960617,7.4258],[124.962639,7.423],[124.9636,7.421],[124.964767,7.4193],[124.966583,7.41867],[124.967941,7.41844],[124.969963,7.41735],[124.97187,7.4168],[124.97261,7.41619],[124.974541,7.41638],[124.976318,7.41591],[124.978622,7.41422],[124.981522,7.41263],[124.984489,7.41115],[124.98568,7.41096],[124.987778,7.41093],[124.990417,7.41037],[124.992317,7.41006],[124.994133,7.40942],[124.995842,7.40818],[124.997017,7.40695],[124.999481,7.40598],[125.001137,7.40497],[125.001732,7.40173],[124.999512,7.40185],[124.998177,7.40177],[124.997429,7.40139],[124.995857,7.40046],[124.994347,7.40048],[124.992653,7.40012],[124.991272,7.40037],[124.989677,7.40002],[124.988113,7.39988],[124.986748,7.40034],[124.985718,7.40124],[124.984711,7.40213],[124.984039,7.40331],[124.982903,7.40499],[124.981941,7.40584],[124.980919,7.4061],[124.979797,7.40522],[124.978699,7.40337],[124.978287,7.40249],[124.977463,7.40143],[124.975777,7.40061],[124.97332,7.40042],[124.971909,7.40071],[124.970833,7.40155],[124.969887,7.40289],[124.968597,7.40401],[124.967667,7.40475],[124.966133,7.40605],[124.964378,7.40673],[124.963074,7.40688],[124.961159,7.40748],[124.96003,7.40776],[124.958847,7.40719],[124.957397,7.40626],[124.956161,7.4068],[124.955147,7.40764],[124.954987,7.4086],[124.954781,7.40916],[124.954407,7.40922],[124.953812,7.40944],[124.953453,7.40957],[124.952568,7.40933],[124.95121,7.40988],[124.950439,7.41096],[124.949898,7.41217],[124.949181,7.41204],[124.949081,7.41176],[124.948257,7.41127],[124.946457,7.4113],[124.945808,7.41191],[124.945183,7.41305],[124.944397,7.41436],[124.943863,7.41515],[124.942337,7.41531],[124.9412,7.4155],[124.940727,7.41636],[124.940643,7.41787],[124.940422,7.41909],[124.94001,7.42029],[124.940117,7.42184],[124.939819,7.42259],[124.938629,7.42316],[124.937813,7.42461],[124.936996,7.42581],[124.935608,7.42696],[124.933662,7.42842],[124.933311,7.42943],[124.933357,7.431],[124.934433,7.4332],[124.933952,7.43487],[124.933723,7.43751],[124.933746,7.44038]]]]}},{"type":"Feature","properties":{"ID_0":177,"ISO":"PHL","NAME_0":"Philippines","ID_1":10013,"NAME_1":"Bukidnon","ID_2":1001302,"NAME_2":"Damulog","ID_3":1001302003,"NAME_3":"Tangkulan","NL_NAME_3":null,"VARNAME_3":null,"TYPE_3":"Barangay","ENGTYPE_3":"Village","PROVINCE":"Bukidnon","REGION":"Region X (Northern Mindanao)","id":"barangay-1001302003","name":"Tangkulan","barangayCode":"1001302003","population":null,"formattedPop":null,"densityCategory":"No data","vulnerabilityRating":"No data","healthRiskLevel":"No data","areaKm2":29.664613,"centerLat":7.420112,"centerLng":125.007788,"geometrySource":"all_barangay-2.csv detailed WKT","geometryMatchMethod":"unique_official_admin_names","boundaryPointCount":115},"geometry":{"type":"MultiPolygon","coordinates":[[[[124.973183,7.43133],[124.973938,7.43146],[124.974579,7.43157],[124.97599,7.43136],[124.977333,7.43103],[124.978127,7.43115],[124.980003,7.43135],[124.980659,7.43106],[124.982079,7.43035],[124.983627,7.43025],[124.98568,7.43074],[124.986618,7.43091],[124.988037,7.43131],[124.988998,7.43175],[124.990288,7.43227],[124.992653,7.43309],[124.994537,7.43368],[124.997017,7.43405],[124.998779,7.43409],[125.000458,7.43392],[125.002563,7.43373],[125.003883,7.4334],[125.005447,7.43323],[125.007401,7.43289],[125.009041,7.43281],[125.011681,7.43269],[125.013908,7.43238],[125.016579,7.43194],[125.018082,7.43152],[125.020348,7.43107],[125.021393,7.43075],[125.023109,7.43053],[125.025337,7.43038],[125.025932,7.43036],[125.028107,7.42998],[125.029442,7.42983],[125.032028,7.42971],[125.033829,7.42961],[125.035294,7.42933],[125.037086,7.42911],[125.062157,7.42457],[125.060829,7.42192],[125.059967,7.41957],[125.057983,7.41602],[125.05632,7.41417],[125.055611,7.41343],[125.052887,7.41042],[125.051804,7.40927],[125.050941,7.40796],[125.049103,7.40556],[125.046204,7.40458],[125.042709,7.4037],[125.040077,7.40319],[125.037613,7.4027],[125.035973,7.40222],[125.033882,7.4015],[125.030457,7.40151],[125.028503,7.40151],[125.025307,7.40112],[125.022751,7.40124],[125.021347,7.40151],[125.017838,7.40232],[125.016693,7.40225],[125.014259,7.40176],[125.012192,7.4022],[125.010498,7.40253],[125.008614,7.40308],[125.006859,7.40319],[125.005333,7.40316],[125.003517,7.40201],[125.001732,7.40173],[125.001137,7.40497],[124.999481,7.40598],[124.997017,7.40695],[124.995842,7.40818],[124.994133,7.40942],[124.992317,7.41006],[124.990417,7.41037],[124.987778,7.41093],[124.98568,7.41096],[124.984489,7.41115],[124.981522,7.41263],[124.978622,7.41422],[124.976318,7.41591],[124.974541,7.41638],[124.97261,7.41619],[124.97187,7.4168],[124.969963,7.41735],[124.967941,7.41844],[124.966583,7.41867],[124.964767,7.4193],[124.9636,7.421],[124.962639,7.423],[124.960617,7.4258],[124.959213,7.42698],[124.957909,7.42778],[124.955742,7.42931],[124.954842,7.43005],[124.952591,7.43208],[124.953468,7.43188],[124.954773,7.43203],[124.956177,7.43171],[124.957069,7.43227],[124.957909,7.43221],[124.959457,7.4317],[124.960899,7.4321],[124.961906,7.43217],[124.963219,7.43204],[124.964188,7.43171],[124.96611,7.43225],[124.967613,7.43235],[124.968803,7.43227],[124.970917,7.43185],[124.972252,7.43156],[124.973183,7.43133]]]]}},{"type":"Feature","properties":{"ID_0":177,"ISO":"PHL","NAME_0":"Philippines","ID_1":10013,"NAME_1":"Bukidnon","ID_2":1001302,"NAME_2":"Damulog","ID_3":1001302004,"NAME_3":"Kinapat","NL_NAME_3":null,"VARNAME_3":null,"TYPE_3":"Barangay","ENGTYPE_3":"Village","PROVINCE":"Bukidnon","REGION":"Region X (Northern Mindanao)","id":"barangay-1001302004","name":"Kinapat","barangayCode":"1001302004","population":null,"formattedPop":null,"densityCategory":"No data","vulnerabilityRating":"No data","healthRiskLevel":"No data","areaKm2":4.874623,"centerLat":7.472551,"centerLng":124.957481,"geometrySource":"all_barangay-2.csv detailed WKT","geometryMatchMethod":"unique_official_admin_names","boundaryPointCount":59},"geometry":{"type":"MultiPolygon","coordinates":[[[[124.980476,7.47982],[124.979919,7.4729],[124.98008,7.47088],[124.980614,7.47009],[124.981194,7.46864],[124.981087,7.46756],[124.981003,7.46615],[124.980003,7.46473],[124.979538,7.46368],[124.979263,7.46279],[124.979218,7.4618],[124.978928,7.46058],[124.978409,7.46014],[124.977814,7.45998],[124.976517,7.46027],[124.975632,7.46029],[124.975021,7.46022],[124.973618,7.46017],[124.972153,7.46038],[124.971153,7.46037],[124.969971,7.46068],[124.969116,7.46123],[124.967056,7.46332],[124.965897,7.4643],[124.96492,7.4646],[124.963531,7.46462],[124.9618,7.46412],[124.959862,7.46418],[124.957909,7.46443],[124.95697,7.46443],[124.955948,7.46406],[124.954483,7.46362],[124.953484,7.46259],[124.95211,7.46268],[124.949387,7.47803],[124.950462,7.47844],[124.95285,7.47847],[124.955017,7.47844],[124.957024,7.47856],[124.958656,7.47972],[124.959152,7.48009],[124.961037,7.48021],[124.963837,7.47978],[124.964561,7.47852],[124.965714,7.47807],[124.967407,7.47763],[124.968964,7.47709],[124.969719,7.47685],[124.970993,7.47742],[124.972572,7.47832],[124.973869,7.47889],[124.974968,7.47888],[124.975662,7.47874],[124.977028,7.47851],[124.978058,7.4786],[124.979103,7.47865],[124.979897,7.47896],[124.980148,7.47911],[124.980476,7.47982]]]]}},{"type":"Feature","properties":{"ID_0":177,"ISO":"PHL","NAME_0":"Philippines","ID_1":10013,"NAME_1":"Bukidnon","ID_2":1001302,"NAME_2":"Damulog","ID_3":1001302005,"NAME_3":"Kiraon","NL_NAME_3":null,"VARNAME_3":null,"TYPE_3":"Barangay","ENGTYPE_3":"Village","PROVINCE":"Bukidnon","REGION":"Region X (Northern Mindanao)","id":"barangay-1001302005","name":"Kiraon","barangayCode":"1001302005","population":null,"formattedPop":null,"densityCategory":"No data","vulnerabilityRating":"No data","healthRiskLevel":"No data","areaKm2":4.634666,"centerLat":7.47444,"centerLng":124.978502,"geometrySource":"all_barangay-2.csv detailed WKT","geometryMatchMethod":"unique_official_admin_names","boundaryPointCount":36},"geometry":{"type":"MultiPolygon","coordinates":[[[[124.996353,7.48353],[124.996078,7.48324],[124.996323,7.48209],[124.996696,7.47982],[124.996651,7.47679],[124.996567,7.47412],[124.996109,7.47087],[124.995796,7.46926],[124.995529,7.46512],[124.995529,7.46226],[124.995064,7.45883],[124.994179,7.45508],[124.993202,7.4552],[124.991821,7.45626],[124.99028,7.45774],[124.989212,7.45888],[124.987389,7.45992],[124.986298,7.46057],[124.985283,7.46089],[124.984161,7.46097],[124.98304,7.46055],[124.981293,7.46066],[124.978928,7.46058],[124.979218,7.4618],[124.979263,7.46279],[124.979538,7.46368],[124.980003,7.46473],[124.981003,7.46615],[124.981087,7.46756],[124.981194,7.46864],[124.980614,7.47009],[124.98008,7.47088],[124.979919,7.4729],[124.980476,7.47982],[124.981483,7.48483],[124.996353,7.48353]]]]}},{"type":"Feature","properties":{"ID_0":177,"ISO":"PHL","NAME_0":"Philippines","ID_1":10013,"NAME_1":"Bukidnon","ID_2":1001302,"NAME_2":"Damulog","ID_3":1001302006,"NAME_3":"Kitingting","NL_NAME_3":null,"VARNAME_3":null,"TYPE_3":"Barangay","ENGTYPE_3":"Village","PROVINCE":"Bukidnon","REGION":"Region X (Northern Mindanao)","id":"barangay-1001302006","name":"Kitingting","barangayCode":"1001302006","population":null,"formattedPop":null,"densityCategory":"No data","vulnerabilityRating":"No data","healthRiskLevel":"No data","areaKm2":5.796032,"centerLat":7.447605,"centerLng":124.946022,"geometrySource":"all_barangay-2.csv detailed WKT","geometryMatchMethod":"unique_official_admin_names","boundaryPointCount":67},"geometry":{"type":"MultiPolygon","coordinates":[[[[124.943588,7.45882],[124.945442,7.45502],[124.947182,7.45283],[124.948647,7.45249],[124.94989,7.45215],[124.952049,7.45034],[124.953888,7.4496],[124.958557,7.45004],[124.960587,7.44939],[124.962418,7.44889],[124.964127,7.44925],[124.966057,7.44949],[124.967537,7.44917],[124.969551,7.44771],[124.970482,7.44753],[124.972397,7.44814],[124.973541,7.44795],[124.973999,7.44765],[124.973183,7.43133],[124.972252,7.43156],[124.970917,7.43185],[124.968803,7.43227],[124.967613,7.43235],[124.96611,7.43225],[124.964188,7.43171],[124.963219,7.43204],[124.961906,7.43217],[124.960899,7.4321],[124.959457,7.4317],[124.957909,7.43221],[124.957069,7.43227],[124.956177,7.43171],[124.954773,7.43203],[124.953468,7.43188],[124.952591,7.43208],[124.94957,7.43442],[124.948593,7.43541],[124.947487,7.43602],[124.946037,7.43653],[124.94455,7.43704],[124.943443,7.43732],[124.941978,7.43757],[124.940987,7.43743],[124.940407,7.43767],[124.939217,7.43733],[124.938187,7.43735],[124.936661,7.4376],[124.935066,7.43874],[124.934143,7.44006],[124.933746,7.44038],[124.934013,7.44137],[124.934059,7.44382],[124.933434,7.44638],[124.933189,7.44857],[124.933693,7.45013],[124.93396,7.45132],[124.933372,7.45383],[124.933197,7.45616],[124.932747,7.45729],[124.934227,7.45757],[124.934837,7.45762],[124.935753,7.4579],[124.938057,7.45814],[124.939857,7.4582],[124.942284,7.45842],[124.942993,7.45854],[124.943588,7.45882]]]]}},{"type":"Feature","properties":{"ID_0":177,"ISO":"PHL","NAME_0":"Philippines","ID_1":10013,"NAME_1":"Bukidnon","ID_2":1001302,"NAME_2":"Damulog","ID_3":1001302007,"NAME_3":"Lagandang","NL_NAME_3":null,"VARNAME_3":null,"TYPE_3":"Barangay","ENGTYPE_3":"Village","PROVINCE":"Bukidnon","REGION":"Region X (Northern Mindanao)","id":"barangay-1001302007","name":"Lagandang","barangayCode":"1001302007","population":null,"formattedPop":null,"densityCategory":"No data","vulnerabilityRating":"No data","healthRiskLevel":"No data","areaKm2":21.366688,"centerLat":7.447461,"centerLng":124.993672,"geometrySource":"all_barangay-2.csv detailed WKT","geometryMatchMethod":"unique_official_admin_names","boundaryPointCount":86},"geometry":{"type":"MultiPolygon","coordinates":[[[[124.978928,7.46058],[124.981293,7.46066],[124.98304,7.46055],[124.984161,7.46097],[124.985283,7.46089],[124.986298,7.46057],[124.987389,7.45992],[124.989212,7.45888],[124.99028,7.45774],[124.991821,7.45626],[124.993202,7.4552],[124.994179,7.45508],[124.995308,7.45577],[124.996819,7.45643],[124.998016,7.4566],[124.999809,7.45643],[125.001472,7.45635],[125.00264,7.45632],[125.004807,7.45592],[125.007248,7.45391],[125.009628,7.4523],[125.011047,7.45135],[125.013481,7.44982],[125.016197,7.4484],[125.019211,7.4472],[125.023407,7.44534],[125.026443,7.4439],[125.028282,7.44259],[125.029617,7.44181],[125.032463,7.4411],[125.034477,7.44127],[125.035507,7.44131],[125.06723,7.44401],[125.066261,7.43851],[125.066429,7.43558],[125.065376,7.43282],[125.064117,7.42956],[125.062798,7.42633],[125.062157,7.42457],[125.037086,7.42911],[125.035294,7.42933],[125.033829,7.42961],[125.032028,7.42971],[125.029442,7.42983],[125.028107,7.42998],[125.025932,7.43036],[125.025337,7.43038],[125.023109,7.43053],[125.021393,7.43075],[125.020348,7.43107],[125.018082,7.43152],[125.016579,7.43194],[125.013908,7.43238],[125.011681,7.43269],[125.009041,7.43281],[125.007401,7.43289],[125.005447,7.43323],[125.003883,7.4334],[125.002563,7.43373],[125.000458,7.43392],[124.998779,7.43409],[124.997017,7.43405],[124.994537,7.43368],[124.992653,7.43309],[124.990288,7.43227],[124.988998,7.43175],[124.988037,7.43131],[124.986618,7.43091],[124.98568,7.43074],[124.983627,7.43025],[124.982079,7.43035],[124.980659,7.43106],[124.980003,7.43135],[124.978127,7.43115],[124.977333,7.43103],[124.97599,7.43136],[124.974579,7.43157],[124.973938,7.43146],[124.973183,7.43133],[124.973999,7.44765],[124.975021,7.46022],[124.975632,7.46029],[124.976517,7.46027],[124.977814,7.45998],[124.978409,7.46014],[124.978928,7.46058]]]]}},{"type":"Feature","properties":{"ID_0":177,"ISO":"PHL","NAME_0":"Philippines","ID_1":10013,"NAME_1":"Bukidnon","ID_2":1001302,"NAME_2":"Damulog","ID_3":1001302008,"NAME_3":"Macapari","NL_NAME_3":null,"VARNAME_3":null,"TYPE_3":"Barangay","ENGTYPE_3":"Village","PROVINCE":"Bukidnon","REGION":"Region X (Northern Mindanao)","id":"barangay-1001302008","name":"Macapari","barangayCode":"1001302008","population":null,"formattedPop":null,"densityCategory":"No data","vulnerabilityRating":"No data","healthRiskLevel":"No data","areaKm2":10.04402,"centerLat":7.461805,"centerLng":124.895427,"geometrySource":"all_barangay-2.csv detailed WKT","geometryMatchMethod":"unique_official_admin_names","boundaryPointCount":73},"geometry":{"type":"MultiPolygon","coordinates":[[[[124.887878,7.47183],[124.889038,7.4714],[124.891113,7.47029],[124.891457,7.46971],[124.892387,7.46956],[124.894241,7.47045],[124.895287,7.4713],[124.896698,7.47189],[124.898293,7.47209],[124.899986,7.47225],[124.900848,7.47216],[124.902641,7.47236],[124.90493,7.47281],[124.906113,7.47308],[124.906799,7.47324],[124.908569,7.47353],[124.909271,7.47394],[124.909828,7.47417],[124.917351,7.46138],[124.916801,7.46067],[124.916649,7.45981],[124.916313,7.45763],[124.915817,7.4566],[124.913979,7.45471],[124.912567,7.45369],[124.911118,7.45299],[124.909416,7.45216],[124.907921,7.45186],[124.905128,7.45226],[124.901947,7.45285],[124.900467,7.45152],[124.898117,7.4517],[124.896332,7.45178],[124.895119,7.45059],[124.894432,7.45045],[124.893044,7.45012],[124.891853,7.4495],[124.890617,7.44847],[124.889832,7.44774],[124.889252,7.44693],[124.889061,7.44631],[124.888512,7.44671],[124.88707,7.44643],[124.886887,7.44611],[124.886452,7.44511],[124.885674,7.4451],[124.884506,7.44494],[124.882462,7.44353],[124.880341,7.44242],[124.879089,7.44208],[124.876923,7.44144],[124.874901,7.44134],[124.875,7.4431],[124.875092,7.44531],[124.875557,7.44724],[124.876381,7.45009],[124.877258,7.45161],[124.878242,7.45316],[124.878998,7.4555],[124.879883,7.45714],[124.879677,7.45815],[124.878387,7.46014],[124.878799,7.46153],[124.880234,7.46221],[124.880547,7.46365],[124.880592,7.46491],[124.881599,7.46734],[124.882874,7.46851],[124.883904,7.46945],[124.88501,7.47056],[124.8862,7.47238],[124.886902,7.47193],[124.887878,7.47183]]]]}},{"type":"Feature","properties":{"ID_0":177,"ISO":"PHL","NAME_0":"Philippines","ID_1":10013,"NAME_1":"Bukidnon","ID_2":1001302,"NAME_2":"Damulog","ID_3":1001302009,"NAME_3":"Maican","NL_NAME_3":null,"VARNAME_3":null,"TYPE_3":"Barangay","ENGTYPE_3":"Village","PROVINCE":"Bukidnon","REGION":"Region X (Northern Mindanao)","id":"barangay-1001302009","name":"Maican","barangayCode":"1001302009","population":null,"formattedPop":null,"densityCategory":"No data","vulnerabilityRating":"No data","healthRiskLevel":"No data","areaKm2":5.107922,"centerLat":7.484145,"centerLng":124.914769,"geometrySource":"all_barangay-2.csv detailed WKT","geometryMatchMethod":"unique_official_admin_names","boundaryPointCount":70},"geometry":{"type":"MultiPolygon","coordinates":[[[[124.931671,7.49418],[124.924553,7.47937],[124.923553,7.48053],[124.922028,7.4806],[124.920563,7.48029],[124.919594,7.47997],[124.918266,7.47896],[124.917122,7.47848],[124.916023,7.47832],[124.914581,7.47776],[124.913559,7.47678],[124.91246,7.47544],[124.911697,7.47478],[124.910606,7.47443],[124.909828,7.47417],[124.909271,7.47394],[124.908569,7.47353],[124.906799,7.47324],[124.906113,7.47308],[124.90493,7.47281],[124.902641,7.47236],[124.900848,7.47216],[124.899986,7.47225],[124.898293,7.47209],[124.896698,7.47189],[124.895287,7.4713],[124.894241,7.47045],[124.892387,7.46956],[124.891457,7.46971],[124.891113,7.47029],[124.889038,7.4714],[124.887878,7.47183],[124.889153,7.4737],[124.889977,7.47439],[124.890984,7.47417],[124.891747,7.47442],[124.892418,7.47543],[124.892776,7.47627],[124.893044,7.47687],[124.893333,7.47724],[124.894363,7.47743],[124.895508,7.47733],[124.896942,7.47773],[124.897438,7.47817],[124.898857,7.47964],[124.900497,7.48102],[124.901711,7.48178],[124.902557,7.48135],[124.903168,7.48183],[124.904457,7.48375],[124.905052,7.48523],[124.905602,7.48683],[124.906883,7.4883],[124.90802,7.48862],[124.910301,7.48745],[124.911049,7.48783],[124.913353,7.48889],[124.915222,7.48985],[124.916512,7.49053],[124.918587,7.49136],[124.920372,7.4917],[124.921631,7.49215],[124.923401,7.49293],[124.924919,7.49428],[124.926102,7.49513],[124.928169,7.4961],[124.92981,7.49712],[124.930771,7.49768],[124.931427,7.49828],[124.931671,7.49418]]]]}},{"type":"Feature","properties":{"ID_0":177,"ISO":"PHL","NAME_0":"Philippines","ID_1":10013,"NAME_1":"Bukidnon","ID_2":1001302,"NAME_2":"Damulog","ID_3":1001302010,"NAME_3":"Migcawayan","NL_NAME_3":null,"VARNAME_3":null,"TYPE_3":"Barangay","ENGTYPE_3":"Village","PROVINCE":"Bukidnon","REGION":"Region X (Northern Mindanao)","id":"barangay-1001302010","name":"Migcawayan","barangayCode":"1001302010","population":null,"formattedPop":null,"densityCategory":"No data","vulnerabilityRating":"No data","healthRiskLevel":"No data","areaKm2":18.110149,"centerLat":7.478347,"centerLng":125.004267,"geometrySource":"all_barangay-2.csv detailed WKT","geometryMatchMethod":"unique_official_admin_names","boundaryPointCount":56},"geometry":{"type":"MultiPolygon","coordinates":[[[[124.998558,7.5073],[125.005478,7.5005],[125.002258,7.47651],[125.005043,7.47468],[125.032387,7.4536],[125.034927,7.45281],[125.037483,7.45146],[125.039864,7.45083],[125.041298,7.45142],[125.041893,7.45136],[125.042213,7.45073],[125.067787,7.45176],[125.06723,7.44401],[125.035507,7.44131],[125.034477,7.44127],[125.032463,7.4411],[125.029617,7.44181],[125.028282,7.44259],[125.026443,7.4439],[125.023407,7.44534],[125.019211,7.4472],[125.016197,7.4484],[125.013481,7.44982],[125.011047,7.45135],[125.009628,7.4523],[125.007248,7.45391],[125.004807,7.45592],[125.00264,7.45632],[125.001472,7.45635],[124.999809,7.45643],[124.998016,7.4566],[124.996819,7.45643],[124.995308,7.45577],[124.994179,7.45508],[124.995064,7.45883],[124.995529,7.46226],[124.995529,7.46512],[124.995796,7.46926],[124.996109,7.47087],[124.996567,7.47412],[124.996651,7.47679],[124.996696,7.47982],[124.996323,7.48209],[124.996078,7.48324],[124.996353,7.48353],[124.997276,7.48548],[124.997757,7.48889],[124.99781,7.49112],[124.997726,7.49333],[124.997864,7.49504],[124.997887,7.49678],[124.997726,7.49925],[124.997429,7.50035],[124.996307,7.50191],[124.994873,7.50379],[124.998558,7.5073]]]]}},{"type":"Feature","properties":{"ID_0":177,"ISO":"PHL","NAME_0":"Philippines","ID_1":10013,"NAME_1":"Bukidnon","ID_2":1001302,"NAME_2":"Damulog","ID_3":1001302011,"NAME_3":"New Compostela","NL_NAME_3":null,"VARNAME_3":null,"TYPE_3":"Barangay","ENGTYPE_3":"Village","PROVINCE":"Bukidnon","REGION":"Region X (Northern Mindanao)","id":"barangay-1001302011","name":"New Compostela","barangayCode":"1001302011","population":null,"formattedPop":null,"densityCategory":"No data","vulnerabilityRating":"No data","healthRiskLevel":"No data","areaKm2":6.699851,"centerLat":7.503507,"centerLng":124.925755,"geometrySource":"all_barangay-2.csv detailed WKT","geometryMatchMethod":"unique_official_admin_names","boundaryPointCount":46},"geometry":{"type":"MultiPolygon","coordinates":[[[[124.926872,7.51757],[124.927254,7.51565],[124.927834,7.51384],[124.928612,7.51213],[124.929268,7.51059],[124.930557,7.50735],[124.931107,7.50623],[124.931328,7.50437],[124.931633,7.50136],[124.931633,7.4998],[124.931427,7.49828],[124.930771,7.49768],[124.92981,7.49712],[124.928169,7.4961],[124.926102,7.49513],[124.924919,7.49428],[124.923401,7.49293],[124.921631,7.49215],[124.920372,7.4917],[124.918587,7.49136],[124.916512,7.49053],[124.915222,7.48985],[124.913353,7.48889],[124.911049,7.48783],[124.910301,7.48745],[124.90802,7.48862],[124.909187,7.48893],[124.909866,7.48988],[124.910263,7.49125],[124.911163,7.49249],[124.912376,7.49362],[124.912666,7.49466],[124.913071,7.49673],[124.912712,7.49908],[124.912468,7.50067],[124.912682,7.50279],[124.915627,7.50376],[124.917633,7.50526],[124.918983,7.50632],[124.919884,7.50706],[124.920967,7.50846],[124.921898,7.51082],[124.922447,7.51233],[124.923569,7.51425],[124.924988,7.51581],[124.926872,7.51757]]]]}},{"type":"Feature","properties":{"ID_0":177,"ISO":"PHL","NAME_0":"Philippines","ID_1":10013,"NAME_1":"Bukidnon","ID_2":1001302,"NAME_2":"Damulog","ID_3":1001302013,"NAME_3":"Old Damulog","NL_NAME_3":null,"VARNAME_3":null,"TYPE_3":"Barangay","ENGTYPE_3":"Village","PROVINCE":"Bukidnon","REGION":"Region X (Northern Mindanao)","id":"barangay-1001302013","name":"Old Damulog","barangayCode":"1001302013","population":null,"formattedPop":null,"densityCategory":"No data","vulnerabilityRating":"No data","healthRiskLevel":"No data","areaKm2":9.688004,"centerLat":7.493978,"centerLng":124.963714,"geometrySource":"all_barangay-2.csv detailed WKT","geometryMatchMethod":"unique_official_admin_names","boundaryPointCount":22},"geometry":{"type":"MultiPolygon","coordinates":[[[[124.930557,7.50735],[124.982384,7.49265],[124.994873,7.50379],[124.996307,7.50191],[124.997429,7.50035],[124.997726,7.49925],[124.997887,7.49678],[124.997864,7.49504],[124.997726,7.49333],[124.99781,7.49112],[124.997757,7.48889],[124.997276,7.48548],[124.996353,7.48353],[124.981483,7.48483],[124.980476,7.47982],[124.931671,7.49418],[124.931427,7.49828],[124.931633,7.4998],[124.931633,7.50136],[124.931328,7.50437],[124.931107,7.50623],[124.930557,7.50735]]]]}},{"type":"Feature","properties":{"ID_0":177,"ISO":"PHL","NAME_0":"Philippines","ID_1":10013,"NAME_1":"Bukidnon","ID_2":1001302,"NAME_2":"Damulog","ID_3":1001302014,"NAME_3":"Omonay","NL_NAME_3":null,"VARNAME_3":null,"TYPE_3":"Barangay","ENGTYPE_3":"Village","PROVINCE":"Bukidnon","REGION":"Region X (Northern Mindanao)","id":"barangay-1001302014","name":"Omonay","barangayCode":"1001302014","population":null,"formattedPop":null,"densityCategory":"No data","vulnerabilityRating":"No data","healthRiskLevel":"No data","areaKm2":13.237503,"centerLat":7.433884,"centerLng":124.899056,"geometrySource":"all_barangay-2.csv detailed WKT","geometryMatchMethod":"unique_official_admin_names","boundaryPointCount":117},"geometry":{"type":"MultiPolygon","coordinates":[[[[124.895119,7.45059],[124.895264,7.45014],[124.895844,7.44949],[124.896759,7.44775],[124.89814,7.44588],[124.901321,7.44427],[124.901642,7.44363],[124.902496,7.44213],[124.904137,7.44068],[124.90667,7.44048],[124.908302,7.44087],[124.91188,7.4427],[124.913841,7.44414],[124.915237,7.4448],[124.917831,7.44428],[124.918716,7.44192],[124.920464,7.43867],[124.921677,7.43613],[124.923317,7.4338],[124.924828,7.43206],[124.923828,7.43181],[124.923431,7.43132],[124.922798,7.43051],[124.921967,7.42981],[124.9216,7.42938],[124.921494,7.42806],[124.921013,7.42697],[124.919807,7.42538],[124.91935,7.42498],[124.918617,7.42453],[124.917442,7.4238],[124.915947,7.423],[124.914963,7.42287],[124.913971,7.42265],[124.913269,7.42225],[124.91243,7.4218],[124.911903,7.42147],[124.910767,7.42101],[124.90863,7.42074],[124.907677,7.42048],[124.907303,7.42029],[124.906807,7.41955],[124.90612,7.41872],[124.905022,7.41884],[124.904732,7.41902],[124.903969,7.41877],[124.903442,7.41817],[124.902473,7.41766],[124.901611,7.417],[124.901154,7.41633],[124.90062,7.4154],[124.900162,7.41417],[124.899727,7.41361],[124.898483,7.41385],[124.898697,7.41493],[124.898262,7.41653],[124.89724,7.41618],[124.895592,7.41512],[124.894043,7.41454],[124.892632,7.41451],[124.891243,7.41548],[124.890503,7.41625],[124.889862,7.41665],[124.88884,7.41691],[124.887657,7.41715],[124.88604,7.41704],[124.884377,7.41702],[124.882988,7.41699],[124.881981,7.41648],[124.88018,7.41554],[124.880188,7.4157],[124.880058,7.41682],[124.87957,7.41803],[124.879112,7.41907],[124.879463,7.42088],[124.879753,7.42198],[124.880096,7.42294],[124.880699,7.42382],[124.880821,7.42449],[124.880386,7.42601],[124.880409,7.4275],[124.880463,7.42861],[124.879463,7.43123],[124.879013,7.43195],[124.878357,7.4326],[124.877747,7.43298],[124.876831,7.43293],[124.875717,7.43263],[124.874474,7.43266],[124.874046,7.43276],[124.873863,7.43307],[124.873596,7.43409],[124.874039,7.43502],[124.874977,7.43531],[124.875969,7.4357],[124.876282,7.43644],[124.875557,7.43816],[124.875221,7.43919],[124.874901,7.44134],[124.876923,7.44144],[124.879089,7.44208],[124.880341,7.44242],[124.882462,7.44353],[124.884506,7.44494],[124.885674,7.4451],[124.886452,7.44511],[124.886887,7.44611],[124.88707,7.44643],[124.888512,7.44671],[124.889061,7.44631],[124.889252,7.44693],[124.889832,7.44774],[124.890617,7.44847],[124.891853,7.4495],[124.893044,7.45012],[124.894432,7.45045],[124.895119,7.45059]]]]}},{"type":"Feature","properties":{"ID_0":177,"ISO":"PHL","NAME_0":"Philippines","ID_1":10013,"NAME_1":"Bukidnon","ID_2":1001302,"NAME_2":"Damulog","ID_3":1001302015,"NAME_3":"Poblacion","NL_NAME_3":null,"VARNAME_3":null,"TYPE_3":"Barangay","ENGTYPE_3":"Village","PROVINCE":"Bukidnon","REGION":"Region X (Northern Mindanao)","id":"barangay-1001302015","name":"Poblacion","barangayCode":"1001302015","population":null,"formattedPop":null,"densityCategory":"No data","vulnerabilityRating":"No data","healthRiskLevel":"No data","areaKm2":4.748938,"centerLat":7.483378,"centerLng":124.939597,"geometrySource":"all_barangay-2.csv detailed WKT","geometryMatchMethod":"unique_official_admin_names","boundaryPointCount":44},"geometry":{"type":"MultiPolygon","coordinates":[[[[124.980476,7.47982],[124.980148,7.47911],[124.979897,7.47896],[124.979103,7.47865],[124.978058,7.4786],[124.977028,7.47851],[124.975662,7.47874],[124.974968,7.47888],[124.973869,7.47889],[124.972572,7.47832],[124.970993,7.47742],[124.969719,7.47685],[124.968964,7.47709],[124.967407,7.47763],[124.965714,7.47807],[124.964561,7.47852],[124.963837,7.47978],[124.961037,7.48021],[124.959152,7.48009],[124.958656,7.47972],[124.957024,7.47856],[124.955017,7.47844],[124.95285,7.47847],[124.950462,7.47844],[124.949387,7.47803],[124.948311,7.4771],[124.947128,7.47632],[124.94593,7.47538],[124.943817,7.47141],[124.943466,7.47038],[124.942543,7.46947],[124.940941,7.4695],[124.938187,7.46965],[124.936111,7.47023],[124.934357,7.47098],[124.93232,7.4727],[124.93132,7.47425],[124.929962,7.47613],[124.92923,7.47704],[124.927887,7.4784],[124.92598,7.479],[124.924553,7.47937],[124.931671,7.49418],[124.980476,7.47982]]]]}},{"type":"Feature","properties":{"ID_0":177,"ISO":"PHL","NAME_0":"Philippines","ID_1":10013,"NAME_1":"Bukidnon","ID_2":1001302,"NAME_2":"Damulog","ID_3":1001302016,"NAME_3":"Pocopoco","NL_NAME_3":null,"VARNAME_3":null,"TYPE_3":"Barangay","ENGTYPE_3":"Village","PROVINCE":"Bukidnon","REGION":"Region X (Northern Mindanao)","id":"barangay-1001302016","name":"Pocopoco","barangayCode":"1001302016","population":null,"formattedPop":null,"densityCategory":"No data","vulnerabilityRating":"No data","healthRiskLevel":"No data","areaKm2":6.530794,"centerLat":7.468787,"centerLng":124.928895,"geometrySource":"all_barangay-2.csv detailed WKT","geometryMatchMethod":"unique_official_admin_names","boundaryPointCount":56},"geometry":{"type":"MultiPolygon","coordinates":[[[[124.924553,7.47937],[124.92598,7.479],[124.927887,7.4784],[124.92923,7.47704],[124.929962,7.47613],[124.93132,7.47425],[124.93232,7.4727],[124.934357,7.47098],[124.936111,7.47023],[124.938187,7.46965],[124.940941,7.4695],[124.942543,7.46947],[124.943466,7.47038],[124.943817,7.47141],[124.94593,7.47538],[124.947128,7.47632],[124.948311,7.4771],[124.949387,7.47803],[124.95211,7.46268],[124.951508,7.46222],[124.949661,7.46142],[124.947701,7.46023],[124.94706,7.45987],[124.946007,7.45941],[124.945152,7.45914],[124.943588,7.45882],[124.942993,7.45854],[124.942284,7.45842],[124.939857,7.4582],[124.938057,7.45814],[124.935753,7.4579],[124.934837,7.45762],[124.934227,7.45757],[124.932747,7.45729],[124.930962,7.45714],[124.928673,7.4572],[124.926903,7.45737],[124.924713,7.4594],[124.922127,7.46198],[124.919708,7.46269],[124.91861,7.46228],[124.917351,7.46138],[124.909828,7.47417],[124.910606,7.47443],[124.911697,7.47478],[124.91246,7.47544],[124.913559,7.47678],[124.914581,7.47776],[124.916023,7.47832],[124.917122,7.47848],[124.918266,7.47896],[124.919594,7.47997],[124.920563,7.48029],[124.922028,7.4806],[124.923553,7.48053],[124.924553,7.47937]]]]}},{"type":"Feature","properties":{"ID_0":177,"ISO":"PHL","NAME_0":"Philippines","ID_1":10013,"NAME_1":"Bukidnon","ID_2":1001302,"NAME_2":"Damulog","ID_3":1001302017,"NAME_3":"Sampagar","NL_NAME_3":null,"VARNAME_3":null,"TYPE_3":"Barangay","ENGTYPE_3":"Village","PROVINCE":"Bukidnon","REGION":"Region X (Northern Mindanao)","id":"barangay-1001302017","name":"Sampagar","barangayCode":"1001302017","population":null,"formattedPop":null,"densityCategory":"No data","vulnerabilityRating":"No data","healthRiskLevel":"No data","areaKm2":13.997688,"centerLat":7.514584,"centerLng":124.957975,"geometrySource":"all_barangay-2.csv detailed WKT","geometryMatchMethod":"unique_official_admin_names","boundaryPointCount":27},"geometry":{"type":"MultiPolygon","coordinates":[[[[124.933113,7.52571],[124.934769,7.52579],[124.935928,7.52536],[124.93705,7.52426],[124.937263,7.52395],[124.939987,7.52337],[124.941429,7.52255],[124.94371,7.52215],[124.945137,7.5218],[124.946663,7.52105],[124.948769,7.51922],[124.949806,7.51804],[124.951927,7.51628],[124.969261,7.50288],[124.982384,7.49265],[124.930557,7.50735],[124.929268,7.51059],[124.928612,7.51213],[124.927834,7.51384],[124.927254,7.51565],[124.926872,7.51757],[124.928032,7.51861],[124.929573,7.52053],[124.930351,7.5219],[124.931282,7.52388],[124.931999,7.52478],[124.933113,7.52571]]]]}},{"type":"Feature","properties":{"ID_0":177,"ISO":"PHL","NAME_0":"Philippines","ID_1":10013,"NAME_1":"Bukidnon","ID_2":1001302,"NAME_2":"Damulog","ID_3":1001302019,"NAME_3":"San Isidro","NL_NAME_3":null,"VARNAME_3":null,"TYPE_3":"Barangay","ENGTYPE_3":"Village","PROVINCE":"Bukidnon","REGION":"Region X (Northern Mindanao)","id":"barangay-1001302019","name":"San Isidro","barangayCode":"1001302019","population":null,"formattedPop":null,"densityCategory":"No data","vulnerabilityRating":"No data","healthRiskLevel":"No data","areaKm2":6.811959,"centerLat":7.449237,"centerLng":124.91938,"geometrySource":"all_barangay-2.csv detailed WKT","geometryMatchMethod":"unique_official_admin_names","boundaryPointCount":68},"geometry":{"type":"MultiPolygon","coordinates":[[[[124.932747,7.45729],[124.933197,7.45616],[124.933372,7.45383],[124.93396,7.45132],[124.933693,7.45013],[124.933189,7.44857],[124.933434,7.44638],[124.934059,7.44382],[124.934013,7.44137],[124.933746,7.44038],[124.933723,7.43751],[124.933952,7.43487],[124.934433,7.4332],[124.933357,7.431],[124.933243,7.43129],[124.931419,7.43098],[124.930107,7.4306],[124.929153,7.43034],[124.928619,7.43066],[124.928864,7.43181],[124.928757,7.43205],[124.927643,7.43168],[124.926659,7.43068],[124.925583,7.43055],[124.925262,7.431],[124.924828,7.43206],[124.923317,7.4338],[124.921677,7.43613],[124.920464,7.43867],[124.918716,7.44192],[124.917831,7.44428],[124.915237,7.4448],[124.913841,7.44414],[124.91188,7.4427],[124.908302,7.44087],[124.90667,7.44048],[124.904137,7.44068],[124.902496,7.44213],[124.901642,7.44363],[124.901321,7.44427],[124.89814,7.44588],[124.896759,7.44775],[124.895844,7.44949],[124.895264,7.45014],[124.895119,7.45059],[124.896332,7.45178],[124.898117,7.4517],[124.900467,7.45152],[124.901947,7.45285],[124.905128,7.45226],[124.907921,7.45186],[124.909416,7.45216],[124.911118,7.45299],[124.912567,7.45369],[124.913979,7.45471],[124.915817,7.4566],[124.916313,7.45763],[124.916649,7.45981],[124.916801,7.46067],[124.917351,7.46138],[124.91861,7.46228],[124.919708,7.46269],[124.922127,7.46198],[124.924713,7.4594],[124.926903,7.45737],[124.928673,7.4572],[124.930962,7.45714],[124.932747,7.45729]]]]}},{"type":"Feature","properties":{"ID_0":177,"ISO":"PHL","NAME_0":"Philippines","ID_1":10013,"NAME_1":"Bukidnon","ID_2":1001303,"NAME_2":"Dangcagan","ID_3":1001303001,"NAME_3":"Barongcot","NL_NAME_3":null,"VARNAME_3":null,"TYPE_3":"Barangay","ENGTYPE_3":"Village","PROVINCE":"Bukidnon","REGION":"Region X (Northern Mindanao)","id":"barangay-1001303001","name":"Barongcot","barangayCode":"1001303001","population":null,"formattedPop":null,"densityCategory":"No data","vulnerabilityRating":"No data","healthRiskLevel":"No data","areaKm2":5.863652,"centerLat":7.58224,"centerLng":125.004056,"geometrySource":"all_barangay-2.csv detailed WKT","geometryMatchMethod":"unique_official_admin_names","boundaryPointCount":21},"geometry":{"type":"MultiPolygon","coordinates":[[[[124.992043,7.59482],[125.011673,7.58625],[125.012337,7.58442],[125.011337,7.58],[125.007507,7.56765],[125.005943,7.56749],[125.003738,7.56704],[125.003258,7.56717],[125.00119,7.56901],[125.000229,7.57057],[125.000023,7.57138],[124.998711,7.57303],[124.99762,7.57436],[124.996063,7.57556],[124.994431,7.57669],[124.992859,7.57736],[124.99176,7.57701],[124.989899,7.57637],[124.988319,7.57644],[124.986649,7.57732],[124.992043,7.59482]]]]}},{"type":"Feature","properties":{"ID_0":177,"ISO":"PHL","NAME_0":"Philippines","ID_1":10013,"NAME_1":"Bukidnon","ID_2":1001303,"NAME_2":"Dangcagan","ID_3":1001303002,"NAME_3":"Bugwak","NL_NAME_3":null,"VARNAME_3":null,"TYPE_3":"Barangay","ENGTYPE_3":"Village","PROVINCE":"Bukidnon","REGION":"Region X (Northern Mindanao)","id":"barangay-1001303002","name":"Bugwak","barangayCode":"1001303002","population":null,"formattedPop":null,"densityCategory":"No data","vulnerabilityRating":"No data","healthRiskLevel":"No data","areaKm2":2.748849,"centerLat":7.60313,"centerLng":124.95677,"geometrySource":"all_barangay-2.csv detailed WKT","geometryMatchMethod":"unique_official_admin_names","boundaryPointCount":28},"geometry":{"type":"MultiPolygon","coordinates":[[[[124.974037,7.6088],[124.971947,7.60308],[124.969681,7.59762],[124.968788,7.59794],[124.967644,7.59692],[124.966591,7.59572],[124.964729,7.59435],[124.96434,7.5941],[124.962418,7.59326],[124.960823,7.59292],[124.960632,7.59287],[124.95842,7.59346],[124.956917,7.59436],[124.955238,7.59519],[124.954117,7.59569],[124.952606,7.59678],[124.951408,7.59689],[124.94928,7.59775],[124.946732,7.59977],[124.94558,7.60131],[124.94632,7.60318],[124.947853,7.60447],[124.94944,7.60651],[124.94931,7.60785],[124.950073,7.60855],[124.9515,7.60894],[124.952087,7.60957],[124.974037,7.6088]]]]}},{"type":"Feature","properties":{"ID_0":177,"ISO":"PHL","NAME_0":"Philippines","ID_1":10013,"NAME_1":"Bukidnon","ID_2":1001303,"NAME_2":"Dangcagan","ID_3":1001303003,"NAME_3":"Dolorosa","NL_NAME_3":null,"VARNAME_3":null,"TYPE_3":"Barangay","ENGTYPE_3":"Village","PROVINCE":"Bukidnon","REGION":"Region X (Northern Mindanao)","id":"barangay-1001303003","name":"Dolorosa","barangayCode":"1001303003","population":null,"formattedPop":null,"densityCategory":"No data","vulnerabilityRating":"No data","healthRiskLevel":"No data","areaKm2":5.57606,"centerLat":7.553887,"centerLng":125.052182,"geometrySource":"all_barangay-2.csv detailed WKT","geometryMatchMethod":"unique_official_admin_names","boundaryPointCount":40},"geometry":{"type":"MultiPolygon","coordinates":[[[[125.06517,7.57249],[125.065208,7.57],[125.065361,7.56581],[125.065353,7.56221],[125.06575,7.55833],[125.06588,7.55442],[125.064842,7.55137],[125.063744,7.54889],[125.063553,7.54691],[125.06501,7.54423],[125.065903,7.54361],[125.066452,7.54252],[125.065178,7.54096],[125.064232,7.54054],[125.061401,7.53996],[125.059669,7.53981],[125.058884,7.539],[125.057152,7.53792],[125.053757,7.53499],[125.053009,7.53337],[125.051933,7.52948],[125.049408,7.53354],[125.04554,7.53668],[125.043777,7.53806],[125.040642,7.54133],[125.037537,7.54313],[125.03495,7.54556],[125.031464,7.54899],[125.029472,7.55123],[125.028313,7.55212],[125.031387,7.56798],[125.040398,7.57114],[125.044853,7.57179],[125.048203,7.57203],[125.049812,7.57253],[125.061607,7.57947],[125.062531,7.57811],[125.063881,7.57623],[125.064857,7.57425],[125.06517,7.57249]]]]}},{"type":"Feature","properties":{"ID_0":177,"ISO":"PHL","NAME_0":"Philippines","ID_1":10013,"NAME_1":"Bukidnon","ID_2":1001303,"NAME_2":"Dangcagan","ID_3":1001303004,"NAME_3":"Kapalaran","NL_NAME_3":null,"VARNAME_3":null,"TYPE_3":"Barangay","ENGTYPE_3":"Village","PROVINCE":"Bukidnon","REGION":"Region X (Northern Mindanao)","id":"barangay-1001303004","name":"Kapalaran","barangayCode":"1001303004","population":null,"formattedPop":null,"densityCategory":"No data","vulnerabilityRating":"No data","healthRiskLevel":"No data","areaKm2":9.462827,"centerLat":7.621836,"centerLng":124.960624,"geometrySource":"all_barangay-2.csv detailed WKT","geometryMatchMethod":"unique_official_admin_names","boundaryPointCount":52},"geometry":{"type":"MultiPolygon","coordinates":[[[[124.962692,7.63358],[124.962891,7.63289],[124.962967,7.63224],[124.963211,7.63029],[124.963242,7.62952],[124.964211,7.62843],[124.965469,7.62792],[124.966309,7.62748],[124.967392,7.62671],[124.968391,7.62664],[124.969711,7.62697],[124.971283,7.62684],[124.973152,7.62661],[124.975128,7.62591],[124.975967,7.62517],[124.975647,7.61155],[124.974037,7.6088],[124.952087,7.60957],[124.952171,7.60991],[124.951874,7.611],[124.951241,7.6129],[124.950401,7.61475],[124.949692,7.61538],[124.948479,7.61681],[124.948387,7.61906],[124.947327,7.62078],[124.945503,7.62168],[124.942833,7.62302],[124.942047,7.62448],[124.94239,7.6264],[124.942612,7.627],[124.943161,7.62744],[124.943161,7.62793],[124.943253,7.62874],[124.943802,7.62937],[124.944931,7.62947],[124.945953,7.6297],[124.946823,7.63085],[124.947693,7.63201],[124.948723,7.63341],[124.949623,7.6342],[124.949982,7.63446],[124.950928,7.63511],[124.951736,7.63528],[124.952927,7.6353],[124.953697,7.63547],[124.955719,7.63546],[124.956444,7.63517],[124.958893,7.63418],[124.960197,7.63382],[124.9618,7.63388],[124.962692,7.63358]]]]}},{"type":"Feature","properties":{"ID_0":177,"ISO":"PHL","NAME_0":"Philippines","ID_1":10013,"NAME_1":"Bukidnon","ID_2":1001303,"NAME_2":"Dangcagan","ID_3":1001303005,"NAME_3":"Kianggat","NL_NAME_3":null,"VARNAME_3":null,"TYPE_3":"Barangay","ENGTYPE_3":"Village","PROVINCE":"Bukidnon","REGION":"Region X (Northern Mindanao)","id":"barangay-1001303005","name":"Kianggat","barangayCode":"1001303005","population":null,"formattedPop":null,"densityCategory":"No data","vulnerabilityRating":"No data","healthRiskLevel":"No data","areaKm2":6.719411,"centerLat":7.604355,"centerLng":125.035819,"geometrySource":"all_barangay-2.csv detailed WKT","geometryMatchMethod":"unique_official_admin_names","boundaryPointCount":6},"geometry":{"type":"MultiPolygon","coordinates":[[[[125.016502,7.60481],[125.03714,7.60321],[125.034752,7.58673],[125.017708,7.58854],[125.014107,7.59228],[125.016502,7.60481]]]]}},{"type":"Feature","properties":{"ID_0":177,"ISO":"PHL","NAME_0":"Philippines","ID_1":10013,"NAME_1":"Bukidnon","ID_2":1001303,"NAME_2":"Dangcagan","ID_3":1001303006,"NAME_3":"Lourdes","NL_NAME_3":null,"VARNAME_3":null,"TYPE_3":"Barangay","ENGTYPE_3":"Village","PROVINCE":"Bukidnon","REGION":"Region X (Northern Mindanao)","id":"barangay-1001303006","name":"Lourdes","barangayCode":"1001303006","population":null,"formattedPop":null,"densityCategory":"No data","vulnerabilityRating":"No data","healthRiskLevel":"No data","areaKm2":2.232615,"centerLat":7.620763,"centerLng":125.007491,"geometrySource":"all_barangay-2.csv detailed WKT","geometryMatchMethod":"unique_official_admin_names","boundaryPointCount":6},"geometry":{"type":"MultiPolygon","coordinates":[[[[125.01445,7.61515],[125.013283,7.6068],[124.994614,7.60901],[124.996964,7.61879],[125.000237,7.61831],[125.01445,7.61515]]]]}},{"type":"Feature","properties":{"ID_0":177,"ISO":"PHL","NAME_0":"Philippines","ID_1":10013,"NAME_1":"Bukidnon","ID_2":1001303,"NAME_2":"Dangcagan","ID_3":1001303007,"NAME_3":"Macarthur","NL_NAME_3":null,"VARNAME_3":null,"TYPE_3":"Barangay","ENGTYPE_3":"Village","PROVINCE":"Bukidnon","REGION":"Region X (Northern Mindanao)","id":"barangay-1001303007","name":"Macarthur","barangayCode":"1001303007","population":null,"formattedPop":null,"densityCategory":"No data","vulnerabilityRating":"No data","healthRiskLevel":"No data","areaKm2":2.486675,"centerLat":7.617275,"centerLng":125.0418,"geometrySource":"all_barangay-2.csv detailed WKT","geometryMatchMethod":"unique_official_admin_names","boundaryPointCount":7},"geometry":{"type":"MultiPolygon","coordinates":[[[[125.02774,7.61412],[125.037697,7.61077],[125.03714,7.60321],[125.016502,7.60481],[125.013283,7.6068],[125.01445,7.61515],[125.02774,7.61412]]]]}},{"type":"Feature","properties":{"ID_0":177,"ISO":"PHL","NAME_0":"Philippines","ID_1":10013,"NAME_1":"Bukidnon","ID_2":1001303,"NAME_2":"Dangcagan","ID_3":1001303008,"NAME_3":"Miaray","NL_NAME_3":null,"VARNAME_3":null,"TYPE_3":"Barangay","ENGTYPE_3":"Village","PROVINCE":"Bukidnon","REGION":"Region X (Northern Mindanao)","id":"barangay-1001303008","name":"Miaray","barangayCode":"1001303008","population":null,"formattedPop":null,"densityCategory":"No data","vulnerabilityRating":"No data","healthRiskLevel":"No data","areaKm2":11.590693,"centerLat":7.578982,"centerLng":125.042419,"geometrySource":"all_barangay-2.csv detailed WKT","geometryMatchMethod":"unique_official_admin_names","boundaryPointCount":19},"geometry":{"type":"MultiPolygon","coordinates":[[[[125.059082,7.59177],[125.059959,7.58965],[125.060951,7.5868],[125.061234,7.58487],[125.060997,7.58277],[125.061607,7.57947],[125.049812,7.57253],[125.048203,7.57203],[125.044853,7.57179],[125.040398,7.57114],[125.031387,7.56798],[125.011337,7.58],[125.012337,7.58442],[125.011673,7.58625],[125.014107,7.59228],[125.017708,7.58854],[125.034752,7.58673],[125.042213,7.58695],[125.059082,7.59177]]]]}},{"type":"Feature","properties":{"ID_0":177,"ISO":"PHL","NAME_0":"Philippines","ID_1":10013,"NAME_1":"Bukidnon","ID_2":1001303,"NAME_2":"Dangcagan","ID_3":1001303009,"NAME_3":"Migcuya","NL_NAME_3":null,"VARNAME_3":null,"TYPE_3":"Barangay","ENGTYPE_3":"Village","PROVINCE":"Bukidnon","REGION":"Region X (Northern Mindanao)","id":"barangay-1001303009","name":"Migcuya","barangayCode":"1001303009","population":null,"formattedPop":null,"densityCategory":"No data","vulnerabilityRating":"No data","healthRiskLevel":"No data","areaKm2":2.898826,"centerLat":7.565776,"centerLng":125.029166,"geometrySource":"all_barangay-2.csv detailed WKT","geometryMatchMethod":"unique_official_admin_names","boundaryPointCount":14},"geometry":{"type":"MultiPolygon","coordinates":[[[[125.011337,7.58],[125.031387,7.56798],[125.028313,7.55212],[125.027283,7.5529],[125.024834,7.55491],[125.022453,7.55723],[125.020477,7.55917],[125.018318,7.56203],[125.016777,7.56368],[125.015404,7.56488],[125.012947,7.56609],[125.008553,7.56742],[125.007507,7.56765],[125.011337,7.58]]]]}},{"type":"Feature","properties":{"ID_0":177,"ISO":"PHL","NAME_0":"Philippines","ID_1":10013,"NAME_1":"Bukidnon","ID_2":1001303,"NAME_2":"Dangcagan","ID_3":1001303010,"NAME_3":"New Visayas","NL_NAME_3":null,"VARNAME_3":null,"TYPE_3":"Barangay","ENGTYPE_3":"Village","PROVINCE":"Bukidnon","REGION":"Region X (Northern Mindanao)","id":"barangay-1001303010","name":"New Visayas","barangayCode":"1001303010","population":null,"formattedPop":null,"densityCategory":"No data","vulnerabilityRating":"No data","healthRiskLevel":"No data","areaKm2":3.74832,"centerLat":7.593215,"centerLng":124.980587,"geometrySource":"all_barangay-2.csv detailed WKT","geometryMatchMethod":"unique_official_admin_names","boundaryPointCount":21},"geometry":{"type":"MultiPolygon","coordinates":[[[[124.971947,7.60308],[124.977249,7.60288],[124.98616,7.59572],[124.992043,7.59482],[124.986649,7.57732],[124.985191,7.57698],[124.983772,7.57806],[124.982658,7.57897],[124.981247,7.57922],[124.980141,7.58108],[124.979263,7.58326],[124.976738,7.58548],[124.975418,7.58652],[124.974609,7.58878],[124.974388,7.59021],[124.973518,7.59285],[124.972382,7.59385],[124.971359,7.5947],[124.970497,7.5965],[124.969681,7.59762],[124.971947,7.60308]]]]}},{"type":"Feature","properties":{"ID_0":177,"ISO":"PHL","NAME_0":"Philippines","ID_1":10013,"NAME_1":"Bukidnon","ID_2":1001303,"NAME_2":"Dangcagan","ID_3":1001303011,"NAME_3":"Osmeña","NL_NAME_3":null,"VARNAME_3":"Osmena","TYPE_3":"Barangay","ENGTYPE_3":"Village","PROVINCE":"Bukidnon","REGION":"Region X (Northern Mindanao)","id":"barangay-1001303011","name":"Osmeña","barangayCode":"1001303011","population":null,"formattedPop":null,"densityCategory":"No data","vulnerabilityRating":"No data","healthRiskLevel":"No data","areaKm2":2.955134,"centerLat":7.618983,"centerLng":124.983578,"geometrySource":"all_barangay-2.csv detailed WKT","geometryMatchMethod":"unique_official_admin_names","boundaryPointCount":11},"geometry":{"type":"MultiPolygon","coordinates":[[[[124.975967,7.62517],[124.976601,7.62439],[124.978203,7.62331],[124.979462,7.62276],[124.980103,7.62205],[124.981506,7.62101],[124.987083,7.62064],[124.996964,7.61879],[124.994614,7.60901],[124.975647,7.61155],[124.975967,7.62517]]]]}},{"type":"Feature","properties":{"ID_0":177,"ISO":"PHL","NAME_0":"Philippines","ID_1":10013,"NAME_1":"Bukidnon","ID_2":1001303,"NAME_2":"Dangcagan","ID_3":1001303012,"NAME_3":"Poblacion","NL_NAME_3":null,"VARNAME_3":null,"TYPE_3":"Barangay","ENGTYPE_3":"Village","PROVINCE":"Bukidnon","REGION":"Region X (Northern Mindanao)","id":"barangay-1001303012","name":"Poblacion","barangayCode":"1001303012","population":null,"formattedPop":null,"densityCategory":"No data","vulnerabilityRating":"No data","healthRiskLevel":"No data","areaKm2":10.126041,"centerLat":7.602433,"centerLng":125.010157,"geometrySource":"all_barangay-2.csv detailed WKT","geometryMatchMethod":"unique_official_admin_names","boundaryPointCount":8},"geometry":{"type":"MultiPolygon","coordinates":[[[[125.013283,7.6068],[125.016502,7.60481],[125.014107,7.59228],[125.011673,7.58625],[124.992043,7.59482],[124.997276,7.60032],[124.994614,7.60901],[125.013283,7.6068]]]]}},{"type":"Feature","properties":{"ID_0":177,"ISO":"PHL","NAME_0":"Philippines","ID_1":10013,"NAME_1":"Bukidnon","ID_2":1001303,"NAME_2":"Dangcagan","ID_3":1001303013,"NAME_3":"Sagbayan","NL_NAME_3":null,"VARNAME_3":null,"TYPE_3":"Barangay","ENGTYPE_3":"Village","PROVINCE":"Bukidnon","REGION":"Region X (Northern Mindanao)","id":"barangay-1001303013","name":"Sagbayan","barangayCode":"1001303013","population":null,"formattedPop":null,"densityCategory":"No data","vulnerabilityRating":"No data","healthRiskLevel":"No data","areaKm2":3.812528,"centerLat":7.603614,"centerLng":124.987939,"geometrySource":"all_barangay-2.csv detailed WKT","geometryMatchMethod":"unique_official_admin_names","boundaryPointCount":9},"geometry":{"type":"MultiPolygon","coordinates":[[[[124.994614,7.60901],[124.997276,7.60032],[124.992043,7.59482],[124.98616,7.59572],[124.977249,7.60288],[124.971947,7.60308],[124.974037,7.6088],[124.975647,7.61155],[124.994614,7.60901]]]]}},{"type":"Feature","properties":{"ID_0":177,"ISO":"PHL","NAME_0":"Philippines","ID_1":10013,"NAME_1":"Bukidnon","ID_2":1001303,"NAME_2":"Dangcagan","ID_3":1001303014,"NAME_3":"San Vicente","NL_NAME_3":null,"VARNAME_3":null,"TYPE_3":"Barangay","ENGTYPE_3":"Village","PROVINCE":"Bukidnon","REGION":"Region X (Northern Mindanao)","id":"barangay-1001303014","name":"San Vicente","barangayCode":"1001303014","population":null,"formattedPop":null,"densityCategory":"No data","vulnerabilityRating":"No data","healthRiskLevel":"No data","areaKm2":3.08848,"centerLat":7.6035,"centerLng":125.055398,"geometrySource":"all_barangay-2.csv detailed WKT","geometryMatchMethod":"unique_official_admin_names","boundaryPointCount":20},"geometry":{"type":"MultiPolygon","coordinates":[[[[125.059052,7.60879],[125.05883,7.60841],[125.059097,7.60648],[125.060127,7.60547],[125.061737,7.60577],[125.063187,7.60549],[125.064911,7.60415],[125.066528,7.60157],[125.066887,7.60047],[125.065964,7.59929],[125.063622,7.59805],[125.061028,7.59683],[125.059563,7.59577],[125.058708,7.59425],[125.059082,7.59177],[125.042213,7.58695],[125.034752,7.58673],[125.03714,7.60321],[125.037697,7.61077],[125.059052,7.60879]]]]}},{"type":"Feature","properties":{"ID_0":177,"ISO":"PHL","NAME_0":"Philippines","ID_1":10013,"NAME_1":"Bukidnon","ID_2":1001304,"NAME_2":"Don Carlos","ID_3":1001304001,"NAME_3":"Cabadiangan","NL_NAME_3":null,"VARNAME_3":null,"TYPE_3":"Barangay","ENGTYPE_3":"Village","PROVINCE":"Bukidnon","REGION":"Region X (Northern Mindanao)","id":"barangay-1001304001","name":"Cabadiangan","barangayCode":"1001304001","population":null,"formattedPop":null,"densityCategory":"No data","vulnerabilityRating":"No data","healthRiskLevel":"No data","areaKm2":3.784391,"centerLat":7.667719,"centerLng":124.918833,"geometrySource":"all_barangay-2.csv detailed WKT","geometryMatchMethod":"unique_official_admin_names","boundaryPointCount":31},"geometry":{"type":"MultiPolygon","coordinates":[[[[124.920662,7.68365],[124.922333,7.68262],[124.922623,7.68237],[124.923729,7.68068],[124.924232,7.67904],[124.925011,7.67756],[124.926033,7.67656],[124.927254,7.67632],[124.929138,7.67501],[124.930397,7.67309],[124.931664,7.67205],[124.932083,7.67195],[124.934914,7.67078],[124.935387,7.67004],[124.937149,7.66896],[124.938759,7.66801],[124.937866,7.66617],[124.937843,7.66527],[124.937218,7.66291],[124.937073,7.66148],[124.93618,7.6596],[124.917343,7.65714],[124.917702,7.65881],[124.916656,7.66026],[124.91449,7.66336],[124.91378,7.66447],[124.912773,7.66613],[124.911957,7.66786],[124.911324,7.6691],[124.920708,7.68183],[124.920662,7.68365]]]]}},{"type":"Feature","properties":{"ID_0":177,"ISO":"PHL","NAME_0":"Philippines","ID_1":10013,"NAME_1":"Bukidnon","ID_2":1001304,"NAME_2":"Don Carlos","ID_3":1001304002,"NAME_3":"Bocboc","NL_NAME_3":null,"VARNAME_3":null,"TYPE_3":"Barangay","ENGTYPE_3":"Village","PROVINCE":"Bukidnon","REGION":"Region X (Northern Mindanao)","id":"barangay-1001304002","name":"Bocboc","barangayCode":"1001304002","population":null,"formattedPop":null,"densityCategory":"No data","vulnerabilityRating":"No data","healthRiskLevel":"No data","areaKm2":6.957045,"centerLat":7.639461,"centerLng":124.903315,"geometrySource":"all_barangay-2.csv detailed WKT","geometryMatchMethod":"unique_official_admin_names","boundaryPointCount":28},"geometry":{"type":"MultiPolygon","coordinates":[[[[124.906418,7.65821],[124.907097,7.65662],[124.90802,7.65616],[124.909126,7.65509],[124.911179,7.65384],[124.913017,7.65369],[124.914108,7.65422],[124.914917,7.65486],[124.915359,7.65526],[124.915573,7.65546],[124.914841,7.64563],[124.914917,7.64429],[124.915001,7.64243],[124.914909,7.64029],[124.915077,7.63761],[124.914803,7.63544],[124.914787,7.63169],[124.901741,7.63149],[124.901337,7.63571],[124.901314,7.63905],[124.901154,7.64352],[124.901512,7.64629],[124.902527,7.6485],[124.904137,7.65163],[124.904846,7.65326],[124.9049,7.65522],[124.90403,7.65702],[124.906418,7.65821]]]]}},{"type":"Feature","properties":{"ID_0":177,"ISO":"PHL","NAME_0":"Philippines","ID_1":10013,"NAME_1":"Bukidnon","ID_2":1001304,"NAME_2":"Don Carlos","ID_3":1001304003,"NAME_3":"Buyot","NL_NAME_3":null,"VARNAME_3":null,"TYPE_3":"Barangay","ENGTYPE_3":"Village","PROVINCE":"Bukidnon","REGION":"Region X (Northern Mindanao)","id":"barangay-1001304003","name":"Buyot","barangayCode":"1001304003","population":null,"formattedPop":null,"densityCategory":"No data","vulnerabilityRating":"No data","healthRiskLevel":"No data","areaKm2":8.559084,"centerLat":7.727139,"centerLng":124.864909,"geometrySource":"all_barangay-2.csv detailed WKT","geometryMatchMethod":"unique_official_admin_names","boundaryPointCount":53},"geometry":{"type":"MultiPolygon","coordinates":[[[[124.852654,7.79005],[124.855583,7.78748],[124.856117,7.78637],[124.857063,7.78477],[124.858383,7.78402],[124.85997,7.78371],[124.861069,7.78306],[124.861237,7.78229],[124.861282,7.78165],[124.861053,7.78013],[124.861488,7.77874],[124.862106,7.77835],[124.862793,7.77546],[124.863518,7.77349],[124.863983,7.77192],[124.864349,7.76982],[124.864891,7.76724],[124.865379,7.76546],[124.86615,7.7637],[124.866608,7.76183],[124.866493,7.75976],[124.867218,7.75818],[124.867607,7.75823],[124.867973,7.75723],[124.868477,7.75515],[124.868393,7.75389],[124.868607,7.752],[124.869797,7.75021],[124.870483,7.74915],[124.870667,7.74695],[124.870689,7.74497],[124.871033,7.7425],[124.871712,7.74072],[124.872879,7.73705],[124.873444,7.73456],[124.874077,7.73167],[124.87439,7.72989],[124.875267,7.72788],[124.876297,7.7255],[124.876602,7.72414],[124.877167,7.72217],[124.877693,7.72065],[124.878891,7.71806],[124.863403,7.71736],[124.851753,7.71633],[124.850487,7.72373],[124.851563,7.72865],[124.852676,7.74691],[124.852547,7.75635],[124.852631,7.76723],[124.852074,7.77232],[124.851669,7.77991],[124.852654,7.79005]]]]}},{"type":"Feature","properties":{"ID_0":177,"ISO":"PHL","NAME_0":"Philippines","ID_1":10013,"NAME_1":"Bukidnon","ID_2":1001304,"NAME_2":"Don Carlos","ID_3":1001304004,"NAME_3":"Calaocalao","NL_NAME_3":null,"VARNAME_3":null,"TYPE_3":"Barangay","ENGTYPE_3":"Village","PROVINCE":"Bukidnon","REGION":"Region X (Northern Mindanao)","id":"barangay-1001304004","name":"Calaocalao","barangayCode":"1001304004","population":null,"formattedPop":null,"densityCategory":"No data","vulnerabilityRating":"No data","healthRiskLevel":"No data","areaKm2":5.134146,"centerLat":7.688314,"centerLng":124.92692,"geometrySource":"all_barangay-2.csv detailed WKT","geometryMatchMethod":"unique_official_admin_names","boundaryPointCount":35},"geometry":{"type":"MultiPolygon","coordinates":[[[[124.943161,7.68384],[124.938759,7.66801],[124.937149,7.66896],[124.935387,7.67004],[124.934914,7.67078],[124.932083,7.67195],[124.931664,7.67205],[124.930397,7.67309],[124.929138,7.67501],[124.927254,7.67632],[124.926033,7.67656],[124.925011,7.67756],[124.924232,7.67904],[124.923729,7.68068],[124.922623,7.68237],[124.922333,7.68262],[124.920662,7.68365],[124.926018,7.71153],[124.935539,7.70689],[124.936752,7.70596],[124.938599,7.70507],[124.939392,7.70377],[124.939369,7.70106],[124.939072,7.69958],[124.93869,7.69745],[124.938744,7.69599],[124.939529,7.6941],[124.940392,7.69322],[124.941017,7.69114],[124.94104,7.69019],[124.941223,7.68925],[124.9412,7.68724],[124.941719,7.686],[124.941788,7.68503],[124.943161,7.68384]]]]}},{"type":"Feature","properties":{"ID_0":177,"ISO":"PHL","NAME_0":"Philippines","ID_1":10013,"NAME_1":"Bukidnon","ID_2":1001304,"NAME_2":"Don Carlos","ID_3":1001304005,"NAME_3":"Don Carlos Norte","NL_NAME_3":null,"VARNAME_3":null,"TYPE_3":"Barangay","ENGTYPE_3":"Village","PROVINCE":"Bukidnon","REGION":"Region X (Northern Mindanao)","id":"barangay-1001304005","name":"Don Carlos Norte","barangayCode":"1001304005","population":null,"formattedPop":null,"densityCategory":"No data","vulnerabilityRating":"No data","healthRiskLevel":"No data","areaKm2":2.120851,"centerLat":7.687099,"centerLng":124.994972,"geometrySource":"all_barangay-2.csv detailed WKT","geometryMatchMethod":"unique_official_admin_names","boundaryPointCount":29},"geometry":{"type":"MultiPolygon","coordinates":[[[[124.973732,7.70924],[124.97644,7.70879],[124.97905,7.70812],[124.980537,7.7073],[124.982384,7.70639],[124.983109,7.70616],[124.987053,7.70562],[124.988991,7.70503],[124.991173,7.70418],[124.993263,7.70371],[124.99604,7.7026],[124.996788,7.70214],[124.997887,7.70105],[124.999519,7.69986],[125.000519,7.69861],[125.001801,7.69602],[125.002434,7.69496],[125.003777,7.69297],[125.005547,7.6919],[125.007751,7.69149],[125.006638,7.69085],[125.004913,7.68931],[125.003777,7.68787],[125.002419,7.68554],[125.001663,7.68322],[125.001549,7.68094],[125.001633,7.67967],[124.969704,7.69479],[124.973732,7.70924]]]]}},{"type":"Feature","properties":{"ID_0":177,"ISO":"PHL","NAME_0":"Philippines","ID_1":10013,"NAME_1":"Bukidnon","ID_2":1001304,"NAME_2":"Don Carlos","ID_3":1001304006,"NAME_3":"Embayao","NL_NAME_3":null,"VARNAME_3":null,"TYPE_3":"Barangay","ENGTYPE_3":"Village","PROVINCE":"Bukidnon","REGION":"Region X (Northern Mindanao)","id":"barangay-1001304006","name":"Embayao","barangayCode":"1001304006","population":null,"formattedPop":null,"densityCategory":"No data","vulnerabilityRating":"No data","healthRiskLevel":"No data","areaKm2":5.677245,"centerLat":7.755511,"centerLng":124.88784,"geometrySource":"all_barangay-2.csv detailed WKT","geometryMatchMethod":"unique_official_admin_names","boundaryPointCount":23},"geometry":{"type":"MultiPolygon","coordinates":[[[[124.870697,7.77801],[124.871353,7.7781],[124.873077,7.77756],[124.873947,7.77759],[124.874763,7.77657],[124.875488,7.77509],[124.875687,7.77408],[124.875923,7.77331],[124.877541,7.77346],[124.878151,7.77355],[124.879677,7.77268],[124.880707,7.77104],[124.881668,7.76974],[124.882629,7.7695],[124.883003,7.76975],[124.883331,7.77],[124.893242,7.74121],[124.893791,7.74088],[124.894447,7.74044],[124.895271,7.73976],[124.896088,7.73838],[124.888062,7.72586],[124.870697,7.77801]]]]}},{"type":"Feature","properties":{"ID_0":177,"ISO":"PHL","NAME_0":"Philippines","ID_1":10013,"NAME_1":"Bukidnon","ID_2":1001304,"NAME_2":"Don Carlos","ID_3":1001304008,"NAME_3":"Kalubihon","NL_NAME_3":null,"VARNAME_3":null,"TYPE_3":"Barangay","ENGTYPE_3":"Village","PROVINCE":"Bukidnon","REGION":"Region X (Northern Mindanao)","id":"barangay-1001304008","name":"Kalubihon","barangayCode":"1001304008","population":null,"formattedPop":null,"densityCategory":"No data","vulnerabilityRating":"No data","healthRiskLevel":"No data","areaKm2":4.942622,"centerLat":7.664732,"centerLng":124.900738,"geometrySource":"all_barangay-2.csv detailed WKT","geometryMatchMethod":"unique_official_admin_names","boundaryPointCount":28},"geometry":{"type":"MultiPolygon","coordinates":[[[[124.906418,7.65821],[124.905182,7.66114],[124.904427,7.66398],[124.904114,7.66482],[124.905952,7.66775],[124.909088,7.66948],[124.909973,7.66934],[124.910477,7.66914],[124.911324,7.6691],[124.911957,7.66786],[124.912773,7.66613],[124.91378,7.66447],[124.91449,7.66336],[124.916656,7.66026],[124.917702,7.65881],[124.917343,7.65714],[124.917099,7.65689],[124.916267,7.65609],[124.915573,7.65546],[124.915359,7.65526],[124.914917,7.65486],[124.914108,7.65422],[124.913017,7.65369],[124.911179,7.65384],[124.909126,7.65509],[124.90802,7.65616],[124.907097,7.65662],[124.906418,7.65821]]]]}},{"type":"Feature","properties":{"ID_0":177,"ISO":"PHL","NAME_0":"Philippines","ID_1":10013,"NAME_1":"Bukidnon","ID_2":1001304,"NAME_2":"Don Carlos","ID_3":1001304009,"NAME_3":"Kasigkot","NL_NAME_3":null,"VARNAME_3":null,"TYPE_3":"Barangay","ENGTYPE_3":"Village","PROVINCE":"Bukidnon","REGION":"Region X (Northern Mindanao)","id":"barangay-1001304009","name":"Kasigkot","barangayCode":"1001304009","population":null,"formattedPop":null,"densityCategory":"No data","vulnerabilityRating":"No data","healthRiskLevel":"No data","areaKm2":6.615286,"centerLat":7.73515,"centerLng":124.89566,"geometrySource":"all_barangay-2.csv detailed WKT","geometryMatchMethod":"unique_official_admin_names","boundaryPointCount":29},"geometry":{"type":"MultiPolygon","coordinates":[[[[124.883331,7.77],[124.88443,7.77027],[124.886063,7.76889],[124.886559,7.76818],[124.887512,7.76674],[124.888863,7.76447],[124.88945,7.76327],[124.890518,7.76052],[124.890961,7.75934],[124.891907,7.75857],[124.893158,7.75775],[124.894279,7.75671],[124.894653,7.75608],[124.895798,7.75497],[124.89669,7.7539],[124.89724,7.75281],[124.897568,7.75244],[124.898697,7.75165],[124.898987,7.75144],[124.900162,7.74988],[124.900139,7.74926],[124.900459,7.74845],[124.901909,7.74683],[124.896088,7.73838],[124.895271,7.73976],[124.894447,7.74044],[124.893791,7.74088],[124.893242,7.74121],[124.883331,7.77]]]]}},{"type":"Feature","properties":{"ID_0":177,"ISO":"PHL","NAME_0":"Philippines","ID_1":10013,"NAME_1":"Bukidnon","ID_2":1001304,"NAME_2":"Don Carlos","ID_3":1001304010,"NAME_3":"Kawilihan","NL_NAME_3":null,"VARNAME_3":null,"TYPE_3":"Barangay","ENGTYPE_3":"Village","PROVINCE":"Bukidnon","REGION":"Region X (Northern Mindanao)","id":"barangay-1001304010","name":"Kawilihan","barangayCode":"1001304010","population":null,"formattedPop":null,"densityCategory":"No data","vulnerabilityRating":"No data","healthRiskLevel":"No data","areaKm2":6.936176,"centerLat":7.66004,"centerLng":124.85319,"geometrySource":"all_barangay-2.csv detailed WKT","geometryMatchMethod":"unique_official_admin_names","boundaryPointCount":60},"geometry":{"type":"MultiPolygon","coordinates":[[[[124.880363,7.68263],[124.880783,7.68051],[124.881287,7.67972],[124.88208,7.67925],[124.882187,7.67835],[124.882149,7.67731],[124.882988,7.67551],[124.883247,7.67438],[124.883591,7.67329],[124.883781,7.67235],[124.884018,7.67122],[124.884613,7.67057],[124.884949,7.66944],[124.885384,7.66785],[124.885078,7.66691],[124.88488,7.66512],[124.884613,7.66283],[124.884087,7.66033],[124.883926,7.65838],[124.88398,7.65548],[124.884354,7.65319],[124.884468,7.65132],[124.88562,7.64846],[124.885597,7.64634],[124.885986,7.64239],[124.88636,7.63888],[124.886581,7.63632],[124.886818,7.63314],[124.886833,7.63077],[124.865997,7.63072],[124.865677,7.63208],[124.865013,7.63349],[124.865128,7.63534],[124.864487,7.636],[124.863823,7.63752],[124.864571,7.63882],[124.865303,7.64041],[124.8647,7.64194],[124.864937,7.64304],[124.865089,7.6438],[124.86338,7.64654],[124.863052,7.64819],[124.863243,7.65108],[124.863426,7.6523],[124.863792,7.65341],[124.863113,7.65585],[124.862808,7.65618],[124.863632,7.65858],[124.863083,7.6604],[124.864014,7.66291],[124.863297,7.6642],[124.86232,7.66497],[124.862793,7.66643],[124.863182,7.66794],[124.863159,7.66863],[124.862541,7.67079],[124.861671,7.67167],[124.860451,7.67277],[124.859833,7.67326],[124.880363,7.68263]]]]}},{"type":"Feature","properties":{"ID_0":177,"ISO":"PHL","NAME_0":"Philippines","ID_1":10013,"NAME_1":"Bukidnon","ID_2":1001304,"NAME_2":"Don Carlos","ID_3":1001304011,"NAME_3":"Kiara","NL_NAME_3":null,"VARNAME_3":null,"TYPE_3":"Barangay","ENGTYPE_3":"Village","PROVINCE":"Bukidnon","REGION":"Region X (Northern Mindanao)","id":"barangay-1001304011","name":"Kiara","barangayCode":"1001304011","population":null,"formattedPop":null,"densityCategory":"No data","vulnerabilityRating":"No data","healthRiskLevel":"No data","areaKm2":11.790268,"centerLat":7.650092,"centerLng":124.87932,"geometrySource":"all_barangay-2.csv detailed WKT","geometryMatchMethod":"unique_official_admin_names","boundaryPointCount":41},"geometry":{"type":"MultiPolygon","coordinates":[[[[124.884949,7.66944],[124.899429,7.68444],[124.899918,7.68263],[124.899887,7.68008],[124.899757,7.67711],[124.899651,7.67347],[124.899559,7.67015],[124.899628,7.66722],[124.899879,7.66473],[124.900482,7.6624],[124.901604,7.65961],[124.90284,7.65768],[124.90358,7.6574],[124.90403,7.65702],[124.9049,7.65522],[124.904846,7.65326],[124.904137,7.65163],[124.902527,7.6485],[124.901512,7.64629],[124.901154,7.64352],[124.901314,7.63905],[124.901337,7.63571],[124.901741,7.63149],[124.898087,7.63127],[124.886833,7.63077],[124.886818,7.63314],[124.886581,7.63632],[124.88636,7.63888],[124.885986,7.64239],[124.885597,7.64634],[124.88562,7.64846],[124.884468,7.65132],[124.884354,7.65319],[124.88398,7.65548],[124.883926,7.65838],[124.884087,7.66033],[124.884613,7.66283],[124.88488,7.66512],[124.885078,7.66691],[124.885384,7.66785],[124.884949,7.66944]]]]}},{"type":"Feature","properties":{"ID_0":177,"ISO":"PHL","NAME_0":"Philippines","ID_1":10013,"NAME_1":"Bukidnon","ID_2":1001304,"NAME_2":"Don Carlos","ID_3":1001304012,"NAME_3":"Kibatang","NL_NAME_3":null,"VARNAME_3":null,"TYPE_3":"Barangay","ENGTYPE_3":"Village","PROVINCE":"Bukidnon","REGION":"Region X (Northern Mindanao)","id":"barangay-1001304012","name":"Kibatang","barangayCode":"1001304012","population":null,"formattedPop":null,"densityCategory":"No data","vulnerabilityRating":"No data","healthRiskLevel":"No data","areaKm2":8.661595,"centerLat":7.685113,"centerLng":125.037085,"geometrySource":"all_barangay-2.csv detailed WKT","geometryMatchMethod":"unique_official_admin_names","boundaryPointCount":38},"geometry":{"type":"MultiPolygon","coordinates":[[[[125.03466,7.6994],[125.035393,7.69911],[125.036034,7.69835],[125.037209,7.6983],[125.037437,7.69832],[125.038467,7.69833],[125.039589,7.69798],[125.040169,7.69758],[125.041893,7.69711],[125.043404,7.6972],[125.044518,7.69729],[125.045677,7.69737],[125.04644,7.69691],[125.046661,7.6955],[125.046623,7.69467],[125.046638,7.69219],[125.046867,7.69027],[125.047256,7.68741],[125.047699,7.68464],[125.048393,7.68262],[125.049454,7.68065],[125.049828,7.67869],[125.048477,7.677],[125.048241,7.67556],[125.04847,7.67431],[125.029068,7.67645],[125.029259,7.67755],[125.029327,7.6818],[125.029213,7.68362],[125.029129,7.68639],[125.029137,7.69007],[125.028961,7.69232],[125.028374,7.69517],[125.028618,7.69916],[125.029266,7.69868],[125.031258,7.69917],[125.033203,7.69961],[125.03466,7.6994]]]]}},{"type":"Feature","properties":{"ID_0":177,"ISO":"PHL","NAME_0":"Philippines","ID_1":10013,"NAME_1":"Bukidnon","ID_2":1001304,"NAME_2":"Don Carlos","ID_3":1001304013,"NAME_3":"Mahayahay","NL_NAME_3":null,"VARNAME_3":null,"TYPE_3":"Barangay","ENGTYPE_3":"Village","PROVINCE":"Bukidnon","REGION":"Region X (Northern Mindanao)","id":"barangay-1001304013","name":"Mahayahay","barangayCode":"1001304013","population":null,"formattedPop":null,"densityCategory":"No data","vulnerabilityRating":"No data","healthRiskLevel":"No data","areaKm2":9.591629,"centerLat":7.708026,"centerLng":124.850704,"geometrySource":"all_barangay-2.csv detailed WKT","geometryMatchMethod":"unique_official_admin_names","boundaryPointCount":24},"geometry":{"type":"MultiPolygon","coordinates":[[[[124.886772,7.72382],[124.895416,7.70933],[124.893829,7.70003],[124.87664,7.69354],[124.877113,7.69544],[124.876877,7.69826],[124.875847,7.70048],[124.874992,7.70175],[124.873848,7.70289],[124.87294,7.70393],[124.87072,7.70522],[124.870003,7.70532],[124.867943,7.70566],[124.86689,7.70551],[124.865883,7.70604],[124.865387,7.70651],[124.864838,7.7076],[124.863998,7.70972],[124.863724,7.71242],[124.863579,7.71519],[124.863419,7.7166],[124.863403,7.71736],[124.878891,7.71806],[124.886772,7.72382]]]]}},{"type":"Feature","properties":{"ID_0":177,"ISO":"PHL","NAME_0":"Philippines","ID_1":10013,"NAME_1":"Bukidnon","ID_2":1001304,"NAME_2":"Don Carlos","ID_3":1001304014,"NAME_3":"Manlamonay","NL_NAME_3":null,"VARNAME_3":null,"TYPE_3":"Barangay","ENGTYPE_3":"Village","PROVINCE":"Bukidnon","REGION":"Region X (Northern Mindanao)","id":"barangay-1001304014","name":"Manlamonay","barangayCode":"1001304014","population":null,"formattedPop":null,"densityCategory":"No data","vulnerabilityRating":"No data","healthRiskLevel":"No data","areaKm2":3.60209,"centerLat":7.670488,"centerLng":125.016691,"geometrySource":"all_barangay-2.csv detailed WKT","geometryMatchMethod":"unique_official_admin_names","boundaryPointCount":42},"geometry":{"type":"MultiPolygon","coordinates":[[[[125.029068,7.67645],[125.031242,7.65123],[125.028976,7.65137],[125.026787,7.65097],[125.024406,7.65083],[125.021027,7.65129],[125.018707,7.65178],[125.017593,7.65414],[125.017097,7.65415],[125.016663,7.65539],[125.01609,7.65687],[125.014503,7.65876],[125.013184,7.66016],[125.012047,7.66141],[125.010941,7.66264],[125.010094,7.66317],[125.010391,7.66317],[125.010696,7.66317],[125.011032,7.6636],[125.011322,7.66449],[125.011368,7.66522],[125.011513,7.66623],[125.01181,7.6673],[125.011864,7.66796],[125.011902,7.66847],[125.010674,7.66856],[125.010094,7.66825],[125.008629,7.66873],[125.006187,7.66983],[125.003967,7.67174],[125.003693,7.67257],[125.003143,7.6751],[125.003014,7.67605],[125.001633,7.67967],[125.003212,7.67917],[125.006897,7.67869],[125.012863,7.67788],[125.016037,7.67751],[125.019691,7.67741],[125.022079,7.67697],[125.026299,7.67639],[125.029068,7.67645]]]]}},{"type":"Feature","properties":{"ID_0":177,"ISO":"PHL","NAME_0":"Philippines","ID_1":10013,"NAME_1":"Bukidnon","ID_2":1001304,"NAME_2":"Don Carlos","ID_3":1001304015,"NAME_3":"Maraymaray","NL_NAME_3":null,"VARNAME_3":null,"TYPE_3":"Barangay","ENGTYPE_3":"Village","PROVINCE":"Bukidnon","REGION":"Region X (Northern Mindanao)","id":"barangay-1001304015","name":"Maraymaray","barangayCode":"1001304015","population":null,"formattedPop":null,"densityCategory":"No data","vulnerabilityRating":"No data","healthRiskLevel":"No data","areaKm2":24.312733,"centerLat":7.718412,"centerLng":124.939801,"geometrySource":"all_barangay-2.csv detailed WKT","geometryMatchMethod":"unique_official_admin_names","boundaryPointCount":57},"geometry":{"type":"MultiPolygon","coordinates":[[[[124.944923,7.73378],[124.964432,7.73073],[124.979279,7.72836],[124.973732,7.70924],[124.969704,7.69479],[124.966293,7.68167],[124.954552,7.67533],[124.953239,7.67548],[124.951752,7.67588],[124.951263,7.67639],[124.950119,7.67787],[124.948837,7.67956],[124.948418,7.68026],[124.94722,7.68107],[124.945236,7.68258],[124.943932,7.68338],[124.943161,7.68384],[124.941788,7.68503],[124.941719,7.686],[124.9412,7.68724],[124.941223,7.68925],[124.94104,7.69019],[124.941017,7.69114],[124.940392,7.69322],[124.939529,7.6941],[124.938744,7.69599],[124.93869,7.69745],[124.939072,7.69958],[124.939369,7.70106],[124.939392,7.70377],[124.938599,7.70507],[124.936752,7.70596],[124.935539,7.70689],[124.935944,7.70746],[124.935219,7.70959],[124.935013,7.71134],[124.934662,7.71312],[124.934402,7.71374],[124.933296,7.71508],[124.931374,7.71743],[124.931396,7.71872],[124.932167,7.71963],[124.932472,7.72009],[124.931717,7.72132],[124.930321,7.72294],[124.928757,7.72489],[124.9282,7.72669],[124.9282,7.72802],[124.928673,7.72963],[124.929466,7.73184],[124.929153,7.73382],[124.927788,7.73551],[124.925919,7.7367],[124.925873,7.7368],[124.925453,7.73774],[124.937759,7.73587],[124.944923,7.73378]]]]}},{"type":"Feature","properties":{"ID_0":177,"ISO":"PHL","NAME_0":"Philippines","ID_1":10013,"NAME_1":"Bukidnon","ID_2":1001304,"NAME_2":"Don Carlos","ID_3":1001304016,"NAME_3":"Mauswagon","NL_NAME_3":null,"VARNAME_3":null,"TYPE_3":"Barangay","ENGTYPE_3":"Village","PROVINCE":"Bukidnon","REGION":"Region X (Northern Mindanao)","id":"barangay-1001304016","name":"Mauswagon","barangayCode":"1001304016","population":null,"formattedPop":null,"densityCategory":"No data","vulnerabilityRating":"No data","healthRiskLevel":"No data","areaKm2":4.794382,"centerLat":7.679954,"centerLng":124.84038,"geometrySource":"all_barangay-2.csv detailed WKT","geometryMatchMethod":"unique_official_admin_names","boundaryPointCount":39},"geometry":{"type":"MultiPolygon","coordinates":[[[[124.863403,7.71736],[124.863419,7.7166],[124.863579,7.71519],[124.863724,7.71242],[124.863998,7.70972],[124.864838,7.7076],[124.865387,7.70651],[124.865883,7.70604],[124.86689,7.70551],[124.867943,7.70566],[124.870003,7.70532],[124.87072,7.70522],[124.87294,7.70393],[124.873848,7.70289],[124.874992,7.70175],[124.875847,7.70048],[124.876877,7.69826],[124.877113,7.69544],[124.87664,7.69354],[124.87709,7.69199],[124.877769,7.69145],[124.878036,7.68977],[124.8787,7.68806],[124.878906,7.68656],[124.879601,7.68441],[124.880234,7.68325],[124.880363,7.68263],[124.859833,7.67326],[124.857948,7.67369],[124.858467,7.67504],[124.858627,7.67557],[124.857307,7.67815],[124.857307,7.67982],[124.855377,7.68998],[124.852463,7.70125],[124.851883,7.70445],[124.851601,7.71273],[124.851753,7.71633],[124.863403,7.71736]]]]}},{"type":"Feature","properties":{"ID_0":177,"ISO":"PHL","NAME_0":"Philippines","ID_1":10013,"NAME_1":"Bukidnon","ID_2":1001304,"NAME_2":"Don Carlos","ID_3":1001304017,"NAME_3":"Minsalagan","NL_NAME_3":null,"VARNAME_3":null,"TYPE_3":"Barangay","ENGTYPE_3":"Village","PROVINCE":"Bukidnon","REGION":"Region X (Northern Mindanao)","id":"barangay-1001304017","name":"Minsalagan","barangayCode":"1001304017","population":null,"formattedPop":null,"densityCategory":"No data","vulnerabilityRating":"No data","healthRiskLevel":"No data","areaKm2":6.290354,"centerLat":7.690043,"centerLng":125.01505,"geometrySource":"all_barangay-2.csv detailed WKT","geometryMatchMethod":"unique_official_admin_names","boundaryPointCount":47},"geometry":{"type":"MultiPolygon","coordinates":[[[[125.028618,7.69916],[125.028374,7.69517],[125.028961,7.69232],[125.029137,7.69007],[125.029129,7.68639],[125.029213,7.68362],[125.029327,7.6818],[125.029259,7.67755],[125.029068,7.67645],[125.026299,7.67639],[125.022079,7.67697],[125.019691,7.67741],[125.016037,7.67751],[125.012863,7.67788],[125.006897,7.67869],[125.003212,7.67917],[125.001633,7.67967],[125.001549,7.68094],[125.001663,7.68322],[125.002419,7.68554],[125.003777,7.68787],[125.004913,7.68931],[125.006638,7.69085],[125.007751,7.69149],[125.009338,7.69247],[125.009956,7.69292],[125.010742,7.69317],[125.012161,7.69417],[125.012398,7.69422],[125.013657,7.69476],[125.016296,7.69691],[125.0177,7.69611],[125.018608,7.69595],[125.019211,7.69606],[125.019493,7.69647],[125.019447,7.69808],[125.019638,7.69891],[125.02153,7.69933],[125.022179,7.69923],[125.024246,7.69864],[125.025436,7.69833],[125.026733,7.69844],[125.027077,7.69906],[125.027199,7.69984],[125.027618,7.70034],[125.028381,7.69967],[125.028618,7.69916]]]]}},{"type":"Feature","properties":{"ID_0":177,"ISO":"PHL","NAME_0":"Philippines","ID_1":10013,"NAME_1":"Bukidnon","ID_2":1001304,"NAME_2":"Don Carlos","ID_3":1001304018,"NAME_3":"New Nongnongan","NL_NAME_3":null,"VARNAME_3":null,"TYPE_3":"Barangay","ENGTYPE_3":"Village","PROVINCE":"Bukidnon","REGION":"Region X (Northern Mindanao)","id":"barangay-1001304018","name":"New Nongnongan","barangayCode":"1001304018","population":null,"formattedPop":null,"densityCategory":"No data","vulnerabilityRating":"No data","healthRiskLevel":"No data","areaKm2":8.21488,"centerLat":7.68676,"centerLng":124.899677,"geometrySource":"all_barangay-2.csv detailed WKT","geometryMatchMethod":"unique_official_admin_names","boundaryPointCount":41},"geometry":{"type":"MultiPolygon","coordinates":[[[[124.912109,7.70664],[124.912697,7.7052],[124.912949,7.7041],[124.913208,7.70158],[124.913712,7.69971],[124.914368,7.69706],[124.915138,7.69533],[124.915604,7.69465],[124.917633,7.69176],[124.918129,7.69069],[124.918831,7.68928],[124.918663,7.68871],[124.918556,7.6868],[124.918427,7.68509],[124.919991,7.68414],[124.920662,7.68365],[124.920708,7.68183],[124.911324,7.6691],[124.910477,7.66914],[124.909973,7.66934],[124.909088,7.66948],[124.905952,7.66775],[124.904114,7.66482],[124.904427,7.66398],[124.905182,7.66114],[124.906418,7.65821],[124.90403,7.65702],[124.90358,7.6574],[124.90284,7.65768],[124.901604,7.65961],[124.900482,7.6624],[124.899879,7.66473],[124.899628,7.66722],[124.899559,7.67015],[124.899651,7.67347],[124.899757,7.67711],[124.899887,7.68008],[124.899918,7.68263],[124.899429,7.68444],[124.899513,7.68453],[124.912109,7.70664]]]]}},{"type":"Feature","properties":{"ID_0":177,"ISO":"PHL","NAME_0":"Philippines","ID_1":10013,"NAME_1":"Bukidnon","ID_2":1001304,"NAME_2":"Don Carlos","ID_3":1001304019,"NAME_3":"New Visayas","NL_NAME_3":null,"VARNAME_3":null,"TYPE_3":"Barangay","ENGTYPE_3":"Village","PROVINCE":"Bukidnon","REGION":"Region X (Northern Mindanao)","id":"barangay-1001304019","name":"New Visayas","barangayCode":"1001304019","population":null,"formattedPop":null,"densityCategory":"No data","vulnerabilityRating":"No data","healthRiskLevel":"No data","areaKm2":4.605416,"centerLat":7.637521,"centerLng":124.927012,"geometrySource":"all_barangay-2.csv detailed WKT","geometryMatchMethod":"unique_official_admin_names","boundaryPointCount":25},"geometry":{"type":"MultiPolygon","coordinates":[[[[124.932487,7.64618],[124.932159,7.64525],[124.931267,7.64212],[124.930481,7.6398],[124.929604,7.63665],[124.928886,7.63363],[124.928383,7.63222],[124.916367,7.63151],[124.914787,7.63169],[124.914803,7.63544],[124.915077,7.63761],[124.914909,7.64029],[124.915001,7.64243],[124.914917,7.64429],[124.914841,7.64563],[124.917252,7.64584],[124.918373,7.64578],[124.920677,7.64611],[124.92215,7.64632],[124.924149,7.64615],[124.925308,7.64597],[124.927223,7.64608],[124.928307,7.64612],[124.930557,7.64654],[124.932487,7.64618]]]]}},{"type":"Feature","properties":{"ID_0":177,"ISO":"PHL","NAME_0":"Philippines","ID_1":10013,"NAME_1":"Bukidnon","ID_2":1001304,"NAME_2":"Don Carlos","ID_3":1001304020,"NAME_3":"Old Nongnongan","NL_NAME_3":null,"VARNAME_3":null,"TYPE_3":"Barangay","ENGTYPE_3":"Village","PROVINCE":"Bukidnon","REGION":"Region X (Northern Mindanao)","id":"barangay-1001304020","name":"Old Nongnongan","barangayCode":"1001304020","population":null,"formattedPop":null,"densityCategory":"No data","vulnerabilityRating":"No data","healthRiskLevel":"No data","areaKm2":9.371287,"centerLat":7.708724,"centerLng":124.908524,"geometrySource":"all_barangay-2.csv detailed WKT","geometryMatchMethod":"unique_official_admin_names","boundaryPointCount":54},"geometry":{"type":"MultiPolygon","coordinates":[[[[124.916512,7.7392],[124.925453,7.73774],[124.925873,7.7368],[124.925919,7.7367],[124.927788,7.73551],[124.929153,7.73382],[124.929466,7.73184],[124.928673,7.72963],[124.9282,7.72802],[124.9282,7.72669],[124.928757,7.72489],[124.930321,7.72294],[124.931717,7.72132],[124.932472,7.72009],[124.932167,7.71963],[124.931396,7.71872],[124.931374,7.71743],[124.933296,7.71508],[124.934402,7.71374],[124.934662,7.71312],[124.935013,7.71134],[124.935219,7.70959],[124.935944,7.70746],[124.935539,7.70689],[124.926018,7.71153],[124.920662,7.68365],[124.919991,7.68414],[124.918427,7.68509],[124.918556,7.6868],[124.918663,7.68871],[124.918831,7.68928],[124.918129,7.69069],[124.917633,7.69176],[124.915604,7.69465],[124.915138,7.69533],[124.914368,7.69706],[124.913712,7.69971],[124.913208,7.70158],[124.912949,7.7041],[124.912697,7.7052],[124.912109,7.70664],[124.91188,7.70821],[124.91188,7.71085],[124.912041,7.71249],[124.911903,7.7141],[124.910713,7.71573],[124.909554,7.71721],[124.90918,7.71864],[124.909439,7.72159],[124.909042,7.72435],[124.908669,7.72539],[124.907997,7.72646],[124.908043,7.72694],[124.916512,7.7392]]]]}},{"type":"Feature","properties":{"ID_0":177,"ISO":"PHL","NAME_0":"Philippines","ID_1":10013,"NAME_1":"Bukidnon","ID_2":1001304,"NAME_2":"Don Carlos","ID_3":1001304021,"NAME_3":"Pinamaloy","NL_NAME_3":null,"VARNAME_3":null,"TYPE_3":"Barangay","ENGTYPE_3":"Village","PROVINCE":"Bukidnon","REGION":"Region X (Northern Mindanao)","id":"barangay-1001304021","name":"Pinamaloy","barangayCode":"1001304021","population":null,"formattedPop":null,"densityCategory":"No data","vulnerabilityRating":"No data","healthRiskLevel":"No data","areaKm2":11.569585,"centerLat":7.660203,"centerLng":124.988561,"geometrySource":"all_barangay-2.csv detailed WKT","geometryMatchMethod":"unique_official_admin_names","boundaryPointCount":65},"geometry":{"type":"MultiPolygon","coordinates":[[[[124.995811,7.66258],[125.001846,7.66301],[125.003036,7.66312],[125.004356,7.66331],[125.008911,7.66341],[125.010094,7.66317],[125.010941,7.66264],[125.012047,7.66141],[125.013184,7.66016],[125.014503,7.65876],[125.01609,7.65687],[125.016663,7.65539],[125.017097,7.65415],[125.016006,7.65393],[125.014526,7.65345],[125.013344,7.65272],[125.010681,7.65137],[125.009171,7.65107],[125.007622,7.65166],[125.005722,7.65241],[125.004417,7.65309],[125.003036,7.65315],[125.002251,7.6529],[125.001694,7.65273],[125.000237,7.65227],[124.997787,7.65139],[124.997482,7.65137],[124.996788,7.65131],[124.994476,7.65123],[124.992416,7.65159],[124.990433,7.65218],[124.987808,7.65253],[124.98365,7.65295],[124.98114,7.65295],[124.979218,7.65312],[124.976822,7.6537],[124.975929,7.65378],[124.975182,7.65386],[124.973732,7.65372],[124.971817,7.65396],[124.970909,7.65442],[124.970497,7.65468],[124.969353,7.65568],[124.96843,7.65707],[124.968224,7.65896],[124.96949,7.65968],[124.971298,7.66126],[124.97287,7.66205],[124.973137,7.66216],[124.973427,7.66229],[124.974419,7.66263],[124.975014,7.66284],[124.976257,7.66285],[124.977173,7.66277],[124.978218,7.6627],[124.979797,7.6624],[124.982002,7.66236],[124.982986,7.66237],[124.983978,7.66237],[124.986069,7.6622],[124.986794,7.66211],[124.988907,7.66241],[124.991852,7.66245],[124.99366,7.66221],[124.995811,7.66258]]]]}},{"type":"Feature","properties":{"ID_0":177,"ISO":"PHL","NAME_0":"Philippines","ID_1":10013,"NAME_1":"Bukidnon","ID_2":1001304,"NAME_2":"Don Carlos","ID_3":1001304022,"NAME_3":"Don Carlos Sur","NL_NAME_3":null,"VARNAME_3":null,"TYPE_3":"Barangay","ENGTYPE_3":"Village","PROVINCE":"Bukidnon","REGION":"Region X (Northern Mindanao)","id":"barangay-1001304022","name":"Don Carlos Sur","barangayCode":"1001304022","population":null,"formattedPop":null,"densityCategory":"No data","vulnerabilityRating":"No data","healthRiskLevel":"No data","areaKm2":2.599122,"centerLat":7.676158,"centerLng":124.992898,"geometrySource":"all_barangay-2.csv detailed WKT","geometryMatchMethod":"unique_official_admin_names","boundaryPointCount":47},"geometry":{"type":"MultiPolygon","coordinates":[[[[124.969704,7.69479],[125.001633,7.67967],[125.003014,7.67605],[125.003143,7.6751],[125.003693,7.67257],[125.003967,7.67174],[125.006187,7.66983],[125.008629,7.66873],[125.010094,7.66825],[125.010674,7.66856],[125.011902,7.66847],[125.011864,7.66796],[125.01181,7.6673],[125.011513,7.66623],[125.011368,7.66522],[125.011322,7.66449],[125.011032,7.6636],[125.010696,7.66317],[125.010391,7.66317],[125.010094,7.66317],[125.008911,7.66341],[125.004356,7.66331],[125.003036,7.66312],[125.001846,7.66301],[124.995811,7.66258],[124.994957,7.66447],[124.994949,7.66468],[124.993446,7.66551],[124.992523,7.66625],[124.991226,7.66812],[124.990738,7.66887],[124.989594,7.6695],[124.988098,7.66973],[124.986816,7.66986],[124.985512,7.67033],[124.983063,7.67146],[124.981857,7.6726],[124.979897,7.67358],[124.978401,7.67397],[124.976883,7.67498],[124.975159,7.67662],[124.972954,7.67788],[124.971077,7.67887],[124.969887,7.67969],[124.967422,7.68057],[124.966293,7.68167],[124.969704,7.69479]]]]}},{"type":"Feature","properties":{"ID_0":177,"ISO":"PHL","NAME_0":"Philippines","ID_1":10013,"NAME_1":"Bukidnon","ID_2":1001304,"NAME_2":"Don Carlos","ID_3":1001304023,"NAME_3":"Pualas","NL_NAME_3":null,"VARNAME_3":null,"TYPE_3":"Barangay","ENGTYPE_3":"Village","PROVINCE":"Bukidnon","REGION":"Region X (Northern Mindanao)","id":"barangay-1001304023","name":"Pualas","barangayCode":"1001304023","population":null,"formattedPop":null,"densityCategory":"No data","vulnerabilityRating":"No data","healthRiskLevel":"No data","areaKm2":4.002349,"centerLat":7.720367,"centerLng":124.88565,"geometrySource":"all_barangay-2.csv detailed WKT","geometryMatchMethod":"unique_official_admin_names","boundaryPointCount":13},"geometry":{"type":"MultiPolygon","coordinates":[[[[124.904709,7.74123],[124.916512,7.7392],[124.908043,7.72694],[124.895416,7.70933],[124.886772,7.72382],[124.888062,7.72586],[124.896088,7.73838],[124.901909,7.74683],[124.902733,7.7459],[124.903481,7.74419],[124.903664,7.74356],[124.904083,7.74248],[124.904709,7.74123]]]]}},{"type":"Feature","properties":{"ID_0":177,"ISO":"PHL","NAME_0":"Philippines","ID_1":10013,"NAME_1":"Bukidnon","ID_2":1001304,"NAME_2":"Don Carlos","ID_3":1001304024,"NAME_3":"San Antonio East","NL_NAME_3":null,"VARNAME_3":null,"TYPE_3":"Barangay","ENGTYPE_3":"Village","PROVINCE":"Bukidnon","REGION":"Region X (Northern Mindanao)","id":"barangay-1001304024","name":"San Antonio East","barangayCode":"1001304024","population":null,"formattedPop":null,"densityCategory":"No data","vulnerabilityRating":"No data","healthRiskLevel":"No data","areaKm2":2.204619,"centerLat":7.667719,"centerLng":125.042126,"geometrySource":"all_barangay-2.csv detailed WKT","geometryMatchMethod":"unique_official_admin_names","boundaryPointCount":27},"geometry":{"type":"MultiPolygon","coordinates":[[[[125.029068,7.67645],[125.04847,7.67431],[125.049294,7.67224],[125.050468,7.67124],[125.051147,7.66954],[125.051399,7.66903],[125.05175,7.66817],[125.052498,7.66725],[125.052979,7.66592],[125.053146,7.66505],[125.053032,7.66312],[125.052147,7.66202],[125.051262,7.66098],[125.05072,7.65962],[125.05072,7.65828],[125.051163,7.65744],[125.052757,7.65618],[125.053642,7.65569],[125.054626,7.65523],[125.055519,7.65465],[125.055679,7.65366],[125.054283,7.65236],[125.054153,7.651],[125.054466,7.65033],[125.031357,7.65122],[125.031242,7.65123],[125.029068,7.67645]]]]}},{"type":"Feature","properties":{"ID_0":177,"ISO":"PHL","NAME_0":"Philippines","ID_1":10013,"NAME_1":"Bukidnon","ID_2":1001304,"NAME_2":"Don Carlos","ID_3":1001304025,"NAME_3":"San Antonio West","NL_NAME_3":null,"VARNAME_3":null,"TYPE_3":"Barangay","ENGTYPE_3":"Village","PROVINCE":"Bukidnon","REGION":"Region X (Northern Mindanao)","id":"barangay-1001304025","name":"San Antonio West","barangayCode":"1001304025","population":null,"formattedPop":null,"densityCategory":"No data","vulnerabilityRating":"No data","healthRiskLevel":"No data","areaKm2":11.097141,"centerLat":7.682776,"centerLng":124.864786,"geometrySource":"all_barangay-2.csv detailed WKT","geometryMatchMethod":"unique_official_admin_names","boundaryPointCount":32},"geometry":{"type":"MultiPolygon","coordinates":[[[[124.893829,7.70003],[124.894043,7.69948],[124.894432,7.69855],[124.894974,7.6971],[124.896317,7.69423],[124.897209,7.69178],[124.898193,7.68938],[124.898697,7.6867],[124.899513,7.68453],[124.899429,7.68444],[124.884949,7.66944],[124.884613,7.67057],[124.884018,7.67122],[124.883781,7.67235],[124.883591,7.67329],[124.883247,7.67438],[124.882988,7.67551],[124.882149,7.67731],[124.882187,7.67835],[124.88208,7.67925],[124.881287,7.67972],[124.880783,7.68051],[124.880363,7.68263],[124.880234,7.68325],[124.879601,7.68441],[124.878906,7.68656],[124.8787,7.68806],[124.878036,7.68977],[124.877769,7.69145],[124.87709,7.69199],[124.87664,7.69354],[124.893829,7.70003]]]]}},{"type":"Feature","properties":{"ID_0":177,"ISO":"PHL","NAME_0":"Philippines","ID_1":10013,"NAME_1":"Bukidnon","ID_2":1001304,"NAME_2":"Don Carlos","ID_3":1001304026,"NAME_3":"San Francisco","NL_NAME_3":null,"VARNAME_3":null,"TYPE_3":"Barangay","ENGTYPE_3":"Village","PROVINCE":"Bukidnon","REGION":"Region X (Northern Mindanao)","id":"barangay-1001304026","name":"San Francisco","barangayCode":"1001304026","population":null,"formattedPop":null,"densityCategory":"No data","vulnerabilityRating":"No data","healthRiskLevel":"No data","areaKm2":3.08103,"centerLat":7.65178,"centerLng":124.922576,"geometrySource":"all_barangay-2.csv detailed WKT","geometryMatchMethod":"unique_official_admin_names","boundaryPointCount":24},"geometry":{"type":"MultiPolygon","coordinates":[[[[124.93618,7.6596],[124.93541,7.65829],[124.935371,7.65767],[124.935509,7.65629],[124.935066,7.65324],[124.934189,7.65039],[124.933411,7.64885],[124.932663,7.6468],[124.932487,7.64618],[124.930557,7.64654],[124.928307,7.64612],[124.927223,7.64608],[124.925308,7.64597],[124.924149,7.64615],[124.92215,7.64632],[124.920677,7.64611],[124.918373,7.64578],[124.917252,7.64584],[124.914841,7.64563],[124.915573,7.65546],[124.916267,7.65609],[124.917099,7.65689],[124.917343,7.65714],[124.93618,7.6596]]]]}},{"type":"Feature","properties":{"ID_0":177,"ISO":"PHL","NAME_0":"Philippines","ID_1":10013,"NAME_1":"Bukidnon","ID_2":1001304,"NAME_2":"Don Carlos","ID_3":1001304027,"NAME_3":"San Nicolas","NL_NAME_3":null,"VARNAME_3":null,"TYPE_3":"Barangay","ENGTYPE_3":"Village","PROVINCE":"Bukidnon","REGION":"Region X (Northern Mindanao)","id":"barangay-1001304027","name":"San Nicolas","barangayCode":"1001304027","population":null,"formattedPop":null,"densityCategory":"No data","vulnerabilityRating":"No data","healthRiskLevel":"No data","areaKm2":12.825236,"centerLat":7.684915,"centerLng":124.967587,"geometrySource":"all_barangay-2.csv detailed WKT","geometryMatchMethod":"unique_official_admin_names","boundaryPointCount":67},"geometry":{"type":"MultiPolygon","coordinates":[[[[124.966293,7.68167],[124.967422,7.68057],[124.969887,7.67969],[124.971077,7.67887],[124.972954,7.67788],[124.975159,7.67662],[124.976883,7.67498],[124.978401,7.67397],[124.979897,7.67358],[124.981857,7.6726],[124.983063,7.67146],[124.985512,7.67033],[124.986816,7.66986],[124.988098,7.66973],[124.989594,7.6695],[124.990738,7.66887],[124.991226,7.66812],[124.992523,7.66625],[124.993446,7.66551],[124.994949,7.66468],[124.994957,7.66447],[124.995811,7.66258],[124.99366,7.66221],[124.991852,7.66245],[124.988907,7.66241],[124.986794,7.66211],[124.986069,7.6622],[124.983978,7.66237],[124.982986,7.66237],[124.982002,7.66236],[124.979797,7.6624],[124.978218,7.6627],[124.977173,7.66277],[124.976257,7.66285],[124.975014,7.66284],[124.974419,7.66263],[124.973427,7.66229],[124.973137,7.66216],[124.97287,7.66205],[124.971298,7.66126],[124.96949,7.65968],[124.968224,7.65896],[124.96804,7.66056],[124.967567,7.66201],[124.967484,7.66238],[124.966103,7.66292],[124.964981,7.66314],[124.964378,7.66339],[124.963562,7.66351],[124.962372,7.66364],[124.961578,7.66376],[124.960426,7.66386],[124.959503,7.66414],[124.958794,7.66459],[124.957733,7.66529],[124.957298,7.66607],[124.957733,7.6669],[124.958939,7.66751],[124.958382,7.66874],[124.957451,7.67003],[124.955917,7.67078],[124.954933,7.67136],[124.954079,7.6725],[124.954353,7.67367],[124.954933,7.67486],[124.954552,7.67533],[124.966293,7.68167]]]]}},{"type":"Feature","properties":{"ID_0":177,"ISO":"PHL","NAME_0":"Philippines","ID_1":10013,"NAME_1":"Bukidnon","ID_2":1001304,"NAME_2":"Don Carlos","ID_3":1001304028,"NAME_3":"San Roque","NL_NAME_3":null,"VARNAME_3":null,"TYPE_3":"Barangay","ENGTYPE_3":"Village","PROVINCE":"Bukidnon","REGION":"Region X (Northern Mindanao)","id":"barangay-1001304028","name":"San Roque","barangayCode":"1001304028","population":null,"formattedPop":null,"densityCategory":"No data","vulnerabilityRating":"No data","healthRiskLevel":"No data","areaKm2":6.668494,"centerLat":7.751207,"centerLng":124.86807,"geometrySource":"all_barangay-2.csv detailed WKT","geometryMatchMethod":"unique_official_admin_names","boundaryPointCount":42},"geometry":{"type":"MultiPolygon","coordinates":[[[[124.862106,7.77835],[124.8638,7.77773],[124.864662,7.7774],[124.866074,7.7767],[124.867767,7.77716],[124.868591,7.77766],[124.869957,7.77807],[124.870697,7.77801],[124.888062,7.72586],[124.886772,7.72382],[124.878891,7.71806],[124.877693,7.72065],[124.877167,7.72217],[124.876602,7.72414],[124.876297,7.7255],[124.875267,7.72788],[124.87439,7.72989],[124.874077,7.73167],[124.873444,7.73456],[124.872879,7.73705],[124.871712,7.74072],[124.871033,7.7425],[124.870689,7.74497],[124.870667,7.74695],[124.870483,7.74915],[124.869797,7.75021],[124.868607,7.752],[124.868393,7.75389],[124.868477,7.75515],[124.867973,7.75723],[124.867607,7.75823],[124.867218,7.75818],[124.866493,7.75976],[124.866608,7.76183],[124.86615,7.7637],[124.865379,7.76546],[124.864891,7.76724],[124.864349,7.76982],[124.863983,7.77192],[124.863518,7.77349],[124.862793,7.77546],[124.862106,7.77835]]]]}},{"type":"Feature","properties":{"ID_0":177,"ISO":"PHL","NAME_0":"Philippines","ID_1":10013,"NAME_1":"Bukidnon","ID_2":1001304,"NAME_2":"Don Carlos","ID_3":1001304029,"NAME_3":"Sinangguyan","NL_NAME_3":null,"VARNAME_3":null,"TYPE_3":"Barangay","ENGTYPE_3":"Village","PROVINCE":"Bukidnon","REGION":"Region X (Northern Mindanao)","id":"barangay-1001304029","name":"Sinangguyan","barangayCode":"1001304029","population":null,"formattedPop":null,"densityCategory":"No data","vulnerabilityRating":"No data","healthRiskLevel":"No data","areaKm2":15.294644,"centerLat":7.710637,"centerLng":124.986378,"geometrySource":"all_barangay-2.csv detailed WKT","geometryMatchMethod":"unique_official_admin_names","boundaryPointCount":59},"geometry":{"type":"MultiPolygon","coordinates":[[[[124.981697,7.72795],[124.982964,7.72683],[124.984268,7.72496],[124.985107,7.7233],[124.986252,7.72147],[124.98851,7.71896],[124.989769,7.71796],[124.991432,7.71728],[124.99276,7.71743],[124.994278,7.71781],[124.995819,7.71757],[124.997917,7.7174],[124.99939,7.71741],[125.001877,7.71654],[125.003822,7.7144],[125.004623,7.71311],[125.006172,7.71066],[125.007294,7.7094],[125.010002,7.70729],[125.010986,7.70638],[125.011848,7.70456],[125.011513,7.70422],[125.012009,7.70384],[125.01268,7.70368],[125.013107,7.70273],[125.013237,7.70156],[125.014481,7.6986],[125.014816,7.69811],[125.015503,7.69751],[125.016296,7.69691],[125.013657,7.69476],[125.012398,7.69422],[125.012161,7.69417],[125.010742,7.69317],[125.009956,7.69292],[125.009338,7.69247],[125.007751,7.69149],[125.005547,7.6919],[125.003777,7.69297],[125.002434,7.69496],[125.001801,7.69602],[125.000519,7.69861],[124.999519,7.69986],[124.997887,7.70105],[124.996788,7.70214],[124.99604,7.7026],[124.993263,7.70371],[124.991173,7.70418],[124.988991,7.70503],[124.987053,7.70562],[124.983109,7.70616],[124.982384,7.70639],[124.980537,7.7073],[124.97905,7.70812],[124.97644,7.70879],[124.973732,7.70924],[124.979279,7.72836],[124.981071,7.7283],[124.981697,7.72795]]]]}},{"type":"Feature","properties":{"ID_0":177,"ISO":"PHL","NAME_0":"Philippines","ID_1":10013,"NAME_1":"Bukidnon","ID_2":1001304,"NAME_2":"Don Carlos","ID_3":1001304030,"NAME_3":"Bismartz","NL_NAME_3":null,"VARNAME_3":null,"TYPE_3":"Barangay","ENGTYPE_3":"Village","PROVINCE":"Bukidnon","REGION":"Region X (Northern Mindanao)","id":"barangay-1001304030","name":"Bismartz","barangayCode":"1001304030","population":null,"formattedPop":null,"densityCategory":"No data","vulnerabilityRating":"No data","healthRiskLevel":"No data","areaKm2":5.380967,"centerLat":7.697524,"centerLng":124.880138,"geometrySource":"all_barangay-2.csv detailed WKT","geometryMatchMethod":"unique_official_admin_names","boundaryPointCount":24},"geometry":{"type":"MultiPolygon","coordinates":[[[[124.895416,7.70933],[124.908043,7.72694],[124.907997,7.72646],[124.908669,7.72539],[124.909042,7.72435],[124.909439,7.72159],[124.90918,7.71864],[124.909554,7.71721],[124.910713,7.71573],[124.911903,7.7141],[124.912041,7.71249],[124.91188,7.71085],[124.91188,7.70821],[124.912109,7.70664],[124.899513,7.68453],[124.898697,7.6867],[124.898193,7.68938],[124.897209,7.69178],[124.896317,7.69423],[124.894974,7.6971],[124.894432,7.69855],[124.894043,7.69948],[124.893829,7.70003],[124.895416,7.70933]]]]}},{"type":"Feature","properties":{"ID_0":177,"ISO":"PHL","NAME_0":"Philippines","ID_1":10013,"NAME_1":"Bukidnon","ID_2":1001305,"NAME_2":"Impasug-ong","ID_3":1001305001,"NAME_3":"Bontongon","NL_NAME_3":null,"VARNAME_3":null,"TYPE_3":"Barangay","ENGTYPE_3":"Village","PROVINCE":"Bukidnon","REGION":"Region X (Northern Mindanao)","id":"barangay-1001305001","name":"Bontongon","barangayCode":"1001305001","population":null,"formattedPop":null,"densityCategory":"No data","vulnerabilityRating":"No data","healthRiskLevel":"No data","areaKm2":139.120428,"centerLat":8.338358,"centerLng":125.118656,"geometrySource":"all_barangay-2.csv detailed WKT","geometryMatchMethod":"unique_official_admin_names","boundaryPointCount":174},"geometry":{"type":"MultiPolygon","coordinates":[[[[125.17643,8.41893],[125.172127,8.33459],[125.14106,8.29295],[125.109154,8.24459],[125.104721,8.24683],[125.100967,8.24738],[125.099182,8.24774],[125.098167,8.24888],[125.096657,8.24912],[125.096298,8.25025],[125.097717,8.25129],[125.097427,8.25195],[125.09684,8.25261],[125.09581,8.25346],[125.094803,8.25442],[125.094254,8.25614],[125.094109,8.2576],[125.093643,8.25857],[125.092239,8.26018],[125.092003,8.26053],[125.091248,8.26136],[125.09137,8.26165],[125.092506,8.26226],[125.093239,8.26247],[125.093613,8.26352],[125.092613,8.2643],[125.091377,8.26458],[125.089912,8.26489],[125.089302,8.26575],[125.089867,8.26651],[125.089706,8.26771],[125.088348,8.26855],[125.087547,8.2695],[125.088242,8.27043],[125.088097,8.27108],[125.08593,8.27167],[125.085243,8.27166],[125.083809,8.27228],[125.083817,8.27362],[125.083946,8.27468],[125.082573,8.27617],[125.08078,8.2783],[125.079811,8.28017],[125.079048,8.28056],[125.078003,8.28024],[125.077133,8.27967],[125.076797,8.27898],[125.075699,8.27903],[125.074623,8.27957],[125.073563,8.28007],[125.072929,8.28024],[125.07193,8.28016],[125.070999,8.27944],[125.070236,8.28019],[125.069382,8.28106],[125.068199,8.28216],[125.067192,8.28272],[125.066513,8.28253],[125.065239,8.28139],[125.064278,8.28136],[125.063698,8.28179],[125.062737,8.28253],[125.061783,8.28317],[125.060783,8.28329],[125.060387,8.2829],[125.059914,8.2817],[125.059311,8.28203],[125.058723,8.28262],[125.058098,8.28281],[125.058144,8.28248],[125.058296,8.2812],[125.058167,8.28053],[125.056122,8.28044],[125.055733,8.28121],[125.055672,8.28245],[125.055733,8.283],[125.055603,8.28393],[125.054764,8.28394],[125.053841,8.28369],[125.053398,8.28355],[125.052353,8.28352],[125.052338,8.28378],[125.052101,8.28405],[125.050293,8.2858],[125.048988,8.28711],[125.047089,8.29003],[125.046371,8.29275],[125.04615,8.29447],[125.045601,8.29611],[125.044998,8.29736],[125.045036,8.29872],[125.045593,8.29985],[125.045601,8.30007],[125.04512,8.30153],[125.044357,8.30261],[125.043327,8.30363],[125.042618,8.30413],[125.041687,8.3045],[125.039124,8.3046],[125.038933,8.30518],[125.038727,8.30633],[125.038162,8.30831],[125.037453,8.30985],[125.036926,8.31011],[125.035843,8.31034],[125.038391,8.31161],[125.038597,8.31303],[125.037537,8.31456],[125.037239,8.31534],[125.03643,8.31501],[125.035027,8.31563],[125.033493,8.3173],[125.032608,8.31847],[125.032318,8.31961],[125.03257,8.32064],[125.032799,8.32189],[125.031189,8.32317],[125.03112,8.32452],[125.030724,8.32549],[125.031029,8.32647],[125.031326,8.32731],[125.032043,8.32976],[125.032578,8.33012],[125.034286,8.33074],[125.036179,8.33156],[125.038391,8.33208],[125.040001,8.33206],[125.041328,8.33204],[125.043457,8.33273],[125.044197,8.33289],[125.045799,8.33294],[125.046806,8.33295],[125.047707,8.33308],[125.049332,8.33349],[125.049919,8.33351],[125.050163,8.33309],[125.051033,8.33255],[125.052277,8.33294],[125.053436,8.3335],[125.054237,8.33475],[125.054619,8.33609],[125.055771,8.33767],[125.056267,8.33899],[125.056183,8.34039],[125.056541,8.34133],[125.057907,8.34203],[125.058884,8.34289],[125.060081,8.34393],[125.061661,8.34437],[125.063301,8.34425],[125.065689,8.34455],[125.067093,8.34521],[125.069206,8.34627],[125.070358,8.34695],[125.073143,8.34834],[125.074448,8.34885],[125.075729,8.34893],[125.076286,8.34844],[125.0783,8.34762],[125.079842,8.34728],[125.080978,8.34681],[125.08168,8.34593],[125.081757,8.34399],[125.083549,8.34329],[125.085518,8.3429],[125.088188,8.34275],[125.091339,8.34254],[125.094276,8.34206],[125.097076,8.34183],[125.099373,8.34153],[125.122437,8.33995],[125.122513,8.40729],[125.122612,8.41935],[125.17643,8.41893]]]]}},{"type":"Feature","properties":{"ID_0":177,"ISO":"PHL","NAME_0":"Philippines","ID_1":10013,"NAME_1":"Bukidnon","ID_2":1001305,"NAME_2":"Impasug-ong","ID_3":1001305002,"NAME_3":"Bulonay","NL_NAME_3":null,"VARNAME_3":null,"TYPE_3":"Barangay","ENGTYPE_3":"Village","PROVINCE":"Bukidnon","REGION":"Region X (Northern Mindanao)","id":"barangay-1001305002","name":"Bulonay","barangayCode":"1001305002","population":null,"formattedPop":null,"densityCategory":"No data","vulnerabilityRating":"No data","healthRiskLevel":"No data","areaKm2":137.340195,"centerLat":8.363013,"centerLng":125.227552,"geometrySource":"all_barangay-2.csv detailed WKT","geometryMatchMethod":"unique_official_admin_names","boundaryPointCount":27},"geometry":{"type":"MultiPolygon","coordinates":[[[[125.258942,8.41729],[125.260971,8.41429],[125.261833,8.40945],[125.261879,8.4064],[125.261482,8.40266],[125.261276,8.40059],[125.260727,8.39283],[125.26001,8.37858],[125.259979,8.37765],[125.260132,8.37527],[125.261177,8.37049],[125.263298,8.3684],[125.264122,8.3678],[125.266617,8.36633],[125.268318,8.36437],[125.269096,8.36243],[125.269363,8.36029],[125.270782,8.35768],[125.271782,8.35688],[125.272591,8.35404],[125.272537,8.35152],[125.271179,8.34858],[125.216316,8.34819],[125.184502,8.34941],[125.172127,8.33459],[125.17643,8.41893],[125.258942,8.41729]]]]}},{"type":"Feature","properties":{"ID_0":177,"ISO":"PHL","NAME_0":"Philippines","ID_1":10013,"NAME_1":"Bukidnon","ID_2":1001305,"NAME_2":"Impasug-ong","ID_3":1001305003,"NAME_3":"Capitan Bayong","NL_NAME_3":null,"VARNAME_3":null,"TYPE_3":"Barangay","ENGTYPE_3":"Village","PROVINCE":"Bukidnon","REGION":"Region X (Northern Mindanao)","id":"barangay-1001305003","name":"Capitan Bayong","barangayCode":"1001305003","population":null,"formattedPop":null,"densityCategory":"No data","vulnerabilityRating":"No data","healthRiskLevel":"No data","areaKm2":20.352605,"centerLat":8.291657,"centerLng":125.024976,"geometrySource":"all_barangay-2.csv detailed WKT","geometryMatchMethod":"unique_official_admin_names","boundaryPointCount":86},"geometry":{"type":"MultiPolygon","coordinates":[[[[125.030724,8.32549],[125.03112,8.32452],[125.031189,8.32317],[125.032799,8.32189],[125.03257,8.32064],[125.032318,8.31961],[125.032608,8.31847],[125.033493,8.3173],[125.035027,8.31563],[125.03643,8.31501],[125.037239,8.31534],[125.037537,8.31456],[125.038597,8.31303],[125.038391,8.31161],[125.035843,8.31034],[125.036926,8.31011],[125.037453,8.30985],[125.038162,8.30831],[125.038727,8.30633],[125.038933,8.30518],[125.039124,8.3046],[125.041687,8.3045],[125.042618,8.30413],[125.043327,8.30363],[125.044357,8.30261],[125.04512,8.30153],[125.045601,8.30007],[125.045593,8.29985],[125.045036,8.29872],[125.044998,8.29736],[125.045601,8.29611],[125.04615,8.29447],[125.046371,8.29275],[125.047089,8.29003],[125.048988,8.28711],[125.050293,8.2858],[125.052101,8.28405],[125.031403,8.27326],[125.014992,8.27264],[125.008324,8.2725],[125.009041,8.27344],[125.009583,8.27489],[125.009804,8.27673],[125.009933,8.27879],[125.010391,8.28214],[125.010551,8.28482],[125.01149,8.28804],[125.012283,8.2894],[125.013107,8.29124],[125.013458,8.29295],[125.01387,8.29453],[125.013893,8.29603],[125.012917,8.29804],[125.012733,8.29919],[125.013092,8.3007],[125.014343,8.30208],[125.015808,8.30325],[125.016411,8.30357],[125.017723,8.30416],[125.018059,8.30518],[125.017967,8.30624],[125.017754,8.30721],[125.017609,8.30778],[125.017509,8.30827],[125.017647,8.31014],[125.017738,8.31156],[125.017601,8.31276],[125.017563,8.31371],[125.017799,8.31536],[125.018097,8.31606],[125.018707,8.31697],[125.019386,8.31794],[125.019463,8.31833],[125.019547,8.31862],[125.020416,8.32084],[125.020378,8.32159],[125.02079,8.32274],[125.020981,8.32414],[125.020638,8.32496],[125.022423,8.32537],[125.023727,8.32612],[125.025841,8.32689],[125.027557,8.32696],[125.029381,8.32657],[125.03019,8.32607],[125.030724,8.32549]]]]}},{"type":"Feature","properties":{"ID_0":177,"ISO":"PHL","NAME_0":"Philippines","ID_1":10013,"NAME_1":"Bukidnon","ID_2":1001305,"NAME_2":"Impasug-ong","ID_3":1001305004,"NAME_3":"Cawayan","NL_NAME_3":null,"VARNAME_3":null,"TYPE_3":"Barangay","ENGTYPE_3":"Village","PROVINCE":"Bukidnon","REGION":"Region X (Northern Mindanao)","id":"barangay-1001305004","name":"Cawayan","barangayCode":"1001305004","population":null,"formattedPop":null,"densityCategory":"No data","vulnerabilityRating":"No data","healthRiskLevel":"No data","areaKm2":16.358301,"centerLat":8.234066,"centerLng":124.996982,"geometrySource":"all_barangay-2.csv detailed WKT","geometryMatchMethod":"unique_official_admin_names","boundaryPointCount":12},"geometry":{"type":"MultiPolygon","coordinates":[[[[125.031403,8.27326],[125.032494,8.2385],[125.007942,8.24267],[125.009079,8.24549],[125.009773,8.24811],[125.011253,8.25218],[125.012093,8.25607],[125.013382,8.2612],[125.013687,8.26497],[125.014214,8.26865],[125.014992,8.27264],[125.031403,8.27326]]]]}},{"type":"Feature","properties":{"ID_0":177,"ISO":"PHL","NAME_0":"Philippines","ID_1":10013,"NAME_1":"Bukidnon","ID_2":1001305,"NAME_2":"Impasug-ong","ID_3":1001305005,"NAME_3":"Dumalaguing","NL_NAME_3":null,"VARNAME_3":null,"TYPE_3":"Barangay","ENGTYPE_3":"Village","PROVINCE":"Bukidnon","REGION":"Region X (Northern Mindanao)","id":"barangay-1001305005","name":"Dumalaguing","barangayCode":"1001305005","population":null,"formattedPop":null,"densityCategory":"No data","vulnerabilityRating":"No data","healthRiskLevel":"No data","areaKm2":55.635389,"centerLat":8.359978,"centerLng":125.07146,"geometrySource":"all_barangay-2.csv detailed WKT","geometryMatchMethod":"unique_official_admin_names","boundaryPointCount":73},"geometry":{"type":"MultiPolygon","coordinates":[[[[125.011841,8.34281],[125.122513,8.40729],[125.122437,8.33995],[125.099373,8.34153],[125.097076,8.34183],[125.094276,8.34206],[125.091339,8.34254],[125.088188,8.34275],[125.085518,8.3429],[125.083549,8.34329],[125.081757,8.34399],[125.08168,8.34593],[125.080978,8.34681],[125.079842,8.34728],[125.0783,8.34762],[125.076286,8.34844],[125.075729,8.34893],[125.074448,8.34885],[125.073143,8.34834],[125.070358,8.34695],[125.069206,8.34627],[125.067093,8.34521],[125.065689,8.34455],[125.063301,8.34425],[125.061661,8.34437],[125.060081,8.34393],[125.058884,8.34289],[125.057907,8.34203],[125.056541,8.34133],[125.056183,8.34039],[125.056267,8.33899],[125.055771,8.33767],[125.054619,8.33609],[125.054237,8.33475],[125.053436,8.3335],[125.052277,8.33294],[125.051033,8.33255],[125.050163,8.33309],[125.049919,8.33351],[125.049332,8.33349],[125.047707,8.33308],[125.046806,8.33295],[125.045799,8.33294],[125.044197,8.33289],[125.043457,8.33273],[125.041328,8.33204],[125.040001,8.33206],[125.038391,8.33208],[125.036179,8.33156],[125.034286,8.33074],[125.032578,8.33012],[125.032043,8.32976],[125.031326,8.32731],[125.031029,8.32647],[125.030724,8.32549],[125.03019,8.32607],[125.029381,8.32657],[125.027557,8.32696],[125.025841,8.32689],[125.023727,8.32612],[125.022423,8.32537],[125.020638,8.32496],[125.020447,8.32538],[125.019127,8.32614],[125.017563,8.3274],[125.01461,8.32956],[125.012993,8.33033],[125.012993,8.33299],[125.014091,8.33494],[125.014343,8.3361],[125.013962,8.33712],[125.013184,8.33915],[125.011841,8.34281]]]]}},{"type":"Feature","properties":{"ID_0":177,"ISO":"PHL","NAME_0":"Philippines","ID_1":10013,"NAME_1":"Bukidnon","ID_2":1001305,"NAME_2":"Impasug-ong","ID_3":1001305006,"NAME_3":"Guihean","NL_NAME_3":null,"VARNAME_3":null,"TYPE_3":"Barangay","ENGTYPE_3":"Village","PROVINCE":"Bukidnon","REGION":"Region X (Northern Mindanao)","id":"barangay-1001305006","name":"Guihean","barangayCode":"1001305006","population":null,"formattedPop":null,"densityCategory":"No data","vulnerabilityRating":"No data","healthRiskLevel":"No data","areaKm2":64.133322,"centerLat":8.426747,"centerLng":125.06879,"geometrySource":"all_barangay-2.csv detailed WKT","geometryMatchMethod":"unique_official_admin_names","boundaryPointCount":9},"geometry":{"type":"MultiPolygon","coordinates":[[[[125.048988,8.45161],[125.124527,8.45594],[125.122612,8.41935],[125.122513,8.40729],[125.002243,8.40709],[125.007828,8.41181],[125.028107,8.43121],[125.04879,8.45072],[125.048988,8.45161]]]]}},{"type":"Feature","properties":{"ID_0":177,"ISO":"PHL","NAME_0":"Philippines","ID_1":10013,"NAME_1":"Bukidnon","ID_2":1001305,"NAME_2":"Impasug-ong","ID_3":1001305007,"NAME_3":"Hagpa","NL_NAME_3":null,"VARNAME_3":null,"TYPE_3":"Barangay","ENGTYPE_3":"Village","PROVINCE":"Bukidnon","REGION":"Region X (Northern Mindanao)","id":"barangay-1001305007","name":"Hagpa","barangayCode":"1001305007","population":null,"formattedPop":null,"densityCategory":"No data","vulnerabilityRating":"No data","healthRiskLevel":"No data","areaKm2":205.368222,"centerLat":8.533893,"centerLng":125.161549,"geometrySource":"all_barangay-2.csv detailed WKT","geometryMatchMethod":"unique_official_admin_names","boundaryPointCount":44},"geometry":{"type":"MultiPolygon","coordinates":[[[[125.244202,8.58163],[125.246521,8.56139],[125.246353,8.55885],[125.246368,8.55649],[125.24649,8.55339],[125.246559,8.54991],[125.246674,8.54836],[125.246696,8.54642],[125.246292,8.54086],[125.246513,8.53785],[125.246498,8.53535],[125.24633,8.53325],[125.246277,8.52945],[125.246277,8.52621],[125.246422,8.52324],[125.246529,8.5169],[125.246384,8.51419],[125.246452,8.51157],[125.246483,8.50282],[125.246338,8.49923],[125.246353,8.49907],[125.246353,8.49899],[125.04454,8.50144],[125.048027,8.50627],[125.050377,8.50975],[125.055893,8.51615],[125.060379,8.52747],[125.064148,8.53445],[125.067123,8.53904],[125.069519,8.54306],[125.071823,8.54691],[125.073868,8.55088],[125.074677,8.55281],[125.075508,8.55473],[125.076767,8.55716],[125.079529,8.56144],[125.082397,8.56628],[125.084602,8.56973],[125.086617,8.57413],[125.0877,8.57604],[125.088783,8.57795],[125.090042,8.57989],[125.092567,8.58296],[125.244202,8.58163]]]]}},{"type":"Feature","properties":{"ID_0":177,"ISO":"PHL","NAME_0":"Philippines","ID_1":10013,"NAME_1":"Bukidnon","ID_2":1001305,"NAME_2":"Impasug-ong","ID_3":1001305008,"NAME_3":"Impalutao","NL_NAME_3":null,"VARNAME_3":null,"TYPE_3":"Barangay","ENGTYPE_3":"Village","PROVINCE":"Bukidnon","REGION":"Region X (Northern Mindanao)","id":"barangay-1001305008","name":"Impalutao","barangayCode":"1001305008","population":null,"formattedPop":null,"densityCategory":"No data","vulnerabilityRating":"No data","healthRiskLevel":"No data","areaKm2":49.761752,"centerLat":8.246879,"centerLng":125.043295,"geometrySource":"all_barangay-2.csv detailed WKT","geometryMatchMethod":"unique_official_admin_names","boundaryPointCount":88},"geometry":{"type":"MultiPolygon","coordinates":[[[[125.052101,8.28405],[125.052338,8.28378],[125.052353,8.28352],[125.053398,8.28355],[125.053841,8.28369],[125.054764,8.28394],[125.055603,8.28393],[125.055733,8.283],[125.055672,8.28245],[125.055733,8.28121],[125.056122,8.28044],[125.058167,8.28053],[125.058296,8.2812],[125.058144,8.28248],[125.058098,8.28281],[125.058723,8.28262],[125.059311,8.28203],[125.059914,8.2817],[125.060387,8.2829],[125.060783,8.28329],[125.061783,8.28317],[125.062737,8.28253],[125.063698,8.28179],[125.064278,8.28136],[125.065239,8.28139],[125.066513,8.28253],[125.067192,8.28272],[125.068199,8.28216],[125.069382,8.28106],[125.070236,8.28019],[125.070999,8.27944],[125.07193,8.28016],[125.072929,8.28024],[125.073563,8.28007],[125.074623,8.27957],[125.075699,8.27903],[125.076797,8.27898],[125.077133,8.27967],[125.078003,8.28024],[125.079048,8.28056],[125.079811,8.28017],[125.08078,8.2783],[125.082573,8.27617],[125.083946,8.27468],[125.083817,8.27362],[125.083809,8.27228],[125.085243,8.27166],[125.08593,8.27167],[125.088097,8.27108],[125.088242,8.27043],[125.087547,8.2695],[125.088348,8.26855],[125.089706,8.26771],[125.089867,8.26651],[125.089302,8.26575],[125.089912,8.26489],[125.091377,8.26458],[125.092613,8.2643],[125.093613,8.26352],[125.093239,8.26247],[125.092506,8.26226],[125.09137,8.26165],[125.091248,8.26136],[125.092003,8.26053],[125.092239,8.26018],[125.093643,8.25857],[125.094109,8.2576],[125.094254,8.25614],[125.094803,8.25442],[125.09581,8.25346],[125.09684,8.25261],[125.097427,8.25195],[125.097717,8.25129],[125.096298,8.25025],[125.096657,8.24912],[125.098167,8.24888],[125.099182,8.24774],[125.100967,8.24738],[125.104721,8.24683],[125.109154,8.24459],[125.108208,8.24329],[125.068901,8.24227],[125.060379,8.24171],[125.053596,8.2413],[125.039848,8.22931],[125.032494,8.2385],[125.031403,8.27326],[125.052101,8.28405]]]]}},{"type":"Feature","properties":{"ID_0":177,"ISO":"PHL","NAME_0":"Philippines","ID_1":10013,"NAME_1":"Bukidnon","ID_2":1001305,"NAME_2":"Impasug-ong","ID_3":1001305010,"NAME_3":"Kalabugao","NL_NAME_3":null,"VARNAME_3":null,"TYPE_3":"Barangay","ENGTYPE_3":"Village","PROVINCE":"Bukidnon","REGION":"Region X (Northern Mindanao)","id":"barangay-1001305010","name":"Kalabugao","barangayCode":"1001305010","population":null,"formattedPop":null,"densityCategory":"No data","vulnerabilityRating":"No data","healthRiskLevel":"No data","areaKm2":131.81706,"centerLat":8.454101,"centerLng":125.184817,"geometrySource":"all_barangay-2.csv detailed WKT","geometryMatchMethod":"unique_official_admin_names","boundaryPointCount":63},"geometry":{"type":"MultiPolygon","coordinates":[[[[125.246353,8.49899],[125.246582,8.49547],[125.246742,8.49123],[125.246902,8.48792],[125.247261,8.48572],[125.24778,8.48314],[125.247719,8.47666],[125.2481,8.47198],[125.248207,8.46902],[125.248482,8.46481],[125.248802,8.46088],[125.249207,8.4581],[125.249809,8.45371],[125.250214,8.45144],[125.251266,8.44531],[125.251709,8.44278],[125.253212,8.43704],[125.253906,8.43172],[125.255913,8.4249],[125.258942,8.41729],[125.17643,8.41893],[125.122612,8.41935],[125.124527,8.45594],[125.048988,8.45161],[125.048683,8.45235],[125.047981,8.45337],[125.04763,8.45457],[125.047707,8.45583],[125.047729,8.4569],[125.047203,8.45707],[125.046753,8.45694],[125.045753,8.45694],[125.045097,8.45743],[125.044487,8.4577],[125.043739,8.45774],[125.042488,8.45801],[125.042107,8.45857],[125.041801,8.4597],[125.041122,8.46063],[125.040733,8.46084],[125.040329,8.46108],[125.03949,8.46149],[125.039436,8.4616],[125.039139,8.46268],[125.03833,8.46409],[125.036797,8.46609],[125.034119,8.46828],[125.031609,8.47097],[125.027786,8.47382],[125.029007,8.4757],[125.029823,8.47706],[125.0317,8.479],[125.033302,8.48196],[125.033699,8.48265],[125.034973,8.48485],[125.036171,8.48714],[125.03746,8.48988],[125.037933,8.4909],[125.038132,8.49125],[125.038757,8.49238],[125.041023,8.4965],[125.04454,8.50144],[125.246353,8.49899]]]]}},{"type":"Feature","properties":{"ID_0":177,"ISO":"PHL","NAME_0":"Philippines","ID_1":10013,"NAME_1":"Bukidnon","ID_2":1001305,"NAME_2":"Impasug-ong","ID_3":1001305011,"NAME_3":"Kibenton","NL_NAME_3":null,"VARNAME_3":null,"TYPE_3":"Barangay","ENGTYPE_3":"Village","PROVINCE":"Bukidnon","REGION":"Region X (Northern Mindanao)","id":"barangay-1001305011","name":"Kibenton","barangayCode":"1001305011","population":null,"formattedPop":null,"densityCategory":"No data","vulnerabilityRating":"No data","healthRiskLevel":"No data","areaKm2":25.875657,"centerLat":8.182157,"centerLng":124.971963,"geometrySource":"all_barangay-2.csv detailed WKT","geometryMatchMethod":"unique_official_admin_names","boundaryPointCount":17},"geometry":{"type":"MultiPolygon","coordinates":[[[[125.032494,8.2385],[125.039848,8.22931],[125.00312,8.19972],[124.997177,8.2111],[124.997849,8.21381],[124.998627,8.21581],[124.999901,8.21839],[125.000961,8.22118],[125.002037,8.22311],[125.005272,8.22813],[125.006317,8.22976],[125.007278,8.23294],[125.007339,8.23577],[125.007393,8.23918],[125.007584,8.241],[125.007942,8.24267],[125.032494,8.2385]]]]}},{"type":"Feature","properties":{"ID_0":177,"ISO":"PHL","NAME_0":"Philippines","ID_1":10013,"NAME_1":"Bukidnon","ID_2":1001305,"NAME_2":"Impasug-ong","ID_3":1001305012,"NAME_3":"La Fortuna","NL_NAME_3":null,"VARNAME_3":null,"TYPE_3":"Barangay","ENGTYPE_3":"Village","PROVINCE":"Bukidnon","REGION":"Region X (Northern Mindanao)","id":"barangay-1001305012","name":"La Fortuna","barangayCode":"1001305012","population":null,"formattedPop":null,"densityCategory":"No data","vulnerabilityRating":"No data","healthRiskLevel":"No data","areaKm2":30.035191,"centerLat":8.220245,"centerLng":124.961678,"geometrySource":"all_barangay-2.csv detailed WKT","geometryMatchMethod":"unique_official_admin_names","boundaryPointCount":43},"geometry":{"type":"MultiPolygon","coordinates":[[[[125.014992,8.27264],[125.014214,8.26865],[125.013687,8.26497],[125.013382,8.2612],[125.012093,8.25607],[125.011253,8.25218],[125.009773,8.24811],[125.009079,8.24549],[125.007942,8.24267],[125.007584,8.241],[125.007393,8.23918],[125.007339,8.23577],[125.007278,8.23294],[125.006317,8.22976],[125.005272,8.22813],[125.002037,8.22311],[125.000961,8.22118],[124.999901,8.21839],[124.998627,8.21581],[124.997849,8.21381],[124.997177,8.2111],[124.996597,8.21286],[124.993347,8.21774],[124.992981,8.21985],[124.990883,8.22451],[124.989166,8.22864],[124.988182,8.23099],[124.986816,8.23483],[124.985207,8.24156],[124.984261,8.24492],[124.983856,8.24701],[124.983093,8.25073],[124.982651,8.25293],[124.981209,8.25826],[124.980537,8.26148],[124.980186,8.26233],[124.980919,8.26501],[124.980743,8.26742],[124.980431,8.27021],[124.980522,8.2711],[124.98069,8.2732],[125.008324,8.2725],[125.014992,8.27264]]]]}},{"type":"Feature","properties":{"ID_0":177,"ISO":"PHL","NAME_0":"Philippines","ID_1":10013,"NAME_1":"Bukidnon","ID_2":1001305,"NAME_2":"Impasug-ong","ID_3":1001305013,"NAME_3":"Poblacion","NL_NAME_3":null,"VARNAME_3":null,"TYPE_3":"Barangay","ENGTYPE_3":"Village","PROVINCE":"Bukidnon","REGION":"Region X (Northern Mindanao)","id":"barangay-1001305013","name":"Poblacion","barangayCode":"1001305013","population":null,"formattedPop":null,"densityCategory":"No data","vulnerabilityRating":"No data","healthRiskLevel":"No data","areaKm2":26.844859,"centerLat":8.310063,"centerLng":124.997593,"geometrySource":"all_barangay-2.csv detailed WKT","geometryMatchMethod":"unique_official_admin_names","boundaryPointCount":124},"geometry":{"type":"MultiPolygon","coordinates":[[[[125.011841,8.34281],[125.013184,8.33915],[125.013962,8.33712],[125.014343,8.3361],[125.014091,8.33494],[125.012993,8.33299],[125.012993,8.33033],[125.01461,8.32956],[125.017563,8.3274],[125.019127,8.32614],[125.020447,8.32538],[125.020638,8.32496],[125.020981,8.32414],[125.02079,8.32274],[125.020378,8.32159],[125.020416,8.32084],[125.019547,8.31862],[125.019463,8.31833],[125.019386,8.31794],[125.018707,8.31697],[125.018097,8.31606],[125.017799,8.31536],[125.017563,8.31371],[125.017601,8.31276],[125.017738,8.31156],[125.017647,8.31014],[125.017509,8.30827],[125.017609,8.30778],[125.017754,8.30721],[125.017967,8.30624],[125.018059,8.30518],[125.017723,8.30416],[125.016411,8.30357],[125.015808,8.30325],[125.014343,8.30208],[125.013092,8.3007],[125.012733,8.29919],[125.012917,8.29804],[125.013893,8.29603],[125.01387,8.29453],[125.013458,8.29295],[125.013107,8.29124],[125.012283,8.2894],[125.01149,8.28804],[125.010551,8.28482],[125.010391,8.28214],[125.009933,8.27879],[125.009804,8.27673],[125.009583,8.27489],[125.009041,8.27344],[125.008324,8.2725],[124.98069,8.2732],[124.98069,8.27526],[124.98085,8.27725],[124.980911,8.27804],[124.980843,8.27999],[124.980827,8.28084],[124.980881,8.28159],[124.981163,8.28225],[124.981194,8.28296],[124.98127,8.28353],[124.981331,8.28435],[124.981583,8.28496],[124.981323,8.28561],[124.981323,8.2862],[124.981308,8.28718],[124.981293,8.28789],[124.981888,8.28807],[124.982368,8.28915],[124.982147,8.29067],[124.981812,8.29225],[124.981468,8.29317],[124.981567,8.2939],[124.981148,8.29551],[124.980408,8.29694],[124.980049,8.29731],[124.979553,8.29875],[124.97963,8.29942],[124.979561,8.30052],[124.979393,8.30205],[124.979118,8.30363],[124.978859,8.30517],[124.978256,8.30671],[124.978409,8.30812],[124.978218,8.30975],[124.978027,8.31089],[124.977654,8.31259],[124.977531,8.31417],[124.977943,8.31565],[124.978882,8.31629],[124.979378,8.31761],[124.979591,8.31895],[124.979729,8.31991],[124.97937,8.32061],[124.979561,8.32232],[124.979797,8.32326],[124.981644,8.32567],[124.983269,8.32751],[124.985443,8.32979],[124.985512,8.33125],[124.985588,8.33283],[124.985977,8.33495],[124.986351,8.33655],[124.986603,8.33828],[124.986877,8.33995],[124.987778,8.34349],[124.98838,8.34489],[124.989922,8.34762],[124.989952,8.34855],[124.988907,8.34918],[124.99305,8.35252],[124.994797,8.35198],[124.99527,8.35051],[124.995468,8.34703],[124.995529,8.34605],[124.995522,8.34402],[124.995682,8.34322],[124.99704,8.34207],[125.000076,8.3441],[125.002403,8.34597],[125.003792,8.34573],[125.007309,8.34408],[125.009613,8.34369],[125.011841,8.34281]]]]}},{"type":"Feature","properties":{"ID_0":177,"ISO":"PHL","NAME_0":"Philippines","ID_1":10013,"NAME_1":"Bukidnon","ID_2":1001305,"NAME_2":"Impasug-ong","ID_3":1001305015,"NAME_3":"Sayawan","NL_NAME_3":null,"VARNAME_3":null,"TYPE_3":"Barangay","ENGTYPE_3":"Village","PROVINCE":"Bukidnon","REGION":"Region X (Northern Mindanao)","id":"barangay-1001305015","name":"Sayawan","barangayCode":"1001305015","population":null,"formattedPop":null,"densityCategory":"No data","vulnerabilityRating":"No data","healthRiskLevel":"No data","areaKm2":52.003189,"centerLat":8.383114,"centerLng":125.034132,"geometrySource":"all_barangay-2.csv detailed WKT","geometryMatchMethod":"unique_official_admin_names","boundaryPointCount":53},"geometry":{"type":"MultiPolygon","coordinates":[[[[125.002243,8.40709],[125.122513,8.40729],[125.011841,8.34281],[125.009613,8.34369],[125.007309,8.34408],[125.003792,8.34573],[125.002403,8.34597],[125.000076,8.3441],[124.99704,8.34207],[124.995682,8.34322],[124.995522,8.34402],[124.995529,8.34605],[124.995468,8.34703],[124.99527,8.35051],[124.994797,8.35198],[124.99305,8.35252],[124.988907,8.34918],[124.987694,8.34912],[124.987129,8.34911],[124.984459,8.35003],[124.983833,8.35055],[124.983597,8.35084],[124.983047,8.35191],[124.983727,8.35333],[124.98455,8.35398],[124.985397,8.3546],[124.987389,8.35633],[124.987907,8.35728],[124.987549,8.35841],[124.986412,8.35933],[124.985023,8.35972],[124.983727,8.36],[124.982193,8.36064],[124.981796,8.36102],[124.981377,8.36225],[124.981148,8.36466],[124.981133,8.36607],[124.981667,8.36772],[124.982353,8.3691],[124.982742,8.37122],[124.982399,8.37258],[124.982193,8.37303],[124.981712,8.37364],[124.980873,8.37424],[124.979332,8.37552],[124.978027,8.37695],[124.977402,8.37769],[124.975777,8.37949],[124.974937,8.37996],[124.972893,8.38102],[124.974037,8.38143],[124.974564,8.38153],[125.002243,8.40709]]]]}},{"type":"Feature","properties":{"ID_0":177,"ISO":"PHL","NAME_0":"Philippines","ID_1":10013,"NAME_1":"Bukidnon","ID_2":1001306,"NAME_2":"Kadingilan","ID_3":1001306001,"NAME_3":"Bagongbayan","NL_NAME_3":null,"VARNAME_3":null,"TYPE_3":"Barangay","ENGTYPE_3":"Village","PROVINCE":"Bukidnon","REGION":"Region X (Northern Mindanao)","id":"barangay-1001306001","name":"Bagongbayan","barangayCode":"1001306001","population":null,"formattedPop":null,"densityCategory":"No data","vulnerabilityRating":"No data","healthRiskLevel":"No data","areaKm2":12.528543,"centerLat":7.458258,"centerLng":124.856477,"geometrySource":"all_barangay-2.csv detailed WKT","geometryMatchMethod":"unique_official_admin_names","boundaryPointCount":53},"geometry":{"type":"MultiPolygon","coordinates":[[[[124.880478,7.49034],[124.876892,7.48677],[124.875099,7.48502],[124.872757,7.48279],[124.870407,7.4797],[124.868881,7.47723],[124.866592,7.47234],[124.864571,7.4662],[124.863747,7.46372],[124.861267,7.4587],[124.859016,7.45461],[124.85788,7.4531],[124.855217,7.44846],[124.85363,7.44427],[124.852203,7.44179],[124.850601,7.44314],[124.847839,7.44486],[124.845757,7.44649],[124.843712,7.44791],[124.841827,7.44951],[124.840233,7.45099],[124.838608,7.45399],[124.838722,7.45641],[124.839272,7.45794],[124.840668,7.46074],[124.841339,7.46236],[124.841362,7.46396],[124.841087,7.46606],[124.841431,7.46792],[124.841637,7.47017],[124.840958,7.47269],[124.840752,7.47526],[124.840637,7.47724],[124.839729,7.4795],[124.838562,7.48103],[124.838173,7.48131],[124.836777,7.48209],[124.839729,7.485],[124.840767,7.48617],[124.843369,7.48856],[124.845932,7.4907],[124.850754,7.49549],[124.855537,7.49988],[124.860672,7.50366],[124.862228,7.50469],[124.868309,7.50735],[124.869469,7.50778],[124.870354,7.5053],[124.871979,7.50263],[124.874252,7.49963],[124.87664,7.49664],[124.879387,7.49224],[124.880478,7.49034]]]]}},{"type":"Feature","properties":{"ID_0":177,"ISO":"PHL","NAME_0":"Philippines","ID_1":10013,"NAME_1":"Bukidnon","ID_2":1001306,"NAME_2":"Kadingilan","ID_3":1001306002,"NAME_3":"Bagor","NL_NAME_3":null,"VARNAME_3":null,"TYPE_3":"Barangay","ENGTYPE_3":"Village","PROVINCE":"Bukidnon","REGION":"Region X (Northern Mindanao)","id":"barangay-1001306002","name":"Bagor","barangayCode":"1001306002","population":null,"formattedPop":null,"densityCategory":"No data","vulnerabilityRating":"No data","healthRiskLevel":"No data","areaKm2":10.828378,"centerLat":7.563206,"centerLng":124.88987,"geometrySource":"all_barangay-2.csv detailed WKT","geometryMatchMethod":"unique_official_admin_names","boundaryPointCount":33},"geometry":{"type":"MultiPolygon","coordinates":[[[[124.867897,7.57188],[124.873627,7.57459],[124.877281,7.57642],[124.88298,7.57944],[124.888107,7.58204],[124.892281,7.58388],[124.899559,7.58622],[124.900948,7.5792],[124.901039,7.57556],[124.901207,7.57223],[124.900887,7.56691],[124.900917,7.56149],[124.901657,7.55178],[124.859512,7.54981],[124.859703,7.55074],[124.859367,7.55257],[124.861603,7.55359],[124.862549,7.55358],[124.863197,7.55447],[124.862534,7.55611],[124.863487,7.55741],[124.864326,7.55774],[124.865013,7.55973],[124.865173,7.56157],[124.865143,7.56434],[124.864502,7.56534],[124.864151,7.5655],[124.864304,7.56608],[124.865028,7.56813],[124.865334,7.56929],[124.86544,7.56935],[124.867188,7.57104],[124.867897,7.57188]]]]}},{"type":"Feature","properties":{"ID_0":177,"ISO":"PHL","NAME_0":"Philippines","ID_1":10013,"NAME_1":"Bukidnon","ID_2":1001306,"NAME_2":"Kadingilan","ID_3":1001306003,"NAME_3":"Balaoro","NL_NAME_3":null,"VARNAME_3":null,"TYPE_3":"Barangay","ENGTYPE_3":"Village","PROVINCE":"Bukidnon","REGION":"Region X (Northern Mindanao)","id":"barangay-1001306003","name":"Balaoro","barangayCode":"1001306003","population":null,"formattedPop":null,"densityCategory":"No data","vulnerabilityRating":"No data","healthRiskLevel":"No data","areaKm2":20.357729,"centerLat":7.508126,"centerLng":124.894922,"geometrySource":"all_barangay-2.csv detailed WKT","geometryMatchMethod":"unique_official_admin_names","boundaryPointCount":67},"geometry":{"type":"MultiPolygon","coordinates":[[[[124.903358,7.53525],[124.903732,7.53485],[124.905083,7.53406],[124.906067,7.53345],[124.90696,7.53222],[124.907242,7.53117],[124.908127,7.52914],[124.909027,7.52587],[124.90937,7.52342],[124.909691,7.52081],[124.910187,7.51946],[124.911186,7.51798],[124.912697,7.5157],[124.914223,7.51371],[124.914284,7.51236],[124.913513,7.51067],[124.913261,7.5093],[124.913223,7.50834],[124.912453,7.50709],[124.911903,7.50596],[124.91243,7.504],[124.912682,7.50279],[124.912468,7.50067],[124.912712,7.49908],[124.913071,7.49673],[124.912666,7.49466],[124.912376,7.49362],[124.911163,7.49249],[124.910263,7.49125],[124.909866,7.48988],[124.909187,7.48893],[124.90802,7.48862],[124.906883,7.4883],[124.905602,7.48683],[124.905052,7.48523],[124.904457,7.48375],[124.903168,7.48183],[124.902557,7.48135],[124.901711,7.48178],[124.900497,7.48102],[124.898857,7.47964],[124.897438,7.47817],[124.896942,7.47773],[124.895508,7.47733],[124.894363,7.47743],[124.893333,7.47724],[124.893044,7.47687],[124.892776,7.47627],[124.891273,7.47684],[124.888802,7.4794],[124.885406,7.48235],[124.883827,7.48611],[124.881828,7.48858],[124.880478,7.49034],[124.882568,7.49264],[124.884193,7.49421],[124.885681,7.49787],[124.887062,7.5009],[124.889557,7.50504],[124.890877,7.5081],[124.891663,7.51205],[124.891296,7.51769],[124.889297,7.52213],[124.886787,7.52512],[124.885658,7.52587],[124.88353,7.52692],[124.903358,7.53525]]]]}},{"type":"Feature","properties":{"ID_0":177,"ISO":"PHL","NAME_0":"Philippines","ID_1":10013,"NAME_1":"Bukidnon","ID_2":1001306,"NAME_2":"Kadingilan","ID_3":1001306004,"NAME_3":"Baroy","NL_NAME_3":null,"VARNAME_3":null,"TYPE_3":"Barangay","ENGTYPE_3":"Village","PROVINCE":"Bukidnon","REGION":"Region X (Northern Mindanao)","id":"barangay-1001306004","name":"Baroy","barangayCode":"1001306004","population":null,"formattedPop":null,"densityCategory":"No data","vulnerabilityRating":"No data","healthRiskLevel":"No data","areaKm2":8.108888,"centerLat":7.620282,"centerLng":124.883965,"geometrySource":"all_barangay-2.csv detailed WKT","geometryMatchMethod":"unique_official_admin_names","boundaryPointCount":29},"geometry":{"type":"MultiPolygon","coordinates":[[[[124.898087,7.63127],[124.89727,7.62222],[124.89489,7.616],[124.892967,7.60945],[124.890213,7.60413],[124.887703,7.60471],[124.884354,7.60588],[124.880814,7.60765],[124.877243,7.60953],[124.874573,7.61182],[124.872742,7.6141],[124.870338,7.61222],[124.868057,7.61044],[124.866539,7.6091],[124.865982,7.61021],[124.86412,7.61642],[124.864937,7.61732],[124.86602,7.61886],[124.866127,7.62059],[124.865883,7.62139],[124.865349,7.62234],[124.864731,7.6241],[124.864388,7.62633],[124.864777,7.62824],[124.865158,7.62866],[124.865417,7.62914],[124.865997,7.63072],[124.886833,7.63077],[124.898087,7.63127]]]]}},{"type":"Feature","properties":{"ID_0":177,"ISO":"PHL","NAME_0":"Philippines","ID_1":10013,"NAME_1":"Bukidnon","ID_2":1001306,"NAME_2":"Kadingilan","ID_3":1001306005,"NAME_3":"Cabadiangan","NL_NAME_3":null,"VARNAME_3":null,"TYPE_3":"Barangay","ENGTYPE_3":"Village","PROVINCE":"Bukidnon","REGION":"Region X (Northern Mindanao)","id":"barangay-1001306005","name":"Cabadiangan","barangayCode":"1001306005","population":null,"formattedPop":null,"densityCategory":"No data","vulnerabilityRating":"No data","healthRiskLevel":"No data","areaKm2":14.631673,"centerLat":7.506905,"centerLng":124.840386,"geometrySource":"all_barangay-2.csv detailed WKT","geometryMatchMethod":"unique_official_admin_names","boundaryPointCount":35},"geometry":{"type":"MultiPolygon","coordinates":[[[[124.863403,7.51895],[124.869469,7.50778],[124.868309,7.50735],[124.862228,7.50469],[124.860672,7.50366],[124.855537,7.49988],[124.850754,7.49549],[124.845932,7.4907],[124.843369,7.48856],[124.840767,7.48617],[124.839729,7.485],[124.836777,7.48209],[124.834587,7.48361],[124.83297,7.48528],[124.831223,7.48669],[124.828842,7.48842],[124.826927,7.48998],[124.824371,7.49175],[124.821854,7.49336],[124.819054,7.49495],[124.824867,7.50238],[124.827583,7.50692],[124.830589,7.51245],[124.833351,7.51784],[124.835999,7.52326],[124.837784,7.52639],[124.840187,7.52988],[124.84346,7.53394],[124.844147,7.53204],[124.847794,7.52818],[124.850983,7.52547],[124.854668,7.52287],[124.857727,7.52076],[124.859863,7.5192],[124.863403,7.51895]]]]}},{"type":"Feature","properties":{"ID_0":177,"ISO":"PHL","NAME_0":"Philippines","ID_1":10013,"NAME_1":"Bukidnon","ID_2":1001306,"NAME_2":"Kadingilan","ID_3":1001306006,"NAME_3":"Husayan","NL_NAME_3":null,"VARNAME_3":null,"TYPE_3":"Barangay","ENGTYPE_3":"Village","PROVINCE":"Bukidnon","REGION":"Region X (Northern Mindanao)","id":"barangay-1001306006","name":"Husayan","barangayCode":"1001306006","population":null,"formattedPop":null,"densityCategory":"No data","vulnerabilityRating":"No data","healthRiskLevel":"No data","areaKm2":3.914972,"centerLat":7.606567,"centerLng":124.937951,"geometrySource":"all_barangay-2.csv detailed WKT","geometryMatchMethod":"unique_official_admin_names","boundaryPointCount":40},"geometry":{"type":"MultiPolygon","coordinates":[[[[124.952087,7.60957],[124.9515,7.60894],[124.950073,7.60855],[124.94931,7.60785],[124.94944,7.60651],[124.947853,7.60447],[124.94632,7.60318],[124.94558,7.60131],[124.944702,7.60136],[124.943802,7.60028],[124.943169,7.59953],[124.940109,7.59806],[124.938202,7.59728],[124.934593,7.59617],[124.930397,7.59448],[124.927147,7.5935],[124.92437,7.59137],[124.923187,7.58954],[124.922699,7.5886],[124.922394,7.5871],[124.921288,7.58732],[124.919006,7.5885],[124.920929,7.59094],[124.921982,7.59257],[124.923859,7.5961],[124.924637,7.59817],[124.925568,7.60173],[124.925598,7.60346],[124.926086,7.60486],[124.928337,7.60613],[124.934669,7.60958],[124.939697,7.61167],[124.944267,7.61388],[124.948479,7.61681],[124.949692,7.61538],[124.950401,7.61475],[124.951241,7.6129],[124.951874,7.611],[124.952171,7.60991],[124.952087,7.60957]]]]}},{"type":"Feature","properties":{"ID_0":177,"ISO":"PHL","NAME_0":"Philippines","ID_1":10013,"NAME_1":"Bukidnon","ID_2":1001306,"NAME_2":"Kadingilan","ID_3":1001306007,"NAME_3":"Kibalagon","NL_NAME_3":null,"VARNAME_3":null,"TYPE_3":"Barangay","ENGTYPE_3":"Village","PROVINCE":"Bukidnon","REGION":"Region X (Northern Mindanao)","id":"barangay-1001306007","name":"Kibalagon","barangayCode":"1001306007","population":null,"formattedPop":null,"densityCategory":"No data","vulnerabilityRating":"No data","healthRiskLevel":"No data","areaKm2":6.439891,"centerLat":7.543962,"centerLng":124.841298,"geometrySource":"all_barangay-2.csv detailed WKT","geometryMatchMethod":"unique_official_admin_names","boundaryPointCount":54},"geometry":{"type":"MultiPolygon","coordinates":[[[[124.832626,7.55434],[124.83387,7.55428],[124.834793,7.55402],[124.835388,7.55427],[124.836449,7.55463],[124.837723,7.55416],[124.838478,7.5543],[124.839592,7.55447],[124.840698,7.55515],[124.841393,7.55548],[124.842117,7.55537],[124.842773,7.55554],[124.843224,7.55601],[124.844566,7.55489],[124.845528,7.55412],[124.846893,7.55335],[124.84729,7.55287],[124.847557,7.5519],[124.848297,7.55168],[124.849037,7.5513],[124.849632,7.55031],[124.849876,7.54939],[124.850563,7.54901],[124.851143,7.54842],[124.851051,7.54766],[124.850807,7.54678],[124.850731,7.5454],[124.85083,7.54358],[124.851463,7.54239],[124.851631,7.5415],[124.851662,7.54113],[124.853271,7.54228],[124.85424,7.54204],[124.856903,7.54337],[124.859009,7.54409],[124.859543,7.54521],[124.872276,7.53413],[124.870918,7.53167],[124.870407,7.52893],[124.869507,7.52526],[124.868263,7.52239],[124.86721,7.52094],[124.865242,7.51954],[124.863403,7.51895],[124.859863,7.5192],[124.857727,7.52076],[124.854668,7.52287],[124.850983,7.52547],[124.847794,7.52818],[124.844147,7.53204],[124.84346,7.53394],[124.839828,7.5384],[124.836929,7.54272],[124.832626,7.55434]]]]}},{"type":"Feature","properties":{"ID_0":177,"ISO":"PHL","NAME_0":"Philippines","ID_1":10013,"NAME_1":"Bukidnon","ID_2":1001306,"NAME_2":"Kadingilan","ID_3":1001306008,"NAME_3":"Mabuhay","NL_NAME_3":null,"VARNAME_3":null,"TYPE_3":"Barangay","ENGTYPE_3":"Village","PROVINCE":"Bukidnon","REGION":"Region X (Northern Mindanao)","id":"barangay-1001306008","name":"Mabuhay","barangayCode":"1001306008","population":null,"formattedPop":null,"densityCategory":"No data","vulnerabilityRating":"No data","healthRiskLevel":"No data","areaKm2":8.639952,"centerLat":7.523272,"centerLng":124.867256,"geometrySource":"all_barangay-2.csv detailed WKT","geometryMatchMethod":"unique_official_admin_names","boundaryPointCount":32},"geometry":{"type":"MultiPolygon","coordinates":[[[[124.88353,7.52692],[124.885658,7.52587],[124.886787,7.52512],[124.889297,7.52213],[124.891296,7.51769],[124.891663,7.51205],[124.890877,7.5081],[124.889557,7.50504],[124.887062,7.5009],[124.885681,7.49787],[124.884193,7.49421],[124.882568,7.49264],[124.880478,7.49034],[124.879387,7.49224],[124.87664,7.49664],[124.874252,7.49963],[124.871979,7.50263],[124.870354,7.5053],[124.869469,7.50778],[124.863403,7.51895],[124.865242,7.51954],[124.86721,7.52094],[124.868263,7.52239],[124.869507,7.52526],[124.870407,7.52893],[124.870918,7.53167],[124.872276,7.53413],[124.875038,7.53307],[124.877983,7.53171],[124.879517,7.53092],[124.88253,7.52852],[124.88353,7.52692]]]]}},{"type":"Feature","properties":{"ID_0":177,"ISO":"PHL","NAME_0":"Philippines","ID_1":10013,"NAME_1":"Bukidnon","ID_2":1001306,"NAME_2":"Kadingilan","ID_3":1001306009,"NAME_3":"Malinao","NL_NAME_3":null,"VARNAME_3":null,"TYPE_3":"Barangay","ENGTYPE_3":"Village","PROVINCE":"Bukidnon","REGION":"Region X (Northern Mindanao)","id":"barangay-1001306009","name":"Malinao","barangayCode":"1001306009","population":null,"formattedPop":null,"densityCategory":"No data","vulnerabilityRating":"No data","healthRiskLevel":"No data","areaKm2":3.963477,"centerLat":7.591607,"centerLng":124.929098,"geometrySource":"all_barangay-2.csv detailed WKT","geometryMatchMethod":"unique_official_admin_names","boundaryPointCount":43},"geometry":{"type":"MultiPolygon","coordinates":[[[[124.922394,7.5871],[124.922699,7.5886],[124.923187,7.58954],[124.92437,7.59137],[124.927147,7.5935],[124.930397,7.59448],[124.934593,7.59617],[124.938202,7.59728],[124.940109,7.59806],[124.943169,7.59953],[124.942383,7.59776],[124.942619,7.59647],[124.943192,7.59545],[124.943138,7.59483],[124.942383,7.5938],[124.941277,7.59203],[124.941101,7.59188],[124.93985,7.59094],[124.938744,7.58955],[124.938454,7.58877],[124.937592,7.58779],[124.936592,7.58727],[124.935349,7.58714],[124.933861,7.58718],[124.933113,7.5862],[124.932953,7.58496],[124.933357,7.58364],[124.933922,7.58243],[124.933647,7.58186],[124.932693,7.5809],[124.931831,7.58038],[124.930519,7.57924],[124.929749,7.57787],[124.92894,7.57691],[124.92765,7.57665],[124.92614,7.57643],[124.925133,7.57559],[124.924782,7.57481],[124.923462,7.57337],[124.923477,7.57628],[124.923248,7.58008],[124.922272,7.58348],[124.922394,7.5871]]]]}},{"type":"Feature","properties":{"ID_0":177,"ISO":"PHL","NAME_0":"Philippines","ID_1":10013,"NAME_1":"Bukidnon","ID_2":1001306,"NAME_2":"Kadingilan","ID_3":1001306010,"NAME_3":"Matampay","NL_NAME_3":null,"VARNAME_3":null,"TYPE_3":"Barangay","ENGTYPE_3":"Village","PROVINCE":"Bukidnon","REGION":"Region X (Northern Mindanao)","id":"barangay-1001306010","name":"Matampay","barangayCode":"1001306010","population":null,"formattedPop":null,"densityCategory":"No data","vulnerabilityRating":"No data","healthRiskLevel":"No data","areaKm2":15.508308,"centerLat":7.516282,"centerLng":124.816379,"geometrySource":"all_barangay-2.csv detailed WKT","geometryMatchMethod":"unique_official_admin_names","boundaryPointCount":98},"geometry":{"type":"MultiPolygon","coordinates":[[[[124.832626,7.55434],[124.836929,7.54272],[124.839828,7.5384],[124.84346,7.53394],[124.840187,7.52988],[124.837784,7.52639],[124.835999,7.52326],[124.833351,7.51784],[124.830589,7.51245],[124.827583,7.50692],[124.824867,7.50238],[124.819054,7.49495],[124.817291,7.49581],[124.81472,7.49598],[124.811333,7.49448],[124.809937,7.49328],[124.807808,7.49126],[124.805801,7.48881],[124.804657,7.48652],[124.802589,7.48347],[124.801292,7.48253],[124.799179,7.48197],[124.797997,7.48133],[124.795433,7.48041],[124.792976,7.47971],[124.790413,7.47956],[124.788887,7.47987],[124.788231,7.48023],[124.788193,7.4813],[124.788773,7.48316],[124.78891,7.48472],[124.788963,7.48567],[124.789192,7.48671],[124.789703,7.48736],[124.790848,7.48795],[124.791344,7.48853],[124.791542,7.48965],[124.79097,7.49063],[124.790573,7.4915],[124.790459,7.49261],[124.790993,7.49359],[124.793297,7.49363],[124.794777,7.49352],[124.796432,7.49467],[124.796257,7.49586],[124.795227,7.49796],[124.794724,7.501],[124.794937,7.50255],[124.796516,7.50435],[124.798653,7.5048],[124.800598,7.50535],[124.801598,7.50709],[124.801582,7.50877],[124.800148,7.5103],[124.798813,7.51264],[124.799072,7.51571],[124.799812,7.51733],[124.801079,7.51758],[124.802879,7.5177],[124.804527,7.5187],[124.805717,7.52069],[124.806412,7.52276],[124.808006,7.5253],[124.808807,7.52774],[124.810677,7.53056],[124.811996,7.53171],[124.813011,7.53225],[124.815269,7.53263],[124.817047,7.53258],[124.81916,7.53449],[124.819344,7.53579],[124.820297,7.53762],[124.821747,7.53828],[124.823929,7.53935],[124.825073,7.54148],[124.823914,7.54483],[124.8228,7.54698],[124.822617,7.54985],[124.823532,7.55226],[124.823807,7.55268],[124.824303,7.55568],[124.825012,7.55834],[124.826309,7.55884],[124.826897,7.55914],[124.828369,7.55946],[124.829453,7.56034],[124.830093,7.56108],[124.830368,7.56134],[124.830803,7.56153],[124.831299,7.56114],[124.831993,7.56064],[124.832092,7.55984],[124.832062,7.55857],[124.832207,7.55754],[124.832092,7.55643],[124.831886,7.55562],[124.83197,7.55505],[124.832626,7.55434]]]]}},{"type":"Feature","properties":{"ID_0":177,"ISO":"PHL","NAME_0":"Philippines","ID_1":10013,"NAME_1":"Bukidnon","ID_2":1001306,"NAME_2":"Kadingilan","ID_3":1001306011,"NAME_3":"Sibonga","NL_NAME_3":null,"VARNAME_3":null,"TYPE_3":"Barangay","ENGTYPE_3":"Village","PROVINCE":"Bukidnon","REGION":"Region X (Northern Mindanao)","id":"barangay-1001306011","name":"Sibonga","barangayCode":"1001306011","population":null,"formattedPop":null,"densityCategory":"No data","vulnerabilityRating":"No data","healthRiskLevel":"No data","areaKm2":5.259691,"centerLat":7.602162,"centerLng":124.872828,"geometrySource":"all_barangay-2.csv detailed WKT","geometryMatchMethod":"unique_official_admin_names","boundaryPointCount":36},"geometry":{"type":"MultiPolygon","coordinates":[[[[124.890213,7.60413],[124.889351,7.60248],[124.888062,7.5998],[124.886177,7.59728],[124.882797,7.59305],[124.879311,7.58926],[124.876312,7.58676],[124.873199,7.58469],[124.869492,7.5831],[124.86554,7.58098],[124.863541,7.5821],[124.862823,7.58356],[124.861214,7.58481],[124.860031,7.58648],[124.86055,7.58789],[124.860931,7.58842],[124.861198,7.58866],[124.863113,7.59031],[124.864807,7.59159],[124.86525,7.59224],[124.865067,7.59436],[124.864616,7.59613],[124.865067,7.59822],[124.865158,7.60093],[124.865807,7.60355],[124.866676,7.60629],[124.866539,7.6091],[124.868057,7.61044],[124.870338,7.61222],[124.872742,7.6141],[124.874573,7.61182],[124.877243,7.60953],[124.880814,7.60765],[124.884354,7.60588],[124.887703,7.60471],[124.890213,7.60413]]]]}},{"type":"Feature","properties":{"ID_0":177,"ISO":"PHL","NAME_0":"Philippines","ID_1":10013,"NAME_1":"Bukidnon","ID_2":1001306,"NAME_2":"Kadingilan","ID_3":1001306012,"NAME_3":"Pay-as","NL_NAME_3":null,"VARNAME_3":null,"TYPE_3":"Barangay","ENGTYPE_3":"Village","PROVINCE":"Bukidnon","REGION":"Region X (Northern Mindanao)","id":"barangay-1001306012","name":"Pay-as","barangayCode":"1001306012","population":null,"formattedPop":null,"densityCategory":"No data","vulnerabilityRating":"No data","healthRiskLevel":"No data","areaKm2":11.738259,"centerLat":7.578983,"centerLng":124.910793,"geometrySource":"all_barangay-2.csv detailed WKT","geometryMatchMethod":"unique_official_admin_names","boundaryPointCount":43},"geometry":{"type":"MultiPolygon","coordinates":[[[[124.919006,7.5885],[124.921288,7.58732],[124.922394,7.5871],[124.922272,7.58348],[124.923248,7.58008],[124.923477,7.57628],[124.923462,7.57337],[124.922447,7.57274],[124.921677,7.57201],[124.920937,7.57133],[124.920227,7.57122],[124.919746,7.57],[124.919441,7.56915],[124.918877,7.56833],[124.917839,7.56793],[124.917389,7.56733],[124.917511,7.56597],[124.917137,7.56517],[124.916481,7.56467],[124.915199,7.56424],[124.914513,7.56416],[124.913078,7.56357],[124.912392,7.56266],[124.912323,7.56192],[124.913033,7.56157],[124.913223,7.56138],[124.91272,7.56031],[124.911522,7.55923],[124.909248,7.55818],[124.907417,7.55753],[124.903732,7.55462],[124.903214,7.55384],[124.901657,7.55178],[124.900917,7.56149],[124.900887,7.56691],[124.901207,7.57223],[124.901039,7.57556],[124.900948,7.5792],[124.899559,7.58622],[124.903763,7.58758],[124.914513,7.58866],[124.917633,7.5884],[124.919006,7.5885]]]]}},{"type":"Feature","properties":{"ID_0":177,"ISO":"PHL","NAME_0":"Philippines","ID_1":10013,"NAME_1":"Bukidnon","ID_2":1001306,"NAME_2":"Kadingilan","ID_3":1001306013,"NAME_3":"Pinamanguhan","NL_NAME_3":null,"VARNAME_3":null,"TYPE_3":"Barangay","ENGTYPE_3":"Village","PROVINCE":"Bukidnon","REGION":"Region X (Northern Mindanao)","id":"barangay-1001306013","name":"Pinamanguhan","barangayCode":"1001306013","population":null,"formattedPop":null,"densityCategory":"No data","vulnerabilityRating":"No data","healthRiskLevel":"No data","areaKm2":16.307128,"centerLat":7.48142,"centerLng":124.868137,"geometrySource":"all_barangay-2.csv detailed WKT","geometryMatchMethod":"unique_official_admin_names","boundaryPointCount":67},"geometry":{"type":"MultiPolygon","coordinates":[[[[124.892776,7.47627],[124.892418,7.47543],[124.891747,7.47442],[124.890984,7.47417],[124.889977,7.47439],[124.889153,7.4737],[124.887878,7.47183],[124.886902,7.47193],[124.8862,7.47238],[124.88501,7.47056],[124.883904,7.46945],[124.882874,7.46851],[124.881599,7.46734],[124.880592,7.46491],[124.880547,7.46365],[124.880234,7.46221],[124.878799,7.46153],[124.878387,7.46014],[124.879677,7.45815],[124.879883,7.45714],[124.878998,7.4555],[124.878242,7.45316],[124.877258,7.45161],[124.876381,7.45009],[124.875557,7.44724],[124.875092,7.44531],[124.875,7.4431],[124.874901,7.44134],[124.875221,7.43919],[124.875557,7.43816],[124.876282,7.43644],[124.875969,7.4357],[124.874977,7.43531],[124.874039,7.43502],[124.873596,7.43409],[124.873863,7.43307],[124.874046,7.43276],[124.873444,7.43231],[124.871597,7.4317],[124.869881,7.43125],[124.867493,7.43118],[124.864563,7.43203],[124.860878,7.43402],[124.858177,7.43601],[124.854424,7.43923],[124.852676,7.44118],[124.852203,7.44179],[124.85363,7.44427],[124.855217,7.44846],[124.85788,7.4531],[124.859016,7.45461],[124.861267,7.4587],[124.863747,7.46372],[124.864571,7.4662],[124.866592,7.47234],[124.868881,7.47723],[124.870407,7.4797],[124.872757,7.48279],[124.875099,7.48502],[124.876892,7.48677],[124.880478,7.49034],[124.881828,7.48858],[124.883827,7.48611],[124.885406,7.48235],[124.888802,7.4794],[124.891273,7.47684],[124.892776,7.47627]]]]}},{"type":"Feature","properties":{"ID_0":177,"ISO":"PHL","NAME_0":"Philippines","ID_1":10013,"NAME_1":"Bukidnon","ID_2":1001306,"NAME_2":"Kadingilan","ID_3":1001306014,"NAME_3":"Poblacion","NL_NAME_3":null,"VARNAME_3":null,"TYPE_3":"Barangay","ENGTYPE_3":"Village","PROVINCE":"Bukidnon","REGION":"Region X (Northern Mindanao)","id":"barangay-1001306014","name":"Poblacion","barangayCode":"1001306014","population":null,"formattedPop":null,"densityCategory":"No data","vulnerabilityRating":"No data","healthRiskLevel":"No data","areaKm2":10.531686,"centerLat":7.605221,"centerLng":124.904909,"geometrySource":"all_barangay-2.csv detailed WKT","geometryMatchMethod":"unique_official_admin_names","boundaryPointCount":48},"geometry":{"type":"MultiPolygon","coordinates":[[[[124.926086,7.60486],[124.925598,7.60346],[124.925568,7.60173],[124.924637,7.59817],[124.923859,7.5961],[124.921982,7.59257],[124.920929,7.59094],[124.919006,7.5885],[124.917633,7.5884],[124.914513,7.58866],[124.903763,7.58758],[124.899559,7.58622],[124.892281,7.58388],[124.888107,7.58204],[124.88298,7.57944],[124.877281,7.57642],[124.873627,7.57459],[124.867897,7.57188],[124.868431,7.57449],[124.868736,7.57572],[124.868217,7.57788],[124.867607,7.57946],[124.866608,7.5808],[124.86554,7.58098],[124.869492,7.5831],[124.873199,7.58469],[124.876312,7.58676],[124.879311,7.58926],[124.882797,7.59305],[124.886177,7.59728],[124.888062,7.5998],[124.889351,7.60248],[124.890213,7.60413],[124.891602,7.60402],[124.892799,7.60415],[124.893288,7.60608],[124.895683,7.60803],[124.897011,7.60878],[124.899879,7.60939],[124.902237,7.60951],[124.909157,7.60984],[124.914467,7.60997],[124.916786,7.6099],[124.921333,7.60973],[124.92205,7.60829],[124.922638,7.60709],[124.924782,7.60533],[124.926086,7.60486]]]]}},{"type":"Feature","properties":{"ID_0":177,"ISO":"PHL","NAME_0":"Philippines","ID_1":10013,"NAME_1":"Bukidnon","ID_2":1001306,"NAME_2":"Kadingilan","ID_3":1001306015,"NAME_3":"Salvacion","NL_NAME_3":null,"VARNAME_3":null,"TYPE_3":"Barangay","ENGTYPE_3":"Village","PROVINCE":"Bukidnon","REGION":"Region X (Northern Mindanao)","id":"barangay-1001306015","name":"Salvacion","barangayCode":"1001306015","population":null,"formattedPop":null,"densityCategory":"No data","vulnerabilityRating":"No data","healthRiskLevel":"No data","areaKm2":7.133982,"centerLat":7.620525,"centerLng":124.929172,"geometrySource":"all_barangay-2.csv detailed WKT","geometryMatchMethod":"unique_official_admin_names","boundaryPointCount":21},"geometry":{"type":"MultiPolygon","coordinates":[[[[124.928383,7.63222],[124.943161,7.62744],[124.942612,7.627],[124.94239,7.6264],[124.942047,7.62448],[124.942833,7.62302],[124.945503,7.62168],[124.947327,7.62078],[124.948387,7.61906],[124.948479,7.61681],[124.944267,7.61388],[124.939697,7.61167],[124.934669,7.60958],[124.928337,7.60613],[124.926086,7.60486],[124.924782,7.60533],[124.922638,7.60709],[124.92205,7.60829],[124.921333,7.60973],[124.916367,7.63151],[124.928383,7.63222]]]]}},{"type":"Feature","properties":{"ID_0":177,"ISO":"PHL","NAME_0":"Philippines","ID_1":10013,"NAME_1":"Bukidnon","ID_2":1001306,"NAME_2":"Kadingilan","ID_3":1001306016,"NAME_3":"San Andres","NL_NAME_3":null,"VARNAME_3":null,"TYPE_3":"Barangay","ENGTYPE_3":"Village","PROVINCE":"Bukidnon","REGION":"Region X (Northern Mindanao)","id":"barangay-1001306016","name":"San Andres","barangayCode":"1001306016","population":null,"formattedPop":null,"densityCategory":"No data","vulnerabilityRating":"No data","healthRiskLevel":"No data","areaKm2":7.376665,"centerLat":7.540255,"centerLng":124.882196,"geometrySource":"all_barangay-2.csv detailed WKT","geometryMatchMethod":"unique_official_admin_names","boundaryPointCount":20},"geometry":{"type":"MultiPolygon","coordinates":[[[[124.859512,7.54981],[124.901657,7.55178],[124.899643,7.54793],[124.898216,7.54336],[124.899002,7.53948],[124.900139,7.53887],[124.901482,7.53771],[124.902992,7.53639],[124.903358,7.53525],[124.88353,7.52692],[124.88253,7.52852],[124.879517,7.53092],[124.877983,7.53171],[124.875038,7.53307],[124.872276,7.53413],[124.859543,7.54521],[124.858658,7.54638],[124.857964,7.54733],[124.858223,7.54826],[124.859512,7.54981]]]]}},{"type":"Feature","properties":{"ID_0":177,"ISO":"PHL","NAME_0":"Philippines","ID_1":10013,"NAME_1":"Bukidnon","ID_2":1001306,"NAME_2":"Kadingilan","ID_3":1001306017,"NAME_3":"Kibogtok","NL_NAME_3":null,"VARNAME_3":null,"TYPE_3":"Barangay","ENGTYPE_3":"Village","PROVINCE":"Bukidnon","REGION":"Region X (Northern Mindanao)","id":"barangay-1001306017","name":"Kibogtok","barangayCode":"1001306017","population":null,"formattedPop":null,"densityCategory":"No data","vulnerabilityRating":"No data","healthRiskLevel":"No data","areaKm2":6.874283,"centerLat":7.577,"centerLng":124.876579,"geometrySource":"all_barangay-2.csv detailed WKT","geometryMatchMethod":"unique_official_admin_names","boundaryPointCount":20},"geometry":{"type":"MultiPolygon","coordinates":[[[[124.916367,7.63151],[124.921333,7.60973],[124.916786,7.6099],[124.914467,7.60997],[124.909157,7.60984],[124.902237,7.60951],[124.899879,7.60939],[124.897011,7.60878],[124.895683,7.60803],[124.893288,7.60608],[124.892799,7.60415],[124.891602,7.60402],[124.890213,7.60413],[124.892967,7.60945],[124.89489,7.616],[124.89727,7.62222],[124.898087,7.63127],[124.901741,7.63149],[124.914787,7.63169],[124.916367,7.63151]]]]}},{"type":"Feature","properties":{"ID_0":177,"ISO":"PHL","NAME_0":"Philippines","ID_1":10013,"NAME_1":"Bukidnon","ID_2":1001307,"NAME_2":"Kalilangan","ID_3":1001307001,"NAME_3":"Bangbang","NL_NAME_3":null,"VARNAME_3":null,"TYPE_3":"Barangay","ENGTYPE_3":"Village","PROVINCE":"Bukidnon","REGION":"Region X (Northern Mindanao)","id":"barangay-1001307001","name":"Bangbang","barangayCode":"1001307001","population":null,"formattedPop":null,"densityCategory":"No data","vulnerabilityRating":"No data","healthRiskLevel":"No data","areaKm2":9.287856,"centerLat":7.799567,"centerLng":124.762542,"geometrySource":"all_barangay-2.csv detailed WKT","geometryMatchMethod":"unique_official_admin_names","boundaryPointCount":15},"geometry":{"type":"MultiPolygon","coordinates":[[[[124.785858,7.78677],[124.784523,7.78395],[124.785454,7.7782],[124.788567,7.76536],[124.755997,7.76389],[124.756363,7.76433],[124.757721,7.76594],[124.758926,7.76756],[124.75975,7.77035],[124.760132,7.77445],[124.760201,7.77696],[124.760078,7.78069],[124.759811,7.7828],[124.75959,7.78726],[124.785858,7.78677]]]]}},{"type":"Feature","properties":{"ID_0":177,"ISO":"PHL","NAME_0":"Philippines","ID_1":10013,"NAME_1":"Bukidnon","ID_2":1001307,"NAME_2":"Kalilangan","ID_3":1001307002,"NAME_3":"Baborawon","NL_NAME_3":null,"VARNAME_3":null,"TYPE_3":"Barangay","ENGTYPE_3":"Village","PROVINCE":"Bukidnon","REGION":"Region X (Northern Mindanao)","id":"barangay-1001307002","name":"Baborawon","barangayCode":"1001307002","population":null,"formattedPop":null,"densityCategory":"No data","vulnerabilityRating":"No data","healthRiskLevel":"No data","areaKm2":11.967398,"centerLat":7.830343,"centerLng":124.737987,"geometrySource":"all_barangay-2.csv detailed WKT","geometryMatchMethod":"unique_official_admin_names","boundaryPointCount":71},"geometry":{"type":"MultiPolygon","coordinates":[[[[124.723984,7.85221],[124.741753,7.83357],[124.750229,7.82424],[124.754578,7.82107],[124.755653,7.81884],[124.75975,7.81449],[124.766357,7.80762],[124.767174,7.80609],[124.770477,7.80203],[124.773628,7.80002],[124.774986,7.79858],[124.785858,7.78677],[124.75959,7.78726],[124.743462,7.7866],[124.711067,7.78649],[124.711479,7.78698],[124.712097,7.78716],[124.713203,7.78767],[124.714371,7.78832],[124.715286,7.78881],[124.717743,7.79002],[124.71859,7.79049],[124.719856,7.79183],[124.720741,7.79332],[124.721283,7.79437],[124.721497,7.79564],[124.721863,7.79657],[124.722649,7.79689],[124.723877,7.79806],[124.723709,7.79821],[124.72348,7.79887],[124.723961,7.80022],[124.723877,7.80092],[124.724052,7.80235],[124.724197,7.803],[124.723488,7.80468],[124.723663,7.80581],[124.724091,7.8073],[124.723671,7.80832],[124.72303,7.80921],[124.723328,7.80966],[124.723984,7.80979],[124.724907,7.81047],[124.726044,7.81172],[124.726738,7.81278],[124.727051,7.8142],[124.726753,7.81645],[124.726837,7.81802],[124.726723,7.81963],[124.726242,7.82114],[124.725647,7.82245],[124.725258,7.82386],[124.724533,7.82487],[124.724411,7.8261],[124.72464,7.82795],[124.72451,7.82947],[124.724457,7.83242],[124.724327,7.83345],[124.723953,7.83558],[124.723351,7.83707],[124.72406,7.83943],[124.724319,7.8406],[124.724136,7.84289],[124.723633,7.84407],[124.722733,7.8447],[124.72242,7.84548],[124.72245,7.84745],[124.722313,7.84885],[124.722481,7.84987],[124.723312,7.85131],[124.723984,7.85221]]]]}},{"type":"Feature","properties":{"ID_0":177,"ISO":"PHL","NAME_0":"Philippines","ID_1":10013,"NAME_1":"Bukidnon","ID_2":1001307,"NAME_2":"Kalilangan","ID_3":1001307003,"NAME_3":"Canituan","NL_NAME_3":null,"VARNAME_3":null,"TYPE_3":"Barangay","ENGTYPE_3":"Village","PROVINCE":"Bukidnon","REGION":"Region X (Northern Mindanao)","id":"barangay-1001307003","name":"Canituan","barangayCode":"1001307003","population":null,"formattedPop":null,"densityCategory":"No data","vulnerabilityRating":"No data","healthRiskLevel":"No data","areaKm2":9.088786,"centerLat":7.77966,"centerLng":124.731165,"geometrySource":"all_barangay-2.csv detailed WKT","geometryMatchMethod":"unique_official_admin_names","boundaryPointCount":50},"geometry":{"type":"MultiPolygon","coordinates":[[[[124.743462,7.7866],[124.743378,7.78582],[124.744492,7.78056],[124.744766,7.77546],[124.744324,7.77157],[124.74382,7.76897],[124.743057,7.76634],[124.742531,7.76333],[124.742661,7.76039],[124.742653,7.75957],[124.742889,7.75665],[124.74382,7.75283],[124.744186,7.75039],[124.744308,7.74818],[124.743881,7.74525],[124.726837,7.74467],[124.725609,7.74488],[124.72403,7.74584],[124.722267,7.74649],[124.720261,7.74696],[124.718971,7.74816],[124.718781,7.7491],[124.717278,7.75156],[124.716454,7.75247],[124.715652,7.75493],[124.714333,7.75635],[124.712532,7.75776],[124.712082,7.75917],[124.712563,7.76007],[124.712593,7.7609],[124.71244,7.76177],[124.711823,7.76317],[124.711647,7.76366],[124.711578,7.7652],[124.711472,7.76762],[124.711143,7.76869],[124.710617,7.77036],[124.710274,7.77203],[124.710037,7.7728],[124.709877,7.77393],[124.709778,7.77581],[124.709831,7.7766],[124.710083,7.77766],[124.710487,7.7789],[124.71067,7.77993],[124.710922,7.78036],[124.711143,7.78214],[124.711014,7.78447],[124.711067,7.78649],[124.743462,7.7866]]]]}},{"type":"Feature","properties":{"ID_0":177,"ISO":"PHL","NAME_0":"Philippines","ID_1":10013,"NAME_1":"Bukidnon","ID_2":1001307,"NAME_2":"Kalilangan","ID_3":1001307004,"NAME_3":"Kibaning","NL_NAME_3":null,"VARNAME_3":null,"TYPE_3":"Barangay","ENGTYPE_3":"Village","PROVINCE":"Bukidnon","REGION":"Region X (Northern Mindanao)","id":"barangay-1001307004","name":"Kibaning","barangayCode":"1001307004","population":null,"formattedPop":null,"densityCategory":"No data","vulnerabilityRating":"No data","healthRiskLevel":"No data","areaKm2":5.757509,"centerLat":7.798698,"centerLng":124.737283,"geometrySource":"all_barangay-2.csv detailed WKT","geometryMatchMethod":"unique_official_admin_names","boundaryPointCount":26},"geometry":{"type":"MultiPolygon","coordinates":[[[[124.75959,7.78726],[124.759811,7.7828],[124.760078,7.78069],[124.760201,7.77696],[124.760132,7.77445],[124.75975,7.77035],[124.758926,7.76756],[124.757721,7.76594],[124.756363,7.76433],[124.755997,7.76389],[124.754356,7.76245],[124.753448,7.76194],[124.751556,7.76146],[124.749298,7.76121],[124.747017,7.7608],[124.744667,7.76055],[124.742661,7.76039],[124.742531,7.76333],[124.743057,7.76634],[124.74382,7.76897],[124.744324,7.77157],[124.744766,7.77546],[124.744492,7.78056],[124.743378,7.78582],[124.743462,7.7866],[124.75959,7.78726]]]]}},{"type":"Feature","properties":{"ID_0":177,"ISO":"PHL","NAME_0":"Philippines","ID_1":10013,"NAME_1":"Bukidnon","ID_2":1001307,"NAME_2":"Kalilangan","ID_3":1001307005,"NAME_3":"Kinura","NL_NAME_3":null,"VARNAME_3":null,"TYPE_3":"Barangay","ENGTYPE_3":"Village","PROVINCE":"Bukidnon","REGION":"Region X (Northern Mindanao)","id":"barangay-1001307005","name":"Kinura","barangayCode":"1001307005","population":null,"formattedPop":null,"densityCategory":"No data","vulnerabilityRating":"No data","healthRiskLevel":"No data","areaKm2":8.836803,"centerLat":7.77356,"centerLng":124.763341,"geometrySource":"all_barangay-2.csv detailed WKT","geometryMatchMethod":"unique_official_admin_names","boundaryPointCount":19},"geometry":{"type":"MultiPolygon","coordinates":[[[[124.755997,7.76389],[124.788567,7.76536],[124.792542,7.74784],[124.793121,7.74545],[124.752937,7.74535],[124.743881,7.74525],[124.744308,7.74818],[124.744186,7.75039],[124.74382,7.75283],[124.742889,7.75665],[124.742653,7.75957],[124.742661,7.76039],[124.744667,7.76055],[124.747017,7.7608],[124.749298,7.76121],[124.751556,7.76146],[124.753448,7.76194],[124.754356,7.76245],[124.755997,7.76389]]]]}},{"type":"Feature","properties":{"ID_0":177,"ISO":"PHL","NAME_0":"Philippines","ID_1":10013,"NAME_1":"Bukidnon","ID_2":1001307,"NAME_2":"Kalilangan","ID_3":1001307006,"NAME_3":"Lampanusan","NL_NAME_3":null,"VARNAME_3":null,"TYPE_3":"Barangay","ENGTYPE_3":"Village","PROVINCE":"Bukidnon","REGION":"Region X (Northern Mindanao)","id":"barangay-1001307006","name":"Lampanusan","barangayCode":"1001307006","population":null,"formattedPop":null,"densityCategory":"No data","vulnerabilityRating":"No data","healthRiskLevel":"No data","areaKm2":17.34098,"centerLat":7.65533,"centerLng":124.780596,"geometrySource":"all_barangay-2.csv detailed WKT","geometryMatchMethod":"unique_official_admin_names","boundaryPointCount":76},"geometry":{"type":"MultiPolygon","coordinates":[[[[124.768921,7.66847],[124.775597,7.66807],[124.775307,7.66441],[124.802513,7.66545],[124.801033,7.66234],[124.801437,7.65983],[124.801147,7.65762],[124.801804,7.65555],[124.802208,7.65465],[124.802406,7.65412],[124.803627,7.65316],[124.803886,7.65298],[124.804604,7.65169],[124.805054,7.65112],[124.805183,7.65052],[124.805122,7.64992],[124.804764,7.64886],[124.804443,7.64775],[124.804482,7.64641],[124.804642,7.64483],[124.804161,7.64365],[124.803596,7.64328],[124.804039,7.64213],[124.804741,7.64172],[124.804642,7.64114],[124.804047,7.64003],[124.803963,7.63923],[124.80349,7.63805],[124.803238,7.63722],[124.802368,7.63558],[124.801193,7.63468],[124.800568,7.63463],[124.800217,7.63447],[124.800308,7.63304],[124.7994,7.63205],[124.798393,7.63055],[124.79863,7.63046],[124.799637,7.63016],[124.797241,7.62796],[124.794312,7.62792],[124.793488,7.62834],[124.793358,7.63049],[124.79332,7.63119],[124.792007,7.63151],[124.79055,7.63145],[124.789268,7.63226],[124.786789,7.63413],[124.784973,7.63433],[124.782509,7.6335],[124.781982,7.63453],[124.781517,7.63513],[124.779877,7.63574],[124.776978,7.63633],[124.774902,7.63648],[124.773216,7.637],[124.773987,7.63949],[124.774658,7.64173],[124.774712,7.64358],[124.77317,7.64355],[124.77269,7.64264],[124.771584,7.64286],[124.769592,7.6443],[124.767273,7.64524],[124.763741,7.64595],[124.760353,7.64716],[124.758034,7.64881],[124.755608,7.65112],[124.753799,7.65322],[124.753418,7.65483],[124.755028,7.65714],[124.755447,7.65846],[124.755302,7.66043],[124.754784,7.66318],[124.753822,7.66586],[124.753082,7.6679],[124.768921,7.66847]]]]}},{"type":"Feature","properties":{"ID_0":177,"ISO":"PHL","NAME_0":"Philippines","ID_1":10013,"NAME_1":"Bukidnon","ID_2":1001307,"NAME_2":"Kalilangan","ID_3":1001307007,"NAME_3":"Maca-opao","NL_NAME_3":null,"VARNAME_3":null,"TYPE_3":"Barangay","ENGTYPE_3":"Village","PROVINCE":"Bukidnon","REGION":"Region X (Northern Mindanao)","id":"barangay-1001307007","name":"Maca-opao","barangayCode":"1001307007","population":null,"formattedPop":null,"densityCategory":"No data","vulnerabilityRating":"No data","healthRiskLevel":"No data","areaKm2":12.397428,"centerLat":7.706628,"centerLng":124.749292,"geometrySource":"all_barangay-2.csv detailed WKT","geometryMatchMethod":"unique_official_admin_names","boundaryPointCount":43},"geometry":{"type":"MultiPolygon","coordinates":[[[[124.770714,7.70602],[124.766518,7.69762],[124.768921,7.66847],[124.753082,7.6679],[124.753189,7.67037],[124.754997,7.67243],[124.755402,7.67374],[124.755241,7.67446],[124.754517,7.67567],[124.753357,7.67599],[124.753059,7.67806],[124.753113,7.67986],[124.752243,7.68151],[124.750366,7.6817],[124.749039,7.68163],[124.747253,7.68183],[124.74588,7.68272],[124.744293,7.68386],[124.743233,7.68406],[124.741928,7.68279],[124.741203,7.68282],[124.741386,7.68409],[124.741302,7.68543],[124.7407,7.68684],[124.740448,7.68815],[124.740562,7.68872],[124.741043,7.69051],[124.740311,7.69172],[124.740013,7.69365],[124.740593,7.69546],[124.740562,7.69629],[124.738007,7.69676],[124.736969,7.6977],[124.736763,7.69898],[124.736153,7.69956],[124.733902,7.69885],[124.732964,7.69917],[124.732552,7.70092],[124.731972,7.70105],[124.729927,7.70076],[124.728912,7.70124],[124.728943,7.70304],[124.770714,7.70602]]]]}},{"type":"Feature","properties":{"ID_0":177,"ISO":"PHL","NAME_0":"Philippines","ID_1":10013,"NAME_1":"Bukidnon","ID_2":1001307,"NAME_2":"Kalilangan","ID_3":1001307008,"NAME_3":"Malinao","NL_NAME_3":null,"VARNAME_3":null,"TYPE_3":"Barangay","ENGTYPE_3":"Village","PROVINCE":"Bukidnon","REGION":"Region X (Northern Mindanao)","id":"barangay-1001307008","name":"Malinao","barangayCode":"1001307008","population":null,"formattedPop":null,"densityCategory":"No data","vulnerabilityRating":"No data","healthRiskLevel":"No data","areaKm2":47.588113,"centerLat":7.822922,"centerLng":124.698887,"geometrySource":"all_barangay-2.csv detailed WKT","geometryMatchMethod":"unique_official_admin_names","boundaryPointCount":194},"geometry":{"type":"MultiPolygon","coordinates":[[[[124.723053,7.85408],[124.723984,7.85221],[124.723312,7.85131],[124.722481,7.84987],[124.722313,7.84885],[124.72245,7.84745],[124.72242,7.84548],[124.722733,7.8447],[124.723633,7.84407],[124.724136,7.84289],[124.724319,7.8406],[124.72406,7.83943],[124.723351,7.83707],[124.723953,7.83558],[124.724327,7.83345],[124.724457,7.83242],[124.72451,7.82947],[124.72464,7.82795],[124.724411,7.8261],[124.724533,7.82487],[124.725258,7.82386],[124.725647,7.82245],[124.726242,7.82114],[124.726723,7.81963],[124.726837,7.81802],[124.726753,7.81645],[124.727051,7.8142],[124.726738,7.81278],[124.726044,7.81172],[124.724907,7.81047],[124.723984,7.80979],[124.723328,7.80966],[124.72303,7.80921],[124.723671,7.80832],[124.724091,7.8073],[124.723663,7.80581],[124.723488,7.80468],[124.724197,7.803],[124.724052,7.80235],[124.723877,7.80092],[124.723961,7.80022],[124.72348,7.79887],[124.723709,7.79821],[124.723877,7.79806],[124.722649,7.79689],[124.721863,7.79657],[124.721497,7.79564],[124.721283,7.79437],[124.720741,7.79332],[124.719856,7.79183],[124.71859,7.79049],[124.717743,7.79002],[124.715286,7.78881],[124.714371,7.78832],[124.713203,7.78767],[124.712097,7.78716],[124.711479,7.78698],[124.711067,7.78649],[124.711014,7.78447],[124.711143,7.78214],[124.710922,7.78036],[124.71067,7.77993],[124.710487,7.7789],[124.710083,7.77766],[124.709831,7.7766],[124.709778,7.77581],[124.709877,7.77393],[124.710037,7.7728],[124.710274,7.77203],[124.710617,7.77036],[124.711143,7.76869],[124.711472,7.76762],[124.711578,7.7652],[124.711647,7.76366],[124.711823,7.76317],[124.71244,7.76177],[124.712593,7.7609],[124.712563,7.76007],[124.712082,7.75917],[124.712532,7.75776],[124.714333,7.75635],[124.715652,7.75493],[124.716454,7.75247],[124.717278,7.75156],[124.718781,7.7491],[124.718971,7.74816],[124.717613,7.74734],[124.716217,7.74838],[124.715927,7.74953],[124.714706,7.75113],[124.71357,7.75135],[124.712173,7.75111],[124.711273,7.751],[124.710968,7.75108],[124.71067,7.75161],[124.710289,7.75211],[124.708679,7.75358],[124.707611,7.75507],[124.707352,7.75648],[124.706993,7.7594],[124.70713,7.76061],[124.70739,7.76175],[124.70755,7.76326],[124.707321,7.7648],[124.706993,7.76546],[124.706543,7.76848],[124.706062,7.76947],[124.704857,7.77027],[124.704559,7.77045],[124.70417,7.77171],[124.704521,7.77301],[124.704407,7.77399],[124.704178,7.77517],[124.703499,7.77635],[124.70314,7.77682],[124.702118,7.77846],[124.701393,7.77958],[124.701103,7.77998],[124.700081,7.78038],[124.699287,7.78133],[124.698479,7.78271],[124.697952,7.78354],[124.696983,7.78361],[124.695381,7.78556],[124.69458,7.78603],[124.693001,7.78684],[124.691902,7.78713],[124.689972,7.78802],[124.689537,7.78836],[124.689178,7.78878],[124.688477,7.78953],[124.6875,7.79016],[124.686813,7.79036],[124.685043,7.79183],[124.684013,7.79289],[124.68351,7.79332],[124.682259,7.79443],[124.680847,7.79586],[124.680527,7.79622],[124.680153,7.79747],[124.680023,7.79834],[124.679787,7.79958],[124.678841,7.80128],[124.678307,7.80225],[124.677383,7.80221],[124.676582,7.80288],[124.676483,7.80389],[124.675629,7.80524],[124.675194,7.80633],[124.674828,7.8072],[124.673607,7.80868],[124.672958,7.80923],[124.672768,7.81059],[124.672958,7.81187],[124.672638,7.81344],[124.672302,7.81394],[124.67189,7.81477],[124.671463,7.81606],[124.670647,7.8172],[124.67012,7.81806],[124.669113,7.81862],[124.668167,7.819],[124.667473,7.81937],[124.666786,7.82015],[124.665863,7.82086],[124.664307,7.82281],[124.663643,7.82458],[124.663223,7.82543],[124.662277,7.82746],[124.662277,7.82881],[124.662537,7.82969],[124.662613,7.83088],[124.66217,7.8318],[124.661842,7.83298],[124.661469,7.83387],[124.66143,7.83425],[124.661209,7.83531],[124.660599,7.83598],[124.660133,7.8359],[124.65934,7.83585],[124.658783,7.83628],[124.657654,7.83669],[124.656914,7.83606],[124.656013,7.83536],[124.655373,7.83512],[124.654617,7.83519],[124.6539,7.83565],[124.652527,7.83644],[124.649902,7.83738],[124.669006,7.84588],[124.685951,7.85226],[124.705238,7.87371],[124.717323,7.86223],[124.723053,7.85408]]]]}},{"type":"Feature","properties":{"ID_0":177,"ISO":"PHL","NAME_0":"Philippines","ID_1":10013,"NAME_1":"Bukidnon","ID_2":1001307,"NAME_2":"Kalilangan","ID_3":1001307009,"NAME_3":"Pamotolon","NL_NAME_3":null,"VARNAME_3":null,"TYPE_3":"Barangay","ENGTYPE_3":"Village","PROVINCE":"Bukidnon","REGION":"Region X (Northern Mindanao)","id":"barangay-1001307009","name":"Pamotolon","barangayCode":"1001307009","population":null,"formattedPop":null,"densityCategory":"No data","vulnerabilityRating":"No data","healthRiskLevel":"No data","areaKm2":6.01584,"centerLat":7.754013,"centerLng":124.72583,"geometrySource":"all_barangay-2.csv detailed WKT","geometryMatchMethod":"unique_official_admin_names","boundaryPointCount":51},"geometry":{"type":"MultiPolygon","coordinates":[[[[124.738274,7.72962],[124.741913,7.72939],[124.742996,7.72924],[124.74498,7.72935],[124.747818,7.72918],[124.751312,7.72878],[124.755379,7.72818],[124.757942,7.72769],[124.761147,7.72681],[124.763893,7.72631],[124.766434,7.72611],[124.768387,7.72569],[124.771629,7.72452],[124.773483,7.7235],[124.774803,7.72196],[124.776573,7.71996],[124.777443,7.71865],[124.778343,7.71507],[124.779007,7.71165],[124.779427,7.70787],[124.770714,7.70602],[124.728943,7.70304],[124.729301,7.7046],[124.729378,7.70594],[124.72892,7.70744],[124.729088,7.70878],[124.729401,7.7102],[124.728943,7.71205],[124.727837,7.71378],[124.72657,7.71547],[124.725639,7.71742],[124.725433,7.71868],[124.725761,7.71939],[124.727074,7.71941],[124.728127,7.71888],[124.729462,7.71821],[124.729958,7.71837],[124.729797,7.71977],[124.729942,7.72048],[124.731361,7.7208],[124.73204,7.722],[124.733566,7.72414],[124.734283,7.7255],[124.734894,7.72534],[124.735878,7.7244],[124.736053,7.7253],[124.735878,7.72623],[124.73661,7.72717],[124.73735,7.72789],[124.737953,7.72899],[124.738274,7.72962]]]]}},{"type":"Feature","properties":{"ID_0":177,"ISO":"PHL","NAME_0":"Philippines","ID_1":10013,"NAME_1":"Bukidnon","ID_2":1001307,"NAME_2":"Kalilangan","ID_3":1001307010,"NAME_3":"Poblacion","NL_NAME_3":null,"VARNAME_3":null,"TYPE_3":"Barangay","ENGTYPE_3":"Village","PROVINCE":"Bukidnon","REGION":"Region X (Northern Mindanao)","id":"barangay-1001307010","name":"Poblacion","barangayCode":"1001307010","population":null,"formattedPop":null,"densityCategory":"No data","vulnerabilityRating":"No data","healthRiskLevel":"No data","areaKm2":1.816663,"centerLat":7.742771,"centerLng":124.748036,"geometrySource":"all_barangay-2.csv detailed WKT","geometryMatchMethod":"unique_official_admin_names","boundaryPointCount":22},"geometry":{"type":"MultiPolygon","coordinates":[[[[124.752937,7.74535],[124.752357,7.7442],[124.751846,7.74321],[124.750877,7.74114],[124.749786,7.73945],[124.747559,7.73684],[124.745644,7.73464],[124.744057,7.73255],[124.742668,7.73034],[124.741913,7.72939],[124.738274,7.72962],[124.738342,7.73086],[124.738823,7.73247],[124.739853,7.73424],[124.741112,7.73526],[124.742241,7.73628],[124.743332,7.73756],[124.743843,7.73929],[124.743492,7.74202],[124.743294,7.74406],[124.743881,7.74525],[124.752937,7.74535]]]]}},{"type":"Feature","properties":{"ID_0":177,"ISO":"PHL","NAME_0":"Philippines","ID_1":10013,"NAME_1":"Bukidnon","ID_2":1001307,"NAME_2":"Kalilangan","ID_3":1001307012,"NAME_3":"Public","NL_NAME_3":null,"VARNAME_3":null,"TYPE_3":"Barangay","ENGTYPE_3":"Village","PROVINCE":"Bukidnon","REGION":"Region X (Northern Mindanao)","id":"barangay-1001307012","name":"Public","barangayCode":"1001307012","population":null,"formattedPop":null,"densityCategory":"No data","vulnerabilityRating":"No data","healthRiskLevel":"No data","areaKm2":25.840706,"centerLat":7.701825,"centerLng":124.780422,"geometrySource":"all_barangay-2.csv detailed WKT","geometryMatchMethod":"unique_official_admin_names","boundaryPointCount":42},"geometry":{"type":"MultiPolygon","coordinates":[[[[124.795776,7.70704],[124.795189,7.70561],[124.795059,7.70488],[124.794647,7.70358],[124.793716,7.70183],[124.793999,7.70128],[124.794327,7.70082],[124.79364,7.69997],[124.793068,7.69902],[124.79287,7.69761],[124.793251,7.69651],[124.79435,7.69538],[124.794991,7.6941],[124.794601,7.69257],[124.794083,7.69154],[124.79409,7.69096],[124.793877,7.69018],[124.793549,7.68909],[124.793266,7.68789],[124.793694,7.68661],[124.793777,7.68568],[124.793678,7.68456],[124.794243,7.68341],[124.794456,7.68244],[124.795029,7.68122],[124.795082,7.68055],[124.795647,7.67957],[124.796066,7.67911],[124.796448,7.6783],[124.797081,7.67713],[124.797653,7.6758],[124.798508,7.67396],[124.798737,7.67299],[124.800919,7.66945],[124.802513,7.66545],[124.775307,7.66441],[124.775597,7.66807],[124.768921,7.66847],[124.766518,7.69762],[124.770714,7.70602],[124.779427,7.70787],[124.795776,7.70704]]]]}},{"type":"Feature","properties":{"ID_0":177,"ISO":"PHL","NAME_0":"Philippines","ID_1":10013,"NAME_1":"Bukidnon","ID_2":1001307,"NAME_2":"Kalilangan","ID_3":1001307013,"NAME_3":"Ninoy Aquino","NL_NAME_3":null,"VARNAME_3":null,"TYPE_3":"Barangay","ENGTYPE_3":"Village","PROVINCE":"Bukidnon","REGION":"Region X (Northern Mindanao)","id":"barangay-1001307013","name":"Ninoy Aquino","barangayCode":"1001307013","population":null,"formattedPop":null,"densityCategory":"No data","vulnerabilityRating":"No data","healthRiskLevel":"No data","areaKm2":18.966836,"centerLat":7.744294,"centerLng":124.770692,"geometrySource":"all_barangay-2.csv detailed WKT","geometryMatchMethod":"unique_official_admin_names","boundaryPointCount":48},"geometry":{"type":"MultiPolygon","coordinates":[[[[124.793121,7.74545],[124.794456,7.7409],[124.795311,7.73567],[124.795738,7.73334],[124.79631,7.73066],[124.797401,7.72964],[124.797623,7.72808],[124.798103,7.72617],[124.798286,7.72274],[124.798767,7.72014],[124.798576,7.71873],[124.797691,7.71712],[124.796806,7.71518],[124.796799,7.71345],[124.796989,7.71251],[124.796577,7.71184],[124.79567,7.70983],[124.795609,7.70826],[124.795776,7.70704],[124.779427,7.70787],[124.779007,7.71165],[124.778343,7.71507],[124.777443,7.71865],[124.776573,7.71996],[124.774803,7.72196],[124.773483,7.7235],[124.771629,7.72452],[124.768387,7.72569],[124.766434,7.72611],[124.763893,7.72631],[124.761147,7.72681],[124.757942,7.72769],[124.755379,7.72818],[124.751312,7.72878],[124.747818,7.72918],[124.74498,7.72935],[124.742996,7.72924],[124.741913,7.72939],[124.742668,7.73034],[124.744057,7.73255],[124.745644,7.73464],[124.747559,7.73684],[124.749786,7.73945],[124.750877,7.74114],[124.751846,7.74321],[124.752357,7.7442],[124.752937,7.74535],[124.793121,7.74545]]]]}},{"type":"Feature","properties":{"ID_0":177,"ISO":"PHL","NAME_0":"Philippines","ID_1":10013,"NAME_1":"Bukidnon","ID_2":1001307,"NAME_2":"Kalilangan","ID_3":1001307014,"NAME_3":"San Vicente Ferrer","NL_NAME_3":null,"VARNAME_3":null,"TYPE_3":"Barangay","ENGTYPE_3":"Village","PROVINCE":"Bukidnon","REGION":"Region X (Northern Mindanao)","id":"barangay-1001307014","name":"San Vicente Ferrer","barangayCode":"1001307014","population":null,"formattedPop":null,"densityCategory":"No data","vulnerabilityRating":"No data","healthRiskLevel":"No data","areaKm2":36.733321,"centerLat":7.867534,"centerLng":124.665161,"geometrySource":"all_barangay-2.csv detailed WKT","geometryMatchMethod":"unique_official_admin_names","boundaryPointCount":127},"geometry":{"type":"MultiPolygon","coordinates":[[[[124.697853,7.93432],[124.699257,7.92517],[124.700684,7.90701],[124.703651,7.88718],[124.705238,7.87371],[124.685951,7.85226],[124.669006,7.84588],[124.649902,7.83738],[124.649002,7.83533],[124.648277,7.83516],[124.645798,7.83684],[124.644363,7.83781],[124.643272,7.8388],[124.642906,7.83895],[124.641647,7.83999],[124.64106,7.84031],[124.639343,7.84106],[124.638847,7.84129],[124.638153,7.84194],[124.6371,7.84327],[124.63649,7.84366],[124.636093,7.84356],[124.635017,7.84441],[124.634567,7.84496],[124.63385,7.84582],[124.633163,7.84612],[124.631989,7.84578],[124.631416,7.84607],[124.631187,7.84639],[124.630707,7.84757],[124.63028,7.84844],[124.630203,7.84898],[124.630417,7.84956],[124.6306,7.85014],[124.629707,7.85135],[124.629066,7.85251],[124.628891,7.85266],[124.627838,7.85257],[124.62764,7.85284],[124.627617,7.85407],[124.627319,7.85567],[124.627129,7.85707],[124.627007,7.85785],[124.626633,7.85854],[124.626266,7.8603],[124.626106,7.86119],[124.626091,7.86156],[124.626289,7.86202],[124.626503,7.86258],[124.626259,7.86417],[124.62693,7.8648],[124.627274,7.86552],[124.626831,7.86618],[124.625847,7.86687],[124.625816,7.86773],[124.625526,7.8687],[124.625092,7.86981],[124.624832,7.87037],[124.62394,7.87094],[124.623283,7.87126],[124.622322,7.87134],[124.621613,7.87077],[124.620697,7.87064],[124.619957,7.87094],[124.619362,7.87087],[124.61805,7.87062],[124.61731,7.87076],[124.617126,7.8721],[124.617218,7.87352],[124.616966,7.87502],[124.616753,7.87561],[124.61676,7.87577],[124.619492,7.87633],[124.619743,7.87636],[124.620811,7.87679],[124.621857,7.87757],[124.621803,7.87817],[124.622208,7.87905],[124.623039,7.88048],[124.623032,7.88158],[124.62368,7.88373],[124.624397,7.88547],[124.62455,7.88634],[124.624779,7.8886],[124.624786,7.88947],[124.624123,7.89082],[124.623734,7.89139],[124.6231,7.89089],[124.622597,7.89085],[124.621201,7.89166],[124.620689,7.89141],[124.619942,7.89117],[124.61927,7.89125],[124.618347,7.89212],[124.617317,7.89266],[124.616447,7.89378],[124.615471,7.89446],[124.61425,7.89525],[124.612389,7.8971],[124.611938,7.89749],[124.611778,7.89803],[124.610924,7.89874],[124.610077,7.90002],[124.609383,7.9004],[124.607407,7.9007],[124.606339,7.90076],[124.605629,7.90141],[124.604637,7.90198],[124.60363,7.9026],[124.602203,7.9029],[124.601303,7.90365],[124.600128,7.90427],[124.59996,7.90495],[124.598999,7.90505],[124.598198,7.90517],[124.597359,7.90659],[124.597649,7.90756],[124.598831,7.90875],[124.599327,7.90947],[124.600639,7.91036],[124.600952,7.91107],[124.6007,7.91328],[124.600609,7.9144],[124.600487,7.91623],[124.611908,7.91753],[124.622337,7.91983],[124.697853,7.93432]]]]}},{"type":"Feature","properties":{"ID_0":177,"ISO":"PHL","NAME_0":"Philippines","ID_1":10013,"NAME_1":"Bukidnon","ID_2":1001307,"NAME_2":"Kalilangan","ID_3":1001307015,"NAME_3":"West Poblacion","NL_NAME_3":null,"VARNAME_3":null,"TYPE_3":"Barangay","ENGTYPE_3":"Village","PROVINCE":"Bukidnon","REGION":"Region X (Northern Mindanao)","id":"barangay-1001307015","name":"West Poblacion","barangayCode":"1001307015","population":null,"formattedPop":null,"densityCategory":"No data","vulnerabilityRating":"No data","healthRiskLevel":"No data","areaKm2":6.03849,"centerLat":7.753112,"centerLng":124.740028,"geometrySource":"all_barangay-2.csv detailed WKT","geometryMatchMethod":"unique_official_admin_names","boundaryPointCount":34},"geometry":{"type":"MultiPolygon","coordinates":[[[[124.743881,7.74525],[124.743294,7.74406],[124.743492,7.74202],[124.743843,7.73929],[124.743332,7.73756],[124.742241,7.73628],[124.741112,7.73526],[124.739853,7.73424],[124.738823,7.73247],[124.738342,7.73086],[124.738274,7.72962],[124.737953,7.72899],[124.73735,7.72789],[124.73661,7.72717],[124.735878,7.72623],[124.736038,7.72778],[124.734978,7.72895],[124.734756,7.7294],[124.734932,7.73027],[124.734863,7.73115],[124.73423,7.73145],[124.733017,7.73106],[124.732803,7.73179],[124.731956,7.73251],[124.731743,7.7318],[124.729767,7.73266],[124.729202,7.73331],[124.728523,7.73546],[124.727783,7.73753],[124.727852,7.73931],[124.727913,7.74162],[124.727867,7.74368],[124.726837,7.74467],[124.743881,7.74525]]]]}},{"type":"Feature","properties":{"ID_0":177,"ISO":"PHL","NAME_0":"Philippines","ID_1":10013,"NAME_1":"Bukidnon","ID_2":1001308,"NAME_2":"Kibawe","ID_3":1001308003,"NAME_3":"Balintawak","NL_NAME_3":null,"VARNAME_3":null,"TYPE_3":"Barangay","ENGTYPE_3":"Village","PROVINCE":"Bukidnon","REGION":"Region X (Northern Mindanao)","id":"barangay-1001308003","name":"Balintawak","barangayCode":"1001308003","population":null,"formattedPop":null,"densityCategory":"No data","vulnerabilityRating":"No data","healthRiskLevel":"No data","areaKm2":5.237304,"centerLat":7.528147,"centerLng":125.005269,"geometrySource":"all_barangay-2.csv detailed WKT","geometryMatchMethod":"unique_official_admin_names","boundaryPointCount":28},"geometry":{"type":"MultiPolygon","coordinates":[[[[125.008324,7.54185],[125.037292,7.5149],[125.036499,7.51404],[125.03595,7.51248],[125.035477,7.50993],[125.035393,7.5088],[125.035507,7.50658],[125.035179,7.50552],[125.034599,7.50495],[125.03405,7.50474],[125.0326,7.50492],[125.031303,7.50562],[125.029678,7.50559],[125.029243,7.50505],[125.028778,7.50408],[125.028183,7.50318],[125.027107,7.50244],[125.02282,7.50245],[125.020493,7.50202],[125.005478,7.5005],[124.998558,7.5073],[124.998993,7.5386],[124.999519,7.54024],[125.000542,7.5413],[125.001823,7.54187],[125.003693,7.54214],[125.006363,7.54201],[125.008324,7.54185]]]]}},{"type":"Feature","properties":{"ID_0":177,"ISO":"PHL","NAME_0":"Philippines","ID_1":10013,"NAME_1":"Bukidnon","ID_2":1001308,"NAME_2":"Kibawe","ID_3":1001308006,"NAME_3":"Cagawasan","NL_NAME_3":null,"VARNAME_3":null,"TYPE_3":"Barangay","ENGTYPE_3":"Village","PROVINCE":"Bukidnon","REGION":"Region X (Northern Mindanao)","id":"barangay-1001308006","name":"Cagawasan","barangayCode":"1001308006","population":null,"formattedPop":null,"densityCategory":"No data","vulnerabilityRating":"No data","healthRiskLevel":"No data","areaKm2":5.181591,"centerLat":7.496705,"centerLng":125.041308,"geometrySource":"all_barangay-2.csv detailed WKT","geometryMatchMethod":"unique_official_admin_names","boundaryPointCount":49},"geometry":{"type":"MultiPolygon","coordinates":[[[[125.035507,7.50658],[125.041206,7.50559],[125.047333,7.5058],[125.05571,7.50644],[125.060333,7.50632],[125.059113,7.50404],[125.059082,7.50219],[125.059357,7.49904],[125.059998,7.49408],[125.061119,7.48827],[125.060333,7.48788],[125.056183,7.48775],[125.052368,7.48835],[125.045288,7.48967],[125.041542,7.49053],[125.037933,7.49083],[125.032631,7.48939],[125.028488,7.48801],[125.024017,7.48687],[125.020714,7.48649],[125.016708,7.48648],[125.014297,7.48566],[125.013557,7.48719],[125.013786,7.48868],[125.014137,7.48949],[125.014633,7.4902],[125.015808,7.49124],[125.016907,7.49221],[125.01796,7.49328],[125.018661,7.49418],[125.019539,7.49569],[125.019943,7.4963],[125.019974,7.49715],[125.019768,7.49812],[125.019722,7.499],[125.020073,7.50124],[125.020493,7.50202],[125.02282,7.50245],[125.027107,7.50244],[125.028183,7.50318],[125.028778,7.50408],[125.029243,7.50505],[125.029678,7.50559],[125.031303,7.50562],[125.0326,7.50492],[125.03405,7.50474],[125.034599,7.50495],[125.035179,7.50552],[125.035507,7.50658]]]]}},{"type":"Feature","properties":{"ID_0":177,"ISO":"PHL","NAME_0":"Philippines","ID_1":10013,"NAME_1":"Bukidnon","ID_2":1001308,"NAME_2":"Kibawe","ID_3":1001308007,"NAME_3":"East Kibawe","NL_NAME_3":null,"VARNAME_3":null,"TYPE_3":"Barangay","ENGTYPE_3":"Village","PROVINCE":"Bukidnon","REGION":"Region X (Northern Mindanao)","id":"barangay-1001308007","name":"East Kibawe","barangayCode":"1001308007","population":null,"formattedPop":null,"densityCategory":"No data","vulnerabilityRating":"No data","healthRiskLevel":"No data","areaKm2":2.734781,"centerLat":7.56089,"centerLng":124.987881,"geometrySource":"all_barangay-2.csv detailed WKT","geometryMatchMethod":"unique_official_admin_names","boundaryPointCount":15},"geometry":{"type":"MultiPolygon","coordinates":[[[[124.97509,7.57175],[124.988037,7.55722],[124.986839,7.55656],[124.986023,7.55618],[124.983276,7.55525],[124.981331,7.55493],[124.978317,7.5549],[124.976913,7.55487],[124.974419,7.55482],[124.971916,7.55521],[124.973053,7.55864],[124.973824,7.56112],[124.974663,7.56448],[124.974907,7.56705],[124.97509,7.57175]]]]}},{"type":"Feature","properties":{"ID_0":177,"ISO":"PHL","NAME_0":"Philippines","ID_1":10013,"NAME_1":"Bukidnon","ID_2":1001308,"NAME_2":"Kibawe","ID_3":1001308008,"NAME_3":"Gutapol","NL_NAME_3":null,"VARNAME_3":null,"TYPE_3":"Barangay","ENGTYPE_3":"Village","PROVINCE":"Bukidnon","REGION":"Region X (Northern Mindanao)","id":"barangay-1001308008","name":"Gutapol","barangayCode":"1001308008","population":null,"formattedPop":null,"densityCategory":"No data","vulnerabilityRating":"No data","healthRiskLevel":"No data","areaKm2":6.288015,"centerLat":7.552189,"centerLng":124.943277,"geometrySource":"all_barangay-2.csv detailed WKT","geometryMatchMethod":"unique_official_admin_names","boundaryPointCount":25},"geometry":{"type":"MultiPolygon","coordinates":[[[[124.946533,7.56604],[124.95034,7.5636],[124.954453,7.56137],[124.956657,7.56033],[124.962067,7.55792],[124.965508,7.55694],[124.968964,7.55631],[124.971733,7.55545],[124.971916,7.55521],[124.969589,7.55369],[124.965157,7.55082],[124.9627,7.54786],[124.960747,7.54639],[124.958099,7.54378],[124.957428,7.54319],[124.955338,7.5433],[124.951424,7.54334],[124.948929,7.54328],[124.94693,7.54316],[124.942429,7.54293],[124.937393,7.54308],[124.93409,7.5434],[124.931122,7.54419],[124.928703,7.54504],[124.946533,7.56604]]]]}},{"type":"Feature","properties":{"ID_0":177,"ISO":"PHL","NAME_0":"Philippines","ID_1":10013,"NAME_1":"Bukidnon","ID_2":1001308,"NAME_2":"Kibawe","ID_3":1001308011,"NAME_3":"Pinamula","NL_NAME_3":null,"VARNAME_3":null,"TYPE_3":"Barangay","ENGTYPE_3":"Village","PROVINCE":"Bukidnon","REGION":"Region X (Northern Mindanao)","id":"barangay-1001308011","name":"Pinamula","barangayCode":"1001308011","population":null,"formattedPop":null,"densityCategory":"No data","vulnerabilityRating":"No data","healthRiskLevel":"No data","areaKm2":11.91518,"centerLat":7.454587,"centerLng":125.057471,"geometrySource":"all_barangay-2.csv detailed WKT","geometryMatchMethod":"unique_official_admin_names","boundaryPointCount":22},"geometry":{"type":"MultiPolygon","coordinates":[[[[125.063217,7.47987],[125.06562,7.48009],[125.069031,7.48134],[125.072479,7.48304],[125.077377,7.48518],[125.083504,7.4867],[125.086128,7.48702],[125.090843,7.48766],[125.089394,7.48369],[125.088493,7.48098],[125.087303,7.47657],[125.085747,7.47001],[125.085541,7.46543],[125.085091,7.45826],[125.085159,7.4512],[125.072403,7.45163],[125.070511,7.45962],[125.069687,7.46388],[125.067223,7.47046],[125.06517,7.47468],[125.064903,7.47611],[125.063217,7.47987]]]]}},{"type":"Feature","properties":{"ID_0":177,"ISO":"PHL","NAME_0":"Philippines","ID_1":10013,"NAME_1":"Bukidnon","ID_2":1001308,"NAME_2":"Kibawe","ID_3":1001308013,"NAME_3":"Kiorao","NL_NAME_3":null,"VARNAME_3":null,"TYPE_3":"Barangay","ENGTYPE_3":"Village","PROVINCE":"Bukidnon","REGION":"Region X (Northern Mindanao)","id":"barangay-1001308013","name":"Kiorao","barangayCode":"1001308013","population":null,"formattedPop":null,"densityCategory":"No data","vulnerabilityRating":"No data","healthRiskLevel":"No data","areaKm2":7.119608,"centerLat":7.528933,"centerLng":124.922891,"geometrySource":"all_barangay-2.csv detailed WKT","geometryMatchMethod":"unique_official_admin_names","boundaryPointCount":47},"geometry":{"type":"MultiPolygon","coordinates":[[[[124.928703,7.54504],[124.933113,7.52571],[124.931999,7.52478],[124.931282,7.52388],[124.930351,7.5219],[124.929573,7.52053],[124.928032,7.51861],[124.926872,7.51757],[124.924988,7.51581],[124.923569,7.51425],[124.922447,7.51233],[124.921898,7.51082],[124.920967,7.50846],[124.919884,7.50706],[124.918983,7.50632],[124.917633,7.50526],[124.915627,7.50376],[124.912682,7.50279],[124.91243,7.504],[124.911903,7.50596],[124.912453,7.50709],[124.913223,7.50834],[124.913261,7.5093],[124.913513,7.51067],[124.914284,7.51236],[124.914223,7.51371],[124.912697,7.5157],[124.911186,7.51798],[124.910187,7.51946],[124.909691,7.52081],[124.90937,7.52342],[124.909027,7.52587],[124.908127,7.52914],[124.907242,7.53117],[124.90696,7.53222],[124.906067,7.53345],[124.905083,7.53406],[124.903732,7.53485],[124.903358,7.53525],[124.902992,7.53639],[124.901482,7.53771],[124.920036,7.54536],[124.922256,7.54688],[124.924057,7.54757],[124.925926,7.54772],[124.927933,7.54615],[124.928703,7.54504]]]]}},{"type":"Feature","properties":{"ID_0":177,"ISO":"PHL","NAME_0":"Philippines","ID_1":10013,"NAME_1":"Bukidnon","ID_2":1001308,"NAME_2":"Kibawe","ID_3":1001308014,"NAME_3":"Kisawa","NL_NAME_3":null,"VARNAME_3":null,"TYPE_3":"Barangay","ENGTYPE_3":"Village","PROVINCE":"Bukidnon","REGION":"Region X (Northern Mindanao)","id":"barangay-1001308014","name":"Kisawa","barangayCode":"1001308014","population":null,"formattedPop":null,"densityCategory":"No data","vulnerabilityRating":"No data","healthRiskLevel":"No data","areaKm2":7.56679,"centerLat":7.464911,"centerLng":125.078176,"geometrySource":"all_barangay-2.csv detailed WKT","geometryMatchMethod":"unique_official_admin_names","boundaryPointCount":97},"geometry":{"type":"MultiPolygon","coordinates":[[[[125.142548,7.55146],[125.142921,7.55166],[125.145813,7.55257],[125.147972,7.55305],[125.15094,7.5529],[125.15255,7.5523],[125.153122,7.55202],[125.155617,7.55188],[125.157257,7.552],[125.158783,7.55195],[125.161873,7.55165],[125.163422,7.55137],[125.164459,7.55115],[125.16468,7.55088],[125.16613,7.549],[125.165588,7.54715],[125.177048,7.54607],[125.18084,7.54613],[125.178368,7.54349],[125.177742,7.5429],[125.17646,7.54013],[125.17617,7.53847],[125.175583,7.53491],[125.174362,7.53213],[125.172684,7.53079],[125.170341,7.52878],[125.167633,7.52577],[125.166344,7.52408],[125.165863,7.52297],[125.164757,7.51627],[125.161987,7.5052],[125.160294,7.49938],[125.158493,7.4919],[125.156799,7.48512],[125.155319,7.46537],[125.132629,7.46413],[125.131378,7.46214],[125.130867,7.46162],[125.129341,7.45956],[125.127968,7.45783],[125.126556,7.45584],[125.125771,7.45493],[125.125458,7.45413],[125.119713,7.45314],[125.117508,7.45353],[125.113983,7.4531],[125.105019,7.4523],[125.099838,7.45152],[125.099358,7.45144],[125.085159,7.4512],[125.085091,7.45826],[125.085541,7.46543],[125.085747,7.47001],[125.087303,7.47657],[125.088493,7.48098],[125.089394,7.48369],[125.090843,7.48766],[125.09214,7.49355],[125.093224,7.49805],[125.094551,7.50263],[125.096657,7.50806],[125.097641,7.50989],[125.100502,7.51538],[125.102798,7.51915],[125.104561,7.52152],[125.106621,7.52423],[125.108292,7.52738],[125.110817,7.53211],[125.115417,7.53318],[125.116096,7.53329],[125.11718,7.53332],[125.117813,7.53362],[125.118713,7.53413],[125.11972,7.53462],[125.12043,7.53583],[125.120743,7.5369],[125.121201,7.53763],[125.122032,7.53784],[125.122437,7.53882],[125.123077,7.53904],[125.123817,7.5395],[125.125603,7.54059],[125.126877,7.54113],[125.127548,7.54233],[125.128197,7.5432],[125.129478,7.54395],[125.130028,7.54468],[125.130737,7.54511],[125.131866,7.546],[125.133186,7.5465],[125.134277,7.54657],[125.136253,7.54737],[125.138107,7.54857],[125.138733,7.54917],[125.140129,7.55017],[125.14254,7.55133],[125.142548,7.55146]]]]}},{"type":"Feature","properties":{"ID_0":177,"ISO":"PHL","NAME_0":"Philippines","ID_1":10013,"NAME_1":"Bukidnon","ID_2":1001308,"NAME_2":"Kibawe","ID_3":1001308015,"NAME_3":"Labuagon","NL_NAME_3":null,"VARNAME_3":null,"TYPE_3":"Barangay","ENGTYPE_3":"Village","PROVINCE":"Bukidnon","REGION":"Region X (Northern Mindanao)","id":"barangay-1001308015","name":"Labuagon","barangayCode":"1001308015","population":null,"formattedPop":null,"densityCategory":"No data","vulnerabilityRating":"No data","healthRiskLevel":"No data","areaKm2":7.613831,"centerLat":7.550059,"centerLng":124.96799,"geometrySource":"all_barangay-2.csv detailed WKT","geometryMatchMethod":"unique_official_admin_names","boundaryPointCount":17},"geometry":{"type":"MultiPolygon","coordinates":[[[[124.971916,7.55521],[124.987587,7.54216],[124.969261,7.50288],[124.951927,7.51628],[124.953003,7.51909],[124.953506,7.5228],[124.954224,7.52778],[124.954803,7.53293],[124.955688,7.53785],[124.956268,7.5395],[124.957428,7.54319],[124.958099,7.54378],[124.960747,7.54639],[124.9627,7.54786],[124.965157,7.55082],[124.969589,7.55369],[124.971916,7.55521]]]]}},{"type":"Feature","properties":{"ID_0":177,"ISO":"PHL","NAME_0":"Philippines","ID_1":10013,"NAME_1":"Bukidnon","ID_2":1001308,"NAME_2":"Kibawe","ID_3":1001308016,"NAME_3":"Magsaysay","NL_NAME_3":null,"VARNAME_3":null,"TYPE_3":"Barangay","ENGTYPE_3":"Village","PROVINCE":"Bukidnon","REGION":"Region X (Northern Mindanao)","id":"barangay-1001308016","name":"Magsaysay","barangayCode":"1001308016","population":null,"formattedPop":null,"densityCategory":"No data","vulnerabilityRating":"No data","healthRiskLevel":"No data","areaKm2":9.133763,"centerLat":7.517636,"centerLng":125.063298,"geometrySource":"all_barangay-2.csv detailed WKT","geometryMatchMethod":"unique_official_admin_names","boundaryPointCount":107},"geometry":{"type":"MultiPolygon","coordinates":[[[[125.097221,7.5396],[125.098244,7.54002],[125.099831,7.53986],[125.100548,7.54002],[125.102074,7.54022],[125.103348,7.53957],[125.104111,7.53987],[125.104469,7.54029],[125.105217,7.53941],[125.106483,7.53825],[125.106621,7.53703],[125.106277,7.53606],[125.107063,7.53539],[125.107658,7.536],[125.108673,7.53539],[125.109337,7.53416],[125.110023,7.53337],[125.110817,7.53211],[125.108292,7.52738],[125.106621,7.52423],[125.104561,7.52152],[125.102798,7.51915],[125.100502,7.51538],[125.092796,7.51463],[125.089577,7.51467],[125.084587,7.51385],[125.078987,7.51186],[125.074959,7.51013],[125.071297,7.50845],[125.068176,7.50752],[125.064453,7.50652],[125.061279,7.50624],[125.060333,7.50632],[125.05571,7.50644],[125.047333,7.5058],[125.041206,7.50559],[125.035507,7.50658],[125.035393,7.5088],[125.035477,7.50993],[125.03595,7.51248],[125.036499,7.51404],[125.037292,7.5149],[125.038223,7.51554],[125.039101,7.51578],[125.040367,7.51618],[125.041237,7.5164],[125.043266,7.51685],[125.044388,7.51723],[125.045479,7.51792],[125.046097,7.51908],[125.04599,7.51984],[125.046173,7.52246],[125.047096,7.52289],[125.049011,7.52374],[125.05056,7.52462],[125.051247,7.52529],[125.051117,7.52696],[125.050827,7.5284],[125.051933,7.52948],[125.055939,7.53217],[125.056976,7.5339],[125.05864,7.5358],[125.060173,7.53665],[125.061058,7.5372],[125.061813,7.53773],[125.062691,7.53817],[125.063492,7.53778],[125.064102,7.53775],[125.064911,7.5381],[125.065857,7.53895],[125.067368,7.53929],[125.068657,7.53947],[125.069397,7.53933],[125.070419,7.53887],[125.071693,7.53935],[125.072319,7.53929],[125.072617,7.53797],[125.071953,7.53617],[125.071938,7.5346],[125.072006,7.53332],[125.073303,7.53232],[125.073921,7.5315],[125.075523,7.53095],[125.076347,7.53254],[125.076988,7.53371],[125.077538,7.53343],[125.078667,7.53297],[125.080048,7.53244],[125.081093,7.53258],[125.081352,7.53406],[125.081017,7.53537],[125.081451,7.53582],[125.082619,7.53514],[125.083748,7.53501],[125.084801,7.53623],[125.08522,7.53733],[125.085716,7.5373],[125.085953,7.53682],[125.086998,7.5368],[125.088051,7.53734],[125.090141,7.53714],[125.091423,7.53792],[125.092171,7.53916],[125.093262,7.54011],[125.094971,7.54044],[125.096458,7.53958],[125.097221,7.5396]]]]}},{"type":"Feature","properties":{"ID_0":177,"ISO":"PHL","NAME_0":"Philippines","ID_1":10013,"NAME_1":"Bukidnon","ID_2":1001308,"NAME_2":"Kibawe","ID_3":1001308018,"NAME_3":"Marapangi","NL_NAME_3":null,"VARNAME_3":null,"TYPE_3":"Barangay","ENGTYPE_3":"Village","PROVINCE":"Bukidnon","REGION":"Region X (Northern Mindanao)","id":"barangay-1001308018","name":"Marapangi","barangayCode":"1001308018","population":null,"formattedPop":null,"densityCategory":"No data","vulnerabilityRating":"No data","healthRiskLevel":"No data","areaKm2":8.472277,"centerLat":7.532316,"centerLng":124.987467,"geometrySource":"all_barangay-2.csv detailed WKT","geometryMatchMethod":"unique_official_admin_names","boundaryPointCount":11},"geometry":{"type":"MultiPolygon","coordinates":[[[[124.987587,7.54216],[124.989677,7.5428],[124.991653,7.54264],[124.995667,7.54143],[124.996727,7.54077],[124.998993,7.5386],[124.998558,7.5073],[124.994873,7.50379],[124.982384,7.49265],[124.969261,7.50288],[124.987587,7.54216]]]]}},{"type":"Feature","properties":{"ID_0":177,"ISO":"PHL","NAME_0":"Philippines","ID_1":10013,"NAME_1":"Bukidnon","ID_2":1001308,"NAME_2":"Kibawe","ID_3":1001308019,"NAME_3":"Mascariñas","NL_NAME_3":null,"VARNAME_3":"Mascarinas","TYPE_3":"Barangay","ENGTYPE_3":"Village","PROVINCE":"Bukidnon","REGION":"Region X (Northern Mindanao)","id":"barangay-1001308019","name":"Mascariñas","barangayCode":"1001308019","population":null,"formattedPop":null,"densityCategory":"No data","vulnerabilityRating":"No data","healthRiskLevel":"No data","areaKm2":2.542694,"centerLat":7.467872,"centerLng":125.024746,"geometrySource":"barangays.geojson simplified fallback","geometryMatchMethod":"simplified_fallback","boundaryPointCount":5},"geometry":{"type":"Polygon","coordinates":[[[125.02413107900009,7.47602734000003],[125.03515310300008,7.467408985000077],[125.0350110390001,7.456016316000046],[125.00854458100002,7.475518374000046],[125.02413107900009,7.47602734000003]]]}},{"type":"Feature","properties":{"ID_0":177,"ISO":"PHL","NAME_0":"Philippines","ID_1":10013,"NAME_1":"Bukidnon","ID_2":1001308,"NAME_2":"Kibawe","ID_3":1001308020,"NAME_3":"Natulongan","NL_NAME_3":null,"VARNAME_3":null,"TYPE_3":"Barangay","ENGTYPE_3":"Village","PROVINCE":"Bukidnon","REGION":"Region X (Northern Mindanao)","id":"barangay-1001308020","name":"Natulongan","barangayCode":"1001308020","population":null,"formattedPop":null,"densityCategory":"No data","vulnerabilityRating":"No data","healthRiskLevel":"No data","areaKm2":12.520976,"centerLat":7.521785,"centerLng":125.025819,"geometrySource":"all_barangay-2.csv detailed WKT","geometryMatchMethod":"unique_official_admin_names","boundaryPointCount":38},"geometry":{"type":"MultiPolygon","coordinates":[[[[125.028313,7.55212],[125.029472,7.55123],[125.031464,7.54899],[125.03495,7.54556],[125.037537,7.54313],[125.040642,7.54133],[125.043777,7.53806],[125.04554,7.53668],[125.049408,7.53354],[125.051933,7.52948],[125.050827,7.5284],[125.051117,7.52696],[125.051247,7.52529],[125.05056,7.52462],[125.049011,7.52374],[125.047096,7.52289],[125.046173,7.52246],[125.04599,7.51984],[125.046097,7.51908],[125.045479,7.51792],[125.044388,7.51723],[125.043266,7.51685],[125.041237,7.5164],[125.040367,7.51618],[125.039101,7.51578],[125.038223,7.51554],[125.037292,7.5149],[125.008324,7.54185],[125.00959,7.54188],[125.011993,7.54259],[125.014023,7.54392],[125.017662,7.5474],[125.019402,7.54932],[125.021347,7.55193],[125.022911,7.55392],[125.024834,7.55491],[125.027283,7.5529],[125.028313,7.55212]]]]}},{"type":"Feature","properties":{"ID_0":177,"ISO":"PHL","NAME_0":"Philippines","ID_1":10013,"NAME_1":"Bukidnon","ID_2":1001308,"NAME_2":"Kibawe","ID_3":1001308021,"NAME_3":"New Kidapawan","NL_NAME_3":null,"VARNAME_3":null,"TYPE_3":"Barangay","ENGTYPE_3":"Village","PROVINCE":"Bukidnon","REGION":"Region X (Northern Mindanao)","id":"barangay-1001308021","name":"New Kidapawan","barangayCode":"1001308021","population":null,"formattedPop":null,"densityCategory":"No data","vulnerabilityRating":"No data","healthRiskLevel":"No data","areaKm2":12.093422,"centerLat":7.555679,"centerLng":124.922078,"geometrySource":"all_barangay-2.csv detailed WKT","geometryMatchMethod":"unique_official_admin_names","boundaryPointCount":48},"geometry":{"type":"MultiPolygon","coordinates":[[[[124.924782,7.57481],[124.925957,7.57411],[124.928627,7.57324],[124.932297,7.57268],[124.934799,7.57238],[124.935837,7.57215],[124.938942,7.57067],[124.942657,7.56844],[124.946533,7.56604],[124.928703,7.54504],[124.927933,7.54615],[124.925926,7.54772],[124.924057,7.54757],[124.922256,7.54688],[124.920036,7.54536],[124.901482,7.53771],[124.900139,7.53887],[124.899002,7.53948],[124.898216,7.54336],[124.899643,7.54793],[124.901657,7.55178],[124.903214,7.55384],[124.903732,7.55462],[124.907417,7.55753],[124.909248,7.55818],[124.911522,7.55923],[124.91272,7.56031],[124.913223,7.56138],[124.913033,7.56157],[124.912323,7.56192],[124.912392,7.56266],[124.913078,7.56357],[124.914513,7.56416],[124.915199,7.56424],[124.916481,7.56467],[124.917137,7.56517],[124.917511,7.56597],[124.917389,7.56733],[124.917839,7.56793],[124.918877,7.56833],[124.919441,7.56915],[124.919746,7.57],[124.920227,7.57122],[124.920937,7.57133],[124.921677,7.57201],[124.922447,7.57274],[124.923462,7.57337],[124.924782,7.57481]]]]}},{"type":"Feature","properties":{"ID_0":177,"ISO":"PHL","NAME_0":"Philippines","ID_1":10013,"NAME_1":"Bukidnon","ID_2":1001308,"NAME_2":"Kibawe","ID_3":1001308023,"NAME_3":"Old Kibawe","NL_NAME_3":null,"VARNAME_3":null,"TYPE_3":"Barangay","ENGTYPE_3":"Village","PROVINCE":"Bukidnon","REGION":"Region X (Northern Mindanao)","id":"barangay-1001308023","name":"Old Kibawe","barangayCode":"1001308023","population":null,"formattedPop":null,"densityCategory":"No data","vulnerabilityRating":"No data","healthRiskLevel":"No data","areaKm2":8.553003,"centerLat":7.57657,"centerLng":124.967919,"geometrySource":"all_barangay-2.csv detailed WKT","geometryMatchMethod":"unique_official_admin_names","boundaryPointCount":47},"geometry":{"type":"MultiPolygon","coordinates":[[[[124.969681,7.59762],[124.970497,7.5965],[124.971359,7.5947],[124.972382,7.59385],[124.973518,7.59285],[124.974388,7.59021],[124.974609,7.58878],[124.975418,7.58652],[124.976738,7.58548],[124.976837,7.5825],[124.976707,7.58154],[124.97641,7.57979],[124.976181,7.57771],[124.975601,7.57421],[124.97509,7.57175],[124.974907,7.56705],[124.974663,7.56448],[124.973824,7.56112],[124.973053,7.55864],[124.971916,7.55521],[124.971733,7.55545],[124.968964,7.55631],[124.965508,7.55694],[124.962067,7.55792],[124.956657,7.56033],[124.954453,7.56137],[124.95034,7.5636],[124.946533,7.56604],[124.953293,7.57454],[124.953842,7.5753],[124.954613,7.57743],[124.954842,7.57941],[124.955467,7.58227],[124.956078,7.58365],[124.95681,7.58457],[124.959503,7.58758],[124.95974,7.58907],[124.959969,7.59136],[124.960373,7.59256],[124.960823,7.59292],[124.962418,7.59326],[124.96434,7.5941],[124.964729,7.59435],[124.966591,7.59572],[124.967644,7.59692],[124.968788,7.59794],[124.969681,7.59762]]]]}},{"type":"Feature","properties":{"ID_0":177,"ISO":"PHL","NAME_0":"Philippines","ID_1":10013,"NAME_1":"Bukidnon","ID_2":1001308,"NAME_2":"Kibawe","ID_3":1001308028,"NAME_3":"Romagooc","NL_NAME_3":null,"VARNAME_3":null,"TYPE_3":"Barangay","ENGTYPE_3":"Village","PROVINCE":"Bukidnon","REGION":"Region X (Northern Mindanao)","id":"barangay-1001308028","name":"Romagooc","barangayCode":"1001308028","population":null,"formattedPop":null,"densityCategory":"No data","vulnerabilityRating":"No data","healthRiskLevel":"No data","areaKm2":8.315189,"centerLat":7.584387,"centerLng":124.947434,"geometrySource":"all_barangay-2.csv detailed WKT","geometryMatchMethod":"unique_official_admin_names","boundaryPointCount":62},"geometry":{"type":"MultiPolygon","coordinates":[[[[124.94558,7.60131],[124.946732,7.59977],[124.94928,7.59775],[124.951408,7.59689],[124.952606,7.59678],[124.954117,7.59569],[124.955238,7.59519],[124.956917,7.59436],[124.95842,7.59346],[124.960632,7.59287],[124.960823,7.59292],[124.960373,7.59256],[124.959969,7.59136],[124.95974,7.58907],[124.959503,7.58758],[124.95681,7.58457],[124.956078,7.58365],[124.955467,7.58227],[124.954842,7.57941],[124.954613,7.57743],[124.953842,7.5753],[124.953293,7.57454],[124.946533,7.56604],[124.942657,7.56844],[124.938942,7.57067],[124.935837,7.57215],[124.934799,7.57238],[124.932297,7.57268],[124.928627,7.57324],[124.925957,7.57411],[124.924782,7.57481],[124.925133,7.57559],[124.92614,7.57643],[124.92765,7.57665],[124.92894,7.57691],[124.929749,7.57787],[124.930519,7.57924],[124.931831,7.58038],[124.932693,7.5809],[124.933647,7.58186],[124.933922,7.58243],[124.933357,7.58364],[124.932953,7.58496],[124.933113,7.5862],[124.933861,7.58718],[124.935349,7.58714],[124.936592,7.58727],[124.937592,7.58779],[124.938454,7.58877],[124.938744,7.58955],[124.93985,7.59094],[124.941101,7.59188],[124.941277,7.59203],[124.942383,7.5938],[124.943138,7.59483],[124.943192,7.59545],[124.942619,7.59647],[124.942383,7.59776],[124.943169,7.59953],[124.943802,7.60028],[124.944702,7.60136],[124.94558,7.60131]]]]}},{"type":"Feature","properties":{"ID_0":177,"ISO":"PHL","NAME_0":"Philippines","ID_1":10013,"NAME_1":"Bukidnon","ID_2":1001308,"NAME_2":"Kibawe","ID_3":1001308030,"NAME_3":"Sampaguita","NL_NAME_3":null,"VARNAME_3":null,"TYPE_3":"Barangay","ENGTYPE_3":"Village","PROVINCE":"Bukidnon","REGION":"Region X (Northern Mindanao)","id":"barangay-1001308030","name":"Sampaguita","barangayCode":"1001308030","population":null,"formattedPop":null,"densityCategory":"No data","vulnerabilityRating":"No data","healthRiskLevel":"No data","areaKm2":13.205491,"centerLat":7.495376,"centerLng":125.069399,"geometrySource":"all_barangay-2.csv detailed WKT","geometryMatchMethod":"unique_official_admin_names","boundaryPointCount":32},"geometry":{"type":"MultiPolygon","coordinates":[[[[125.100502,7.51538],[125.097641,7.50989],[125.096657,7.50806],[125.094551,7.50263],[125.093224,7.49805],[125.09214,7.49355],[125.090843,7.48766],[125.086128,7.48702],[125.083504,7.4867],[125.077377,7.48518],[125.072479,7.48304],[125.069031,7.48134],[125.06562,7.48009],[125.063217,7.47987],[125.062042,7.48391],[125.061867,7.48562],[125.061119,7.48827],[125.059998,7.49408],[125.059357,7.49904],[125.059082,7.50219],[125.059113,7.50404],[125.060333,7.50632],[125.061279,7.50624],[125.064453,7.50652],[125.068176,7.50752],[125.071297,7.50845],[125.074959,7.51013],[125.078987,7.51186],[125.084587,7.51385],[125.089577,7.51467],[125.092796,7.51463],[125.100502,7.51538]]]]}},{"type":"Feature","properties":{"ID_0":177,"ISO":"PHL","NAME_0":"Philippines","ID_1":10013,"NAME_1":"Bukidnon","ID_2":1001308,"NAME_2":"Kibawe","ID_3":1001308031,"NAME_3":"Sanipon","NL_NAME_3":null,"VARNAME_3":null,"TYPE_3":"Barangay","ENGTYPE_3":"Village","PROVINCE":"Bukidnon","REGION":"Region X (Northern Mindanao)","id":"barangay-1001308031","name":"Sanipon","barangayCode":"1001308031","population":null,"formattedPop":null,"densityCategory":"No data","vulnerabilityRating":"No data","healthRiskLevel":"No data","areaKm2":10.876097,"centerLat":7.458356,"centerLng":125.041169,"geometrySource":"all_barangay-2.csv detailed WKT","geometryMatchMethod":"unique_official_admin_names","boundaryPointCount":30},"geometry":{"type":"MultiPolygon","coordinates":[[[[125.024147,7.47003],[125.029892,7.47084],[125.034653,7.47178],[125.039803,7.47372],[125.044601,7.47536],[125.049942,7.4768],[125.055603,7.47778],[125.063217,7.47987],[125.064903,7.47611],[125.06517,7.47468],[125.067223,7.47046],[125.069687,7.46388],[125.070511,7.45962],[125.072403,7.45163],[125.067787,7.45176],[125.042213,7.45073],[125.041893,7.45136],[125.041298,7.45142],[125.039864,7.45083],[125.037483,7.45146],[125.034927,7.45281],[125.032387,7.4536],[125.032829,7.45659],[125.033127,7.45855],[125.032967,7.46091],[125.030647,7.46435],[125.029953,7.46507],[125.027939,7.46624],[125.025864,7.46746],[125.024147,7.47003]]]]}},{"type":"Feature","properties":{"ID_0":177,"ISO":"PHL","NAME_0":"Philippines","ID_1":10013,"NAME_1":"Bukidnon","ID_2":1001308,"NAME_2":"Kibawe","ID_3":1001308032,"NAME_3":"Spring","NL_NAME_3":null,"VARNAME_3":null,"TYPE_3":"Barangay","ENGTYPE_3":"Village","PROVINCE":"Bukidnon","REGION":"Region X (Northern Mindanao)","id":"barangay-1001308032","name":"Spring","barangayCode":"1001308032","population":null,"formattedPop":null,"densityCategory":"No data","vulnerabilityRating":"No data","healthRiskLevel":"No data","areaKm2":5.418799,"centerLat":7.534314,"centerLng":124.957777,"geometrySource":"all_barangay-2.csv detailed WKT","geometryMatchMethod":"unique_official_admin_names","boundaryPointCount":30},"geometry":{"type":"MultiPolygon","coordinates":[[[[124.957428,7.54319],[124.956268,7.5395],[124.955688,7.53785],[124.954803,7.53293],[124.954224,7.52778],[124.953506,7.5228],[124.953003,7.51909],[124.951927,7.51628],[124.949806,7.51804],[124.948769,7.51922],[124.946663,7.52105],[124.945137,7.5218],[124.94371,7.52215],[124.941429,7.52255],[124.939987,7.52337],[124.937263,7.52395],[124.93705,7.52426],[124.935928,7.52536],[124.934769,7.52579],[124.933113,7.52571],[124.928703,7.54504],[124.931122,7.54419],[124.93409,7.5434],[124.937393,7.54308],[124.942429,7.54293],[124.94693,7.54316],[124.948929,7.54328],[124.951424,7.54334],[124.955338,7.5433],[124.957428,7.54319]]]]}},{"type":"Feature","properties":{"ID_0":177,"ISO":"PHL","NAME_0":"Philippines","ID_1":10013,"NAME_1":"Bukidnon","ID_2":1001308,"NAME_2":"Kibawe","ID_3":1001308033,"NAME_3":"Talahiron","NL_NAME_3":null,"VARNAME_3":null,"TYPE_3":"Barangay","ENGTYPE_3":"Village","PROVINCE":"Bukidnon","REGION":"Region X (Northern Mindanao)","id":"barangay-1001308033","name":"Talahiron","barangayCode":"1001308033","population":null,"formattedPop":null,"densityCategory":"No data","vulnerabilityRating":"No data","healthRiskLevel":"No data","areaKm2":16.700801,"centerLat":7.551002,"centerLng":125.020517,"geometrySource":"all_barangay-2.csv detailed WKT","geometryMatchMethod":"unique_official_admin_names","boundaryPointCount":49},"geometry":{"type":"MultiPolygon","coordinates":[[[[125.007507,7.56765],[125.008553,7.56742],[125.012947,7.56609],[125.015404,7.56488],[125.016777,7.56368],[125.018318,7.56203],[125.020477,7.55917],[125.022453,7.55723],[125.024834,7.55491],[125.022911,7.55392],[125.021347,7.55193],[125.019402,7.54932],[125.017662,7.5474],[125.014023,7.54392],[125.011993,7.54259],[125.00959,7.54188],[125.008324,7.54185],[125.006363,7.54201],[125.003693,7.54214],[125.001823,7.54187],[125.000542,7.5413],[124.999519,7.54024],[124.998993,7.5386],[124.996727,7.54077],[124.995667,7.54143],[124.991653,7.54264],[124.989677,7.5428],[124.987587,7.54216],[124.971916,7.55521],[124.974419,7.55482],[124.976913,7.55487],[124.978317,7.5549],[124.981331,7.55493],[124.983276,7.55525],[124.986023,7.55618],[124.986839,7.55656],[124.988037,7.55722],[124.98983,7.55865],[124.990852,7.55938],[124.992592,7.55998],[124.994942,7.5618],[124.997047,7.56403],[124.998001,7.56484],[124.998932,7.56536],[125.00119,7.56901],[125.003258,7.56717],[125.003738,7.56704],[125.005943,7.56749],[125.007507,7.56765]]]]}},{"type":"Feature","properties":{"ID_0":177,"ISO":"PHL","NAME_0":"Philippines","ID_1":10013,"NAME_1":"Bukidnon","ID_2":1001308,"NAME_2":"Kibawe","ID_3":1001308034,"NAME_3":"Tumaras","NL_NAME_3":null,"VARNAME_3":null,"TYPE_3":"Barangay","ENGTYPE_3":"Village","PROVINCE":"Bukidnon","REGION":"Region X (Northern Mindanao)","id":"barangay-1001308034","name":"Tumaras","barangayCode":"1001308034","population":null,"formattedPop":null,"densityCategory":"No data","vulnerabilityRating":"No data","healthRiskLevel":"No data","areaKm2":5.501441,"centerLat":7.491056,"centerLng":125.011895,"geometrySource":"all_barangay-2.csv detailed WKT","geometryMatchMethod":"unique_official_admin_names","boundaryPointCount":24},"geometry":{"type":"MultiPolygon","coordinates":[[[[125.005478,7.5005],[125.020493,7.50202],[125.020073,7.50124],[125.019722,7.499],[125.019768,7.49812],[125.019974,7.49715],[125.019943,7.4963],[125.019539,7.49569],[125.018661,7.49418],[125.01796,7.49328],[125.016907,7.49221],[125.015808,7.49124],[125.014633,7.4902],[125.014137,7.48949],[125.013786,7.48868],[125.013557,7.48719],[125.014297,7.48566],[125.016006,7.48447],[125.017883,7.48206],[125.018318,7.48124],[125.01825,7.48032],[125.005043,7.47468],[125.002258,7.47651],[125.005478,7.5005]]]]}},{"type":"Feature","properties":{"ID_0":177,"ISO":"PHL","NAME_0":"Philippines","ID_1":10013,"NAME_1":"Bukidnon","ID_2":1001308,"NAME_2":"Kibawe","ID_3":1001308035,"NAME_3":"West Kibawe","NL_NAME_3":null,"VARNAME_3":null,"TYPE_3":"Barangay","ENGTYPE_3":"Village","PROVINCE":"Bukidnon","REGION":"Region X (Northern Mindanao)","id":"barangay-1001308035","name":"West Kibawe","barangayCode":"1001308035","population":null,"formattedPop":null,"densityCategory":"No data","vulnerabilityRating":"No data","healthRiskLevel":"No data","areaKm2":1.842484,"centerLat":7.575189,"centerLng":124.983146,"geometrySource":"all_barangay-2.csv detailed WKT","geometryMatchMethod":"unique_official_admin_names","boundaryPointCount":10},"geometry":{"type":"MultiPolygon","coordinates":[[[[124.994942,7.5618],[124.992592,7.55998],[124.990852,7.55938],[124.98983,7.55865],[124.988037,7.55722],[124.97509,7.57175],[124.981033,7.56894],[124.987244,7.56615],[124.989464,7.56478],[124.994942,7.5618]]]]}},{"type":"Feature","properties":{"ID_0":177,"ISO":"PHL","NAME_0":"Philippines","ID_1":10013,"NAME_1":"Bukidnon","ID_2":1001308,"NAME_2":"Kibawe","ID_3":1001308036,"NAME_3":"Bukang Liwayway","NL_NAME_3":null,"VARNAME_3":null,"TYPE_3":"Barangay","ENGTYPE_3":"Village","PROVINCE":"Bukidnon","REGION":"Region X (Northern Mindanao)","id":"barangay-1001308036","name":"Bukang Liwayway","barangayCode":"1001308036","population":null,"formattedPop":null,"densityCategory":"No data","vulnerabilityRating":"No data","healthRiskLevel":"No data","areaKm2":4.216035,"centerLat":7.491777,"centerLng":125.025369,"geometrySource":"all_barangay-2.csv detailed WKT","geometryMatchMethod":"unique_official_admin_names","boundaryPointCount":32},"geometry":{"type":"MultiPolygon","coordinates":[[[[125.061119,7.48827],[125.061867,7.48562],[125.062042,7.48391],[125.063217,7.47987],[125.055603,7.47778],[125.049942,7.4768],[125.044601,7.47536],[125.039803,7.47372],[125.034653,7.47178],[125.029892,7.47084],[125.024147,7.47003],[125.023079,7.4725],[125.022377,7.4747],[125.020897,7.47618],[125.019112,7.47785],[125.01825,7.48032],[125.018318,7.48124],[125.017883,7.48206],[125.016006,7.48447],[125.014297,7.48566],[125.016708,7.48648],[125.020714,7.48649],[125.024017,7.48687],[125.028488,7.48801],[125.032631,7.48939],[125.037933,7.49083],[125.041542,7.49053],[125.045288,7.48967],[125.052368,7.48835],[125.056183,7.48775],[125.060333,7.48788],[125.061119,7.48827]]]]}},{"type":"Feature","properties":{"ID_0":177,"ISO":"PHL","NAME_0":"Philippines","ID_1":10013,"NAME_1":"Bukidnon","ID_2":1001308,"NAME_2":"Kibawe","ID_3":1001308037,"NAME_3":"Palma","NL_NAME_3":null,"VARNAME_3":null,"TYPE_3":"Barangay","ENGTYPE_3":"Village","PROVINCE":"Bukidnon","REGION":"Region X (Northern Mindanao)","id":"barangay-1001308037","name":"Palma","barangayCode":"1001308037","population":null,"formattedPop":null,"densityCategory":"No data","vulnerabilityRating":"No data","healthRiskLevel":"No data","areaKm2":1.211723,"centerLat":7.573569,"centerLng":124.994725,"geometrySource":"all_barangay-2.csv detailed WKT","geometryMatchMethod":"unique_official_admin_names","boundaryPointCount":33},"geometry":{"type":"MultiPolygon","coordinates":[[[[124.976738,7.58548],[124.979263,7.58326],[124.980141,7.58108],[124.981247,7.57922],[124.982658,7.57897],[124.983772,7.57806],[124.985191,7.57698],[124.986649,7.57732],[124.988319,7.57644],[124.989899,7.57637],[124.99176,7.57701],[124.992859,7.57736],[124.994431,7.57669],[124.996063,7.57556],[124.99762,7.57436],[124.998711,7.57303],[125.000023,7.57138],[125.000229,7.57057],[125.00119,7.56901],[124.998932,7.56536],[124.998001,7.56484],[124.997047,7.56403],[124.994942,7.5618],[124.989464,7.56478],[124.987244,7.56615],[124.981033,7.56894],[124.97509,7.57175],[124.975601,7.57421],[124.976181,7.57771],[124.97641,7.57979],[124.976707,7.58154],[124.976837,7.5825],[124.976738,7.58548]]]]}},{"type":"Feature","properties":{"ID_0":177,"ISO":"PHL","NAME_0":"Philippines","ID_1":10013,"NAME_1":"Bukidnon","ID_2":1001309,"NAME_2":"Kitaotao","ID_3":1001309001,"NAME_3":"Balangigay","NL_NAME_3":null,"VARNAME_3":null,"TYPE_3":"Barangay","ENGTYPE_3":"Village","PROVINCE":"Bukidnon","REGION":"Region X (Northern Mindanao)","id":"barangay-1001309001","name":"Balangigay","barangayCode":"1001309001","population":null,"formattedPop":null,"densityCategory":"No data","vulnerabilityRating":"No data","healthRiskLevel":"No data","areaKm2":3.525447,"centerLat":7.607854,"centerLng":125.086197,"geometrySource":"all_barangay-2.csv detailed WKT","geometryMatchMethod":"unique_official_admin_names","boundaryPointCount":6},"geometry":{"type":"MultiPolygon","coordinates":[[[[125.073196,7.64184],[125.08091,7.63836],[125.08828,7.62462],[125.076576,7.61187],[125.066994,7.61386],[125.073196,7.64184]]]]}},{"type":"Feature","properties":{"ID_0":177,"ISO":"PHL","NAME_0":"Philippines","ID_1":10013,"NAME_1":"Bukidnon","ID_2":1001309,"NAME_2":"Kitaotao","ID_3":1001309002,"NAME_3":"Balukbukan","NL_NAME_3":null,"VARNAME_3":null,"TYPE_3":"Barangay","ENGTYPE_3":"Village","PROVINCE":"Bukidnon","REGION":"Region X (Northern Mindanao)","id":"barangay-1001309002","name":"Balukbukan","barangayCode":"1001309002","population":null,"formattedPop":null,"densityCategory":"No data","vulnerabilityRating":"No data","healthRiskLevel":"No data","areaKm2":11.449079,"centerLat":7.561379,"centerLng":125.075899,"geometrySource":"all_barangay-2.csv detailed WKT","geometryMatchMethod":"unique_official_admin_names","boundaryPointCount":17},"geometry":{"type":"MultiPolygon","coordinates":[[[[125.073914,7.6003],[125.080627,7.58459],[125.076057,7.57351],[125.06517,7.57249],[125.064857,7.57425],[125.063881,7.57623],[125.062531,7.57811],[125.061607,7.57947],[125.060997,7.58277],[125.061234,7.58487],[125.060951,7.5868],[125.059959,7.58965],[125.059082,7.59177],[125.058708,7.59425],[125.059563,7.59577],[125.070068,7.59565],[125.073914,7.6003]]]]}},{"type":"Feature","properties":{"ID_0":177,"ISO":"PHL","NAME_0":"Philippines","ID_1":10013,"NAME_1":"Bukidnon","ID_2":1001309,"NAME_2":"Kitaotao","ID_3":1001309003,"NAME_3":"Bershiba","NL_NAME_3":null,"VARNAME_3":null,"TYPE_3":"Barangay","ENGTYPE_3":"Village","PROVINCE":"Bukidnon","REGION":"Region X (Northern Mindanao)","id":"barangay-1001309003","name":"Bershiba","barangayCode":"1001309003","population":null,"formattedPop":null,"densityCategory":"No data","vulnerabilityRating":"No data","healthRiskLevel":"No data","areaKm2":7.66793,"centerLat":7.671581,"centerLng":124.94061,"geometrySource":"all_barangay-2.csv detailed WKT","geometryMatchMethod":"unique_official_admin_names","boundaryPointCount":56},"geometry":{"type":"MultiPolygon","coordinates":[[[[124.954552,7.67533],[124.954933,7.67486],[124.954353,7.67367],[124.954079,7.6725],[124.954933,7.67136],[124.955917,7.67078],[124.957451,7.67003],[124.958382,7.66874],[124.958939,7.66751],[124.957733,7.6669],[124.957298,7.66607],[124.957733,7.66529],[124.958794,7.66459],[124.959503,7.66414],[124.960426,7.66386],[124.961578,7.66376],[124.962372,7.66364],[124.963562,7.66351],[124.964378,7.66339],[124.964981,7.66314],[124.966103,7.66292],[124.967484,7.66238],[124.967567,7.66201],[124.96804,7.66056],[124.965652,7.64556],[124.951813,7.64695],[124.950943,7.64722],[124.949966,7.64774],[124.949043,7.64834],[124.947273,7.64929],[124.946068,7.64998],[124.945084,7.6511],[124.943832,7.65233],[124.942657,7.65385],[124.941978,7.65486],[124.940063,7.65568],[124.939194,7.656],[124.937767,7.65717],[124.936668,7.65846],[124.93618,7.6596],[124.937073,7.66148],[124.937218,7.66291],[124.937843,7.66527],[124.937866,7.66617],[124.938759,7.66801],[124.943161,7.68384],[124.943932,7.68338],[124.945236,7.68258],[124.94722,7.68107],[124.948418,7.68026],[124.948837,7.67956],[124.950119,7.67787],[124.951263,7.67639],[124.951752,7.67588],[124.953239,7.67548],[124.954552,7.67533]]]]}},{"type":"Feature","properties":{"ID_0":177,"ISO":"PHL","NAME_0":"Philippines","ID_1":10013,"NAME_1":"Bukidnon","ID_2":1001309,"NAME_2":"Kitaotao","ID_3":1001309004,"NAME_3":"Bobong","NL_NAME_3":null,"VARNAME_3":null,"TYPE_3":"Barangay","ENGTYPE_3":"Village","PROVINCE":"Bukidnon","REGION":"Region X (Northern Mindanao)","id":"barangay-1001309004","name":"Bobong","barangayCode":"1001309004","population":null,"formattedPop":null,"densityCategory":"No data","vulnerabilityRating":"No data","healthRiskLevel":"No data","areaKm2":6.334674,"centerLat":7.648367,"centerLng":124.943704,"geometrySource":"all_barangay-2.csv detailed WKT","geometryMatchMethod":"unique_official_admin_names","boundaryPointCount":53},"geometry":{"type":"MultiPolygon","coordinates":[[[[124.93618,7.6596],[124.936668,7.65846],[124.937767,7.65717],[124.939194,7.656],[124.940063,7.65568],[124.941978,7.65486],[124.942657,7.65385],[124.943832,7.65233],[124.945084,7.6511],[124.946068,7.64998],[124.947273,7.64929],[124.949043,7.64834],[124.949966,7.64774],[124.950943,7.64722],[124.951813,7.64695],[124.965652,7.64556],[124.964142,7.63495],[124.962692,7.63358],[124.9618,7.63388],[124.960197,7.63382],[124.958893,7.63418],[124.956444,7.63517],[124.955719,7.63546],[124.953697,7.63547],[124.952927,7.6353],[124.951736,7.63528],[124.950928,7.63511],[124.949982,7.63446],[124.949623,7.6342],[124.948723,7.63341],[124.947693,7.63201],[124.946823,7.63085],[124.945953,7.6297],[124.944931,7.62947],[124.943802,7.62937],[124.943253,7.62874],[124.943161,7.62793],[124.943161,7.62744],[124.928383,7.63222],[124.928886,7.63363],[124.929604,7.63665],[124.930481,7.6398],[124.931267,7.64212],[124.932159,7.64525],[124.932487,7.64618],[124.932663,7.6468],[124.933411,7.64885],[124.934189,7.65039],[124.935066,7.65324],[124.935509,7.65629],[124.935371,7.65767],[124.93541,7.65829],[124.93618,7.6596]]]]}},{"type":"Feature","properties":{"ID_0":177,"ISO":"PHL","NAME_0":"Philippines","ID_1":10013,"NAME_1":"Bukidnon","ID_2":1001309,"NAME_2":"Kitaotao","ID_3":1001309005,"NAME_3":"Bolocaon","NL_NAME_3":null,"VARNAME_3":null,"TYPE_3":"Barangay","ENGTYPE_3":"Village","PROVINCE":"Bukidnon","REGION":"Region X (Northern Mindanao)","id":"barangay-1001309005","name":"Bolocaon","barangayCode":"1001309005","population":null,"formattedPop":null,"densityCategory":"No data","vulnerabilityRating":"No data","healthRiskLevel":"No data","areaKm2":1.465924,"centerLat":7.637331,"centerLng":125.024006,"geometrySource":"all_barangay-2.csv detailed WKT","geometryMatchMethod":"unique_official_admin_names","boundaryPointCount":8},"geometry":{"type":"MultiPolygon","coordinates":[[[[125.048103,7.63177],[125.026779,7.62916],[125.027931,7.62331],[125.023979,7.62313],[125.010628,7.62839],[125.018173,7.63815],[125.046997,7.63838],[125.048103,7.63177]]]]}},{"type":"Feature","properties":{"ID_0":177,"ISO":"PHL","NAME_0":"Philippines","ID_1":10013,"NAME_1":"Bukidnon","ID_2":1001309,"NAME_2":"Kitaotao","ID_3":1001309006,"NAME_3":"Cabalantian","NL_NAME_3":null,"VARNAME_3":null,"TYPE_3":"Barangay","ENGTYPE_3":"Village","PROVINCE":"Bukidnon","REGION":"Region X (Northern Mindanao)","id":"barangay-1001309006","name":"Cabalantian","barangayCode":"1001309006","population":null,"formattedPop":null,"densityCategory":"No data","vulnerabilityRating":"No data","healthRiskLevel":"No data","areaKm2":4.890913,"centerLat":7.467629,"centerLng":125.097158,"geometrySource":"all_barangay-2.csv detailed WKT","geometryMatchMethod":"unique_official_admin_names","boundaryPointCount":26},"geometry":{"type":"MultiPolygon","coordinates":[[[[125.099373,7.56202],[125.111237,7.56385],[125.118713,7.53413],[125.117813,7.53362],[125.11718,7.53332],[125.116096,7.53329],[125.115417,7.53318],[125.110817,7.53211],[125.110023,7.53337],[125.109337,7.53416],[125.108673,7.53539],[125.107658,7.536],[125.107063,7.53539],[125.106277,7.53606],[125.106621,7.53703],[125.106483,7.53825],[125.105217,7.53941],[125.104469,7.54029],[125.104111,7.53987],[125.103348,7.53957],[125.102074,7.54022],[125.100548,7.54002],[125.099831,7.53986],[125.098244,7.54002],[125.097221,7.5396],[125.099373,7.56202]]]]}},{"type":"Feature","properties":{"ID_0":177,"ISO":"PHL","NAME_0":"Philippines","ID_1":10013,"NAME_1":"Bukidnon","ID_2":1001309,"NAME_2":"Kitaotao","ID_3":1001309007,"NAME_3":"Calapaton","NL_NAME_3":null,"VARNAME_3":null,"TYPE_3":"Barangay","ENGTYPE_3":"Village","PROVINCE":"Bukidnon","REGION":"Region X (Northern Mindanao)","id":"barangay-1001309007","name":"Calapaton","barangayCode":"1001309007","population":null,"formattedPop":null,"densityCategory":"No data","vulnerabilityRating":"No data","healthRiskLevel":"No data","areaKm2":16.49314,"centerLat":7.504236,"centerLng":125.101552,"geometrySource":"all_barangay-2.csv detailed WKT","geometryMatchMethod":"unique_official_admin_names","boundaryPointCount":25},"geometry":{"type":"MultiPolygon","coordinates":[[[[125.097527,7.57784],[125.100342,7.57627],[125.099373,7.56202],[125.097221,7.5396],[125.096458,7.53958],[125.094971,7.54044],[125.093262,7.54011],[125.092171,7.53916],[125.091423,7.53792],[125.090141,7.53714],[125.088051,7.53734],[125.086998,7.5368],[125.085953,7.53682],[125.085716,7.5373],[125.08522,7.53733],[125.084801,7.53623],[125.083748,7.53501],[125.082619,7.53514],[125.081451,7.53582],[125.081017,7.53537],[125.081352,7.53406],[125.081093,7.53258],[125.080048,7.53244],[125.082817,7.58575],[125.097527,7.57784]]]]}},{"type":"Feature","properties":{"ID_0":177,"ISO":"PHL","NAME_0":"Philippines","ID_1":10013,"NAME_1":"Bukidnon","ID_2":1001309,"NAME_2":"Kitaotao","ID_3":1001309009,"NAME_3":"Sinaysayan","NL_NAME_3":null,"VARNAME_3":null,"TYPE_3":"Barangay","ENGTYPE_3":"Village","PROVINCE":"Bukidnon","REGION":"Region X (Northern Mindanao)","id":"barangay-1001309009","name":"Sinaysayan","barangayCode":"1001309009","population":null,"formattedPop":null,"densityCategory":"No data","vulnerabilityRating":"No data","healthRiskLevel":"No data","areaKm2":17.343767,"centerLat":7.561009,"centerLng":125.160345,"geometrySource":"all_barangay-2.csv detailed WKT","geometryMatchMethod":"unique_official_admin_names","boundaryPointCount":6},"geometry":{"type":"MultiPolygon","coordinates":[[[[125.096786,7.59984],[125.107582,7.59119],[125.097527,7.57784],[125.082817,7.58575],[125.088913,7.58878],[125.096786,7.59984]]]]}},{"type":"Feature","properties":{"ID_0":177,"ISO":"PHL","NAME_0":"Philippines","ID_1":10013,"NAME_1":"Bukidnon","ID_2":1001309,"NAME_2":"Kitaotao","ID_3":1001309010,"NAME_3":"Kahusayan","NL_NAME_3":null,"VARNAME_3":null,"TYPE_3":"Barangay","ENGTYPE_3":"Village","PROVINCE":"Bukidnon","REGION":"Region X (Northern Mindanao)","id":"barangay-1001309010","name":"Kahusayan","barangayCode":"1001309010","population":null,"formattedPop":null,"densityCategory":"No data","vulnerabilityRating":"No data","healthRiskLevel":"No data","areaKm2":30.567286,"centerLat":7.59725,"centerLng":125.231165,"geometrySource":"all_barangay-2.csv detailed WKT","geometryMatchMethod":"unique_official_admin_names","boundaryPointCount":7},"geometry":{"type":"MultiPolygon","coordinates":[[[[125.131409,7.62078],[125.144669,7.61594],[125.15345,7.61274],[125.143204,7.60143],[125.134872,7.59949],[125.118172,7.60968],[125.131409,7.62078]]]]}},{"type":"Feature","properties":{"ID_0":177,"ISO":"PHL","NAME_0":"Philippines","ID_1":10013,"NAME_1":"Bukidnon","ID_2":1001309,"NAME_2":"Kitaotao","ID_3":1001309011,"NAME_3":"Kalumihan","NL_NAME_3":null,"VARNAME_3":null,"TYPE_3":"Barangay","ENGTYPE_3":"Village","PROVINCE":"Bukidnon","REGION":"Region X (Northern Mindanao)","id":"barangay-1001309011","name":"Kalumihan","barangayCode":"1001309011","population":null,"formattedPop":null,"densityCategory":"No data","vulnerabilityRating":"No data","healthRiskLevel":"No data","areaKm2":2.563733,"centerLat":7.642972,"centerLng":124.990263,"geometrySource":"all_barangay-2.csv detailed WKT","geometryMatchMethod":"unique_official_admin_names","boundaryPointCount":7},"geometry":{"type":"MultiPolygon","coordinates":[[[[125.172241,7.57129],[125.177048,7.54607],[125.165588,7.54715],[125.16613,7.549],[125.16468,7.55088],[125.164459,7.55115],[125.172241,7.57129]]]]}},{"type":"Feature","properties":{"ID_0":177,"ISO":"PHL","NAME_0":"Philippines","ID_1":10013,"NAME_1":"Bukidnon","ID_2":1001309,"NAME_2":"Kitaotao","ID_3":1001309012,"NAME_3":"Kauyonan","NL_NAME_3":null,"VARNAME_3":null,"TYPE_3":"Barangay","ENGTYPE_3":"Village","PROVINCE":"Bukidnon","REGION":"Region X (Northern Mindanao)","id":"barangay-1001309012","name":"Kauyonan","barangayCode":"1001309012","population":null,"formattedPop":null,"densityCategory":"No data","vulnerabilityRating":"No data","healthRiskLevel":"No data","areaKm2":4.915336,"centerLat":7.650682,"centerLng":124.965199,"geometrySource":"all_barangay-2.csv detailed WKT","geometryMatchMethod":"unique_official_admin_names","boundaryPointCount":18},"geometry":{"type":"MultiPolygon","coordinates":[[[[124.968224,7.65896],[124.96843,7.65707],[124.969353,7.65568],[124.970497,7.65468],[124.970909,7.65442],[124.971817,7.65396],[124.973732,7.65372],[124.975182,7.65386],[124.975929,7.65378],[124.976822,7.6537],[124.979218,7.65312],[124.98114,7.65295],[124.977631,7.63694],[124.970543,7.63843],[124.964142,7.63495],[124.965652,7.64556],[124.96804,7.66056],[124.968224,7.65896]]]]}},{"type":"Feature","properties":{"ID_0":177,"ISO":"PHL","NAME_0":"Philippines","ID_1":10013,"NAME_1":"Bukidnon","ID_2":1001309,"NAME_2":"Kitaotao","ID_3":1001309013,"NAME_3":"Kimolong","NL_NAME_3":null,"VARNAME_3":null,"TYPE_3":"Barangay","ENGTYPE_3":"Village","PROVINCE":"Bukidnon","REGION":"Region X (Northern Mindanao)","id":"barangay-1001309013","name":"Kimolong","barangayCode":"1001309013","population":null,"formattedPop":null,"densityCategory":"No data","vulnerabilityRating":"No data","healthRiskLevel":"No data","areaKm2":4.214608,"centerLat":7.636302,"centerLng":125.041063,"geometrySource":"all_barangay-2.csv detailed WKT","geometryMatchMethod":"unique_official_admin_names","boundaryPointCount":13},"geometry":{"type":"MultiPolygon","coordinates":[[[[125.052979,7.63199],[125.053963,7.63031],[125.054398,7.6288],[125.054367,7.62704],[125.054459,7.62605],[125.054008,7.62468],[125.053688,7.62386],[125.053329,7.62239],[125.03717,7.62404],[125.027931,7.62331],[125.026779,7.62916],[125.048103,7.63177],[125.052979,7.63199]]]]}},{"type":"Feature","properties":{"ID_0":177,"ISO":"PHL","NAME_0":"Philippines","ID_1":10013,"NAME_1":"Bukidnon","ID_2":1001309,"NAME_2":"Kitaotao","ID_3":1001309014,"NAME_3":"Kitaihon","NL_NAME_3":null,"VARNAME_3":null,"TYPE_3":"Barangay","ENGTYPE_3":"Village","PROVINCE":"Bukidnon","REGION":"Region X (Northern Mindanao)","id":"barangay-1001309014","name":"Kitaihon","barangayCode":"1001309014","population":null,"formattedPop":null,"densityCategory":"No data","vulnerabilityRating":"No data","healthRiskLevel":"No data","areaKm2":2.966962,"centerLat":7.625136,"centerLng":125.039803,"geometrySource":"all_barangay-2.csv detailed WKT","geometryMatchMethod":"unique_official_admin_names","boundaryPointCount":15},"geometry":{"type":"MultiPolygon","coordinates":[[[[125.023979,7.62313],[125.027931,7.62331],[125.03717,7.62404],[125.053329,7.62239],[125.053917,7.62103],[125.054863,7.61954],[125.05751,7.61701],[125.058678,7.61516],[125.059837,7.61327],[125.06015,7.61097],[125.059799,7.60959],[125.059052,7.60879],[125.037697,7.61077],[125.02774,7.61412],[125.023979,7.62313]]]]}},{"type":"Feature","properties":{"ID_0":177,"ISO":"PHL","NAME_0":"Philippines","ID_1":10013,"NAME_1":"Bukidnon","ID_2":1001309,"NAME_2":"Kitaotao","ID_3":1001309015,"NAME_3":"Kitobo","NL_NAME_3":null,"VARNAME_3":null,"TYPE_3":"Barangay","ENGTYPE_3":"Village","PROVINCE":"Bukidnon","REGION":"Region X (Northern Mindanao)","id":"barangay-1001309015","name":"Kitobo","barangayCode":"1001309015","population":null,"formattedPop":null,"densityCategory":"No data","vulnerabilityRating":"No data","healthRiskLevel":"No data","areaKm2":12.379875,"centerLat":7.570814,"centerLng":125.102543,"geometrySource":"all_barangay-2.csv detailed WKT","geometryMatchMethod":"unique_official_admin_names","boundaryPointCount":10},"geometry":{"type":"MultiPolygon","coordinates":[[[[125.076576,7.61187],[125.08828,7.62462],[125.095757,7.61017],[125.099823,7.60325],[125.096786,7.59984],[125.088913,7.58878],[125.082817,7.58575],[125.080627,7.58459],[125.073914,7.6003],[125.076576,7.61187]]]]}},{"type":"Feature","properties":{"ID_0":177,"ISO":"PHL","NAME_0":"Philippines","ID_1":10013,"NAME_1":"Bukidnon","ID_2":1001309,"NAME_2":"Kitaotao","ID_3":1001309019,"NAME_3":"Magsaysay","NL_NAME_3":null,"VARNAME_3":null,"TYPE_3":"Barangay","ENGTYPE_3":"Village","PROVINCE":"Bukidnon","REGION":"Region X (Northern Mindanao)","id":"barangay-1001309019","name":"Magsaysay","barangayCode":"1001309019","population":null,"formattedPop":null,"densityCategory":"No data","vulnerabilityRating":"No data","healthRiskLevel":"No data","areaKm2":3.634847,"centerLat":7.626228,"centerLng":125.012346,"geometrySource":"all_barangay-2.csv detailed WKT","geometryMatchMethod":"unique_official_admin_names","boundaryPointCount":9},"geometry":{"type":"MultiPolygon","coordinates":[[[[125.010628,7.62839],[125.023979,7.62313],[125.02774,7.61412],[125.01445,7.61515],[125.000237,7.61831],[124.996964,7.61879],[124.987083,7.62064],[124.998718,7.6287],[125.010628,7.62839]]]]}},{"type":"Feature","properties":{"ID_0":177,"ISO":"PHL","NAME_0":"Philippines","ID_1":10013,"NAME_1":"Bukidnon","ID_2":1001309,"NAME_2":"Kitaotao","ID_3":1001309020,"NAME_3":"Malobalo","NL_NAME_3":null,"VARNAME_3":null,"TYPE_3":"Barangay","ENGTYPE_3":"Village","PROVINCE":"Bukidnon","REGION":"Region X (Northern Mindanao)","id":"barangay-1001309020","name":"Malobalo","barangayCode":"1001309020","population":null,"formattedPop":null,"densityCategory":"No data","vulnerabilityRating":"No data","healthRiskLevel":"No data","areaKm2":1.213015,"centerLat":7.646114,"centerLng":124.978633,"geometrySource":"all_barangay-2.csv detailed WKT","geometryMatchMethod":"unique_official_admin_names","boundaryPointCount":8},"geometry":{"type":"MultiPolygon","coordinates":[[[[124.990433,7.65218],[124.994087,7.63808],[124.992317,7.63388],[124.977631,7.63694],[124.98114,7.65295],[124.98365,7.65295],[124.987808,7.65253],[124.990433,7.65218]]]]}},{"type":"Feature","properties":{"ID_0":177,"ISO":"PHL","NAME_0":"Philippines","ID_1":10013,"NAME_1":"Bukidnon","ID_2":1001309,"NAME_2":"Kitaotao","ID_3":1001309021,"NAME_3":"Metebagao","NL_NAME_3":null,"VARNAME_3":null,"TYPE_3":"Barangay","ENGTYPE_3":"Village","PROVINCE":"Bukidnon","REGION":"Region X (Northern Mindanao)","id":"barangay-1001309021","name":"Metebagao","barangayCode":"1001309021","population":null,"formattedPop":null,"densityCategory":"No data","vulnerabilityRating":"No data","healthRiskLevel":"No data","areaKm2":9.314554,"centerLat":7.534657,"centerLng":125.075658,"geometrySource":"all_barangay-2.csv detailed WKT","geometryMatchMethod":"unique_official_admin_names","boundaryPointCount":54},"geometry":{"type":"MultiPolygon","coordinates":[[[[125.082817,7.58575],[125.080048,7.53244],[125.078667,7.53297],[125.077538,7.53343],[125.076988,7.53371],[125.076347,7.53254],[125.075523,7.53095],[125.073921,7.5315],[125.073303,7.53232],[125.072006,7.53332],[125.071938,7.5346],[125.071953,7.53617],[125.072617,7.53797],[125.072319,7.53929],[125.071693,7.53935],[125.070419,7.53887],[125.069397,7.53933],[125.068657,7.53947],[125.067368,7.53929],[125.065857,7.53895],[125.064911,7.5381],[125.064102,7.53775],[125.063492,7.53778],[125.062691,7.53817],[125.061813,7.53773],[125.061058,7.5372],[125.060173,7.53665],[125.05864,7.5358],[125.056976,7.5339],[125.055939,7.53217],[125.051933,7.52948],[125.053009,7.53337],[125.053757,7.53499],[125.057152,7.53792],[125.058884,7.539],[125.059669,7.53981],[125.061401,7.53996],[125.064232,7.54054],[125.065178,7.54096],[125.066452,7.54252],[125.065903,7.54361],[125.06501,7.54423],[125.063553,7.54691],[125.063744,7.54889],[125.064842,7.55137],[125.06588,7.55442],[125.06575,7.55833],[125.065353,7.56221],[125.065361,7.56581],[125.065208,7.57],[125.06517,7.57249],[125.076057,7.57351],[125.080627,7.58459],[125.082817,7.58575]]]]}},{"type":"Feature","properties":{"ID_0":177,"ISO":"PHL","NAME_0":"Philippines","ID_1":10013,"NAME_1":"Bukidnon","ID_2":1001309,"NAME_2":"Kitaotao","ID_3":1001309022,"NAME_3":"Sagundanon","NL_NAME_3":null,"VARNAME_3":null,"TYPE_3":"Barangay","ENGTYPE_3":"Village","PROVINCE":"Bukidnon","REGION":"Region X (Northern Mindanao)","id":"barangay-1001309022","name":"Sagundanon","barangayCode":"1001309022","population":null,"formattedPop":null,"densityCategory":"No data","vulnerabilityRating":"No data","healthRiskLevel":"No data","areaKm2":9.727256,"centerLat":7.52451,"centerLng":125.160949,"geometrySource":"all_barangay-2.csv detailed WKT","geometryMatchMethod":"unique_official_admin_names","boundaryPointCount":15},"geometry":{"type":"MultiPolygon","coordinates":[[[[125.143898,7.57107],[125.142548,7.55146],[125.14254,7.55133],[125.140129,7.55017],[125.138733,7.54917],[125.138107,7.54857],[125.136253,7.54737],[125.134277,7.54657],[125.133186,7.5465],[125.131866,7.546],[125.130737,7.54511],[125.126083,7.57041],[125.127251,7.57598],[125.143791,7.57266],[125.143898,7.57107]]]]}},{"type":"Feature","properties":{"ID_0":177,"ISO":"PHL","NAME_0":"Philippines","ID_1":10013,"NAME_1":"Bukidnon","ID_2":1001309,"NAME_2":"Kitaotao","ID_3":1001309023,"NAME_3":"Pagan","NL_NAME_3":null,"VARNAME_3":null,"TYPE_3":"Barangay","ENGTYPE_3":"Village","PROVINCE":"Bukidnon","REGION":"Region X (Northern Mindanao)","id":"barangay-1001309023","name":"Pagan","barangayCode":"1001309023","population":null,"formattedPop":null,"densityCategory":"No data","vulnerabilityRating":"No data","healthRiskLevel":"No data","areaKm2":13.531416,"centerLat":7.543138,"centerLng":125.116079,"geometrySource":"all_barangay-2.csv detailed WKT","geometryMatchMethod":"unique_official_admin_names","boundaryPointCount":9},"geometry":{"type":"MultiPolygon","coordinates":[[[[125.107582,7.59119],[125.113869,7.58593],[125.116791,7.58316],[125.112999,7.56794],[125.111237,7.56385],[125.099373,7.56202],[125.100342,7.57627],[125.097527,7.57784],[125.107582,7.59119]]]]}},{"type":"Feature","properties":{"ID_0":177,"ISO":"PHL","NAME_0":"Philippines","ID_1":10013,"NAME_1":"Bukidnon","ID_2":1001309,"NAME_2":"Kitaotao","ID_3":1001309025,"NAME_3":"Panganan","NL_NAME_3":null,"VARNAME_3":null,"TYPE_3":"Barangay","ENGTYPE_3":"Village","PROVINCE":"Bukidnon","REGION":"Region X (Northern Mindanao)","id":"barangay-1001309025","name":"Panganan","barangayCode":"1001309025","population":null,"formattedPop":null,"densityCategory":"No data","vulnerabilityRating":"No data","healthRiskLevel":"No data","areaKm2":14.272139,"centerLat":7.574872,"centerLng":125.297682,"geometrySource":"all_barangay-2.csv detailed WKT","geometryMatchMethod":"unique_official_admin_names","boundaryPointCount":24},"geometry":{"type":"MultiPolygon","coordinates":[[[[125.177994,7.58785],[125.217194,7.5814],[125.217278,7.57924],[125.216148,7.57716],[125.216026,7.57595],[125.216293,7.57433],[125.216797,7.57246],[125.216568,7.57054],[125.214973,7.57039],[125.212967,7.57016],[125.211777,7.56975],[125.211143,7.56926],[125.209679,7.56903],[125.208847,7.5694],[125.207947,7.57086],[125.206329,7.57198],[125.204971,7.57259],[125.202553,7.57325],[125.199631,7.57353],[125.196678,7.57332],[125.195099,7.57273],[125.193298,7.57212],[125.174667,7.57784],[125.177994,7.58785]]]]}},{"type":"Feature","properties":{"ID_0":177,"ISO":"PHL","NAME_0":"Philippines","ID_1":10013,"NAME_1":"Bukidnon","ID_2":1001309,"NAME_2":"Kitaotao","ID_3":1001309026,"NAME_3":"Poblacion","NL_NAME_3":null,"VARNAME_3":null,"TYPE_3":"Barangay","ENGTYPE_3":"Village","PROVINCE":"Bukidnon","REGION":"Region X (Northern Mindanao)","id":"barangay-1001309026","name":"Poblacion","barangayCode":"1001309026","population":null,"formattedPop":null,"densityCategory":"No data","vulnerabilityRating":"No data","healthRiskLevel":"No data","areaKm2":4.975474,"centerLat":7.639942,"centerLng":125.006409,"geometrySource":"all_barangay-2.csv detailed WKT","geometryMatchMethod":"unique_official_admin_names","boundaryPointCount":23},"geometry":{"type":"MultiPolygon","coordinates":[[[[125.013344,7.65272],[125.018173,7.63815],[125.010628,7.62839],[124.998718,7.6287],[124.987083,7.62064],[124.992317,7.63388],[124.994087,7.63808],[124.990433,7.65218],[124.992416,7.65159],[124.994476,7.65123],[124.996788,7.65131],[124.997482,7.65137],[124.997787,7.65139],[125.000237,7.65227],[125.001694,7.65273],[125.002251,7.6529],[125.003036,7.65315],[125.004417,7.65309],[125.005722,7.65241],[125.007622,7.65166],[125.009171,7.65107],[125.010681,7.65137],[125.013344,7.65272]]]]}},{"type":"Feature","properties":{"ID_0":177,"ISO":"PHL","NAME_0":"Philippines","ID_1":10013,"NAME_1":"Bukidnon","ID_2":1001309,"NAME_2":"Kitaotao","ID_3":1001309028,"NAME_3":"San Isidro","NL_NAME_3":null,"VARNAME_3":null,"TYPE_3":"Barangay","ENGTYPE_3":"Village","PROVINCE":"Bukidnon","REGION":"Region X (Northern Mindanao)","id":"barangay-1001309028","name":"San Isidro","barangayCode":"1001309028","population":null,"formattedPop":null,"densityCategory":"No data","vulnerabilityRating":"No data","healthRiskLevel":"No data","areaKm2":9.808219,"centerLat":7.653648,"centerLng":125.034526,"geometrySource":"all_barangay-2.csv detailed WKT","geometryMatchMethod":"unique_official_admin_names","boundaryPointCount":39},"geometry":{"type":"MultiPolygon","coordinates":[[[[125.017097,7.65415],[125.017593,7.65414],[125.018707,7.65178],[125.021027,7.65129],[125.024406,7.65083],[125.026787,7.65097],[125.028976,7.65137],[125.031242,7.65123],[125.031357,7.65122],[125.054466,7.65033],[125.053482,7.64803],[125.052467,7.64747],[125.051979,7.64698],[125.051811,7.64653],[125.051903,7.64606],[125.052361,7.64552],[125.052902,7.64501],[125.053673,7.64369],[125.052696,7.64318],[125.05117,7.64202],[125.050102,7.64081],[125.049057,7.63914],[125.050957,7.63768],[125.051849,7.63782],[125.05262,7.63776],[125.053864,7.6367],[125.054176,7.63556],[125.054604,7.63464],[125.053947,7.63367],[125.053062,7.6331],[125.052818,7.63281],[125.052979,7.63199],[125.048103,7.63177],[125.046997,7.63838],[125.018173,7.63815],[125.013344,7.65272],[125.014526,7.65345],[125.016006,7.65393],[125.017097,7.65415]]]]}},{"type":"Feature","properties":{"ID_0":177,"ISO":"PHL","NAME_0":"Philippines","ID_1":10013,"NAME_1":"Bukidnon","ID_2":1001309,"NAME_2":"Kitaotao","ID_3":1001309029,"NAME_3":"San Lorenzo","NL_NAME_3":null,"VARNAME_3":null,"TYPE_3":"Barangay","ENGTYPE_3":"Village","PROVINCE":"Bukidnon","REGION":"Region X (Northern Mindanao)","id":"barangay-1001309029","name":"San Lorenzo","barangayCode":"1001309029","population":null,"formattedPop":null,"densityCategory":"No data","vulnerabilityRating":"No data","healthRiskLevel":"No data","areaKm2":6.764702,"centerLat":7.618029,"centerLng":125.069841,"geometrySource":"all_barangay-2.csv detailed WKT","geometryMatchMethod":"unique_official_admin_names","boundaryPointCount":38},"geometry":{"type":"MultiPolygon","coordinates":[[[[125.054466,7.65033],[125.073196,7.64184],[125.066994,7.61386],[125.059837,7.61327],[125.058678,7.61516],[125.05751,7.61701],[125.054863,7.61954],[125.053917,7.62103],[125.053329,7.62239],[125.053688,7.62386],[125.054008,7.62468],[125.054459,7.62605],[125.054367,7.62704],[125.054398,7.6288],[125.053963,7.63031],[125.052979,7.63199],[125.052818,7.63281],[125.053062,7.6331],[125.053947,7.63367],[125.054604,7.63464],[125.054176,7.63556],[125.053864,7.6367],[125.05262,7.63776],[125.051849,7.63782],[125.050957,7.63768],[125.049057,7.63914],[125.050102,7.64081],[125.05117,7.64202],[125.052696,7.64318],[125.053673,7.64369],[125.052902,7.64501],[125.052361,7.64552],[125.051903,7.64606],[125.051811,7.64653],[125.051979,7.64698],[125.052467,7.64747],[125.053482,7.64803],[125.054466,7.65033]]]]}},{"type":"Feature","properties":{"ID_0":177,"ISO":"PHL","NAME_0":"Philippines","ID_1":10013,"NAME_1":"Bukidnon","ID_2":1001309,"NAME_2":"Kitaotao","ID_3":1001309030,"NAME_3":"Santo Rosario","NL_NAME_3":null,"VARNAME_3":null,"TYPE_3":"Barangay","ENGTYPE_3":"Village","PROVINCE":"Bukidnon","REGION":"Region X (Northern Mindanao)","id":"barangay-1001309030","name":"Santo Rosario","barangayCode":"1001309030","population":null,"formattedPop":null,"densityCategory":"No data","vulnerabilityRating":"No data","healthRiskLevel":"No data","areaKm2":3.449993,"centerLat":7.63349,"centerLng":124.97691,"geometrySource":"all_barangay-2.csv detailed WKT","geometryMatchMethod":"unique_official_admin_names","boundaryPointCount":26},"geometry":{"type":"MultiPolygon","coordinates":[[[[124.977631,7.63694],[124.992317,7.63388],[124.987083,7.62064],[124.981506,7.62101],[124.980103,7.62205],[124.979462,7.62276],[124.978203,7.62331],[124.976601,7.62439],[124.975967,7.62517],[124.975128,7.62591],[124.973152,7.62661],[124.971283,7.62684],[124.969711,7.62697],[124.968391,7.62664],[124.967392,7.62671],[124.966309,7.62748],[124.965469,7.62792],[124.964211,7.62843],[124.963242,7.62952],[124.963211,7.63029],[124.962967,7.63224],[124.962891,7.63289],[124.962692,7.63358],[124.964142,7.63495],[124.970543,7.63843],[124.977631,7.63694]]]]}},{"type":"Feature","properties":{"ID_0":177,"ISO":"PHL","NAME_0":"Philippines","ID_1":10013,"NAME_1":"Bukidnon","ID_2":1001309,"NAME_2":"Kitaotao","ID_3":1001309031,"NAME_3":"Sinuda","NL_NAME_3":null,"VARNAME_3":null,"TYPE_3":"Barangay","ENGTYPE_3":"Village","PROVINCE":"Bukidnon","REGION":"Region X (Northern Mindanao)","id":"barangay-1001309031","name":"Sinuda","barangayCode":"1001309031","population":null,"formattedPop":null,"densityCategory":"No data","vulnerabilityRating":"No data","healthRiskLevel":"No data","areaKm2":46.922708,"centerLat":7.557095,"centerLng":125.223575,"geometrySource":"all_barangay-2.csv detailed WKT","geometryMatchMethod":"unique_official_admin_names","boundaryPointCount":12},"geometry":{"type":"MultiPolygon","coordinates":[[[[125.184097,7.60172],[125.177994,7.58785],[125.174667,7.57784],[125.1744,7.57712],[125.159508,7.57405],[125.154663,7.58413],[125.144943,7.58187],[125.129013,7.58268],[125.134872,7.59949],[125.143204,7.60143],[125.15345,7.61274],[125.184097,7.60172]]]]}},{"type":"Feature","properties":{"ID_0":177,"ISO":"PHL","NAME_0":"Philippines","ID_1":10013,"NAME_1":"Bukidnon","ID_2":1001309,"NAME_2":"Kitaotao","ID_3":1001309032,"NAME_3":"Tandong","NL_NAME_3":null,"VARNAME_3":null,"TYPE_3":"Barangay","ENGTYPE_3":"Village","PROVINCE":"Bukidnon","REGION":"Region X (Northern Mindanao)","id":"barangay-1001309032","name":"Tandong","barangayCode":"1001309032","population":null,"formattedPop":null,"densityCategory":"No data","vulnerabilityRating":"No data","healthRiskLevel":"No data","areaKm2":9.855157,"centerLat":7.58946,"centerLng":125.074275,"geometrySource":"all_barangay-2.csv detailed WKT","geometryMatchMethod":"unique_official_admin_names","boundaryPointCount":21},"geometry":{"type":"MultiPolygon","coordinates":[[[[125.066994,7.61386],[125.076576,7.61187],[125.073914,7.6003],[125.070068,7.59565],[125.059563,7.59577],[125.061028,7.59683],[125.063622,7.59805],[125.065964,7.59929],[125.066887,7.60047],[125.066528,7.60157],[125.064911,7.60415],[125.063187,7.60549],[125.061737,7.60577],[125.060127,7.60547],[125.059097,7.60648],[125.05883,7.60841],[125.059052,7.60879],[125.059799,7.60959],[125.06015,7.61097],[125.059837,7.61327],[125.066994,7.61386]]]]}},{"type":"Feature","properties":{"ID_0":177,"ISO":"PHL","NAME_0":"Philippines","ID_1":10013,"NAME_1":"Bukidnon","ID_2":1001309,"NAME_2":"Kitaotao","ID_3":1001309033,"NAME_3":"Tawas","NL_NAME_3":null,"VARNAME_3":null,"TYPE_3":"Barangay","ENGTYPE_3":"Village","PROVINCE":"Bukidnon","REGION":"Region X (Northern Mindanao)","id":"barangay-1001309033","name":"Tawas","barangayCode":"1001309033","population":null,"formattedPop":null,"densityCategory":"No data","vulnerabilityRating":"No data","healthRiskLevel":"No data","areaKm2":10.723974,"centerLat":7.527574,"centerLng":125.195827,"geometrySource":"all_barangay-2.csv detailed WKT","geometryMatchMethod":"unique_official_admin_names","boundaryPointCount":9},"geometry":{"type":"MultiPolygon","coordinates":[[[[125.129013,7.58268],[125.144943,7.58187],[125.154663,7.58413],[125.159508,7.57405],[125.155991,7.57342],[125.143898,7.57107],[125.143791,7.57266],[125.127251,7.57598],[125.129013,7.58268]]]]}},{"type":"Feature","properties":{"ID_0":177,"ISO":"PHL","NAME_0":"Philippines","ID_1":10013,"NAME_1":"Bukidnon","ID_2":1001309,"NAME_2":"Kitaotao","ID_3":1001309034,"NAME_3":"White Kulaman","NL_NAME_3":null,"VARNAME_3":null,"TYPE_3":"Barangay","ENGTYPE_3":"Village","PROVINCE":"Bukidnon","REGION":"Region X (Northern Mindanao)","id":"barangay-1001309034","name":"White Kulaman","barangayCode":"1001309034","population":null,"formattedPop":null,"densityCategory":"No data","vulnerabilityRating":"No data","healthRiskLevel":"No data","areaKm2":26.878689,"centerLat":7.499071,"centerLng":125.127986,"geometrySource":"all_barangay-2.csv detailed WKT","geometryMatchMethod":"unique_official_admin_names","boundaryPointCount":11},"geometry":{"type":"MultiPolygon","coordinates":[[[[125.118172,7.60968],[125.134872,7.59949],[125.129013,7.58268],[125.127251,7.57598],[125.126083,7.57041],[125.112999,7.56794],[125.116791,7.58316],[125.113869,7.58593],[125.115929,7.60579],[125.116623,7.6085],[125.118172,7.60968]]]]}},{"type":"Feature","properties":{"ID_0":177,"ISO":"PHL","NAME_0":"Philippines","ID_1":10013,"NAME_1":"Bukidnon","ID_2":1001309,"NAME_2":"Kitaotao","ID_3":1001309035,"NAME_3":"Napalico","NL_NAME_3":null,"VARNAME_3":null,"TYPE_3":"Barangay","ENGTYPE_3":"Village","PROVINCE":"Bukidnon","REGION":"Region X (Northern Mindanao)","id":"barangay-1001309035","name":"Napalico","barangayCode":"1001309035","population":null,"formattedPop":null,"densityCategory":"No data","vulnerabilityRating":"No data","healthRiskLevel":"No data","areaKm2":8.108489,"centerLat":7.51229,"centerLng":125.189464,"geometrySource":"all_barangay-2.csv detailed WKT","geometryMatchMethod":"unique_official_admin_names","boundaryPointCount":9},"geometry":{"type":"MultiPolygon","coordinates":[[[[125.155991,7.57342],[125.15255,7.5523],[125.15094,7.5529],[125.147972,7.55305],[125.145813,7.55257],[125.142921,7.55166],[125.142548,7.55146],[125.143898,7.57107],[125.155991,7.57342]]]]}},{"type":"Feature","properties":{"ID_0":177,"ISO":"PHL","NAME_0":"Philippines","ID_1":10013,"NAME_1":"Bukidnon","ID_2":1001309,"NAME_2":"Kitaotao","ID_3":1001309037,"NAME_3":"Digongan","NL_NAME_3":null,"VARNAME_3":null,"TYPE_3":"Barangay","ENGTYPE_3":"Village","PROVINCE":"Bukidnon","REGION":"Region X (Northern Mindanao)","id":"barangay-1001309037","name":"Digongan","barangayCode":"1001309037","population":null,"formattedPop":null,"densityCategory":"No data","vulnerabilityRating":"No data","healthRiskLevel":"No data","areaKm2":30.555817,"centerLat":7.605894,"centerLng":125.291461,"geometrySource":"all_barangay-2.csv detailed WKT","geometryMatchMethod":"unique_official_admin_names","boundaryPointCount":10},"geometry":{"type":"MultiPolygon","coordinates":[[[[125.218941,7.59196],[125.2173,7.58794],[125.216972,7.58718],[125.216652,7.58525],[125.217056,7.58336],[125.217163,7.58177],[125.217194,7.5814],[125.177994,7.58785],[125.184097,7.60172],[125.218941,7.59196]]]]}},{"type":"Feature","properties":{"ID_0":177,"ISO":"PHL","NAME_0":"Philippines","ID_1":10013,"NAME_1":"Bukidnon","ID_2":1001309,"NAME_2":"Kitaotao","ID_3":1001309038,"NAME_3":"Kiulom","NL_NAME_3":null,"VARNAME_3":null,"TYPE_3":"Barangay","ENGTYPE_3":"Village","PROVINCE":"Bukidnon","REGION":"Region X (Northern Mindanao)","id":"barangay-1001309038","name":"Kiulom","barangayCode":"1001309038","population":null,"formattedPop":null,"densityCategory":"No data","vulnerabilityRating":"No data","healthRiskLevel":"No data","areaKm2":11.720076,"centerLat":7.516145,"centerLng":125.243848,"geometrySource":"all_barangay-2.csv detailed WKT","geometryMatchMethod":"unique_official_admin_names","boundaryPointCount":22},"geometry":{"type":"MultiPolygon","coordinates":[[[[125.174667,7.57784],[125.193298,7.57212],[125.192749,7.57138],[125.191521,7.56954],[125.190514,7.56822],[125.189537,7.56656],[125.188858,7.56397],[125.188423,7.56257],[125.188408,7.56034],[125.187279,7.5586],[125.185959,7.55704],[125.185547,7.55548],[125.184189,7.55385],[125.183006,7.55242],[125.18203,7.55103],[125.181396,7.54963],[125.181038,7.54826],[125.18084,7.54613],[125.177048,7.54607],[125.172241,7.57129],[125.1744,7.57712],[125.174667,7.57784]]]]}},{"type":"Feature","properties":{"ID_0":177,"ISO":"PHL","NAME_0":"Philippines","ID_1":10013,"NAME_1":"Bukidnon","ID_2":1001309,"NAME_2":"Kitaotao","ID_3":1001309039,"NAME_3":"Binoongan","NL_NAME_3":null,"VARNAME_3":null,"TYPE_3":"Barangay","ENGTYPE_3":"Village","PROVINCE":"Bukidnon","REGION":"Region X (Northern Mindanao)","id":"barangay-1001309039","name":"Binoongan","barangayCode":"1001309039","population":null,"formattedPop":null,"densityCategory":"No data","vulnerabilityRating":"No data","healthRiskLevel":"No data","areaKm2":13.487656,"centerLat":7.485072,"centerLng":125.145168,"geometrySource":"all_barangay-2.csv detailed WKT","geometryMatchMethod":"unique_official_admin_names","boundaryPointCount":20},"geometry":{"type":"MultiPolygon","coordinates":[[[[125.126083,7.57041],[125.130737,7.54511],[125.130028,7.54468],[125.129478,7.54395],[125.128197,7.5432],[125.127548,7.54233],[125.126877,7.54113],[125.125603,7.54059],[125.123817,7.5395],[125.123077,7.53904],[125.122437,7.53882],[125.122032,7.53784],[125.121201,7.53763],[125.120743,7.5369],[125.12043,7.53583],[125.11972,7.53462],[125.118713,7.53413],[125.111237,7.56385],[125.112999,7.56794],[125.126083,7.57041]]]]}},{"type":"Feature","properties":{"ID_0":177,"ISO":"PHL","NAME_0":"Philippines","ID_1":10013,"NAME_1":"Bukidnon","ID_2":1001309,"NAME_2":"Kitaotao","ID_3":1001309040,"NAME_3":"Kipilas","NL_NAME_3":null,"VARNAME_3":null,"TYPE_3":"Barangay","ENGTYPE_3":"Village","PROVINCE":"Bukidnon","REGION":"Region X (Northern Mindanao)","id":"barangay-1001309040","name":"Kipilas","barangayCode":"1001309040","population":null,"formattedPop":null,"densityCategory":"No data","vulnerabilityRating":"No data","healthRiskLevel":"No data","areaKm2":6.462009,"centerLat":7.519874,"centerLng":125.233218,"geometrySource":"all_barangay-2.csv detailed WKT","geometryMatchMethod":"unique_official_admin_names","boundaryPointCount":13},"geometry":{"type":"MultiPolygon","coordinates":[[[[125.1744,7.57712],[125.172241,7.57129],[125.164459,7.55115],[125.163422,7.55137],[125.161873,7.55165],[125.158783,7.55195],[125.157257,7.552],[125.155617,7.55188],[125.153122,7.55202],[125.15255,7.5523],[125.155991,7.57342],[125.159508,7.57405],[125.1744,7.57712]]]]}},{"type":"Feature","properties":{"ID_0":177,"ISO":"PHL","NAME_0":"Philippines","ID_1":10013,"NAME_1":"Bukidnon","ID_2":1001309,"NAME_2":"Kitaotao","ID_3":1001309041,"NAME_3":"East Dalurong","NL_NAME_3":null,"VARNAME_3":null,"TYPE_3":"Barangay","ENGTYPE_3":"Village","PROVINCE":"Bukidnon","REGION":"Region X (Northern Mindanao)","id":"barangay-1001309041","name":"East Dalurong","barangayCode":"1001309041","population":null,"formattedPop":null,"densityCategory":"No data","vulnerabilityRating":"No data","healthRiskLevel":"No data","areaKm2":3.738917,"centerLat":7.599816,"centerLng":125.126952,"geometrySource":"all_barangay-2.csv detailed WKT","geometryMatchMethod":"unique_official_admin_names","boundaryPointCount":10},"geometry":{"type":"MultiPolygon","coordinates":[[[[125.088959,7.63569],[125.106857,7.62916],[125.131409,7.62078],[125.118172,7.60968],[125.116623,7.6085],[125.115929,7.60579],[125.095757,7.61017],[125.08828,7.62462],[125.08091,7.63836],[125.088959,7.63569]]]]}},{"type":"Feature","properties":{"ID_0":177,"ISO":"PHL","NAME_0":"Philippines","ID_1":10013,"NAME_1":"Bukidnon","ID_2":1001309,"NAME_2":"Kitaotao","ID_3":1001309042,"NAME_3":"West Dalurong","NL_NAME_3":null,"VARNAME_3":null,"TYPE_3":"Barangay","ENGTYPE_3":"Village","PROVINCE":"Bukidnon","REGION":"Region X (Northern Mindanao)","id":"barangay-1001309042","name":"West Dalurong","barangayCode":"1001309042","population":null,"formattedPop":null,"densityCategory":"No data","vulnerabilityRating":"No data","healthRiskLevel":"No data","areaKm2":14.771533,"centerLat":7.577986,"centerLng":125.137243,"geometrySource":"all_barangay-2.csv detailed WKT","geometryMatchMethod":"unique_official_admin_names","boundaryPointCount":7},"geometry":{"type":"MultiPolygon","coordinates":[[[[125.115929,7.60579],[125.113869,7.58593],[125.107582,7.59119],[125.096786,7.59984],[125.099823,7.60325],[125.095757,7.61017],[125.115929,7.60579]]]]}},{"type":"Feature","properties":{"ID_0":177,"ISO":"PHL","NAME_0":"Philippines","ID_1":10013,"NAME_1":"Bukidnon","ID_2":1001310,"NAME_2":"Lantapan","ID_3":1001310001,"NAME_3":"Alanib","NL_NAME_3":null,"VARNAME_3":null,"TYPE_3":"Barangay","ENGTYPE_3":"Village","PROVINCE":"Bukidnon","REGION":"Region X (Northern Mindanao)","id":"barangay-1001310001","name":"Alanib","barangayCode":"1001310001","population":null,"formattedPop":null,"densityCategory":"No data","vulnerabilityRating":"No data","healthRiskLevel":"No data","areaKm2":25.48956,"centerLat":8.029763,"centerLng":124.976295,"geometrySource":"all_barangay-2.csv detailed WKT","geometryMatchMethod":"unique_official_admin_names","boundaryPointCount":46},"geometry":{"type":"MultiPolygon","coordinates":[[[[124.98555,8.04915],[124.985199,8.04869],[124.984581,8.04643],[124.984612,8.0411],[124.985603,8.0371],[124.985474,8.03304],[124.984192,8.02991],[124.982231,8.02495],[124.982224,8.02199],[124.982727,8.01865],[124.981979,8.0139],[124.980522,8.01036],[124.979179,8.00684],[124.97802,8.00083],[124.976402,8.00183],[124.974777,8.00195],[124.973198,8.00118],[124.971527,8.00077],[124.970612,8.00148],[124.969658,8.00103],[124.968193,8.00114],[124.966499,8.00154],[124.965012,8.0017],[124.963539,8.00239],[124.961342,8.00262],[124.959976,8.00268],[124.958397,8.00289],[124.957603,8.00639],[124.956451,8.01106],[124.956284,8.01522],[124.956657,8.01793],[124.95713,8.01956],[124.957474,8.0245],[124.956993,8.02779],[124.956833,8.03213],[124.957901,8.03719],[124.958458,8.04236],[124.958351,8.04468],[124.959053,8.05049],[124.95977,8.05251],[124.962303,8.05747],[124.963692,8.06037],[124.965897,8.06475],[124.96785,8.06721],[124.970207,8.06927],[124.98555,8.04915]]]]}},{"type":"Feature","properties":{"ID_0":177,"ISO":"PHL","NAME_0":"Philippines","ID_1":10013,"NAME_1":"Bukidnon","ID_2":1001310,"NAME_2":"Lantapan","ID_3":1001310002,"NAME_3":"Baclayon","NL_NAME_3":null,"VARNAME_3":null,"TYPE_3":"Barangay","ENGTYPE_3":"Village","PROVINCE":"Bukidnon","REGION":"Region X (Northern Mindanao)","id":"barangay-1001310002","name":"Baclayon","barangayCode":"1001310002","population":null,"formattedPop":null,"densityCategory":"No data","vulnerabilityRating":"No data","healthRiskLevel":"No data","areaKm2":8.19675,"centerLat":8.019416,"centerLng":125.007669,"geometrySource":"all_barangay-2.csv detailed WKT","geometryMatchMethod":"unique_official_admin_names","boundaryPointCount":57},"geometry":{"type":"MultiPolygon","coordinates":[[[[125.026871,8.0345],[125.027153,8.03332],[125.026512,8.03069],[125.025414,8.0278],[125.023064,8.02549],[125.021492,8.02436],[125.018028,8.02236],[125.014107,8.01862],[125.011681,8.01525],[125.009987,8.01311],[125.007431,8.00693],[125.006126,8.00357],[125.004982,8.00032],[125.003197,7.99604],[125.002708,7.99294],[125.002357,7.99103],[125.001541,7.99117],[125.000847,7.99031],[125.000481,7.99262],[124.999268,7.99309],[124.997719,7.99395],[124.996834,7.99447],[124.994682,7.99578],[124.993858,7.9966],[124.993088,7.99744],[124.991966,7.9986],[124.991119,7.99886],[124.989357,7.9994],[124.987877,7.99961],[124.985931,8.0001],[124.983353,8.00139],[124.981567,8.00185],[124.979782,8.002],[124.97802,8.00083],[124.979179,8.00684],[124.980522,8.01036],[124.981979,8.0139],[124.982727,8.01865],[124.982224,8.02199],[124.982231,8.02495],[124.984192,8.02991],[124.985474,8.03304],[124.985603,8.0371],[124.984612,8.0411],[124.984581,8.04643],[124.985199,8.04869],[124.98555,8.04915],[124.991043,8.04127],[124.995872,8.03795],[125.001106,8.03571],[125.006378,8.03349],[125.010857,8.03218],[125.01712,8.03184],[125.01889,8.03222],[125.023827,8.03411],[125.025627,8.03507],[125.026871,8.0345]]]]}},{"type":"Feature","properties":{"ID_0":177,"ISO":"PHL","NAME_0":"Philippines","ID_1":10013,"NAME_1":"Bukidnon","ID_2":1001310,"NAME_2":"Lantapan","ID_3":1001310003,"NAME_3":"Balila","NL_NAME_3":null,"VARNAME_3":null,"TYPE_3":"Barangay","ENGTYPE_3":"Village","PROVINCE":"Bukidnon","REGION":"Region X (Northern Mindanao)","id":"barangay-1001310003","name":"Balila","barangayCode":"1001310003","population":null,"formattedPop":null,"densityCategory":"No data","vulnerabilityRating":"No data","healthRiskLevel":"No data","areaKm2":6.424435,"centerLat":8.003338,"centerLng":125.00998,"geometrySource":"all_barangay-2.csv detailed WKT","geometryMatchMethod":"unique_official_admin_names","boundaryPointCount":33},"geometry":{"type":"MultiPolygon","coordinates":[[[[125.025414,8.0278],[125.025482,8.02513],[125.025284,8.02414],[125.02523,8.02108],[125.025497,8.01797],[125.025124,8.01326],[125.024391,8.00903],[125.023933,8.00453],[125.023117,7.99943],[125.021919,7.99634],[125.019943,7.99089],[125.01841,7.99108],[125.016769,7.99165],[125.015106,7.99221],[125.013107,7.99239],[125.011162,7.99196],[125.009727,7.9917],[125.007973,7.99098],[125.006653,7.99044],[125.004128,7.99087],[125.002357,7.99103],[125.002708,7.99294],[125.003197,7.99604],[125.004982,8.00032],[125.006126,8.00357],[125.007431,8.00693],[125.009987,8.01311],[125.011681,8.01525],[125.014107,8.01862],[125.018028,8.02236],[125.021492,8.02436],[125.023064,8.02549],[125.025414,8.0278]]]]}},{"type":"Feature","properties":{"ID_0":177,"ISO":"PHL","NAME_0":"Philippines","ID_1":10013,"NAME_1":"Bukidnon","ID_2":1001310,"NAME_2":"Lantapan","ID_3":1001310004,"NAME_3":"Bantuanon","NL_NAME_3":null,"VARNAME_3":null,"TYPE_3":"Barangay","ENGTYPE_3":"Village","PROVINCE":"Bukidnon","REGION":"Region X (Northern Mindanao)","id":"barangay-1001310004","name":"Bantuanon","barangayCode":"1001310004","population":null,"formattedPop":null,"densityCategory":"No data","vulnerabilityRating":"No data","healthRiskLevel":"No data","areaKm2":25.495474,"centerLat":8.01958,"centerLng":125.060902,"geometrySource":"all_barangay-2.csv detailed WKT","geometryMatchMethod":"unique_official_admin_names","boundaryPointCount":60},"geometry":{"type":"MultiPolygon","coordinates":[[[[125.069183,8.05456],[125.099037,7.99059],[125.098083,7.98902],[125.095787,7.98726],[125.093803,7.98577],[125.091331,7.98518],[125.089897,7.98459],[125.08889,7.98331],[125.086342,7.98292],[125.084129,7.9823],[125.082237,7.98149],[125.079773,7.98096],[125.077347,7.98029],[125.075829,7.97992],[125.074097,7.97906],[125.072006,7.98211],[125.07119,7.98262],[125.070374,7.98392],[125.068283,7.98528],[125.066566,7.98702],[125.065826,7.9882],[125.064163,7.98973],[125.062553,7.98998],[125.060867,7.9897],[125.059608,7.99078],[125.058998,7.99178],[125.056793,7.99247],[125.054367,7.9919],[125.048813,8.01059],[125.048172,8.01263],[125.047829,8.01447],[125.047256,8.01623],[125.046181,8.01903],[125.045692,8.02093],[125.044563,8.02375],[125.043953,8.02489],[125.044067,8.02712],[125.043709,8.02889],[125.042488,8.03039],[125.04026,8.0306],[125.038399,8.03157],[125.034439,8.03335],[125.030617,8.03405],[125.028526,8.03434],[125.026871,8.0345],[125.025627,8.03507],[125.03109,8.03704],[125.033707,8.03797],[125.036873,8.04006],[125.039658,8.04223],[125.041878,8.04386],[125.043983,8.04525],[125.049698,8.04812],[125.054039,8.04831],[125.058151,8.04857],[125.062233,8.04946],[125.06517,8.05098],[125.06707,8.0528],[125.068466,8.05404],[125.069183,8.05456]]]]}},{"type":"Feature","properties":{"ID_0":177,"ISO":"PHL","NAME_0":"Philippines","ID_1":10013,"NAME_1":"Bukidnon","ID_2":1001310,"NAME_2":"Lantapan","ID_3":1001310005,"NAME_3":"Basak","NL_NAME_3":null,"VARNAME_3":null,"TYPE_3":"Barangay","ENGTYPE_3":"Village","PROVINCE":"Bukidnon","REGION":"Region X (Northern Mindanao)","id":"barangay-1001310005","name":"Basak","barangayCode":"1001310005","population":null,"formattedPop":null,"densityCategory":"No data","vulnerabilityRating":"No data","healthRiskLevel":"No data","areaKm2":7.709765,"centerLat":8.045309,"centerLng":124.870458,"geometrySource":"all_barangay-2.csv detailed WKT","geometryMatchMethod":"unique_official_admin_names","boundaryPointCount":22},"geometry":{"type":"MultiPolygon","coordinates":[[[[124.862846,8.0679],[124.864349,8.06827],[124.864647,8.06693],[124.866043,8.06479],[124.868317,8.06248],[124.869957,8.06004],[124.871117,8.05579],[124.871384,8.05271],[124.872047,8.04983],[124.873528,8.04557],[124.875473,8.04228],[124.878227,8.03836],[124.880287,8.03519],[124.882339,8.03035],[124.882637,8.0286],[124.885017,8.02241],[124.883423,8.02295],[124.882988,8.02274],[124.846718,8.03572],[124.849487,8.05562],[124.855148,8.0608],[124.862846,8.0679]]]]}},{"type":"Feature","properties":{"ID_0":177,"ISO":"PHL","NAME_0":"Philippines","ID_1":10013,"NAME_1":"Bukidnon","ID_2":1001310,"NAME_2":"Lantapan","ID_3":1001310006,"NAME_3":"Bugcaon","NL_NAME_3":null,"VARNAME_3":null,"TYPE_3":"Barangay","ENGTYPE_3":"Village","PROVINCE":"Bukidnon","REGION":"Region X (Northern Mindanao)","id":"barangay-1001310006","name":"Bugcaon","barangayCode":"1001310006","population":null,"formattedPop":null,"densityCategory":"No data","vulnerabilityRating":"No data","healthRiskLevel":"No data","areaKm2":24.812241,"centerLat":8.045388,"centerLng":125.095271,"geometrySource":"all_barangay-2.csv detailed WKT","geometryMatchMethod":"unique_official_admin_names","boundaryPointCount":22},"geometry":{"type":"MultiPolygon","coordinates":[[[[125.08284,8.06385],[125.1203,8.06125],[125.12072,8.05024],[125.120117,8.03129],[125.119926,8.01638],[125.120018,8.00977],[125.120193,8.00648],[125.113503,8.01267],[125.111267,8.01562],[125.107521,8.02165],[125.103752,8.02684],[125.096451,8.03672],[125.091743,8.04373],[125.088364,8.04861],[125.084846,8.05338],[125.082237,8.0562],[125.079582,8.05653],[125.08139,8.05826],[125.082138,8.05967],[125.082611,8.06165],[125.082443,8.06289],[125.08284,8.06385]]]]}},{"type":"Feature","properties":{"ID_0":177,"ISO":"PHL","NAME_0":"Philippines","ID_1":10013,"NAME_1":"Bukidnon","ID_2":1001310,"NAME_2":"Lantapan","ID_3":1001310007,"NAME_3":"Ka-atoan","NL_NAME_3":null,"VARNAME_3":null,"TYPE_3":"Barangay","ENGTYPE_3":"Village","PROVINCE":"Bukidnon","REGION":"Region X (Northern Mindanao)","id":"barangay-1001310007","name":"Ka-atoan","barangayCode":"1001310007","population":null,"formattedPop":null,"densityCategory":"No data","vulnerabilityRating":"No data","healthRiskLevel":"No data","areaKm2":47.855355,"centerLat":8.082763,"centerLng":124.991718,"geometrySource":"all_barangay-2.csv detailed WKT","geometryMatchMethod":"unique_official_admin_names","boundaryPointCount":79},"geometry":{"type":"MultiPolygon","coordinates":[[[[125.004707,8.091],[125.003952,8.09005],[125.003593,8.0892],[125.002831,8.08714],[125.002907,8.08507],[125.00396,8.08234],[125.004562,8.08088],[125.004547,8.0789],[125.005333,8.07597],[125.005836,8.07368],[125.006508,8.0727],[125.007828,8.07239],[125.010017,8.07222],[125.011833,8.0715],[125.012604,8.07096],[125.015106,8.07044],[125.016602,8.06922],[125.017464,8.0692],[125.018723,8.069],[125.019867,8.06781],[125.02079,8.06674],[125.022324,8.06483],[125.022743,8.06358],[125.023201,8.06183],[125.023743,8.06069],[125.024094,8.0593],[125.023842,8.05719],[125.024628,8.05538],[125.025497,8.05394],[125.025932,8.0521],[125.026253,8.05021],[125.026268,8.04859],[125.026207,8.04671],[125.026482,8.04466],[125.026329,8.04259],[125.026314,8.04118],[125.02636,8.03996],[125.026871,8.03855],[125.025627,8.03507],[125.023827,8.03411],[125.01889,8.03222],[125.01712,8.03184],[125.010857,8.03218],[125.006378,8.03349],[125.001106,8.03571],[124.995872,8.03795],[124.991043,8.04127],[124.98555,8.04915],[124.970207,8.06927],[124.962112,8.07965],[124.96627,8.10569],[124.970352,8.10414],[124.970978,8.10394],[124.97216,8.10337],[124.972794,8.10299],[124.97393,8.10287],[124.975487,8.10223],[124.976799,8.10135],[124.97805,8.10059],[124.979988,8.10063],[124.981422,8.09991],[124.98233,8.0995],[124.985092,8.0986],[124.987907,8.09899],[124.989258,8.09913],[124.989647,8.09857],[124.991989,8.09758],[124.993011,8.09697],[124.993217,8.09585],[124.994278,8.0948],[124.995613,8.09443],[124.997177,8.09417],[124.997749,8.09425],[124.998802,8.09431],[124.999603,8.09339],[125.001198,8.09219],[125.002731,8.09177],[125.003777,8.09148],[125.004707,8.091]]]]}},{"type":"Feature","properties":{"ID_0":177,"ISO":"PHL","NAME_0":"Philippines","ID_1":10013,"NAME_1":"Bukidnon","ID_2":1001310,"NAME_2":"Lantapan","ID_3":1001310008,"NAME_3":"Capitan Juan","NL_NAME_3":null,"VARNAME_3":null,"TYPE_3":"Barangay","ENGTYPE_3":"Village","PROVINCE":"Bukidnon","REGION":"Region X (Northern Mindanao)","id":"barangay-1001310008","name":"Capitan Juan","barangayCode":"1001310008","population":null,"formattedPop":null,"densityCategory":"No data","vulnerabilityRating":"No data","healthRiskLevel":"No data","areaKm2":17.891928,"centerLat":8.071855,"centerLng":125.03908,"geometrySource":"all_barangay-2.csv detailed WKT","geometryMatchMethod":"unique_official_admin_names","boundaryPointCount":87},"geometry":{"type":"MultiPolygon","coordinates":[[[[125.004707,8.091],[125.005913,8.09073],[125.007599,8.09084],[125.010002,8.09089],[125.013847,8.09023],[125.01506,8.0903],[125.019989,8.09038],[125.023087,8.09012],[125.025787,8.08975],[125.029243,8.08917],[125.036171,8.08811],[125.039467,8.08752],[125.044037,8.08667],[125.047623,8.08594],[125.054733,8.08391],[125.056587,8.08323],[125.062263,8.08072],[125.066383,8.07782],[125.067917,8.07666],[125.072601,8.07336],[125.075211,8.07142],[125.078773,8.06795],[125.081123,8.0657],[125.08284,8.06385],[125.082443,8.06289],[125.082611,8.06165],[125.082138,8.05967],[125.08139,8.05826],[125.079582,8.05653],[125.078529,8.05602],[125.077187,8.05565],[125.073936,8.05525],[125.071297,8.05508],[125.069809,8.05478],[125.069183,8.05456],[125.068466,8.05404],[125.06707,8.0528],[125.06517,8.05098],[125.062233,8.04946],[125.058151,8.04857],[125.054039,8.04831],[125.049698,8.04812],[125.043983,8.04525],[125.041878,8.04386],[125.039658,8.04223],[125.036873,8.04006],[125.033707,8.03797],[125.03109,8.03704],[125.025627,8.03507],[125.026871,8.03855],[125.02636,8.03996],[125.026314,8.04118],[125.026329,8.04259],[125.026482,8.04466],[125.026207,8.04671],[125.026268,8.04859],[125.026253,8.05021],[125.025932,8.0521],[125.025497,8.05394],[125.024628,8.05538],[125.023842,8.05719],[125.024094,8.0593],[125.023743,8.06069],[125.023201,8.06183],[125.022743,8.06358],[125.022324,8.06483],[125.02079,8.06674],[125.019867,8.06781],[125.018723,8.069],[125.017464,8.0692],[125.016602,8.06922],[125.015106,8.07044],[125.012604,8.07096],[125.011833,8.0715],[125.010017,8.07222],[125.007828,8.07239],[125.006508,8.0727],[125.005836,8.07368],[125.005333,8.07597],[125.004547,8.0789],[125.004562,8.08088],[125.00396,8.08234],[125.002907,8.08507],[125.002831,8.08714],[125.003593,8.0892],[125.003952,8.09005],[125.004707,8.091]]]]}},{"type":"Feature","properties":{"ID_0":177,"ISO":"PHL","NAME_0":"Philippines","ID_1":10013,"NAME_1":"Bukidnon","ID_2":1001310,"NAME_2":"Lantapan","ID_3":1001310009,"NAME_3":"Cawayan","NL_NAME_3":null,"VARNAME_3":null,"TYPE_3":"Barangay","ENGTYPE_3":"Village","PROVINCE":"Bukidnon","REGION":"Region X (Northern Mindanao)","id":"barangay-1001310009","name":"Cawayan","barangayCode":"1001310009","population":null,"formattedPop":null,"densityCategory":"No data","vulnerabilityRating":"No data","healthRiskLevel":"No data","areaKm2":27.087783,"centerLat":8.077319,"centerLng":124.930776,"geometrySource":"all_barangay-2.csv detailed WKT","geometryMatchMethod":"unique_official_admin_names","boundaryPointCount":62},"geometry":{"type":"MultiPolygon","coordinates":[[[[124.926247,8.11525],[124.94799,8.11109],[124.95639,8.10807],[124.956688,8.10671],[124.956421,8.10426],[124.956017,8.0998],[124.955643,8.09716],[124.95414,8.09055],[124.952782,8.08382],[124.952011,8.07844],[124.95163,8.07139],[124.951538,8.06762],[124.951477,8.05898],[124.951797,8.0562],[124.951859,8.04938],[124.949867,8.04196],[124.947746,8.0358],[124.94738,8.03314],[124.947792,8.0293],[124.948112,8.02684],[124.948273,8.02114],[124.947983,8.01631],[124.947227,8.0104],[124.946938,8.00622],[124.94706,8.00445],[124.945389,8.00307],[124.943573,8.00134],[124.941803,8.00098],[124.940117,8.00078],[124.938408,8.00105],[124.937424,8.00329],[124.937378,8.00523],[124.936508,8.00679],[124.934502,8.00668],[124.935287,8.00865],[124.934517,8.0153],[124.933884,8.01983],[124.932983,8.02652],[124.932716,8.02976],[124.932961,8.03312],[124.933403,8.03668],[124.932579,8.0422],[124.931107,8.04861],[124.930649,8.0536],[124.930206,8.05958],[124.929543,8.06369],[124.929123,8.06744],[124.929482,8.07107],[124.930199,8.07529],[124.929863,8.07787],[124.928162,8.08329],[124.927597,8.08555],[124.927788,8.08915],[124.928101,8.09097],[124.928871,8.09641],[124.928993,8.10013],[124.92849,8.10429],[124.927872,8.10677],[124.926804,8.11075],[124.926323,8.11387],[124.926147,8.11447],[124.926247,8.11525]]]]}},{"type":"Feature","properties":{"ID_0":177,"ISO":"PHL","NAME_0":"Philippines","ID_1":10013,"NAME_1":"Bukidnon","ID_2":1001310,"NAME_2":"Lantapan","ID_3":1001310010,"NAME_3":"Kulasihan","NL_NAME_3":null,"VARNAME_3":null,"TYPE_3":"Barangay","ENGTYPE_3":"Village","PROVINCE":"Bukidnon","REGION":"Region X (Northern Mindanao)","id":"barangay-1001310010","name":"Kulasihan","barangayCode":"1001310010","population":null,"formattedPop":null,"densityCategory":"No data","vulnerabilityRating":"No data","healthRiskLevel":"No data","areaKm2":21.982851,"centerLat":8.012666,"centerLng":125.094345,"geometrySource":"all_barangay-2.csv detailed WKT","geometryMatchMethod":"unique_official_admin_names","boundaryPointCount":35},"geometry":{"type":"MultiPolygon","coordinates":[[[[125.079582,8.05653],[125.082237,8.0562],[125.084846,8.05338],[125.088364,8.04861],[125.091743,8.04373],[125.096451,8.03672],[125.103752,8.02684],[125.107521,8.02165],[125.111267,8.01562],[125.113503,8.01267],[125.120193,8.00648],[125.12059,7.99171],[125.118851,7.99115],[125.117027,7.99112],[125.115936,7.99157],[125.115623,7.99173],[125.114357,7.99146],[125.112427,7.99046],[125.110367,7.99018],[125.109772,7.99037],[125.108139,7.98945],[125.106903,7.98945],[125.105957,7.99052],[125.104767,7.99134],[125.10347,7.99146],[125.101952,7.99223],[125.100456,7.99185],[125.099037,7.99059],[125.069183,8.05456],[125.069809,8.05478],[125.071297,8.05508],[125.073936,8.05525],[125.077187,8.05565],[125.078529,8.05602],[125.079582,8.05653]]]]}},{"type":"Feature","properties":{"ID_0":177,"ISO":"PHL","NAME_0":"Philippines","ID_1":10013,"NAME_1":"Bukidnon","ID_2":1001310,"NAME_2":"Lantapan","ID_3":1001310011,"NAME_3":"Kibangay","NL_NAME_3":null,"VARNAME_3":null,"TYPE_3":"Barangay","ENGTYPE_3":"Village","PROVINCE":"Bukidnon","REGION":"Region X (Northern Mindanao)","id":"barangay-1001310011","name":"Kibangay","barangayCode":"1001310011","population":null,"formattedPop":null,"densityCategory":"No data","vulnerabilityRating":"No data","healthRiskLevel":"No data","areaKm2":49.955149,"centerLat":8.088997,"centerLng":124.895358,"geometrySource":"all_barangay-2.csv detailed WKT","geometryMatchMethod":"unique_official_admin_names","boundaryPointCount":66},"geometry":{"type":"MultiPolygon","coordinates":[[[[124.895737,8.10182],[124.898087,8.09812],[124.898781,8.09664],[124.899384,8.09377],[124.899727,8.09046],[124.900337,8.08655],[124.900909,8.08389],[124.901466,8.08235],[124.903084,8.07676],[124.90361,8.0746],[124.905243,8.06931],[124.90625,8.06498],[124.907333,8.06114],[124.908073,8.05914],[124.909828,8.05516],[124.911507,8.05038],[124.912537,8.0463],[124.914093,8.04069],[124.916489,8.03538],[124.918068,8.03234],[124.920464,8.02592],[124.921387,8.0221],[124.922119,8.01927],[124.923683,8.01288],[124.924171,8.01104],[124.924927,8.0063],[124.922127,8.00566],[124.91996,8.00514],[124.918541,8.00592],[124.916634,8.00816],[124.915253,8.00889],[124.913857,8.00865],[124.911957,8.01037],[124.91053,8.01273],[124.907578,8.01499],[124.905083,8.0159],[124.903923,8.01618],[124.902351,8.01695],[124.900551,8.01723],[124.899406,8.01813],[124.897324,8.01852],[124.895691,8.0178],[124.893738,8.01825],[124.891342,8.01925],[124.889923,8.02048],[124.889198,8.02176],[124.888046,8.02243],[124.886307,8.02223],[124.885017,8.02241],[124.882637,8.0286],[124.882339,8.03035],[124.880287,8.03519],[124.878227,8.03836],[124.875473,8.04228],[124.873528,8.04557],[124.872047,8.04983],[124.871384,8.05271],[124.871117,8.05579],[124.869957,8.06004],[124.868317,8.06248],[124.866043,8.06479],[124.864647,8.06693],[124.864349,8.06827],[124.862846,8.0679],[124.870018,8.07487],[124.895737,8.10182]]]]}},{"type":"Feature","properties":{"ID_0":177,"ISO":"PHL","NAME_0":"Philippines","ID_1":10013,"NAME_1":"Bukidnon","ID_2":1001310,"NAME_2":"Lantapan","ID_3":1001310012,"NAME_3":"Poblacion","NL_NAME_3":null,"VARNAME_3":null,"TYPE_3":"Barangay","ENGTYPE_3":"Village","PROVINCE":"Bukidnon","REGION":"Region X (Northern Mindanao)","id":"barangay-1001310012","name":"Poblacion","barangayCode":"1001310012","population":null,"formattedPop":null,"densityCategory":"No data","vulnerabilityRating":"No data","healthRiskLevel":"No data","areaKm2":13.888666,"centerLat":8.00528,"centerLng":125.035362,"geometrySource":"all_barangay-2.csv detailed WKT","geometryMatchMethod":"unique_official_admin_names","boundaryPointCount":56},"geometry":{"type":"MultiPolygon","coordinates":[[[[125.025414,8.0278],[125.026512,8.03069],[125.027153,8.03332],[125.026871,8.0345],[125.028526,8.03434],[125.030617,8.03405],[125.034439,8.03335],[125.038399,8.03157],[125.04026,8.0306],[125.042488,8.03039],[125.043709,8.02889],[125.044067,8.02712],[125.043953,8.02489],[125.044563,8.02375],[125.045692,8.02093],[125.046181,8.01903],[125.047256,8.01623],[125.047829,8.01447],[125.048172,8.01263],[125.048813,8.01059],[125.054367,7.9919],[125.051208,7.99164],[125.050301,7.99159],[125.048233,7.99051],[125.046478,7.98939],[125.044968,7.98788],[125.043213,7.98732],[125.042381,7.98815],[125.041924,7.98901],[125.040657,7.98917],[125.039047,7.98851],[125.038208,7.98932],[125.037567,7.99032],[125.035851,7.99045],[125.034943,7.99117],[125.033371,7.99142],[125.031792,7.99097],[125.03083,7.99178],[125.029678,7.9929],[125.028481,7.99222],[125.027901,7.99164],[125.026131,7.99152],[125.02478,7.99146],[125.022812,7.99041],[125.022087,7.99016],[125.019943,7.99089],[125.021919,7.99634],[125.023117,7.99943],[125.023933,8.00453],[125.024391,8.00903],[125.025124,8.01326],[125.025497,8.01797],[125.02523,8.02108],[125.025284,8.02414],[125.025482,8.02513],[125.025414,8.0278]]]]}},{"type":"Feature","properties":{"ID_0":177,"ISO":"PHL","NAME_0":"Philippines","ID_1":10013,"NAME_1":"Bukidnon","ID_2":1001310,"NAME_2":"Lantapan","ID_3":1001310013,"NAME_3":"Songco","NL_NAME_3":null,"VARNAME_3":null,"TYPE_3":"Barangay","ENGTYPE_3":"Village","PROVINCE":"Bukidnon","REGION":"Region X (Northern Mindanao)","id":"barangay-1001310013","name":"Songco","barangayCode":"1001310013","population":null,"formattedPop":null,"densityCategory":"No data","vulnerabilityRating":"No data","healthRiskLevel":"No data","areaKm2":58.690231,"centerLat":8.086301,"centerLng":124.945504,"geometrySource":"all_barangay-2.csv detailed WKT","geometryMatchMethod":"unique_official_admin_names","boundaryPointCount":52},"geometry":{"type":"MultiPolygon","coordinates":[[[[124.95639,8.10807],[124.96627,8.10569],[124.962112,8.07965],[124.970207,8.06927],[124.96785,8.06721],[124.965897,8.06475],[124.963692,8.06037],[124.962303,8.05747],[124.95977,8.05251],[124.959053,8.05049],[124.958351,8.04468],[124.958458,8.04236],[124.957901,8.03719],[124.956833,8.03213],[124.956993,8.02779],[124.957474,8.0245],[124.95713,8.01956],[124.956657,8.01793],[124.956284,8.01522],[124.956451,8.01106],[124.957603,8.00639],[124.958397,8.00289],[124.957367,8.00346],[124.956009,8.00417],[124.955063,8.00481],[124.954247,8.00449],[124.952248,8.00393],[124.949791,8.0041],[124.948433,8.0044],[124.94706,8.00445],[124.946938,8.00622],[124.947227,8.0104],[124.947983,8.01631],[124.948273,8.02114],[124.948112,8.02684],[124.947792,8.0293],[124.94738,8.03314],[124.947746,8.0358],[124.949867,8.04196],[124.951859,8.04938],[124.951797,8.0562],[124.951477,8.05898],[124.951538,8.06762],[124.95163,8.07139],[124.952011,8.07844],[124.952782,8.08382],[124.95414,8.09055],[124.955643,8.09716],[124.956017,8.0998],[124.956421,8.10426],[124.956688,8.10671],[124.95639,8.10807]]]]}},{"type":"Feature","properties":{"ID_0":177,"ISO":"PHL","NAME_0":"Philippines","ID_1":10013,"NAME_1":"Bukidnon","ID_2":1001310,"NAME_2":"Lantapan","ID_3":1001310014,"NAME_3":"Victory","NL_NAME_3":null,"VARNAME_3":null,"TYPE_3":"Barangay","ENGTYPE_3":"Village","PROVINCE":"Bukidnon","REGION":"Region X (Northern Mindanao)","id":"barangay-1001310014","name":"Victory","barangayCode":"1001310014","population":null,"formattedPop":null,"densityCategory":"No data","vulnerabilityRating":"No data","healthRiskLevel":"No data","areaKm2":20.294392,"centerLat":8.09594,"centerLng":124.915359,"geometrySource":"all_barangay-2.csv detailed WKT","geometryMatchMethod":"unique_official_admin_names","boundaryPointCount":64},"geometry":{"type":"MultiPolygon","coordinates":[[[[124.926247,8.11525],[124.926147,8.11447],[124.926323,8.11387],[124.926804,8.11075],[124.927872,8.10677],[124.92849,8.10429],[124.928993,8.10013],[124.928871,8.09641],[124.928101,8.09097],[124.927788,8.08915],[124.927597,8.08555],[124.928162,8.08329],[124.929863,8.07787],[124.930199,8.07529],[124.929482,8.07107],[124.929123,8.06744],[124.929543,8.06369],[124.930206,8.05958],[124.930649,8.0536],[124.931107,8.04861],[124.932579,8.0422],[124.933403,8.03668],[124.932961,8.03312],[124.932716,8.02976],[124.932983,8.02652],[124.933884,8.01983],[124.934517,8.0153],[124.935287,8.00865],[124.934502,8.00668],[124.933342,8.00682],[124.932693,8.0059],[124.930634,8.00689],[124.92955,8.00795],[124.928253,8.00715],[124.927132,8.0064],[124.924927,8.0063],[124.924171,8.01104],[124.923683,8.01288],[124.922119,8.01927],[124.921387,8.0221],[124.920464,8.02592],[124.918068,8.03234],[124.916489,8.03538],[124.914093,8.04069],[124.912537,8.0463],[124.911507,8.05038],[124.909828,8.05516],[124.908073,8.05914],[124.907333,8.06114],[124.90625,8.06498],[124.905243,8.06931],[124.90361,8.0746],[124.903084,8.07676],[124.901466,8.08235],[124.900909,8.08389],[124.900337,8.08655],[124.899727,8.09046],[124.899384,8.09377],[124.898781,8.09664],[124.898087,8.09812],[124.895737,8.10182],[124.911751,8.11926],[124.925209,8.1154],[124.926247,8.11525]]]]}},{"type":"Feature","properties":{"ID_0":177,"ISO":"PHL","NAME_0":"Philippines","ID_1":10013,"NAME_1":"Bukidnon","ID_2":1001311,"NAME_2":"Libona","ID_3":1001311001,"NAME_3":"Capihan","NL_NAME_3":null,"VARNAME_3":null,"TYPE_3":"Barangay","ENGTYPE_3":"Village","PROVINCE":"Bukidnon","REGION":"Region X (Northern Mindanao)","id":"barangay-1001311001","name":"Capihan","barangayCode":"1001311001","population":null,"formattedPop":null,"densityCategory":"No data","vulnerabilityRating":"No data","healthRiskLevel":"No data","areaKm2":12.559446,"centerLat":8.247846,"centerLng":124.771091,"geometrySource":"all_barangay-2.csv detailed WKT","geometryMatchMethod":"unique_official_admin_names","boundaryPointCount":21},"geometry":{"type":"MultiPolygon","coordinates":[[[[124.809357,8.24048],[124.830597,8.22165],[124.840591,8.2045],[124.828743,8.21192],[124.81707,8.21694],[124.814003,8.21938],[124.806587,8.22319],[124.773109,8.23612],[124.767174,8.23941],[124.765091,8.24078],[124.76371,8.24175],[124.76281,8.24221],[124.761208,8.24295],[124.759941,8.24371],[124.759682,8.24434],[124.758797,8.24522],[124.756882,8.24531],[124.755867,8.24582],[124.780479,8.25097],[124.783623,8.26231],[124.809357,8.24048]]]]}},{"type":"Feature","properties":{"ID_0":177,"ISO":"PHL","NAME_0":"Philippines","ID_1":10013,"NAME_1":"Bukidnon","ID_2":1001311,"NAME_2":"Libona","ID_3":1001311002,"NAME_3":"Crossing","NL_NAME_3":null,"VARNAME_3":null,"TYPE_3":"Barangay","ENGTYPE_3":"Village","PROVINCE":"Bukidnon","REGION":"Region X (Northern Mindanao)","id":"barangay-1001311002","name":"Crossing","barangayCode":"1001311002","population":null,"formattedPop":null,"densityCategory":"No data","vulnerabilityRating":"No data","healthRiskLevel":"No data","areaKm2":13.004964,"centerLat":8.326168,"centerLng":124.789761,"geometrySource":"all_barangay-2.csv detailed WKT","geometryMatchMethod":"unique_official_admin_names","boundaryPointCount":38},"geometry":{"type":"MultiPolygon","coordinates":[[[[124.803398,8.33237],[124.803574,8.33167],[124.804047,8.33024],[124.804878,8.32965],[124.805817,8.32853],[124.806061,8.32763],[124.806297,8.32665],[124.806252,8.32612],[124.805458,8.3264],[124.805328,8.3263],[124.805351,8.32534],[124.805023,8.32457],[124.804398,8.32388],[124.803329,8.32327],[124.80304,8.32391],[124.8022,8.32458],[124.801071,8.32436],[124.799683,8.32453],[124.797577,8.32461],[124.796463,8.32462],[124.795158,8.32397],[124.793213,8.32275],[124.792374,8.32237],[124.791023,8.32278],[124.790771,8.32494],[124.790649,8.32592],[124.789902,8.32614],[124.789383,8.32629],[124.789124,8.32661],[124.787666,8.32666],[124.788002,8.32761],[124.787338,8.32855],[124.786697,8.32889],[124.786018,8.3293],[124.785316,8.33012],[124.785507,8.33082],[124.785652,8.33141],[124.803398,8.33237]]]]}},{"type":"Feature","properties":{"ID_0":177,"ISO":"PHL","NAME_0":"Philippines","ID_1":10013,"NAME_1":"Bukidnon","ID_2":1001311,"NAME_2":"Libona","ID_3":1001311003,"NAME_3":"Gango","NL_NAME_3":null,"VARNAME_3":null,"TYPE_3":"Barangay","ENGTYPE_3":"Village","PROVINCE":"Bukidnon","REGION":"Region X (Northern Mindanao)","id":"barangay-1001311003","name":"Gango","barangayCode":"1001311003","population":null,"formattedPop":null,"densityCategory":"No data","vulnerabilityRating":"No data","healthRiskLevel":"No data","areaKm2":25.426704,"centerLat":8.402379,"centerLng":124.690602,"geometrySource":"all_barangay-2.csv detailed WKT","geometryMatchMethod":"unique_official_admin_names","boundaryPointCount":39},"geometry":{"type":"MultiPolygon","coordinates":[[[[124.726357,8.42124],[124.726677,8.39988],[124.664627,8.37109],[124.661057,8.37385],[124.660767,8.37547],[124.660751,8.37576],[124.658539,8.37795],[124.654861,8.38256],[124.652809,8.38418],[124.651314,8.38431],[124.650093,8.38396],[124.649231,8.38351],[124.648262,8.3834],[124.648293,8.38388],[124.666267,8.3994],[124.665031,8.40127],[124.664589,8.40315],[124.664703,8.40464],[124.664574,8.40584],[124.663857,8.40686],[124.663498,8.40788],[124.663612,8.40865],[124.663597,8.40968],[124.663383,8.41131],[124.663811,8.41285],[124.664619,8.41364],[124.665314,8.41419],[124.666237,8.41464],[124.666901,8.41508],[124.66716,8.41606],[124.666611,8.41711],[124.666573,8.41778],[124.666634,8.41805],[124.666298,8.41909],[124.673523,8.41969],[124.677116,8.41986],[124.681686,8.42007],[124.708687,8.42087],[124.726357,8.42124]]]]}},{"type":"Feature","properties":{"ID_0":177,"ISO":"PHL","NAME_0":"Philippines","ID_1":10013,"NAME_1":"Bukidnon","ID_2":1001311,"NAME_2":"Libona","ID_3":1001311004,"NAME_3":"Kiliog","NL_NAME_3":null,"VARNAME_3":null,"TYPE_3":"Barangay","ENGTYPE_3":"Village","PROVINCE":"Bukidnon","REGION":"Region X (Northern Mindanao)","id":"barangay-1001311004","name":"Kiliog","barangayCode":"1001311004","population":null,"formattedPop":null,"densityCategory":"No data","vulnerabilityRating":"No data","healthRiskLevel":"No data","areaKm2":11.44305,"centerLat":8.334023,"centerLng":124.701397,"geometrySource":"all_barangay-2.csv detailed WKT","geometryMatchMethod":"unique_official_admin_names","boundaryPointCount":50},"geometry":{"type":"MultiPolygon","coordinates":[[[[124.685516,8.3488],[124.710472,8.35748],[124.712509,8.32827],[124.720757,8.31776],[124.70047,8.31149],[124.70034,8.31201],[124.699028,8.31346],[124.697548,8.31409],[124.696007,8.31457],[124.694107,8.3144],[124.691917,8.31482],[124.691017,8.31626],[124.690964,8.31736],[124.690941,8.31802],[124.690536,8.31922],[124.689583,8.32064],[124.690033,8.32122],[124.690041,8.32316],[124.689667,8.32367],[124.688042,8.325],[124.687683,8.32597],[124.688004,8.32701],[124.688629,8.32833],[124.689972,8.32955],[124.689857,8.33077],[124.688843,8.33246],[124.687477,8.33368],[124.687202,8.33462],[124.687363,8.33569],[124.686546,8.33622],[124.684883,8.33589],[124.684647,8.33679],[124.685402,8.33757],[124.686378,8.33832],[124.686737,8.33913],[124.686981,8.33981],[124.687218,8.34096],[124.68676,8.34168],[124.685387,8.34217],[124.685364,8.34256],[124.68602,8.34377],[124.68615,8.34455],[124.685852,8.34503],[124.684486,8.34441],[124.683182,8.34348],[124.682373,8.34405],[124.681862,8.34541],[124.681999,8.34664],[124.682503,8.34754],[124.685516,8.3488]]]]}},{"type":"Feature","properties":{"ID_0":177,"ISO":"PHL","NAME_0":"Philippines","ID_1":10013,"NAME_1":"Bukidnon","ID_2":1001311,"NAME_2":"Libona","ID_3":1001311005,"NAME_3":"Kinawe","NL_NAME_3":null,"VARNAME_3":null,"TYPE_3":"Barangay","ENGTYPE_3":"Village","PROVINCE":"Bukidnon","REGION":"Region X (Northern Mindanao)","id":"barangay-1001311005","name":"Kinawe","barangayCode":"1001311005","population":null,"formattedPop":null,"densityCategory":"No data","vulnerabilityRating":"No data","healthRiskLevel":"No data","areaKm2":18.675896,"centerLat":8.370672,"centerLng":124.693153,"geometrySource":"all_barangay-2.csv detailed WKT","geometryMatchMethod":"unique_official_admin_names","boundaryPointCount":35},"geometry":{"type":"MultiPolygon","coordinates":[[[[124.726677,8.39988],[124.710472,8.35748],[124.685516,8.3488],[124.68602,8.34972],[124.685677,8.35055],[124.68441,8.35115],[124.682671,8.35063],[124.681107,8.34967],[124.679916,8.35043],[124.679764,8.35157],[124.679703,8.35239],[124.678047,8.35277],[124.676826,8.3526],[124.676537,8.35304],[124.675621,8.35306],[124.674828,8.35172],[124.67305,8.35163],[124.67234,8.3529],[124.673866,8.35445],[124.675293,8.35539],[124.675247,8.35596],[124.674156,8.35729],[124.672943,8.35814],[124.671494,8.35986],[124.671356,8.36168],[124.671944,8.36285],[124.671371,8.36347],[124.669907,8.36308],[124.668327,8.36369],[124.668411,8.36439],[124.669479,8.36652],[124.66951,8.36804],[124.669182,8.36948],[124.664627,8.37109],[124.726677,8.39988]]]]}},{"type":"Feature","properties":{"ID_0":177,"ISO":"PHL","NAME_0":"Philippines","ID_1":10013,"NAME_1":"Bukidnon","ID_2":1001311,"NAME_2":"Libona","ID_3":1001311006,"NAME_3":"Laturan","NL_NAME_3":null,"VARNAME_3":null,"TYPE_3":"Barangay","ENGTYPE_3":"Village","PROVINCE":"Bukidnon","REGION":"Region X (Northern Mindanao)","id":"barangay-1001311006","name":"Laturan","barangayCode":"1001311006","population":null,"formattedPop":null,"densityCategory":"No data","vulnerabilityRating":"No data","healthRiskLevel":"No data","areaKm2":11.818295,"centerLat":8.300794,"centerLng":124.771242,"geometrySource":"all_barangay-2.csv detailed WKT","geometryMatchMethod":"unique_official_admin_names","boundaryPointCount":12},"geometry":{"type":"MultiPolygon","coordinates":[[[[124.777222,8.31643],[124.779701,8.29459],[124.796471,8.28292],[124.781647,8.27711],[124.749428,8.27635],[124.758598,8.28121],[124.758926,8.28409],[124.757767,8.29326],[124.746986,8.29546],[124.744461,8.30416],[124.759193,8.31738],[124.777222,8.31643]]]]}},{"type":"Feature","properties":{"ID_0":177,"ISO":"PHL","NAME_0":"Philippines","ID_1":10013,"NAME_1":"Bukidnon","ID_2":1001311,"NAME_2":"Libona","ID_3":1001311007,"NAME_3":"Maambong","NL_NAME_3":null,"VARNAME_3":null,"TYPE_3":"Barangay","ENGTYPE_3":"Village","PROVINCE":"Bukidnon","REGION":"Region X (Northern Mindanao)","id":"barangay-1001311007","name":"Maambong","barangayCode":"1001311007","population":null,"formattedPop":null,"densityCategory":"No data","vulnerabilityRating":"No data","healthRiskLevel":"No data","areaKm2":18.651519,"centerLat":8.265594,"centerLng":124.805107,"geometrySource":"all_barangay-2.csv detailed WKT","geometryMatchMethod":"unique_official_admin_names","boundaryPointCount":38},"geometry":{"type":"MultiPolygon","coordinates":[[[[124.820663,8.29227],[124.82077,8.29179],[124.821198,8.29056],[124.821777,8.28977],[124.822227,8.2887],[124.822517,8.28738],[124.823212,8.28584],[124.823639,8.28509],[124.823883,8.28356],[124.823357,8.28243],[124.823051,8.28141],[124.823547,8.28101],[124.824707,8.28113],[124.825439,8.28116],[124.825897,8.28046],[124.825363,8.27783],[124.825027,8.27672],[124.824608,8.27537],[124.824471,8.27476],[124.824997,8.2739],[124.825882,8.2738],[124.827164,8.27358],[124.82798,8.27283],[124.82869,8.27183],[124.82917,8.27029],[124.828644,8.26873],[124.828346,8.26799],[124.828293,8.26701],[124.828949,8.26596],[124.829887,8.26501],[124.831131,8.26354],[124.831703,8.26229],[124.832451,8.2608],[124.833839,8.25855],[124.816071,8.25149],[124.781647,8.27711],[124.796471,8.28292],[124.820663,8.29227]]]]}},{"type":"Feature","properties":{"ID_0":177,"ISO":"PHL","NAME_0":"Philippines","ID_1":10013,"NAME_1":"Bukidnon","ID_2":1001311,"NAME_2":"Libona","ID_3":1001311008,"NAME_3":"Nangka","NL_NAME_3":null,"VARNAME_3":null,"TYPE_3":"Barangay","ENGTYPE_3":"Village","PROVINCE":"Bukidnon","REGION":"Region X (Northern Mindanao)","id":"barangay-1001311008","name":"Nangka","barangayCode":"1001311008","population":null,"formattedPop":null,"densityCategory":"No data","vulnerabilityRating":"No data","healthRiskLevel":"No data","areaKm2":12.287963,"centerLat":8.305744,"centerLng":124.729232,"geometrySource":"all_barangay-2.csv detailed WKT","geometryMatchMethod":"unique_official_admin_names","boundaryPointCount":47},"geometry":{"type":"MultiPolygon","coordinates":[[[[124.720757,8.31776],[124.725357,8.31955],[124.744461,8.30416],[124.746986,8.29546],[124.757767,8.29326],[124.758926,8.28409],[124.758598,8.28121],[124.749428,8.27635],[124.725197,8.27995],[124.725197,8.28234],[124.724426,8.28378],[124.724159,8.28491],[124.724442,8.28734],[124.724403,8.28838],[124.723846,8.28975],[124.723152,8.29089],[124.722748,8.29126],[124.721916,8.2919],[124.721367,8.29291],[124.720917,8.29497],[124.720901,8.29632],[124.720596,8.29754],[124.719414,8.29865],[124.718353,8.2997],[124.717148,8.30075],[124.716278,8.30111],[124.714127,8.30176],[124.712936,8.30265],[124.711807,8.30342],[124.710838,8.30477],[124.71064,8.3056],[124.711113,8.30675],[124.711418,8.3078],[124.710663,8.30842],[124.709618,8.30809],[124.708656,8.30717],[124.707809,8.30613],[124.707207,8.30534],[124.706482,8.30506],[124.705147,8.30532],[124.704407,8.30609],[124.703773,8.30727],[124.702553,8.30877],[124.701492,8.30985],[124.70108,8.31011],[124.70047,8.31149],[124.720757,8.31776]]]]}},{"type":"Feature","properties":{"ID_0":177,"ISO":"PHL","NAME_0":"Philippines","ID_1":10013,"NAME_1":"Bukidnon","ID_2":1001311,"NAME_2":"Libona","ID_3":1001311009,"NAME_3":"Palabucan","NL_NAME_3":null,"VARNAME_3":null,"TYPE_3":"Barangay","ENGTYPE_3":"Village","PROVINCE":"Bukidnon","REGION":"Region X (Northern Mindanao)","id":"barangay-1001311009","name":"Palabucan","barangayCode":"1001311009","population":null,"formattedPop":null,"densityCategory":"No data","vulnerabilityRating":"No data","healthRiskLevel":"No data","areaKm2":32.173282,"centerLat":8.404046,"centerLng":124.765137,"geometrySource":"all_barangay-2.csv detailed WKT","geometryMatchMethod":"unique_official_admin_names","boundaryPointCount":40},"geometry":{"type":"MultiPolygon","coordinates":[[[[124.793381,8.42218],[124.793266,8.42106],[124.793571,8.41948],[124.794296,8.41735],[124.794868,8.41533],[124.794418,8.41386],[124.793953,8.41142],[124.794296,8.40957],[124.794548,8.40882],[124.794693,8.40716],[124.795792,8.40638],[124.7966,8.4056],[124.797859,8.40388],[124.797089,8.4031],[124.795937,8.40258],[124.796227,8.40122],[124.796982,8.39987],[124.797783,8.39888],[124.799179,8.39745],[124.799637,8.39654],[124.799911,8.39387],[124.799973,8.39241],[124.799278,8.39092],[124.798752,8.38924],[124.799393,8.38721],[124.800011,8.38573],[124.799553,8.38433],[124.798691,8.38185],[124.797623,8.38049],[124.797523,8.37892],[124.798523,8.37677],[124.800056,8.3742],[124.801376,8.37168],[124.802528,8.36955],[124.769974,8.36571],[124.726677,8.39988],[124.726357,8.42124],[124.744682,8.42184],[124.770576,8.42177],[124.793381,8.42218]]]]}},{"type":"Feature","properties":{"ID_0":177,"ISO":"PHL","NAME_0":"Philippines","ID_1":10013,"NAME_1":"Bukidnon","ID_2":1001311,"NAME_2":"Libona","ID_3":1001311010,"NAME_3":"Poblacion","NL_NAME_3":null,"VARNAME_3":null,"TYPE_3":"Barangay","ENGTYPE_3":"Village","PROVINCE":"Bukidnon","REGION":"Region X (Northern Mindanao)","id":"barangay-1001311010","name":"Poblacion","barangayCode":"1001311010","population":null,"formattedPop":null,"densityCategory":"No data","vulnerabilityRating":"No data","healthRiskLevel":"No data","areaKm2":42.761294,"centerLat":8.351117,"centerLng":124.737105,"geometrySource":"all_barangay-2.csv detailed WKT","geometryMatchMethod":"unique_official_admin_names","boundaryPointCount":11},"geometry":{"type":"MultiPolygon","coordinates":[[[[124.769974,8.36571],[124.777382,8.32286],[124.777222,8.31643],[124.759193,8.31738],[124.744461,8.30416],[124.725357,8.31955],[124.720757,8.31776],[124.712509,8.32827],[124.710472,8.35748],[124.726677,8.39988],[124.769974,8.36571]]]]}},{"type":"Feature","properties":{"ID_0":177,"ISO":"PHL","NAME_0":"Philippines","ID_1":10013,"NAME_1":"Bukidnon","ID_2":1001311,"NAME_2":"Libona","ID_3":1001311011,"NAME_3":"Pongol","NL_NAME_3":null,"VARNAME_3":null,"TYPE_3":"Barangay","ENGTYPE_3":"Village","PROVINCE":"Bukidnon","REGION":"Region X (Northern Mindanao)","id":"barangay-1001311011","name":"Pongol","barangayCode":"1001311011","population":null,"formattedPop":null,"densityCategory":"No data","vulnerabilityRating":"No data","healthRiskLevel":"No data","areaKm2":21.114496,"centerLat":8.274181,"centerLng":124.754325,"geometrySource":"all_barangay-2.csv detailed WKT","geometryMatchMethod":"unique_official_admin_names","boundaryPointCount":49},"geometry":{"type":"MultiPolygon","coordinates":[[[[124.781647,8.27711],[124.816071,8.25149],[124.822983,8.24634],[124.809357,8.24048],[124.783623,8.26231],[124.780479,8.25097],[124.755867,8.24582],[124.754898,8.24677],[124.753052,8.2476],[124.75193,8.24758],[124.750923,8.24779],[124.748291,8.24939],[124.746536,8.24918],[124.745979,8.24903],[124.744537,8.24925],[124.743507,8.24939],[124.741402,8.24988],[124.740646,8.25107],[124.74025,8.252],[124.738487,8.25221],[124.737244,8.25212],[124.736649,8.25317],[124.736656,8.25397],[124.73597,8.25557],[124.734779,8.25675],[124.73381,8.25721],[124.732109,8.25742],[124.731483,8.25739],[124.730293,8.25769],[124.7304,8.25817],[124.73056,8.25927],[124.730537,8.25931],[124.729698,8.2606],[124.729156,8.26329],[124.729012,8.26395],[124.728767,8.26457],[124.728317,8.2662],[124.727798,8.26779],[124.726784,8.26911],[124.726471,8.27044],[124.726891,8.27194],[124.727242,8.27341],[124.726318,8.2746],[124.725433,8.27559],[124.724854,8.27673],[124.724747,8.27783],[124.725197,8.27995],[124.749428,8.27635],[124.781647,8.27711]]]]}},{"type":"Feature","properties":{"ID_0":177,"ISO":"PHL","NAME_0":"Philippines","ID_1":10013,"NAME_1":"Bukidnon","ID_2":1001311,"NAME_2":"Libona","ID_3":1001311012,"NAME_3":"San Jose","NL_NAME_3":null,"VARNAME_3":null,"TYPE_3":"Barangay","ENGTYPE_3":"Village","PROVINCE":"Bukidnon","REGION":"Region X (Northern Mindanao)","id":"barangay-1001311012","name":"San Jose","barangayCode":"1001311012","population":null,"formattedPop":null,"densityCategory":"No data","vulnerabilityRating":"No data","healthRiskLevel":"No data","areaKm2":9.424795,"centerLat":8.29628,"centerLng":124.803688,"geometrySource":"all_barangay-2.csv detailed WKT","geometryMatchMethod":"unique_official_admin_names","boundaryPointCount":81},"geometry":{"type":"MultiPolygon","coordinates":[[[[124.777382,8.32286],[124.785454,8.32471],[124.784981,8.33134],[124.785652,8.33141],[124.785507,8.33082],[124.785316,8.33012],[124.786018,8.3293],[124.786697,8.32889],[124.787338,8.32855],[124.788002,8.32761],[124.787666,8.32666],[124.789124,8.32661],[124.789383,8.32629],[124.789902,8.32614],[124.790649,8.32592],[124.790771,8.32494],[124.791023,8.32278],[124.792374,8.32237],[124.793213,8.32275],[124.795158,8.32397],[124.796463,8.32462],[124.797577,8.32461],[124.799683,8.32453],[124.801071,8.32436],[124.8022,8.32458],[124.80304,8.32391],[124.803329,8.32327],[124.804398,8.32388],[124.805023,8.32457],[124.805351,8.32534],[124.805328,8.3263],[124.805458,8.3264],[124.806252,8.32612],[124.806229,8.32492],[124.80632,8.32405],[124.806679,8.32304],[124.806961,8.32239],[124.80735,8.32166],[124.808342,8.32031],[124.809319,8.31942],[124.809937,8.31868],[124.810608,8.31788],[124.811096,8.31704],[124.811119,8.31635],[124.811234,8.31595],[124.812111,8.3153],[124.812393,8.31505],[124.812653,8.31463],[124.812317,8.31393],[124.81208,8.31368],[124.811836,8.31343],[124.811951,8.3124],[124.812607,8.31176],[124.813164,8.31128],[124.813972,8.31014],[124.814003,8.3095],[124.813881,8.30854],[124.813858,8.30741],[124.814049,8.30657],[124.81459,8.30583],[124.816017,8.3046],[124.816711,8.30345],[124.816803,8.30192],[124.816383,8.30089],[124.81588,8.29986],[124.81572,8.29959],[124.815697,8.29908],[124.816589,8.29888],[124.817047,8.29863],[124.817528,8.29775],[124.818237,8.29688],[124.81897,8.29601],[124.819901,8.29456],[124.82019,8.29322],[124.82029,8.29286],[124.82045,8.29262],[124.820663,8.29227],[124.796471,8.28292],[124.779701,8.29459],[124.777222,8.31643],[124.777382,8.32286]]]]}},{"type":"Feature","properties":{"ID_0":177,"ISO":"PHL","NAME_0":"Philippines","ID_1":10013,"NAME_1":"Bukidnon","ID_2":1001311,"NAME_2":"Libona","ID_3":1001311013,"NAME_3":"Santa Fe","NL_NAME_3":null,"VARNAME_3":null,"TYPE_3":"Barangay","ENGTYPE_3":"Village","PROVINCE":"Bukidnon","REGION":"Region X (Northern Mindanao)","id":"barangay-1001311013","name":"Santa Fe","barangayCode":"1001311013","population":null,"formattedPop":null,"densityCategory":"No data","vulnerabilityRating":"No data","healthRiskLevel":"No data","areaKm2":26.644471,"centerLat":8.363071,"centerLng":124.780194,"geometrySource":"all_barangay-2.csv detailed WKT","geometryMatchMethod":"unique_official_admin_names","boundaryPointCount":45},"geometry":{"type":"MultiPolygon","coordinates":[[[[124.802528,8.36955],[124.802948,8.36821],[124.803413,8.36785],[124.804443,8.36692],[124.80455,8.3656],[124.804199,8.36489],[124.803017,8.36471],[124.802193,8.36422],[124.801422,8.36262],[124.801613,8.36144],[124.801918,8.35994],[124.802063,8.35937],[124.80217,8.35834],[124.802132,8.35736],[124.802383,8.35611],[124.803207,8.35512],[124.803787,8.35428],[124.804352,8.35266],[124.804237,8.35162],[124.804527,8.34973],[124.805313,8.3492],[124.805893,8.34785],[124.805443,8.34698],[124.804604,8.34608],[124.804092,8.34482],[124.804031,8.34424],[124.80423,8.34345],[124.80426,8.34304],[124.803993,8.34171],[124.803574,8.34027],[124.803093,8.33938],[124.802567,8.33874],[124.802437,8.33712],[124.803192,8.33595],[124.803757,8.33524],[124.804108,8.33432],[124.803558,8.33368],[124.803284,8.33336],[124.803398,8.33237],[124.785652,8.33141],[124.784981,8.33134],[124.785454,8.32471],[124.777382,8.32286],[124.769974,8.36571],[124.802528,8.36955]]]]}},{"type":"Feature","properties":{"ID_0":177,"ISO":"PHL","NAME_0":"Philippines","ID_1":10013,"NAME_1":"Bukidnon","ID_2":1001311,"NAME_2":"Libona","ID_3":1001311014,"NAME_3":"Sil-ipon","NL_NAME_3":null,"VARNAME_3":null,"TYPE_3":"Barangay","ENGTYPE_3":"Village","PROVINCE":"Bukidnon","REGION":"Region X (Northern Mindanao)","id":"barangay-1001311014","name":"Sil-ipon","barangayCode":"1001311014","population":null,"formattedPop":null,"densityCategory":"No data","vulnerabilityRating":"No data","healthRiskLevel":"No data","areaKm2":14.401272,"centerLat":8.228978,"centerLng":124.825245,"geometrySource":"all_barangay-2.csv detailed WKT","geometryMatchMethod":"unique_official_admin_names","boundaryPointCount":54},"geometry":{"type":"MultiPolygon","coordinates":[[[[124.833839,8.25855],[124.834389,8.25811],[124.836121,8.25746],[124.837357,8.25623],[124.838287,8.25515],[124.838898,8.2539],[124.839142,8.25325],[124.839523,8.25134],[124.839149,8.25022],[124.838722,8.24917],[124.838989,8.24757],[124.839523,8.24653],[124.839821,8.24602],[124.840202,8.24501],[124.840317,8.24437],[124.840973,8.24364],[124.84198,8.24355],[124.84317,8.24344],[124.844017,8.24281],[124.845398,8.24243],[124.84687,8.24179],[124.84761,8.24013],[124.847809,8.23922],[124.848587,8.23877],[124.849457,8.23801],[124.850037,8.23667],[124.850449,8.23536],[124.850327,8.23387],[124.850327,8.23225],[124.850372,8.23146],[124.851387,8.23036],[124.851501,8.22931],[124.851753,8.227],[124.852074,8.22538],[124.851532,8.22334],[124.852547,8.22064],[124.853554,8.21904],[124.854362,8.21673],[124.854088,8.2152],[124.853027,8.21169],[124.853371,8.21022],[124.855339,8.20897],[124.871239,8.18036],[124.877029,8.17021],[124.868813,8.17861],[124.861069,8.18402],[124.853027,8.19155],[124.8451,8.20097],[124.840591,8.2045],[124.830597,8.22165],[124.809357,8.24048],[124.822983,8.24634],[124.816071,8.25149],[124.833839,8.25855]]]]}},{"type":"Feature","properties":{"ID_0":177,"ISO":"PHL","NAME_0":"Philippines","ID_1":10013,"NAME_1":"Bukidnon","ID_2":1001312,"NAME_2":"City of Malaybalay (Capital)","ID_3":1001312001,"NAME_3":"Aglayan","NL_NAME_3":null,"VARNAME_3":null,"TYPE_3":"Barangay","ENGTYPE_3":"Village","PROVINCE":"Bukidnon","REGION":"Region X (Northern Mindanao)","id":"barangay-1001312001","name":"Aglayan","barangayCode":"1001312001","population":null,"formattedPop":null,"densityCategory":"No data","vulnerabilityRating":"No data","healthRiskLevel":"No data","areaKm2":20.423185,"centerLat":8.059231,"centerLng":125.120891,"geometrySource":"all_barangay-2.csv detailed WKT","geometryMatchMethod":"psgc_coordinate_bridge","boundaryPointCount":31},"geometry":{"type":"MultiPolygon","coordinates":[[[[125.039177,8.0917],[125.08786,8.08341],[125.127647,8.07132],[125.134018,8.06942],[125.133408,8.06878],[125.132523,8.06715],[125.131218,8.06627],[125.130249,8.06404],[125.129852,8.0615],[125.130287,8.0585],[125.130928,8.05668],[125.131409,8.05504],[125.132111,8.05331],[125.126266,8.05244],[125.12072,8.05024],[125.1203,8.06125],[125.08284,8.06385],[125.081123,8.0657],[125.078773,8.06795],[125.075211,8.07142],[125.072601,8.07336],[125.067917,8.07666],[125.066383,8.07782],[125.062263,8.08072],[125.056587,8.08323],[125.054733,8.08391],[125.047623,8.08594],[125.044037,8.08667],[125.039467,8.08752],[125.036171,8.08811],[125.039177,8.0917]]]]}},{"type":"Feature","properties":{"ID_0":177,"ISO":"PHL","NAME_0":"Philippines","ID_1":10013,"NAME_1":"Bukidnon","ID_2":1001312,"NAME_2":"City of Malaybalay (Capital)","ID_3":1001312002,"NAME_3":"Bangcud","NL_NAME_3":null,"VARNAME_3":null,"TYPE_3":"Barangay","ENGTYPE_3":"Village","PROVINCE":"Bukidnon","REGION":"Region X (Northern Mindanao)","id":"barangay-1001312002","name":"Bangcud","barangayCode":"1001312002","population":null,"formattedPop":null,"densityCategory":"No data","vulnerabilityRating":"No data","healthRiskLevel":"No data","areaKm2":5.130683,"centerLat":7.99669,"centerLng":125.135879,"geometrySource":"all_barangay-2.csv detailed WKT","geometryMatchMethod":"psgc_coordinate_bridge","boundaryPointCount":51},"geometry":{"type":"MultiPolygon","coordinates":[[[[125.120117,8.03129],[125.13726,8.02721],[125.136841,8.02493],[125.136993,8.023],[125.137207,8.02139],[125.137497,8.01981],[125.137222,8.01961],[125.136467,8.01964],[125.135201,8.01882],[125.135071,8.01768],[125.134483,8.01615],[125.133629,8.01436],[125.133102,8.01279],[125.132317,8.01069],[125.131554,8.00855],[125.130592,8.00681],[125.128616,8.00425],[125.128143,8.00318],[125.127693,8.00127],[125.127487,7.99974],[125.127647,7.99969],[125.128433,7.99887],[125.131554,7.99824],[125.132919,7.99732],[125.133049,7.99615],[125.13324,7.99393],[125.133713,7.99243],[125.134109,7.99135],[125.136078,7.99083],[125.137154,7.99021],[125.138817,7.98938],[125.140839,7.98767],[125.139992,7.98473],[125.138283,7.98485],[125.138809,7.98702],[125.137894,7.98859],[125.135109,7.98747],[125.132851,7.98568],[125.131104,7.98554],[125.130943,7.98821],[125.129333,7.99034],[125.127159,7.99022],[125.125526,7.98926],[125.124474,7.98967],[125.123848,7.99131],[125.122757,7.99208],[125.12059,7.99171],[125.120193,8.00648],[125.120018,8.00977],[125.119926,8.01638],[125.120117,8.03129]]]]}},{"type":"Feature","properties":{"ID_0":177,"ISO":"PHL","NAME_0":"Philippines","ID_1":10013,"NAME_1":"Bukidnon","ID_2":1001312,"NAME_2":"City of Malaybalay (Capital)","ID_3":1001312003,"NAME_3":"Busdi","NL_NAME_3":null,"VARNAME_3":null,"TYPE_3":"Barangay","ENGTYPE_3":"Village","PROVINCE":"Bukidnon","REGION":"Region X (Northern Mindanao)","id":"barangay-1001312003","name":"Busdi","barangayCode":"1001312003","population":null,"formattedPop":null,"densityCategory":"No data","vulnerabilityRating":"No data","healthRiskLevel":"No data","areaKm2":88.064855,"centerLat":8.282773,"centerLng":125.276379,"geometrySource":"all_barangay-2.csv detailed WKT","geometryMatchMethod":"psgc_coordinate_bridge","boundaryPointCount":84},"geometry":{"type":"MultiPolygon","coordinates":[[[[125.271179,8.34858],[125.27224,8.34689],[125.274269,8.34556],[125.274963,8.34388],[125.276176,8.34137],[125.276466,8.34049],[125.276817,8.3382],[125.277893,8.33649],[125.281052,8.33636],[125.28405,8.33632],[125.286758,8.33589],[125.290138,8.33525],[125.292412,8.33438],[125.294289,8.3337],[125.296089,8.3337],[125.297684,8.33369],[125.299629,8.3315],[125.3004,8.32947],[125.300339,8.32773],[125.300049,8.32565],[125.300217,8.32306],[125.300827,8.32071],[125.301872,8.31796],[125.303307,8.31734],[125.305428,8.31608],[125.306908,8.31269],[125.30925,8.30785],[125.310158,8.30589],[125.312462,8.3029],[125.315132,8.30167],[125.318253,8.30078],[125.320442,8.30024],[125.322304,8.30049],[125.326347,8.30072],[125.329033,8.30081],[125.33091,8.30011],[125.331863,8.29862],[125.332542,8.29613],[125.33284,8.2935],[125.332932,8.29199],[125.333389,8.28898],[125.334503,8.287],[125.335533,8.28486],[125.335938,8.2825],[125.335716,8.2788],[125.335854,8.27738],[125.337013,8.27418],[125.337837,8.27174],[125.338348,8.27108],[125.340141,8.26868],[125.34034,8.26605],[125.339844,8.26381],[125.340027,8.2605],[125.340637,8.25848],[125.34166,8.25693],[125.344017,8.25202],[125.344337,8.2507],[125.353027,8.24755],[125.358307,8.24564],[125.359062,8.24254],[125.361,8.24032],[125.36277,8.23906],[125.363487,8.23666],[125.362457,8.23527],[125.361603,8.23401],[125.361397,8.2336],[125.36068,8.23248],[125.359581,8.23123],[125.359512,8.22706],[125.359482,8.22491],[125.359154,8.22204],[125.358299,8.21983],[125.357193,8.21726],[125.357132,8.21494],[125.356934,8.21381],[125.356644,8.21331],[125.355713,8.21178],[125.354057,8.21005],[125.352737,8.20762],[125.35247,8.20473],[125.214569,8.2038],[125.214203,8.24515],[125.216316,8.34819],[125.271179,8.34858]]]]}},{"type":"Feature","properties":{"ID_0":177,"ISO":"PHL","NAME_0":"Philippines","ID_1":10013,"NAME_1":"Bukidnon","ID_2":1001312,"NAME_2":"City of Malaybalay (Capital)","ID_3":1001312004,"NAME_3":"Cabangahan","NL_NAME_3":null,"VARNAME_3":null,"TYPE_3":"Barangay","ENGTYPE_3":"Village","PROVINCE":"Bukidnon","REGION":"Region X (Northern Mindanao)","id":"barangay-1001312004","name":"Cabangahan","barangayCode":"1001312004","population":null,"formattedPop":null,"densityCategory":"No data","vulnerabilityRating":"No data","healthRiskLevel":"No data","areaKm2":6.111148,"centerLat":8.020999,"centerLng":125.136695,"geometrySource":"all_barangay-2.csv detailed WKT","geometryMatchMethod":"psgc_coordinate_bridge","boundaryPointCount":14},"geometry":{"type":"MultiPolygon","coordinates":[[[[125.132111,8.05331],[125.13549,8.04743],[125.139191,8.0456],[125.141937,8.04624],[125.143547,8.04128],[125.14373,8.03919],[125.143867,8.03666],[125.14402,8.03521],[125.142693,8.02666],[125.13726,8.02721],[125.120117,8.03129],[125.12072,8.05024],[125.126266,8.05244],[125.132111,8.05331]]]]}},{"type":"Feature","properties":{"ID_0":177,"ISO":"PHL","NAME_0":"Philippines","ID_1":10013,"NAME_1":"Bukidnon","ID_2":1001312,"NAME_2":"City of Malaybalay (Capital)","ID_3":1001312007,"NAME_3":"Caburacanan","NL_NAME_3":null,"VARNAME_3":null,"TYPE_3":"Barangay","ENGTYPE_3":"Village","PROVINCE":"Bukidnon","REGION":"Region X (Northern Mindanao)","id":"barangay-1001312007","name":"Caburacanan","barangayCode":"1001312007","population":null,"formattedPop":null,"densityCategory":"No data","vulnerabilityRating":"No data","healthRiskLevel":"No data","areaKm2":23.045892,"centerLat":8.210057,"centerLng":125.253325,"geometrySource":"all_barangay-2.csv detailed WKT","geometryMatchMethod":"psgc_coordinate_bridge","boundaryPointCount":19},"geometry":{"type":"MultiPolygon","coordinates":[[[[125.296532,8.18844],[125.29538,8.18561],[125.29351,8.18078],[125.292099,8.17727],[125.293068,8.17341],[125.359306,8.17856],[125.360603,8.17578],[125.361259,8.17472],[125.363838,8.17096],[125.365463,8.16878],[125.366432,8.16744],[125.368347,8.16407],[125.285423,8.15913],[125.226486,8.15927],[125.221657,8.15989],[125.215729,8.16052],[125.21524,8.18908],[125.286819,8.18676],[125.296532,8.18844]]]]}},{"type":"Feature","properties":{"ID_0":177,"ISO":"PHL","NAME_0":"Philippines","ID_1":10013,"NAME_1":"Bukidnon","ID_2":1001312,"NAME_2":"City of Malaybalay (Capital)","ID_3":1001312009,"NAME_3":"Canayan","NL_NAME_3":null,"VARNAME_3":null,"TYPE_3":"Barangay","ENGTYPE_3":"Village","PROVINCE":"Bukidnon","REGION":"Region X (Northern Mindanao)","id":"barangay-1001312009","name":"Canayan","barangayCode":"1001312009","population":null,"formattedPop":null,"densityCategory":"No data","vulnerabilityRating":"No data","healthRiskLevel":"No data","areaKm2":111.150682,"centerLat":8.159501,"centerLng":125.197558,"geometrySource":"all_barangay-2.csv detailed WKT","geometryMatchMethod":"psgc_coordinate_bridge","boundaryPointCount":50},"geometry":{"type":"MultiPolygon","coordinates":[[[[125.215729,8.16052],[125.221657,8.15989],[125.212486,8.13949],[125.206703,8.12677],[125.205238,8.12605],[125.202919,8.12583],[125.201279,8.12589],[125.199677,8.12561],[125.198143,8.12505],[125.196732,8.12496],[125.192886,8.12503],[125.190826,8.12592],[125.188988,8.12677],[125.187103,8.12789],[125.185722,8.12952],[125.184464,8.13103],[125.184113,8.13124],[125.183746,8.13259],[125.183273,8.13381],[125.182114,8.13601],[125.181282,8.13684],[125.180992,8.13831],[125.179878,8.1386],[125.179298,8.13869],[125.1782,8.13908],[125.177788,8.13988],[125.177223,8.14009],[125.176964,8.14135],[125.175636,8.1396],[125.174026,8.13936],[125.172684,8.13927],[125.171356,8.13807],[125.166443,8.13932],[125.158989,8.14359],[125.154121,8.14599],[125.153427,8.14843],[125.153221,8.14921],[125.151917,8.15105],[125.149933,8.15198],[125.148613,8.15306],[125.147827,8.15522],[125.147476,8.1564],[125.146393,8.1572],[125.145081,8.15709],[125.144096,8.15681],[125.142487,8.15705],[125.138428,8.15664],[125.134331,8.15792],[125.132202,8.16766],[125.215729,8.16052]]]]}},{"type":"Feature","properties":{"ID_0":177,"ISO":"PHL","NAME_0":"Philippines","ID_1":10013,"NAME_1":"Bukidnon","ID_2":1001312,"NAME_2":"City of Malaybalay (Capital)","ID_3":1001312010,"NAME_3":"Capitan Angel","NL_NAME_3":null,"VARNAME_3":null,"TYPE_3":"Barangay","ENGTYPE_3":"Village","PROVINCE":"Bukidnon","REGION":"Region X (Northern Mindanao)","id":"barangay-1001312010","name":"Capitan Angel","barangayCode":"1001312010","population":null,"formattedPop":null,"densityCategory":"No data","vulnerabilityRating":"No data","healthRiskLevel":"No data","areaKm2":32.456486,"centerLat":8.151116,"centerLng":125.016267,"geometrySource":"all_barangay-2.csv detailed WKT","geometryMatchMethod":"psgc_coordinate_bridge","boundaryPointCount":8},"geometry":{"type":"MultiPolygon","coordinates":[[[[125.033333,8.18145],[125.033997,8.1627],[125.033524,8.16256],[125.034157,8.15836],[124.957069,8.15925],[124.961212,8.16337],[124.983124,8.18238],[125.033333,8.18145]]]]}},{"type":"Feature","properties":{"ID_0":177,"ISO":"PHL","NAME_0":"Philippines","ID_1":10013,"NAME_1":"Bukidnon","ID_2":1001312,"NAME_2":"City of Malaybalay (Capital)","ID_3":1001312012,"NAME_3":"Casisang","NL_NAME_3":null,"VARNAME_3":null,"TYPE_3":"Barangay","ENGTYPE_3":"Village","PROVINCE":"Bukidnon","REGION":"Region X (Northern Mindanao)","id":"barangay-1001312012","name":"Casisang","barangayCode":"1001312012","population":null,"formattedPop":null,"densityCategory":"No data","vulnerabilityRating":"No data","healthRiskLevel":"No data","areaKm2":37.454263,"centerLat":8.124045,"centerLng":125.106753,"geometrySource":"all_barangay-2.csv detailed WKT","geometryMatchMethod":"psgc_coordinate_bridge","boundaryPointCount":52},"geometry":{"type":"MultiPolygon","coordinates":[[[[125.212486,8.13949],[125.24514,8.13402],[125.237717,8.11416],[125.236366,8.11283],[125.230797,8.10438],[125.041122,8.10162],[125.029449,8.10687],[125.042107,8.12041],[125.041542,8.12396],[125.042778,8.12481],[125.04332,8.126],[125.045197,8.12729],[125.046051,8.12762],[125.047432,8.12838],[125.049049,8.12869],[125.050194,8.12794],[125.050827,8.12804],[125.051826,8.12807],[125.053459,8.12719],[125.054443,8.12697],[125.055862,8.12589],[125.057266,8.12591],[125.058807,8.12661],[125.059692,8.12645],[125.060837,8.12629],[125.061348,8.12662],[125.062134,8.12718],[125.062988,8.12698],[125.064217,8.12691],[125.06514,8.12686],[125.066177,8.12719],[125.06665,8.12736],[125.067421,8.12759],[125.067947,8.12738],[125.068832,8.12693],[125.069878,8.12688],[125.071342,8.12742],[125.095627,8.12768],[125.12738,8.12759],[125.131554,8.12773],[125.187103,8.12789],[125.188988,8.12677],[125.190826,8.12592],[125.192886,8.12503],[125.196732,8.12496],[125.198143,8.12505],[125.199677,8.12561],[125.201279,8.12589],[125.202919,8.12583],[125.205238,8.12605],[125.206703,8.12677],[125.212486,8.13949]]]]}},{"type":"Feature","properties":{"ID_0":177,"ISO":"PHL","NAME_0":"Philippines","ID_1":10013,"NAME_1":"Bukidnon","ID_2":1001312,"NAME_2":"City of Malaybalay (Capital)","ID_3":1001312014,"NAME_3":"Dalwangan","NL_NAME_3":null,"VARNAME_3":null,"TYPE_3":"Barangay","ENGTYPE_3":"Village","PROVINCE":"Bukidnon","REGION":"Region X (Northern Mindanao)","id":"barangay-1001312014","name":"Dalwangan","barangayCode":"1001312014","population":null,"formattedPop":null,"densityCategory":"No data","vulnerabilityRating":"No data","healthRiskLevel":"No data","areaKm2":37.499418,"centerLat":8.205581,"centerLng":125.038403,"geometrySource":"all_barangay-2.csv detailed WKT","geometryMatchMethod":"psgc_coordinate_bridge","boundaryPointCount":11},"geometry":{"type":"MultiPolygon","coordinates":[[[[125.108208,8.24329],[125.107063,8.20421],[125.061996,8.20004],[125.033333,8.18145],[124.983124,8.18238],[125.00312,8.19972],[125.039848,8.22931],[125.053596,8.2413],[125.060379,8.24171],[125.068901,8.24227],[125.108208,8.24329]]]]}},{"type":"Feature","properties":{"ID_0":177,"ISO":"PHL","NAME_0":"Philippines","ID_1":10013,"NAME_1":"Bukidnon","ID_2":1001312,"NAME_2":"City of Malaybalay (Capital)","ID_3":1001312017,"NAME_3":"Imbayao","NL_NAME_3":null,"VARNAME_3":null,"TYPE_3":"Barangay","ENGTYPE_3":"Village","PROVINCE":"Bukidnon","REGION":"Region X (Northern Mindanao)","id":"barangay-1001312017","name":"Imbayao","barangayCode":"1001312017","population":null,"formattedPop":null,"densityCategory":"No data","vulnerabilityRating":"No data","healthRiskLevel":"No data","areaKm2":32.500525,"centerLat":8.122331,"centerLng":125.031833,"geometrySource":"all_barangay-2.csv detailed WKT","geometryMatchMethod":"psgc_coordinate_bridge","boundaryPointCount":17},"geometry":{"type":"MultiPolygon","coordinates":[[[[125.034157,8.15836],[125.038322,8.14094],[125.041542,8.12396],[125.042107,8.12041],[125.029449,8.10687],[124.94799,8.11109],[124.926247,8.11525],[124.925209,8.1154],[124.911751,8.11926],[124.914619,8.12211],[124.915367,8.1241],[124.919006,8.12679],[124.920547,8.12804],[124.922989,8.12994],[124.925407,8.13249],[124.957069,8.15925],[125.034157,8.15836]]]]}},{"type":"Feature","properties":{"ID_0":177,"ISO":"PHL","NAME_0":"Philippines","ID_1":10013,"NAME_1":"Bukidnon","ID_2":1001312,"NAME_2":"City of Malaybalay (Capital)","ID_3":1001312018,"NAME_3":"Indalaza","NL_NAME_3":null,"VARNAME_3":null,"TYPE_3":"Barangay","ENGTYPE_3":"Village","PROVINCE":"Bukidnon","REGION":"Region X (Northern Mindanao)","id":"barangay-1001312018","name":"Indalaza","barangayCode":"1001312018","population":null,"formattedPop":null,"densityCategory":"No data","vulnerabilityRating":"No data","healthRiskLevel":"No data","areaKm2":15.539062,"centerLat":8.190423,"centerLng":125.339235,"geometrySource":"all_barangay-2.csv detailed WKT","geometryMatchMethod":"psgc_coordinate_bridge","boundaryPointCount":9},"geometry":{"type":"MultiPolygon","coordinates":[[[[125.368347,8.16407],[125.36869,8.16243],[125.369102,8.16044],[125.370132,8.15752],[125.371422,8.15511],[125.372177,8.15252],[125.286179,8.14851],[125.285423,8.15913],[125.368347,8.16407]]]]}},{"type":"Feature","properties":{"ID_0":177,"ISO":"PHL","NAME_0":"Philippines","ID_1":10013,"NAME_1":"Bukidnon","ID_2":1001312,"NAME_2":"City of Malaybalay (Capital)","ID_3":1001312019,"NAME_3":"Kalasungay","NL_NAME_3":null,"VARNAME_3":null,"TYPE_3":"Barangay","ENGTYPE_3":"Village","PROVINCE":"Bukidnon","REGION":"Region X (Northern Mindanao)","id":"barangay-1001312019","name":"Kalasungay","barangayCode":"1001312019","population":null,"formattedPop":null,"densityCategory":"No data","vulnerabilityRating":"No data","healthRiskLevel":"No data","areaKm2":29.419977,"centerLat":8.184059,"centerLng":125.091177,"geometrySource":"all_barangay-2.csv detailed WKT","geometryMatchMethod":"psgc_coordinate_bridge","boundaryPointCount":14},"geometry":{"type":"MultiPolygon","coordinates":[[[[125.033997,8.1627],[125.034157,8.15836],[125.033524,8.16256],[125.033997,8.1627]]],[[[125.033997,8.1627],[125.033333,8.18145],[125.045563,8.17804],[125.064613,8.18376],[125.113243,8.18598],[125.21524,8.18908],[125.215729,8.16052],[125.132202,8.16766],[125.065071,8.17154],[125.033997,8.1627]]]]}},{"type":"Feature","properties":{"ID_0":177,"ISO":"PHL","NAME_0":"Philippines","ID_1":10013,"NAME_1":"Bukidnon","ID_2":1001312,"NAME_2":"City of Malaybalay (Capital)","ID_3":1001312021,"NAME_3":"Kabalabag","NL_NAME_3":null,"VARNAME_3":null,"TYPE_3":"Barangay","ENGTYPE_3":"Village","PROVINCE":"Bukidnon","REGION":"Region X (Northern Mindanao)","id":"barangay-1001312021","name":"Kabalabag","barangayCode":"1001312021","population":null,"formattedPop":null,"densityCategory":"No data","vulnerabilityRating":"No data","healthRiskLevel":"No data","areaKm2":64.98645,"centerLat":8.236149,"centerLng":125.174247,"geometrySource":"all_barangay-2.csv detailed WKT","geometryMatchMethod":"psgc_coordinate_bridge","boundaryPointCount":6},"geometry":{"type":"MultiPolygon","coordinates":[[[[125.214203,8.24515],[125.214569,8.2038],[125.111191,8.20434],[125.107063,8.20421],[125.108208,8.24329],[125.214203,8.24515]]]]}},{"type":"Feature","properties":{"ID_0":177,"ISO":"PHL","NAME_0":"Philippines","ID_1":10013,"NAME_1":"Bukidnon","ID_2":1001312,"NAME_2":"City of Malaybalay (Capital)","ID_3":1001312022,"NAME_3":"Kulaman","NL_NAME_3":null,"VARNAME_3":null,"TYPE_3":"Barangay","ENGTYPE_3":"Village","PROVINCE":"Bukidnon","REGION":"Region X (Northern Mindanao)","id":"barangay-1001312022","name":"Kulaman","barangayCode":"1001312022","population":null,"formattedPop":null,"densityCategory":"No data","vulnerabilityRating":"No data","healthRiskLevel":"No data","areaKm2":21.036143,"centerLat":8.240412,"centerLng":125.245501,"geometrySource":"all_barangay-2.csv detailed WKT","geometryMatchMethod":"psgc_coordinate_bridge","boundaryPointCount":6},"geometry":{"type":"MultiPolygon","coordinates":[[[[125.214569,8.2038],[125.21524,8.18908],[125.113243,8.18598],[125.111649,8.19744],[125.111191,8.20434],[125.214569,8.2038]]]]}},{"type":"Feature","properties":{"ID_0":177,"ISO":"PHL","NAME_0":"Philippines","ID_1":10013,"NAME_1":"Bukidnon","ID_2":1001312,"NAME_2":"City of Malaybalay (Capital)","ID_3":1001312023,"NAME_3":"Laguitas","NL_NAME_3":null,"VARNAME_3":null,"TYPE_3":"Barangay","ENGTYPE_3":"Village","PROVINCE":"Bukidnon","REGION":"Region X (Northern Mindanao)","id":"barangay-1001312023","name":"Laguitas","barangayCode":"1001312023","population":null,"formattedPop":null,"densityCategory":"No data","vulnerabilityRating":"No data","healthRiskLevel":"No data","areaKm2":15.42575,"centerLat":8.084342,"centerLng":125.143667,"geometrySource":"all_barangay-2.csv detailed WKT","geometryMatchMethod":"psgc_coordinate_bridge","boundaryPointCount":10},"geometry":{"type":"MultiPolygon","coordinates":[[[[125.233498,8.09456],[125.232964,8.08052],[125.228577,8.07513],[125.191162,8.07215],[125.154701,8.07024],[125.134018,8.06942],[125.127647,8.07132],[125.08786,8.08341],[125.088127,8.09168],[125.233498,8.09456]]]]}},{"type":"Feature","properties":{"ID_0":177,"ISO":"PHL","NAME_0":"Philippines","ID_1":10013,"NAME_1":"Bukidnon","ID_2":1001312,"NAME_2":"City of Malaybalay (Capital)","ID_3":1001312025,"NAME_3":"Patpat","NL_NAME_3":null,"VARNAME_3":null,"TYPE_3":"Barangay","ENGTYPE_3":"Village","PROVINCE":"Bukidnon","REGION":"Region X (Northern Mindanao)","id":"barangay-1001312025","name":"Patpat","barangayCode":"1001312025","population":null,"formattedPop":null,"densityCategory":"No data","vulnerabilityRating":"No data","healthRiskLevel":"No data","areaKm2":29.006389,"centerLat":8.204346,"centerLng":125.075246,"geometrySource":"all_barangay-2.csv detailed WKT","geometryMatchMethod":"psgc_coordinate_bridge","boundaryPointCount":9},"geometry":{"type":"MultiPolygon","coordinates":[[[[125.111191,8.20434],[125.111649,8.19744],[125.113243,8.18598],[125.064613,8.18376],[125.045563,8.17804],[125.033333,8.18145],[125.061996,8.20004],[125.107063,8.20421],[125.111191,8.20434]]]]}},{"type":"Feature","properties":{"ID_0":177,"ISO":"PHL","NAME_0":"Philippines","ID_1":10013,"NAME_1":"Bukidnon","ID_2":1001312,"NAME_2":"City of Malaybalay (Capital)","ID_3":1001312026,"NAME_3":"Linabo","NL_NAME_3":null,"VARNAME_3":null,"TYPE_3":"Barangay","ENGTYPE_3":"Village","PROVINCE":"Bukidnon","REGION":"Region X (Northern Mindanao)","id":"barangay-1001312026","name":"Linabo","barangayCode":"1001312026","population":null,"formattedPop":null,"densityCategory":"No data","vulnerabilityRating":"No data","healthRiskLevel":"No data","areaKm2":16.511681,"centerLat":8.060943,"centerLng":125.168395,"geometrySource":"all_barangay-2.csv detailed WKT","geometryMatchMethod":"psgc_coordinate_bridge","boundaryPointCount":35},"geometry":{"type":"MultiPolygon","coordinates":[[[[125.134018,8.06942],[125.154701,8.07024],[125.154373,8.06866],[125.153732,8.06764],[125.152771,8.06628],[125.152649,8.06497],[125.152847,8.06389],[125.152451,8.06267],[125.151329,8.06173],[125.154068,8.0588],[125.155907,8.05831],[125.157219,8.05845],[125.159157,8.0577],[125.160362,8.05706],[125.161423,8.05629],[125.161171,8.05556],[125.158318,8.05332],[125.157112,8.05183],[125.156868,8.05039],[125.157768,8.04802],[125.155273,8.04854],[125.146271,8.04694],[125.141937,8.04624],[125.139191,8.0456],[125.13549,8.04743],[125.132111,8.05331],[125.131409,8.05504],[125.130928,8.05668],[125.130287,8.0585],[125.129852,8.0615],[125.130249,8.06404],[125.131218,8.06627],[125.132523,8.06715],[125.133408,8.06878],[125.134018,8.06942]]]]}},{"type":"Feature","properties":{"ID_0":177,"ISO":"PHL","NAME_0":"Philippines","ID_1":10013,"NAME_1":"Bukidnon","ID_2":1001312,"NAME_2":"City of Malaybalay (Capital)","ID_3":1001312027,"NAME_3":"Apo Macote","NL_NAME_3":null,"VARNAME_3":null,"TYPE_3":"Barangay","ENGTYPE_3":"Village","PROVINCE":"Bukidnon","REGION":"Region X (Northern Mindanao)","id":"barangay-1001312027","name":"Apo Macote","barangayCode":"1001312027","population":null,"formattedPop":null,"densityCategory":"No data","vulnerabilityRating":"No data","healthRiskLevel":"No data","areaKm2":21.840494,"centerLat":7.971806,"centerLng":125.225083,"geometrySource":"all_barangay-2.csv detailed WKT","geometryMatchMethod":"psgc_coordinate_bridge","boundaryPointCount":6},"geometry":{"type":"MultiPolygon","coordinates":[[[[125.213814,7.96581],[125.295258,7.963],[125.290573,7.95368],[125.242897,7.95365],[125.228203,7.95354],[125.213814,7.96581]]]]}},{"type":"Feature","properties":{"ID_0":177,"ISO":"PHL","NAME_0":"Philippines","ID_1":10013,"NAME_1":"Bukidnon","ID_2":1001312,"NAME_2":"City of Malaybalay (Capital)","ID_3":1001312028,"NAME_3":"Miglamin","NL_NAME_3":null,"VARNAME_3":null,"TYPE_3":"Barangay","ENGTYPE_3":"Village","PROVINCE":"Bukidnon","REGION":"Region X (Northern Mindanao)","id":"barangay-1001312028","name":"Miglamin","barangayCode":"1001312028","population":null,"formattedPop":null,"densityCategory":"No data","vulnerabilityRating":"No data","healthRiskLevel":"No data","areaKm2":25.637918,"centerLat":8.032974,"centerLng":125.246438,"geometrySource":"all_barangay-2.csv detailed WKT","geometryMatchMethod":"psgc_coordinate_bridge","boundaryPointCount":7},"geometry":{"type":"MultiPolygon","coordinates":[[[[125.254128,8.03746],[125.254753,8.02839],[125.214508,8.02554],[125.245667,8.0541],[125.248253,8.0493],[125.248337,8.04158],[125.254128,8.03746]]]]}},{"type":"Feature","properties":{"ID_0":177,"ISO":"PHL","NAME_0":"Philippines","ID_1":10013,"NAME_1":"Bukidnon","ID_2":1001312,"NAME_2":"City of Malaybalay (Capital)","ID_3":1001312029,"NAME_3":"Magsaysay","NL_NAME_3":null,"VARNAME_3":null,"TYPE_3":"Barangay","ENGTYPE_3":"Village","PROVINCE":"Bukidnon","REGION":"Region X (Northern Mindanao)","id":"barangay-1001312029","name":"Magsaysay","barangayCode":"1001312029","population":null,"formattedPop":null,"densityCategory":"No data","vulnerabilityRating":"No data","healthRiskLevel":"No data","areaKm2":13.119796,"centerLat":8.088938,"centerLng":125.092583,"geometrySource":"all_barangay-2.csv detailed WKT","geometryMatchMethod":"psgc_coordinate_bridge","boundaryPointCount":6},"geometry":{"type":"MultiPolygon","coordinates":[[[[125.040771,8.0957],[125.088043,8.09501],[125.088127,8.09168],[125.08786,8.08341],[125.039177,8.0917],[125.040771,8.0957]]]]}},{"type":"Feature","properties":{"ID_0":177,"ISO":"PHL","NAME_0":"Philippines","ID_1":10013,"NAME_1":"Bukidnon","ID_2":1001312,"NAME_2":"City of Malaybalay (Capital)","ID_3":1001312030,"NAME_3":"Maligaya","NL_NAME_3":null,"VARNAME_3":null,"TYPE_3":"Barangay","ENGTYPE_3":"Village","PROVINCE":"Bukidnon","REGION":"Region X (Northern Mindanao)","id":"barangay-1001312030","name":"Maligaya","barangayCode":"1001312030","population":null,"formattedPop":null,"densityCategory":"No data","vulnerabilityRating":"No data","healthRiskLevel":"No data","areaKm2":18.238494,"centerLat":8.059486,"centerLng":125.206561,"geometrySource":"all_barangay-2.csv detailed WKT","geometryMatchMethod":"psgc_coordinate_bridge","boundaryPointCount":7},"geometry":{"type":"MultiPolygon","coordinates":[[[[125.228577,8.07513],[125.235069,8.05381],[125.245667,8.0541],[125.214508,8.02554],[125.192177,8.05629],[125.191162,8.07215],[125.228577,8.07513]]]]}},{"type":"Feature","properties":{"ID_0":177,"ISO":"PHL","NAME_0":"Philippines","ID_1":10013,"NAME_1":"Bukidnon","ID_2":1001312,"NAME_2":"City of Malaybalay (Capital)","ID_3":1001312031,"NAME_3":"Managok","NL_NAME_3":null,"VARNAME_3":null,"TYPE_3":"Barangay","ENGTYPE_3":"Village","PROVINCE":"Bukidnon","REGION":"Region X (Northern Mindanao)","id":"barangay-1001312031","name":"Managok","barangayCode":"1001312031","population":null,"formattedPop":null,"densityCategory":"No data","vulnerabilityRating":"No data","healthRiskLevel":"No data","areaKm2":19.121492,"centerLat":8.029874,"centerLng":125.19866,"geometrySource":"all_barangay-2.csv detailed WKT","geometryMatchMethod":"psgc_coordinate_bridge","boundaryPointCount":30},"geometry":{"type":"MultiPolygon","coordinates":[[[[125.157768,8.04802],[125.163551,8.04726],[125.165627,8.04585],[125.167503,8.04555],[125.16906,8.04509],[125.170647,8.04641],[125.171471,8.0475],[125.172623,8.04867],[125.174408,8.04864],[125.175957,8.04769],[125.177887,8.04718],[125.179253,8.04745],[125.180794,8.04825],[125.182503,8.04957],[125.18364,8.05012],[125.185387,8.05037],[125.187286,8.05132],[125.187462,8.05205],[125.192177,8.05629],[125.214508,8.02554],[125.212288,8.00515],[125.142693,8.02666],[125.14402,8.03521],[125.143867,8.03666],[125.14373,8.03919],[125.143547,8.04128],[125.141937,8.04624],[125.146271,8.04694],[125.155273,8.04854],[125.157768,8.04802]]]]}},{"type":"Feature","properties":{"ID_0":177,"ISO":"PHL","NAME_0":"Philippines","ID_1":10013,"NAME_1":"Bukidnon","ID_2":1001312,"NAME_2":"City of Malaybalay (Capital)","ID_3":1001312032,"NAME_3":"Manalog","NL_NAME_3":null,"VARNAME_3":null,"TYPE_3":"Barangay","ENGTYPE_3":"Village","PROVINCE":"Bukidnon","REGION":"Region X (Northern Mindanao)","id":"barangay-1001312032","name":"Manalog","barangayCode":"1001312032","population":null,"formattedPop":null,"densityCategory":"No data","vulnerabilityRating":"No data","healthRiskLevel":"No data","areaKm2":55.873239,"centerLat":8.281071,"centerLng":125.160495,"geometrySource":"all_barangay-2.csv detailed WKT","geometryMatchMethod":"psgc_coordinate_bridge","boundaryPointCount":8},"geometry":{"type":"MultiPolygon","coordinates":[[[[125.172127,8.33459],[125.184502,8.34941],[125.216316,8.34819],[125.214203,8.24515],[125.108208,8.24329],[125.109154,8.24459],[125.14106,8.29295],[125.172127,8.33459]]]]}},{"type":"Feature","properties":{"ID_0":177,"ISO":"PHL","NAME_0":"Philippines","ID_1":10013,"NAME_1":"Bukidnon","ID_2":1001312,"NAME_2":"City of Malaybalay (Capital)","ID_3":1001312034,"NAME_3":"Mapayag","NL_NAME_3":null,"VARNAME_3":null,"TYPE_3":"Barangay","ENGTYPE_3":"Village","PROVINCE":"Bukidnon","REGION":"Region X (Northern Mindanao)","id":"barangay-1001312034","name":"Mapayag","barangayCode":"1001312034","population":null,"formattedPop":null,"densityCategory":"No data","vulnerabilityRating":"No data","healthRiskLevel":"No data","areaKm2":15.49294,"centerLat":8.09303,"centerLng":125.041811,"geometrySource":"all_barangay-2.csv detailed WKT","geometryMatchMethod":"psgc_coordinate_bridge","boundaryPointCount":46},"geometry":{"type":"MultiPolygon","coordinates":[[[[124.94799,8.11109],[125.029449,8.10687],[125.041122,8.10162],[125.040771,8.0957],[125.039177,8.0917],[125.036171,8.08811],[125.029243,8.08917],[125.025787,8.08975],[125.023087,8.09012],[125.019989,8.09038],[125.01506,8.0903],[125.013847,8.09023],[125.010002,8.09089],[125.007599,8.09084],[125.005913,8.09073],[125.004707,8.091],[125.003777,8.09148],[125.002731,8.09177],[125.001198,8.09219],[124.999603,8.09339],[124.998802,8.09431],[124.997749,8.09425],[124.997177,8.09417],[124.995613,8.09443],[124.994278,8.0948],[124.993217,8.09585],[124.993011,8.09697],[124.991989,8.09758],[124.989647,8.09857],[124.989258,8.09913],[124.987907,8.09899],[124.985092,8.0986],[124.98233,8.0995],[124.981422,8.09991],[124.979988,8.10063],[124.97805,8.10059],[124.976799,8.10135],[124.975487,8.10223],[124.97393,8.10287],[124.972794,8.10299],[124.97216,8.10337],[124.970978,8.10394],[124.970352,8.10414],[124.96627,8.10569],[124.95639,8.10807],[124.94799,8.11109]]]]}},{"type":"Feature","properties":{"ID_0":177,"ISO":"PHL","NAME_0":"Philippines","ID_1":10013,"NAME_1":"Bukidnon","ID_2":1001312,"NAME_2":"City of Malaybalay (Capital)","ID_3":1001312035,"NAME_3":"Mapulo","NL_NAME_3":null,"VARNAME_3":null,"TYPE_3":"Barangay","ENGTYPE_3":"Village","PROVINCE":"Bukidnon","REGION":"Region X (Northern Mindanao)","id":"barangay-1001312035","name":"Mapulo","barangayCode":"1001312035","population":null,"formattedPop":null,"densityCategory":"No data","vulnerabilityRating":"No data","healthRiskLevel":"No data","areaKm2":12.152306,"centerLat":8.187265,"centerLng":125.278744,"geometrySource":"all_barangay-2.csv detailed WKT","geometryMatchMethod":"psgc_coordinate_bridge","boundaryPointCount":11},"geometry":{"type":"MultiPolygon","coordinates":[[[[125.372177,8.15252],[125.372742,8.14762],[125.372047,8.14275],[125.369972,8.14083],[125.368347,8.13632],[125.328133,8.13437],[125.326569,8.13412],[125.314056,8.13431],[125.286797,8.13422],[125.286179,8.14851],[125.372177,8.15252]]]]}},{"type":"Feature","properties":{"ID_0":177,"ISO":"PHL","NAME_0":"Philippines","ID_1":10013,"NAME_1":"Bukidnon","ID_2":1001312,"NAME_2":"City of Malaybalay (Capital)","ID_3":1001312038,"NAME_3":"Barangay 1","NL_NAME_3":null,"VARNAME_3":null,"TYPE_3":"Barangay","ENGTYPE_3":"Village","PROVINCE":"Bukidnon","REGION":"Region X (Northern Mindanao)","id":"barangay-1001312038","name":"Barangay 1","barangayCode":"1001312038","population":null,"formattedPop":null,"densityCategory":"No data","vulnerabilityRating":"No data","healthRiskLevel":"No data","areaKm2":1.73714,"centerLat":8.166566,"centerLng":125.132282,"geometrySource":"all_barangay-2.csv detailed WKT","geometryMatchMethod":"psgc_coordinate_bridge","boundaryPointCount":47},"geometry":{"type":"MultiPolygon","coordinates":[[[[125.134331,8.15792],[125.138428,8.15664],[125.142487,8.15705],[125.144096,8.15681],[125.145081,8.15709],[125.146393,8.1572],[125.147476,8.1564],[125.147827,8.15522],[125.148613,8.15306],[125.149933,8.15198],[125.151917,8.15105],[125.153221,8.14921],[125.153427,8.14843],[125.154121,8.14599],[125.153328,8.14531],[125.152733,8.14471],[125.152061,8.14443],[125.151207,8.14378],[125.150192,8.14311],[125.149109,8.14281],[125.147133,8.14264],[125.144836,8.14285],[125.142349,8.1432],[125.14151,8.14359],[125.140823,8.14404],[125.139938,8.14442],[125.139282,8.14482],[125.138184,8.14525],[125.137299,8.14534],[125.136253,8.14531],[125.134209,8.14452],[125.132927,8.14402],[125.131264,8.1436],[125.129623,8.1438],[125.12941,8.14412],[125.128922,8.14538],[125.12896,8.14639],[125.129311,8.14858],[125.129333,8.14928],[125.129402,8.15057],[125.12883,8.15197],[125.128181,8.15306],[125.127609,8.15389],[125.127083,8.15397],[125.126762,8.15492],[125.126572,8.15655],[125.134331,8.15792]]]]}},{"type":"Feature","properties":{"ID_0":177,"ISO":"PHL","NAME_0":"Philippines","ID_1":10013,"NAME_1":"Bukidnon","ID_2":1001312,"NAME_2":"City of Malaybalay (Capital)","ID_3":1001312045,"NAME_3":"Barangay 2","NL_NAME_3":null,"VARNAME_3":null,"TYPE_3":"Barangay","ENGTYPE_3":"Village","PROVINCE":"Bukidnon","REGION":"Region X (Northern Mindanao)","id":"barangay-1001312045","name":"Barangay 2","barangayCode":"1001312045","population":null,"formattedPop":null,"densityCategory":"No data","vulnerabilityRating":"No data","healthRiskLevel":"No data","areaKm2":0.112556,"centerLat":8.158338,"centerLng":125.125492,"geometrySource":"all_barangay-2.csv detailed WKT","geometryMatchMethod":"psgc_coordinate_bridge","boundaryPointCount":14},"geometry":{"type":"MultiPolygon","coordinates":[[[[125.126572,8.15655],[125.126762,8.15492],[125.127083,8.15397],[125.127609,8.15389],[125.128181,8.15306],[125.12883,8.15197],[125.129402,8.15057],[125.129333,8.14928],[125.125008,8.14889],[125.12368,8.14808],[125.122963,8.14921],[125.122047,8.15072],[125.117889,8.15496],[125.126572,8.15655]]]]}},{"type":"Feature","properties":{"ID_0":177,"ISO":"PHL","NAME_0":"Philippines","ID_1":10013,"NAME_1":"Bukidnon","ID_2":1001312,"NAME_2":"City of Malaybalay (Capital)","ID_3":1001312046,"NAME_3":"Barangay 3","NL_NAME_3":null,"VARNAME_3":null,"TYPE_3":"Barangay","ENGTYPE_3":"Village","PROVINCE":"Bukidnon","REGION":"Region X (Northern Mindanao)","id":"barangay-1001312046","name":"Barangay 3","barangayCode":"1001312046","population":null,"formattedPop":null,"densityCategory":"No data","vulnerabilityRating":"No data","healthRiskLevel":"No data","areaKm2":0.199819,"centerLat":8.156439,"centerLng":125.12359,"geometrySource":"all_barangay-2.csv detailed WKT","geometryMatchMethod":"psgc_coordinate_bridge","boundaryPointCount":13},"geometry":{"type":"MultiPolygon","coordinates":[[[[125.117889,8.15496],[125.122047,8.15072],[125.12146,8.15025],[125.120827,8.14967],[125.120613,8.14807],[125.119453,8.14921],[125.118187,8.15045],[125.116882,8.15151],[125.116028,8.15207],[125.114922,8.15235],[125.112572,8.15299],[125.11219,8.15393],[125.117889,8.15496]]]]}},{"type":"Feature","properties":{"ID_0":177,"ISO":"PHL","NAME_0":"Philippines","ID_1":10013,"NAME_1":"Bukidnon","ID_2":1001312,"NAME_2":"City of Malaybalay (Capital)","ID_3":1001312047,"NAME_3":"Barangay 4","NL_NAME_3":null,"VARNAME_3":null,"TYPE_3":"Barangay","ENGTYPE_3":"Village","PROVINCE":"Bukidnon","REGION":"Region X (Northern Mindanao)","id":"barangay-1001312047","name":"Barangay 4","barangayCode":"1001312047","population":null,"formattedPop":null,"densityCategory":"No data","vulnerabilityRating":"No data","healthRiskLevel":"No data","areaKm2":0.086115,"centerLat":8.154136,"centerLng":125.126912,"geometrySource":"all_barangay-2.csv detailed WKT","geometryMatchMethod":"psgc_coordinate_bridge","boundaryPointCount":18},"geometry":{"type":"MultiPolygon","coordinates":[[[[125.122047,8.15072],[125.122963,8.14921],[125.12368,8.14808],[125.124153,8.14729],[125.125427,8.14557],[125.12738,8.14066],[125.126923,8.14075],[125.125847,8.14079],[125.124786,8.14069],[125.123619,8.14076],[125.12278,8.1407],[125.122551,8.14416],[125.121948,8.14468],[125.121353,8.14579],[125.120613,8.14807],[125.120827,8.14967],[125.12146,8.15025],[125.122047,8.15072]]]]}},{"type":"Feature","properties":{"ID_0":177,"ISO":"PHL","NAME_0":"Philippines","ID_1":10013,"NAME_1":"Bukidnon","ID_2":1001312,"NAME_2":"City of Malaybalay (Capital)","ID_3":1001312048,"NAME_3":"Barangay 5","NL_NAME_3":null,"VARNAME_3":null,"TYPE_3":"Barangay","ENGTYPE_3":"Village","PROVINCE":"Bukidnon","REGION":"Region X (Northern Mindanao)","id":"barangay-1001312048","name":"Barangay 5","barangayCode":"1001312048","population":null,"formattedPop":null,"densityCategory":"No data","vulnerabilityRating":"No data","healthRiskLevel":"No data","areaKm2":0.02579,"centerLat":8.155442,"centerLng":125.128047,"geometrySource":"all_barangay-2.csv detailed WKT","geometryMatchMethod":"psgc_coordinate_bridge","boundaryPointCount":13},"geometry":{"type":"MultiPolygon","coordinates":[[[[125.129333,8.14928],[125.129311,8.14858],[125.12896,8.14639],[125.128922,8.14538],[125.12941,8.14412],[125.13002,8.13918],[125.127907,8.13915],[125.12738,8.14066],[125.125427,8.14557],[125.124153,8.14729],[125.12368,8.14808],[125.125008,8.14889],[125.129333,8.14928]]]]}},{"type":"Feature","properties":{"ID_0":177,"ISO":"PHL","NAME_0":"Philippines","ID_1":10013,"NAME_1":"Bukidnon","ID_2":1001312,"NAME_2":"City of Malaybalay (Capital)","ID_3":1001312049,"NAME_3":"Barangay 6","NL_NAME_3":null,"VARNAME_3":null,"TYPE_3":"Barangay","ENGTYPE_3":"Village","PROVINCE":"Bukidnon","REGION":"Region X (Northern Mindanao)","id":"barangay-1001312049","name":"Barangay 6","barangayCode":"1001312049","population":null,"formattedPop":null,"densityCategory":"No data","vulnerabilityRating":"No data","healthRiskLevel":"No data","areaKm2":0.073633,"centerLat":8.155363,"centerLng":125.12947,"geometrySource":"all_barangay-2.csv detailed WKT","geometryMatchMethod":"psgc_coordinate_bridge","boundaryPointCount":37},"geometry":{"type":"MultiPolygon","coordinates":[[[[125.154121,8.14599],[125.158989,8.14359],[125.166443,8.13932],[125.171356,8.13807],[125.169739,8.13509],[125.158897,8.13448],[125.158836,8.13713],[125.157921,8.13802],[125.156593,8.13809],[125.155022,8.13808],[125.154259,8.1373],[125.154152,8.1364],[125.135307,8.13605],[125.135231,8.13919],[125.13002,8.13918],[125.12941,8.14412],[125.129623,8.1438],[125.131264,8.1436],[125.132927,8.14402],[125.134209,8.14452],[125.136253,8.14531],[125.137299,8.14534],[125.138184,8.14525],[125.139282,8.14482],[125.139938,8.14442],[125.140823,8.14404],[125.14151,8.14359],[125.142349,8.1432],[125.144836,8.14285],[125.147133,8.14264],[125.149109,8.14281],[125.150192,8.14311],[125.151207,8.14378],[125.152061,8.14443],[125.152733,8.14471],[125.153328,8.14531],[125.154121,8.14599]]]]}},{"type":"Feature","properties":{"ID_0":177,"ISO":"PHL","NAME_0":"Philippines","ID_1":10013,"NAME_1":"Bukidnon","ID_2":1001312,"NAME_2":"City of Malaybalay (Capital)","ID_3":1001312050,"NAME_3":"Barangay 7","NL_NAME_3":null,"VARNAME_3":null,"TYPE_3":"Barangay","ENGTYPE_3":"Village","PROVINCE":"Bukidnon","REGION":"Region X (Northern Mindanao)","id":"barangay-1001312050","name":"Barangay 7","barangayCode":"1001312050","population":null,"formattedPop":null,"densityCategory":"No data","vulnerabilityRating":"No data","healthRiskLevel":"No data","areaKm2":0.233875,"centerLat":8.1494,"centerLng":125.12955,"geometrySource":"all_barangay-2.csv detailed WKT","geometryMatchMethod":"psgc_coordinate_bridge","boundaryPointCount":21},"geometry":{"type":"MultiPolygon","coordinates":[[[[125.12278,8.1407],[125.123619,8.14076],[125.124786,8.14069],[125.125847,8.14079],[125.126923,8.14075],[125.12738,8.14066],[125.127907,8.13915],[125.128159,8.13471],[125.129044,8.13212],[125.13018,8.13026],[125.131554,8.12773],[125.12738,8.12759],[125.126556,8.12878],[125.124718,8.13024],[125.123711,8.1319],[125.123367,8.13318],[125.123253,8.13482],[125.123444,8.13629],[125.123367,8.13852],[125.122704,8.13994],[125.12278,8.1407]]]]}},{"type":"Feature","properties":{"ID_0":177,"ISO":"PHL","NAME_0":"Philippines","ID_1":10013,"NAME_1":"Bukidnon","ID_2":1001312,"NAME_2":"City of Malaybalay (Capital)","ID_3":1001312051,"NAME_3":"Barangay 8","NL_NAME_3":null,"VARNAME_3":null,"TYPE_3":"Barangay","ENGTYPE_3":"Village","PROVINCE":"Bukidnon","REGION":"Region X (Northern Mindanao)","id":"barangay-1001312051","name":"Barangay 8","barangayCode":"1001312051","population":null,"formattedPop":null,"densityCategory":"No data","vulnerabilityRating":"No data","healthRiskLevel":"No data","areaKm2":0.057603,"centerLat":8.153365,"centerLng":125.129571,"geometrySource":"all_barangay-2.csv detailed WKT","geometryMatchMethod":"psgc_coordinate_bridge","boundaryPointCount":7},"geometry":{"type":"MultiPolygon","coordinates":[[[[125.127907,8.13915],[125.13002,8.13918],[125.135231,8.13919],[125.135307,8.13605],[125.135208,8.13447],[125.128159,8.13471],[125.127907,8.13915]]]]}},{"type":"Feature","properties":{"ID_0":177,"ISO":"PHL","NAME_0":"Philippines","ID_1":10013,"NAME_1":"Bukidnon","ID_2":1001312,"NAME_2":"City of Malaybalay (Capital)","ID_3":1001312052,"NAME_3":"Barangay 9","NL_NAME_3":null,"VARNAME_3":null,"TYPE_3":"Barangay","ENGTYPE_3":"Village","PROVINCE":"Bukidnon","REGION":"Region X (Northern Mindanao)","id":"barangay-1001312052","name":"Barangay 9","barangayCode":"1001312052","population":null,"formattedPop":null,"densityCategory":"No data","vulnerabilityRating":"No data","healthRiskLevel":"No data","areaKm2":5.032444,"centerLat":8.1485,"centerLng":125.140812,"geometrySource":"all_barangay-2.csv detailed WKT","geometryMatchMethod":"psgc_coordinate_bridge","boundaryPointCount":34},"geometry":{"type":"MultiPolygon","coordinates":[[[[125.135307,8.13605],[125.154152,8.1364],[125.154259,8.1373],[125.155022,8.13808],[125.156593,8.13809],[125.157921,8.13802],[125.158836,8.13713],[125.158897,8.13448],[125.169739,8.13509],[125.171356,8.13807],[125.172684,8.13927],[125.174026,8.13936],[125.175636,8.1396],[125.176964,8.14135],[125.177223,8.14009],[125.177788,8.13988],[125.1782,8.13908],[125.179298,8.13869],[125.179878,8.1386],[125.180992,8.13831],[125.181282,8.13684],[125.182114,8.13601],[125.183273,8.13381],[125.183746,8.13259],[125.184113,8.13124],[125.184464,8.13103],[125.185722,8.12952],[125.187103,8.12789],[125.131554,8.12773],[125.13018,8.13026],[125.129044,8.13212],[125.128159,8.13471],[125.135208,8.13447],[125.135307,8.13605]]]]}},{"type":"Feature","properties":{"ID_0":177,"ISO":"PHL","NAME_0":"Philippines","ID_1":10013,"NAME_1":"Bukidnon","ID_2":1001312,"NAME_2":"City of Malaybalay (Capital)","ID_3":1001312053,"NAME_3":"Barangay 10","NL_NAME_3":null,"VARNAME_3":null,"TYPE_3":"Barangay","ENGTYPE_3":"Village","PROVINCE":"Bukidnon","REGION":"Region X (Northern Mindanao)","id":"barangay-1001312053","name":"Barangay 10","barangayCode":"1001312053","population":null,"formattedPop":null,"densityCategory":"No data","vulnerabilityRating":"No data","healthRiskLevel":"No data","areaKm2":6.146721,"centerLat":8.153486,"centerLng":125.102718,"geometrySource":"all_barangay-2.csv detailed WKT","geometryMatchMethod":"psgc_coordinate_bridge","boundaryPointCount":35},"geometry":{"type":"MultiPolygon","coordinates":[[[[125.09198,8.15028],[125.11219,8.15393],[125.112572,8.15299],[125.114922,8.15235],[125.116028,8.15207],[125.116882,8.15151],[125.118187,8.15045],[125.119453,8.14921],[125.120613,8.14807],[125.121353,8.14579],[125.121948,8.14468],[125.122551,8.14416],[125.12278,8.1407],[125.122704,8.13994],[125.123367,8.13852],[125.123444,8.13629],[125.123253,8.13482],[125.123367,8.13318],[125.123711,8.1319],[125.124718,8.13024],[125.126556,8.12878],[125.12738,8.12759],[125.095627,8.12768],[125.094223,8.13612],[125.088593,8.13606],[125.085869,8.14098],[125.080872,8.14066],[125.079369,8.14069],[125.077698,8.1411],[125.076889,8.14219],[125.076553,8.14298],[125.076828,8.14412],[125.077423,8.14543],[125.080208,8.14672],[125.09198,8.15028]]]]}},{"type":"Feature","properties":{"ID_0":177,"ISO":"PHL","NAME_0":"Philippines","ID_1":10013,"NAME_1":"Bukidnon","ID_2":1001312,"NAME_2":"City of Malaybalay (Capital)","ID_3":1001312054,"NAME_3":"Barangay 11","NL_NAME_3":null,"VARNAME_3":null,"TYPE_3":"Barangay","ENGTYPE_3":"Village","PROVINCE":"Bukidnon","REGION":"Region X (Northern Mindanao)","id":"barangay-1001312054","name":"Barangay 11","barangayCode":"1001312054","population":null,"formattedPop":null,"densityCategory":"No data","vulnerabilityRating":"No data","healthRiskLevel":"No data","areaKm2":3.308437,"centerLat":8.144193,"centerLng":125.101878,"geometrySource":"all_barangay-2.csv detailed WKT","geometryMatchMethod":"psgc_coordinate_bridge","boundaryPointCount":44},"geometry":{"type":"MultiPolygon","coordinates":[[[[125.038322,8.14094],[125.09198,8.15028],[125.080208,8.14672],[125.077423,8.14543],[125.076828,8.14412],[125.076553,8.14298],[125.076889,8.14219],[125.077698,8.1411],[125.079369,8.14069],[125.080872,8.14066],[125.085869,8.14098],[125.088593,8.13606],[125.094223,8.13612],[125.095627,8.12768],[125.071342,8.12742],[125.069878,8.12688],[125.068832,8.12693],[125.067947,8.12738],[125.067421,8.12759],[125.06665,8.12736],[125.066177,8.12719],[125.06514,8.12686],[125.064217,8.12691],[125.062988,8.12698],[125.062134,8.12718],[125.061348,8.12662],[125.060837,8.12629],[125.059692,8.12645],[125.058807,8.12661],[125.057266,8.12591],[125.055862,8.12589],[125.054443,8.12697],[125.053459,8.12719],[125.051826,8.12807],[125.050827,8.12804],[125.050194,8.12794],[125.049049,8.12869],[125.047432,8.12838],[125.046051,8.12762],[125.045197,8.12729],[125.04332,8.126],[125.042778,8.12481],[125.041542,8.12396],[125.038322,8.14094]]]]}},{"type":"Feature","properties":{"ID_0":177,"ISO":"PHL","NAME_0":"Philippines","ID_1":10013,"NAME_1":"Bukidnon","ID_2":1001312,"NAME_2":"City of Malaybalay (Capital)","ID_3":1001312058,"NAME_3":"Saint Peter","NL_NAME_3":null,"VARNAME_3":null,"TYPE_3":"Barangay","ENGTYPE_3":"Village","PROVINCE":"Bukidnon","REGION":"Region X (Northern Mindanao)","id":"barangay-1001312058","name":"Saint Peter","barangayCode":"1001312058","population":null,"formattedPop":null,"densityCategory":"No data","vulnerabilityRating":"No data","healthRiskLevel":"No data","areaKm2":24.507895,"centerLat":8.236846,"centerLng":125.305713,"geometrySource":"all_barangay-2.csv detailed WKT","geometryMatchMethod":"psgc_coordinate_bridge","boundaryPointCount":9},"geometry":{"type":"MultiPolygon","coordinates":[[[[125.35247,8.20473],[125.353088,8.20175],[125.352531,8.19671],[125.352577,8.19444],[125.296532,8.18844],[125.286819,8.18676],[125.21524,8.18908],[125.214569,8.2038],[125.35247,8.20473]]]]}},{"type":"Feature","properties":{"ID_0":177,"ISO":"PHL","NAME_0":"Philippines","ID_1":10013,"NAME_1":"Bukidnon","ID_2":1001312,"NAME_2":"City of Malaybalay (Capital)","ID_3":1001312059,"NAME_3":"San Jose","NL_NAME_3":null,"VARNAME_3":null,"TYPE_3":"Barangay","ENGTYPE_3":"Village","PROVINCE":"Bukidnon","REGION":"Region X (Northern Mindanao)","id":"barangay-1001312059","name":"San Jose","barangayCode":"1001312059","population":null,"formattedPop":null,"densityCategory":"No data","vulnerabilityRating":"No data","healthRiskLevel":"No data","areaKm2":33.514372,"centerLat":8.104104,"centerLng":125.161115,"geometrySource":"all_barangay-2.csv detailed WKT","geometryMatchMethod":"psgc_coordinate_bridge","boundaryPointCount":7},"geometry":{"type":"MultiPolygon","coordinates":[[[[125.230797,8.10438],[125.233498,8.09456],[125.088127,8.09168],[125.088043,8.09501],[125.040771,8.0957],[125.041122,8.10162],[125.230797,8.10438]]]]}},{"type":"Feature","properties":{"ID_0":177,"ISO":"PHL","NAME_0":"Philippines","ID_1":10013,"NAME_1":"Bukidnon","ID_2":1001312,"NAME_2":"City of Malaybalay (Capital)","ID_3":1001312060,"NAME_3":"San Martin","NL_NAME_3":null,"VARNAME_3":null,"TYPE_3":"Barangay","ENGTYPE_3":"Village","PROVINCE":"Bukidnon","REGION":"Region X (Northern Mindanao)","id":"barangay-1001312060","name":"San Martin","barangayCode":"1001312060","population":null,"formattedPop":null,"densityCategory":"No data","vulnerabilityRating":"No data","healthRiskLevel":"No data","areaKm2":15.970157,"centerLat":8.007005,"centerLng":125.212939,"geometrySource":"all_barangay-2.csv detailed WKT","geometryMatchMethod":"psgc_coordinate_bridge","boundaryPointCount":54},"geometry":{"type":"MultiPolygon","coordinates":[[[[125.254753,8.02839],[125.255791,8.0285],[125.256462,8.02863],[125.257713,8.02814],[125.258926,8.02746],[125.260406,8.0262],[125.261841,8.02476],[125.263107,8.02325],[125.26461,8.02161],[125.265663,8.02095],[125.267174,8.02007],[125.268478,8.01969],[125.270264,8.01891],[125.271378,8.01842],[125.273277,8.01792],[125.274338,8.01794],[125.274849,8.01796],[125.276497,8.01735],[125.278023,8.01736],[125.279556,8.01825],[125.280144,8.01852],[125.282578,8.01825],[125.283112,8.01795],[125.284126,8.0172],[125.285362,8.01609],[125.286499,8.01485],[125.287354,8.0134],[125.287842,8.01203],[125.288322,8.00954],[125.289062,8.00826],[125.291527,8.00659],[125.293968,8.00505],[125.295197,8.0043],[125.296066,8.00346],[125.296997,8.00224],[125.298927,8.00098],[125.300117,7.99998],[125.301071,7.99847],[125.301682,7.99773],[125.302597,7.9965],[125.303062,7.99574],[125.303574,7.99474],[125.30423,7.99398],[125.304863,7.99264],[125.305099,7.99162],[125.305748,7.99145],[125.306473,7.99013],[125.307159,7.98961],[125.300911,7.97511],[125.207207,7.98081],[125.210899,7.98725],[125.212288,8.00515],[125.214508,8.02554],[125.254753,8.02839]]]]}},{"type":"Feature","properties":{"ID_0":177,"ISO":"PHL","NAME_0":"Philippines","ID_1":10013,"NAME_1":"Bukidnon","ID_2":1001312,"NAME_2":"City of Malaybalay (Capital)","ID_3":1001312061,"NAME_3":"Santo Niño","NL_NAME_3":null,"VARNAME_3":"Santo Nino","TYPE_3":"Barangay","ENGTYPE_3":"Village","PROVINCE":"Bukidnon","REGION":"Region X (Northern Mindanao)","id":"barangay-1001312061","name":"Santo Niño","barangayCode":"1001312061","population":null,"formattedPop":null,"densityCategory":"No data","vulnerabilityRating":"No data","healthRiskLevel":"No data","areaKm2":8.111496,"centerLat":7.978949,"centerLng":125.171528,"geometrySource":"all_barangay-2.csv detailed WKT","geometryMatchMethod":"psgc_coordinate_bridge","boundaryPointCount":60},"geometry":{"type":"MultiPolygon","coordinates":[[[[125.210899,7.98725],[125.207207,7.98081],[125.203217,7.97401],[125.213814,7.96581],[125.228203,7.95354],[125.225441,7.9521],[125.220963,7.95085],[125.21917,7.95233],[125.218987,7.95452],[125.220009,7.95741],[125.218681,7.95892],[125.216209,7.95928],[125.21431,7.95868],[125.213013,7.95705],[125.212646,7.95392],[125.212303,7.95073],[125.210213,7.94858],[125.209229,7.94792],[125.206528,7.94784],[125.203934,7.9482],[125.201683,7.94973],[125.202553,7.95162],[125.20414,7.95291],[125.205513,7.95431],[125.205513,7.95664],[125.204269,7.95784],[125.202148,7.95872],[125.199257,7.95952],[125.196442,7.96197],[125.195534,7.96339],[125.194679,7.96604],[125.19352,7.96862],[125.191032,7.96954],[125.188423,7.96846],[125.185432,7.9677],[125.181679,7.96814],[125.180267,7.96953],[125.180199,7.97007],[125.178093,7.97136],[125.145157,7.97228],[125.144379,7.97282],[125.143219,7.97397],[125.143494,7.97511],[125.144081,7.97613],[125.145271,7.97644],[125.146927,7.97799],[125.147087,7.9797],[125.145798,7.98082],[125.14357,7.98084],[125.143242,7.98167],[125.143646,7.9843],[125.142174,7.9853],[125.139992,7.98473],[125.140839,7.98767],[125.138817,7.98938],[125.137154,7.99021],[125.136078,7.99083],[125.134109,7.99135],[125.133713,7.99243],[125.210899,7.98725]]]]}},{"type":"Feature","properties":{"ID_0":177,"ISO":"PHL","NAME_0":"Philippines","ID_1":10013,"NAME_1":"Bukidnon","ID_2":1001312,"NAME_2":"City of Malaybalay (Capital)","ID_3":1001312062,"NAME_3":"Silae","NL_NAME_3":null,"VARNAME_3":null,"TYPE_3":"Barangay","ENGTYPE_3":"Village","PROVINCE":"Bukidnon","REGION":"Region X (Northern Mindanao)","id":"barangay-1001312062","name":"Silae","barangayCode":"1001312062","population":null,"formattedPop":null,"densityCategory":"No data","vulnerabilityRating":"No data","healthRiskLevel":"No data","areaKm2":63.1996,"centerLat":8.161396,"centerLng":125.322428,"geometrySource":"all_barangay-2.csv detailed WKT","geometryMatchMethod":"psgc_coordinate_bridge","boundaryPointCount":9},"geometry":{"type":"MultiPolygon","coordinates":[[[[125.285423,8.15913],[125.286179,8.14851],[125.286797,8.13422],[125.271179,8.13371],[125.24514,8.13402],[125.212486,8.13949],[125.221657,8.15989],[125.226486,8.15927],[125.285423,8.15913]]]]}},{"type":"Feature","properties":{"ID_0":177,"ISO":"PHL","NAME_0":"Philippines","ID_1":10013,"NAME_1":"Bukidnon","ID_2":1001312,"NAME_2":"City of Malaybalay (Capital)","ID_3":1001312063,"NAME_3":"Simaya","NL_NAME_3":null,"VARNAME_3":null,"TYPE_3":"Barangay","ENGTYPE_3":"Village","PROVINCE":"Bukidnon","REGION":"Region X (Northern Mindanao)","id":"barangay-1001312063","name":"Simaya","barangayCode":"1001312063","population":null,"formattedPop":null,"densityCategory":"No data","vulnerabilityRating":"No data","healthRiskLevel":"No data","areaKm2":14.519936,"centerLat":8.004327,"centerLng":125.160765,"geometrySource":"all_barangay-2.csv detailed WKT","geometryMatchMethod":"psgc_coordinate_bridge","boundaryPointCount":30},"geometry":{"type":"MultiPolygon","coordinates":[[[[125.142693,8.02666],[125.212288,8.00515],[125.210899,7.98725],[125.133713,7.99243],[125.13324,7.99393],[125.133049,7.99615],[125.132919,7.99732],[125.131554,7.99824],[125.128433,7.99887],[125.127647,7.99969],[125.127487,7.99974],[125.127693,8.00127],[125.128143,8.00318],[125.128616,8.00425],[125.130592,8.00681],[125.131554,8.00855],[125.132317,8.01069],[125.133102,8.01279],[125.133629,8.01436],[125.134483,8.01615],[125.135071,8.01768],[125.135201,8.01882],[125.136467,8.01964],[125.137222,8.01961],[125.137497,8.01981],[125.137207,8.02139],[125.136993,8.023],[125.136841,8.02493],[125.13726,8.02721],[125.142693,8.02666]]]]}},{"type":"Feature","properties":{"ID_0":177,"ISO":"PHL","NAME_0":"Philippines","ID_1":10013,"NAME_1":"Bukidnon","ID_2":1001312,"NAME_2":"City of Malaybalay (Capital)","ID_3":1001312064,"NAME_3":"Sinanglanan","NL_NAME_3":null,"VARNAME_3":null,"TYPE_3":"Barangay","ENGTYPE_3":"Village","PROVINCE":"Bukidnon","REGION":"Region X (Northern Mindanao)","id":"barangay-1001312064","name":"Sinanglanan","barangayCode":"1001312064","population":null,"formattedPop":null,"densityCategory":"No data","vulnerabilityRating":"No data","healthRiskLevel":"No data","areaKm2":12.908041,"centerLat":7.992237,"centerLng":125.224694,"geometrySource":"all_barangay-2.csv detailed WKT","geometryMatchMethod":"psgc_coordinate_bridge","boundaryPointCount":6},"geometry":{"type":"MultiPolygon","coordinates":[[[[125.300911,7.97511],[125.295258,7.963],[125.213814,7.96581],[125.203217,7.97401],[125.207207,7.98081],[125.300911,7.97511]]]]}},{"type":"Feature","properties":{"ID_0":177,"ISO":"PHL","NAME_0":"Philippines","ID_1":10013,"NAME_1":"Bukidnon","ID_2":1001312,"NAME_2":"City of Malaybalay (Capital)","ID_3":1001312065,"NAME_3":"Sumpong","NL_NAME_3":null,"VARNAME_3":null,"TYPE_3":"Barangay","ENGTYPE_3":"Village","PROVINCE":"Bukidnon","REGION":"Region X (Northern Mindanao)","id":"barangay-1001312065","name":"Sumpong","barangayCode":"1001312065","population":null,"formattedPop":null,"densityCategory":"No data","vulnerabilityRating":"No data","healthRiskLevel":"No data","areaKm2":19.050665,"centerLat":8.195102,"centerLng":125.123398,"geometrySource":"all_barangay-2.csv detailed WKT","geometryMatchMethod":"psgc_coordinate_bridge","boundaryPointCount":11},"geometry":{"type":"MultiPolygon","coordinates":[[[[125.033997,8.1627],[125.065071,8.17154],[125.132202,8.16766],[125.134331,8.15792],[125.126572,8.15655],[125.117889,8.15496],[125.11219,8.15393],[125.09198,8.15028],[125.038322,8.14094],[125.034157,8.15836],[125.033997,8.1627]]]]}},{"type":"Feature","properties":{"ID_0":177,"ISO":"PHL","NAME_0":"Philippines","ID_1":10013,"NAME_1":"Bukidnon","ID_2":1001312,"NAME_2":"City of Malaybalay (Capital)","ID_3":1001312066,"NAME_3":"Violeta","NL_NAME_3":null,"VARNAME_3":null,"TYPE_3":"Barangay","ENGTYPE_3":"Village","PROVINCE":"Bukidnon","REGION":"Region X (Northern Mindanao)","id":"barangay-1001312066","name":"Violeta","barangayCode":"1001312066","population":null,"formattedPop":null,"densityCategory":"No data","vulnerabilityRating":"No data","healthRiskLevel":"No data","areaKm2":4.345203,"centerLat":8.032099,"centerLng":125.157829,"geometrySource":"all_barangay-2.csv detailed WKT","geometryMatchMethod":"psgc_coordinate_bridge","boundaryPointCount":39},"geometry":{"type":"MultiPolygon","coordinates":[[[[125.154701,8.07024],[125.191162,8.07215],[125.192177,8.05629],[125.187462,8.05205],[125.187286,8.05132],[125.185387,8.05037],[125.18364,8.05012],[125.182503,8.04957],[125.180794,8.04825],[125.179253,8.04745],[125.177887,8.04718],[125.175957,8.04769],[125.174408,8.04864],[125.172623,8.04867],[125.171471,8.0475],[125.170647,8.04641],[125.16906,8.04509],[125.167503,8.04555],[125.165627,8.04585],[125.163551,8.04726],[125.157768,8.04802],[125.156868,8.05039],[125.157112,8.05183],[125.158318,8.05332],[125.161171,8.05556],[125.161423,8.05629],[125.160362,8.05706],[125.159157,8.0577],[125.157219,8.05845],[125.155907,8.05831],[125.154068,8.0588],[125.151329,8.06173],[125.152451,8.06267],[125.152847,8.06389],[125.152649,8.06497],[125.152771,8.06628],[125.153732,8.06764],[125.154373,8.06866],[125.154701,8.07024]]]]}},{"type":"Feature","properties":{"ID_0":177,"ISO":"PHL","NAME_0":"Philippines","ID_1":10013,"NAME_1":"Bukidnon","ID_2":1001312,"NAME_2":"City of Malaybalay (Capital)","ID_3":1001312067,"NAME_3":"Zamboanguita","NL_NAME_3":null,"VARNAME_3":null,"TYPE_3":"Barangay","ENGTYPE_3":"Village","PROVINCE":"Bukidnon","REGION":"Region X (Northern Mindanao)","id":"barangay-1001312067","name":"Zamboanguita","barangayCode":"1001312067","population":null,"formattedPop":null,"densityCategory":"No data","vulnerabilityRating":"No data","healthRiskLevel":"No data","areaKm2":23.650943,"centerLat":8.212472,"centerLng":125.326852,"geometrySource":"all_barangay-2.csv detailed WKT","geometryMatchMethod":"psgc_coordinate_bridge","boundaryPointCount":11},"geometry":{"type":"MultiPolygon","coordinates":[[[[125.296532,8.18844],[125.352577,8.19444],[125.353271,8.19024],[125.353958,8.18747],[125.358017,8.18153],[125.359306,8.17856],[125.293068,8.17341],[125.292099,8.17727],[125.29351,8.18078],[125.29538,8.18561],[125.296532,8.18844]]]]}},{"type":"Feature","properties":{"ID_0":177,"ISO":"PHL","NAME_0":"Philippines","ID_1":10013,"NAME_1":"Bukidnon","ID_2":1001313,"NAME_2":"Malitbog","ID_3":1001313001,"NAME_3":"Kalingking","NL_NAME_3":null,"VARNAME_3":null,"TYPE_3":"Barangay","ENGTYPE_3":"Village","PROVINCE":"Bukidnon","REGION":"Region X (Northern Mindanao)","id":"barangay-1001313001","name":"Kalingking","barangayCode":"1001313001","population":null,"formattedPop":null,"densityCategory":"No data","vulnerabilityRating":"No data","healthRiskLevel":"No data","areaKm2":13.759284,"centerLat":8.514523,"centerLng":124.905428,"geometrySource":"all_barangay-2.csv detailed WKT","geometryMatchMethod":"unique_official_admin_names","boundaryPointCount":61},"geometry":{"type":"MultiPolygon","coordinates":[[[[124.956749,8.54697],[124.958061,8.5347],[124.959587,8.5204],[124.957893,8.51977],[124.957191,8.5192],[124.955521,8.51775],[124.954643,8.51685],[124.953697,8.5159],[124.951859,8.51358],[124.949944,8.51117],[124.948471,8.50991],[124.948433,8.50988],[124.947113,8.50879],[124.945442,8.50726],[124.94442,8.50657],[124.943123,8.50586],[124.942177,8.50574],[124.941223,8.50562],[124.940521,8.50534],[124.939827,8.50505],[124.938553,8.50359],[124.937668,8.50252],[124.937111,8.50174],[124.935654,8.49974],[124.935204,8.49889],[124.934708,8.49796],[124.934639,8.49623],[124.934753,8.4957],[124.93483,8.49529],[124.934937,8.49425],[124.934219,8.4934],[124.933197,8.49275],[124.93248,8.49259],[124.93148,8.49246],[124.930489,8.49233],[124.930199,8.49226],[124.929909,8.49219],[124.929573,8.49184],[124.929237,8.49151],[124.929237,8.49119],[124.92926,8.49084],[124.929337,8.49015],[124.929443,8.48927],[124.929352,8.48832],[124.928543,8.48745],[124.927971,8.48743],[124.927437,8.48742],[124.92617,8.48784],[124.925537,8.48806],[124.923859,8.48815],[124.921852,8.48751],[124.920288,8.4865],[124.917809,8.48553],[124.915703,8.48538],[124.912987,8.48606],[124.910233,8.487],[124.899109,8.50392],[124.907738,8.52068],[124.909637,8.53127],[124.943611,8.52718],[124.956749,8.54697]]]]}},{"type":"Feature","properties":{"ID_0":177,"ISO":"PHL","NAME_0":"Philippines","ID_1":10013,"NAME_1":"Bukidnon","ID_2":1001313,"NAME_2":"Malitbog","ID_3":1001313002,"NAME_3":"Kiabo","NL_NAME_3":null,"VARNAME_3":null,"TYPE_3":"Barangay","ENGTYPE_3":"Village","PROVINCE":"Bukidnon","REGION":"Region X (Northern Mindanao)","id":"barangay-1001313002","name":"Kiabo","barangayCode":"1001313002","population":null,"formattedPop":null,"densityCategory":"No data","vulnerabilityRating":"No data","healthRiskLevel":"No data","areaKm2":28.980663,"centerLat":8.579561,"centerLng":124.935759,"geometrySource":"all_barangay-2.csv detailed WKT","geometryMatchMethod":"unique_official_admin_names","boundaryPointCount":23},"geometry":{"type":"MultiPolygon","coordinates":[[[[124.919083,8.58956],[124.92173,8.58974],[124.943802,8.58723],[124.948662,8.58749],[124.95118,8.58631],[124.951973,8.5863],[124.954117,8.58614],[124.958183,8.58562],[124.960037,8.58543],[124.962227,8.58527],[124.964157,8.58517],[124.967957,8.58504],[124.969231,8.58493],[124.972458,8.58331],[124.975327,8.5821],[124.979248,8.58112],[124.976883,8.57367],[124.974327,8.56568],[124.963539,8.55616],[124.956749,8.54697],[124.955727,8.55948],[124.915138,8.55503],[124.919083,8.58956]]]]}},{"type":"Feature","properties":{"ID_0":177,"ISO":"PHL","NAME_0":"Philippines","ID_1":10013,"NAME_1":"Bukidnon","ID_2":1001313,"NAME_2":"Malitbog","ID_3":1001313003,"NAME_3":"Mindagat","NL_NAME_3":null,"VARNAME_3":null,"TYPE_3":"Barangay","ENGTYPE_3":"Village","PROVINCE":"Bukidnon","REGION":"Region X (Northern Mindanao)","id":"barangay-1001313003","name":"Mindagat","barangayCode":"1001313003","population":null,"formattedPop":null,"densityCategory":"No data","vulnerabilityRating":"No data","healthRiskLevel":"No data","areaKm2":15.311449,"centerLat":8.57624,"centerLng":124.882031,"geometrySource":"all_barangay-2.csv detailed WKT","geometryMatchMethod":"unique_official_admin_names","boundaryPointCount":29},"geometry":{"type":"MultiPolygon","coordinates":[[[[124.869583,8.59431],[124.882828,8.5933],[124.891457,8.59255],[124.919083,8.58956],[124.915138,8.55503],[124.914124,8.54982],[124.890717,8.5498],[124.851303,8.57381],[124.851753,8.57478],[124.852493,8.57621],[124.852821,8.57697],[124.853256,8.578],[124.854393,8.57998],[124.854973,8.58093],[124.855507,8.58155],[124.856209,8.58216],[124.857109,8.58352],[124.857712,8.58446],[124.858673,8.58566],[124.858963,8.58632],[124.860497,8.58795],[124.861397,8.58861],[124.862022,8.58916],[124.862968,8.59024],[124.865173,8.59209],[124.866524,8.59312],[124.868027,8.5941],[124.868813,8.59437],[124.869583,8.59431]]]]}},{"type":"Feature","properties":{"ID_0":177,"ISO":"PHL","NAME_0":"Philippines","ID_1":10013,"NAME_1":"Bukidnon","ID_2":1001313,"NAME_2":"Malitbog","ID_3":1001313004,"NAME_3":"Omagling","NL_NAME_3":null,"VARNAME_3":null,"TYPE_3":"Barangay","ENGTYPE_3":"Village","PROVINCE":"Bukidnon","REGION":"Region X (Northern Mindanao)","id":"barangay-1001313004","name":"Omagling","barangayCode":"1001313004","population":null,"formattedPop":null,"densityCategory":"No data","vulnerabilityRating":"No data","healthRiskLevel":"No data","areaKm2":9.413856,"centerLat":8.546707,"centerLng":124.91548,"geometrySource":"all_barangay-2.csv detailed WKT","geometryMatchMethod":"unique_official_admin_names","boundaryPointCount":7},"geometry":{"type":"MultiPolygon","coordinates":[[[[124.915138,8.55503],[124.955727,8.55948],[124.956749,8.54697],[124.943611,8.52718],[124.909637,8.53127],[124.914124,8.54982],[124.915138,8.55503]]]]}},{"type":"Feature","properties":{"ID_0":177,"ISO":"PHL","NAME_0":"Philippines","ID_1":10013,"NAME_1":"Bukidnon","ID_2":1001313,"NAME_2":"Malitbog","ID_3":1001313005,"NAME_3":"Patpat","NL_NAME_3":null,"VARNAME_3":null,"TYPE_3":"Barangay","ENGTYPE_3":"Village","PROVINCE":"Bukidnon","REGION":"Region X (Northern Mindanao)","id":"barangay-1001313005","name":"Patpat","barangayCode":"1001313005","population":null,"formattedPop":null,"densityCategory":"No data","vulnerabilityRating":"No data","healthRiskLevel":"No data","areaKm2":9.086299,"centerLat":8.520205,"centerLng":124.874053,"geometrySource":"all_barangay-2.csv detailed WKT","geometryMatchMethod":"unique_official_admin_names","boundaryPointCount":7},"geometry":{"type":"MultiPolygon","coordinates":[[[[124.875061,8.53754],[124.893547,8.52073],[124.907738,8.52068],[124.899109,8.50392],[124.872108,8.49364],[124.865921,8.53742],[124.875061,8.53754]]]]}},{"type":"Feature","properties":{"ID_0":177,"ISO":"PHL","NAME_0":"Philippines","ID_1":10013,"NAME_1":"Bukidnon","ID_2":1001313,"NAME_2":"Malitbog","ID_3":1001313006,"NAME_3":"Poblacion","NL_NAME_3":null,"VARNAME_3":null,"TYPE_3":"Barangay","ENGTYPE_3":"Village","PROVINCE":"Bukidnon","REGION":"Region X (Northern Mindanao)","id":"barangay-1001313006","name":"Poblacion","barangayCode":"1001313006","population":null,"formattedPop":null,"densityCategory":"No data","vulnerabilityRating":"No data","healthRiskLevel":"No data","areaKm2":10.899342,"centerLat":8.545978,"centerLng":124.887952,"geometrySource":"all_barangay-2.csv detailed WKT","geometryMatchMethod":"unique_official_admin_names","boundaryPointCount":7},"geometry":{"type":"MultiPolygon","coordinates":[[[[124.914124,8.54982],[124.909637,8.53127],[124.907738,8.52068],[124.893547,8.52073],[124.875061,8.53754],[124.890717,8.5498],[124.914124,8.54982]]]]}},{"type":"Feature","properties":{"ID_0":177,"ISO":"PHL","NAME_0":"Philippines","ID_1":10013,"NAME_1":"Bukidnon","ID_2":1001313,"NAME_2":"Malitbog","ID_3":1001313007,"NAME_3":"Sampiano","NL_NAME_3":null,"VARNAME_3":null,"TYPE_3":"Barangay","ENGTYPE_3":"Village","PROVINCE":"Bukidnon","REGION":"Region X (Northern Mindanao)","id":"barangay-1001313007","name":"Sampiano","barangayCode":"1001313007","population":null,"formattedPop":null,"densityCategory":"No data","vulnerabilityRating":"No data","healthRiskLevel":"No data","areaKm2":42.982083,"centerLat":8.475183,"centerLng":124.882845,"geometrySource":"all_barangay-2.csv detailed WKT","geometryMatchMethod":"unique_official_admin_names","boundaryPointCount":64},"geometry":{"type":"MultiPolygon","coordinates":[[[[124.899109,8.50392],[124.910233,8.487],[124.914322,8.4274],[124.914009,8.42722],[124.912689,8.42655],[124.911293,8.42628],[124.908913,8.42593],[124.907944,8.42639],[124.906532,8.42672],[124.90535,8.42686],[124.904663,8.4274],[124.903648,8.42865],[124.90242,8.42967],[124.901299,8.43072],[124.89975,8.43232],[124.898804,8.4333],[124.897949,8.43398],[124.896561,8.435],[124.895012,8.43567],[124.893532,8.43619],[124.892014,8.43681],[124.889732,8.43831],[124.888947,8.43895],[124.888069,8.43979],[124.886597,8.44157],[124.885841,8.44316],[124.885139,8.44496],[124.884117,8.44669],[124.88311,8.44786],[124.881844,8.44893],[124.880836,8.4492],[124.88002,8.44863],[124.8778,8.44679],[124.87635,8.44554],[124.874298,8.44465],[124.873322,8.44508],[124.871834,8.44656],[124.870827,8.44909],[124.870689,8.44991],[124.870758,8.45189],[124.871223,8.45378],[124.872238,8.45686],[124.872643,8.45882],[124.873039,8.46089],[124.873154,8.46167],[124.873497,8.46488],[124.872841,8.46604],[124.871719,8.4669],[124.870041,8.46666],[124.869713,8.46629],[124.868896,8.46521],[124.867088,8.46515],[124.866127,8.4658],[124.864197,8.46655],[124.863777,8.4678],[124.863213,8.4691],[124.862396,8.47147],[124.862587,8.47288],[124.862137,8.47589],[124.860817,8.47772],[124.859673,8.47853],[124.863777,8.49008],[124.872108,8.49364],[124.899109,8.50392]]]]}},{"type":"Feature","properties":{"ID_0":177,"ISO":"PHL","NAME_0":"Philippines","ID_1":10013,"NAME_1":"Bukidnon","ID_2":1001313,"NAME_2":"Malitbog","ID_3":1001313008,"NAME_3":"San Luis","NL_NAME_3":null,"VARNAME_3":null,"TYPE_3":"Barangay","ENGTYPE_3":"Village","PROVINCE":"Bukidnon","REGION":"Region X (Northern Mindanao)","id":"barangay-1001313008","name":"San Luis","barangayCode":"1001313008","population":null,"formattedPop":null,"densityCategory":"No data","vulnerabilityRating":"No data","healthRiskLevel":"No data","areaKm2":149.44099,"centerLat":8.548197,"centerLng":125.010452,"geometrySource":"all_barangay-2.csv detailed WKT","geometryMatchMethod":"unique_official_admin_names","boundaryPointCount":113},"geometry":{"type":"MultiPolygon","coordinates":[[[[125.092567,8.58296],[125.090042,8.57989],[125.088783,8.57795],[125.0877,8.57604],[125.086617,8.57413],[125.084602,8.56973],[125.082397,8.56628],[125.079529,8.56144],[125.076767,8.55716],[125.075508,8.55473],[125.074677,8.55281],[125.073868,8.55088],[125.071823,8.54691],[125.069519,8.54306],[125.067123,8.53904],[125.064148,8.53445],[125.060379,8.52747],[125.055893,8.51615],[125.050377,8.50975],[125.048027,8.50627],[125.04454,8.50144],[125.041023,8.4965],[125.038757,8.49238],[125.038132,8.49125],[125.037933,8.4909],[125.03746,8.48988],[125.036171,8.48714],[125.034973,8.48485],[125.033699,8.48265],[125.033302,8.48196],[125.0317,8.479],[125.029823,8.47706],[125.029007,8.4757],[125.027786,8.47382],[125.013199,8.4891],[124.971687,8.48355],[124.969803,8.4833],[124.930183,8.47805],[124.923859,8.48815],[124.925537,8.48806],[124.92617,8.48784],[124.927437,8.48742],[124.927971,8.48743],[124.928543,8.48745],[124.929352,8.48832],[124.929443,8.48927],[124.929337,8.49015],[124.92926,8.49084],[124.929237,8.49119],[124.929237,8.49151],[124.929573,8.49184],[124.929909,8.49219],[124.930199,8.49226],[124.930489,8.49233],[124.93148,8.49246],[124.93248,8.49259],[124.933197,8.49275],[124.934219,8.4934],[124.934937,8.49425],[124.93483,8.49529],[124.934753,8.4957],[124.934639,8.49623],[124.934708,8.49796],[124.935204,8.49889],[124.935654,8.49974],[124.937111,8.50174],[124.937668,8.50252],[124.938553,8.50359],[124.939827,8.50505],[124.940521,8.50534],[124.941223,8.50562],[124.942177,8.50574],[124.943123,8.50586],[124.94442,8.50657],[124.945442,8.50726],[124.947113,8.50879],[124.948433,8.50988],[124.948471,8.50991],[124.949944,8.51117],[124.951859,8.51358],[124.953697,8.5159],[124.954643,8.51685],[124.955521,8.51775],[124.957191,8.5192],[124.957893,8.51977],[124.959587,8.5204],[124.958061,8.5347],[124.956749,8.54697],[124.963539,8.55616],[124.974327,8.56568],[124.976883,8.57367],[124.979248,8.58112],[124.985107,8.58159],[124.985977,8.58169],[124.98687,8.58179],[124.987961,8.58172],[124.989037,8.58165],[124.99025,8.58143],[124.991287,8.58124],[124.993019,8.58098],[124.993668,8.58094],[124.994408,8.5809],[124.995163,8.58093],[124.995979,8.58098],[124.996834,8.58086],[124.997978,8.58081],[124.999123,8.58077],[125.01416,8.58021],[125.014198,8.58021],[125.029213,8.57966],[125.029221,8.57934],[125.071167,8.58161],[125.092567,8.58296]]]]}},{"type":"Feature","properties":{"ID_0":177,"ISO":"PHL","NAME_0":"Philippines","ID_1":10013,"NAME_1":"Bukidnon","ID_2":1001313,"NAME_2":"Malitbog","ID_3":1001313009,"NAME_3":"Santa Ines","NL_NAME_3":null,"VARNAME_3":null,"TYPE_3":"Barangay","ENGTYPE_3":"Village","PROVINCE":"Bukidnon","REGION":"Region X (Northern Mindanao)","id":"barangay-1001313009","name":"Santa Ines","barangayCode":"1001313009","population":null,"formattedPop":null,"densityCategory":"No data","vulnerabilityRating":"No data","healthRiskLevel":"No data","areaKm2":8.436474,"centerLat":8.522744,"centerLng":124.849223,"geometrySource":"all_barangay-2.csv detailed WKT","geometryMatchMethod":"unique_official_admin_names","boundaryPointCount":56},"geometry":{"type":"MultiPolygon","coordinates":[[[[124.865921,8.53742],[124.872108,8.49364],[124.863777,8.49008],[124.859673,8.47853],[124.858612,8.47861],[124.857536,8.47857],[124.856102,8.47839],[124.854477,8.47851],[124.852547,8.47929],[124.850739,8.48027],[124.849533,8.48195],[124.846848,8.48624],[124.84623,8.48762],[124.845047,8.48923],[124.844101,8.4904],[124.84256,8.49174],[124.841309,8.49326],[124.840408,8.49477],[124.839958,8.49545],[124.839439,8.49618],[124.838753,8.49753],[124.838692,8.49807],[124.839607,8.49867],[124.840958,8.49899],[124.842667,8.49903],[124.844673,8.49897],[124.846573,8.49919],[124.848808,8.49971],[124.849838,8.50027],[124.851044,8.50198],[124.850616,8.50355],[124.849716,8.50474],[124.848442,8.50587],[124.847458,8.50681],[124.846573,8.5077],[124.845192,8.50801],[124.844467,8.5078],[124.842308,8.50723],[124.840897,8.50754],[124.84037,8.50801],[124.839073,8.50998],[124.838547,8.51096],[124.837593,8.51251],[124.836662,8.51371],[124.835648,8.51546],[124.835327,8.51605],[124.83139,8.51693],[124.832771,8.52106],[124.834778,8.52542],[124.835297,8.52718],[124.838112,8.53396],[124.840897,8.54018],[124.842133,8.54327],[124.844078,8.54776],[124.854584,8.53729],[124.865921,8.53742]]]]}},{"type":"Feature","properties":{"ID_0":177,"ISO":"PHL","NAME_0":"Philippines","ID_1":10013,"NAME_1":"Bukidnon","ID_2":1001313,"NAME_2":"Malitbog","ID_3":1001313010,"NAME_3":"Silo-o","NL_NAME_3":null,"VARNAME_3":null,"TYPE_3":"Barangay","ENGTYPE_3":"Village","PROVINCE":"Bukidnon","REGION":"Region X (Northern Mindanao)","id":"barangay-1001313010","name":"Silo-o","barangayCode":"1001313010","population":null,"formattedPop":null,"densityCategory":"No data","vulnerabilityRating":"No data","healthRiskLevel":"No data","areaKm2":82.584736,"centerLat":8.47726,"centerLng":124.95618,"geometrySource":"all_barangay-2.csv detailed WKT","geometryMatchMethod":"unique_official_admin_names","boundaryPointCount":74},"geometry":{"type":"MultiPolygon","coordinates":[[[[124.910233,8.487],[124.912987,8.48606],[124.915703,8.48538],[124.917809,8.48553],[124.920288,8.4865],[124.921852,8.48751],[124.923859,8.48815],[124.930183,8.47805],[124.969803,8.4833],[124.971687,8.48355],[125.013199,8.4891],[125.027786,8.47382],[125.018867,8.4634],[125.015892,8.46137],[125.011864,8.45825],[125.008957,8.45591],[125.006981,8.45432],[125.004829,8.45281],[125.003532,8.45208],[125.002434,8.45133],[125.000633,8.45034],[124.999352,8.44931],[124.99823,8.4481],[124.997643,8.44695],[124.997253,8.44551],[124.996384,8.44446],[124.994339,8.44393],[124.992851,8.4443],[124.990883,8.44535],[124.989479,8.44557],[124.988197,8.44514],[124.986519,8.44426],[124.985809,8.44379],[124.984413,8.44254],[124.982368,8.44133],[124.978554,8.43949],[124.975151,8.4382],[124.969948,8.4361],[124.966438,8.43473],[124.962692,8.43372],[124.959167,8.43216],[124.95562,8.43147],[124.95327,8.43081],[124.949402,8.43013],[124.946243,8.42981],[124.943672,8.42953],[124.941032,8.42932],[124.940063,8.4293],[124.937759,8.428],[124.936623,8.42707],[124.935402,8.42712],[124.934433,8.42717],[124.933052,8.42631],[124.932129,8.42588],[124.930939,8.42547],[124.929337,8.42508],[124.928673,8.42514],[124.927513,8.42515],[124.926697,8.42489],[124.926064,8.42463],[124.925179,8.42488],[124.92411,8.42509],[124.922432,8.42517],[124.921738,8.42544],[124.921143,8.42605],[124.920464,8.42559],[124.919609,8.4252],[124.919029,8.42532],[124.918083,8.42646],[124.917503,8.4265],[124.9161,8.42642],[124.91552,8.42668],[124.914322,8.4274],[124.910233,8.487]]]]}},{"type":"Feature","properties":{"ID_0":177,"ISO":"PHL","NAME_0":"Philippines","ID_1":10013,"NAME_1":"Bukidnon","ID_2":1001313,"NAME_2":"Malitbog","ID_3":1001313011,"NAME_3":"Sumalsag","NL_NAME_3":null,"VARNAME_3":null,"TYPE_3":"Barangay","ENGTYPE_3":"Village","PROVINCE":"Bukidnon","REGION":"Region X (Northern Mindanao)","id":"barangay-1001313011","name":"Sumalsag","barangayCode":"1001313011","population":null,"formattedPop":null,"densityCategory":"No data","vulnerabilityRating":"No data","healthRiskLevel":"No data","areaKm2":10.818776,"centerLat":8.554168,"centerLng":124.855458,"geometrySource":"all_barangay-2.csv detailed WKT","geometryMatchMethod":"unique_official_admin_names","boundaryPointCount":20},"geometry":{"type":"MultiPolygon","coordinates":[[[[124.847839,8.56206],[124.848267,8.56407],[124.848312,8.56493],[124.848778,8.56629],[124.849243,8.56751],[124.849701,8.56894],[124.85006,8.57012],[124.850548,8.57164],[124.851303,8.57381],[124.890717,8.5498],[124.875061,8.53754],[124.865921,8.53742],[124.854584,8.53729],[124.844078,8.54776],[124.844933,8.55061],[124.846107,8.55298],[124.84903,8.55905],[124.848679,8.55983],[124.848396,8.56134],[124.847839,8.56206]]]]}},{"type":"Feature","properties":{"ID_0":177,"ISO":"PHL","NAME_0":"Philippines","ID_1":10013,"NAME_1":"Bukidnon","ID_2":1001314,"NAME_2":"Manolo Fortich","ID_3":1001314001,"NAME_3":"Agusan Canyon","NL_NAME_3":null,"VARNAME_3":null,"TYPE_3":"Barangay","ENGTYPE_3":"Village","PROVINCE":"Bukidnon","REGION":"Region X (Northern Mindanao)","id":"barangay-1001314001","name":"Agusan Canyon","barangayCode":"1001314001","population":null,"formattedPop":null,"densityCategory":"No data","vulnerabilityRating":"No data","healthRiskLevel":"No data","areaKm2":19.26352,"centerLat":8.318393,"centerLng":124.823916,"geometrySource":"all_barangay-2.csv detailed WKT","geometryMatchMethod":"unique_official_admin_names","boundaryPointCount":179},"geometry":{"type":"MultiPolygon","coordinates":[[[[124.839882,8.34885],[124.840988,8.34784],[124.840309,8.34736],[124.839867,8.34675],[124.839813,8.34608],[124.840248,8.34425],[124.84021,8.3434],[124.839783,8.34267],[124.83873,8.34137],[124.837708,8.34027],[124.837303,8.33963],[124.837952,8.33821],[124.83783,8.33752],[124.837883,8.33616],[124.838043,8.33527],[124.838074,8.33502],[124.837471,8.33451],[124.836647,8.33418],[124.837013,8.33355],[124.837349,8.33312],[124.837158,8.33284],[124.836807,8.33255],[124.836731,8.33197],[124.836273,8.33113],[124.835693,8.32991],[124.83551,8.32907],[124.835472,8.32829],[124.835373,8.32668],[124.835167,8.3254],[124.835022,8.32405],[124.835007,8.32315],[124.834663,8.32253],[124.834412,8.3223],[124.834351,8.32123],[124.834106,8.32068],[124.833572,8.32082],[124.833183,8.32082],[124.833344,8.31951],[124.833229,8.31848],[124.832703,8.31761],[124.832573,8.31757],[124.832207,8.31681],[124.832558,8.31594],[124.832512,8.31575],[124.832169,8.31475],[124.831779,8.31422],[124.83165,8.31333],[124.831619,8.31284],[124.831253,8.31193],[124.831329,8.31078],[124.831291,8.30995],[124.831001,8.30931],[124.830818,8.30851],[124.831017,8.30773],[124.831734,8.30674],[124.838348,8.30388],[124.837593,8.30306],[124.83725,8.30246],[124.836479,8.30077],[124.836227,8.30033],[124.835739,8.29978],[124.835228,8.29878],[124.835167,8.29811],[124.835228,8.29749],[124.835091,8.29717],[124.834846,8.29655],[124.835037,8.29563],[124.834717,8.29492],[124.834457,8.29428],[124.834869,8.29368],[124.834961,8.29256],[124.834808,8.29173],[124.835007,8.29108],[124.834953,8.29028],[124.835312,8.28961],[124.834892,8.28913],[124.834457,8.28886],[124.834877,8.28759],[124.83506,8.28672],[124.835472,8.28506],[124.835449,8.28378],[124.835907,8.28297],[124.836403,8.28219],[124.836884,8.28131],[124.837379,8.28021],[124.837624,8.27919],[124.837914,8.27814],[124.837997,8.27696],[124.827164,8.27358],[124.825882,8.2738],[124.824997,8.2739],[124.824471,8.27476],[124.824608,8.27537],[124.825027,8.27672],[124.825363,8.27783],[124.825897,8.28046],[124.825439,8.28116],[124.824707,8.28113],[124.823547,8.28101],[124.823051,8.28141],[124.823357,8.28243],[124.823883,8.28356],[124.823639,8.28509],[124.823212,8.28584],[124.822517,8.28738],[124.822227,8.2887],[124.821777,8.28977],[124.821198,8.29056],[124.82077,8.29179],[124.820663,8.29227],[124.82045,8.29262],[124.82029,8.29286],[124.82019,8.29322],[124.819901,8.29456],[124.81897,8.29601],[124.818237,8.29688],[124.817528,8.29775],[124.817047,8.29863],[124.816589,8.29888],[124.815697,8.29908],[124.81572,8.29959],[124.81588,8.29986],[124.816383,8.30089],[124.816803,8.30192],[124.816711,8.30345],[124.816017,8.3046],[124.81459,8.30583],[124.814049,8.30657],[124.813858,8.30741],[124.813881,8.30854],[124.814003,8.3095],[124.813972,8.31014],[124.813164,8.31128],[124.812607,8.31176],[124.811951,8.3124],[124.811836,8.31343],[124.81208,8.31368],[124.812317,8.31393],[124.812653,8.31463],[124.812393,8.31505],[124.812111,8.3153],[124.811234,8.31595],[124.811119,8.31635],[124.811096,8.31704],[124.810608,8.31788],[124.809937,8.31868],[124.809319,8.31942],[124.808342,8.32031],[124.80735,8.32166],[124.806961,8.32239],[124.806679,8.32304],[124.80632,8.32405],[124.806229,8.32492],[124.806252,8.32612],[124.806297,8.32665],[124.806061,8.32763],[124.805817,8.32853],[124.804878,8.32965],[124.804047,8.33024],[124.803574,8.33167],[124.803398,8.33237],[124.803284,8.33336],[124.803558,8.33368],[124.804108,8.33432],[124.803757,8.33524],[124.803192,8.33595],[124.802437,8.33712],[124.802567,8.33874],[124.803093,8.33938],[124.803574,8.34027],[124.803993,8.34171],[124.80426,8.34304],[124.80423,8.34345],[124.804031,8.34424],[124.804092,8.34482],[124.804604,8.34608],[124.813431,8.34669],[124.822403,8.3473],[124.839882,8.34885]]]]}},{"type":"Feature","properties":{"ID_0":177,"ISO":"PHL","NAME_0":"Philippines","ID_1":10013,"NAME_1":"Bukidnon","ID_2":1001314,"NAME_2":"Manolo Fortich","ID_3":1001314002,"NAME_3":"Alae","NL_NAME_3":null,"VARNAME_3":null,"TYPE_3":"Barangay","ENGTYPE_3":"Village","PROVINCE":"Bukidnon","REGION":"Region X (Northern Mindanao)","id":"barangay-1001314002","name":"Alae","barangayCode":"1001314002","population":null,"formattedPop":null,"densityCategory":"No data","vulnerabilityRating":"No data","healthRiskLevel":"No data","areaKm2":16.797355,"centerLat":8.425755,"centerLng":124.80895,"geometrySource":"all_barangay-2.csv detailed WKT","geometryMatchMethod":"unique_official_admin_names","boundaryPointCount":64},"geometry":{"type":"MultiPolygon","coordinates":[[[[124.828194,8.43217],[124.829033,8.43102],[124.829086,8.42974],[124.82972,8.42811],[124.83036,8.42716],[124.83049,8.4262],[124.830948,8.42502],[124.830627,8.4236],[124.830551,8.42321],[124.830223,8.42239],[124.82991,8.42178],[124.82988,8.42108],[124.830902,8.42076],[124.831734,8.41926],[124.832062,8.41838],[124.832283,8.41701],[124.831963,8.41577],[124.831627,8.41529],[124.831902,8.41388],[124.832397,8.41309],[124.832024,8.41173],[124.831909,8.40894],[124.831657,8.40781],[124.831459,8.40613],[124.831039,8.40525],[124.83007,8.40391],[124.829491,8.40282],[124.828949,8.40228],[124.828568,8.40106],[124.828613,8.40058],[124.828323,8.39995],[124.827797,8.39965],[124.814636,8.39383],[124.808296,8.40014],[124.804413,8.40113],[124.803223,8.40125],[124.797089,8.4031],[124.797859,8.40388],[124.7966,8.4056],[124.795792,8.40638],[124.794693,8.40716],[124.794548,8.40882],[124.794296,8.40957],[124.793953,8.41142],[124.794418,8.41386],[124.794868,8.41533],[124.794296,8.41735],[124.793571,8.41948],[124.793266,8.42106],[124.793381,8.42218],[124.808052,8.42184],[124.816231,8.42205],[124.816277,8.42286],[124.817261,8.42338],[124.817719,8.42304],[124.819504,8.42358],[124.821793,8.42487],[124.823227,8.42575],[124.82457,8.42685],[124.826157,8.42826],[124.826874,8.42898],[124.82769,8.43149],[124.828003,8.43211],[124.828194,8.43217]]]]}},{"type":"Feature","properties":{"ID_0":177,"ISO":"PHL","NAME_0":"Philippines","ID_1":10013,"NAME_1":"Bukidnon","ID_2":1001314,"NAME_2":"Manolo Fortich","ID_3":1001314003,"NAME_3":"Dahilayan","NL_NAME_3":null,"VARNAME_3":null,"TYPE_3":"Barangay","ENGTYPE_3":"Village","PROVINCE":"Bukidnon","REGION":"Region X (Northern Mindanao)","id":"barangay-1001314003","name":"Dahilayan","barangayCode":"1001314003","population":null,"formattedPop":null,"densityCategory":"No data","vulnerabilityRating":"No data","healthRiskLevel":"No data","areaKm2":11.655203,"centerLat":8.220247,"centerLng":124.8515,"geometrySource":"all_barangay-2.csv detailed WKT","geometryMatchMethod":"unique_official_admin_names","boundaryPointCount":69},"geometry":{"type":"MultiPolygon","coordinates":[[[[124.850471,8.2465],[124.851196,8.24503],[124.851959,8.24295],[124.852333,8.24111],[124.852226,8.23959],[124.851753,8.23865],[124.852119,8.23725],[124.852707,8.23605],[124.853317,8.23476],[124.854156,8.23351],[124.854713,8.23222],[124.855827,8.23079],[124.855927,8.22922],[124.855743,8.22775],[124.854942,8.22708],[124.854477,8.22591],[124.854973,8.22458],[124.855232,8.22273],[124.85582,8.22136],[124.857536,8.22033],[124.858437,8.21983],[124.859749,8.21823],[124.860481,8.2159],[124.8601,8.21313],[124.860184,8.21038],[124.859467,8.20756],[124.859718,8.20513],[124.86058,8.20328],[124.86161,8.20138],[124.861954,8.19902],[124.862953,8.19795],[124.864403,8.19736],[124.865807,8.19622],[124.866997,8.19366],[124.868584,8.19004],[124.869614,8.18808],[124.869873,8.18638],[124.869957,8.18452],[124.87075,8.18191],[124.871239,8.18036],[124.855339,8.20897],[124.853371,8.21022],[124.853027,8.21169],[124.854088,8.2152],[124.854362,8.21673],[124.853554,8.21904],[124.852547,8.22064],[124.851532,8.22334],[124.852074,8.22538],[124.851753,8.227],[124.851501,8.22931],[124.851387,8.23036],[124.850372,8.23146],[124.850327,8.23225],[124.850327,8.23387],[124.850449,8.23536],[124.850037,8.23667],[124.849457,8.23801],[124.848587,8.23877],[124.847809,8.23922],[124.84761,8.24013],[124.84687,8.24179],[124.845398,8.24243],[124.844017,8.24281],[124.84317,8.24344],[124.84198,8.24355],[124.840973,8.24364],[124.844093,8.24479],[124.850471,8.2465]]]]}},{"type":"Feature","properties":{"ID_0":177,"ISO":"PHL","NAME_0":"Philippines","ID_1":10013,"NAME_1":"Bukidnon","ID_2":1001314,"NAME_2":"Manolo Fortich","ID_3":1001314004,"NAME_3":"Dalirig","NL_NAME_3":null,"VARNAME_3":null,"TYPE_3":"Barangay","ENGTYPE_3":"Village","PROVINCE":"Bukidnon","REGION":"Region X (Northern Mindanao)","id":"barangay-1001314004","name":"Dalirig","barangayCode":"1001314004","population":null,"formattedPop":null,"densityCategory":"No data","vulnerabilityRating":"No data","healthRiskLevel":"No data","areaKm2":40.469927,"centerLat":8.393077,"centerLng":124.918645,"geometrySource":"all_barangay-2.csv detailed WKT","geometryMatchMethod":"unique_official_admin_names","boundaryPointCount":195},"geometry":{"type":"MultiPolygon","coordinates":[[[[124.914322,8.4274],[124.91552,8.42668],[124.9161,8.42642],[124.917503,8.4265],[124.918083,8.42646],[124.919029,8.42532],[124.919609,8.4252],[124.920464,8.42559],[124.921143,8.42605],[124.921738,8.42544],[124.922432,8.42517],[124.92411,8.42509],[124.925179,8.42488],[124.926064,8.42463],[124.926697,8.42489],[124.927513,8.42515],[124.928673,8.42514],[124.929337,8.42508],[124.930939,8.42547],[124.932129,8.42588],[124.933052,8.42631],[124.934433,8.42717],[124.935402,8.42712],[124.936623,8.42707],[124.937759,8.428],[124.940063,8.4293],[124.941032,8.42932],[124.943672,8.42953],[124.946243,8.42981],[124.949402,8.43013],[124.95327,8.43081],[124.95562,8.43147],[124.955589,8.43131],[124.95565,8.43005],[124.955009,8.42865],[124.954071,8.42751],[124.95266,8.42599],[124.952057,8.4247],[124.951698,8.42364],[124.950462,8.42196],[124.949867,8.42134],[124.948143,8.42106],[124.947693,8.42077],[124.9468,8.41986],[124.945801,8.41929],[124.945168,8.41627],[124.945068,8.4148],[124.944283,8.41249],[124.942993,8.4107],[124.941887,8.40901],[124.940933,8.40785],[124.938408,8.40543],[124.93779,8.40495],[124.935463,8.40452],[124.934593,8.40502],[124.933578,8.40637],[124.932518,8.40671],[124.930809,8.406],[124.929947,8.40386],[124.930237,8.40269],[124.932564,8.40036],[124.934792,8.39816],[124.935509,8.39692],[124.935173,8.39547],[124.933601,8.3945],[124.930893,8.39375],[124.928864,8.39266],[124.92794,8.39132],[124.927803,8.39041],[124.928123,8.38952],[124.929253,8.38883],[124.930901,8.38822],[124.933578,8.38788],[124.935478,8.38765],[124.939163,8.38697],[124.941406,8.38602],[124.942558,8.38388],[124.943192,8.38234],[124.943748,8.38118],[124.944351,8.38005],[124.945007,8.37919],[124.945549,8.37836],[124.94606,8.3776],[124.94577,8.37685],[124.94532,8.37605],[124.945618,8.3757],[124.946716,8.37478],[124.94651,8.37412],[124.946342,8.37372],[124.946838,8.37302],[124.946854,8.37284],[124.946373,8.3721],[124.946564,8.37134],[124.946426,8.37076],[124.946968,8.37008],[124.949417,8.35989],[124.929459,8.35782],[124.884087,8.35334],[124.883148,8.35355],[124.882172,8.3534],[124.881317,8.35359],[124.880211,8.35349],[124.880524,8.35504],[124.880318,8.35547],[124.879898,8.35824],[124.879173,8.35929],[124.878326,8.36046],[124.877411,8.36178],[124.876602,8.36257],[124.875679,8.36358],[124.875343,8.36465],[124.875351,8.36592],[124.875381,8.36719],[124.875267,8.36733],[124.87484,8.36819],[124.874474,8.36865],[124.874367,8.36885],[124.874428,8.36965],[124.874786,8.37063],[124.875504,8.37208],[124.875954,8.37283],[124.876892,8.3738],[124.877502,8.37441],[124.878304,8.37539],[124.879173,8.37604],[124.880386,8.37663],[124.880814,8.37674],[124.882896,8.37655],[124.883904,8.37635],[124.885208,8.37612],[124.886383,8.37643],[124.887199,8.37727],[124.888283,8.37886],[124.888962,8.37986],[124.889687,8.38044],[124.890457,8.3806],[124.891403,8.38053],[124.892174,8.38053],[124.89296,8.38091],[124.894836,8.38118],[124.895851,8.38127],[124.896446,8.38158],[124.897263,8.3826],[124.897636,8.38367],[124.897758,8.38442],[124.898064,8.38651],[124.898643,8.38803],[124.898933,8.38858],[124.900162,8.39033],[124.900772,8.39092],[124.902069,8.39285],[124.902473,8.39362],[124.903023,8.39394],[124.903976,8.39407],[124.904968,8.39395],[124.905602,8.39434],[124.906067,8.39497],[124.9067,8.3957],[124.907623,8.39654],[124.908287,8.39775],[124.908867,8.39863],[124.910019,8.39915],[124.910507,8.39947],[124.911034,8.40086],[124.910957,8.40211],[124.910378,8.40382],[124.910339,8.40463],[124.910873,8.40522],[124.911507,8.40543],[124.912651,8.406],[124.913307,8.407],[124.913719,8.40841],[124.913292,8.41016],[124.912491,8.41184],[124.911522,8.41289],[124.909798,8.41282],[124.908607,8.41262],[124.907478,8.41313],[124.905746,8.41545],[124.905197,8.41652],[124.904152,8.41909],[124.904373,8.42052],[124.904411,8.42196],[124.904518,8.42325],[124.904732,8.42453],[124.904953,8.42512],[124.904663,8.4274],[124.90535,8.42686],[124.906532,8.42672],[124.907944,8.42639],[124.908913,8.42593],[124.911293,8.42628],[124.912689,8.42655],[124.914009,8.42722],[124.914322,8.4274]]]]}},{"type":"Feature","properties":{"ID_0":177,"ISO":"PHL","NAME_0":"Philippines","ID_1":10013,"NAME_1":"Bukidnon","ID_2":1001314,"NAME_2":"Manolo Fortich","ID_3":1001314005,"NAME_3":"Damilag","NL_NAME_3":null,"VARNAME_3":null,"TYPE_3":"Barangay","ENGTYPE_3":"Village","PROVINCE":"Bukidnon","REGION":"Region X (Northern Mindanao)","id":"barangay-1001314005","name":"Damilag","barangayCode":"1001314005","population":null,"formattedPop":null,"densityCategory":"No data","vulnerabilityRating":"No data","healthRiskLevel":"No data","areaKm2":16.417809,"centerLat":8.367649,"centerLng":124.81772,"geometrySource":"all_barangay-2.csv detailed WKT","geometryMatchMethod":"unique_official_admin_names","boundaryPointCount":77},"geometry":{"type":"MultiPolygon","coordinates":[[[[124.797089,8.4031],[124.803223,8.40125],[124.804413,8.40113],[124.808296,8.40014],[124.814636,8.39383],[124.815018,8.39288],[124.816193,8.39156],[124.816513,8.39067],[124.817253,8.38797],[124.818497,8.38649],[124.820457,8.38215],[124.822166,8.37854],[124.823486,8.3761],[124.824989,8.37433],[124.826736,8.37234],[124.829201,8.37072],[124.831497,8.36939],[124.832573,8.36862],[124.834969,8.36609],[124.83802,8.36192],[124.840118,8.35896],[124.840927,8.35786],[124.841148,8.35679],[124.841164,8.35582],[124.841133,8.35534],[124.841187,8.35377],[124.84127,8.3527],[124.840652,8.35152],[124.840508,8.35037],[124.840591,8.34941],[124.839882,8.34885],[124.822403,8.3473],[124.813431,8.34669],[124.804604,8.34608],[124.805443,8.34698],[124.805893,8.34785],[124.805313,8.3492],[124.804527,8.34973],[124.804237,8.35162],[124.804352,8.35266],[124.803787,8.35428],[124.803207,8.35512],[124.802383,8.35611],[124.802132,8.35736],[124.80217,8.35834],[124.802063,8.35937],[124.801918,8.35994],[124.801613,8.36144],[124.801422,8.36262],[124.802193,8.36422],[124.803017,8.36471],[124.804199,8.36489],[124.80455,8.3656],[124.804443,8.36692],[124.803413,8.36785],[124.802948,8.36821],[124.802528,8.36955],[124.801376,8.37168],[124.800056,8.3742],[124.798523,8.37677],[124.797523,8.37892],[124.797623,8.38049],[124.798691,8.38185],[124.799553,8.38433],[124.800011,8.38573],[124.799393,8.38721],[124.798752,8.38924],[124.799278,8.39092],[124.799973,8.39241],[124.799911,8.39387],[124.799637,8.39654],[124.799179,8.39745],[124.797783,8.39888],[124.796982,8.39987],[124.796227,8.40122],[124.795937,8.40258],[124.797089,8.4031]]]]}},{"type":"Feature","properties":{"ID_0":177,"ISO":"PHL","NAME_0":"Philippines","ID_1":10013,"NAME_1":"Bukidnon","ID_2":1001314,"NAME_2":"Manolo Fortich","ID_3":1001314006,"NAME_3":"Diclum","NL_NAME_3":null,"VARNAME_3":null,"TYPE_3":"Barangay","ENGTYPE_3":"Village","PROVINCE":"Bukidnon","REGION":"Region X (Northern Mindanao)","id":"barangay-1001314006","name":"Diclum","barangayCode":"1001314006","population":null,"formattedPop":null,"densityCategory":"No data","vulnerabilityRating":"No data","healthRiskLevel":"No data","areaKm2":7.94216,"centerLat":8.376426,"centerLng":124.851459,"geometrySource":"all_barangay-2.csv detailed WKT","geometryMatchMethod":"unique_official_admin_names","boundaryPointCount":58},"geometry":{"type":"MultiPolygon","coordinates":[[[[124.860497,8.38017],[124.86142,8.37956],[124.861366,8.37847],[124.860977,8.37792],[124.86058,8.37697],[124.859863,8.37559],[124.860001,8.3747],[124.859833,8.37432],[124.859428,8.37364],[124.859154,8.37112],[124.858971,8.3693],[124.858597,8.36701],[124.858513,8.36471],[124.858368,8.36162],[124.858856,8.35948],[124.858818,8.35758],[124.859177,8.35633],[124.859482,8.35433],[124.859894,8.35285],[124.859863,8.35135],[124.85965,8.34964],[124.859627,8.34767],[124.859306,8.34594],[124.839882,8.34885],[124.840591,8.34941],[124.840508,8.35037],[124.840652,8.35152],[124.84127,8.3527],[124.841187,8.35377],[124.841133,8.35534],[124.841164,8.35582],[124.841148,8.35679],[124.840927,8.35786],[124.840118,8.35896],[124.840569,8.35957],[124.840897,8.36043],[124.841911,8.36092],[124.842644,8.36126],[124.843239,8.36292],[124.843018,8.36442],[124.843239,8.36539],[124.843918,8.36582],[124.844597,8.36638],[124.844948,8.36799],[124.845284,8.36951],[124.844963,8.3717],[124.844833,8.37285],[124.844711,8.37315],[124.844933,8.3741],[124.844704,8.37456],[124.844437,8.37558],[124.844116,8.3771],[124.844193,8.37765],[124.844254,8.3784],[124.844727,8.37985],[124.84491,8.38067],[124.844803,8.38155],[124.860497,8.38017]]]]}},{"type":"Feature","properties":{"ID_0":177,"ISO":"PHL","NAME_0":"Philippines","ID_1":10013,"NAME_1":"Bukidnon","ID_2":1001314,"NAME_2":"Manolo Fortich","ID_3":1001314007,"NAME_3":"Guilang-guilang","NL_NAME_3":null,"VARNAME_3":null,"TYPE_3":"Barangay","ENGTYPE_3":"Village","PROVINCE":"Bukidnon","REGION":"Region X (Northern Mindanao)","id":"barangay-1001314007","name":"Guilang-guilang","barangayCode":"1001314007","population":null,"formattedPop":null,"densityCategory":"No data","vulnerabilityRating":"No data","healthRiskLevel":"No data","areaKm2":39.835141,"centerLat":8.468363,"centerLng":125.04676,"geometrySource":"all_barangay-2.csv detailed WKT","geometryMatchMethod":"unique_official_admin_names","boundaryPointCount":36},"geometry":{"type":"MultiPolygon","coordinates":[[[[125.027786,8.47382],[125.031609,8.47097],[125.034119,8.46828],[125.036797,8.46609],[125.03833,8.46409],[125.039139,8.46268],[125.039436,8.4616],[125.03949,8.46149],[125.040329,8.46108],[125.040733,8.46084],[125.041122,8.46063],[125.041801,8.4597],[125.042107,8.45857],[125.042488,8.45801],[125.043739,8.45774],[125.044487,8.4577],[125.045097,8.45743],[125.045753,8.45694],[125.046753,8.45694],[125.047203,8.45707],[125.047729,8.4569],[125.047707,8.45583],[125.04763,8.45457],[125.047981,8.45337],[125.048683,8.45235],[125.048988,8.45161],[125.04879,8.45072],[125.028107,8.43121],[125.003532,8.45208],[125.004829,8.45281],[125.006981,8.45432],[125.008957,8.45591],[125.011864,8.45825],[125.015892,8.46137],[125.018867,8.4634],[125.027786,8.47382]]]]}},{"type":"Feature","properties":{"ID_0":177,"ISO":"PHL","NAME_0":"Philippines","ID_1":10013,"NAME_1":"Bukidnon","ID_2":1001314,"NAME_2":"Manolo Fortich","ID_3":1001314008,"NAME_3":"Kalugmanan","NL_NAME_3":null,"VARNAME_3":null,"TYPE_3":"Barangay","ENGTYPE_3":"Village","PROVINCE":"Bukidnon","REGION":"Region X (Northern Mindanao)","id":"barangay-1001314008","name":"Kalugmanan","barangayCode":"1001314008","population":null,"formattedPop":null,"densityCategory":"No data","vulnerabilityRating":"No data","healthRiskLevel":"No data","areaKm2":53.413752,"centerLat":8.224138,"centerLng":124.877338,"geometrySource":"all_barangay-2.csv detailed WKT","geometryMatchMethod":"unique_official_admin_names","boundaryPointCount":195},"geometry":{"type":"MultiPolygon","coordinates":[[[[124.887939,8.29207],[124.887817,8.29155],[124.887283,8.29079],[124.88755,8.28962],[124.888008,8.28893],[124.887573,8.28835],[124.887299,8.28695],[124.886871,8.28608],[124.886307,8.28569],[124.886238,8.28415],[124.886589,8.283],[124.887016,8.28215],[124.886543,8.28139],[124.885223,8.28037],[124.884621,8.27929],[124.885674,8.27829],[124.8862,8.27747],[124.886093,8.27592],[124.887108,8.27408],[124.887512,8.2736],[124.886917,8.27319],[124.885986,8.27298],[124.885498,8.27243],[124.885246,8.27131],[124.88475,8.27078],[124.8834,8.26982],[124.882622,8.26898],[124.881943,8.26735],[124.881027,8.26574],[124.880981,8.26413],[124.880867,8.26418],[124.880478,8.26335],[124.880081,8.26257],[124.87941,8.26163],[124.879471,8.2609],[124.87986,8.26044],[124.880386,8.25993],[124.880966,8.25912],[124.881561,8.25877],[124.882248,8.25792],[124.88224,8.25753],[124.880989,8.25691],[124.880623,8.25664],[124.881264,8.2562],[124.882057,8.25603],[124.883057,8.25483],[124.882896,8.25387],[124.882507,8.25309],[124.882637,8.25219],[124.883423,8.2514],[124.884354,8.25099],[124.88488,8.25046],[124.884537,8.2496],[124.884537,8.24788],[124.884506,8.24728],[124.884979,8.24599],[124.885727,8.24511],[124.886703,8.24467],[124.887154,8.24426],[124.886414,8.24343],[124.885406,8.24277],[124.88533,8.24173],[124.885689,8.24065],[124.885841,8.23987],[124.886482,8.2394],[124.886803,8.23887],[124.887001,8.23811],[124.887428,8.23671],[124.887337,8.23537],[124.887817,8.23466],[124.888268,8.23355],[124.889297,8.23265],[124.888657,8.23297],[124.891212,8.23128],[124.890907,8.22965],[124.890404,8.228],[124.891418,8.22433],[124.891342,8.22305],[124.89196,8.22196],[124.892433,8.22158],[124.893181,8.22087],[124.893379,8.21985],[124.892593,8.2187],[124.891647,8.21746],[124.891151,8.21648],[124.890648,8.2157],[124.889557,8.2154],[124.888863,8.21535],[124.887527,8.21509],[124.886276,8.21449],[124.885017,8.21414],[124.883461,8.21357],[124.882408,8.2121],[124.882042,8.21095],[124.881462,8.20981],[124.880363,8.20782],[124.879997,8.20594],[124.879784,8.20386],[124.879417,8.20251],[124.879097,8.20098],[124.878059,8.19837],[124.877327,8.19499],[124.878601,8.19285],[124.878601,8.18853],[124.8787,8.18119],[124.87854,8.17877],[124.878601,8.17539],[124.877029,8.17021],[124.871239,8.18036],[124.87075,8.18191],[124.869957,8.18452],[124.869873,8.18638],[124.869614,8.18808],[124.868584,8.19004],[124.866997,8.19366],[124.865807,8.19622],[124.864403,8.19736],[124.862953,8.19795],[124.861954,8.19902],[124.86161,8.20138],[124.86058,8.20328],[124.859718,8.20513],[124.859467,8.20756],[124.860184,8.21038],[124.8601,8.21313],[124.860481,8.2159],[124.859749,8.21823],[124.858437,8.21983],[124.857536,8.22033],[124.85582,8.22136],[124.855232,8.22273],[124.854973,8.22458],[124.854477,8.22591],[124.854942,8.22708],[124.855743,8.22775],[124.855927,8.22922],[124.855827,8.23079],[124.854713,8.23222],[124.854156,8.23351],[124.853317,8.23476],[124.852707,8.23605],[124.852119,8.23725],[124.851753,8.23865],[124.852226,8.23959],[124.852333,8.24111],[124.851959,8.24295],[124.851196,8.24503],[124.850471,8.2465],[124.851196,8.24802],[124.851509,8.24884],[124.851898,8.24997],[124.85215,8.25103],[124.851631,8.25326],[124.852051,8.25501],[124.852531,8.25638],[124.853638,8.25812],[124.854057,8.26017],[124.854027,8.26143],[124.85408,8.26265],[124.853943,8.26364],[124.853577,8.26557],[124.85331,8.26728],[124.853493,8.26829],[124.85376,8.26909],[124.854134,8.27072],[124.854401,8.27157],[124.85495,8.2735],[124.855583,8.27529],[124.856018,8.27648],[124.856667,8.27772],[124.857132,8.2785],[124.856857,8.27914],[124.85675,8.27955],[124.857094,8.28176],[124.857368,8.28194],[124.858093,8.28238],[124.858253,8.28327],[124.858292,8.28437],[124.85907,8.28628],[124.859863,8.28747],[124.861794,8.29003],[124.862373,8.29003],[124.863426,8.28943],[124.864792,8.28981],[124.865509,8.28981],[124.866074,8.2896],[124.866669,8.29038],[124.866898,8.29049],[124.867599,8.29039],[124.868446,8.29069],[124.868919,8.29105],[124.870071,8.29208],[124.87011,8.29259],[124.870491,8.29334],[124.887939,8.29207]]]]}},{"type":"Feature","properties":{"ID_0":177,"ISO":"PHL","NAME_0":"Philippines","ID_1":10013,"NAME_1":"Bukidnon","ID_2":1001314,"NAME_2":"Manolo Fortich","ID_3":1001314009,"NAME_3":"Lindaban","NL_NAME_3":null,"VARNAME_3":null,"TYPE_3":"Barangay","ENGTYPE_3":"Village","PROVINCE":"Bukidnon","REGION":"Region X (Northern Mindanao)","id":"barangay-1001314009","name":"Lindaban","barangayCode":"1001314009","population":null,"formattedPop":null,"densityCategory":"No data","vulnerabilityRating":"No data","healthRiskLevel":"No data","areaKm2":7.279017,"centerLat":8.277105,"centerLng":124.845035,"geometrySource":"all_barangay-2.csv detailed WKT","geometryMatchMethod":"unique_official_admin_names","boundaryPointCount":134},"geometry":{"type":"MultiPolygon","coordinates":[[[[124.870743,8.30209],[124.870117,8.30079],[124.870163,8.30014],[124.870697,8.2998],[124.870949,8.29883],[124.871399,8.29782],[124.871391,8.29738],[124.871643,8.29649],[124.871353,8.29596],[124.869751,8.29548],[124.869812,8.2947],[124.870178,8.29404],[124.870491,8.29334],[124.87011,8.29259],[124.870071,8.29208],[124.868919,8.29105],[124.868446,8.29069],[124.867599,8.29039],[124.866898,8.29049],[124.866669,8.29038],[124.866074,8.2896],[124.865509,8.28981],[124.864792,8.28981],[124.863426,8.28943],[124.862373,8.29003],[124.861794,8.29003],[124.859863,8.28747],[124.85907,8.28628],[124.858292,8.28437],[124.858253,8.28327],[124.858093,8.28238],[124.857368,8.28194],[124.857094,8.28176],[124.85675,8.27955],[124.856857,8.27914],[124.857132,8.2785],[124.856667,8.27772],[124.856018,8.27648],[124.855583,8.27529],[124.85495,8.2735],[124.854401,8.27157],[124.854134,8.27072],[124.85376,8.26909],[124.853493,8.26829],[124.85331,8.26728],[124.853577,8.26557],[124.853943,8.26364],[124.85408,8.26265],[124.854027,8.26143],[124.854057,8.26017],[124.853638,8.25812],[124.852531,8.25638],[124.852051,8.25501],[124.851631,8.25326],[124.85215,8.25103],[124.851898,8.24997],[124.851509,8.24884],[124.851196,8.24802],[124.850471,8.2465],[124.844093,8.24479],[124.843224,8.24565],[124.842628,8.2462],[124.841454,8.24754],[124.841339,8.24915],[124.841682,8.25009],[124.841743,8.25101],[124.840843,8.25279],[124.840591,8.25369],[124.840607,8.25479],[124.840767,8.25566],[124.840828,8.25649],[124.841232,8.25734],[124.841423,8.25807],[124.841423,8.25856],[124.84166,8.25911],[124.841316,8.25978],[124.841614,8.26058],[124.841713,8.2618],[124.841652,8.26309],[124.841782,8.26375],[124.84182,8.2649],[124.841461,8.26587],[124.840759,8.26603],[124.840439,8.26594],[124.84021,8.26647],[124.840286,8.26718],[124.84021,8.26778],[124.840309,8.26829],[124.839897,8.26873],[124.839478,8.26854],[124.839691,8.269],[124.84005,8.26946],[124.840233,8.27015],[124.839638,8.27137],[124.838913,8.27271],[124.838577,8.27372],[124.838387,8.27448],[124.838158,8.27512],[124.838463,8.27611],[124.83802,8.27657],[124.837997,8.27696],[124.837914,8.27814],[124.837624,8.27919],[124.837379,8.28021],[124.836884,8.28131],[124.836403,8.28219],[124.835907,8.28297],[124.835449,8.28378],[124.835472,8.28506],[124.83506,8.28672],[124.834877,8.28759],[124.834457,8.28886],[124.834892,8.28913],[124.835312,8.28961],[124.834953,8.29028],[124.835007,8.29108],[124.834808,8.29173],[124.834961,8.29256],[124.834869,8.29368],[124.834457,8.29428],[124.834717,8.29492],[124.835037,8.29563],[124.834846,8.29655],[124.835091,8.29717],[124.835228,8.29749],[124.835167,8.29811],[124.835228,8.29878],[124.835739,8.29978],[124.836227,8.30033],[124.836479,8.30077],[124.83725,8.30246],[124.837593,8.30306],[124.838348,8.30388],[124.870743,8.30209]]]]}},{"type":"Feature","properties":{"ID_0":177,"ISO":"PHL","NAME_0":"Philippines","ID_1":10013,"NAME_1":"Bukidnon","ID_2":1001314,"NAME_2":"Manolo Fortich","ID_3":1001314010,"NAME_3":"Lingion","NL_NAME_3":null,"VARNAME_3":null,"TYPE_3":"Barangay","ENGTYPE_3":"Village","PROVINCE":"Bukidnon","REGION":"Region X (Northern Mindanao)","id":"barangay-1001314010","name":"Lingion","barangayCode":"1001314010","population":null,"formattedPop":null,"densityCategory":"No data","vulnerabilityRating":"No data","healthRiskLevel":"No data","areaKm2":25.300872,"centerLat":8.406612,"centerLng":124.886726,"geometrySource":"all_barangay-2.csv detailed WKT","geometryMatchMethod":"unique_official_admin_names","boundaryPointCount":140},"geometry":{"type":"MultiPolygon","coordinates":[[[[124.904663,8.4274],[124.904953,8.42512],[124.904732,8.42453],[124.904518,8.42325],[124.904411,8.42196],[124.904373,8.42052],[124.904152,8.41909],[124.905197,8.41652],[124.905746,8.41545],[124.907478,8.41313],[124.908607,8.41262],[124.909798,8.41282],[124.911522,8.41289],[124.912491,8.41184],[124.913292,8.41016],[124.913719,8.40841],[124.913307,8.407],[124.912651,8.406],[124.911507,8.40543],[124.910873,8.40522],[124.910339,8.40463],[124.910378,8.40382],[124.910957,8.40211],[124.911034,8.40086],[124.910507,8.39947],[124.910019,8.39915],[124.908867,8.39863],[124.908287,8.39775],[124.907623,8.39654],[124.9067,8.3957],[124.906067,8.39497],[124.905602,8.39434],[124.904968,8.39395],[124.903976,8.39407],[124.903023,8.39394],[124.902473,8.39362],[124.902069,8.39285],[124.900772,8.39092],[124.900162,8.39033],[124.898933,8.38858],[124.898643,8.38803],[124.898064,8.38651],[124.897758,8.38442],[124.897636,8.38367],[124.897263,8.3826],[124.896446,8.38158],[124.895851,8.38127],[124.894836,8.38118],[124.89296,8.38091],[124.892174,8.38053],[124.891403,8.38053],[124.890457,8.3806],[124.889687,8.38044],[124.888962,8.37986],[124.888283,8.37886],[124.887199,8.37727],[124.886383,8.37643],[124.885208,8.37612],[124.883904,8.37635],[124.882896,8.37655],[124.880814,8.37674],[124.880386,8.37663],[124.879173,8.37604],[124.86142,8.37956],[124.860497,8.38017],[124.860832,8.38079],[124.860977,8.38208],[124.86132,8.38387],[124.861359,8.3846],[124.861481,8.38637],[124.861313,8.38762],[124.861107,8.38828],[124.861649,8.38853],[124.862793,8.38827],[124.862999,8.38837],[124.862396,8.3893],[124.861847,8.39012],[124.861633,8.39075],[124.860924,8.39098],[124.861023,8.39176],[124.861267,8.39269],[124.861954,8.39368],[124.862259,8.39443],[124.861557,8.396],[124.862038,8.39711],[124.862534,8.398],[124.862396,8.39859],[124.862801,8.39943],[124.863678,8.40097],[124.864342,8.40203],[124.864632,8.40317],[124.864571,8.40419],[124.865196,8.40523],[124.865646,8.40655],[124.866119,8.4075],[124.86647,8.40814],[124.866829,8.40877],[124.866913,8.40982],[124.867683,8.41065],[124.868439,8.41195],[124.868919,8.41304],[124.868423,8.41456],[124.868477,8.4159],[124.869324,8.41694],[124.870216,8.41824],[124.870667,8.41921],[124.871773,8.41982],[124.872589,8.41994],[124.874237,8.42082],[124.874687,8.42109],[124.875633,8.42136],[124.876862,8.42154],[124.877472,8.42181],[124.878357,8.42204],[124.879761,8.42272],[124.880966,8.42367],[124.881729,8.4246],[124.882301,8.42569],[124.883713,8.42703],[124.88488,8.4281],[124.88649,8.42901],[124.88726,8.42921],[124.887947,8.4296],[124.889053,8.42978],[124.889847,8.42971],[124.889763,8.43039],[124.890862,8.43139],[124.892517,8.43103],[124.893547,8.43091],[124.89463,8.43168],[124.895821,8.43284],[124.896042,8.4335],[124.896561,8.435],[124.897949,8.43398],[124.898804,8.4333],[124.89975,8.43232],[124.901299,8.43072],[124.90242,8.42967],[124.903648,8.42865],[124.904663,8.4274]]]]}},{"type":"Feature","properties":{"ID_0":177,"ISO":"PHL","NAME_0":"Philippines","ID_1":10013,"NAME_1":"Bukidnon","ID_2":1001314,"NAME_2":"Manolo Fortich","ID_3":1001314011,"NAME_3":"Lunocan","NL_NAME_3":null,"VARNAME_3":null,"TYPE_3":"Barangay","ENGTYPE_3":"Village","PROVINCE":"Bukidnon","REGION":"Region X (Northern Mindanao)","id":"barangay-1001314011","name":"Lunocan","barangayCode":"1001314011","population":null,"formattedPop":null,"densityCategory":"No data","vulnerabilityRating":"No data","healthRiskLevel":"No data","areaKm2":26.619355,"centerLat":8.443987,"centerLng":124.841614,"geometrySource":"all_barangay-2.csv detailed WKT","geometryMatchMethod":"unique_official_admin_names","boundaryPointCount":206},"geometry":{"type":"MultiPolygon","coordinates":[[[[124.839439,8.49618],[124.839958,8.49545],[124.840408,8.49477],[124.841309,8.49326],[124.84256,8.49174],[124.844101,8.4904],[124.845047,8.48923],[124.84623,8.48762],[124.846848,8.48624],[124.849533,8.48195],[124.850739,8.48027],[124.852547,8.47929],[124.854477,8.47851],[124.856102,8.47839],[124.857536,8.47857],[124.858612,8.47861],[124.859673,8.47853],[124.860817,8.47772],[124.862137,8.47589],[124.862587,8.47288],[124.862396,8.47147],[124.863213,8.4691],[124.863777,8.4678],[124.864197,8.46655],[124.860107,8.46034],[124.85981,8.45987],[124.8601,8.45798],[124.860077,8.45731],[124.859383,8.45652],[124.859337,8.45624],[124.859421,8.45531],[124.859253,8.45431],[124.859451,8.4536],[124.859207,8.45217],[124.85862,8.4516],[124.858467,8.4508],[124.85807,8.45001],[124.857628,8.44953],[124.857224,8.4486],[124.857224,8.4478],[124.856972,8.44682],[124.856033,8.44521],[124.85569,8.44414],[124.855843,8.44228],[124.856003,8.44055],[124.855789,8.43919],[124.855591,8.43857],[124.85498,8.43714],[124.854713,8.4363],[124.854301,8.43481],[124.85408,8.43378],[124.854309,8.43335],[124.854591,8.43299],[124.85495,8.43192],[124.855217,8.43131],[124.855293,8.43051],[124.855347,8.42949],[124.8554,8.42822],[124.855408,8.42706],[124.855904,8.42606],[124.856667,8.42531],[124.856941,8.42385],[124.857002,8.4229],[124.856262,8.4212],[124.855637,8.42006],[124.854797,8.4185],[124.85437,8.41789],[124.85363,8.41659],[124.853363,8.41507],[124.852493,8.4143],[124.85186,8.41431],[124.851334,8.41417],[124.851479,8.41324],[124.851608,8.41258],[124.85157,8.41095],[124.851646,8.40945],[124.851357,8.408],[124.850952,8.40698],[124.849602,8.40426],[124.849213,8.40292],[124.848701,8.40156],[124.848053,8.40049],[124.847969,8.39977],[124.848,8.39866],[124.848068,8.39852],[124.847961,8.39852],[124.827797,8.39965],[124.828323,8.39995],[124.828613,8.40058],[124.828568,8.40106],[124.828949,8.40228],[124.829491,8.40282],[124.83007,8.40391],[124.831039,8.40525],[124.831459,8.40613],[124.831657,8.40781],[124.831909,8.40894],[124.832024,8.41173],[124.832397,8.41309],[124.831902,8.41388],[124.831627,8.41529],[124.831963,8.41577],[124.832283,8.41701],[124.832062,8.41838],[124.831734,8.41926],[124.830902,8.42076],[124.82988,8.42108],[124.82991,8.42178],[124.830223,8.42239],[124.830551,8.42321],[124.830627,8.4236],[124.830948,8.42502],[124.83049,8.4262],[124.83036,8.42716],[124.82972,8.42811],[124.829086,8.42974],[124.829033,8.43102],[124.828194,8.43217],[124.828323,8.43413],[124.828262,8.4371],[124.828209,8.43848],[124.828262,8.44114],[124.829521,8.4417],[124.829491,8.44284],[124.82901,8.44406],[124.829422,8.44529],[124.829727,8.44583],[124.829674,8.44681],[124.829712,8.44783],[124.83004,8.44856],[124.830368,8.44926],[124.830757,8.45044],[124.831284,8.45105],[124.83168,8.4521],[124.832039,8.45296],[124.832764,8.45346],[124.832909,8.45387],[124.832962,8.4548],[124.833229,8.45535],[124.833633,8.45576],[124.834244,8.45689],[124.834312,8.45778],[124.834297,8.45792],[124.83519,8.45873],[124.835114,8.45924],[124.834991,8.45931],[124.833923,8.4592],[124.833427,8.4592],[124.833099,8.45955],[124.833359,8.46019],[124.834579,8.46058],[124.835678,8.46085],[124.835831,8.46163],[124.835648,8.46237],[124.835808,8.46332],[124.835953,8.46322],[124.836411,8.46223],[124.83654,8.46172],[124.836861,8.46158],[124.837387,8.46153],[124.837761,8.4624],[124.838097,8.46381],[124.838348,8.46436],[124.838257,8.4648],[124.837898,8.4651],[124.837273,8.46601],[124.837479,8.46714],[124.837914,8.46804],[124.839127,8.46949],[124.839272,8.47048],[124.839218,8.47095],[124.838997,8.47185],[124.838928,8.47261],[124.839233,8.47363],[124.839188,8.47472],[124.839722,8.47493],[124.840637,8.47562],[124.840843,8.47636],[124.840759,8.47657],[124.840652,8.47653],[124.841003,8.47721],[124.840919,8.47845],[124.840843,8.47946],[124.839729,8.47933],[124.838387,8.47973],[124.837868,8.48127],[124.837372,8.48304],[124.837044,8.48413],[124.836617,8.48497],[124.836212,8.48662],[124.836563,8.48825],[124.835709,8.4883],[124.834938,8.48754],[124.834373,8.48708],[124.833504,8.48741],[124.832359,8.48839],[124.832161,8.48923],[124.832382,8.49077],[124.832428,8.49186],[124.83255,8.49242],[124.834503,8.49311],[124.835243,8.49322],[124.836166,8.49359],[124.836807,8.49438],[124.838173,8.49523],[124.839439,8.49618]]]]}},{"type":"Feature","properties":{"ID_0":177,"ISO":"PHL","NAME_0":"Philippines","ID_1":10013,"NAME_1":"Bukidnon","ID_2":1001314,"NAME_2":"Manolo Fortich","ID_3":1001314012,"NAME_3":"Maluko","NL_NAME_3":null,"VARNAME_3":null,"TYPE_3":"Barangay","ENGTYPE_3":"Village","PROVINCE":"Bukidnon","REGION":"Region X (Northern Mindanao)","id":"barangay-1001314012","name":"Maluko","barangayCode":"1001314012","population":null,"formattedPop":null,"densityCategory":"No data","vulnerabilityRating":"No data","healthRiskLevel":"No data","areaKm2":40.33086,"centerLat":8.402717,"centerLng":124.960978,"geometrySource":"all_barangay-2.csv detailed WKT","geometryMatchMethod":"unique_official_admin_names","boundaryPointCount":148},"geometry":{"type":"MultiPolygon","coordinates":[[[[124.986519,8.44426],[124.986427,8.44385],[124.986504,8.44343],[124.986099,8.44235],[124.985207,8.44109],[124.984077,8.43978],[124.983276,8.43827],[124.984383,8.43662],[124.985039,8.43576],[124.985313,8.43425],[124.985527,8.43157],[124.985413,8.42943],[124.985367,8.42842],[124.98468,8.42732],[124.983856,8.42697],[124.983276,8.42676],[124.982986,8.42599],[124.983704,8.42474],[124.985558,8.42264],[124.986343,8.42242],[124.98777,8.42152],[124.988113,8.42126],[124.989212,8.42051],[124.989967,8.41912],[124.991623,8.41833],[124.992683,8.41801],[124.993362,8.41727],[124.994202,8.41542],[124.995331,8.41483],[124.99675,8.41484],[124.999367,8.41506],[125.000038,8.41479],[125.001839,8.41288],[125.002563,8.41261],[125.004272,8.41237],[125.006157,8.41208],[125.006828,8.41206],[125.007828,8.41181],[125.002243,8.40709],[124.974564,8.38153],[124.974037,8.38143],[124.972893,8.38102],[124.972038,8.38043],[124.970833,8.37991],[124.96962,8.3804],[124.968933,8.38125],[124.968208,8.38168],[124.967087,8.38157],[124.966331,8.38193],[124.964897,8.3842],[124.96434,8.38553],[124.962967,8.38525],[124.961517,8.38426],[124.960922,8.38361],[124.959633,8.3818],[124.957901,8.37999],[124.957291,8.37896],[124.957512,8.37764],[124.959282,8.37547],[124.960129,8.37418],[124.960617,8.37223],[124.961288,8.37085],[124.961723,8.37038],[124.961113,8.3693],[124.959953,8.36883],[124.959457,8.36709],[124.959473,8.36551],[124.959877,8.36491],[124.961533,8.36473],[124.963333,8.36378],[124.96373,8.36306],[124.963867,8.36203],[124.963768,8.36156],[124.949417,8.35989],[124.946968,8.37008],[124.946426,8.37076],[124.946564,8.37134],[124.946373,8.3721],[124.946854,8.37284],[124.946838,8.37302],[124.946342,8.37372],[124.94651,8.37412],[124.946716,8.37478],[124.945618,8.3757],[124.94532,8.37605],[124.94577,8.37685],[124.94606,8.3776],[124.945549,8.37836],[124.945007,8.37919],[124.944351,8.38005],[124.943748,8.38118],[124.943192,8.38234],[124.942558,8.38388],[124.941406,8.38602],[124.939163,8.38697],[124.935478,8.38765],[124.933578,8.38788],[124.930901,8.38822],[124.929253,8.38883],[124.928123,8.38952],[124.927803,8.39041],[124.92794,8.39132],[124.928864,8.39266],[124.930893,8.39375],[124.933601,8.3945],[124.935173,8.39547],[124.935509,8.39692],[124.934792,8.39816],[124.932564,8.40036],[124.930237,8.40269],[124.929947,8.40386],[124.930809,8.406],[124.932518,8.40671],[124.933578,8.40637],[124.934593,8.40502],[124.935463,8.40452],[124.93779,8.40495],[124.938408,8.40543],[124.940933,8.40785],[124.941887,8.40901],[124.942993,8.4107],[124.944283,8.41249],[124.945068,8.4148],[124.945168,8.41627],[124.945801,8.41929],[124.9468,8.41986],[124.947693,8.42077],[124.948143,8.42106],[124.949867,8.42134],[124.950462,8.42196],[124.951698,8.42364],[124.952057,8.4247],[124.95266,8.42599],[124.954071,8.42751],[124.955009,8.42865],[124.95565,8.43005],[124.955589,8.43131],[124.95562,8.43147],[124.959167,8.43216],[124.962692,8.43372],[124.966438,8.43473],[124.969948,8.4361],[124.975151,8.4382],[124.978554,8.43949],[124.982368,8.44133],[124.984413,8.44254],[124.985809,8.44379],[124.986519,8.44426]]]]}},{"type":"Feature","properties":{"ID_0":177,"ISO":"PHL","NAME_0":"Philippines","ID_1":10013,"NAME_1":"Bukidnon","ID_2":1001314,"NAME_2":"Manolo Fortich","ID_3":1001314013,"NAME_3":"Mambatangan","NL_NAME_3":null,"VARNAME_3":null,"TYPE_3":"Barangay","ENGTYPE_3":"Village","PROVINCE":"Bukidnon","REGION":"Region X (Northern Mindanao)","id":"barangay-1001314013","name":"Mambatangan","barangayCode":"1001314013","population":null,"formattedPop":null,"densityCategory":"No data","vulnerabilityRating":"No data","healthRiskLevel":"No data","areaKm2":13.016443,"centerLat":8.479376,"centerLng":124.803149,"geometrySource":"all_barangay-2.csv detailed WKT","geometryMatchMethod":"unique_official_admin_names","boundaryPointCount":42},"geometry":{"type":"MultiPolygon","coordinates":[[[[124.83255,8.49242],[124.832428,8.49186],[124.832382,8.49077],[124.832161,8.48923],[124.832359,8.48839],[124.833504,8.48741],[124.834373,8.48708],[124.834938,8.48754],[124.835709,8.4883],[124.836563,8.48825],[124.836212,8.48662],[124.836617,8.48497],[124.837044,8.48413],[124.837372,8.48304],[124.837868,8.48127],[124.838387,8.47973],[124.839729,8.47933],[124.840843,8.47946],[124.840919,8.47845],[124.841003,8.47721],[124.840652,8.47653],[124.815132,8.46823],[124.814949,8.46872],[124.814827,8.46907],[124.814484,8.46932],[124.814163,8.46956],[124.813721,8.47097],[124.813629,8.47253],[124.813606,8.47354],[124.813698,8.47432],[124.814278,8.47604],[124.817459,8.48259],[124.82058,8.4906],[124.823471,8.49769],[124.82576,8.49679],[124.826309,8.49665],[124.827278,8.49609],[124.828018,8.49524],[124.828888,8.49486],[124.830238,8.4946],[124.830788,8.49439],[124.83255,8.49242]]]]}},{"type":"Feature","properties":{"ID_0":177,"ISO":"PHL","NAME_0":"Philippines","ID_1":10013,"NAME_1":"Bukidnon","ID_2":1001314,"NAME_2":"Manolo Fortich","ID_3":1001314014,"NAME_3":"Mampayag","NL_NAME_3":null,"VARNAME_3":null,"TYPE_3":"Barangay","ENGTYPE_3":"Village","PROVINCE":"Bukidnon","REGION":"Region X (Northern Mindanao)","id":"barangay-1001314014","name":"Mampayag","barangayCode":"1001314014","population":null,"formattedPop":null,"densityCategory":"No data","vulnerabilityRating":"No data","healthRiskLevel":"No data","areaKm2":5.976415,"centerLat":8.26691,"centerLng":124.832726,"geometrySource":"all_barangay-2.csv detailed WKT","geometryMatchMethod":"unique_official_admin_names","boundaryPointCount":71},"geometry":{"type":"MultiPolygon","coordinates":[[[[124.827164,8.27358],[124.837997,8.27696],[124.83802,8.27657],[124.838463,8.27611],[124.838158,8.27512],[124.838387,8.27448],[124.838577,8.27372],[124.838913,8.27271],[124.839638,8.27137],[124.840233,8.27015],[124.84005,8.26946],[124.839691,8.269],[124.839478,8.26854],[124.839897,8.26873],[124.840309,8.26829],[124.84021,8.26778],[124.840286,8.26718],[124.84021,8.26647],[124.840439,8.26594],[124.840759,8.26603],[124.841461,8.26587],[124.84182,8.2649],[124.841782,8.26375],[124.841652,8.26309],[124.841713,8.2618],[124.841614,8.26058],[124.841316,8.25978],[124.84166,8.25911],[124.841423,8.25856],[124.841423,8.25807],[124.841232,8.25734],[124.840828,8.25649],[124.840767,8.25566],[124.840607,8.25479],[124.840591,8.25369],[124.840843,8.25279],[124.841743,8.25101],[124.841682,8.25009],[124.841339,8.24915],[124.841454,8.24754],[124.842628,8.2462],[124.843224,8.24565],[124.844093,8.24479],[124.840973,8.24364],[124.840317,8.24437],[124.840202,8.24501],[124.839821,8.24602],[124.839523,8.24653],[124.838989,8.24757],[124.838722,8.24917],[124.839149,8.25022],[124.839523,8.25134],[124.839142,8.25325],[124.838898,8.2539],[124.838287,8.25515],[124.837357,8.25623],[124.836121,8.25746],[124.834389,8.25811],[124.833839,8.25855],[124.832451,8.2608],[124.831703,8.26229],[124.831131,8.26354],[124.829887,8.26501],[124.828949,8.26596],[124.828293,8.26701],[124.828346,8.26799],[124.828644,8.26873],[124.82917,8.27029],[124.82869,8.27183],[124.82798,8.27283],[124.827164,8.27358]]]]}},{"type":"Feature","properties":{"ID_0":177,"ISO":"PHL","NAME_0":"Philippines","ID_1":10013,"NAME_1":"Bukidnon","ID_2":1001314,"NAME_2":"Manolo Fortich","ID_3":1001314015,"NAME_3":"Minsuro","NL_NAME_3":null,"VARNAME_3":null,"TYPE_3":"Barangay","ENGTYPE_3":"Village","PROVINCE":"Bukidnon","REGION":"Region X (Northern Mindanao)","id":"barangay-1001314015","name":"Minsuro","barangayCode":"1001314015","population":null,"formattedPop":null,"densityCategory":"No data","vulnerabilityRating":"No data","healthRiskLevel":"No data","areaKm2":8.13654,"centerLat":8.504566,"centerLng":124.82619,"geometrySource":"all_barangay-2.csv detailed WKT","geometryMatchMethod":"unique_official_admin_names","boundaryPointCount":45},"geometry":{"type":"MultiPolygon","coordinates":[[[[124.823471,8.49769],[124.823837,8.49885],[124.827042,8.50645],[124.83139,8.51693],[124.835327,8.51605],[124.835648,8.51546],[124.836662,8.51371],[124.837593,8.51251],[124.838547,8.51096],[124.839073,8.50998],[124.84037,8.50801],[124.840897,8.50754],[124.842308,8.50723],[124.844467,8.5078],[124.845192,8.50801],[124.846573,8.5077],[124.847458,8.50681],[124.848442,8.50587],[124.849716,8.50474],[124.850616,8.50355],[124.851044,8.50198],[124.849838,8.50027],[124.848808,8.49971],[124.846573,8.49919],[124.844673,8.49897],[124.842667,8.49903],[124.840958,8.49899],[124.839607,8.49867],[124.838692,8.49807],[124.838753,8.49753],[124.839439,8.49618],[124.838173,8.49523],[124.836807,8.49438],[124.836166,8.49359],[124.835243,8.49322],[124.834503,8.49311],[124.83255,8.49242],[124.830788,8.49439],[124.830238,8.4946],[124.828888,8.49486],[124.828018,8.49524],[124.827278,8.49609],[124.826309,8.49665],[124.82576,8.49679],[124.823471,8.49769]]]]}},{"type":"Feature","properties":{"ID_0":177,"ISO":"PHL","NAME_0":"Philippines","ID_1":10013,"NAME_1":"Bukidnon","ID_2":1001314,"NAME_2":"Manolo Fortich","ID_3":1001314016,"NAME_3":"Mantibugao","NL_NAME_3":null,"VARNAME_3":null,"TYPE_3":"Barangay","ENGTYPE_3":"Village","PROVINCE":"Bukidnon","REGION":"Region X (Northern Mindanao)","id":"barangay-1001314016","name":"Mantibugao","barangayCode":"1001314016","population":null,"formattedPop":null,"densityCategory":"No data","vulnerabilityRating":"No data","healthRiskLevel":"No data","areaKm2":13.1368,"centerLat":8.466713,"centerLng":124.823754,"geometrySource":"all_barangay-2.csv detailed WKT","geometryMatchMethod":"unique_official_admin_names","boundaryPointCount":121},"geometry":{"type":"MultiPolygon","coordinates":[[[[124.840652,8.47653],[124.840759,8.47657],[124.840843,8.47636],[124.840637,8.47562],[124.839722,8.47493],[124.839188,8.47472],[124.839233,8.47363],[124.838928,8.47261],[124.838997,8.47185],[124.839218,8.47095],[124.839272,8.47048],[124.839127,8.46949],[124.837914,8.46804],[124.837479,8.46714],[124.837273,8.46601],[124.837898,8.4651],[124.838257,8.4648],[124.838348,8.46436],[124.838097,8.46381],[124.837761,8.4624],[124.837387,8.46153],[124.836861,8.46158],[124.83654,8.46172],[124.836411,8.46223],[124.835953,8.46322],[124.835808,8.46332],[124.835648,8.46237],[124.835831,8.46163],[124.835678,8.46085],[124.834579,8.46058],[124.833359,8.46019],[124.833099,8.45955],[124.833427,8.4592],[124.833923,8.4592],[124.834991,8.45931],[124.835114,8.45924],[124.83519,8.45873],[124.834297,8.45792],[124.834312,8.45778],[124.834244,8.45689],[124.833633,8.45576],[124.833229,8.45535],[124.832962,8.4548],[124.832909,8.45387],[124.832764,8.45346],[124.832039,8.45296],[124.83168,8.4521],[124.831284,8.45105],[124.830757,8.45044],[124.830368,8.44926],[124.83004,8.44856],[124.829712,8.44783],[124.829674,8.44681],[124.829727,8.44583],[124.829422,8.44529],[124.82901,8.44406],[124.829491,8.44284],[124.829521,8.4417],[124.828262,8.44114],[124.828209,8.43848],[124.828262,8.4371],[124.828323,8.43413],[124.828194,8.43217],[124.828003,8.43211],[124.82769,8.43149],[124.826874,8.42898],[124.826157,8.42826],[124.82457,8.42685],[124.823227,8.42575],[124.821793,8.42487],[124.819504,8.42358],[124.817719,8.42304],[124.817261,8.42338],[124.816757,8.42522],[124.816833,8.42625],[124.816994,8.42834],[124.817284,8.4302],[124.817772,8.43111],[124.818237,8.43276],[124.817917,8.43457],[124.817253,8.43581],[124.816811,8.43672],[124.816628,8.43801],[124.816727,8.43843],[124.81675,8.43848],[124.816879,8.439],[124.817436,8.43987],[124.81768,8.44027],[124.818283,8.44118],[124.818291,8.44202],[124.817879,8.44275],[124.818153,8.44351],[124.81855,8.44425],[124.81778,8.44481],[124.817383,8.4451],[124.816467,8.44552],[124.816223,8.44654],[124.816521,8.44756],[124.816544,8.44762],[124.816788,8.4485],[124.817703,8.45036],[124.817741,8.45088],[124.817772,8.45127],[124.817741,8.45161],[124.817703,8.45214],[124.81781,8.45486],[124.817543,8.4564],[124.816277,8.45739],[124.815887,8.45766],[124.815598,8.45787],[124.81514,8.45901],[124.81488,8.46002],[124.814636,8.46095],[124.814583,8.46269],[124.814529,8.46471],[124.814651,8.46506],[124.814842,8.46559],[124.814583,8.46638],[124.814751,8.46708],[124.815132,8.46823],[124.840652,8.47653]]]]}},{"type":"Feature","properties":{"ID_0":177,"ISO":"PHL","NAME_0":"Philippines","ID_1":10013,"NAME_1":"Bukidnon","ID_2":1001314,"NAME_2":"Manolo Fortich","ID_3":1001314017,"NAME_3":"Tankulan","NL_NAME_3":null,"VARNAME_3":null,"TYPE_3":"Barangay","ENGTYPE_3":"Village","PROVINCE":"Bukidnon","REGION":"Region X (Northern Mindanao)","id":"barangay-1001314017","name":"Tankulan","barangayCode":"1001314017","population":null,"formattedPop":null,"densityCategory":"No data","vulnerabilityRating":"No data","healthRiskLevel":"No data","areaKm2":10.929531,"centerLat":8.363382,"centerLng":124.866417,"geometrySource":"all_barangay-2.csv detailed WKT","geometryMatchMethod":"unique_official_admin_names","boundaryPointCount":57},"geometry":{"type":"MultiPolygon","coordinates":[[[[124.86142,8.37956],[124.879173,8.37604],[124.878304,8.37539],[124.877502,8.37441],[124.876892,8.3738],[124.875954,8.37283],[124.875504,8.37208],[124.874786,8.37063],[124.874428,8.36965],[124.874367,8.36885],[124.874474,8.36865],[124.87484,8.36819],[124.875267,8.36733],[124.875381,8.36719],[124.875351,8.36592],[124.875343,8.36465],[124.875679,8.36358],[124.876602,8.36257],[124.877411,8.36178],[124.878326,8.36046],[124.879173,8.35929],[124.879898,8.35824],[124.880318,8.35547],[124.880524,8.35504],[124.880211,8.35349],[124.879967,8.35238],[124.879646,8.35158],[124.879387,8.35059],[124.879097,8.34984],[124.878517,8.34831],[124.87812,8.34695],[124.877441,8.34632],[124.877083,8.3457],[124.877083,8.34432],[124.877457,8.34352],[124.859306,8.34594],[124.859627,8.34767],[124.85965,8.34964],[124.859863,8.35135],[124.859894,8.35285],[124.859482,8.35433],[124.859177,8.35633],[124.858818,8.35758],[124.858856,8.35948],[124.858368,8.36162],[124.858513,8.36471],[124.858597,8.36701],[124.858971,8.3693],[124.859154,8.37112],[124.859428,8.37364],[124.859833,8.37432],[124.860001,8.3747],[124.859863,8.37559],[124.86058,8.37697],[124.860977,8.37792],[124.861366,8.37847],[124.86142,8.37956]]]]}},{"type":"Feature","properties":{"ID_0":177,"ISO":"PHL","NAME_0":"Philippines","ID_1":10013,"NAME_1":"Bukidnon","ID_2":1001314,"NAME_2":"Manolo Fortich","ID_3":1001314018,"NAME_3":"San Miguel","NL_NAME_3":null,"VARNAME_3":null,"TYPE_3":"Barangay","ENGTYPE_3":"Village","PROVINCE":"Bukidnon","REGION":"Region X (Northern Mindanao)","id":"barangay-1001314018","name":"San Miguel","barangayCode":"1001314018","population":null,"formattedPop":null,"densityCategory":"No data","vulnerabilityRating":"No data","healthRiskLevel":"No data","areaKm2":11.197302,"centerLat":8.386783,"centerLng":124.836039,"geometrySource":"all_barangay-2.csv detailed WKT","geometryMatchMethod":"unique_official_admin_names","boundaryPointCount":58},"geometry":{"type":"MultiPolygon","coordinates":[[[[124.847961,8.39852],[124.84745,8.39686],[124.84758,8.39625],[124.846764,8.39528],[124.846649,8.39405],[124.846764,8.39205],[124.846336,8.39128],[124.8461,8.39044],[124.84623,8.3896],[124.845558,8.38793],[124.84494,8.38652],[124.845543,8.38606],[124.845284,8.3857],[124.84507,8.3853],[124.845238,8.38396],[124.84481,8.38314],[124.844803,8.38155],[124.84491,8.38067],[124.844727,8.37985],[124.844254,8.3784],[124.844193,8.37765],[124.844116,8.3771],[124.844437,8.37558],[124.844704,8.37456],[124.844933,8.3741],[124.844711,8.37315],[124.844833,8.37285],[124.844963,8.3717],[124.845284,8.36951],[124.844948,8.36799],[124.844597,8.36638],[124.843918,8.36582],[124.843239,8.36539],[124.843018,8.36442],[124.843239,8.36292],[124.842644,8.36126],[124.841911,8.36092],[124.840897,8.36043],[124.840569,8.35957],[124.840118,8.35896],[124.83802,8.36192],[124.834969,8.36609],[124.832573,8.36862],[124.831497,8.36939],[124.829201,8.37072],[124.826736,8.37234],[124.824989,8.37433],[124.823486,8.3761],[124.822166,8.37854],[124.820457,8.38215],[124.818497,8.38649],[124.817253,8.38797],[124.816513,8.39067],[124.816193,8.39156],[124.815018,8.39288],[124.814636,8.39383],[124.827797,8.39965],[124.847961,8.39852]]]]}},{"type":"Feature","properties":{"ID_0":177,"ISO":"PHL","NAME_0":"Philippines","ID_1":10013,"NAME_1":"Bukidnon","ID_2":1001314,"NAME_2":"Manolo Fortich","ID_3":1001314019,"NAME_3":"Sankanan","NL_NAME_3":null,"VARNAME_3":null,"TYPE_3":"Barangay","ENGTYPE_3":"Village","PROVINCE":"Bukidnon","REGION":"Region X (Northern Mindanao)","id":"barangay-1001314019","name":"Sankanan","barangayCode":"1001314019","population":null,"formattedPop":null,"densityCategory":"No data","vulnerabilityRating":"No data","healthRiskLevel":"No data","areaKm2":23.900006,"centerLat":8.32058,"centerLng":124.855055,"geometrySource":"all_barangay-2.csv detailed WKT","geometryMatchMethod":"unique_official_admin_names","boundaryPointCount":106},"geometry":{"type":"MultiPolygon","coordinates":[[[[124.859306,8.34594],[124.877457,8.34352],[124.877808,8.34208],[124.877983,8.34136],[124.877968,8.34045],[124.877251,8.33962],[124.876671,8.33923],[124.876549,8.33919],[124.875893,8.33875],[124.875053,8.33841],[124.874619,8.33823],[124.874138,8.33706],[124.873993,8.33628],[124.873444,8.33551],[124.872902,8.33526],[124.87236,8.33508],[124.872391,8.3342],[124.872864,8.33328],[124.872757,8.3325],[124.872963,8.33227],[124.873009,8.33103],[124.872711,8.33002],[124.872726,8.32865],[124.87281,8.32716],[124.873268,8.32562],[124.873383,8.32369],[124.87352,8.32238],[124.874023,8.32031],[124.87394,8.31935],[124.873901,8.3185],[124.873734,8.31747],[124.873161,8.31637],[124.873154,8.3154],[124.872627,8.31391],[124.872429,8.31251],[124.872322,8.31157],[124.871773,8.30935],[124.870461,8.30903],[124.870377,8.30873],[124.870163,8.30777],[124.869987,8.30717],[124.870819,8.30666],[124.870987,8.30604],[124.870667,8.30451],[124.870361,8.30416],[124.870567,8.30391],[124.871323,8.30354],[124.871223,8.30287],[124.870743,8.30209],[124.838348,8.30388],[124.831734,8.30674],[124.831017,8.30773],[124.830818,8.30851],[124.831001,8.30931],[124.831291,8.30995],[124.831329,8.31078],[124.831253,8.31193],[124.831619,8.31284],[124.83165,8.31333],[124.831779,8.31422],[124.832169,8.31475],[124.832512,8.31575],[124.832558,8.31594],[124.832207,8.31681],[124.832573,8.31757],[124.832703,8.31761],[124.833229,8.31848],[124.833344,8.31951],[124.833183,8.32082],[124.833572,8.32082],[124.834106,8.32068],[124.834351,8.32123],[124.834412,8.3223],[124.834663,8.32253],[124.835007,8.32315],[124.835022,8.32405],[124.835167,8.3254],[124.835373,8.32668],[124.835472,8.32829],[124.83551,8.32907],[124.835693,8.32991],[124.836273,8.33113],[124.836731,8.33197],[124.836807,8.33255],[124.837158,8.33284],[124.837349,8.33312],[124.837013,8.33355],[124.836647,8.33418],[124.837471,8.33451],[124.838074,8.33502],[124.838043,8.33527],[124.837883,8.33616],[124.83783,8.33752],[124.837952,8.33821],[124.837303,8.33963],[124.837708,8.34027],[124.83873,8.34137],[124.839783,8.34267],[124.84021,8.3434],[124.840248,8.34425],[124.839813,8.34608],[124.839867,8.34675],[124.840309,8.34736],[124.840988,8.34784],[124.839882,8.34885],[124.859306,8.34594]]]]}},{"type":"Feature","properties":{"ID_0":177,"ISO":"PHL","NAME_0":"Philippines","ID_1":10013,"NAME_1":"Bukidnon","ID_2":1001314,"NAME_2":"Manolo Fortich","ID_3":1001314020,"NAME_3":"Santiago","NL_NAME_3":null,"VARNAME_3":null,"TYPE_3":"Barangay","ENGTYPE_3":"Village","PROVINCE":"Bukidnon","REGION":"Region X (Northern Mindanao)","id":"barangay-1001314020","name":"Santiago","barangayCode":"1001314020","population":null,"formattedPop":null,"densityCategory":"No data","vulnerabilityRating":"No data","healthRiskLevel":"No data","areaKm2":13.662781,"centerLat":8.433172,"centerLng":125.003329,"geometrySource":"all_barangay-2.csv detailed WKT","geometryMatchMethod":"unique_official_admin_names","boundaryPointCount":53},"geometry":{"type":"MultiPolygon","coordinates":[[[[125.003532,8.45208],[125.028107,8.43121],[125.007828,8.41181],[125.006828,8.41206],[125.006157,8.41208],[125.004272,8.41237],[125.002563,8.41261],[125.001839,8.41288],[125.000038,8.41479],[124.999367,8.41506],[124.99675,8.41484],[124.995331,8.41483],[124.994202,8.41542],[124.993362,8.41727],[124.992683,8.41801],[124.991623,8.41833],[124.989967,8.41912],[124.989212,8.42051],[124.988113,8.42126],[124.98777,8.42152],[124.986343,8.42242],[124.985558,8.42264],[124.983704,8.42474],[124.982986,8.42599],[124.983276,8.42676],[124.983856,8.42697],[124.98468,8.42732],[124.985367,8.42842],[124.985413,8.42943],[124.985527,8.43157],[124.985313,8.43425],[124.985039,8.43576],[124.984383,8.43662],[124.983276,8.43827],[124.984077,8.43978],[124.985207,8.44109],[124.986099,8.44235],[124.986504,8.44343],[124.986427,8.44385],[124.986519,8.44426],[124.988197,8.44514],[124.989479,8.44557],[124.990883,8.44535],[124.992851,8.4443],[124.994339,8.44393],[124.996384,8.44446],[124.997253,8.44551],[124.997643,8.44695],[124.99823,8.4481],[124.999352,8.44931],[125.000633,8.45034],[125.002434,8.45133],[125.003532,8.45208]]]]}},{"type":"Feature","properties":{"ID_0":177,"ISO":"PHL","NAME_0":"Philippines","ID_1":10013,"NAME_1":"Bukidnon","ID_2":1001314,"NAME_2":"Manolo Fortich","ID_3":1001314021,"NAME_3":"Santo Niño","NL_NAME_3":null,"VARNAME_3":"Santo Nino","TYPE_3":"Barangay","ENGTYPE_3":"Village","PROVINCE":"Bukidnon","REGION":"Region X (Northern Mindanao)","id":"barangay-1001314021","name":"Santo Niño","barangayCode":"1001314021","population":null,"formattedPop":null,"densityCategory":"No data","vulnerabilityRating":"No data","healthRiskLevel":"No data","areaKm2":14.910926,"centerLat":8.433574,"centerLng":124.865204,"geometrySource":"all_barangay-2.csv detailed WKT","geometryMatchMethod":"unique_official_admin_names","boundaryPointCount":184},"geometry":{"type":"MultiPolygon","coordinates":[[[[124.896561,8.435],[124.896042,8.4335],[124.895821,8.43284],[124.89463,8.43168],[124.893547,8.43091],[124.892517,8.43103],[124.890862,8.43139],[124.889763,8.43039],[124.889847,8.42971],[124.889053,8.42978],[124.887947,8.4296],[124.88726,8.42921],[124.88649,8.42901],[124.88488,8.4281],[124.883713,8.42703],[124.882301,8.42569],[124.881729,8.4246],[124.880966,8.42367],[124.879761,8.42272],[124.878357,8.42204],[124.877472,8.42181],[124.876862,8.42154],[124.875633,8.42136],[124.874687,8.42109],[124.874237,8.42082],[124.872589,8.41994],[124.871773,8.41982],[124.870667,8.41921],[124.870216,8.41824],[124.869324,8.41694],[124.868477,8.4159],[124.868423,8.41456],[124.868919,8.41304],[124.868439,8.41195],[124.867683,8.41065],[124.866913,8.40982],[124.866829,8.40877],[124.86647,8.40814],[124.866119,8.4075],[124.865646,8.40655],[124.865196,8.40523],[124.864571,8.40419],[124.864632,8.40317],[124.864342,8.40203],[124.863678,8.40097],[124.862801,8.39943],[124.862396,8.39859],[124.862534,8.398],[124.862038,8.39711],[124.861557,8.396],[124.862259,8.39443],[124.861954,8.39368],[124.861267,8.39269],[124.861023,8.39176],[124.860924,8.39098],[124.861633,8.39075],[124.861847,8.39012],[124.862396,8.3893],[124.862999,8.38837],[124.862793,8.38827],[124.861649,8.38853],[124.861107,8.38828],[124.861313,8.38762],[124.861481,8.38637],[124.861359,8.3846],[124.86132,8.38387],[124.860977,8.38208],[124.860832,8.38079],[124.860497,8.38017],[124.844803,8.38155],[124.84481,8.38314],[124.845238,8.38396],[124.84507,8.3853],[124.845284,8.3857],[124.845543,8.38606],[124.84494,8.38652],[124.845558,8.38793],[124.84623,8.3896],[124.8461,8.39044],[124.846336,8.39128],[124.846764,8.39205],[124.846649,8.39405],[124.846764,8.39528],[124.84758,8.39625],[124.84745,8.39686],[124.847961,8.39852],[124.848068,8.39852],[124.848,8.39866],[124.847969,8.39977],[124.848053,8.40049],[124.848701,8.40156],[124.849213,8.40292],[124.849602,8.40426],[124.850952,8.40698],[124.851357,8.408],[124.851646,8.40945],[124.85157,8.41095],[124.851608,8.41258],[124.851479,8.41324],[124.851334,8.41417],[124.85186,8.41431],[124.852493,8.4143],[124.853363,8.41507],[124.85363,8.41659],[124.85437,8.41789],[124.854797,8.4185],[124.855637,8.42006],[124.856262,8.4212],[124.857002,8.4229],[124.856941,8.42385],[124.856667,8.42531],[124.855904,8.42606],[124.855408,8.42706],[124.8554,8.42822],[124.855347,8.42949],[124.855293,8.43051],[124.855217,8.43131],[124.85495,8.43192],[124.854591,8.43299],[124.854309,8.43335],[124.85408,8.43378],[124.854301,8.43481],[124.854713,8.4363],[124.85498,8.43714],[124.855591,8.43857],[124.855789,8.43919],[124.856003,8.44055],[124.855843,8.44228],[124.85569,8.44414],[124.856033,8.44521],[124.856972,8.44682],[124.857224,8.4478],[124.857224,8.4486],[124.857628,8.44953],[124.85807,8.45001],[124.858467,8.4508],[124.85862,8.4516],[124.859207,8.45217],[124.859451,8.4536],[124.859253,8.45431],[124.859421,8.45531],[124.859337,8.45624],[124.859383,8.45652],[124.860077,8.45731],[124.8601,8.45798],[124.85981,8.45987],[124.860107,8.46034],[124.864197,8.46655],[124.866127,8.4658],[124.867088,8.46515],[124.868896,8.46521],[124.869713,8.46629],[124.870041,8.46666],[124.871719,8.4669],[124.872841,8.46604],[124.873497,8.46488],[124.873154,8.46167],[124.873039,8.46089],[124.872643,8.45882],[124.872238,8.45686],[124.871223,8.45378],[124.870758,8.45189],[124.870689,8.44991],[124.870827,8.44909],[124.871834,8.44656],[124.873322,8.44508],[124.874298,8.44465],[124.87635,8.44554],[124.8778,8.44679],[124.88002,8.44863],[124.880836,8.4492],[124.881844,8.44893],[124.88311,8.44786],[124.884117,8.44669],[124.885139,8.44496],[124.885841,8.44316],[124.886597,8.44157],[124.888069,8.43979],[124.888947,8.43895],[124.889732,8.43831],[124.892014,8.43681],[124.893532,8.43619],[124.895012,8.43567],[124.896561,8.435]]]]}},{"type":"Feature","properties":{"ID_0":177,"ISO":"PHL","NAME_0":"Philippines","ID_1":10013,"NAME_1":"Bukidnon","ID_2":1001314,"NAME_2":"Manolo Fortich","ID_3":1001314023,"NAME_3":"Ticala","NL_NAME_3":null,"VARNAME_3":null,"TYPE_3":"Barangay","ENGTYPE_3":"Village","PROVINCE":"Bukidnon","REGION":"Region X (Northern Mindanao)","id":"barangay-1001314023","name":"Ticala","barangayCode":"1001314023","population":null,"formattedPop":null,"densityCategory":"No data","vulnerabilityRating":"No data","healthRiskLevel":"No data","areaKm2":16.34124,"centerLat":8.318321,"centerLng":124.884389,"geometrySource":"all_barangay-2.csv detailed WKT","geometryMatchMethod":"unique_official_admin_names","boundaryPointCount":143},"geometry":{"type":"MultiPolygon","coordinates":[[[[124.884087,8.35334],[124.885727,8.35274],[124.88726,8.35223],[124.888634,8.35174],[124.889679,8.35195],[124.891548,8.35086],[124.892487,8.35019],[124.893082,8.34971],[124.893913,8.34904],[124.895416,8.3489],[124.896568,8.34793],[124.897873,8.34644],[124.897743,8.34561],[124.89679,8.34419],[124.897408,8.34322],[124.897346,8.3413],[124.897858,8.3398],[124.898483,8.33835],[124.898468,8.3361],[124.897972,8.33409],[124.897667,8.33253],[124.896912,8.3298],[124.897552,8.32913],[124.897629,8.32849],[124.897079,8.32798],[124.896233,8.32686],[124.896477,8.32551],[124.896278,8.32418],[124.895599,8.32399],[124.894836,8.32439],[124.89447,8.32439],[124.893944,8.32258],[124.893028,8.32152],[124.892937,8.32086],[124.89328,8.3201],[124.892616,8.31948],[124.892189,8.31882],[124.892853,8.31856],[124.893578,8.31831],[124.893631,8.31755],[124.893402,8.31631],[124.892906,8.31594],[124.891724,8.3156],[124.891098,8.31494],[124.89064,8.3137],[124.891243,8.31179],[124.890106,8.31166],[124.888603,8.31123],[124.887939,8.30953],[124.887711,8.30832],[124.887581,8.30763],[124.888031,8.30629],[124.887741,8.3045],[124.887497,8.30388],[124.887009,8.30253],[124.887207,8.30138],[124.888283,8.30044],[124.888924,8.29951],[124.888634,8.29901],[124.887947,8.29876],[124.887604,8.29777],[124.887497,8.29699],[124.887207,8.29614],[124.888123,8.29589],[124.888786,8.29531],[124.888687,8.29418],[124.888962,8.29333],[124.888672,8.29262],[124.887939,8.29207],[124.870491,8.29334],[124.870178,8.29404],[124.869812,8.2947],[124.869751,8.29548],[124.871353,8.29596],[124.871643,8.29649],[124.871391,8.29738],[124.871399,8.29782],[124.870949,8.29883],[124.870697,8.2998],[124.870163,8.30014],[124.870117,8.30079],[124.870743,8.30209],[124.871223,8.30287],[124.871323,8.30354],[124.870567,8.30391],[124.870361,8.30416],[124.870667,8.30451],[124.870987,8.30604],[124.870819,8.30666],[124.869987,8.30717],[124.870163,8.30777],[124.870377,8.30873],[124.870461,8.30903],[124.871773,8.30935],[124.872322,8.31157],[124.872429,8.31251],[124.872627,8.31391],[124.873154,8.3154],[124.873161,8.31637],[124.873734,8.31747],[124.873901,8.3185],[124.87394,8.31935],[124.874023,8.32031],[124.87352,8.32238],[124.873383,8.32369],[124.873268,8.32562],[124.87281,8.32716],[124.872726,8.32865],[124.872711,8.33002],[124.873009,8.33103],[124.872963,8.33227],[124.872757,8.3325],[124.872864,8.33328],[124.872391,8.3342],[124.87236,8.33508],[124.872902,8.33526],[124.873444,8.33551],[124.873993,8.33628],[124.874138,8.33706],[124.874619,8.33823],[124.875053,8.33841],[124.875893,8.33875],[124.876549,8.33919],[124.876671,8.33923],[124.877251,8.33962],[124.877968,8.34045],[124.877983,8.34136],[124.877808,8.34208],[124.877457,8.34352],[124.877083,8.34432],[124.877083,8.3457],[124.877441,8.34632],[124.87812,8.34695],[124.878517,8.34831],[124.879097,8.34984],[124.879387,8.35059],[124.879646,8.35158],[124.879967,8.35238],[124.880211,8.35349],[124.881317,8.35359],[124.882172,8.3534],[124.883148,8.35355],[124.884087,8.35334]]]]}},{"type":"Feature","properties":{"ID_0":177,"ISO":"PHL","NAME_0":"Philippines","ID_1":10013,"NAME_1":"Bukidnon","ID_2":1001315,"NAME_2":"Maramag","ID_3":1001315001,"NAME_3":"Anahawon","NL_NAME_3":null,"VARNAME_3":null,"TYPE_3":"Barangay","ENGTYPE_3":"Village","PROVINCE":"Bukidnon","REGION":"Region X (Northern Mindanao)","id":"barangay-1001315001","name":"Anahawon","barangayCode":"1001315001","population":null,"formattedPop":null,"densityCategory":"No data","vulnerabilityRating":"No data","healthRiskLevel":"No data","areaKm2":5.621199,"centerLat":7.783707,"centerLng":125.005577,"geometrySource":"all_barangay-2.csv detailed WKT","geometryMatchMethod":"unique_official_admin_names","boundaryPointCount":26},"geometry":{"type":"MultiPolygon","coordinates":[[[[125.023598,7.78064],[125.022751,7.77997],[125.021721,7.7787],[125.021957,7.77784],[125.022881,7.77629],[125.024529,7.77423],[125.025543,7.77261],[125.007309,7.77532],[125.006241,7.77487],[125.005623,7.77379],[125.00499,7.77178],[125.003906,7.76966],[125.001823,7.76739],[124.999313,7.76658],[124.996986,7.76646],[124.995171,7.76682],[124.994148,7.76727],[124.992844,7.7687],[124.99189,7.77025],[124.990623,7.77175],[124.989777,7.77318],[124.989029,7.77445],[124.993584,7.78642],[124.993591,7.79966],[125.016197,7.78131],[125.023598,7.78064]]]]}},{"type":"Feature","properties":{"ID_0":177,"ISO":"PHL","NAME_0":"Philippines","ID_1":10013,"NAME_1":"Bukidnon","ID_2":1001315,"NAME_2":"Maramag","ID_3":1001315002,"NAME_3":"Base Camp","NL_NAME_3":null,"VARNAME_3":null,"TYPE_3":"Barangay","ENGTYPE_3":"Village","PROVINCE":"Bukidnon","REGION":"Region X (Northern Mindanao)","id":"barangay-1001315002","name":"Base Camp","barangayCode":"1001315002","population":null,"formattedPop":null,"densityCategory":"No data","vulnerabilityRating":"No data","healthRiskLevel":"No data","areaKm2":29.848269,"centerLat":7.76424,"centerLng":124.970251,"geometrySource":"all_barangay-2.csv detailed WKT","geometryMatchMethod":"unique_official_admin_names","boundaryPointCount":25},"geometry":{"type":"MultiPolygon","coordinates":[[[[124.994263,7.80401],[124.993591,7.79966],[124.993584,7.78642],[124.989029,7.77445],[124.987907,7.77004],[124.984993,7.76276],[124.983994,7.75873],[124.982613,7.75555],[124.98217,7.73845],[124.981697,7.72795],[124.981071,7.7283],[124.979279,7.72836],[124.964432,7.73073],[124.944923,7.73378],[124.956932,7.7757],[124.957687,7.77916],[124.959007,7.78373],[124.958961,7.78945],[124.960854,7.79738],[124.961746,7.80182],[124.9618,7.80619],[124.961342,7.80886],[124.960876,7.81075],[124.963173,7.82103],[124.994263,7.80401]]]]}},{"type":"Feature","properties":{"ID_0":177,"ISO":"PHL","NAME_0":"Philippines","ID_1":10013,"NAME_1":"Bukidnon","ID_2":1001315,"NAME_2":"Maramag","ID_3":1001315003,"NAME_3":"Bayabason","NL_NAME_3":null,"VARNAME_3":null,"TYPE_3":"Barangay","ENGTYPE_3":"Village","PROVINCE":"Bukidnon","REGION":"Region X (Northern Mindanao)","id":"barangay-1001315003","name":"Bayabason","barangayCode":"1001315003","population":null,"formattedPop":null,"densityCategory":"No data","vulnerabilityRating":"No data","healthRiskLevel":"No data","areaKm2":7.735869,"centerLat":7.8286,"centerLng":125.014142,"geometrySource":"all_barangay-2.csv detailed WKT","geometryMatchMethod":"unique_official_admin_names","boundaryPointCount":52},"geometry":{"type":"MultiPolygon","coordinates":[[[[125.003883,7.85007],[125.014427,7.85043],[125.019539,7.83616],[125.025284,7.82996],[125.027206,7.8247],[125.036537,7.81929],[125.034973,7.81933],[125.033249,7.81906],[125.031288,7.81824],[125.030457,7.81743],[125.030258,7.81515],[125.030952,7.81312],[125.032227,7.81139],[125.034431,7.80902],[125.035156,7.80791],[125.034843,7.80724],[125.034271,7.80711],[125.033928,7.80639],[125.033348,7.80642],[125.031517,7.80636],[125.030746,7.80597],[125.030273,7.80544],[125.029427,7.80561],[125.028137,7.80578],[125.027199,7.80647],[125.027687,7.80856],[125.028069,7.80958],[125.028198,7.81075],[125.026619,7.81088],[125.025787,7.81086],[125.023987,7.81157],[125.022728,7.812],[125.020737,7.81183],[125.019562,7.81159],[125.017548,7.81102],[125.016151,7.81153],[125.014847,7.81184],[125.014214,7.8128],[125.012711,7.81461],[125.011398,7.81562],[125.010338,7.81744],[125.010094,7.81919],[125.008057,7.81944],[125.006493,7.81869],[125.005508,7.81807],[125.003937,7.81867],[125.002861,7.82012],[125.00161,7.82022],[125.000633,7.81977],[124.999313,7.81847],[124.997879,7.81935],[125.003883,7.85007]]]]}},{"type":"Feature","properties":{"ID_0":177,"ISO":"PHL","NAME_0":"Philippines","ID_1":10013,"NAME_1":"Bukidnon","ID_2":1001315,"NAME_2":"Maramag","ID_3":1001315004,"NAME_3":"Camp I","NL_NAME_3":null,"VARNAME_3":null,"TYPE_3":"Barangay","ENGTYPE_3":"Village","PROVINCE":"Bukidnon","REGION":"Region X (Northern Mindanao)","id":"barangay-1001315004","name":"Camp I","barangayCode":"1001315004","population":null,"formattedPop":null,"densityCategory":"No data","vulnerabilityRating":"No data","healthRiskLevel":"No data","areaKm2":13.678377,"centerLat":7.722362,"centerLng":125.010686,"geometrySource":"all_barangay-2.csv detailed WKT","geometryMatchMethod":"unique_official_admin_names","boundaryPointCount":79},"geometry":{"type":"MultiPolygon","coordinates":[[[[124.98217,7.73845],[125.000893,7.73298],[125.021683,7.7337],[125.024727,7.73353],[125.026657,7.73372],[125.028374,7.7334],[125.029373,7.73213],[125.029068,7.73086],[125.02861,7.72978],[125.027802,7.7281],[125.027496,7.72723],[125.027802,7.72582],[125.028732,7.72479],[125.029114,7.72439],[125.028664,7.72262],[125.025787,7.71946],[125.025482,7.71821],[125.025093,7.71691],[125.025833,7.71498],[125.028091,7.71332],[125.029823,7.71131],[125.029984,7.70865],[125.029633,7.70688],[125.029709,7.70476],[125.030281,7.70406],[125.03244,7.70395],[125.032539,7.70348],[125.033096,7.70141],[125.03466,7.6994],[125.033203,7.69961],[125.031258,7.69917],[125.029266,7.69868],[125.028618,7.69916],[125.028381,7.69967],[125.027618,7.70034],[125.027199,7.69984],[125.027077,7.69906],[125.026733,7.69844],[125.025436,7.69833],[125.024246,7.69864],[125.022179,7.69923],[125.02153,7.69933],[125.019638,7.69891],[125.019447,7.69808],[125.019493,7.69647],[125.019211,7.69606],[125.018608,7.69595],[125.0177,7.69611],[125.016296,7.69691],[125.015503,7.69751],[125.014816,7.69811],[125.014481,7.6986],[125.013237,7.70156],[125.013107,7.70273],[125.01268,7.70368],[125.012009,7.70384],[125.011513,7.70422],[125.011848,7.70456],[125.010986,7.70638],[125.010002,7.70729],[125.007294,7.7094],[125.006172,7.71066],[125.004623,7.71311],[125.003822,7.7144],[125.001877,7.71654],[124.99939,7.71741],[124.997917,7.7174],[124.995819,7.71757],[124.994278,7.71781],[124.99276,7.71743],[124.991432,7.71728],[124.989769,7.71796],[124.98851,7.71896],[124.986252,7.72147],[124.985107,7.7233],[124.984268,7.72496],[124.982964,7.72683],[124.981697,7.72795],[124.98217,7.73845]]]]}},{"type":"Feature","properties":{"ID_0":177,"ISO":"PHL","NAME_0":"Philippines","ID_1":10013,"NAME_1":"Bukidnon","ID_2":1001315,"NAME_2":"Maramag","ID_3":1001315005,"NAME_3":"Colambugan","NL_NAME_3":null,"VARNAME_3":null,"TYPE_3":"Barangay","ENGTYPE_3":"Village","PROVINCE":"Bukidnon","REGION":"Region X (Northern Mindanao)","id":"barangay-1001315005","name":"Colambugan","barangayCode":"1001315005","population":null,"formattedPop":null,"densityCategory":"No data","vulnerabilityRating":"No data","healthRiskLevel":"No data","areaKm2":11.730925,"centerLat":7.81146,"centerLng":124.918901,"geometrySource":"all_barangay-2.csv detailed WKT","geometryMatchMethod":"unique_official_admin_names","boundaryPointCount":6},"geometry":{"type":"MultiPolygon","coordinates":[[[[124.940849,7.84455],[124.92585,7.78704],[124.90937,7.80119],[124.908836,7.8204],[124.919052,7.84725],[124.940849,7.84455]]]]}},{"type":"Feature","properties":{"ID_0":177,"ISO":"PHL","NAME_0":"Philippines","ID_1":10013,"NAME_1":"Bukidnon","ID_2":1001315,"NAME_2":"Maramag","ID_3":1001315006,"NAME_3":"Dagumba-an","NL_NAME_3":null,"VARNAME_3":null,"TYPE_3":"Barangay","ENGTYPE_3":"Village","PROVINCE":"Bukidnon","REGION":"Region X (Northern Mindanao)","id":"barangay-1001315006","name":"Dagumba-an","barangayCode":"1001315006","population":null,"formattedPop":null,"densityCategory":"No data","vulnerabilityRating":"No data","healthRiskLevel":"No data","areaKm2":26.979351,"centerLat":7.855882,"centerLng":124.933871,"geometrySource":"all_barangay-2.csv detailed WKT","geometryMatchMethod":"unique_official_admin_names","boundaryPointCount":29},"geometry":{"type":"MultiPolygon","coordinates":[[[[124.923607,7.87613],[124.939163,7.87625],[124.949753,7.87685],[124.948639,7.8727],[124.948647,7.87003],[124.949051,7.86839],[124.950317,7.86354],[124.951927,7.85729],[124.953217,7.85349],[124.954536,7.84857],[124.940849,7.84455],[124.919052,7.84725],[124.919952,7.84821],[124.92215,7.85101],[124.922882,7.85295],[124.923737,7.85551],[124.925003,7.85934],[124.925949,7.86145],[124.928047,7.86494],[124.928391,7.86592],[124.928177,7.86651],[124.926292,7.86709],[124.925323,7.8679],[124.923462,7.87003],[124.921951,7.87213],[124.921547,7.87392],[124.921463,7.87488],[124.921898,7.87539],[124.923607,7.87613]]]]}},{"type":"Feature","properties":{"ID_0":177,"ISO":"PHL","NAME_0":"Philippines","ID_1":10013,"NAME_1":"Bukidnon","ID_2":1001315,"NAME_2":"Maramag","ID_3":1001315007,"NAME_3":"Danggawan","NL_NAME_3":null,"VARNAME_3":null,"TYPE_3":"Barangay","ENGTYPE_3":"Village","PROVINCE":"Bukidnon","REGION":"Region X (Northern Mindanao)","id":"barangay-1001315007","name":"Danggawan","barangayCode":"1001315007","population":null,"formattedPop":null,"densityCategory":"No data","vulnerabilityRating":"No data","healthRiskLevel":"No data","areaKm2":14.784495,"centerLat":7.775946,"centerLng":124.906199,"geometrySource":"all_barangay-2.csv detailed WKT","geometryMatchMethod":"unique_official_admin_names","boundaryPointCount":35},"geometry":{"type":"MultiPolygon","coordinates":[[[[124.92585,7.78704],[124.926071,7.78545],[124.926071,7.78393],[124.925789,7.78201],[124.92672,7.77978],[124.928238,7.77601],[124.929321,7.77174],[124.929123,7.77015],[124.904709,7.74123],[124.904083,7.74248],[124.903664,7.74356],[124.903481,7.74419],[124.902733,7.7459],[124.901909,7.74683],[124.900459,7.74845],[124.900139,7.74926],[124.900162,7.74988],[124.898987,7.75144],[124.898697,7.75165],[124.897568,7.75244],[124.89724,7.75281],[124.89669,7.7539],[124.895798,7.75497],[124.894653,7.75608],[124.894279,7.75671],[124.893158,7.75775],[124.891907,7.75857],[124.890961,7.75934],[124.890518,7.76052],[124.88945,7.76327],[124.888863,7.76447],[124.887512,7.76674],[124.886559,7.76818],[124.90937,7.80119],[124.92585,7.78704]]]]}},{"type":"Feature","properties":{"ID_0":177,"ISO":"PHL","NAME_0":"Philippines","ID_1":10013,"NAME_1":"Bukidnon","ID_2":1001315,"NAME_2":"Maramag","ID_3":1001315008,"NAME_3":"Dologon","NL_NAME_3":null,"VARNAME_3":null,"TYPE_3":"Barangay","ENGTYPE_3":"Village","PROVINCE":"Bukidnon","REGION":"Region X (Northern Mindanao)","id":"barangay-1001315008","name":"Dologon","barangayCode":"1001315008","population":null,"formattedPop":null,"densityCategory":"No data","vulnerabilityRating":"No data","healthRiskLevel":"No data","areaKm2":33.273843,"centerLat":7.849043,"centerLng":125.05514,"geometrySource":"all_barangay-2.csv detailed WKT","geometryMatchMethod":"unique_official_admin_names","boundaryPointCount":111},"geometry":{"type":"MultiPolygon","coordinates":[[[[125.039032,7.88007],[125.062157,7.88284],[125.070442,7.88445],[125.071457,7.88392],[125.072121,7.88272],[125.072838,7.88206],[125.073792,7.88161],[125.074867,7.88169],[125.07534,7.88063],[125.07547,7.88004],[125.076729,7.87934],[125.077377,7.87842],[125.079086,7.87769],[125.079933,7.87725],[125.080788,7.87727],[125.081543,7.87628],[125.082237,7.87634],[125.082428,7.87574],[125.082733,7.87528],[125.083214,7.87433],[125.083023,7.87316],[125.083717,7.87238],[125.084427,7.87172],[125.08506,7.86892],[125.08596,7.86846],[125.086433,7.86779],[125.087517,7.86685],[125.088371,7.86491],[125.088783,7.86307],[125.089607,7.86153],[125.090088,7.85982],[125.09034,7.85789],[125.089943,7.85558],[125.088837,7.85403],[125.086746,7.85238],[125.085037,7.85119],[125.084869,7.8498],[125.085938,7.84868],[125.088142,7.8478],[125.089394,7.84664],[125.089546,7.84471],[125.089394,7.84401],[125.088173,7.84322],[125.087318,7.84273],[125.086243,7.84319],[125.084534,7.84447],[125.082169,7.8453],[125.080719,7.84428],[125.080147,7.84148],[125.080467,7.83917],[125.081169,7.83684],[125.081047,7.83426],[125.080856,7.83195],[125.080727,7.83038],[125.081978,7.82923],[125.084961,7.82923],[125.087044,7.82923],[125.088242,7.82828],[125.088959,7.82821],[125.090218,7.8281],[125.087303,7.82592],[125.086098,7.82554],[125.084801,7.82545],[125.083412,7.82523],[125.081589,7.82408],[125.080994,7.82332],[125.080017,7.82179],[125.079536,7.82114],[125.078239,7.81952],[125.077652,7.81837],[125.078331,7.81713],[125.079117,7.81782],[125.080566,7.81855],[125.081497,7.81843],[125.081688,7.81775],[125.08049,7.8169],[125.078003,7.81594],[125.076797,7.81511],[125.075783,7.81379],[125.075027,7.81333],[125.073883,7.8119],[125.072678,7.81091],[125.071762,7.8101],[125.070923,7.80899],[125.070183,7.8083],[125.06987,7.80788],[125.068901,7.80707],[125.068352,7.80694],[125.065773,7.80761],[125.064339,7.80867],[125.0634,7.80961],[125.0616,7.81112],[125.060593,7.81182],[125.059097,7.81284],[125.057961,7.81336],[125.05587,7.81391],[125.054443,7.81462],[125.051247,7.81639],[125.048813,7.81716],[125.047318,7.81773],[125.045311,7.81882],[125.042877,7.82024],[125.041229,7.8206],[125.039268,7.82041],[125.037987,7.81986],[125.036537,7.81929],[125.036713,7.84688],[125.036537,7.8568],[125.040894,7.86873],[125.040848,7.87269],[125.039032,7.88007]]]]}},{"type":"Feature","properties":{"ID_0":177,"ISO":"PHL","NAME_0":"Philippines","ID_1":10013,"NAME_1":"Bukidnon","ID_2":1001315,"NAME_2":"Maramag","ID_3":1001315009,"NAME_3":"Kisanday","NL_NAME_3":null,"VARNAME_3":null,"TYPE_3":"Barangay","ENGTYPE_3":"Village","PROVINCE":"Bukidnon","REGION":"Region X (Northern Mindanao)","id":"barangay-1001315009","name":"Kisanday","barangayCode":"1001315009","population":null,"formattedPop":null,"densityCategory":"No data","vulnerabilityRating":"No data","healthRiskLevel":"No data","areaKm2":8.94093,"centerLat":7.862032,"centerLng":125.023628,"geometrySource":"all_barangay-2.csv detailed WKT","geometryMatchMethod":"unique_official_admin_names","boundaryPointCount":18},"geometry":{"type":"MultiPolygon","coordinates":[[[[125.039032,7.88007],[125.040848,7.87269],[125.040894,7.86873],[125.036537,7.8568],[125.036713,7.84688],[125.035309,7.84794],[125.03344,7.84913],[125.029503,7.84956],[125.023193,7.84873],[125.017174,7.85064],[125.014427,7.85043],[125.003883,7.85007],[125.001999,7.87085],[125.003471,7.87659],[125.025688,7.87975],[125.032921,7.88046],[125.033546,7.87981],[125.039032,7.88007]]]]}},{"type":"Feature","properties":{"ID_0":177,"ISO":"PHL","NAME_0":"Philippines","ID_1":10013,"NAME_1":"Bukidnon","ID_2":1001315,"NAME_2":"Maramag","ID_3":1001315010,"NAME_3":"Kuya","NL_NAME_3":null,"VARNAME_3":null,"TYPE_3":"Barangay","ENGTYPE_3":"Village","PROVINCE":"Bukidnon","REGION":"Region X (Northern Mindanao)","id":"barangay-1001315010","name":"Kuya","barangayCode":"1001315010","population":null,"formattedPop":null,"densityCategory":"No data","vulnerabilityRating":"No data","healthRiskLevel":"No data","areaKm2":33.464684,"centerLat":7.81017,"centerLng":124.883252,"geometrySource":"all_barangay-2.csv detailed WKT","geometryMatchMethod":"unique_official_admin_names","boundaryPointCount":50},"geometry":{"type":"MultiPolygon","coordinates":[[[[124.919052,7.84725],[124.908836,7.8204],[124.90937,7.80119],[124.886559,7.76818],[124.886063,7.76889],[124.88443,7.77027],[124.883331,7.77],[124.883003,7.76975],[124.882629,7.7695],[124.881668,7.76974],[124.880707,7.77104],[124.879677,7.77268],[124.878151,7.77355],[124.877541,7.77346],[124.875923,7.77331],[124.875687,7.77408],[124.875488,7.77509],[124.874763,7.77657],[124.873947,7.77759],[124.873077,7.77756],[124.871353,7.7781],[124.870697,7.77801],[124.869957,7.77807],[124.868591,7.77766],[124.867767,7.77716],[124.866074,7.7767],[124.864662,7.7774],[124.8638,7.77773],[124.862106,7.77835],[124.861488,7.77874],[124.861053,7.78013],[124.861282,7.78165],[124.861237,7.78229],[124.861069,7.78306],[124.85997,7.78371],[124.858383,7.78402],[124.857063,7.78477],[124.856117,7.78637],[124.855583,7.78748],[124.852654,7.79005],[124.852676,7.79036],[124.858612,7.8012],[124.861542,7.80679],[124.868378,7.81755],[124.872223,7.8283],[124.874039,7.83321],[124.875023,7.83675],[124.911377,7.84855],[124.917374,7.84732],[124.919052,7.84725]]]]}},{"type":"Feature","properties":{"ID_0":177,"ISO":"PHL","NAME_0":"Philippines","ID_1":10013,"NAME_1":"Bukidnon","ID_2":1001315,"NAME_2":"Maramag","ID_3":1001315011,"NAME_3":"La Roxas","NL_NAME_3":null,"VARNAME_3":null,"TYPE_3":"Barangay","ENGTYPE_3":"Village","PROVINCE":"Bukidnon","REGION":"Region X (Northern Mindanao)","id":"barangay-1001315011","name":"La Roxas","barangayCode":"1001315011","population":null,"formattedPop":null,"densityCategory":"No data","vulnerabilityRating":"No data","healthRiskLevel":"No data","areaKm2":14.29978,"centerLat":7.863495,"centerLng":124.888637,"geometrySource":"all_barangay-2.csv detailed WKT","geometryMatchMethod":"unique_official_admin_names","boundaryPointCount":10},"geometry":{"type":"MultiPolygon","coordinates":[[[[124.908012,7.87567],[124.911377,7.84855],[124.875023,7.83675],[124.876091,7.84065],[124.87603,7.84451],[124.864571,7.87694],[124.875259,7.87524],[124.886757,7.87531],[124.901863,7.8754],[124.908012,7.87567]]]]}},{"type":"Feature","properties":{"ID_0":177,"ISO":"PHL","NAME_0":"Philippines","ID_1":10013,"NAME_1":"Bukidnon","ID_2":1001315,"NAME_2":"Maramag","ID_3":1001315012,"NAME_3":"Panadtalan","NL_NAME_3":null,"VARNAME_3":null,"TYPE_3":"Barangay","ENGTYPE_3":"Village","PROVINCE":"Bukidnon","REGION":"Region X (Northern Mindanao)","id":"barangay-1001315012","name":"Panadtalan","barangayCode":"1001315012","population":null,"formattedPop":null,"densityCategory":"No data","vulnerabilityRating":"No data","healthRiskLevel":"No data","areaKm2":9.027458,"centerLat":7.802603,"centerLng":125.013035,"geometrySource":"all_barangay-2.csv detailed WKT","geometryMatchMethod":"unique_official_admin_names","boundaryPointCount":54},"geometry":{"type":"MultiPolygon","coordinates":[[[[125.030273,7.80544],[125.030731,7.80416],[125.032204,7.80303],[125.032257,7.80293],[125.032356,7.80153],[125.031609,7.80033],[125.030708,7.79954],[125.029541,7.79879],[125.028214,7.79763],[125.026993,7.79664],[125.026443,7.79541],[125.025742,7.79374],[125.024849,7.79286],[125.024078,7.79203],[125.023781,7.7907],[125.023819,7.78947],[125.024223,7.78702],[125.024643,7.78448],[125.024567,7.78313],[125.023956,7.7815],[125.023598,7.78064],[125.016197,7.78131],[124.993591,7.79966],[124.994263,7.80401],[124.997879,7.81935],[124.999313,7.81847],[125.000633,7.81977],[125.00161,7.82022],[125.002861,7.82012],[125.003937,7.81867],[125.005508,7.81807],[125.006493,7.81869],[125.008057,7.81944],[125.010094,7.81919],[125.010338,7.81744],[125.011398,7.81562],[125.012711,7.81461],[125.014214,7.8128],[125.014847,7.81184],[125.016151,7.81153],[125.017548,7.81102],[125.019562,7.81159],[125.020737,7.81183],[125.022728,7.812],[125.023987,7.81157],[125.025787,7.81086],[125.026619,7.81088],[125.028198,7.81075],[125.028069,7.80958],[125.027687,7.80856],[125.027199,7.80647],[125.028137,7.80578],[125.029427,7.80561],[125.030273,7.80544]]]]}},{"type":"Feature","properties":{"ID_0":177,"ISO":"PHL","NAME_0":"Philippines","ID_1":10013,"NAME_1":"Bukidnon","ID_2":1001315,"NAME_2":"Maramag","ID_3":1001315013,"NAME_3":"Panalsalan","NL_NAME_3":null,"VARNAME_3":null,"TYPE_3":"Barangay","ENGTYPE_3":"Village","PROVINCE":"Bukidnon","REGION":"Region X (Northern Mindanao)","id":"barangay-1001315013","name":"Panalsalan","barangayCode":"1001315013","population":null,"formattedPop":null,"densityCategory":"No data","vulnerabilityRating":"No data","healthRiskLevel":"No data","areaKm2":9.446359,"centerLat":7.862274,"centerLng":124.969176,"geometrySource":"all_barangay-2.csv detailed WKT","geometryMatchMethod":"unique_official_admin_names","boundaryPointCount":15},"geometry":{"type":"MultiPolygon","coordinates":[[[[124.978813,7.87672],[124.979111,7.86304],[124.98465,7.85581],[124.954536,7.84857],[124.953217,7.85349],[124.951927,7.85729],[124.950317,7.86354],[124.949051,7.86839],[124.948647,7.87003],[124.948639,7.8727],[124.949753,7.87685],[124.954048,7.87653],[124.961281,7.87646],[124.966148,7.87632],[124.978813,7.87672]]]]}},{"type":"Feature","properties":{"ID_0":177,"ISO":"PHL","NAME_0":"Philippines","ID_1":10013,"NAME_1":"Bukidnon","ID_2":1001315,"NAME_2":"Maramag","ID_3":1001315014,"NAME_3":"North Poblacion","NL_NAME_3":null,"VARNAME_3":null,"TYPE_3":"Barangay","ENGTYPE_3":"Village","PROVINCE":"Bukidnon","REGION":"Region X (Northern Mindanao)","id":"barangay-1001315014","name":"North Poblacion","barangayCode":"1001315014","population":null,"formattedPop":null,"densityCategory":"No data","vulnerabilityRating":"No data","healthRiskLevel":"No data","areaKm2":8.305775,"centerLat":7.764556,"centerLng":125.012714,"geometrySource":"all_barangay-2.csv detailed WKT","geometryMatchMethod":"unique_official_admin_names","boundaryPointCount":56},"geometry":{"type":"MultiPolygon","coordinates":[[[[124.989029,7.77445],[124.989777,7.77318],[124.990623,7.77175],[124.99189,7.77025],[124.992844,7.7687],[124.994148,7.76727],[124.995171,7.76682],[124.996986,7.76646],[124.999313,7.76658],[125.001823,7.76739],[125.003906,7.76966],[125.00499,7.77178],[125.005623,7.77379],[125.006241,7.77487],[125.007309,7.77532],[125.025543,7.77261],[125.025864,7.77156],[125.025902,7.76995],[125.025589,7.76874],[125.026367,7.76757],[125.028664,7.76557],[125.02932,7.76492],[125.029694,7.76304],[125.029716,7.76038],[125.029266,7.75727],[125.02932,7.75609],[125.029617,7.75428],[125.029793,7.75207],[125.02951,7.74981],[125.028542,7.74797],[125.027657,7.7467],[125.026619,7.74523],[125.026222,7.74434],[125.025902,7.74351],[125.024513,7.7424],[125.023483,7.74167],[125.022598,7.7414],[125.021873,7.741],[125.021004,7.73996],[125.019836,7.74071],[125.019386,7.74146],[125.017471,7.74331],[125.01712,7.74418],[125.016403,7.74695],[125.015648,7.75114],[125.014954,7.75224],[125.013344,7.75379],[125.011299,7.75413],[125.009933,7.75455],[125.008957,7.75558],[125.007767,7.75621],[125.005623,7.75663],[124.983994,7.75873],[124.984993,7.76276],[124.987907,7.77004],[124.989029,7.77445]]]]}},{"type":"Feature","properties":{"ID_0":177,"ISO":"PHL","NAME_0":"Philippines","ID_1":10013,"NAME_1":"Bukidnon","ID_2":1001315,"NAME_2":"Maramag","ID_3":1001315015,"NAME_3":"South Poblacion","NL_NAME_3":null,"VARNAME_3":null,"TYPE_3":"Barangay","ENGTYPE_3":"Village","PROVINCE":"Bukidnon","REGION":"Region X (Northern Mindanao)","id":"barangay-1001315015","name":"South Poblacion","barangayCode":"1001315015","population":null,"formattedPop":null,"densityCategory":"No data","vulnerabilityRating":"No data","healthRiskLevel":"No data","areaKm2":9.912301,"centerLat":7.747589,"centerLng":125.003312,"geometrySource":"all_barangay-2.csv detailed WKT","geometryMatchMethod":"unique_official_admin_names","boundaryPointCount":24},"geometry":{"type":"MultiPolygon","coordinates":[[[[125.021004,7.73996],[125.020523,7.73902],[125.019943,7.73777],[125.020477,7.73485],[125.021027,7.73372],[125.021683,7.7337],[125.000893,7.73298],[124.98217,7.73845],[124.982613,7.75555],[124.983994,7.75873],[125.005623,7.75663],[125.007767,7.75621],[125.008957,7.75558],[125.009933,7.75455],[125.011299,7.75413],[125.013344,7.75379],[125.014954,7.75224],[125.015648,7.75114],[125.016403,7.74695],[125.01712,7.74418],[125.017471,7.74331],[125.019386,7.74146],[125.019836,7.74071],[125.021004,7.73996]]]]}},{"type":"Feature","properties":{"ID_0":177,"ISO":"PHL","NAME_0":"Philippines","ID_1":10013,"NAME_1":"Bukidnon","ID_2":1001315,"NAME_2":"Maramag","ID_3":1001315016,"NAME_3":"San Miguel","NL_NAME_3":null,"VARNAME_3":null,"TYPE_3":"Barangay","ENGTYPE_3":"Village","PROVINCE":"Bukidnon","REGION":"Region X (Northern Mindanao)","id":"barangay-1001315016","name":"San Miguel","barangayCode":"1001315016","population":null,"formattedPop":null,"densityCategory":"No data","vulnerabilityRating":"No data","healthRiskLevel":"No data","areaKm2":37.495146,"centerLat":7.78339,"centerLng":124.938799,"geometrySource":"all_barangay-2.csv detailed WKT","geometryMatchMethod":"unique_official_admin_names","boundaryPointCount":26},"geometry":{"type":"MultiPolygon","coordinates":[[[[124.954536,7.84857],[124.963173,7.82103],[124.960876,7.81075],[124.961342,7.80886],[124.9618,7.80619],[124.961746,7.80182],[124.960854,7.79738],[124.958961,7.78945],[124.959007,7.78373],[124.957687,7.77916],[124.956932,7.7757],[124.944923,7.73378],[124.937759,7.73587],[124.925453,7.73774],[124.916512,7.7392],[124.904709,7.74123],[124.929123,7.77015],[124.929321,7.77174],[124.928238,7.77601],[124.92672,7.77978],[124.925789,7.78201],[124.926071,7.78393],[124.926071,7.78545],[124.92585,7.78704],[124.940849,7.84455],[124.954536,7.84857]]]]}},{"type":"Feature","properties":{"ID_0":177,"ISO":"PHL","NAME_0":"Philippines","ID_1":10013,"NAME_1":"Bukidnon","ID_2":1001315,"NAME_2":"Maramag","ID_3":1001315017,"NAME_3":"San Roque","NL_NAME_3":null,"VARNAME_3":null,"TYPE_3":"Barangay","ENGTYPE_3":"Village","PROVINCE":"Bukidnon","REGION":"Region X (Northern Mindanao)","id":"barangay-1001315017","name":"San Roque","barangayCode":"1001315017","population":null,"formattedPop":null,"densityCategory":"No data","vulnerabilityRating":"No data","healthRiskLevel":"No data","areaKm2":25.408926,"centerLat":7.82408,"centerLng":124.981226,"geometrySource":"all_barangay-2.csv detailed WKT","geometryMatchMethod":"unique_official_admin_names","boundaryPointCount":11},"geometry":{"type":"MultiPolygon","coordinates":[[[[125.003883,7.85007],[124.997879,7.81935],[124.994263,7.80401],[124.963173,7.82103],[124.954536,7.84857],[124.98465,7.85581],[124.985733,7.85549],[124.988388,7.85406],[124.992104,7.85252],[124.995934,7.8507],[125.003883,7.85007]]]]}},{"type":"Feature","properties":{"ID_0":177,"ISO":"PHL","NAME_0":"Philippines","ID_1":10013,"NAME_1":"Bukidnon","ID_2":1001315,"NAME_2":"Maramag","ID_3":1001315018,"NAME_3":"Tubigon","NL_NAME_3":null,"VARNAME_3":null,"TYPE_3":"Barangay","ENGTYPE_3":"Village","PROVINCE":"Bukidnon","REGION":"Region X (Northern Mindanao)","id":"barangay-1001315018","name":"Tubigon","barangayCode":"1001315018","population":null,"formattedPop":null,"densityCategory":"No data","vulnerabilityRating":"No data","healthRiskLevel":"No data","areaKm2":4.068411,"centerLat":7.837713,"centerLng":125.025022,"geometrySource":"all_barangay-2.csv detailed WKT","geometryMatchMethod":"unique_official_admin_names","boundaryPointCount":12},"geometry":{"type":"MultiPolygon","coordinates":[[[[125.014427,7.85043],[125.017174,7.85064],[125.023193,7.84873],[125.029503,7.84956],[125.03344,7.84913],[125.035309,7.84794],[125.036713,7.84688],[125.036537,7.81929],[125.027206,7.8247],[125.025284,7.82996],[125.019539,7.83616],[125.014427,7.85043]]]]}},{"type":"Feature","properties":{"ID_0":177,"ISO":"PHL","NAME_0":"Philippines","ID_1":10013,"NAME_1":"Bukidnon","ID_2":1001315,"NAME_2":"Maramag","ID_3":1001315019,"NAME_3":"Bagongsilang","NL_NAME_3":null,"VARNAME_3":null,"TYPE_3":"Barangay","ENGTYPE_3":"Village","PROVINCE":"Bukidnon","REGION":"Region X (Northern Mindanao)","id":"barangay-1001315019","name":"Bagongsilang","barangayCode":"1001315019","population":null,"formattedPop":null,"densityCategory":"No data","vulnerabilityRating":"No data","healthRiskLevel":"No data","areaKm2":9.037948,"centerLat":7.880897,"centerLng":124.907206,"geometrySource":"all_barangay-2.csv detailed WKT","geometryMatchMethod":"unique_official_admin_names","boundaryPointCount":24},"geometry":{"type":"MultiPolygon","coordinates":[[[[124.923607,7.87613],[124.921898,7.87539],[124.921463,7.87488],[124.921547,7.87392],[124.921951,7.87213],[124.923462,7.87003],[124.925323,7.8679],[124.926292,7.86709],[124.928177,7.86651],[124.928391,7.86592],[124.928047,7.86494],[124.925949,7.86145],[124.925003,7.85934],[124.923737,7.85551],[124.922882,7.85295],[124.92215,7.85101],[124.919952,7.84821],[124.919052,7.84725],[124.917374,7.84732],[124.911377,7.84855],[124.908012,7.87567],[124.913597,7.87584],[124.919151,7.87572],[124.923607,7.87613]]]]}},{"type":"Feature","properties":{"ID_0":177,"ISO":"PHL","NAME_0":"Philippines","ID_1":10013,"NAME_1":"Bukidnon","ID_2":1001315,"NAME_2":"Maramag","ID_3":1001315020,"NAME_3":"Kiharong","NL_NAME_3":null,"VARNAME_3":null,"TYPE_3":"Barangay","ENGTYPE_3":"Village","PROVINCE":"Bukidnon","REGION":"Region X (Northern Mindanao)","id":"barangay-1001315020","name":"Kiharong","barangayCode":"1001315020","population":null,"formattedPop":null,"densityCategory":"No data","vulnerabilityRating":"No data","healthRiskLevel":"No data","areaKm2":7.430179,"centerLat":7.860503,"centerLng":124.995347,"geometrySource":"all_barangay-2.csv detailed WKT","geometryMatchMethod":"unique_official_admin_names","boundaryPointCount":11},"geometry":{"type":"MultiPolygon","coordinates":[[[[125.003471,7.87659],[125.001999,7.87085],[125.003883,7.85007],[124.995934,7.8507],[124.992104,7.85252],[124.988388,7.85406],[124.985733,7.85549],[124.98465,7.85581],[124.979111,7.86304],[124.978813,7.87672],[125.003471,7.87659]]]]}},{"type":"Feature","properties":{"ID_0":177,"ISO":"PHL","NAME_0":"Philippines","ID_1":10013,"NAME_1":"Bukidnon","ID_2":1001316,"NAME_2":"Pangantucan","ID_3":1001316001,"NAME_3":"Adtuyon","NL_NAME_3":null,"VARNAME_3":null,"TYPE_3":"Barangay","ENGTYPE_3":"Village","PROVINCE":"Bukidnon","REGION":"Region X (Northern Mindanao)","id":"barangay-1001316001","name":"Adtuyon","barangayCode":"1001316001","population":null,"formattedPop":null,"densityCategory":"No data","vulnerabilityRating":"No data","healthRiskLevel":"No data","areaKm2":41.764977,"centerLat":7.804003,"centerLng":124.843219,"geometrySource":"all_barangay-2.csv detailed WKT","geometryMatchMethod":"unique_official_admin_names","boundaryPointCount":21},"geometry":{"type":"MultiPolygon","coordinates":[[[[124.864571,7.87694],[124.87603,7.84451],[124.876091,7.84065],[124.875023,7.83675],[124.874039,7.83321],[124.872223,7.8283],[124.868378,7.81755],[124.861542,7.80679],[124.858612,7.8012],[124.852676,7.79036],[124.852654,7.79005],[124.850639,7.79244],[124.847572,7.79687],[124.845322,7.80268],[124.841766,7.81084],[124.841957,7.81283],[124.841278,7.81745],[124.840012,7.82354],[124.838051,7.82841],[124.843491,7.87196],[124.864571,7.87694]]]]}},{"type":"Feature","properties":{"ID_0":177,"ISO":"PHL","NAME_0":"Philippines","ID_1":10013,"NAME_1":"Bukidnon","ID_2":1001316,"NAME_2":"Pangantucan","ID_3":1001316002,"NAME_3":"Bacusanon","NL_NAME_3":null,"VARNAME_3":null,"TYPE_3":"Barangay","ENGTYPE_3":"Village","PROVINCE":"Bukidnon","REGION":"Region X (Northern Mindanao)","id":"barangay-1001316002","name":"Bacusanon","barangayCode":"1001316002","population":null,"formattedPop":null,"densityCategory":"No data","vulnerabilityRating":"No data","healthRiskLevel":"No data","areaKm2":30.46818,"centerLat":7.899817,"centerLng":124.715436,"geometrySource":"all_barangay-2.csv detailed WKT","geometryMatchMethod":"unique_official_admin_names","boundaryPointCount":7},"geometry":{"type":"MultiPolygon","coordinates":[[[[124.739197,7.94001],[124.740608,7.91268],[124.703651,7.88718],[124.700684,7.90701],[124.699257,7.92517],[124.697853,7.93432],[124.739197,7.94001]]]]}},{"type":"Feature","properties":{"ID_0":177,"ISO":"PHL","NAME_0":"Philippines","ID_1":10013,"NAME_1":"Bukidnon","ID_2":1001316,"NAME_2":"Pangantucan","ID_3":1001316003,"NAME_3":"Bangahan","NL_NAME_3":null,"VARNAME_3":null,"TYPE_3":"Barangay","ENGTYPE_3":"Village","PROVINCE":"Bukidnon","REGION":"Region X (Northern Mindanao)","id":"barangay-1001316003","name":"Bangahan","barangayCode":"1001316003","population":null,"formattedPop":null,"densityCategory":"No data","vulnerabilityRating":"No data","healthRiskLevel":"No data","areaKm2":25.805206,"centerLat":7.686577,"centerLng":124.809915,"geometrySource":"all_barangay-2.csv detailed WKT","geometryMatchMethod":"unique_official_admin_names","boundaryPointCount":95},"geometry":{"type":"MultiPolygon","coordinates":[[[[124.822342,7.7208],[124.831177,7.63037],[124.801689,7.62376],[124.801399,7.62395],[124.799477,7.62403],[124.798409,7.62408],[124.796753,7.62441],[124.796516,7.62508],[124.796509,7.62589],[124.796959,7.62711],[124.797241,7.62796],[124.799637,7.63016],[124.79863,7.63046],[124.798393,7.63055],[124.7994,7.63205],[124.800308,7.63304],[124.800217,7.63447],[124.800568,7.63463],[124.801193,7.63468],[124.802368,7.63558],[124.803238,7.63722],[124.80349,7.63805],[124.803963,7.63923],[124.804047,7.64003],[124.804642,7.64114],[124.804741,7.64172],[124.804039,7.64213],[124.803596,7.64328],[124.804161,7.64365],[124.804642,7.64483],[124.804482,7.64641],[124.804443,7.64775],[124.804764,7.64886],[124.805122,7.64992],[124.805183,7.65052],[124.805054,7.65112],[124.804604,7.65169],[124.803886,7.65298],[124.803627,7.65316],[124.802406,7.65412],[124.802208,7.65465],[124.801804,7.65555],[124.801147,7.65762],[124.801437,7.65983],[124.801033,7.66234],[124.802513,7.66545],[124.800919,7.66945],[124.798737,7.67299],[124.798508,7.67396],[124.797653,7.6758],[124.797081,7.67713],[124.796448,7.6783],[124.796066,7.67911],[124.795647,7.67957],[124.795082,7.68055],[124.795029,7.68122],[124.794456,7.68244],[124.794243,7.68341],[124.793678,7.68456],[124.793777,7.68568],[124.793694,7.68661],[124.793266,7.68789],[124.793549,7.68909],[124.793877,7.69018],[124.79409,7.69096],[124.794083,7.69154],[124.794601,7.69257],[124.794991,7.6941],[124.79435,7.69538],[124.793251,7.69651],[124.79287,7.69761],[124.793068,7.69902],[124.79364,7.69997],[124.794327,7.70082],[124.793999,7.70128],[124.793716,7.70183],[124.794647,7.70358],[124.795059,7.70488],[124.795189,7.70561],[124.795776,7.70704],[124.795609,7.70826],[124.79567,7.70983],[124.796577,7.71184],[124.796989,7.71251],[124.796799,7.71345],[124.796806,7.71518],[124.797691,7.71712],[124.798576,7.71873],[124.798767,7.72014],[124.798286,7.72274],[124.798103,7.72617],[124.797623,7.72808],[124.797401,7.72964],[124.79631,7.73066],[124.822342,7.7208]]]]}},{"type":"Feature","properties":{"ID_0":177,"ISO":"PHL","NAME_0":"Philippines","ID_1":10013,"NAME_1":"Bukidnon","ID_2":1001316,"NAME_2":"Pangantucan","ID_3":1001316004,"NAME_3":"Barandias","NL_NAME_3":null,"VARNAME_3":null,"TYPE_3":"Barangay","ENGTYPE_3":"Village","PROVINCE":"Bukidnon","REGION":"Region X (Northern Mindanao)","id":"barangay-1001316004","name":"Barandias","barangayCode":"1001316004","population":null,"formattedPop":null,"densityCategory":"No data","vulnerabilityRating":"No data","healthRiskLevel":"No data","areaKm2":35.131072,"centerLat":7.801799,"centerLng":124.790293,"geometrySource":"all_barangay-2.csv detailed WKT","geometryMatchMethod":"unique_official_admin_names","boundaryPointCount":19},"geometry":{"type":"MultiPolygon","coordinates":[[[[124.775719,7.87128],[124.791496,7.80655],[124.790932,7.8059],[124.790001,7.80382],[124.788857,7.80138],[124.788361,7.8002],[124.787277,7.79575],[124.786957,7.79441],[124.78614,7.7912],[124.785667,7.78912],[124.785858,7.78677],[124.774986,7.79858],[124.773628,7.80002],[124.770477,7.80203],[124.767174,7.80609],[124.766357,7.80762],[124.75975,7.81449],[124.755653,7.81884],[124.775719,7.87128]]]]}},{"type":"Feature","properties":{"ID_0":177,"ISO":"PHL","NAME_0":"Philippines","ID_1":10013,"NAME_1":"Bukidnon","ID_2":1001316,"NAME_2":"Pangantucan","ID_3":1001316005,"NAME_3":"Concepcion","NL_NAME_3":null,"VARNAME_3":null,"TYPE_3":"Barangay","ENGTYPE_3":"Village","PROVINCE":"Bukidnon","REGION":"Region X (Northern Mindanao)","id":"barangay-1001316005","name":"Concepcion","barangayCode":"1001316005","population":null,"formattedPop":null,"densityCategory":"No data","vulnerabilityRating":"No data","healthRiskLevel":"No data","areaKm2":17.960576,"centerLat":7.9068,"centerLng":124.816527,"geometrySource":"all_barangay-2.csv detailed WKT","geometryMatchMethod":"unique_official_admin_names","boundaryPointCount":6},"geometry":{"type":"MultiPolygon","coordinates":[[[[124.802979,7.94955],[124.803596,7.94964],[124.830177,7.95338],[124.823967,7.87282],[124.816093,7.87301],[124.802979,7.94955]]]]}},{"type":"Feature","properties":{"ID_0":177,"ISO":"PHL","NAME_0":"Philippines","ID_1":10013,"NAME_1":"Bukidnon","ID_2":1001316,"NAME_2":"Pangantucan","ID_3":1001316006,"NAME_3":"Gandingan","NL_NAME_3":null,"VARNAME_3":null,"TYPE_3":"Barangay","ENGTYPE_3":"Village","PROVINCE":"Bukidnon","REGION":"Region X (Northern Mindanao)","id":"barangay-1001316006","name":"Gandingan","barangayCode":"1001316006","population":null,"formattedPop":null,"densityCategory":"No data","vulnerabilityRating":"No data","healthRiskLevel":"No data","areaKm2":28.540042,"centerLat":7.743715,"centerLng":124.831871,"geometrySource":"all_barangay-2.csv detailed WKT","geometryMatchMethod":"unique_official_admin_names","boundaryPointCount":55},"geometry":{"type":"MultiPolygon","coordinates":[[[[124.838051,7.82841],[124.840012,7.82354],[124.841278,7.81745],[124.841957,7.81283],[124.841766,7.81084],[124.845322,7.80268],[124.847572,7.79687],[124.850639,7.79244],[124.852654,7.79005],[124.851669,7.77991],[124.852074,7.77232],[124.852631,7.76723],[124.852547,7.75635],[124.852676,7.74691],[124.851563,7.72865],[124.822342,7.7208],[124.79631,7.73066],[124.795738,7.73334],[124.795311,7.73567],[124.794456,7.7409],[124.793121,7.74545],[124.792542,7.74784],[124.788567,7.76536],[124.785454,7.7782],[124.784523,7.78395],[124.785858,7.78677],[124.785667,7.78912],[124.78614,7.7912],[124.786957,7.79441],[124.787277,7.79575],[124.788361,7.8002],[124.788857,7.80138],[124.790001,7.80382],[124.790932,7.8059],[124.791496,7.80655],[124.793068,7.808],[124.794792,7.80972],[124.797188,7.8115],[124.798576,7.81192],[124.800667,7.81242],[124.803436,7.81304],[124.805969,7.81335],[124.808777,7.81367],[124.810738,7.81411],[124.813698,7.81493],[124.815002,7.8153],[124.815804,7.81571],[124.819099,7.81698],[124.822151,7.81822],[124.823578,7.81877],[124.826393,7.81986],[124.82959,7.82198],[124.832237,7.82403],[124.836868,7.8275],[124.838051,7.82841]]]]}},{"type":"Feature","properties":{"ID_0":177,"ISO":"PHL","NAME_0":"Philippines","ID_1":10013,"NAME_1":"Bukidnon","ID_2":1001316,"NAME_2":"Pangantucan","ID_3":1001316007,"NAME_3":"Kimanait","NL_NAME_3":null,"VARNAME_3":null,"TYPE_3":"Barangay","ENGTYPE_3":"Village","PROVINCE":"Bukidnon","REGION":"Region X (Northern Mindanao)","id":"barangay-1001316007","name":"Kimanait","barangayCode":"1001316007","population":null,"formattedPop":null,"densityCategory":"No data","vulnerabilityRating":"No data","healthRiskLevel":"No data","areaKm2":16.694882,"centerLat":7.580692,"centerLng":124.841673,"geometrySource":"all_barangay-2.csv detailed WKT","geometryMatchMethod":"unique_official_admin_names","boundaryPointCount":51},"geometry":{"type":"MultiPolygon","coordinates":[[[[124.848167,7.60089],[124.849747,7.59802],[124.851288,7.59477],[124.852623,7.59255],[124.855133,7.58976],[124.857986,7.58721],[124.860031,7.58648],[124.861214,7.58481],[124.862823,7.58356],[124.863541,7.5821],[124.816017,7.57882],[124.815399,7.5801],[124.814217,7.5808],[124.813332,7.5813],[124.812202,7.58217],[124.811577,7.5837],[124.811684,7.58472],[124.812798,7.5862],[124.814392,7.5881],[124.815033,7.58908],[124.816063,7.59051],[124.816879,7.5914],[124.817574,7.59198],[124.817886,7.5923],[124.817627,7.59249],[124.816399,7.59236],[124.815079,7.59207],[124.814323,7.59181],[124.813293,7.59185],[124.813118,7.59203],[124.813919,7.59321],[124.814468,7.59402],[124.815063,7.59493],[124.815033,7.59582],[124.814484,7.59635],[124.813728,7.5965],[124.813004,7.5971],[124.812263,7.59824],[124.811951,7.59868],[124.811157,7.59881],[124.80999,7.59774],[124.808708,7.59618],[124.807877,7.59553],[124.807037,7.59536],[124.806099,7.59639],[124.805252,7.59733],[124.804443,7.59852],[124.804359,7.59935],[124.804527,7.59988],[124.805298,7.60037],[124.848167,7.60089]]]]}},{"type":"Feature","properties":{"ID_0":177,"ISO":"PHL","NAME_0":"Philippines","ID_1":10013,"NAME_1":"Bukidnon","ID_2":1001316,"NAME_2":"Pangantucan","ID_3":1001316008,"NAME_3":"Kipadukan","NL_NAME_3":null,"VARNAME_3":null,"TYPE_3":"Barangay","ENGTYPE_3":"Village","PROVINCE":"Bukidnon","REGION":"Region X (Northern Mindanao)","id":"barangay-1001316008","name":"Kipadukan","barangayCode":"1001316008","population":null,"formattedPop":null,"densityCategory":"No data","vulnerabilityRating":"No data","healthRiskLevel":"No data","areaKm2":14.207392,"centerLat":7.672184,"centerLng":124.830654,"geometrySource":"all_barangay-2.csv detailed WKT","geometryMatchMethod":"unique_official_admin_names","boundaryPointCount":22},"geometry":{"type":"MultiPolygon","coordinates":[[[[124.851563,7.72865],[124.850487,7.72373],[124.851753,7.71633],[124.851601,7.71273],[124.851883,7.70445],[124.850037,7.69951],[124.848701,7.69302],[124.847443,7.68818],[124.845573,7.67903],[124.844467,7.66846],[124.844254,7.66286],[124.844398,7.65851],[124.844582,7.65331],[124.845833,7.64777],[124.846779,7.6414],[124.846237,7.63771],[124.845543,7.63308],[124.844887,7.63144],[124.843697,7.62999],[124.831177,7.63037],[124.822342,7.7208],[124.851563,7.72865]]]]}},{"type":"Feature","properties":{"ID_0":177,"ISO":"PHL","NAME_0":"Philippines","ID_1":10013,"NAME_1":"Bukidnon","ID_2":1001316,"NAME_2":"Pangantucan","ID_3":1001316009,"NAME_3":"Langcataon","NL_NAME_3":null,"VARNAME_3":null,"TYPE_3":"Barangay","ENGTYPE_3":"Village","PROVINCE":"Bukidnon","REGION":"Region X (Northern Mindanao)","id":"barangay-1001316009","name":"Langcataon","barangayCode":"1001316009","population":null,"formattedPop":null,"densityCategory":"No data","vulnerabilityRating":"No data","healthRiskLevel":"No data","areaKm2":11.5115,"centerLat":7.618599,"centerLng":124.858625,"geometrySource":"all_barangay-2.csv detailed WKT","geometryMatchMethod":"unique_official_admin_names","boundaryPointCount":89},"geometry":{"type":"MultiPolygon","coordinates":[[[[124.851883,7.70445],[124.852463,7.70125],[124.855377,7.68998],[124.857307,7.67982],[124.857307,7.67815],[124.858627,7.67557],[124.858467,7.67504],[124.857948,7.67369],[124.859833,7.67326],[124.860451,7.67277],[124.861671,7.67167],[124.862541,7.67079],[124.863159,7.66863],[124.863182,7.66794],[124.862793,7.66643],[124.86232,7.66497],[124.863297,7.6642],[124.864014,7.66291],[124.863083,7.6604],[124.863632,7.65858],[124.862808,7.65618],[124.863113,7.65585],[124.863792,7.65341],[124.863426,7.6523],[124.863243,7.65108],[124.863052,7.64819],[124.86338,7.64654],[124.865089,7.6438],[124.864937,7.64304],[124.8647,7.64194],[124.865303,7.64041],[124.864571,7.63882],[124.863823,7.63752],[124.864487,7.636],[124.865128,7.63534],[124.865013,7.63349],[124.865677,7.63208],[124.865997,7.63072],[124.865417,7.62914],[124.865158,7.62866],[124.864777,7.62824],[124.864388,7.62633],[124.864731,7.6241],[124.865349,7.62234],[124.865883,7.62139],[124.866127,7.62059],[124.86602,7.61886],[124.864937,7.61732],[124.86412,7.61642],[124.865982,7.61021],[124.866539,7.6091],[124.866676,7.60629],[124.865807,7.60355],[124.865158,7.60093],[124.865067,7.59822],[124.864616,7.59613],[124.865067,7.59436],[124.86525,7.59224],[124.864807,7.59159],[124.863113,7.59031],[124.861198,7.58866],[124.860931,7.58842],[124.86055,7.58789],[124.860031,7.58648],[124.857986,7.58721],[124.855133,7.58976],[124.852623,7.59255],[124.851288,7.59477],[124.849747,7.59802],[124.848167,7.60089],[124.846863,7.60407],[124.846458,7.60771],[124.845192,7.61423],[124.844658,7.62364],[124.843697,7.62999],[124.844887,7.63144],[124.845543,7.63308],[124.846237,7.63771],[124.846779,7.6414],[124.845833,7.64777],[124.844582,7.65331],[124.844398,7.65851],[124.844254,7.66286],[124.844467,7.66846],[124.845573,7.67903],[124.847443,7.68818],[124.848701,7.69302],[124.850037,7.69951],[124.851883,7.70445]]]]}},{"type":"Feature","properties":{"ID_0":177,"ISO":"PHL","NAME_0":"Philippines","ID_1":10013,"NAME_1":"Bukidnon","ID_2":1001316,"NAME_2":"Pangantucan","ID_3":1001316010,"NAME_3":"Lantay","NL_NAME_3":null,"VARNAME_3":null,"TYPE_3":"Barangay","ENGTYPE_3":"Village","PROVINCE":"Bukidnon","REGION":"Region X (Northern Mindanao)","id":"barangay-1001316010","name":"Lantay","barangayCode":"1001316010","population":null,"formattedPop":null,"densityCategory":"No data","vulnerabilityRating":"No data","healthRiskLevel":"No data","areaKm2":11.519355,"centerLat":7.829375,"centerLng":124.807955,"geometrySource":"all_barangay-2.csv detailed WKT","geometryMatchMethod":"unique_official_admin_names","boundaryPointCount":17},"geometry":{"type":"MultiPolygon","coordinates":[[[[124.772697,7.88471],[124.7994,7.87363],[124.815804,7.81571],[124.815002,7.8153],[124.813698,7.81493],[124.810738,7.81411],[124.808777,7.81367],[124.805969,7.81335],[124.803436,7.81304],[124.800667,7.81242],[124.798576,7.81192],[124.797188,7.8115],[124.794792,7.80972],[124.793068,7.808],[124.791496,7.80655],[124.775719,7.87128],[124.772697,7.88471]]]]}},{"type":"Feature","properties":{"ID_0":177,"ISO":"PHL","NAME_0":"Philippines","ID_1":10013,"NAME_1":"Bukidnon","ID_2":1001316,"NAME_2":"Pangantucan","ID_3":1001316011,"NAME_3":"Madaya","NL_NAME_3":null,"VARNAME_3":null,"TYPE_3":"Barangay","ENGTYPE_3":"Village","PROVINCE":"Bukidnon","REGION":"Region X (Northern Mindanao)","id":"barangay-1001316011","name":"Madaya","barangayCode":"1001316011","population":null,"formattedPop":null,"densityCategory":"No data","vulnerabilityRating":"No data","healthRiskLevel":"No data","areaKm2":13.138218,"centerLat":7.843093,"centerLng":124.760402,"geometrySource":"all_barangay-2.csv detailed WKT","geometryMatchMethod":"unique_official_admin_names","boundaryPointCount":11},"geometry":{"type":"MultiPolygon","coordinates":[[[[124.772697,7.88471],[124.775719,7.87128],[124.755653,7.81884],[124.754578,7.82107],[124.750229,7.82424],[124.741753,7.83357],[124.723984,7.85221],[124.723053,7.85408],[124.726883,7.85849],[124.763763,7.88821],[124.772697,7.88471]]]]}},{"type":"Feature","properties":{"ID_0":177,"ISO":"PHL","NAME_0":"Philippines","ID_1":10013,"NAME_1":"Bukidnon","ID_2":1001316,"NAME_2":"Pangantucan","ID_3":1001316012,"NAME_3":"Malipayon","NL_NAME_3":null,"VARNAME_3":null,"TYPE_3":"Barangay","ENGTYPE_3":"Village","PROVINCE":"Bukidnon","REGION":"Region X (Northern Mindanao)","id":"barangay-1001316012","name":"Malipayon","barangayCode":"1001316012","population":null,"formattedPop":null,"densityCategory":"No data","vulnerabilityRating":"No data","healthRiskLevel":"No data","areaKm2":23.993393,"centerLat":7.619713,"centerLng":124.825156,"geometrySource":"all_barangay-2.csv detailed WKT","geometryMatchMethod":"unique_official_admin_names","boundaryPointCount":33},"geometry":{"type":"MultiPolygon","coordinates":[[[[124.831177,7.63037],[124.843697,7.62999],[124.844658,7.62364],[124.845192,7.61423],[124.846458,7.60771],[124.846863,7.60407],[124.848167,7.60089],[124.805298,7.60037],[124.805687,7.6018],[124.806152,7.60219],[124.80674,7.60358],[124.807693,7.60697],[124.807373,7.6084],[124.807327,7.60881],[124.806938,7.60897],[124.806534,7.61007],[124.806259,7.61088],[124.805946,7.61191],[124.805817,7.61341],[124.805443,7.61531],[124.805229,7.61573],[124.80378,7.61631],[124.802467,7.6163],[124.801498,7.61618],[124.800072,7.61628],[124.799599,7.61706],[124.79998,7.61803],[124.801399,7.6194],[124.802322,7.62017],[124.802727,7.62204],[124.802559,7.62319],[124.801689,7.62376],[124.831177,7.63037]]]]}},{"type":"Feature","properties":{"ID_0":177,"ISO":"PHL","NAME_0":"Philippines","ID_1":10013,"NAME_1":"Bukidnon","ID_2":1001316,"NAME_2":"Pangantucan","ID_3":1001316013,"NAME_3":"Mendis","NL_NAME_3":null,"VARNAME_3":null,"TYPE_3":"Barangay","ENGTYPE_3":"Village","PROVINCE":"Bukidnon","REGION":"Region X (Northern Mindanao)","id":"barangay-1001316013","name":"Mendis","barangayCode":"1001316013","population":null,"formattedPop":null,"densityCategory":"No data","vulnerabilityRating":"No data","healthRiskLevel":"No data","areaKm2":18.509654,"centerLat":7.89354,"centerLng":124.805498,"geometrySource":"all_barangay-2.csv detailed WKT","geometryMatchMethod":"unique_official_admin_names","boundaryPointCount":5},"geometry":{"type":"MultiPolygon","coordinates":[[[[124.788589,7.94707],[124.802979,7.94955],[124.816093,7.87301],[124.7994,7.87363],[124.788589,7.94707]]]]}},{"type":"Feature","properties":{"ID_0":177,"ISO":"PHL","NAME_0":"Philippines","ID_1":10013,"NAME_1":"Bukidnon","ID_2":1001316,"NAME_2":"Pangantucan","ID_3":1001316014,"NAME_3":"Nabaliwa","NL_NAME_3":null,"VARNAME_3":null,"TYPE_3":"Barangay","ENGTYPE_3":"Village","PROVINCE":"Bukidnon","REGION":"Region X (Northern Mindanao)","id":"barangay-1001316014","name":"Nabaliwa","barangayCode":"1001316014","population":null,"formattedPop":null,"densityCategory":"No data","vulnerabilityRating":"No data","healthRiskLevel":"No data","areaKm2":35.179595,"centerLat":7.898699,"centerLng":124.747724,"geometrySource":"all_barangay-2.csv detailed WKT","geometryMatchMethod":"unique_official_admin_names","boundaryPointCount":11},"geometry":{"type":"MultiPolygon","coordinates":[[[[124.739197,7.94001],[124.752487,7.9418],[124.764229,7.94337],[124.763763,7.88821],[124.726883,7.85849],[124.723053,7.85408],[124.717323,7.86223],[124.705238,7.87371],[124.703651,7.88718],[124.740608,7.91268],[124.739197,7.94001]]]]}},{"type":"Feature","properties":{"ID_0":177,"ISO":"PHL","NAME_0":"Philippines","ID_1":10013,"NAME_1":"Bukidnon","ID_2":1001316,"NAME_2":"Pangantucan","ID_3":1001316015,"NAME_3":"New Eden","NL_NAME_3":null,"VARNAME_3":null,"TYPE_3":"Barangay","ENGTYPE_3":"Village","PROVINCE":"Bukidnon","REGION":"Region X (Northern Mindanao)","id":"barangay-1001316015","name":"New Eden","barangayCode":"1001316015","population":null,"formattedPop":null,"densityCategory":"No data","vulnerabilityRating":"No data","healthRiskLevel":"No data","areaKm2":22.711354,"centerLat":7.892739,"centerLng":124.836712,"geometrySource":"all_barangay-2.csv detailed WKT","geometryMatchMethod":"unique_official_admin_names","boundaryPointCount":4},"geometry":{"type":"MultiPolygon","coordinates":[[[[124.830177,7.95338],[124.843491,7.87196],[124.823967,7.87282],[124.830177,7.95338]]]]}},{"type":"Feature","properties":{"ID_0":177,"ISO":"PHL","NAME_0":"Philippines","ID_1":10013,"NAME_1":"Bukidnon","ID_2":1001316,"NAME_2":"Pangantucan","ID_3":1001316016,"NAME_3":"Payad","NL_NAME_3":null,"VARNAME_3":null,"TYPE_3":"Barangay","ENGTYPE_3":"Village","PROVINCE":"Bukidnon","REGION":"Region X (Northern Mindanao)","id":"barangay-1001316016","name":"Payad","barangayCode":"1001316016","population":null,"formattedPop":null,"densityCategory":"No data","vulnerabilityRating":"No data","healthRiskLevel":"No data","areaKm2":8.129318,"centerLat":7.558576,"centerLng":124.846542,"geometrySource":"all_barangay-2.csv detailed WKT","geometryMatchMethod":"unique_official_admin_names","boundaryPointCount":115},"geometry":{"type":"MultiPolygon","coordinates":[[[[124.86554,7.58098],[124.866608,7.5808],[124.867607,7.57946],[124.868217,7.57788],[124.868736,7.57572],[124.868431,7.57449],[124.867897,7.57188],[124.867188,7.57104],[124.86544,7.56935],[124.865334,7.56929],[124.865028,7.56813],[124.864304,7.56608],[124.864151,7.5655],[124.864502,7.56534],[124.865143,7.56434],[124.865173,7.56157],[124.865013,7.55973],[124.864326,7.55774],[124.863487,7.55741],[124.862534,7.55611],[124.863197,7.55447],[124.862549,7.55358],[124.861603,7.55359],[124.859367,7.55257],[124.859703,7.55074],[124.859512,7.54981],[124.858223,7.54826],[124.857964,7.54733],[124.858658,7.54638],[124.859543,7.54521],[124.859009,7.54409],[124.856903,7.54337],[124.85424,7.54204],[124.853271,7.54228],[124.851662,7.54113],[124.851631,7.5415],[124.851463,7.54239],[124.85083,7.54358],[124.850731,7.5454],[124.850807,7.54678],[124.851051,7.54766],[124.851143,7.54842],[124.850563,7.54901],[124.849876,7.54939],[124.849632,7.55031],[124.849037,7.5513],[124.848297,7.55168],[124.847557,7.5519],[124.84729,7.55287],[124.846893,7.55335],[124.845528,7.55412],[124.844566,7.55489],[124.843224,7.55601],[124.842773,7.55554],[124.842117,7.55537],[124.841393,7.55548],[124.840698,7.55515],[124.839592,7.55447],[124.838478,7.5543],[124.837723,7.55416],[124.836449,7.55463],[124.835388,7.55427],[124.834793,7.55402],[124.83387,7.55428],[124.832626,7.55434],[124.83197,7.55505],[124.831886,7.55562],[124.832092,7.55643],[124.832207,7.55754],[124.832062,7.55857],[124.832092,7.55984],[124.831993,7.56064],[124.831299,7.56114],[124.830803,7.56153],[124.830368,7.56134],[124.830093,7.56108],[124.829453,7.56034],[124.828369,7.55946],[124.826897,7.55914],[124.826309,7.55884],[124.825012,7.55834],[124.823898,7.55865],[124.822289,7.56032],[124.821159,7.56082],[124.82019,7.56194],[124.819122,7.56322],[124.818077,7.5641],[124.817093,7.56518],[124.815887,7.56581],[124.814789,7.56665],[124.814301,7.56812],[124.814583,7.56948],[124.815262,7.5705],[124.816399,7.57115],[124.81768,7.5708],[124.818626,7.57072],[124.819817,7.57089],[124.820648,7.57175],[124.820511,7.57297],[124.819206,7.57378],[124.816879,7.573],[124.815842,7.57258],[124.814308,7.57226],[124.813232,7.57278],[124.812263,7.57411],[124.811653,7.57567],[124.811729,7.57671],[124.812317,7.57752],[124.813553,7.5776],[124.814667,7.57719],[124.815758,7.57766],[124.815979,7.57824],[124.816017,7.57882],[124.863541,7.5821],[124.86554,7.58098]]]]}},{"type":"Feature","properties":{"ID_0":177,"ISO":"PHL","NAME_0":"Philippines","ID_1":10013,"NAME_1":"Bukidnon","ID_2":1001316,"NAME_2":"Pangantucan","ID_3":1001316017,"NAME_3":"Pigtauranan","NL_NAME_3":null,"VARNAME_3":null,"TYPE_3":"Barangay","ENGTYPE_3":"Village","PROVINCE":"Bukidnon","REGION":"Region X (Northern Mindanao)","id":"barangay-1001316017","name":"Pigtauranan","barangayCode":"1001316017","population":null,"formattedPop":null,"densityCategory":"No data","vulnerabilityRating":"No data","healthRiskLevel":"No data","areaKm2":32.545675,"centerLat":7.893766,"centerLng":124.781443,"geometrySource":"all_barangay-2.csv detailed WKT","geometryMatchMethod":"unique_official_admin_names","boundaryPointCount":7},"geometry":{"type":"MultiPolygon","coordinates":[[[[124.768013,7.94376],[124.788589,7.94707],[124.7994,7.87363],[124.772697,7.88471],[124.763763,7.88821],[124.764229,7.94337],[124.768013,7.94376]]]]}},{"type":"Feature","properties":{"ID_0":177,"ISO":"PHL","NAME_0":"Philippines","ID_1":10013,"NAME_1":"Bukidnon","ID_2":1001316,"NAME_2":"Pangantucan","ID_3":1001316018,"NAME_3":"Poblacion","NL_NAME_3":null,"VARNAME_3":null,"TYPE_3":"Barangay","ENGTYPE_3":"Village","PROVINCE":"Bukidnon","REGION":"Region X (Northern Mindanao)","id":"barangay-1001316018","name":"Poblacion","barangayCode":"1001316018","population":null,"formattedPop":null,"densityCategory":"No data","vulnerabilityRating":"No data","healthRiskLevel":"No data","areaKm2":7.583611,"centerLat":7.832703,"centerLng":124.823794,"geometrySource":"all_barangay-2.csv detailed WKT","geometryMatchMethod":"unique_official_admin_names","boundaryPointCount":14},"geometry":{"type":"MultiPolygon","coordinates":[[[[124.816093,7.87301],[124.823967,7.87282],[124.843491,7.87196],[124.838051,7.82841],[124.836868,7.8275],[124.832237,7.82403],[124.82959,7.82198],[124.826393,7.81986],[124.823578,7.81877],[124.822151,7.81822],[124.819099,7.81698],[124.815804,7.81571],[124.7994,7.87363],[124.816093,7.87301]]]]}},{"type":"Feature","properties":{"ID_0":177,"ISO":"PHL","NAME_0":"Philippines","ID_1":10013,"NAME_1":"Bukidnon","ID_2":1001316,"NAME_2":"Pangantucan","ID_3":1001316019,"NAME_3":"Portulin","NL_NAME_3":null,"VARNAME_3":null,"TYPE_3":"Barangay","ENGTYPE_3":"Village","PROVINCE":"Bukidnon","REGION":"Region X (Northern Mindanao)","id":"barangay-1001316019","name":"Portulin","barangayCode":"1001316019","population":null,"formattedPop":null,"densityCategory":"No data","vulnerabilityRating":"No data","healthRiskLevel":"No data","areaKm2":35.297338,"centerLat":7.904064,"centerLng":124.856644,"geometrySource":"all_barangay-2.csv detailed WKT","geometryMatchMethod":"unique_official_admin_names","boundaryPointCount":6},"geometry":{"type":"MultiPolygon","coordinates":[[[[124.830177,7.95338],[124.855072,7.92683],[124.875259,7.87524],[124.864571,7.87694],[124.843491,7.87196],[124.830177,7.95338]]]]}},{"type":"Feature","properties":{"ID_0":177,"ISO":"PHL","NAME_0":"Philippines","ID_1":10013,"NAME_1":"Bukidnon","ID_2":1001317,"NAME_2":"Quezon","ID_3":1001317001,"NAME_3":"Butong","NL_NAME_3":null,"VARNAME_3":null,"TYPE_3":"Barangay","ENGTYPE_3":"Village","PROVINCE":"Bukidnon","REGION":"Region X (Northern Mindanao)","id":"barangay-1001317001","name":"Butong","barangayCode":"1001317001","population":null,"formattedPop":null,"densityCategory":"No data","vulnerabilityRating":"No data","healthRiskLevel":"No data","areaKm2":54.128635,"centerLat":7.78727,"centerLng":125.065684,"geometrySource":"all_barangay-2.csv detailed WKT","geometryMatchMethod":"unique_official_admin_names","boundaryPointCount":85},"geometry":{"type":"MultiPolygon","coordinates":[[[[125.075783,7.81379],[125.110893,7.78555],[125.072601,7.75838],[125.029793,7.75207],[125.029617,7.75428],[125.02932,7.75609],[125.029266,7.75727],[125.029716,7.76038],[125.029694,7.76304],[125.02932,7.76492],[125.028664,7.76557],[125.026367,7.76757],[125.025589,7.76874],[125.025902,7.76995],[125.025864,7.77156],[125.025543,7.77261],[125.024529,7.77423],[125.022881,7.77629],[125.021957,7.77784],[125.021721,7.7787],[125.022751,7.77997],[125.023598,7.78064],[125.023956,7.7815],[125.024567,7.78313],[125.024643,7.78448],[125.024223,7.78702],[125.023819,7.78947],[125.023781,7.7907],[125.024078,7.79203],[125.024849,7.79286],[125.025742,7.79374],[125.026443,7.79541],[125.026993,7.79664],[125.028214,7.79763],[125.029541,7.79879],[125.030708,7.79954],[125.031609,7.80033],[125.032356,7.80153],[125.032257,7.80293],[125.032204,7.80303],[125.030731,7.80416],[125.030273,7.80544],[125.030746,7.80597],[125.031517,7.80636],[125.033348,7.80642],[125.033928,7.80639],[125.034271,7.80711],[125.034843,7.80724],[125.035156,7.80791],[125.034431,7.80902],[125.032227,7.81139],[125.030952,7.81312],[125.030258,7.81515],[125.030457,7.81743],[125.031288,7.81824],[125.033249,7.81906],[125.034973,7.81933],[125.036537,7.81929],[125.037987,7.81986],[125.039268,7.82041],[125.041229,7.8206],[125.042877,7.82024],[125.045311,7.81882],[125.047318,7.81773],[125.048813,7.81716],[125.051247,7.81639],[125.054443,7.81462],[125.05587,7.81391],[125.057961,7.81336],[125.059097,7.81284],[125.060593,7.81182],[125.0616,7.81112],[125.0634,7.80961],[125.064339,7.80867],[125.065773,7.80761],[125.068352,7.80694],[125.068901,7.80707],[125.06987,7.80788],[125.070183,7.8083],[125.070923,7.80899],[125.071762,7.8101],[125.072678,7.81091],[125.073883,7.8119],[125.075027,7.81333],[125.075783,7.81379]]]]}},{"type":"Feature","properties":{"ID_0":177,"ISO":"PHL","NAME_0":"Philippines","ID_1":10013,"NAME_1":"Bukidnon","ID_2":1001317,"NAME_2":"Quezon","ID_3":1001317002,"NAME_3":"Cebole","NL_NAME_3":null,"VARNAME_3":null,"TYPE_3":"Barangay","ENGTYPE_3":"Village","PROVINCE":"Bukidnon","REGION":"Region X (Northern Mindanao)","id":"barangay-1001317002","name":"Cebole","barangayCode":"1001317002","population":null,"formattedPop":null,"densityCategory":"No data","vulnerabilityRating":"No data","healthRiskLevel":"No data","areaKm2":6.283551,"centerLat":7.665512,"centerLng":125.096041,"geometrySource":"all_barangay-2.csv detailed WKT","geometryMatchMethod":"unique_official_admin_names","boundaryPointCount":35},"geometry":{"type":"MultiPolygon","coordinates":[[[[125.098412,7.67659],[125.100357,7.67528],[125.102913,7.67371],[125.106117,7.67199],[125.108673,7.67094],[125.112503,7.66888],[125.116669,7.66709],[125.117523,7.66619],[125.117073,7.66406],[125.116043,7.65908],[125.114967,7.6552],[125.114014,7.65231],[125.11245,7.65218],[125.108162,7.65396],[125.106483,7.65491],[125.10511,7.65595],[125.101891,7.65702],[125.10054,7.65743],[125.098152,7.65799],[125.095268,7.6582],[125.092422,7.6584],[125.090309,7.65924],[125.088676,7.66024],[125.086937,7.65995],[125.087677,7.66104],[125.088608,7.66195],[125.089394,7.66304],[125.090523,7.66526],[125.091927,7.66728],[125.093147,7.66853],[125.095177,7.67116],[125.096649,7.67311],[125.09713,7.6744],[125.097733,7.67552],[125.098412,7.67659]]]]}},{"type":"Feature","properties":{"ID_0":177,"ISO":"PHL","NAME_0":"Philippines","ID_1":10013,"NAME_1":"Bukidnon","ID_2":1001317,"NAME_2":"Quezon","ID_3":1001317003,"NAME_3":"Delapa","NL_NAME_3":null,"VARNAME_3":null,"TYPE_3":"Barangay","ENGTYPE_3":"Village","PROVINCE":"Bukidnon","REGION":"Region X (Northern Mindanao)","id":"barangay-1001317003","name":"Delapa","barangayCode":"1001317003","population":null,"formattedPop":null,"densityCategory":"No data","vulnerabilityRating":"No data","healthRiskLevel":"No data","areaKm2":9.568549,"centerLat":7.666021,"centerLng":125.139637,"geometrySource":"all_barangay-2.csv detailed WKT","geometryMatchMethod":"unique_official_admin_names","boundaryPointCount":46},"geometry":{"type":"MultiPolygon","coordinates":[[[[125.156212,7.68657],[125.157631,7.68336],[125.159012,7.68038],[125.160851,7.67729],[125.164528,7.67273],[125.167686,7.66944],[125.171661,7.6662],[125.174713,7.66366],[125.178673,7.66012],[125.181396,7.65715],[125.183144,7.65482],[125.184593,7.65258],[125.185364,7.65063],[125.18631,7.64906],[125.182503,7.64833],[125.179604,7.6481],[125.177063,7.64808],[125.174942,7.6483],[125.171013,7.64893],[125.166527,7.64977],[125.162849,7.65138],[125.161774,7.65212],[125.159737,7.65244],[125.15979,7.65457],[125.158203,7.65669],[125.156387,7.6568],[125.154793,7.65691],[125.15226,7.65703],[125.150124,7.65756],[125.148453,7.65767],[125.146278,7.6579],[125.142723,7.65848],[125.140747,7.65889],[125.138474,7.65973],[125.138206,7.66025],[125.139023,7.66287],[125.140099,7.66724],[125.140793,7.67002],[125.14135,7.67334],[125.142578,7.67607],[125.142967,7.67841],[125.14286,7.68105],[125.150627,7.68189],[125.153229,7.68402],[125.153748,7.6847],[125.156212,7.68657]]]]}},{"type":"Feature","properties":{"ID_0":177,"ISO":"PHL","NAME_0":"Philippines","ID_1":10013,"NAME_1":"Bukidnon","ID_2":1001317,"NAME_2":"Quezon","ID_3":1001317004,"NAME_3":"Dumalama","NL_NAME_3":null,"VARNAME_3":null,"TYPE_3":"Barangay","ENGTYPE_3":"Village","PROVINCE":"Bukidnon","REGION":"Region X (Northern Mindanao)","id":"barangay-1001317004","name":"Dumalama","barangayCode":"1001317004","population":null,"formattedPop":null,"densityCategory":"No data","vulnerabilityRating":"No data","healthRiskLevel":"No data","areaKm2":3.309864,"centerLat":7.75613,"centerLng":125.139026,"geometrySource":"all_barangay-2.csv detailed WKT","geometryMatchMethod":"unique_official_admin_names","boundaryPointCount":30},"geometry":{"type":"MultiPolygon","coordinates":[[[[125.131691,7.76896],[125.144386,7.7668],[125.149979,7.76625],[125.151802,7.76588],[125.152283,7.76512],[125.153923,7.76419],[125.157356,7.76333],[125.162117,7.76138],[125.164177,7.7603],[125.167526,7.75784],[125.170601,7.7559],[125.17363,7.75441],[125.174423,7.75298],[125.17466,7.75095],[125.174026,7.74707],[125.172943,7.74433],[125.172363,7.74318],[125.171013,7.74194],[125.170677,7.74158],[125.167427,7.74039],[125.162163,7.74083],[125.156593,7.74293],[125.154678,7.74385],[125.15036,7.74671],[125.146873,7.74914],[125.144096,7.75201],[125.139763,7.75615],[125.134071,7.75958],[125.131058,7.76075],[125.131691,7.76896]]]]}},{"type":"Feature","properties":{"ID_0":177,"ISO":"PHL","NAME_0":"Philippines","ID_1":10013,"NAME_1":"Bukidnon","ID_2":1001317,"NAME_2":"Quezon","ID_3":1001317006,"NAME_3":"C-Handumanan","NL_NAME_3":null,"VARNAME_3":null,"TYPE_3":"Barangay","ENGTYPE_3":"Village","PROVINCE":"Bukidnon","REGION":"Region X (Northern Mindanao)","id":"barangay-1001317006","name":"C-Handumanan","barangayCode":"1001317006","population":null,"formattedPop":null,"densityCategory":"No data","vulnerabilityRating":"No data","healthRiskLevel":"No data","areaKm2":5.941203,"centerLat":7.635306,"centerLng":125.069971,"geometrySource":"all_barangay-2.csv detailed WKT","geometryMatchMethod":"unique_official_admin_names","boundaryPointCount":26},"geometry":{"type":"MultiPolygon","coordinates":[[[[125.085457,7.65743],[125.085159,7.65591],[125.084396,7.65449],[125.08329,7.65214],[125.08197,7.65023],[125.081291,7.64813],[125.080582,7.64413],[125.081306,7.64175],[125.081169,7.63941],[125.08091,7.63836],[125.073196,7.64184],[125.054466,7.65033],[125.054153,7.651],[125.054283,7.65236],[125.055679,7.65366],[125.055519,7.65465],[125.056458,7.65451],[125.059227,7.65526],[125.061417,7.65575],[125.066994,7.65703],[125.070396,7.65737],[125.073097,7.65702],[125.076332,7.65689],[125.081329,7.65689],[125.084244,7.65705],[125.085457,7.65743]]]]}},{"type":"Feature","properties":{"ID_0":177,"ISO":"PHL","NAME_0":"Philippines","ID_1":10013,"NAME_1":"Bukidnon","ID_2":1001317,"NAME_2":"Quezon","ID_3":1001317007,"NAME_3":"Cawayan","NL_NAME_3":null,"VARNAME_3":null,"TYPE_3":"Barangay","ENGTYPE_3":"Village","PROVINCE":"Bukidnon","REGION":"Region X (Northern Mindanao)","id":"barangay-1001317007","name":"Cawayan","barangayCode":"1001317007","population":null,"formattedPop":null,"densityCategory":"No data","vulnerabilityRating":"No data","healthRiskLevel":"No data","areaKm2":13.29089,"centerLat":7.693846,"centerLng":125.180263,"geometrySource":"all_barangay-2.csv detailed WKT","geometryMatchMethod":"unique_official_admin_names","boundaryPointCount":51},"geometry":{"type":"MultiPolygon","coordinates":[[[[125.176666,7.6941],[125.177589,7.69383],[125.180008,7.69321],[125.189796,7.69214],[125.230003,7.68626],[125.229843,7.68527],[125.230377,7.6822],[125.230827,7.67986],[125.231529,7.67489],[125.232231,7.67374],[125.234459,7.66851],[125.235626,7.66487],[125.237343,7.66208],[125.240349,7.65776],[125.241348,7.65625],[125.243271,7.65212],[125.243622,7.65018],[125.229599,7.65043],[125.227074,7.65299],[125.225243,7.65551],[125.223778,7.65696],[125.221939,7.65834],[125.220703,7.66035],[125.219963,7.66095],[125.217682,7.6627],[125.215637,7.66394],[125.21154,7.66539],[125.209549,7.66635],[125.205757,7.66724],[125.202728,7.66752],[125.196907,7.66839],[125.195129,7.66859],[125.192329,7.66931],[125.189049,7.67079],[125.185677,7.67263],[125.183601,7.67492],[125.181236,7.67733],[125.179001,7.67863],[125.177231,7.67989],[125.174377,7.68136],[125.172096,7.68258],[125.169533,7.68498],[125.166557,7.68765],[125.164322,7.69],[125.162697,7.6908],[125.163483,7.69172],[125.164848,7.69214],[125.166832,7.69302],[125.169022,7.69394],[125.171539,7.69424],[125.176666,7.6941]]]]}},{"type":"Feature","properties":{"ID_0":177,"ISO":"PHL","NAME_0":"Philippines","ID_1":10013,"NAME_1":"Bukidnon","ID_2":1001317,"NAME_2":"Quezon","ID_3":1001317008,"NAME_3":"Kiburiao","NL_NAME_3":null,"VARNAME_3":null,"TYPE_3":"Barangay","ENGTYPE_3":"Village","PROVINCE":"Bukidnon","REGION":"Region X (Northern Mindanao)","id":"barangay-1001317008","name":"Kiburiao","barangayCode":"1001317008","population":null,"formattedPop":null,"densityCategory":"No data","vulnerabilityRating":"No data","healthRiskLevel":"No data","areaKm2":10.029759,"centerLat":7.635841,"centerLng":125.096351,"geometrySource":"all_barangay-2.csv detailed WKT","geometryMatchMethod":"unique_official_admin_names","boundaryPointCount":57},"geometry":{"type":"MultiPolygon","coordinates":[[[[125.086937,7.65995],[125.088676,7.66024],[125.090309,7.65924],[125.092422,7.6584],[125.095268,7.6582],[125.098152,7.65799],[125.10054,7.65743],[125.101891,7.65702],[125.10511,7.65595],[125.106483,7.65491],[125.108162,7.65396],[125.11245,7.65218],[125.114014,7.65231],[125.117317,7.6508],[125.120819,7.65051],[125.122581,7.64979],[125.125076,7.64848],[125.128304,7.64702],[125.13015,7.64641],[125.133011,7.64596],[125.133537,7.64568],[125.134613,7.64572],[125.134972,7.64471],[125.134933,7.64295],[125.134438,7.63956],[125.133133,7.63659],[125.133202,7.63507],[125.133293,7.63444],[125.132439,7.63398],[125.131157,7.63387],[125.129723,7.63442],[125.127098,7.63522],[125.124573,7.63635],[125.123787,7.63879],[125.121887,7.63975],[125.119247,7.64027],[125.11467,7.63922],[125.110802,7.63821],[125.10759,7.63658],[125.105293,7.63495],[125.101334,7.63447],[125.098457,7.63432],[125.095047,7.63512],[125.091873,7.63589],[125.088959,7.63569],[125.08091,7.63836],[125.081169,7.63941],[125.081306,7.64175],[125.080582,7.64413],[125.081291,7.64813],[125.08197,7.65023],[125.08329,7.65214],[125.084396,7.65449],[125.085159,7.65591],[125.085457,7.65743],[125.086403,7.65911],[125.086937,7.65995]]]]}},{"type":"Feature","properties":{"ID_0":177,"ISO":"PHL","NAME_0":"Philippines","ID_1":10013,"NAME_1":"Bukidnon","ID_2":1001317,"NAME_2":"Quezon","ID_3":1001317009,"NAME_3":"Kipaypayon","NL_NAME_3":null,"VARNAME_3":null,"TYPE_3":"Barangay","ENGTYPE_3":"Village","PROVINCE":"Bukidnon","REGION":"Region X (Northern Mindanao)","id":"barangay-1001317009","name":"Kipaypayon","barangayCode":"1001317009","population":null,"formattedPop":null,"densityCategory":"No data","vulnerabilityRating":"No data","healthRiskLevel":"No data","areaKm2":20.553842,"centerLat":7.777238,"centerLng":125.169586,"geometrySource":"all_barangay-2.csv detailed WKT","geometryMatchMethod":"unique_official_admin_names","boundaryPointCount":70},"geometry":{"type":"MultiPolygon","coordinates":[[[[125.131691,7.76896],[125.143089,7.76897],[125.143959,7.76876],[125.145393,7.76861],[125.148598,7.76915],[125.152077,7.77048],[125.155563,7.77193],[125.160797,7.77463],[125.164398,7.777],[125.167397,7.77842],[125.173714,7.78111],[125.180153,7.78376],[125.187424,7.78679],[125.191566,7.78865],[125.196907,7.79071],[125.203506,7.79156],[125.211327,7.79167],[125.2174,7.79073],[125.224091,7.78928],[125.229797,7.7875],[125.233513,7.78546],[125.237053,7.78258],[125.240646,7.78062],[125.241959,7.77924],[125.243477,7.77715],[125.244583,7.77419],[125.244904,7.76758],[125.24427,7.7632],[125.243607,7.76064],[125.243599,7.75824],[125.241547,7.7583],[125.239037,7.75856],[125.235222,7.75892],[125.231087,7.75912],[125.227867,7.75931],[125.223541,7.75968],[125.221138,7.7599],[125.218033,7.76005],[125.214813,7.75986],[125.212807,7.75922],[125.210892,7.75874],[125.209152,7.75903],[125.207352,7.75898],[125.205238,7.75823],[125.203789,7.75745],[125.201828,7.7565],[125.200882,7.75618],[125.198433,7.75608],[125.194206,7.75601],[125.192139,7.75629],[125.189232,7.75728],[125.187469,7.75784],[125.185837,7.75793],[125.183838,7.7568],[125.181877,7.75525],[125.179497,7.75414],[125.177109,7.75378],[125.174927,7.75416],[125.17363,7.75441],[125.170601,7.7559],[125.167526,7.75784],[125.164177,7.7603],[125.162117,7.76138],[125.157356,7.76333],[125.153923,7.76419],[125.152283,7.76512],[125.151802,7.76588],[125.149979,7.76625],[125.144386,7.7668],[125.131691,7.76896]]]]}},{"type":"Feature","properties":{"ID_0":177,"ISO":"PHL","NAME_0":"Philippines","ID_1":10013,"NAME_1":"Bukidnon","ID_2":1001317,"NAME_2":"Quezon","ID_3":1001317010,"NAME_3":"Libertad","NL_NAME_3":null,"VARNAME_3":null,"TYPE_3":"Barangay","ENGTYPE_3":"Village","PROVINCE":"Bukidnon","REGION":"Region X (Northern Mindanao)","id":"barangay-1001317010","name":"Libertad","barangayCode":"1001317010","population":null,"formattedPop":null,"densityCategory":"No data","vulnerabilityRating":"No data","healthRiskLevel":"No data","areaKm2":5.806165,"centerLat":7.720059,"centerLng":125.120253,"geometrySource":"all_barangay-2.csv detailed WKT","geometryMatchMethod":"unique_official_admin_names","boundaryPointCount":41},"geometry":{"type":"MultiPolygon","coordinates":[[[[125.137047,7.72994],[125.141563,7.72855],[125.147377,7.72709],[125.149406,7.72656],[125.156853,7.72392],[125.161324,7.72217],[125.166153,7.72138],[125.169861,7.7214],[125.170967,7.72227],[125.171631,7.72106],[125.172119,7.71877],[125.172623,7.71594],[125.173218,7.71161],[125.173599,7.70938],[125.174294,7.70579],[125.174927,7.70158],[125.175247,7.69882],[125.176666,7.6941],[125.171539,7.69424],[125.169022,7.69394],[125.166832,7.69302],[125.164848,7.69214],[125.163483,7.69172],[125.162697,7.6908],[125.157028,7.69505],[125.155907,7.69626],[125.152359,7.69947],[125.149933,7.70139],[125.145752,7.70415],[125.144188,7.70486],[125.140244,7.70585],[125.137154,7.70641],[125.134949,7.70703],[125.131607,7.70802],[125.127853,7.70913],[125.123444,7.7113],[125.119591,7.71321],[125.116608,7.71495],[125.114838,7.71595],[125.112038,7.71735],[125.137047,7.72994]]]]}},{"type":"Feature","properties":{"ID_0":177,"ISO":"PHL","NAME_0":"Philippines","ID_1":10013,"NAME_1":"Bukidnon","ID_2":1001317,"NAME_2":"Quezon","ID_3":1001317012,"NAME_3":"Linabo","NL_NAME_3":null,"VARNAME_3":null,"TYPE_3":"Barangay","ENGTYPE_3":"Village","PROVINCE":"Bukidnon","REGION":"Region X (Northern Mindanao)","id":"barangay-1001317012","name":"Linabo","barangayCode":"1001317012","population":null,"formattedPop":null,"densityCategory":"No data","vulnerabilityRating":"No data","healthRiskLevel":"No data","areaKm2":26.166813,"centerLat":7.654737,"centerLng":125.187552,"geometrySource":"all_barangay-2.csv detailed WKT","geometryMatchMethod":"unique_official_admin_names","boundaryPointCount":61},"geometry":{"type":"MultiPolygon","coordinates":[[[[125.229599,7.65043],[125.243622,7.65018],[125.244713,7.64662],[125.245453,7.64498],[125.24688,7.64421],[125.248756,7.64384],[125.249687,7.64374],[125.252411,7.64373],[125.252411,7.64208],[125.251617,7.64156],[125.250893,7.63971],[125.250687,7.63889],[125.250328,7.63594],[125.25013,7.63323],[125.25013,7.63242],[125.250427,7.63037],[125.250687,7.62837],[125.251747,7.62547],[125.253326,7.6228],[125.253601,7.62215],[125.25415,7.62068],[125.255623,7.61579],[125.25592,7.61407],[125.256027,7.61185],[125.256363,7.60826],[125.256477,7.60538],[125.256104,7.60339],[125.254738,7.60124],[125.2537,7.60005],[125.249443,7.60056],[125.246597,7.60093],[125.243401,7.60162],[125.239227,7.60298],[125.236877,7.60399],[125.232063,7.60569],[125.229927,7.60703],[125.222588,7.61038],[125.222397,7.61228],[125.223457,7.61753],[125.223831,7.62036],[125.223,7.62269],[125.220047,7.62512],[125.216652,7.62712],[125.215401,7.6275],[125.213188,7.62999],[125.212372,7.63203],[125.211952,7.63687],[125.21183,7.64051],[125.211571,7.64183],[125.214523,7.64145],[125.215179,7.64098],[125.217468,7.6402],[125.219803,7.63948],[125.221901,7.63891],[125.22332,7.63884],[125.224701,7.63893],[125.226921,7.63982],[125.228523,7.64211],[125.229347,7.6456],[125.229507,7.64869],[125.229599,7.65043]]]]}},{"type":"Feature","properties":{"ID_0":177,"ISO":"PHL","NAME_0":"Philippines","ID_1":10013,"NAME_1":"Bukidnon","ID_2":1001317,"NAME_2":"Quezon","ID_3":1001317013,"NAME_3":"Lipa","NL_NAME_3":null,"VARNAME_3":null,"TYPE_3":"Barangay","ENGTYPE_3":"Village","PROVINCE":"Bukidnon","REGION":"Region X (Northern Mindanao)","id":"barangay-1001317013","name":"Lipa","barangayCode":"1001317013","population":null,"formattedPop":null,"densityCategory":"No data","vulnerabilityRating":"No data","healthRiskLevel":"No data","areaKm2":21.943292,"centerLat":7.629211,"centerLng":125.161762,"geometrySource":"all_barangay-2.csv detailed WKT","geometryMatchMethod":"unique_official_admin_names","boundaryPointCount":54},"geometry":{"type":"MultiPolygon","coordinates":[[[[125.18631,7.64906],[125.187637,7.64781],[125.188622,7.64689],[125.192879,7.64542],[125.196762,7.64475],[125.200974,7.64364],[125.207176,7.6421],[125.211571,7.64183],[125.21183,7.64051],[125.211952,7.63687],[125.212372,7.63203],[125.213188,7.62999],[125.215401,7.6275],[125.216652,7.62712],[125.220047,7.62512],[125.223,7.62269],[125.223831,7.62036],[125.223457,7.61753],[125.222397,7.61228],[125.222588,7.61038],[125.221611,7.61069],[125.216919,7.61248],[125.211906,7.61331],[125.208076,7.61369],[125.203148,7.61471],[125.198723,7.61556],[125.191338,7.6184],[125.183487,7.62103],[125.175751,7.62442],[125.170387,7.62667],[125.16095,7.63009],[125.15313,7.63185],[125.147903,7.63256],[125.145531,7.63217],[125.145119,7.63369],[125.145699,7.63369],[125.146393,7.63476],[125.14682,7.63607],[125.148369,7.63919],[125.15136,7.64195],[125.153687,7.6438],[125.156326,7.64579],[125.157417,7.64702],[125.158653,7.64978],[125.159737,7.65244],[125.161774,7.65212],[125.162849,7.65138],[125.166527,7.64977],[125.171013,7.64893],[125.174942,7.6483],[125.177063,7.64808],[125.179604,7.6481],[125.182503,7.64833],[125.18631,7.64906]]]]}},{"type":"Feature","properties":{"ID_0":177,"ISO":"PHL","NAME_0":"Philippines","ID_1":10013,"NAME_1":"Bukidnon","ID_2":1001317,"NAME_2":"Quezon","ID_3":1001317014,"NAME_3":"Lumintao","NL_NAME_3":null,"VARNAME_3":null,"TYPE_3":"Barangay","ENGTYPE_3":"Village","PROVINCE":"Bukidnon","REGION":"Region X (Northern Mindanao)","id":"barangay-1001317014","name":"Lumintao","barangayCode":"1001317014","population":null,"formattedPop":null,"densityCategory":"No data","vulnerabilityRating":"No data","healthRiskLevel":"No data","areaKm2":64.713454,"centerLat":7.786942,"centerLng":125.235224,"geometrySource":"all_barangay-2.csv detailed WKT","geometryMatchMethod":"unique_official_admin_names","boundaryPointCount":128},"geometry":{"type":"MultiPolygon","coordinates":[[[[125.271339,7.82163],[125.273849,7.82072],[125.275864,7.81989],[125.27758,7.81843],[125.278816,7.8171],[125.281776,7.81496],[125.286209,7.81288],[125.28875,7.81177],[125.291199,7.81052],[125.295578,7.80946],[125.298668,7.80853],[125.300377,7.8079],[125.302818,7.80702],[125.304893,7.80646],[125.307739,7.80558],[125.31057,7.80402],[125.316917,7.80308],[125.323547,7.80301],[125.33036,7.80269],[125.332642,7.80227],[125.331146,7.7998],[125.329681,7.79644],[125.326958,7.79287],[125.325317,7.79055],[125.323837,7.78852],[125.320969,7.78478],[125.319893,7.78272],[125.318649,7.78136],[125.317123,7.779],[125.315804,7.77711],[125.314583,7.77507],[125.313103,7.77245],[125.311569,7.76872],[125.311119,7.76624],[125.309013,7.76109],[125.308327,7.75726],[125.309677,7.75139],[125.31221,7.74729],[125.311783,7.74255],[125.311523,7.73861],[125.310898,7.73597],[125.31102,7.73454],[125.310143,7.72956],[125.303848,7.71828],[125.304321,7.7152],[125.303352,7.7134],[125.239059,7.72515],[125.239059,7.72779],[125.239754,7.73149],[125.240463,7.73536],[125.241241,7.73862],[125.241547,7.74143],[125.242218,7.74369],[125.24247,7.74623],[125.242706,7.74793],[125.242722,7.75182],[125.243217,7.7542],[125.243736,7.75636],[125.243599,7.75824],[125.243607,7.76064],[125.24427,7.7632],[125.244904,7.76758],[125.244583,7.77419],[125.243477,7.77715],[125.241959,7.77924],[125.240646,7.78062],[125.237053,7.78258],[125.233513,7.78546],[125.229797,7.7875],[125.224091,7.78928],[125.2174,7.79073],[125.211327,7.79167],[125.203506,7.79156],[125.196907,7.79071],[125.191566,7.78865],[125.187424,7.78679],[125.180153,7.78376],[125.173714,7.78111],[125.167397,7.77842],[125.164398,7.777],[125.160797,7.77463],[125.155563,7.77193],[125.152077,7.77048],[125.148598,7.76915],[125.145393,7.76861],[125.143959,7.76876],[125.143089,7.76897],[125.131691,7.76896],[125.11808,7.77972],[125.110893,7.78555],[125.123169,7.78871],[125.123222,7.78847],[125.153503,7.79438],[125.153839,7.79528],[125.156212,7.79452],[125.157654,7.79548],[125.159111,7.79566],[125.161133,7.79572],[125.162857,7.79678],[125.16507,7.79963],[125.168137,7.80153],[125.171242,7.80235],[125.176666,7.80333],[125.18309,7.8056],[125.185287,7.80669],[125.187218,7.80752],[125.191277,7.80884],[125.193893,7.80991],[125.199318,7.81206],[125.202591,7.81323],[125.205406,7.81409],[125.209618,7.81483],[125.216057,7.81546],[125.219887,7.81569],[125.223663,7.8158],[125.22744,7.81641],[125.232841,7.81793],[125.236229,7.81905],[125.241783,7.82109],[125.244766,7.82181],[125.248131,7.82201],[125.251549,7.82193],[125.25441,7.82239],[125.258942,7.82352],[125.260902,7.82379],[125.263771,7.82363],[125.266808,7.82329],[125.271339,7.82163]]]]}},{"type":"Feature","properties":{"ID_0":177,"ISO":"PHL","NAME_0":"Philippines","ID_1":10013,"NAME_1":"Bukidnon","ID_2":1001317,"NAME_2":"Quezon","ID_3":1001317016,"NAME_3":"Magsaysay","NL_NAME_3":null,"VARNAME_3":null,"TYPE_3":"Barangay","ENGTYPE_3":"Village","PROVINCE":"Bukidnon","REGION":"Region X (Northern Mindanao)","id":"barangay-1001317016","name":"Magsaysay","barangayCode":"1001317016","population":null,"formattedPop":null,"densityCategory":"No data","vulnerabilityRating":"No data","healthRiskLevel":"No data","areaKm2":14.511091,"centerLat":7.751173,"centerLng":125.171876,"geometrySource":"all_barangay-2.csv detailed WKT","geometryMatchMethod":"unique_official_admin_names","boundaryPointCount":74},"geometry":{"type":"MultiPolygon","coordinates":[[[[125.243599,7.75824],[125.243736,7.75636],[125.243217,7.7542],[125.242722,7.75182],[125.242706,7.74793],[125.24247,7.74623],[125.242218,7.74369],[125.241547,7.74143],[125.241241,7.73862],[125.240463,7.73536],[125.239754,7.73149],[125.239059,7.72779],[125.239059,7.72515],[125.237022,7.72559],[125.235222,7.72491],[125.231667,7.72322],[125.22924,7.72202],[125.227791,7.72223],[125.224419,7.72395],[125.222023,7.72563],[125.220718,7.72593],[125.218948,7.72592],[125.217697,7.7259],[125.21373,7.72675],[125.211449,7.72726],[125.208656,7.72733],[125.204712,7.72735],[125.199837,7.72775],[125.195557,7.72902],[125.193962,7.73002],[125.19191,7.73097],[125.191208,7.73184],[125.189018,7.73378],[125.187378,7.73439],[125.183289,7.73604],[125.18119,7.73702],[125.176308,7.7398],[125.173843,7.74172],[125.172974,7.74272],[125.172363,7.74318],[125.172943,7.74433],[125.174026,7.74707],[125.17466,7.75095],[125.174423,7.75298],[125.17363,7.75441],[125.174927,7.75416],[125.177109,7.75378],[125.179497,7.75414],[125.181877,7.75525],[125.183838,7.7568],[125.185837,7.75793],[125.187469,7.75784],[125.189232,7.75728],[125.192139,7.75629],[125.194206,7.75601],[125.198433,7.75608],[125.200882,7.75618],[125.201828,7.7565],[125.203789,7.75745],[125.205238,7.75823],[125.207352,7.75898],[125.209152,7.75903],[125.210892,7.75874],[125.212807,7.75922],[125.214813,7.75986],[125.218033,7.76005],[125.221138,7.7599],[125.223541,7.75968],[125.227867,7.75931],[125.231087,7.75912],[125.235222,7.75892],[125.239037,7.75856],[125.241547,7.7583],[125.243599,7.75824]]]]}},{"type":"Feature","properties":{"ID_0":177,"ISO":"PHL","NAME_0":"Philippines","ID_1":10013,"NAME_1":"Bukidnon","ID_2":1001317,"NAME_2":"Quezon","ID_3":1001317017,"NAME_3":"Mahayag","NL_NAME_3":null,"VARNAME_3":null,"TYPE_3":"Barangay","ENGTYPE_3":"Village","PROVINCE":"Bukidnon","REGION":"Region X (Northern Mindanao)","id":"barangay-1001317017","name":"Mahayag","barangayCode":"1001317017","population":null,"formattedPop":null,"densityCategory":"No data","vulnerabilityRating":"No data","healthRiskLevel":"No data","areaKm2":5.433643,"centerLat":7.735817,"centerLng":125.149906,"geometrySource":"all_barangay-2.csv detailed WKT","geometryMatchMethod":"unique_official_admin_names","boundaryPointCount":46},"geometry":{"type":"MultiPolygon","coordinates":[[[[125.172363,7.74318],[125.172974,7.74272],[125.173843,7.74172],[125.176308,7.7398],[125.18119,7.73702],[125.183289,7.73604],[125.187378,7.73439],[125.189018,7.73378],[125.191208,7.73184],[125.19191,7.73097],[125.191788,7.72933],[125.190277,7.72622],[125.188026,7.72423],[125.184464,7.72267],[125.180771,7.72191],[125.178673,7.72184],[125.173843,7.72225],[125.171257,7.72249],[125.170921,7.72236],[125.169861,7.7214],[125.166153,7.72138],[125.161324,7.72217],[125.156853,7.72392],[125.149406,7.72656],[125.147377,7.72709],[125.141563,7.72855],[125.137047,7.72994],[125.136147,7.73223],[125.134689,7.73705],[125.133636,7.74186],[125.132477,7.74716],[125.131432,7.75134],[125.130867,7.75773],[125.131058,7.76075],[125.134071,7.75958],[125.139763,7.75615],[125.144096,7.75201],[125.146873,7.74914],[125.15036,7.74671],[125.154678,7.74385],[125.156593,7.74293],[125.162163,7.74083],[125.167427,7.74039],[125.170677,7.74158],[125.171013,7.74194],[125.172363,7.74318]]]]}},{"type":"Feature","properties":{"ID_0":177,"ISO":"PHL","NAME_0":"Philippines","ID_1":10013,"NAME_1":"Bukidnon","ID_2":1001317,"NAME_2":"Quezon","ID_3":1001317018,"NAME_3":"Manuto","NL_NAME_3":null,"VARNAME_3":null,"TYPE_3":"Barangay","ENGTYPE_3":"Village","PROVINCE":"Bukidnon","REGION":"Region X (Northern Mindanao)","id":"barangay-1001317018","name":"Manuto","barangayCode":"1001317018","population":null,"formattedPop":null,"densityCategory":"No data","vulnerabilityRating":"No data","healthRiskLevel":"No data","areaKm2":12.698785,"centerLat":7.686266,"centerLng":125.081465,"geometrySource":"all_barangay-2.csv detailed WKT","geometryMatchMethod":"unique_official_admin_names","boundaryPointCount":93},"geometry":{"type":"MultiPolygon","coordinates":[[[[125.078918,7.70844],[125.079353,7.70868],[125.080017,7.70846],[125.080963,7.70806],[125.081711,7.70849],[125.083008,7.709],[125.083427,7.70923],[125.084358,7.70939],[125.085022,7.70737],[125.085617,7.70646],[125.086548,7.7059],[125.087708,7.70498],[125.088913,7.70417],[125.089928,7.70405],[125.091652,7.70447],[125.092751,7.7055],[125.093269,7.70602],[125.094101,7.70649],[125.095016,7.70694],[125.095787,7.70714],[125.096489,7.70683],[125.097237,7.70661],[125.097977,7.70688],[125.097801,7.70759],[125.097717,7.70845],[125.097763,7.7093],[125.097878,7.70972],[125.098213,7.71016],[125.098824,7.71057],[125.099693,7.70935],[125.099709,7.70869],[125.100327,7.70761],[125.101753,7.70682],[125.103012,7.70529],[125.102409,7.70428],[125.101753,7.70342],[125.099937,7.70267],[125.099541,7.7019],[125.099602,7.69984],[125.099991,7.69794],[125.100166,7.69601],[125.099869,7.69438],[125.100029,7.69231],[125.100761,7.69163],[125.101402,7.69228],[125.102783,7.69264],[125.104179,7.69225],[125.107567,7.6917],[125.108551,7.69172],[125.110268,7.69135],[125.111259,7.69042],[125.107758,7.68692],[125.10759,7.68659],[125.1045,7.68405],[125.101761,7.68126],[125.09964,7.67829],[125.098778,7.67717],[125.098412,7.67659],[125.09787,7.67695],[125.096077,7.67738],[125.09362,7.67844],[125.091583,7.67858],[125.088783,7.67919],[125.085403,7.68023],[125.081146,7.68159],[125.079437,7.68214],[125.075844,7.68297],[125.073013,7.6845],[125.071579,7.6861],[125.072273,7.6872],[125.072594,7.68798],[125.073792,7.6898],[125.074097,7.69158],[125.07386,7.69222],[125.074242,7.69386],[125.074944,7.69539],[125.075684,7.69573],[125.077347,7.69559],[125.078247,7.69487],[125.078934,7.69546],[125.080292,7.69679],[125.081329,7.69741],[125.083023,7.69907],[125.082939,7.70066],[125.082573,7.70273],[125.082397,7.70413],[125.081589,7.70409],[125.080551,7.70373],[125.079643,7.70454],[125.079514,7.70677],[125.079376,7.70735],[125.078949,7.70808],[125.078918,7.70844]]]]}},{"type":"Feature","properties":{"ID_0":177,"ISO":"PHL","NAME_0":"Philippines","ID_1":10013,"NAME_1":"Bukidnon","ID_2":1001317,"NAME_2":"Quezon","ID_3":1001317019,"NAME_3":"Merangerang","NL_NAME_3":null,"VARNAME_3":null,"TYPE_3":"Barangay","ENGTYPE_3":"Village","PROVINCE":"Bukidnon","REGION":"Region X (Northern Mindanao)","id":"barangay-1001317019","name":"Merangerang","barangayCode":"1001317019","population":null,"formattedPop":null,"densityCategory":"No data","vulnerabilityRating":"No data","healthRiskLevel":"No data","areaKm2":17.427145,"centerLat":7.753441,"centerLng":125.116934,"geometrySource":"all_barangay-2.csv detailed WKT","geometryMatchMethod":"unique_official_admin_names","boundaryPointCount":32},"geometry":{"type":"MultiPolygon","coordinates":[[[[125.131691,7.76896],[125.131058,7.76075],[125.130867,7.75773],[125.131432,7.75134],[125.132477,7.74716],[125.133636,7.74186],[125.134689,7.73705],[125.136147,7.73223],[125.137047,7.72994],[125.121758,7.75076],[125.119713,7.75199],[125.117607,7.75256],[125.115898,7.75241],[125.11187,7.75253],[125.108963,7.75306],[125.105118,7.7533],[125.100357,7.75255],[125.097572,7.75204],[125.092567,7.75138],[125.088257,7.75124],[125.085373,7.75086],[125.082672,7.75095],[125.081802,7.75132],[125.080109,7.75059],[125.07814,7.74957],[125.076591,7.75295],[125.074387,7.75585],[125.073097,7.75766],[125.072601,7.75838],[125.110893,7.78555],[125.11808,7.77972],[125.131691,7.76896]]]]}},{"type":"Feature","properties":{"ID_0":177,"ISO":"PHL","NAME_0":"Philippines","ID_1":10013,"NAME_1":"Bukidnon","ID_2":1001317,"NAME_2":"Quezon","ID_3":1001317020,"NAME_3":"Mibantang","NL_NAME_3":null,"VARNAME_3":null,"TYPE_3":"Barangay","ENGTYPE_3":"Village","PROVINCE":"Bukidnon","REGION":"Region X (Northern Mindanao)","id":"barangay-1001317020","name":"Mibantang","barangayCode":"1001317020","population":null,"formattedPop":null,"densityCategory":"No data","vulnerabilityRating":"No data","healthRiskLevel":"No data","areaKm2":4.07385,"centerLat":7.668261,"centerLng":125.115968,"geometrySource":"all_barangay-2.csv detailed WKT","geometryMatchMethod":"unique_official_admin_names","boundaryPointCount":43},"geometry":{"type":"MultiPolygon","coordinates":[[[[125.14286,7.68105],[125.142967,7.67841],[125.142578,7.67607],[125.14135,7.67334],[125.140793,7.67002],[125.140099,7.66724],[125.139023,7.66287],[125.138206,7.66025],[125.134903,7.66115],[125.132858,7.66152],[125.129677,7.66204],[125.126793,7.6628],[125.123253,7.66363],[125.12088,7.66438],[125.118889,7.66561],[125.116669,7.66709],[125.112503,7.66888],[125.108673,7.67094],[125.106117,7.67199],[125.102913,7.67371],[125.100357,7.67528],[125.098412,7.67659],[125.098778,7.67717],[125.09964,7.67829],[125.101761,7.68126],[125.1045,7.68405],[125.10759,7.68659],[125.107758,7.68692],[125.111259,7.69042],[125.11322,7.68874],[125.115768,7.68773],[125.118134,7.6871],[125.119171,7.6866],[125.120049,7.68612],[125.121964,7.6857],[125.125954,7.68506],[125.127579,7.6846],[125.130386,7.68412],[125.13456,7.6839],[125.136276,7.68372],[125.139137,7.68345],[125.141891,7.68291],[125.14286,7.68105]]]]}},{"type":"Feature","properties":{"ID_0":177,"ISO":"PHL","NAME_0":"Philippines","ID_1":10013,"NAME_1":"Bukidnon","ID_2":1001317,"NAME_2":"Quezon","ID_3":1001317021,"NAME_3":"Minongan","NL_NAME_3":null,"VARNAME_3":null,"TYPE_3":"Barangay","ENGTYPE_3":"Village","PROVINCE":"Bukidnon","REGION":"Region X (Northern Mindanao)","id":"barangay-1001317021","name":"Minongan","barangayCode":"1001317021","population":null,"formattedPop":null,"densityCategory":"No data","vulnerabilityRating":"No data","healthRiskLevel":"No data","areaKm2":12.170789,"centerLat":7.71538,"centerLng":125.149701,"geometrySource":"all_barangay-2.csv detailed WKT","geometryMatchMethod":"unique_official_admin_names","boundaryPointCount":54},"geometry":{"type":"MultiPolygon","coordinates":[[[[125.239059,7.72515],[125.239212,7.71882],[125.239128,7.71843],[125.240067,7.71016],[125.239967,7.70746],[125.239342,7.70167],[125.238411,7.69895],[125.236267,7.69604],[125.234337,7.6939],[125.231819,7.69024],[125.230789,7.68782],[125.230003,7.68626],[125.189796,7.69214],[125.180008,7.69321],[125.177589,7.69383],[125.176666,7.6941],[125.175247,7.69882],[125.174927,7.70158],[125.174294,7.70579],[125.173599,7.70938],[125.173218,7.71161],[125.172623,7.71594],[125.172119,7.71877],[125.171631,7.72106],[125.170967,7.72227],[125.169861,7.7214],[125.170921,7.72236],[125.171257,7.72249],[125.173843,7.72225],[125.178673,7.72184],[125.180771,7.72191],[125.184464,7.72267],[125.188026,7.72423],[125.190277,7.72622],[125.191788,7.72933],[125.19191,7.73097],[125.193962,7.73002],[125.195557,7.72902],[125.199837,7.72775],[125.204712,7.72735],[125.208656,7.72733],[125.211449,7.72726],[125.21373,7.72675],[125.217697,7.7259],[125.218948,7.72592],[125.220718,7.72593],[125.222023,7.72563],[125.224419,7.72395],[125.227791,7.72223],[125.22924,7.72202],[125.231667,7.72322],[125.235222,7.72491],[125.237022,7.72559],[125.239059,7.72515]]]]}},{"type":"Feature","properties":{"ID_0":177,"ISO":"PHL","NAME_0":"Philippines","ID_1":10013,"NAME_1":"Bukidnon","ID_2":1001317,"NAME_2":"Quezon","ID_3":1001317022,"NAME_3":"Minsamongan","NL_NAME_3":null,"VARNAME_3":null,"TYPE_3":"Barangay","ENGTYPE_3":"Village","PROVINCE":"Bukidnon","REGION":"Region X (Northern Mindanao)","id":"barangay-1001317022","name":"Minsamongan","barangayCode":"1001317022","population":null,"formattedPop":null,"densityCategory":"No data","vulnerabilityRating":"No data","healthRiskLevel":"No data","areaKm2":8.987821,"centerLat":7.655833,"centerLng":125.07011,"geometrySource":"all_barangay-2.csv detailed WKT","geometryMatchMethod":"unique_official_admin_names","boundaryPointCount":65},"geometry":{"type":"MultiPolygon","coordinates":[[[[125.098412,7.67659],[125.097733,7.67552],[125.09713,7.6744],[125.096649,7.67311],[125.095177,7.67116],[125.093147,7.66853],[125.091927,7.66728],[125.090523,7.66526],[125.089394,7.66304],[125.088608,7.66195],[125.087677,7.66104],[125.086937,7.65995],[125.086403,7.65911],[125.085457,7.65743],[125.084244,7.65705],[125.081329,7.65689],[125.076332,7.65689],[125.073097,7.65702],[125.070396,7.65737],[125.066994,7.65703],[125.061417,7.65575],[125.059227,7.65526],[125.056458,7.65451],[125.055519,7.65465],[125.054626,7.65523],[125.053642,7.65569],[125.052757,7.65618],[125.051163,7.65744],[125.05072,7.65828],[125.05072,7.65962],[125.051262,7.66098],[125.052147,7.66202],[125.053032,7.66312],[125.053146,7.66505],[125.052979,7.66592],[125.054024,7.6672],[125.055229,7.66858],[125.055656,7.6699],[125.055458,7.67165],[125.056229,7.67373],[125.056778,7.67448],[125.059158,7.67519],[125.060577,7.67521],[125.061378,7.67594],[125.061974,7.67717],[125.061928,7.67813],[125.061974,7.67917],[125.063347,7.68021],[125.0644,7.68145],[125.064819,7.68293],[125.065857,7.68536],[125.067719,7.68689],[125.069618,7.6863],[125.071579,7.6861],[125.073013,7.6845],[125.075844,7.68297],[125.079437,7.68214],[125.081146,7.68159],[125.085403,7.68023],[125.088783,7.67919],[125.091583,7.67858],[125.09362,7.67844],[125.096077,7.67738],[125.09787,7.67695],[125.098412,7.67659]]]]}},{"type":"Feature","properties":{"ID_0":177,"ISO":"PHL","NAME_0":"Philippines","ID_1":10013,"NAME_1":"Bukidnon","ID_2":1001317,"NAME_2":"Quezon","ID_3":1001317025,"NAME_3":"Paitan","NL_NAME_3":null,"VARNAME_3":null,"TYPE_3":"Barangay","ENGTYPE_3":"Village","PROVINCE":"Bukidnon","REGION":"Region X (Northern Mindanao)","id":"barangay-1001317025","name":"Paitan","barangayCode":"1001317025","population":null,"formattedPop":null,"densityCategory":"No data","vulnerabilityRating":"No data","healthRiskLevel":"No data","areaKm2":16.015685,"centerLat":7.815327,"centerLng":125.10824,"geometrySource":"all_barangay-2.csv detailed WKT","geometryMatchMethod":"unique_official_admin_names","boundaryPointCount":96},"geometry":{"type":"MultiPolygon","coordinates":[[[[125.112717,7.83106],[125.115288,7.82937],[125.115013,7.82756],[125.114342,7.82487],[125.114288,7.82439],[125.114769,7.82289],[125.115753,7.82227],[125.118187,7.82132],[125.118851,7.82178],[125.119476,7.82186],[125.119629,7.81919],[125.120697,7.81682],[125.12162,7.81585],[125.121964,7.8148],[125.123444,7.8141],[125.124153,7.81386],[125.125076,7.81282],[125.127403,7.81014],[125.128563,7.80891],[125.129669,7.80771],[125.130943,7.80683],[125.131073,7.80585],[125.131897,7.80484],[125.133171,7.80242],[125.133476,7.8013],[125.134583,7.80005],[125.135674,7.79806],[125.137238,7.79666],[125.139351,7.7954],[125.141487,7.79467],[125.143463,7.79582],[125.144432,7.7955],[125.145302,7.79466],[125.146103,7.79431],[125.147873,7.79428],[125.149651,7.79508],[125.151741,7.79525],[125.152649,7.79505],[125.153503,7.79438],[125.123222,7.78847],[125.123169,7.78871],[125.110893,7.78555],[125.075783,7.81379],[125.076797,7.81511],[125.078003,7.81594],[125.08049,7.8169],[125.081688,7.81775],[125.081497,7.81843],[125.080566,7.81855],[125.079117,7.81782],[125.078331,7.81713],[125.077652,7.81837],[125.078239,7.81952],[125.079536,7.82114],[125.080017,7.82179],[125.080994,7.82332],[125.081589,7.82408],[125.083412,7.82523],[125.084801,7.82545],[125.086098,7.82554],[125.087303,7.82592],[125.090218,7.8281],[125.090973,7.82897],[125.09166,7.83061],[125.091812,7.83244],[125.092888,7.83345],[125.093887,7.83392],[125.094658,7.83471],[125.095329,7.83456],[125.096642,7.83573],[125.097137,7.83518],[125.097923,7.83526],[125.099297,7.83774],[125.100449,7.83928],[125.102676,7.8413],[125.103706,7.84373],[125.104134,7.84333],[125.104492,7.84262],[125.105026,7.84228],[125.106247,7.84258],[125.105759,7.84156],[125.10611,7.84034],[125.106697,7.83985],[125.106827,7.8388],[125.107292,7.83798],[125.106461,7.83706],[125.106453,7.83581],[125.106934,7.83517],[125.10672,7.83357],[125.107597,7.8336],[125.108871,7.83388],[125.108551,7.83284],[125.108681,7.83205],[125.109009,7.83207],[125.110512,7.83151],[125.112717,7.83106]]]]}},{"type":"Feature","properties":{"ID_0":177,"ISO":"PHL","NAME_0":"Philippines","ID_1":10013,"NAME_1":"Bukidnon","ID_2":1001317,"NAME_2":"Quezon","ID_3":1001317026,"NAME_3":"Palacapao","NL_NAME_3":null,"VARNAME_3":null,"TYPE_3":"Barangay","ENGTYPE_3":"Village","PROVINCE":"Bukidnon","REGION":"Region X (Northern Mindanao)","id":"barangay-1001317026","name":"Palacapao","barangayCode":"1001317026","population":null,"formattedPop":null,"densityCategory":"No data","vulnerabilityRating":"No data","healthRiskLevel":"No data","areaKm2":25.690342,"centerLat":7.606411,"centerLng":125.175192,"geometrySource":"all_barangay-2.csv detailed WKT","geometryMatchMethod":"unique_official_admin_names","boundaryPointCount":58},"geometry":{"type":"MultiPolygon","coordinates":[[[[125.144669,7.61594],[125.144836,7.61917],[125.145187,7.62154],[125.145592,7.62427],[125.145493,7.62751],[125.145576,7.62854],[125.145531,7.63217],[125.147903,7.63256],[125.15313,7.63185],[125.16095,7.63009],[125.170387,7.62667],[125.175751,7.62442],[125.183487,7.62103],[125.191338,7.6184],[125.198723,7.61556],[125.203148,7.61471],[125.208076,7.61369],[125.211906,7.61331],[125.216919,7.61248],[125.221611,7.61069],[125.222588,7.61038],[125.229927,7.60703],[125.232063,7.60569],[125.236877,7.60399],[125.239227,7.60298],[125.243401,7.60162],[125.246597,7.60093],[125.249443,7.60056],[125.2537,7.60005],[125.253357,7.59931],[125.253181,7.5979],[125.253082,7.59617],[125.252861,7.59453],[125.252182,7.59312],[125.251839,7.59212],[125.252182,7.59123],[125.252762,7.58995],[125.252693,7.58854],[125.252617,7.58654],[125.252693,7.58493],[125.252403,7.58249],[125.252159,7.58069],[125.252037,7.57984],[125.250427,7.57939],[125.248238,7.58024],[125.246429,7.58149],[125.2435,7.58357],[125.240959,7.58552],[125.239464,7.58716],[125.235817,7.58799],[125.232758,7.58796],[125.229057,7.58813],[125.226929,7.58858],[125.222763,7.59018],[125.218941,7.59196],[125.184097,7.60172],[125.15345,7.61274],[125.144669,7.61594]]]]}},{"type":"Feature","properties":{"ID_0":177,"ISO":"PHL","NAME_0":"Philippines","ID_1":10013,"NAME_1":"Bukidnon","ID_2":1001317,"NAME_2":"Quezon","ID_3":1001317027,"NAME_3":"Pinilayan","NL_NAME_3":null,"VARNAME_3":null,"TYPE_3":"Barangay","ENGTYPE_3":"Village","PROVINCE":"Bukidnon","REGION":"Region X (Northern Mindanao)","id":"barangay-1001317027","name":"Pinilayan","barangayCode":"1001317027","population":null,"formattedPop":null,"densityCategory":"No data","vulnerabilityRating":"No data","healthRiskLevel":"No data","areaKm2":4.311767,"centerLat":7.651014,"centerLng":125.118079,"geometrySource":"all_barangay-2.csv detailed WKT","geometryMatchMethod":"unique_official_admin_names","boundaryPointCount":29},"geometry":{"type":"MultiPolygon","coordinates":[[[[125.138206,7.66025],[125.137016,7.65921],[125.135918,7.65676],[125.13575,7.65346],[125.135017,7.64995],[125.134666,7.64675],[125.134613,7.64572],[125.133537,7.64568],[125.133011,7.64596],[125.13015,7.64641],[125.128304,7.64702],[125.125076,7.64848],[125.122581,7.64979],[125.120819,7.65051],[125.117317,7.6508],[125.114014,7.65231],[125.114967,7.6552],[125.116043,7.65908],[125.117073,7.66406],[125.117523,7.66619],[125.116669,7.66709],[125.118889,7.66561],[125.12088,7.66438],[125.123253,7.66363],[125.126793,7.6628],[125.129677,7.66204],[125.132858,7.66152],[125.134903,7.66115],[125.138206,7.66025]]]]}},{"type":"Feature","properties":{"ID_0":177,"ISO":"PHL","NAME_0":"Philippines","ID_1":10013,"NAME_1":"Bukidnon","ID_2":1001317,"NAME_2":"Quezon","ID_3":1001317028,"NAME_3":"Poblacion","NL_NAME_3":null,"VARNAME_3":null,"TYPE_3":"Barangay","ENGTYPE_3":"Village","PROVINCE":"Bukidnon","REGION":"Region X (Northern Mindanao)","id":"barangay-1001317028","name":"Poblacion","barangayCode":"1001317028","population":null,"formattedPop":null,"densityCategory":"No data","vulnerabilityRating":"No data","healthRiskLevel":"No data","areaKm2":14.296052,"centerLat":7.728702,"centerLng":125.095387,"geometrySource":"all_barangay-2.csv detailed WKT","geometryMatchMethod":"unique_official_admin_names","boundaryPointCount":47},"geometry":{"type":"MultiPolygon","coordinates":[[[[125.07814,7.74957],[125.080109,7.75059],[125.081802,7.75132],[125.082672,7.75095],[125.085373,7.75086],[125.088257,7.75124],[125.092567,7.75138],[125.097572,7.75204],[125.100357,7.75255],[125.105118,7.7533],[125.108963,7.75306],[125.11187,7.75253],[125.115898,7.75241],[125.117607,7.75256],[125.119713,7.75199],[125.121758,7.75076],[125.137047,7.72994],[125.112038,7.71735],[125.098824,7.71057],[125.098213,7.71016],[125.097878,7.70972],[125.097763,7.7093],[125.097717,7.70845],[125.097801,7.70759],[125.097977,7.70688],[125.097237,7.70661],[125.096489,7.70683],[125.095787,7.70714],[125.095016,7.70694],[125.094101,7.70649],[125.093269,7.70602],[125.092751,7.7055],[125.091652,7.70447],[125.089928,7.70405],[125.088913,7.70417],[125.087708,7.70498],[125.086548,7.7059],[125.085617,7.70646],[125.085022,7.70737],[125.084358,7.70939],[125.079147,7.73267],[125.080223,7.73537],[125.081108,7.7383],[125.081718,7.74104],[125.0812,7.74475],[125.080078,7.74655],[125.07814,7.74957]]]]}},{"type":"Feature","properties":{"ID_0":177,"ISO":"PHL","NAME_0":"Philippines","ID_1":10013,"NAME_1":"Bukidnon","ID_2":1001317,"NAME_2":"Quezon","ID_3":1001317029,"NAME_3":"Puntian","NL_NAME_3":null,"VARNAME_3":null,"TYPE_3":"Barangay","ENGTYPE_3":"Village","PROVINCE":"Bukidnon","REGION":"Region X (Northern Mindanao)","id":"barangay-1001317029","name":"Puntian","barangayCode":"1001317029","population":null,"formattedPop":null,"densityCategory":"No data","vulnerabilityRating":"No data","healthRiskLevel":"No data","areaKm2":10.849882,"centerLat":7.609027,"centerLng":125.108986,"geometrySource":"all_barangay-2.csv detailed WKT","geometryMatchMethod":"unique_official_admin_names","boundaryPointCount":35},"geometry":{"type":"MultiPolygon","coordinates":[[[[125.133293,7.63444],[125.134598,7.63473],[125.136093,7.63467],[125.137703,7.63458],[125.139763,7.63468],[125.141861,7.63464],[125.144676,7.63407],[125.145119,7.63369],[125.145531,7.63217],[125.145576,7.62854],[125.145493,7.62751],[125.145592,7.62427],[125.145187,7.62154],[125.144836,7.61917],[125.144669,7.61594],[125.131409,7.62078],[125.106857,7.62916],[125.088959,7.63569],[125.091873,7.63589],[125.095047,7.63512],[125.098457,7.63432],[125.101334,7.63447],[125.105293,7.63495],[125.10759,7.63658],[125.110802,7.63821],[125.11467,7.63922],[125.119247,7.64027],[125.121887,7.63975],[125.123787,7.63879],[125.124573,7.63635],[125.127098,7.63522],[125.129723,7.63442],[125.131157,7.63387],[125.132439,7.63398],[125.133293,7.63444]]]]}},{"type":"Feature","properties":{"ID_0":177,"ISO":"PHL","NAME_0":"Philippines","ID_1":10013,"NAME_1":"Bukidnon","ID_2":1001317,"NAME_2":"Quezon","ID_3":1001317030,"NAME_3":"Salawagan","NL_NAME_3":null,"VARNAME_3":null,"TYPE_3":"Barangay","ENGTYPE_3":"Village","PROVINCE":"Bukidnon","REGION":"Region X (Northern Mindanao)","id":"barangay-1001317030","name":"Salawagan","barangayCode":"1001317030","population":null,"formattedPop":null,"densityCategory":"No data","vulnerabilityRating":"No data","healthRiskLevel":"No data","areaKm2":12.560995,"centerLat":7.69246,"centerLng":125.117645,"geometrySource":"all_barangay-2.csv detailed WKT","geometryMatchMethod":"unique_official_admin_names","boundaryPointCount":62},"geometry":{"type":"MultiPolygon","coordinates":[[[[125.112038,7.71735],[125.114838,7.71595],[125.116608,7.71495],[125.119591,7.71321],[125.123444,7.7113],[125.127853,7.70913],[125.131607,7.70802],[125.134949,7.70703],[125.137154,7.70641],[125.140244,7.70585],[125.144188,7.70486],[125.145752,7.70415],[125.149933,7.70139],[125.152359,7.69947],[125.155907,7.69626],[125.157028,7.69505],[125.162697,7.6908],[125.160133,7.68941],[125.158188,7.68822],[125.157013,7.68725],[125.156212,7.68657],[125.153748,7.6847],[125.153229,7.68402],[125.150627,7.68189],[125.14286,7.68105],[125.141891,7.68291],[125.139137,7.68345],[125.136276,7.68372],[125.13456,7.6839],[125.130386,7.68412],[125.127579,7.6846],[125.125954,7.68506],[125.121964,7.6857],[125.120049,7.68612],[125.119171,7.6866],[125.118134,7.6871],[125.115768,7.68773],[125.11322,7.68874],[125.111259,7.69042],[125.110268,7.69135],[125.108551,7.69172],[125.107567,7.6917],[125.104179,7.69225],[125.102783,7.69264],[125.101402,7.69228],[125.100761,7.69163],[125.100029,7.69231],[125.099869,7.69438],[125.100166,7.69601],[125.099991,7.69794],[125.099602,7.69984],[125.099541,7.7019],[125.099937,7.70267],[125.101753,7.70342],[125.102409,7.70428],[125.103012,7.70529],[125.101753,7.70682],[125.100327,7.70761],[125.099709,7.70869],[125.099693,7.70935],[125.098824,7.71057],[125.112038,7.71735]]]]}},{"type":"Feature","properties":{"ID_0":177,"ISO":"PHL","NAME_0":"Philippines","ID_1":10013,"NAME_1":"Bukidnon","ID_2":1001317,"NAME_2":"Quezon","ID_3":1001317031,"NAME_3":"San Isidro","NL_NAME_3":null,"VARNAME_3":null,"TYPE_3":"Barangay","ENGTYPE_3":"Village","PROVINCE":"Bukidnon","REGION":"Region X (Northern Mindanao)","id":"barangay-1001317031","name":"San Isidro","barangayCode":"1001317031","population":null,"formattedPop":null,"densityCategory":"No data","vulnerabilityRating":"No data","healthRiskLevel":"No data","areaKm2":5.789955,"centerLat":7.68761,"centerLng":125.061166,"geometrySource":"all_barangay-2.csv detailed WKT","geometryMatchMethod":"unique_official_admin_names","boundaryPointCount":91},"geometry":{"type":"MultiPolygon","coordinates":[[[[125.078918,7.70844],[125.078949,7.70808],[125.079376,7.70735],[125.079514,7.70677],[125.079643,7.70454],[125.080551,7.70373],[125.081589,7.70409],[125.082397,7.70413],[125.082573,7.70273],[125.082939,7.70066],[125.083023,7.69907],[125.081329,7.69741],[125.080292,7.69679],[125.078934,7.69546],[125.078247,7.69487],[125.077347,7.69559],[125.075684,7.69573],[125.074944,7.69539],[125.074242,7.69386],[125.07386,7.69222],[125.074097,7.69158],[125.073792,7.6898],[125.072594,7.68798],[125.072273,7.6872],[125.071579,7.6861],[125.069618,7.6863],[125.067719,7.68689],[125.065857,7.68536],[125.064819,7.68293],[125.0644,7.68145],[125.063347,7.68021],[125.061974,7.67917],[125.061928,7.67813],[125.061974,7.67717],[125.061378,7.67594],[125.060577,7.67521],[125.059158,7.67519],[125.056778,7.67448],[125.056229,7.67373],[125.055458,7.67165],[125.055656,7.6699],[125.055229,7.66858],[125.054024,7.6672],[125.052979,7.66592],[125.052498,7.66725],[125.05175,7.66817],[125.051399,7.66903],[125.051147,7.66954],[125.050468,7.67124],[125.049294,7.67224],[125.04847,7.67431],[125.048241,7.67556],[125.048477,7.677],[125.049828,7.67869],[125.049454,7.68065],[125.048393,7.68262],[125.047699,7.68464],[125.047256,7.68741],[125.046867,7.69027],[125.046638,7.69219],[125.046623,7.69467],[125.046661,7.6955],[125.04644,7.69691],[125.045677,7.69737],[125.044518,7.69729],[125.043404,7.6972],[125.041893,7.69711],[125.040169,7.69758],[125.039589,7.69798],[125.038467,7.69833],[125.037437,7.69832],[125.037209,7.6983],[125.036034,7.69835],[125.035393,7.69911],[125.03466,7.6994],[125.033096,7.70141],[125.032539,7.70348],[125.03244,7.70395],[125.037323,7.70662],[125.040939,7.70838],[125.046654,7.71096],[125.053146,7.71365],[125.056084,7.71469],[125.059937,7.7162],[125.06337,7.71716],[125.064346,7.71711],[125.067329,7.71619],[125.070633,7.71466],[125.073059,7.71279],[125.075897,7.71051],[125.078918,7.70844]]]]}},{"type":"Feature","properties":{"ID_0":177,"ISO":"PHL","NAME_0":"Philippines","ID_1":10013,"NAME_1":"Bukidnon","ID_2":1001317,"NAME_2":"Quezon","ID_3":1001317032,"NAME_3":"San Jose","NL_NAME_3":null,"VARNAME_3":null,"TYPE_3":"Barangay","ENGTYPE_3":"Village","PROVINCE":"Bukidnon","REGION":"Region X (Northern Mindanao)","id":"barangay-1001317032","name":"San Jose","barangayCode":"1001317032","population":null,"formattedPop":null,"densityCategory":"No data","vulnerabilityRating":"No data","healthRiskLevel":"No data","areaKm2":31.969067,"centerLat":7.735428,"centerLng":125.052373,"geometrySource":"all_barangay-2.csv detailed WKT","geometryMatchMethod":"unique_official_admin_names","boundaryPointCount":55},"geometry":{"type":"MultiPolygon","coordinates":[[[[125.072601,7.75838],[125.073097,7.75766],[125.074387,7.75585],[125.076591,7.75295],[125.07814,7.74957],[125.080078,7.74655],[125.0812,7.74475],[125.081718,7.74104],[125.081108,7.7383],[125.080223,7.73537],[125.079147,7.73267],[125.07756,7.7311],[125.076286,7.72941],[125.074944,7.72811],[125.071793,7.72766],[125.06881,7.72802],[125.063232,7.72888],[125.059578,7.72905],[125.056534,7.72916],[125.052597,7.72863],[125.046356,7.72749],[125.039917,7.72586],[125.037064,7.72488],[125.032387,7.72363],[125.029373,7.72344],[125.028664,7.72262],[125.029114,7.72439],[125.028732,7.72479],[125.027802,7.72582],[125.027496,7.72723],[125.027802,7.7281],[125.02861,7.72978],[125.029068,7.73086],[125.029373,7.73213],[125.028374,7.7334],[125.026657,7.73372],[125.024727,7.73353],[125.021683,7.7337],[125.021027,7.73372],[125.020477,7.73485],[125.019943,7.73777],[125.020523,7.73902],[125.021004,7.73996],[125.021873,7.741],[125.022598,7.7414],[125.023483,7.74167],[125.024513,7.7424],[125.025902,7.74351],[125.026222,7.74434],[125.026619,7.74523],[125.027657,7.7467],[125.028542,7.74797],[125.02951,7.74981],[125.029793,7.75207],[125.072601,7.75838]]]]}},{"type":"Feature","properties":{"ID_0":177,"ISO":"PHL","NAME_0":"Philippines","ID_1":10013,"NAME_1":"Bukidnon","ID_2":1001317,"NAME_2":"Quezon","ID_3":1001317033,"NAME_3":"San Roque","NL_NAME_3":null,"VARNAME_3":null,"TYPE_3":"Barangay","ENGTYPE_3":"Village","PROVINCE":"Bukidnon","REGION":"Region X (Northern Mindanao)","id":"barangay-1001317033","name":"San Roque","barangayCode":"1001317033","population":null,"formattedPop":null,"densityCategory":"No data","vulnerabilityRating":"No data","healthRiskLevel":"No data","areaKm2":12.797169,"centerLat":7.68305,"centerLng":125.166225,"geometrySource":"all_barangay-2.csv detailed WKT","geometryMatchMethod":"unique_official_admin_names","boundaryPointCount":64},"geometry":{"type":"MultiPolygon","coordinates":[[[[125.162697,7.6908],[125.164322,7.69],[125.166557,7.68765],[125.169533,7.68498],[125.172096,7.68258],[125.174377,7.68136],[125.177231,7.67989],[125.179001,7.67863],[125.181236,7.67733],[125.183601,7.67492],[125.185677,7.67263],[125.189049,7.67079],[125.192329,7.66931],[125.195129,7.66859],[125.196907,7.66839],[125.202728,7.66752],[125.205757,7.66724],[125.209549,7.66635],[125.21154,7.66539],[125.215637,7.66394],[125.217682,7.6627],[125.219963,7.66095],[125.220703,7.66035],[125.221939,7.65834],[125.223778,7.65696],[125.225243,7.65551],[125.227074,7.65299],[125.229599,7.65043],[125.229507,7.64869],[125.229347,7.6456],[125.228523,7.64211],[125.226921,7.63982],[125.224701,7.63893],[125.22332,7.63884],[125.221901,7.63891],[125.219803,7.63948],[125.217468,7.6402],[125.215179,7.64098],[125.214523,7.64145],[125.211571,7.64183],[125.207176,7.6421],[125.200974,7.64364],[125.196762,7.64475],[125.192879,7.64542],[125.188622,7.64689],[125.187637,7.64781],[125.18631,7.64906],[125.185364,7.65063],[125.184593,7.65258],[125.183144,7.65482],[125.181396,7.65715],[125.178673,7.66012],[125.174713,7.66366],[125.171661,7.6662],[125.167686,7.66944],[125.164528,7.67273],[125.160851,7.67729],[125.159012,7.68038],[125.157631,7.68336],[125.156212,7.68657],[125.157013,7.68725],[125.158188,7.68822],[125.160133,7.68941],[125.162697,7.6908]]]]}},{"type":"Feature","properties":{"ID_0":177,"ISO":"PHL","NAME_0":"Philippines","ID_1":10013,"NAME_1":"Bukidnon","ID_2":1001317,"NAME_2":"Quezon","ID_3":1001317034,"NAME_3":"Santa Cruz","NL_NAME_3":null,"VARNAME_3":null,"TYPE_3":"Barangay","ENGTYPE_3":"Village","PROVINCE":"Bukidnon","REGION":"Region X (Northern Mindanao)","id":"barangay-1001317034","name":"Santa Cruz","barangayCode":"1001317034","population":null,"formattedPop":null,"densityCategory":"No data","vulnerabilityRating":"No data","healthRiskLevel":"No data","areaKm2":7.11736,"centerLat":7.637479,"centerLng":125.124948,"geometrySource":"all_barangay-2.csv detailed WKT","geometryMatchMethod":"unique_official_admin_names","boundaryPointCount":42},"geometry":{"type":"MultiPolygon","coordinates":[[[[125.159737,7.65244],[125.158653,7.64978],[125.157417,7.64702],[125.156326,7.64579],[125.153687,7.6438],[125.15136,7.64195],[125.148369,7.63919],[125.14682,7.63607],[125.146393,7.63476],[125.145699,7.63369],[125.145119,7.63369],[125.144676,7.63407],[125.141861,7.63464],[125.139763,7.63468],[125.137703,7.63458],[125.136093,7.63467],[125.134598,7.63473],[125.133293,7.63444],[125.133202,7.63507],[125.133133,7.63659],[125.134438,7.63956],[125.134933,7.64295],[125.134972,7.64471],[125.134613,7.64572],[125.134666,7.64675],[125.135017,7.64995],[125.13575,7.65346],[125.135918,7.65676],[125.137016,7.65921],[125.138206,7.66025],[125.138474,7.65973],[125.140747,7.65889],[125.142723,7.65848],[125.146278,7.6579],[125.148453,7.65767],[125.150124,7.65756],[125.15226,7.65703],[125.154793,7.65691],[125.156387,7.6568],[125.158203,7.65669],[125.15979,7.65457],[125.159737,7.65244]]]]}},{"type":"Feature","properties":{"ID_0":177,"ISO":"PHL","NAME_0":"Philippines","ID_1":10013,"NAME_1":"Bukidnon","ID_2":1001317,"NAME_2":"Quezon","ID_3":1001317035,"NAME_3":"Santa Filomena","NL_NAME_3":null,"VARNAME_3":null,"TYPE_3":"Barangay","ENGTYPE_3":"Village","PROVINCE":"Bukidnon","REGION":"Region X (Northern Mindanao)","id":"barangay-1001317035","name":"Santa Filomena","barangayCode":"1001317035","population":null,"formattedPop":null,"densityCategory":"No data","vulnerabilityRating":"No data","healthRiskLevel":"No data","areaKm2":181.041552,"centerLat":7.700678,"centerLng":125.247652,"geometrySource":"all_barangay-2.csv detailed WKT","geometryMatchMethod":"unique_official_admin_names","boundaryPointCount":53},"geometry":{"type":"MultiPolygon","coordinates":[[[[125.303352,7.7134],[125.304092,7.70481],[125.302994,7.70208],[125.300652,7.6958],[125.29911,7.69229],[125.298332,7.68972],[125.296967,7.68566],[125.296387,7.68346],[125.296127,7.68208],[125.29567,7.68022],[125.295723,7.67722],[125.295937,7.67503],[125.296806,7.67205],[125.297569,7.66935],[125.297447,7.66682],[125.297394,7.66348],[125.297836,7.65875],[125.297958,7.65741],[125.299538,7.65304],[125.300903,7.64886],[125.280746,7.64745],[125.28038,7.64075],[125.252411,7.64373],[125.249687,7.64374],[125.248756,7.64384],[125.24688,7.64421],[125.245453,7.64498],[125.244713,7.64662],[125.243622,7.65018],[125.243271,7.65212],[125.241348,7.65625],[125.240349,7.65776],[125.237343,7.66208],[125.235626,7.66487],[125.234459,7.66851],[125.232231,7.67374],[125.231529,7.67489],[125.230827,7.67986],[125.230377,7.6822],[125.229843,7.68527],[125.230003,7.68626],[125.230789,7.68782],[125.231819,7.69024],[125.234337,7.6939],[125.236267,7.69604],[125.238411,7.69895],[125.239342,7.70167],[125.239967,7.70746],[125.240067,7.71016],[125.239128,7.71843],[125.239212,7.71882],[125.239059,7.72515],[125.303352,7.7134]]]]}},{"type":"Feature","properties":{"ID_0":177,"ISO":"PHL","NAME_0":"Philippines","ID_1":10013,"NAME_1":"Bukidnon","ID_2":1001317,"NAME_2":"Quezon","ID_3":1001317036,"NAME_3":"Minsalirak","NL_NAME_3":null,"VARNAME_3":null,"TYPE_3":"Barangay","ENGTYPE_3":"Village","PROVINCE":"Bukidnon","REGION":"Region X (Northern Mindanao)","id":"barangay-1001317036","name":"Minsalirak","barangayCode":"1001317036","population":null,"formattedPop":null,"densityCategory":"No data","vulnerabilityRating":"No data","healthRiskLevel":"No data","areaKm2":7.74622,"centerLat":7.70474,"centerLng":125.061646,"geometrySource":"all_barangay-2.csv detailed WKT","geometryMatchMethod":"unique_official_admin_names","boundaryPointCount":48},"geometry":{"type":"MultiPolygon","coordinates":[[[[125.028664,7.72262],[125.029373,7.72344],[125.032387,7.72363],[125.037064,7.72488],[125.039917,7.72586],[125.046356,7.72749],[125.052597,7.72863],[125.056534,7.72916],[125.059578,7.72905],[125.063232,7.72888],[125.06881,7.72802],[125.071793,7.72766],[125.074944,7.72811],[125.076286,7.72941],[125.07756,7.7311],[125.079147,7.73267],[125.084358,7.70939],[125.083427,7.70923],[125.083008,7.709],[125.081711,7.70849],[125.080963,7.70806],[125.080017,7.70846],[125.079353,7.70868],[125.078918,7.70844],[125.075897,7.71051],[125.073059,7.71279],[125.070633,7.71466],[125.067329,7.71619],[125.064346,7.71711],[125.06337,7.71716],[125.059937,7.7162],[125.056084,7.71469],[125.053146,7.71365],[125.046654,7.71096],[125.040939,7.70838],[125.037323,7.70662],[125.03244,7.70395],[125.030281,7.70406],[125.029709,7.70476],[125.029633,7.70688],[125.029984,7.70865],[125.029823,7.71131],[125.028091,7.71332],[125.025833,7.71498],[125.025093,7.71691],[125.025482,7.71821],[125.025787,7.71946],[125.028664,7.72262]]]]}},{"type":"Feature","properties":{"ID_0":177,"ISO":"PHL","NAME_0":"Philippines","ID_1":10013,"NAME_1":"Bukidnon","ID_2":1001318,"NAME_2":"San Fernando","ID_3":1001318001,"NAME_3":"Bonacao","NL_NAME_3":null,"VARNAME_3":null,"TYPE_3":"Barangay","ENGTYPE_3":"Village","PROVINCE":"Bukidnon","REGION":"Region X (Northern Mindanao)","id":"barangay-1001318001","name":"Bonacao","barangayCode":"1001318001","population":null,"formattedPop":null,"densityCategory":"No data","vulnerabilityRating":"No data","healthRiskLevel":"No data","areaKm2":11.896679,"centerLat":7.800085,"centerLng":125.401584,"geometrySource":"all_barangay-2.csv detailed WKT","geometryMatchMethod":"unique_official_admin_names","boundaryPointCount":12},"geometry":{"type":"MultiPolygon","coordinates":[[[[125.423157,7.80799],[125.424957,7.80574],[125.428123,7.80124],[125.429337,7.79723],[125.429947,7.79468],[125.432747,7.79113],[125.436119,7.78108],[125.441063,7.7715],[125.399147,7.76185],[125.373894,7.81221],[125.397957,7.80558],[125.423157,7.80799]]]]}},{"type":"Feature","properties":{"ID_0":177,"ISO":"PHL","NAME_0":"Philippines","ID_1":10013,"NAME_1":"Bukidnon","ID_2":1001318,"NAME_2":"San Fernando","ID_3":1001318002,"NAME_3":"Cabuling","NL_NAME_3":null,"VARNAME_3":null,"TYPE_3":"Barangay","ENGTYPE_3":"Village","PROVINCE":"Bukidnon","REGION":"Region X (Northern Mindanao)","id":"barangay-1001318002","name":"Cabuling","barangayCode":"1001318002","population":null,"formattedPop":null,"densityCategory":"No data","vulnerabilityRating":"No data","healthRiskLevel":"No data","areaKm2":28.836462,"centerLat":7.668904,"centerLng":125.3589,"geometrySource":"all_barangay-2.csv detailed WKT","geometryMatchMethod":"unique_official_admin_names","boundaryPointCount":14},"geometry":{"type":"MultiPolygon","coordinates":[[[[125.427109,7.68048],[125.385277,7.65421],[125.300903,7.64886],[125.299538,7.65304],[125.297958,7.65741],[125.297836,7.65875],[125.297394,7.66348],[125.297447,7.66682],[125.297569,7.66935],[125.296806,7.67205],[125.295937,7.67503],[125.295723,7.67722],[125.389557,7.67191],[125.427109,7.68048]]]]}},{"type":"Feature","properties":{"ID_0":177,"ISO":"PHL","NAME_0":"Philippines","ID_1":10013,"NAME_1":"Bukidnon","ID_2":1001318,"NAME_2":"San Fernando","ID_3":1001318003,"NAME_3":"Kawayan","NL_NAME_3":null,"VARNAME_3":null,"TYPE_3":"Barangay","ENGTYPE_3":"Village","PROVINCE":"Bukidnon","REGION":"Region X (Northern Mindanao)","id":"barangay-1001318003","name":"Kawayan","barangayCode":"1001318003","population":null,"formattedPop":null,"densityCategory":"No data","vulnerabilityRating":"No data","healthRiskLevel":"No data","areaKm2":19.255979,"centerLat":7.896851,"centerLng":125.388997,"geometrySource":"all_barangay-2.csv detailed WKT","geometryMatchMethod":"unique_official_admin_names","boundaryPointCount":9},"geometry":{"type":"MultiPolygon","coordinates":[[[[125.366119,7.89309],[125.421204,7.90807],[125.420738,7.9051],[125.420471,7.89988],[125.420387,7.8928],[125.419548,7.88584],[125.419182,7.88359],[125.37529,7.8786],[125.366119,7.89309]]]]}},{"type":"Feature","properties":{"ID_0":177,"ISO":"PHL","NAME_0":"Philippines","ID_1":10013,"NAME_1":"Bukidnon","ID_2":1001318,"NAME_2":"San Fernando","ID_3":1001318004,"NAME_3":"Cayaga","NL_NAME_3":null,"VARNAME_3":null,"TYPE_3":"Barangay","ENGTYPE_3":"Village","PROVINCE":"Bukidnon","REGION":"Region X (Northern Mindanao)","id":"barangay-1001318004","name":"Cayaga","barangayCode":"1001318004","population":null,"formattedPop":null,"densityCategory":"No data","vulnerabilityRating":"No data","healthRiskLevel":"No data","areaKm2":15.418419,"centerLat":7.729668,"centerLng":125.404935,"geometrySource":"all_barangay-2.csv detailed WKT","geometryMatchMethod":"unique_official_admin_names","boundaryPointCount":12},"geometry":{"type":"MultiPolygon","coordinates":[[[[125.310143,7.72956],[125.377472,7.71819],[125.406563,7.71393],[125.430557,7.69434],[125.386497,7.68853],[125.300652,7.6958],[125.302994,7.70208],[125.304092,7.70481],[125.303352,7.7134],[125.304321,7.7152],[125.303848,7.71828],[125.310143,7.72956]]]]}},{"type":"Feature","properties":{"ID_0":177,"ISO":"PHL","NAME_0":"Philippines","ID_1":10013,"NAME_1":"Bukidnon","ID_2":1001318,"NAME_2":"San Fernando","ID_3":1001318005,"NAME_3":"Dao","NL_NAME_3":null,"VARNAME_3":null,"TYPE_3":"Barangay","ENGTYPE_3":"Village","PROVINCE":"Bukidnon","REGION":"Region X (Northern Mindanao)","id":"barangay-1001318005","name":"Dao","barangayCode":"1001318005","population":null,"formattedPop":null,"densityCategory":"No data","vulnerabilityRating":"No data","healthRiskLevel":"No data","areaKm2":29.149616,"centerLat":7.786262,"centerLng":125.333491,"geometrySource":"all_barangay-2.csv detailed WKT","geometryMatchMethod":"unique_official_admin_names","boundaryPointCount":25},"geometry":{"type":"MultiPolygon","coordinates":[[[[125.341438,7.79856],[125.358177,7.7523],[125.310143,7.72956],[125.31102,7.73454],[125.310898,7.73597],[125.311523,7.73861],[125.311783,7.74255],[125.31221,7.74729],[125.309677,7.75139],[125.308327,7.75726],[125.309013,7.76109],[125.311119,7.76624],[125.311569,7.76872],[125.313103,7.77245],[125.314583,7.77507],[125.315804,7.77711],[125.317123,7.779],[125.318649,7.78136],[125.319893,7.78272],[125.320969,7.78478],[125.323837,7.78852],[125.325317,7.79055],[125.326958,7.79287],[125.329681,7.79644],[125.341438,7.79856]]]]}},{"type":"Feature","properties":{"ID_0":177,"ISO":"PHL","NAME_0":"Philippines","ID_1":10013,"NAME_1":"Bukidnon","ID_2":1001318,"NAME_2":"San Fernando","ID_3":1001318007,"NAME_3":"Durian","NL_NAME_3":null,"VARNAME_3":null,"TYPE_3":"Barangay","ENGTYPE_3":"Village","PROVINCE":"Bukidnon","REGION":"Region X (Northern Mindanao)","id":"barangay-1001318007","name":"Durian","barangayCode":"1001318007","population":null,"formattedPop":null,"densityCategory":"No data","vulnerabilityRating":"No data","healthRiskLevel":"No data","areaKm2":32.214568,"centerLat":7.644683,"centerLng":125.34704,"geometrySource":"all_barangay-2.csv detailed WKT","geometryMatchMethod":"unique_official_admin_names","boundaryPointCount":49},"geometry":{"type":"MultiPolygon","coordinates":[[[[125.300903,7.64886],[125.385277,7.65421],[125.374802,7.63411],[125.372864,7.63496],[125.371483,7.63565],[125.369537,7.63724],[125.368362,7.63824],[125.366463,7.63847],[125.365028,7.63816],[125.363708,7.63744],[125.361847,7.63688],[125.359108,7.63682],[125.355537,7.63675],[125.352707,7.63747],[125.350578,7.63816],[125.349129,7.63772],[125.348213,7.6369],[125.346298,7.63501],[125.34523,7.63424],[125.343712,7.63375],[125.34269,7.63261],[125.341209,7.63163],[125.339302,7.63152],[125.338417,7.63224],[125.336601,7.63339],[125.334053,7.63383],[125.332703,7.63357],[125.331657,7.63232],[125.330788,7.63007],[125.329788,7.62776],[125.328613,7.6271],[125.326607,7.62745],[125.325394,7.62785],[125.323891,7.62787],[125.322563,7.62745],[125.321121,7.62762],[125.31881,7.62841],[125.315514,7.6305],[125.313461,7.63257],[125.311272,7.63538],[125.308441,7.6365],[125.307564,7.63644],[125.30661,7.63624],[125.305267,7.63607],[125.301987,7.63473],[125.302223,7.63714],[125.301971,7.64051],[125.301826,7.64373],[125.300903,7.64886]]]]}},{"type":"Feature","properties":{"ID_0":177,"ISO":"PHL","NAME_0":"Philippines","ID_1":10013,"NAME_1":"Bukidnon","ID_2":1001318,"NAME_2":"San Fernando","ID_3":1001318009,"NAME_3":"Iglugsad","NL_NAME_3":null,"VARNAME_3":null,"TYPE_3":"Barangay","ENGTYPE_3":"Village","PROVINCE":"Bukidnon","REGION":"Region X (Northern Mindanao)","id":"barangay-1001318009","name":"Iglugsad","barangayCode":"1001318009","population":null,"formattedPop":null,"densityCategory":"No data","vulnerabilityRating":"No data","healthRiskLevel":"No data","areaKm2":14.969278,"centerLat":7.825635,"centerLng":125.359113,"geometrySource":"all_barangay-2.csv detailed WKT","geometryMatchMethod":"unique_official_admin_names","boundaryPointCount":5},"geometry":{"type":"MultiPolygon","coordinates":[[[[125.373489,7.8604],[125.373894,7.81221],[125.341438,7.79856],[125.344788,7.8618],[125.373489,7.8604]]]]}},{"type":"Feature","properties":{"ID_0":177,"ISO":"PHL","NAME_0":"Philippines","ID_1":10013,"NAME_1":"Bukidnon","ID_2":1001318,"NAME_2":"San Fernando","ID_3":1001318010,"NAME_3":"Kalagangan","NL_NAME_3":null,"VARNAME_3":null,"TYPE_3":"Barangay","ENGTYPE_3":"Village","PROVINCE":"Bukidnon","REGION":"Region X (Northern Mindanao)","id":"barangay-1001318010","name":"Kalagangan","barangayCode":"1001318010","population":null,"formattedPop":null,"densityCategory":"No data","vulnerabilityRating":"No data","healthRiskLevel":"No data","areaKm2":75.678157,"centerLat":7.702365,"centerLng":125.363177,"geometrySource":"all_barangay-2.csv detailed WKT","geometryMatchMethod":"unique_official_admin_names","boundaryPointCount":17},"geometry":{"type":"MultiPolygon","coordinates":[[[[125.430557,7.69434],[125.429893,7.69127],[125.428307,7.68845],[125.42627,7.68472],[125.425827,7.6818],[125.427109,7.68048],[125.389557,7.67191],[125.295723,7.67722],[125.29567,7.68022],[125.296127,7.68208],[125.296387,7.68346],[125.296967,7.68566],[125.298332,7.68972],[125.29911,7.69229],[125.300652,7.6958],[125.386497,7.68853],[125.430557,7.69434]]]]}},{"type":"Feature","properties":{"ID_0":177,"ISO":"PHL","NAME_0":"Philippines","ID_1":10013,"NAME_1":"Bukidnon","ID_2":1001318,"NAME_2":"San Fernando","ID_3":1001318014,"NAME_3":"Kibongcog","NL_NAME_3":null,"VARNAME_3":null,"TYPE_3":"Barangay","ENGTYPE_3":"Village","PROVINCE":"Bukidnon","REGION":"Region X (Northern Mindanao)","id":"barangay-1001318014","name":"Kibongcog","barangayCode":"1001318014","population":null,"formattedPop":null,"densityCategory":"No data","vulnerabilityRating":"No data","healthRiskLevel":"No data","areaKm2":53.94809,"centerLat":7.845592,"centerLng":125.308758,"geometrySource":"all_barangay-2.csv detailed WKT","geometryMatchMethod":"unique_official_admin_names","boundaryPointCount":28},"geometry":{"type":"MultiPolygon","coordinates":[[[[125.344788,7.8618],[125.341438,7.79856],[125.329681,7.79644],[125.331146,7.7998],[125.332642,7.80227],[125.33036,7.80269],[125.323547,7.80301],[125.316917,7.80308],[125.31057,7.80402],[125.307739,7.80558],[125.304893,7.80646],[125.302818,7.80702],[125.300377,7.8079],[125.298668,7.80853],[125.295578,7.80946],[125.291199,7.81052],[125.28875,7.81177],[125.286209,7.81288],[125.281776,7.81496],[125.278816,7.8171],[125.27758,7.81843],[125.275864,7.81989],[125.273849,7.82072],[125.271339,7.82163],[125.271507,7.82259],[125.271622,7.82387],[125.320107,7.86351],[125.344788,7.8618]]]]}},{"type":"Feature","properties":{"ID_0":177,"ISO":"PHL","NAME_0":"Philippines","ID_1":10013,"NAME_1":"Bukidnon","ID_2":1001318,"NAME_2":"San Fernando","ID_3":1001318016,"NAME_3":"Little Baguio","NL_NAME_3":null,"VARNAME_3":null,"TYPE_3":"Barangay","ENGTYPE_3":"Village","PROVINCE":"Bukidnon","REGION":"Region X (Northern Mindanao)","id":"barangay-1001318016","name":"Little Baguio","barangayCode":"1001318016","population":null,"formattedPop":null,"densityCategory":"No data","vulnerabilityRating":"No data","healthRiskLevel":"No data","areaKm2":48.498592,"centerLat":7.901904,"centerLng":125.285209,"geometrySource":"all_barangay-2.csv detailed WKT","geometryMatchMethod":"unique_official_admin_names","boundaryPointCount":8},"geometry":{"type":"MultiPolygon","coordinates":[[[[125.318336,7.94549],[125.333687,7.9467],[125.338028,7.93189],[125.30291,7.88103],[125.271622,7.82387],[125.287437,7.88152],[125.310219,7.94504],[125.318336,7.94549]]]]}},{"type":"Feature","properties":{"ID_0":177,"ISO":"PHL","NAME_0":"Philippines","ID_1":10013,"NAME_1":"Bukidnon","ID_2":1001318,"NAME_2":"San Fernando","ID_3":1001318019,"NAME_3":"Nacabuklad","NL_NAME_3":null,"VARNAME_3":null,"TYPE_3":"Barangay","ENGTYPE_3":"Village","PROVINCE":"Bukidnon","REGION":"Region X (Northern Mindanao)","id":"barangay-1001318019","name":"Nacabuklad","barangayCode":"1001318019","population":null,"formattedPop":null,"densityCategory":"No data","vulnerabilityRating":"No data","healthRiskLevel":"No data","areaKm2":33.590066,"centerLat":7.966264,"centerLng":125.350471,"geometrySource":"all_barangay-2.csv detailed WKT","geometryMatchMethod":"unique_official_admin_names","boundaryPointCount":29},"geometry":{"type":"MultiPolygon","coordinates":[[[[125.381653,7.98555],[125.385651,7.98197],[125.388474,7.98138],[125.39045,7.97811],[125.396049,7.97464],[125.398163,7.97106],[125.399353,7.96895],[125.40049,7.96592],[125.401428,7.96315],[125.40271,7.96005],[125.402802,7.95871],[125.402222,7.95664],[125.401787,7.9532],[125.40226,7.95103],[125.403214,7.94779],[125.403671,7.94523],[125.40316,7.94283],[125.402443,7.94044],[125.400787,7.93737],[125.400093,7.93622],[125.400543,7.93394],[125.402473,7.93176],[125.404327,7.92926],[125.361954,7.93482],[125.358177,7.93015],[125.333687,7.9467],[125.350616,7.96007],[125.356506,7.98868],[125.381653,7.98555]]]]}},{"type":"Feature","properties":{"ID_0":177,"ISO":"PHL","NAME_0":"Philippines","ID_1":10013,"NAME_1":"Bukidnon","ID_2":1001318,"NAME_2":"San Fernando","ID_3":1001318020,"NAME_3":"Namnam","NL_NAME_3":null,"VARNAME_3":null,"TYPE_3":"Barangay","ENGTYPE_3":"Village","PROVINCE":"Bukidnon","REGION":"Region X (Northern Mindanao)","id":"barangay-1001318020","name":"Namnam","barangayCode":"1001318020","population":null,"formattedPop":null,"densityCategory":"No data","vulnerabilityRating":"No data","healthRiskLevel":"No data","areaKm2":24.714011,"centerLat":7.834414,"centerLng":125.393961,"geometrySource":"all_barangay-2.csv detailed WKT","geometryMatchMethod":"unique_official_admin_names","boundaryPointCount":19},"geometry":{"type":"MultiPolygon","coordinates":[[[[125.416031,7.85837],[125.415756,7.85414],[125.416122,7.85294],[125.416527,7.84677],[125.416763,7.84279],[125.417343,7.83833],[125.417809,7.8345],[125.417938,7.83084],[125.417458,7.82833],[125.417107,7.82281],[125.41716,7.82081],[125.417442,7.81732],[125.419373,7.81365],[125.421288,7.81019],[125.423157,7.80799],[125.397957,7.80558],[125.373894,7.81221],[125.373489,7.8604],[125.416031,7.85837]]]]}},{"type":"Feature","properties":{"ID_0":177,"ISO":"PHL","NAME_0":"Philippines","ID_1":10013,"NAME_1":"Bukidnon","ID_2":1001318,"NAME_2":"San Fernando","ID_3":1001318021,"NAME_3":"Palacpacan","NL_NAME_3":null,"VARNAME_3":null,"TYPE_3":"Barangay","ENGTYPE_3":"Village","PROVINCE":"Bukidnon","REGION":"Region X (Northern Mindanao)","id":"barangay-1001318021","name":"Palacpacan","barangayCode":"1001318021","population":null,"formattedPop":null,"densityCategory":"No data","vulnerabilityRating":"No data","healthRiskLevel":"No data","areaKm2":6.543051,"centerLat":7.789703,"centerLng":125.370525,"geometrySource":"all_barangay-2.csv detailed WKT","geometryMatchMethod":"unique_official_admin_names","boundaryPointCount":6},"geometry":{"type":"MultiPolygon","coordinates":[[[[125.373894,7.81221],[125.399147,7.76185],[125.38369,7.73125],[125.358177,7.7523],[125.341438,7.79856],[125.373894,7.81221]]]]}},{"type":"Feature","properties":{"ID_0":177,"ISO":"PHL","NAME_0":"Philippines","ID_1":10013,"NAME_1":"Bukidnon","ID_2":1001318,"NAME_2":"San Fernando","ID_3":1001318022,"NAME_3":"Halapitan","NL_NAME_3":null,"VARNAME_3":null,"TYPE_3":"Barangay","ENGTYPE_3":"Village","PROVINCE":"Bukidnon","REGION":"Region X (Northern Mindanao)","id":"barangay-1001318022","name":"Halapitan","barangayCode":"1001318022","population":null,"formattedPop":null,"densityCategory":"No data","vulnerabilityRating":"No data","healthRiskLevel":"No data","areaKm2":21.999407,"centerLat":7.914278,"centerLng":125.328934,"geometrySource":"all_barangay-2.csv detailed WKT","geometryMatchMethod":"unique_official_admin_names","boundaryPointCount":14},"geometry":{"type":"MultiPolygon","coordinates":[[[[125.404327,7.92926],[125.351067,7.91397],[125.366119,7.89309],[125.37529,7.8786],[125.371567,7.87792],[125.340378,7.88046],[125.320107,7.86351],[125.271622,7.82387],[125.30291,7.88103],[125.338028,7.93189],[125.333687,7.9467],[125.358177,7.93015],[125.361954,7.93482],[125.404327,7.92926]]]]}},{"type":"Feature","properties":{"ID_0":177,"ISO":"PHL","NAME_0":"Philippines","ID_1":10013,"NAME_1":"Bukidnon","ID_2":1001318,"NAME_2":"San Fernando","ID_3":1001318023,"NAME_3":"San Jose","NL_NAME_3":null,"VARNAME_3":null,"TYPE_3":"Barangay","ENGTYPE_3":"Village","PROVINCE":"Bukidnon","REGION":"Region X (Northern Mindanao)","id":"barangay-1001318023","name":"San Jose","barangayCode":"1001318023","population":null,"formattedPop":null,"densityCategory":"No data","vulnerabilityRating":"No data","healthRiskLevel":"No data","areaKm2":16.873201,"centerLat":7.749536,"centerLng":125.406429,"geometrySource":"all_barangay-2.csv detailed WKT","geometryMatchMethod":"unique_official_admin_names","boundaryPointCount":25},"geometry":{"type":"MultiPolygon","coordinates":[[[[125.442207,7.74087],[125.442703,7.73941],[125.442467,7.73693],[125.440666,7.73402],[125.439613,7.73185],[125.439278,7.73061],[125.439247,7.72807],[125.440598,7.72527],[125.441917,7.72332],[125.442307,7.72176],[125.443047,7.71852],[125.442909,7.71648],[125.442146,7.71404],[125.441368,7.71209],[125.440933,7.71058],[125.439339,7.70684],[125.435707,7.70087],[125.434448,7.699],[125.431389,7.6953],[125.430557,7.69434],[125.406563,7.71393],[125.377472,7.71819],[125.38369,7.73125],[125.402443,7.73991],[125.442207,7.74087]]]]}},{"type":"Feature","properties":{"ID_0":177,"ISO":"PHL","NAME_0":"Philippines","ID_1":10013,"NAME_1":"Bukidnon","ID_2":1001318,"NAME_2":"San Fernando","ID_3":1001318024,"NAME_3":"Santo Domingo","NL_NAME_3":null,"VARNAME_3":null,"TYPE_3":"Barangay","ENGTYPE_3":"Village","PROVINCE":"Bukidnon","REGION":"Region X (Northern Mindanao)","id":"barangay-1001318024","name":"Santo Domingo","barangayCode":"1001318024","population":null,"formattedPop":null,"densityCategory":"No data","vulnerabilityRating":"No data","healthRiskLevel":"No data","areaKm2":19.156835,"centerLat":7.775766,"centerLng":125.405993,"geometrySource":"all_barangay-2.csv detailed WKT","geometryMatchMethod":"unique_official_admin_names","boundaryPointCount":9},"geometry":{"type":"MultiPolygon","coordinates":[[[[125.441063,7.7715],[125.442802,7.76492],[125.444138,7.75562],[125.443382,7.74737],[125.442207,7.74087],[125.402443,7.73991],[125.38369,7.73125],[125.399147,7.76185],[125.441063,7.7715]]]]}},{"type":"Feature","properties":{"ID_0":177,"ISO":"PHL","NAME_0":"Philippines","ID_1":10013,"NAME_1":"Bukidnon","ID_2":1001318,"NAME_2":"San Fernando","ID_3":1001318025,"NAME_3":"Tugop","NL_NAME_3":null,"VARNAME_3":null,"TYPE_3":"Barangay","ENGTYPE_3":"Village","PROVINCE":"Bukidnon","REGION":"Region X (Northern Mindanao)","id":"barangay-1001318025","name":"Tugop","barangayCode":"1001318025","population":null,"formattedPop":null,"densityCategory":"No data","vulnerabilityRating":"No data","healthRiskLevel":"No data","areaKm2":4.900711,"centerLat":7.972862,"centerLng":125.31811,"geometrySource":"all_barangay-2.csv detailed WKT","geometryMatchMethod":"unique_official_admin_names","boundaryPointCount":6},"geometry":{"type":"MultiPolygon","coordinates":[[[[125.356506,7.98868],[125.350616,7.96007],[125.333687,7.9467],[125.318336,7.94549],[125.327271,7.98937],[125.356506,7.98868]]]]}},{"type":"Feature","properties":{"ID_0":177,"ISO":"PHL","NAME_0":"Philippines","ID_1":10013,"NAME_1":"Bukidnon","ID_2":1001318,"NAME_2":"San Fernando","ID_3":1001318026,"NAME_3":"Matupe","NL_NAME_3":null,"VARNAME_3":null,"TYPE_3":"Barangay","ENGTYPE_3":"Village","PROVINCE":"Bukidnon","REGION":"Region X (Northern Mindanao)","id":"barangay-1001318026","name":"Matupe","barangayCode":"1001318026","population":null,"formattedPop":null,"densityCategory":"No data","vulnerabilityRating":"No data","healthRiskLevel":"No data","areaKm2":17.388538,"centerLat":7.639679,"centerLng":125.404604,"geometrySource":"all_barangay-2.csv detailed WKT","geometryMatchMethod":"unique_official_admin_names","boundaryPointCount":47},"geometry":{"type":"MultiPolygon","coordinates":[[[[125.427109,7.68048],[125.427521,7.67858],[125.428284,7.67581],[125.429237,7.67341],[125.429611,7.67135],[125.429764,7.66896],[125.429832,7.66573],[125.430054,7.66334],[125.430107,7.66018],[125.43045,7.65794],[125.430733,7.65559],[125.430023,7.65376],[125.428963,7.6525],[125.427971,7.6512],[125.42778,7.65033],[125.426941,7.64808],[125.426086,7.64662],[125.42543,7.64483],[125.424957,7.64357],[125.424171,7.64231],[125.423607,7.64101],[125.423088,7.64037],[125.421783,7.63983],[125.420433,7.63945],[125.418839,7.63855],[125.41745,7.63711],[125.416687,7.636],[125.415787,7.63444],[125.413528,7.63175],[125.411743,7.6296],[125.407501,7.62622],[125.402222,7.62378],[125.398727,7.62293],[125.395927,7.62141],[125.394417,7.62159],[125.391388,7.62157],[125.39035,7.62326],[125.389191,7.6258],[125.388268,7.62745],[125.385811,7.62948],[125.384377,7.63],[125.382027,7.63079],[125.378448,7.63221],[125.377022,7.63261],[125.374802,7.63411],[125.385277,7.65421],[125.427109,7.68048]]]]}},{"type":"Feature","properties":{"ID_0":177,"ISO":"PHL","NAME_0":"Philippines","ID_1":10013,"NAME_1":"Bukidnon","ID_2":1001318,"NAME_2":"San Fernando","ID_3":1001318027,"NAME_3":"Bulalang","NL_NAME_3":null,"VARNAME_3":null,"TYPE_3":"Barangay","ENGTYPE_3":"Village","PROVINCE":"Bukidnon","REGION":"Region X (Northern Mindanao)","id":"barangay-1001318027","name":"Bulalang","barangayCode":"1001318027","population":null,"formattedPop":null,"densityCategory":"No data","vulnerabilityRating":"No data","healthRiskLevel":"No data","areaKm2":29.015247,"centerLat":7.750186,"centerLng":125.343904,"geometrySource":"all_barangay-2.csv detailed WKT","geometryMatchMethod":"unique_official_admin_names","boundaryPointCount":5},"geometry":{"type":"MultiPolygon","coordinates":[[[[125.38369,7.73125],[125.377472,7.71819],[125.310143,7.72956],[125.358177,7.7523],[125.38369,7.73125]]]]}},{"type":"Feature","properties":{"ID_0":177,"ISO":"PHL","NAME_0":"Philippines","ID_1":10013,"NAME_1":"Bukidnon","ID_2":1001318,"NAME_2":"San Fernando","ID_3":1001318028,"NAME_3":"Candelaria","NL_NAME_3":null,"VARNAME_3":null,"TYPE_3":"Barangay","ENGTYPE_3":"Village","PROVINCE":"Bukidnon","REGION":"Region X (Northern Mindanao)","id":"barangay-1001318028","name":"Candelaria","barangayCode":"1001318028","population":null,"formattedPop":null,"densityCategory":"No data","vulnerabilityRating":"No data","healthRiskLevel":"No data","areaKm2":40.691894,"centerLat":7.932719,"centerLng":125.382209,"geometrySource":"all_barangay-2.csv detailed WKT","geometryMatchMethod":"unique_official_admin_names","boundaryPointCount":16},"geometry":{"type":"MultiPolygon","coordinates":[[[[125.421204,7.90807],[125.366119,7.89309],[125.351067,7.91397],[125.404327,7.92926],[125.406258,7.9286],[125.407913,7.9277],[125.409981,7.92649],[125.411217,7.92401],[125.412209,7.92295],[125.413544,7.92218],[125.414917,7.92079],[125.41777,7.91732],[125.41922,7.91547],[125.419861,7.9144],[125.420891,7.91193],[125.421204,7.90807]]]]}},{"type":"Feature","properties":{"ID_0":177,"ISO":"PHL","NAME_0":"Philippines","ID_1":10013,"NAME_1":"Bukidnon","ID_2":1001318,"NAME_2":"San Fernando","ID_3":1001318029,"NAME_3":"Mabuhay","NL_NAME_3":null,"VARNAME_3":null,"TYPE_3":"Barangay","ENGTYPE_3":"Village","PROVINCE":"Bukidnon","REGION":"Region X (Northern Mindanao)","id":"barangay-1001318029","name":"Mabuhay","barangayCode":"1001318029","population":null,"formattedPop":null,"densityCategory":"No data","vulnerabilityRating":"No data","healthRiskLevel":"No data","areaKm2":6.356694,"centerLat":7.88858,"centerLng":125.350946,"geometrySource":"all_barangay-2.csv detailed WKT","geometryMatchMethod":"unique_official_admin_names","boundaryPointCount":7},"geometry":{"type":"MultiPolygon","coordinates":[[[[125.37529,7.8786],[125.373489,7.8604],[125.344788,7.8618],[125.320107,7.86351],[125.340378,7.88046],[125.371567,7.87792],[125.37529,7.8786]]]]}},{"type":"Feature","properties":{"ID_0":177,"ISO":"PHL","NAME_0":"Philippines","ID_1":10013,"NAME_1":"Bukidnon","ID_2":1001318,"NAME_2":"San Fernando","ID_3":1001318030,"NAME_3":"Magkalungay","NL_NAME_3":null,"VARNAME_3":null,"TYPE_3":"Barangay","ENGTYPE_3":"Village","PROVINCE":"Bukidnon","REGION":"Region X (Northern Mindanao)","id":"barangay-1001318030","name":"Magkalungay","barangayCode":"1001318030","population":null,"formattedPop":null,"densityCategory":"No data","vulnerabilityRating":"No data","healthRiskLevel":"No data","areaKm2":26.793841,"centerLat":7.867232,"centerLng":125.376939,"geometrySource":"all_barangay-2.csv detailed WKT","geometryMatchMethod":"unique_official_admin_names","boundaryPointCount":12},"geometry":{"type":"MultiPolygon","coordinates":[[[[125.419182,7.88359],[125.418312,7.88118],[125.418297,7.87913],[125.418312,7.87563],[125.418114,7.87073],[125.417183,7.86599],[125.416611,7.8624],[125.416267,7.85996],[125.416031,7.85837],[125.373489,7.8604],[125.37529,7.8786],[125.419182,7.88359]]]]}},{"type":"Feature","properties":{"ID_0":177,"ISO":"PHL","NAME_0":"Philippines","ID_1":10013,"NAME_1":"Bukidnon","ID_2":1001318,"NAME_2":"San Fernando","ID_3":1001318031,"NAME_3":"Malayanan","NL_NAME_3":null,"VARNAME_3":null,"TYPE_3":"Barangay","ENGTYPE_3":"Village","PROVINCE":"Bukidnon","REGION":"Region X (Northern Mindanao)","id":"barangay-1001318031","name":"Malayanan","barangayCode":"1001318031","population":null,"formattedPop":null,"densityCategory":"No data","vulnerabilityRating":"No data","healthRiskLevel":"No data","areaKm2":13.822251,"centerLat":7.962346,"centerLng":125.281354,"geometrySource":"all_barangay-2.csv detailed WKT","geometryMatchMethod":"unique_official_admin_names","boundaryPointCount":22},"geometry":{"type":"MultiPolygon","coordinates":[[[[125.321907,7.98998],[125.322182,7.98949],[125.327271,7.98937],[125.318336,7.94549],[125.310219,7.94504],[125.286308,7.94388],[125.287773,7.94708],[125.290573,7.95368],[125.295258,7.963],[125.300911,7.97511],[125.307159,7.98961],[125.308731,7.99111],[125.31031,7.99078],[125.311317,7.99045],[125.312912,7.9908],[125.313698,7.99149],[125.315071,7.99229],[125.316261,7.99253],[125.317863,7.99278],[125.320328,7.99177],[125.321114,7.99031],[125.321907,7.98998]]]]}},{"type":"Feature","properties":{"ID_0":177,"ISO":"PHL","NAME_0":"Philippines","ID_1":10013,"NAME_1":"Bukidnon","ID_2":1001318,"NAME_2":"San Fernando","ID_3":1001318032,"NAME_3":"Sacramento Valley","NL_NAME_3":null,"VARNAME_3":null,"TYPE_3":"Barangay","ENGTYPE_3":"Village","PROVINCE":"Bukidnon","REGION":"Region X (Northern Mindanao)","id":"barangay-1001318032","name":"Sacramento Valley","barangayCode":"1001318032","population":null,"formattedPop":null,"densityCategory":"No data","vulnerabilityRating":"No data","healthRiskLevel":"No data","areaKm2":13.638068,"centerLat":7.923831,"centerLng":125.265695,"geometrySource":"all_barangay-2.csv detailed WKT","geometryMatchMethod":"unique_official_admin_names","boundaryPointCount":34},"geometry":{"type":"MultiPolygon","coordinates":[[[[125.286308,7.94388],[125.310219,7.94504],[125.287437,7.88152],[125.271622,7.82387],[125.27066,7.84073],[125.270393,7.84245],[125.270416,7.84543],[125.270523,7.84676],[125.270866,7.84821],[125.270576,7.84948],[125.271362,7.85186],[125.271744,7.85335],[125.271156,7.8551],[125.271988,7.85949],[125.273262,7.86486],[125.273941,7.87043],[125.274582,7.87513],[125.27459,7.88041],[125.274887,7.88273],[125.274567,7.88427],[125.274437,7.88601],[125.27459,7.89082],[125.27462,7.89431],[125.27533,7.89972],[125.277687,7.90831],[125.278503,7.91174],[125.279381,7.91423],[125.280838,7.91805],[125.281891,7.92187],[125.282013,7.9237],[125.281387,7.92665],[125.281029,7.92781],[125.280907,7.93164],[125.286308,7.94388]]]]}},{"type":"Feature","properties":{"ID_0":177,"ISO":"PHL","NAME_0":"Philippines","ID_1":10013,"NAME_1":"Bukidnon","ID_2":1001319,"NAME_2":"Sumilao","ID_3":1001319001,"NAME_3":"Kisolon","NL_NAME_3":null,"VARNAME_3":null,"TYPE_3":"Barangay","ENGTYPE_3":"Village","PROVINCE":"Bukidnon","REGION":"Region X (Northern Mindanao)","id":"barangay-1001319001","name":"Kisolon","barangayCode":"1001319001","population":null,"formattedPop":null,"densityCategory":"No data","vulnerabilityRating":"No data","healthRiskLevel":"No data","areaKm2":20.569616,"centerLat":8.300843,"centerLng":124.972862,"geometrySource":"all_barangay-2.csv detailed WKT","geometryMatchMethod":"unique_official_admin_names","boundaryPointCount":46},"geometry":{"type":"MultiPolygon","coordinates":[[[[124.988907,8.34918],[124.989952,8.34855],[124.989922,8.34762],[124.98838,8.34489],[124.987778,8.34349],[124.986877,8.33995],[124.986603,8.33828],[124.986351,8.33655],[124.985977,8.33495],[124.985588,8.33283],[124.985512,8.33125],[124.985443,8.32979],[124.983269,8.32751],[124.981644,8.32567],[124.979797,8.32326],[124.979561,8.32232],[124.97937,8.32061],[124.973389,8.32109],[124.96627,8.32162],[124.968552,8.32373],[124.968628,8.32433],[124.969261,8.32576],[124.969543,8.3264],[124.969719,8.32695],[124.969833,8.32878],[124.969337,8.33111],[124.969147,8.33198],[124.969757,8.33365],[124.969833,8.33406],[124.969414,8.33413],[124.968674,8.3342],[124.967499,8.33512],[124.966858,8.33582],[124.966171,8.33719],[124.965508,8.33996],[124.965157,8.34031],[124.964897,8.34141],[124.965179,8.34214],[124.965927,8.3438],[124.966133,8.3451],[124.965797,8.34613],[124.983833,8.35055],[124.984459,8.35003],[124.987129,8.34911],[124.987694,8.34912],[124.988907,8.34918]]]]}},{"type":"Feature","properties":{"ID_0":177,"ISO":"PHL","NAME_0":"Philippines","ID_1":10013,"NAME_1":"Bukidnon","ID_2":1001319,"NAME_2":"Sumilao","ID_3":1001319002,"NAME_3":"Culasi","NL_NAME_3":null,"VARNAME_3":null,"TYPE_3":"Barangay","ENGTYPE_3":"Village","PROVINCE":"Bukidnon","REGION":"Region X (Northern Mindanao)","id":"barangay-1001319002","name":"Culasi","barangayCode":"1001319002","population":null,"formattedPop":null,"densityCategory":"No data","vulnerabilityRating":"No data","healthRiskLevel":"No data","areaKm2":12.415346,"centerLat":8.279084,"centerLng":124.926587,"geometrySource":"all_barangay-2.csv detailed WKT","geometryMatchMethod":"unique_official_admin_names","boundaryPointCount":138},"geometry":{"type":"MultiPolygon","coordinates":[[[[124.954521,8.31977],[124.954407,8.31881],[124.953957,8.31727],[124.953033,8.31541],[124.952492,8.31457],[124.951683,8.31312],[124.951103,8.31238],[124.950768,8.31122],[124.950943,8.30953],[124.950722,8.30921],[124.949432,8.30871],[124.949112,8.30824],[124.948708,8.30667],[124.948463,8.30494],[124.947769,8.30424],[124.946953,8.3038],[124.946129,8.3034],[124.944763,8.30297],[124.943123,8.30211],[124.941101,8.30032],[124.940308,8.29935],[124.93898,8.29695],[124.938789,8.29613],[124.939323,8.29427],[124.939484,8.29283],[124.939247,8.29224],[124.93856,8.29109],[124.936859,8.28815],[124.936302,8.28722],[124.934792,8.28485],[124.93409,8.28393],[124.932518,8.28194],[124.931236,8.28053],[124.929749,8.27827],[124.929337,8.27741],[124.928757,8.27605],[124.928192,8.27425],[124.927673,8.27207],[124.926697,8.26814],[124.92614,8.2659],[124.925797,8.26337],[124.926064,8.2615],[124.926491,8.25996],[124.926727,8.25851],[124.926857,8.25577],[124.92688,8.25474],[124.92598,8.25226],[124.925453,8.2501],[124.92572,8.24891],[124.926117,8.24606],[124.925751,8.24383],[124.925568,8.24214],[124.925583,8.24049],[124.923058,8.24141],[124.920273,8.24311],[124.918312,8.24461],[124.917824,8.24604],[124.916779,8.24882],[124.91581,8.24992],[124.915611,8.25157],[124.915253,8.25251],[124.914757,8.25279],[124.913963,8.2539],[124.914146,8.25552],[124.913628,8.25729],[124.913338,8.25818],[124.912628,8.25986],[124.912567,8.26071],[124.912277,8.26206],[124.91188,8.26364],[124.91227,8.2662],[124.913033,8.26779],[124.913567,8.2687],[124.914017,8.26936],[124.913307,8.27096],[124.912773,8.27152],[124.912628,8.27239],[124.912666,8.27369],[124.912537,8.27468],[124.912987,8.27602],[124.913399,8.2772],[124.913353,8.27805],[124.913391,8.27951],[124.913033,8.28073],[124.912956,8.28199],[124.913399,8.28246],[124.914078,8.28337],[124.914093,8.28389],[124.914207,8.28499],[124.914574,8.28597],[124.914711,8.28661],[124.915123,8.28786],[124.916367,8.28762],[124.916527,8.28778],[124.916733,8.28881],[124.916786,8.28981],[124.916893,8.2907],[124.91732,8.29202],[124.917862,8.29291],[124.918663,8.29391],[124.919289,8.29447],[124.919548,8.29481],[124.920021,8.29613],[124.920357,8.29713],[124.920921,8.29752],[124.921356,8.29788],[124.921967,8.29838],[124.92244,8.29892],[124.923027,8.29962],[124.923981,8.30066],[124.924568,8.3012],[124.925484,8.3019],[124.92659,8.30203],[124.927567,8.30239],[124.928658,8.30256],[124.92926,8.30274],[124.930763,8.30288],[124.931702,8.30335],[124.932823,8.30405],[124.9347,8.30447],[124.935951,8.304],[124.936447,8.30384],[124.940117,8.30611],[124.94075,8.30732],[124.942871,8.30885],[124.944458,8.30984],[124.945053,8.31096],[124.945862,8.31191],[124.946442,8.31357],[124.946602,8.31389],[124.947418,8.31457],[124.948486,8.3154],[124.949448,8.3161],[124.949654,8.31718],[124.950562,8.31843],[124.95208,8.31955],[124.95285,8.32007],[124.954521,8.31977]]]]}},{"type":"Feature","properties":{"ID_0":177,"ISO":"PHL","NAME_0":"Philippines","ID_1":10013,"NAME_1":"Bukidnon","ID_2":1001319,"NAME_2":"Sumilao","ID_3":1001319003,"NAME_3":"Licoan","NL_NAME_3":null,"VARNAME_3":null,"TYPE_3":"Barangay","ENGTYPE_3":"Village","PROVINCE":"Bukidnon","REGION":"Region X (Northern Mindanao)","id":"barangay-1001319003","name":"Licoan","barangayCode":"1001319003","population":null,"formattedPop":null,"densityCategory":"No data","vulnerabilityRating":"No data","healthRiskLevel":"No data","areaKm2":10.284552,"centerLat":8.218783,"centerLng":124.906409,"geometrySource":"all_barangay-2.csv detailed WKT","geometryMatchMethod":"unique_official_admin_names","boundaryPointCount":114},"geometry":{"type":"MultiPolygon","coordinates":[[[[124.925461,8.23832],[124.924728,8.23699],[124.924202,8.23608],[124.923309,8.235],[124.923058,8.23384],[124.923218,8.2318],[124.923843,8.23081],[124.922928,8.23021],[124.921913,8.22949],[124.921043,8.22834],[124.920517,8.227],[124.92028,8.22657],[124.9189,8.22642],[124.918602,8.22642],[124.917847,8.22609],[124.917137,8.22483],[124.916817,8.22398],[124.917267,8.22203],[124.918213,8.22073],[124.918716,8.21935],[124.918381,8.21748],[124.91803,8.21644],[124.917664,8.21569],[124.91655,8.21495],[124.915497,8.21452],[124.915176,8.21427],[124.913452,8.21272],[124.912712,8.21196],[124.911507,8.21038],[124.910622,8.20914],[124.910103,8.20764],[124.909714,8.20666],[124.909157,8.20608],[124.908333,8.20584],[124.907753,8.20576],[124.907158,8.20504],[124.906464,8.20433],[124.906479,8.20329],[124.906433,8.20163],[124.906532,8.19978],[124.906487,8.19842],[124.906067,8.19709],[124.904343,8.1961],[124.903839,8.19576],[124.903381,8.1942],[124.903419,8.19273],[124.903374,8.19079],[124.903374,8.18975],[124.902527,8.1891],[124.901917,8.18891],[124.900787,8.18926],[124.900253,8.18934],[124.899513,8.18913],[124.898392,8.18761],[124.898003,8.18672],[124.897217,8.18418],[124.897087,8.18305],[124.896797,8.18163],[124.896187,8.18044],[124.895447,8.17845],[124.894783,8.17635],[124.894096,8.17479],[124.892754,8.17344],[124.892036,8.17325],[124.890968,8.17217],[124.890717,8.1716],[124.890038,8.17028],[124.888474,8.16847],[124.887878,8.16788],[124.886879,8.16694],[124.886108,8.16601],[124.885513,8.16512],[124.883408,8.16046],[124.877029,8.17021],[124.878601,8.17539],[124.87854,8.17877],[124.8787,8.18119],[124.878601,8.18853],[124.878601,8.19285],[124.877327,8.19499],[124.878059,8.19837],[124.879097,8.20098],[124.879417,8.20251],[124.879784,8.20386],[124.879997,8.20594],[124.880363,8.20782],[124.881462,8.20981],[124.882042,8.21095],[124.882408,8.2121],[124.883461,8.21357],[124.885017,8.21414],[124.886276,8.21449],[124.887527,8.21509],[124.888863,8.21535],[124.889557,8.2154],[124.890648,8.2157],[124.891151,8.21648],[124.891647,8.21746],[124.892593,8.2187],[124.893379,8.21985],[124.893181,8.22087],[124.892433,8.22158],[124.89196,8.22196],[124.891342,8.22305],[124.891418,8.22433],[124.890404,8.228],[124.890907,8.22965],[124.891212,8.23128],[124.888657,8.23297],[124.889297,8.23265],[124.888268,8.23355],[124.887817,8.23466],[124.887337,8.23537],[124.925461,8.23832]]]]}},{"type":"Feature","properties":{"ID_0":177,"ISO":"PHL","NAME_0":"Philippines","ID_1":10013,"NAME_1":"Bukidnon","ID_2":1001319,"NAME_2":"Sumilao","ID_3":1001319004,"NAME_3":"Lupiagan","NL_NAME_3":null,"VARNAME_3":null,"TYPE_3":"Barangay","ENGTYPE_3":"Village","PROVINCE":"Bukidnon","REGION":"Region X (Northern Mindanao)","id":"barangay-1001319004","name":"Lupiagan","barangayCode":"1001319004","population":null,"formattedPop":null,"densityCategory":"No data","vulnerabilityRating":"No data","healthRiskLevel":"No data","areaKm2":18.931928,"centerLat":8.217547,"centerLng":124.929431,"geometrySource":"all_barangay-2.csv detailed WKT","geometryMatchMethod":"unique_official_admin_names","boundaryPointCount":111},"geometry":{"type":"MultiPolygon","coordinates":[[[[124.923218,8.2318],[124.94706,8.2314],[124.947449,8.23119],[124.94693,8.22914],[124.946922,8.22738],[124.946136,8.22682],[124.945824,8.22614],[124.945282,8.22506],[124.944901,8.22454],[124.944969,8.22364],[124.945503,8.22313],[124.946037,8.22118],[124.945602,8.21938],[124.945396,8.21867],[124.945007,8.21779],[124.944351,8.2164],[124.944366,8.21544],[124.944206,8.21412],[124.944313,8.21297],[124.943848,8.21202],[124.943558,8.21113],[124.942543,8.21035],[124.941963,8.20908],[124.941788,8.20789],[124.942123,8.20534],[124.941948,8.20274],[124.942062,8.20078],[124.94474,8.19389],[124.945587,8.19224],[124.947563,8.18606],[124.950203,8.18019],[124.952347,8.1758],[124.954849,8.17162],[124.957733,8.16774],[124.961212,8.16337],[124.957069,8.15925],[124.925407,8.13249],[124.922989,8.12994],[124.920547,8.12804],[124.919006,8.12679],[124.915367,8.1241],[124.914619,8.12211],[124.911751,8.11926],[124.883408,8.16046],[124.885513,8.16512],[124.886108,8.16601],[124.886879,8.16694],[124.887878,8.16788],[124.888474,8.16847],[124.890038,8.17028],[124.890717,8.1716],[124.890968,8.17217],[124.892036,8.17325],[124.892754,8.17344],[124.894096,8.17479],[124.894783,8.17635],[124.895447,8.17845],[124.896187,8.18044],[124.896797,8.18163],[124.897087,8.18305],[124.897217,8.18418],[124.898003,8.18672],[124.898392,8.18761],[124.899513,8.18913],[124.900253,8.18934],[124.900787,8.18926],[124.901917,8.18891],[124.902527,8.1891],[124.903374,8.18975],[124.903374,8.19079],[124.903419,8.19273],[124.903381,8.1942],[124.903839,8.19576],[124.904343,8.1961],[124.906067,8.19709],[124.906487,8.19842],[124.906532,8.19978],[124.906433,8.20163],[124.906479,8.20329],[124.906464,8.20433],[124.907158,8.20504],[124.907753,8.20576],[124.908333,8.20584],[124.909157,8.20608],[124.909714,8.20666],[124.910103,8.20764],[124.910622,8.20914],[124.911507,8.21038],[124.912712,8.21196],[124.913452,8.21272],[124.915176,8.21427],[124.915497,8.21452],[124.91655,8.21495],[124.917664,8.21569],[124.91803,8.21644],[124.918381,8.21748],[124.918716,8.21935],[124.918213,8.22073],[124.917267,8.22203],[124.916817,8.22398],[124.917137,8.22483],[124.917847,8.22609],[124.918602,8.22642],[124.9189,8.22642],[124.92028,8.22657],[124.920517,8.227],[124.921043,8.22834],[124.921913,8.22949],[124.922928,8.23021],[124.923843,8.23081],[124.923218,8.2318]]]]}},{"type":"Feature","properties":{"ID_0":177,"ISO":"PHL","NAME_0":"Philippines","ID_1":10013,"NAME_1":"Bukidnon","ID_2":1001319,"NAME_2":"Sumilao","ID_3":1001319005,"NAME_3":"Ocasion","NL_NAME_3":null,"VARNAME_3":null,"TYPE_3":"Barangay","ENGTYPE_3":"Village","PROVINCE":"Bukidnon","REGION":"Region X (Northern Mindanao)","id":"barangay-1001319005","name":"Ocasion","barangayCode":"1001319005","population":null,"formattedPop":null,"densityCategory":"No data","vulnerabilityRating":"No data","healthRiskLevel":"No data","areaKm2":11.189747,"centerLat":8.246488,"centerLng":124.901397,"geometrySource":"all_barangay-2.csv detailed WKT","geometryMatchMethod":"unique_official_admin_names","boundaryPointCount":79},"geometry":{"type":"MultiPolygon","coordinates":[[[[124.881027,8.26574],[124.88253,8.26552],[124.883392,8.26593],[124.88562,8.2659],[124.887169,8.2655],[124.889168,8.26557],[124.891373,8.26623],[124.892754,8.26656],[124.895187,8.26601],[124.896873,8.2661],[124.89785,8.26655],[124.901466,8.26873],[124.903526,8.26894],[124.906921,8.26913],[124.911087,8.26939],[124.914017,8.26936],[124.913567,8.2687],[124.913033,8.26779],[124.91227,8.2662],[124.91188,8.26364],[124.912277,8.26206],[124.912567,8.26071],[124.912628,8.25986],[124.913338,8.25818],[124.913628,8.25729],[124.914146,8.25552],[124.913963,8.2539],[124.914757,8.25279],[124.915253,8.25251],[124.915611,8.25157],[124.91581,8.24992],[124.916779,8.24882],[124.917824,8.24604],[124.918312,8.24461],[124.920273,8.24311],[124.923058,8.24141],[124.925583,8.24049],[124.925461,8.23832],[124.887337,8.23537],[124.887428,8.23671],[124.887001,8.23811],[124.886803,8.23887],[124.886482,8.2394],[124.885841,8.23987],[124.885689,8.24065],[124.88533,8.24173],[124.885406,8.24277],[124.886414,8.24343],[124.887154,8.24426],[124.886703,8.24467],[124.885727,8.24511],[124.884979,8.24599],[124.884506,8.24728],[124.884537,8.24788],[124.884537,8.2496],[124.88488,8.25046],[124.884354,8.25099],[124.883423,8.2514],[124.882637,8.25219],[124.882507,8.25309],[124.882896,8.25387],[124.883057,8.25483],[124.882057,8.25603],[124.881264,8.2562],[124.880623,8.25664],[124.880989,8.25691],[124.88224,8.25753],[124.882248,8.25792],[124.881561,8.25877],[124.880966,8.25912],[124.880386,8.25993],[124.87986,8.26044],[124.879471,8.2609],[124.87941,8.26163],[124.880081,8.26257],[124.880478,8.26335],[124.880867,8.26418],[124.880981,8.26413],[124.881027,8.26574]]]]}},{"type":"Feature","properties":{"ID_0":177,"ISO":"PHL","NAME_0":"Philippines","ID_1":10013,"NAME_1":"Bukidnon","ID_2":1001319,"NAME_2":"Sumilao","ID_3":1001319006,"NAME_3":"Puntian","NL_NAME_3":null,"VARNAME_3":null,"TYPE_3":"Barangay","ENGTYPE_3":"Village","PROVINCE":"Bukidnon","REGION":"Region X (Northern Mindanao)","id":"barangay-1001319006","name":"Puntian","barangayCode":"1001319006","population":null,"formattedPop":null,"densityCategory":"No data","vulnerabilityRating":"No data","healthRiskLevel":"No data","areaKm2":20.532313,"centerLat":8.293129,"centerLng":124.90074,"geometrySource":"all_barangay-2.csv detailed WKT","geometryMatchMethod":"unique_official_admin_names","boundaryPointCount":186},"geometry":{"type":"MultiPolygon","coordinates":[[[[124.94075,8.30732],[124.940117,8.30611],[124.936447,8.30384],[124.935951,8.304],[124.9347,8.30447],[124.932823,8.30405],[124.931702,8.30335],[124.930763,8.30288],[124.92926,8.30274],[124.928658,8.30256],[124.927567,8.30239],[124.92659,8.30203],[124.925484,8.3019],[124.924568,8.3012],[124.923981,8.30066],[124.923027,8.29962],[124.92244,8.29892],[124.921967,8.29838],[124.921356,8.29788],[124.920921,8.29752],[124.920357,8.29713],[124.920021,8.29613],[124.919548,8.29481],[124.919289,8.29447],[124.918663,8.29391],[124.917862,8.29291],[124.91732,8.29202],[124.916893,8.2907],[124.916786,8.28981],[124.916733,8.28881],[124.916527,8.28778],[124.916367,8.28762],[124.915123,8.28786],[124.914711,8.28661],[124.914574,8.28597],[124.914207,8.28499],[124.914093,8.28389],[124.914078,8.28337],[124.913399,8.28246],[124.912956,8.28199],[124.913033,8.28073],[124.913391,8.27951],[124.913353,8.27805],[124.913399,8.2772],[124.912987,8.27602],[124.912537,8.27468],[124.912666,8.27369],[124.912628,8.27239],[124.912773,8.27152],[124.913307,8.27096],[124.914017,8.26936],[124.911087,8.26939],[124.906921,8.26913],[124.903526,8.26894],[124.901466,8.26873],[124.89785,8.26655],[124.896873,8.2661],[124.895187,8.26601],[124.892754,8.26656],[124.891373,8.26623],[124.889168,8.26557],[124.887169,8.2655],[124.88562,8.2659],[124.883392,8.26593],[124.88253,8.26552],[124.881027,8.26574],[124.881943,8.26735],[124.882622,8.26898],[124.8834,8.26982],[124.88475,8.27078],[124.885246,8.27131],[124.885498,8.27243],[124.885986,8.27298],[124.886917,8.27319],[124.887512,8.2736],[124.887108,8.27408],[124.886093,8.27592],[124.8862,8.27747],[124.885674,8.27829],[124.884621,8.27929],[124.885223,8.28037],[124.886543,8.28139],[124.887016,8.28215],[124.886589,8.283],[124.886238,8.28415],[124.886307,8.28569],[124.886871,8.28608],[124.887299,8.28695],[124.887573,8.28835],[124.888008,8.28893],[124.88755,8.28962],[124.887283,8.29079],[124.887817,8.29155],[124.887939,8.29207],[124.888672,8.29262],[124.888962,8.29333],[124.888687,8.29418],[124.888786,8.29531],[124.888123,8.29589],[124.887207,8.29614],[124.887497,8.29699],[124.887604,8.29777],[124.887947,8.29876],[124.888634,8.29901],[124.888924,8.29951],[124.888283,8.30044],[124.887207,8.30138],[124.887009,8.30253],[124.887497,8.30388],[124.887741,8.3045],[124.888031,8.30629],[124.887581,8.30763],[124.887711,8.30832],[124.887939,8.30953],[124.888603,8.31123],[124.890106,8.31166],[124.891243,8.31179],[124.89064,8.3137],[124.891098,8.31494],[124.891724,8.3156],[124.892906,8.31594],[124.893402,8.31631],[124.893631,8.31755],[124.893578,8.31831],[124.892853,8.31856],[124.892189,8.31882],[124.892616,8.31948],[124.89328,8.3201],[124.892937,8.32086],[124.893028,8.32152],[124.893944,8.32258],[124.89447,8.32439],[124.894836,8.32439],[124.895599,8.32399],[124.896278,8.32418],[124.896477,8.32551],[124.896233,8.32686],[124.897079,8.32798],[124.897629,8.32849],[124.897552,8.32913],[124.896912,8.3298],[124.897667,8.33253],[124.897972,8.33409],[124.898468,8.3361],[124.898483,8.33835],[124.897858,8.3398],[124.897346,8.3413],[124.897408,8.34322],[124.89679,8.34419],[124.897888,8.34382],[124.899399,8.34239],[124.901756,8.33995],[124.902679,8.33907],[124.903809,8.33831],[124.904709,8.33793],[124.905373,8.33754],[124.906471,8.33634],[124.907021,8.3359],[124.907204,8.3357],[124.907677,8.33496],[124.907913,8.33423],[124.908096,8.33373],[124.908241,8.33276],[124.908997,8.33162],[124.909782,8.33129],[124.910721,8.33048],[124.91188,8.33026],[124.912178,8.3301],[124.912483,8.3293],[124.912643,8.32857],[124.912941,8.32788],[124.913239,8.32689],[124.913551,8.32616],[124.916389,8.32276],[124.916573,8.32207],[124.918114,8.32034],[124.91925,8.31955],[124.921547,8.31816],[124.924393,8.31661],[124.926468,8.31544],[124.92955,8.31338],[124.931053,8.31248],[124.934761,8.31046],[124.936852,8.30916],[124.939323,8.3079],[124.94075,8.30732]]]]}},{"type":"Feature","properties":{"ID_0":177,"ISO":"PHL","NAME_0":"Philippines","ID_1":10013,"NAME_1":"Bukidnon","ID_2":1001319,"NAME_2":"Sumilao","ID_3":1001319007,"NAME_3":"San Roque","NL_NAME_3":null,"VARNAME_3":null,"TYPE_3":"Barangay","ENGTYPE_3":"Village","PROVINCE":"Bukidnon","REGION":"Region X (Northern Mindanao)","id":"barangay-1001319007","name":"San Roque","barangayCode":"1001319007","population":null,"formattedPop":null,"densityCategory":"No data","vulnerabilityRating":"No data","healthRiskLevel":"No data","areaKm2":22.048812,"centerLat":8.337241,"centerLng":124.946008,"geometrySource":"all_barangay-2.csv detailed WKT","geometryMatchMethod":"unique_official_admin_names","boundaryPointCount":65},"geometry":{"type":"MultiPolygon","coordinates":[[[[124.949417,8.35989],[124.963768,8.36156],[124.962883,8.3605],[124.962914,8.35981],[124.963463,8.35871],[124.964119,8.35732],[124.965042,8.35651],[124.965622,8.35543],[124.965881,8.35356],[124.966362,8.35277],[124.966614,8.3514],[124.96534,8.3497],[124.964592,8.34858],[124.964027,8.34724],[124.963852,8.34665],[124.964813,8.34641],[124.96566,8.34624],[124.965797,8.34613],[124.966133,8.3451],[124.965927,8.3438],[124.965179,8.34214],[124.964897,8.34141],[124.965157,8.34031],[124.965508,8.33996],[124.966171,8.33719],[124.966858,8.33582],[124.967499,8.33512],[124.968674,8.3342],[124.969414,8.33413],[124.969833,8.33406],[124.969757,8.33365],[124.969147,8.33198],[124.969337,8.33111],[124.969833,8.32878],[124.969719,8.32695],[124.969543,8.3264],[124.969261,8.32576],[124.968628,8.32433],[124.968552,8.32373],[124.96627,8.32162],[124.956833,8.32201],[124.956383,8.32177],[124.955811,8.32141],[124.955391,8.32108],[124.954521,8.31977],[124.95285,8.32007],[124.95208,8.31955],[124.952003,8.32173],[124.949173,8.32365],[124.947006,8.32579],[124.945053,8.3278],[124.9431,8.32984],[124.942268,8.33063],[124.937912,8.33446],[124.935242,8.33702],[124.934174,8.33846],[124.932701,8.34186],[124.932137,8.34442],[124.931808,8.34705],[124.931664,8.35112],[124.931267,8.35342],[124.930428,8.35537],[124.929657,8.35659],[124.929459,8.35782],[124.949417,8.35989]]]]}},{"type":"Feature","properties":{"ID_0":177,"ISO":"PHL","NAME_0":"Philippines","ID_1":10013,"NAME_1":"Bukidnon","ID_2":1001319,"NAME_2":"Sumilao","ID_3":1001319008,"NAME_3":"San Vicente","NL_NAME_3":null,"VARNAME_3":null,"TYPE_3":"Barangay","ENGTYPE_3":"Village","PROVINCE":"Bukidnon","REGION":"Region X (Northern Mindanao)","id":"barangay-1001319008","name":"San Vicente","barangayCode":"1001319008","population":null,"formattedPop":null,"densityCategory":"No data","vulnerabilityRating":"No data","healthRiskLevel":"No data","areaKm2":8.884874,"centerLat":8.36746,"centerLng":124.972501,"geometrySource":"all_barangay-2.csv detailed WKT","geometryMatchMethod":"unique_official_admin_names","boundaryPointCount":78},"geometry":{"type":"MultiPolygon","coordinates":[[[[124.972893,8.38102],[124.974937,8.37996],[124.975777,8.37949],[124.977402,8.37769],[124.978027,8.37695],[124.979332,8.37552],[124.980873,8.37424],[124.981712,8.37364],[124.982193,8.37303],[124.982399,8.37258],[124.982742,8.37122],[124.982353,8.3691],[124.981667,8.36772],[124.981133,8.36607],[124.981148,8.36466],[124.981377,8.36225],[124.981796,8.36102],[124.982193,8.36064],[124.983727,8.36],[124.985023,8.35972],[124.986412,8.35933],[124.987549,8.35841],[124.987907,8.35728],[124.987389,8.35633],[124.985397,8.3546],[124.98455,8.35398],[124.983727,8.35333],[124.983047,8.35191],[124.983597,8.35084],[124.983833,8.35055],[124.965797,8.34613],[124.96566,8.34624],[124.964813,8.34641],[124.963852,8.34665],[124.964027,8.34724],[124.964592,8.34858],[124.96534,8.3497],[124.966614,8.3514],[124.966362,8.35277],[124.965881,8.35356],[124.965622,8.35543],[124.965042,8.35651],[124.964119,8.35732],[124.963463,8.35871],[124.962914,8.35981],[124.962883,8.3605],[124.963768,8.36156],[124.963867,8.36203],[124.96373,8.36306],[124.963333,8.36378],[124.961533,8.36473],[124.959877,8.36491],[124.959473,8.36551],[124.959457,8.36709],[124.959953,8.36883],[124.961113,8.3693],[124.961723,8.37038],[124.961288,8.37085],[124.960617,8.37223],[124.960129,8.37418],[124.959282,8.37547],[124.957512,8.37764],[124.957291,8.37896],[124.957901,8.37999],[124.959633,8.3818],[124.960922,8.38361],[124.961517,8.38426],[124.962967,8.38525],[124.96434,8.38553],[124.964897,8.3842],[124.966331,8.38193],[124.967087,8.38157],[124.968208,8.38168],[124.968933,8.38125],[124.96962,8.3804],[124.970833,8.37991],[124.972038,8.38043],[124.972893,8.38102]]]]}},{"type":"Feature","properties":{"ID_0":177,"ISO":"PHL","NAME_0":"Philippines","ID_1":10013,"NAME_1":"Bukidnon","ID_2":1001319,"NAME_2":"Sumilao","ID_3":1001319009,"NAME_3":"Poblacion","NL_NAME_3":null,"VARNAME_3":null,"TYPE_3":"Barangay","ENGTYPE_3":"Village","PROVINCE":"Bukidnon","REGION":"Region X (Northern Mindanao)","id":"barangay-1001319009","name":"Poblacion","barangayCode":"1001319009","population":null,"formattedPop":null,"densityCategory":"No data","vulnerabilityRating":"No data","healthRiskLevel":"No data","areaKm2":28.543692,"centerLat":8.270892,"centerLng":124.950787,"geometrySource":"all_barangay-2.csv detailed WKT","geometryMatchMethod":"unique_official_admin_names","boundaryPointCount":165},"geometry":{"type":"MultiPolygon","coordinates":[[[[124.97937,8.32061],[124.979729,8.31991],[124.979591,8.31895],[124.979378,8.31761],[124.978882,8.31629],[124.977943,8.31565],[124.977531,8.31417],[124.977654,8.31259],[124.978027,8.31089],[124.978218,8.30975],[124.978409,8.30812],[124.978256,8.30671],[124.978859,8.30517],[124.979118,8.30363],[124.979393,8.30205],[124.979561,8.30052],[124.97963,8.29942],[124.979553,8.29875],[124.980049,8.29731],[124.980408,8.29694],[124.981148,8.29551],[124.981567,8.2939],[124.981468,8.29317],[124.981812,8.29225],[124.982147,8.29067],[124.982368,8.28915],[124.981888,8.28807],[124.981293,8.28789],[124.981308,8.28718],[124.981323,8.2862],[124.981323,8.28561],[124.981583,8.28496],[124.981331,8.28435],[124.98127,8.28353],[124.981194,8.28296],[124.981163,8.28225],[124.980881,8.28159],[124.980827,8.28084],[124.980843,8.27999],[124.980911,8.27804],[124.98085,8.27725],[124.98069,8.27526],[124.98069,8.2732],[124.980522,8.2711],[124.980431,8.27021],[124.980743,8.26742],[124.980919,8.26501],[124.980186,8.26233],[124.980537,8.26148],[124.981209,8.25826],[124.982651,8.25293],[124.983093,8.25073],[124.983856,8.24701],[124.984261,8.24492],[124.985207,8.24156],[124.986816,8.23483],[124.988182,8.23099],[124.989166,8.22864],[124.990883,8.22451],[124.992981,8.21985],[124.993347,8.21774],[124.996597,8.21286],[124.997177,8.2111],[125.00312,8.19972],[124.983124,8.18238],[124.961212,8.16337],[124.957733,8.16774],[124.954849,8.17162],[124.952347,8.1758],[124.950203,8.18019],[124.947563,8.18606],[124.945587,8.19224],[124.94474,8.19389],[124.942062,8.20078],[124.941948,8.20274],[124.942123,8.20534],[124.941788,8.20789],[124.941963,8.20908],[124.942543,8.21035],[124.943558,8.21113],[124.943848,8.21202],[124.944313,8.21297],[124.944206,8.21412],[124.944366,8.21544],[124.944351,8.2164],[124.945007,8.21779],[124.945396,8.21867],[124.945602,8.21938],[124.946037,8.22118],[124.945503,8.22313],[124.944969,8.22364],[124.944901,8.22454],[124.945282,8.22506],[124.945824,8.22614],[124.946136,8.22682],[124.946922,8.22738],[124.94693,8.22914],[124.947449,8.23119],[124.94706,8.2314],[124.923218,8.2318],[124.923058,8.23384],[124.923309,8.235],[124.924202,8.23608],[124.924728,8.23699],[124.925461,8.23832],[124.925583,8.24049],[124.925568,8.24214],[124.925751,8.24383],[124.926117,8.24606],[124.92572,8.24891],[124.925453,8.2501],[124.92598,8.25226],[124.92688,8.25474],[124.926857,8.25577],[124.926727,8.25851],[124.926491,8.25996],[124.926064,8.2615],[124.925797,8.26337],[124.92614,8.2659],[124.926697,8.26814],[124.927673,8.27207],[124.928192,8.27425],[124.928757,8.27605],[124.929337,8.27741],[124.929749,8.27827],[124.931236,8.28053],[124.932518,8.28194],[124.93409,8.28393],[124.934792,8.28485],[124.936302,8.28722],[124.936859,8.28815],[124.93856,8.29109],[124.939247,8.29224],[124.939484,8.29283],[124.939323,8.29427],[124.938789,8.29613],[124.93898,8.29695],[124.940308,8.29935],[124.941101,8.30032],[124.943123,8.30211],[124.944763,8.30297],[124.946129,8.3034],[124.946953,8.3038],[124.947769,8.30424],[124.948463,8.30494],[124.948708,8.30667],[124.949112,8.30824],[124.949432,8.30871],[124.950722,8.30921],[124.950943,8.30953],[124.950768,8.31122],[124.951103,8.31238],[124.951683,8.31312],[124.952492,8.31457],[124.953033,8.31541],[124.953957,8.31727],[124.954407,8.31881],[124.954521,8.31977],[124.955391,8.32108],[124.955811,8.32141],[124.956383,8.32177],[124.956833,8.32201],[124.96627,8.32162],[124.973389,8.32109],[124.97937,8.32061]]]]}},{"type":"Feature","properties":{"ID_0":177,"ISO":"PHL","NAME_0":"Philippines","ID_1":10013,"NAME_1":"Bukidnon","ID_2":1001319,"NAME_2":"Sumilao","ID_3":1001319010,"NAME_3":"Vista Villa","NL_NAME_3":null,"VARNAME_3":null,"TYPE_3":"Barangay","ENGTYPE_3":"Village","PROVINCE":"Bukidnon","REGION":"Region X (Northern Mindanao)","id":"barangay-1001319010","name":"Vista Villa","barangayCode":"1001319010","population":null,"formattedPop":null,"densityCategory":"No data","vulnerabilityRating":"No data","healthRiskLevel":"No data","areaKm2":15.112349,"centerLat":8.326118,"centerLng":124.918338,"geometrySource":"all_barangay-2.csv detailed WKT","geometryMatchMethod":"unique_official_admin_names","boundaryPointCount":81},"geometry":{"type":"MultiPolygon","coordinates":[[[[124.884087,8.35334],[124.929459,8.35782],[124.929657,8.35659],[124.930428,8.35537],[124.931267,8.35342],[124.931664,8.35112],[124.931808,8.34705],[124.932137,8.34442],[124.932701,8.34186],[124.934174,8.33846],[124.935242,8.33702],[124.937912,8.33446],[124.942268,8.33063],[124.9431,8.32984],[124.945053,8.3278],[124.947006,8.32579],[124.949173,8.32365],[124.952003,8.32173],[124.95208,8.31955],[124.950562,8.31843],[124.949654,8.31718],[124.949448,8.3161],[124.948486,8.3154],[124.947418,8.31457],[124.946602,8.31389],[124.946442,8.31357],[124.945862,8.31191],[124.945053,8.31096],[124.944458,8.30984],[124.942871,8.30885],[124.94075,8.30732],[124.939323,8.3079],[124.936852,8.30916],[124.934761,8.31046],[124.931053,8.31248],[124.92955,8.31338],[124.926468,8.31544],[124.924393,8.31661],[124.921547,8.31816],[124.91925,8.31955],[124.918114,8.32034],[124.916573,8.32207],[124.916389,8.32276],[124.913551,8.32616],[124.913239,8.32689],[124.912941,8.32788],[124.912643,8.32857],[124.912483,8.3293],[124.912178,8.3301],[124.91188,8.33026],[124.910721,8.33048],[124.909782,8.33129],[124.908997,8.33162],[124.908241,8.33276],[124.908096,8.33373],[124.907913,8.33423],[124.907677,8.33496],[124.907204,8.3357],[124.907021,8.3359],[124.906471,8.33634],[124.905373,8.33754],[124.904709,8.33793],[124.903809,8.33831],[124.902679,8.33907],[124.901756,8.33995],[124.899399,8.34239],[124.897888,8.34382],[124.89679,8.34419],[124.897743,8.34561],[124.897873,8.34644],[124.896568,8.34793],[124.895416,8.3489],[124.893913,8.34904],[124.893082,8.34971],[124.892487,8.35019],[124.891548,8.35086],[124.889679,8.35195],[124.888634,8.35174],[124.88726,8.35223],[124.885727,8.35274],[124.884087,8.35334]]]]}},{"type":"Feature","properties":{"ID_0":177,"ISO":"PHL","NAME_0":"Philippines","ID_1":10013,"NAME_1":"Bukidnon","ID_2":1001320,"NAME_2":"Talakag","ID_3":1001320001,"NAME_3":"Basak","NL_NAME_3":null,"VARNAME_3":null,"TYPE_3":"Barangay","ENGTYPE_3":"Village","PROVINCE":"Bukidnon","REGION":"Region X (Northern Mindanao)","id":"barangay-1001320001","name":"Basak","barangayCode":"1001320001","population":null,"formattedPop":null,"densityCategory":"No data","vulnerabilityRating":"No data","healthRiskLevel":"No data","areaKm2":4.77416,"centerLat":8.14791,"centerLng":124.577134,"geometrySource":"all_barangay-2.csv detailed WKT","geometryMatchMethod":"unique_official_admin_names","boundaryPointCount":24},"geometry":{"type":"MultiPolygon","coordinates":[[[[124.604332,8.18934],[124.604851,8.18841],[124.605919,8.18547],[124.607193,8.18346],[124.608368,8.18146],[124.60968,8.17906],[124.610474,8.17767],[124.611359,8.17523],[124.611603,8.17215],[124.611397,8.17059],[124.611,8.16963],[124.611099,8.16826],[124.611961,8.16552],[124.61245,8.16325],[124.61261,8.16061],[124.612991,8.15986],[124.614738,8.1587],[124.615379,8.15852],[124.613708,8.15037],[124.611954,8.14273],[124.610779,8.13977],[124.596931,8.15076],[124.588943,8.19111],[124.604332,8.18934]]]]}},{"type":"Feature","properties":{"ID_0":177,"ISO":"PHL","NAME_0":"Philippines","ID_1":10013,"NAME_1":"Bukidnon","ID_2":1001320,"NAME_2":"Talakag","ID_3":1001320002,"NAME_3":"Baylanan","NL_NAME_3":null,"VARNAME_3":null,"TYPE_3":"Barangay","ENGTYPE_3":"Village","PROVINCE":"Bukidnon","REGION":"Region X (Northern Mindanao)","id":"barangay-1001320002","name":"Baylanan","barangayCode":"1001320002","population":null,"formattedPop":null,"densityCategory":"No data","vulnerabilityRating":"No data","healthRiskLevel":"No data","areaKm2":145.273856,"centerLat":8.106248,"centerLng":124.749146,"geometrySource":"all_barangay-2.csv detailed WKT","geometryMatchMethod":"unique_official_admin_names","boundaryPointCount":9},"geometry":{"type":"MultiPolygon","coordinates":[[[[124.7631,8.16176],[124.783859,8.07087],[124.724953,8.07412],[124.701134,8.10665],[124.696503,8.09228],[124.665512,8.12072],[124.661568,8.12578],[124.702332,8.146],[124.7631,8.16176]]]]}},{"type":"Feature","properties":{"ID_0":177,"ISO":"PHL","NAME_0":"Philippines","ID_1":10013,"NAME_1":"Bukidnon","ID_2":1001320,"NAME_2":"Talakag","ID_3":1001320003,"NAME_3":"Cacaon","NL_NAME_3":null,"VARNAME_3":null,"TYPE_3":"Barangay","ENGTYPE_3":"Village","PROVINCE":"Bukidnon","REGION":"Region X (Northern Mindanao)","id":"barangay-1001320003","name":"Cacaon","barangayCode":"1001320003","population":null,"formattedPop":null,"densityCategory":"No data","vulnerabilityRating":"No data","healthRiskLevel":"No data","areaKm2":14.182488,"centerLat":8.140173,"centerLng":124.612827,"geometrySource":"all_barangay-2.csv detailed WKT","geometryMatchMethod":"unique_official_admin_names","boundaryPointCount":35},"geometry":{"type":"MultiPolygon","coordinates":[[[[124.635597,8.19893],[124.642029,8.16843],[124.643219,8.16011],[124.642357,8.16019],[124.641296,8.16112],[124.640747,8.16162],[124.63942,8.16175],[124.638077,8.16201],[124.635902,8.1635],[124.634407,8.16443],[124.633499,8.16541],[124.632133,8.16654],[124.630112,8.16696],[124.627403,8.16788],[124.626556,8.16813],[124.625023,8.16853],[124.623138,8.16892],[124.62159,8.16925],[124.619179,8.16961],[124.618057,8.16976],[124.615921,8.16979],[124.614418,8.16969],[124.612503,8.16989],[124.611397,8.17059],[124.611603,8.17215],[124.611359,8.17523],[124.610474,8.17767],[124.60968,8.17906],[124.608368,8.18146],[124.607193,8.18346],[124.605919,8.18547],[124.604851,8.18841],[124.604332,8.18934],[124.626839,8.19619],[124.635597,8.19893]]]]}},{"type":"Feature","properties":{"ID_0":177,"ISO":"PHL","NAME_0":"Philippines","ID_1":10013,"NAME_1":"Bukidnon","ID_2":1001320,"NAME_2":"Talakag","ID_3":1001320004,"NAME_3":"Colawingon","NL_NAME_3":null,"VARNAME_3":null,"TYPE_3":"Barangay","ENGTYPE_3":"Village","PROVINCE":"Bukidnon","REGION":"Region X (Northern Mindanao)","id":"barangay-1001320004","name":"Colawingon","barangayCode":"1001320004","population":null,"formattedPop":null,"densityCategory":"No data","vulnerabilityRating":"No data","healthRiskLevel":"No data","areaKm2":13.435934,"centerLat":8.092461,"centerLng":124.612967,"geometrySource":"all_barangay-2.csv detailed WKT","geometryMatchMethod":"unique_official_admin_names","boundaryPointCount":25},"geometry":{"type":"MultiPolygon","coordinates":[[[[124.611397,8.17059],[124.612503,8.16989],[124.614418,8.16969],[124.615921,8.16979],[124.618057,8.16976],[124.619179,8.16961],[124.62159,8.16925],[124.623138,8.16892],[124.625023,8.16853],[124.636993,8.11932],[124.625366,8.05925],[124.610336,8.09484],[124.601372,8.1132],[124.610779,8.13977],[124.611954,8.14273],[124.613708,8.15037],[124.615379,8.15852],[124.614738,8.1587],[124.612991,8.15986],[124.61261,8.16061],[124.61245,8.16325],[124.611961,8.16552],[124.611099,8.16826],[124.611,8.16963],[124.611397,8.17059]]]]}},{"type":"Feature","properties":{"ID_0":177,"ISO":"PHL","NAME_0":"Philippines","ID_1":10013,"NAME_1":"Bukidnon","ID_2":1001320,"NAME_2":"Talakag","ID_3":1001320005,"NAME_3":"Cosina","NL_NAME_3":null,"VARNAME_3":null,"TYPE_3":"Barangay","ENGTYPE_3":"Village","PROVINCE":"Bukidnon","REGION":"Region X (Northern Mindanao)","id":"barangay-1001320005","name":"Cosina","barangayCode":"1001320005","population":null,"formattedPop":null,"densityCategory":"No data","vulnerabilityRating":"No data","healthRiskLevel":"No data","areaKm2":24.498515,"centerLat":8.105525,"centerLng":124.640012,"geometrySource":"all_barangay-2.csv detailed WKT","geometryMatchMethod":"unique_official_admin_names","boundaryPointCount":18},"geometry":{"type":"MultiPolygon","coordinates":[[[[124.643219,8.16011],[124.661568,8.12578],[124.665512,8.12072],[124.636993,8.11932],[124.625023,8.16853],[124.626556,8.16813],[124.627403,8.16788],[124.630112,8.16696],[124.632133,8.16654],[124.633499,8.16541],[124.634407,8.16443],[124.635902,8.1635],[124.638077,8.16201],[124.63942,8.16175],[124.640747,8.16162],[124.641296,8.16112],[124.642357,8.16019],[124.643219,8.16011]]]]}},{"type":"Feature","properties":{"ID_0":177,"ISO":"PHL","NAME_0":"Philippines","ID_1":10013,"NAME_1":"Bukidnon","ID_2":1001320,"NAME_2":"Talakag","ID_3":1001320006,"NAME_3":"Dagumbaan","NL_NAME_3":null,"VARNAME_3":null,"TYPE_3":"Barangay","ENGTYPE_3":"Village","PROVINCE":"Bukidnon","REGION":"Region X (Northern Mindanao)","id":"barangay-1001320006","name":"Dagumbaan","barangayCode":"1001320006","population":null,"formattedPop":null,"densityCategory":"No data","vulnerabilityRating":"No data","healthRiskLevel":"No data","areaKm2":9.541553,"centerLat":8.160501,"centerLng":124.588666,"geometrySource":"all_barangay-2.csv detailed WKT","geometryMatchMethod":"unique_official_admin_names","boundaryPointCount":26},"geometry":{"type":"MultiPolygon","coordinates":[[[[124.62355,8.21883],[124.626839,8.19619],[124.604332,8.18934],[124.602074,8.19179],[124.600952,8.19287],[124.598953,8.19484],[124.597343,8.19725],[124.596001,8.19993],[124.595482,8.20194],[124.594193,8.20497],[124.593651,8.20604],[124.592056,8.20838],[124.591957,8.20981],[124.591759,8.21026],[124.591454,8.21148],[124.591026,8.21149],[124.590599,8.21146],[124.590424,8.21219],[124.590431,8.21289],[124.589668,8.21361],[124.589127,8.21459],[124.589012,8.21575],[124.589981,8.22152],[124.590477,8.22348],[124.591347,8.22517],[124.62355,8.21883]]]]}},{"type":"Feature","properties":{"ID_0":177,"ISO":"PHL","NAME_0":"Philippines","ID_1":10013,"NAME_1":"Bukidnon","ID_2":1001320,"NAME_2":"Talakag","ID_3":1001320007,"NAME_3":"Dagundalahon","NL_NAME_3":null,"VARNAME_3":null,"TYPE_3":"Barangay","ENGTYPE_3":"Village","PROVINCE":"Bukidnon","REGION":"Region X (Northern Mindanao)","id":"barangay-1001320007","name":"Dagundalahon","barangayCode":"1001320007","population":null,"formattedPop":null,"densityCategory":"No data","vulnerabilityRating":"No data","healthRiskLevel":"No data","areaKm2":23.751156,"centerLat":8.137354,"centerLng":124.657801,"geometrySource":"all_barangay-2.csv detailed WKT","geometryMatchMethod":"unique_official_admin_names","boundaryPointCount":13},"geometry":{"type":"MultiPolygon","coordinates":[[[[124.714149,8.1856],[124.723221,8.17298],[124.729431,8.17131],[124.749023,8.16558],[124.753906,8.1647],[124.7631,8.16176],[124.702332,8.146],[124.675117,8.16],[124.667961,8.17712],[124.67627,8.18515],[124.684174,8.18862],[124.696823,8.18565],[124.714149,8.1856]]]]}},{"type":"Feature","properties":{"ID_0":177,"ISO":"PHL","NAME_0":"Philippines","ID_1":10013,"NAME_1":"Bukidnon","ID_2":1001320,"NAME_2":"Talakag","ID_3":1001320008,"NAME_3":"Dominorog","NL_NAME_3":null,"VARNAME_3":null,"TYPE_3":"Barangay","ENGTYPE_3":"Village","PROVINCE":"Bukidnon","REGION":"Region X (Northern Mindanao)","id":"barangay-1001320008","name":"Dominorog","barangayCode":"1001320008","population":null,"formattedPop":null,"densityCategory":"No data","vulnerabilityRating":"No data","healthRiskLevel":"No data","areaKm2":93.169987,"centerLat":7.926632,"centerLng":124.659035,"geometrySource":"all_barangay-2.csv detailed WKT","geometryMatchMethod":"unique_official_admin_names","boundaryPointCount":16},"geometry":{"type":"MultiPolygon","coordinates":[[[[124.767792,8.02226],[124.754921,7.99502],[124.768013,7.94376],[124.764229,7.94337],[124.752487,7.9418],[124.739197,7.94001],[124.697853,7.93432],[124.622337,7.91983],[124.611908,7.91753],[124.600487,7.91623],[124.599876,7.91691],[124.566391,7.96747],[124.649834,7.94963],[124.665154,7.9888],[124.725418,8.0076],[124.767792,8.02226]]]]}},{"type":"Feature","properties":{"ID_0":177,"ISO":"PHL","NAME_0":"Philippines","ID_1":10013,"NAME_1":"Bukidnon","ID_2":1001320,"NAME_2":"Talakag","ID_3":1001320009,"NAME_3":"Lapok","NL_NAME_3":null,"VARNAME_3":null,"TYPE_3":"Barangay","ENGTYPE_3":"Village","PROVINCE":"Bukidnon","REGION":"Region X (Northern Mindanao)","id":"barangay-1001320009","name":"Lapok","barangayCode":"1001320009","population":null,"formattedPop":null,"densityCategory":"No data","vulnerabilityRating":"No data","healthRiskLevel":"No data","areaKm2":26.678713,"centerLat":7.991816,"centerLng":124.787332,"geometrySource":"all_barangay-2.csv detailed WKT","geometryMatchMethod":"unique_official_admin_names","boundaryPointCount":5},"geometry":{"type":"MultiPolygon","coordinates":[[[[124.783859,8.07087],[124.783157,8.04322],[124.767792,8.02226],[124.724953,8.07412],[124.783859,8.07087]]]]}},{"type":"Feature","properties":{"ID_0":177,"ISO":"PHL","NAME_0":"Philippines","ID_1":10013,"NAME_1":"Bukidnon","ID_2":1001320,"NAME_2":"Talakag","ID_3":1001320010,"NAME_3":"Indulang","NL_NAME_3":null,"VARNAME_3":null,"TYPE_3":"Barangay","ENGTYPE_3":"Village","PROVINCE":"Bukidnon","REGION":"Region X (Northern Mindanao)","id":"barangay-1001320010","name":"Indulang","barangayCode":"1001320010","population":null,"formattedPop":null,"densityCategory":"No data","vulnerabilityRating":"No data","healthRiskLevel":"No data","areaKm2":27.548802,"centerLat":8.090609,"centerLng":124.562573,"geometrySource":"all_barangay-2.csv detailed WKT","geometryMatchMethod":"unique_official_admin_names","boundaryPointCount":77},"geometry":{"type":"MultiPolygon","coordinates":[[[[124.495598,8.13797],[124.547401,8.14855],[124.549294,8.14886],[124.55027,8.14896],[124.551651,8.14903],[124.552963,8.1501],[124.553703,8.15103],[124.554153,8.15197],[124.554359,8.15259],[124.59684,8.1164],[124.601372,8.1132],[124.610336,8.09484],[124.60508,8.0936],[124.60096,8.09277],[124.593521,8.09103],[124.58728,8.08947],[124.578857,8.08712],[124.570679,8.08476],[124.566078,8.08331],[124.557991,8.08018],[124.552383,8.07734],[124.54734,8.07478],[124.54496,8.07354],[124.543533,8.07266],[124.540443,8.07116],[124.539993,8.07273],[124.538696,8.07467],[124.538017,8.07605],[124.537361,8.07707],[124.536247,8.07865],[124.534813,8.08007],[124.533997,8.08203],[124.53199,8.08336],[124.531601,8.0862],[124.532753,8.08696],[124.533417,8.0881],[124.532997,8.08927],[124.532913,8.09109],[124.532654,8.09234],[124.531326,8.09404],[124.530457,8.09503],[124.528732,8.09707],[124.527946,8.09752],[124.526703,8.0981],[124.524529,8.10024],[124.523178,8.10127],[124.522278,8.10324],[124.522247,8.10426],[124.522301,8.10575],[124.521439,8.10658],[124.520844,8.10841],[124.520813,8.10963],[124.520393,8.11033],[124.519859,8.11223],[124.519531,8.11332],[124.51889,8.11439],[124.518242,8.11614],[124.51786,8.11723],[124.517273,8.11921],[124.514427,8.12043],[124.512352,8.12099],[124.511467,8.12168],[124.511436,8.12333],[124.510094,8.1248],[124.50943,8.12541],[124.508743,8.1259],[124.507217,8.12712],[124.506844,8.12852],[124.506104,8.13133],[124.504883,8.13288],[124.503929,8.13334],[124.501808,8.13359],[124.499649,8.13409],[124.498657,8.13505],[124.49752,8.13636],[124.497231,8.13678],[124.495598,8.13797]]]]}},{"type":"Feature","properties":{"ID_0":177,"ISO":"PHL","NAME_0":"Philippines","ID_1":10013,"NAME_1":"Bukidnon","ID_2":1001320,"NAME_2":"Talakag","ID_3":1001320011,"NAME_3":"Lantud","NL_NAME_3":null,"VARNAME_3":null,"TYPE_3":"Barangay","ENGTYPE_3":"Village","PROVINCE":"Bukidnon","REGION":"Region X (Northern Mindanao)","id":"barangay-1001320011","name":"Lantud","barangayCode":"1001320011","population":null,"formattedPop":null,"densityCategory":"No data","vulnerabilityRating":"No data","healthRiskLevel":"No data","areaKm2":35.40432,"centerLat":8.126957,"centerLng":124.552213,"geometrySource":"all_barangay-2.csv detailed WKT","geometryMatchMethod":"unique_official_admin_names","boundaryPointCount":56},"geometry":{"type":"MultiPolygon","coordinates":[[[[124.588943,8.19111],[124.596931,8.15076],[124.610779,8.13977],[124.601372,8.1132],[124.59684,8.1164],[124.554359,8.15259],[124.554947,8.15368],[124.555763,8.15398],[124.557053,8.15473],[124.557869,8.15623],[124.558434,8.15763],[124.558769,8.15844],[124.56044,8.15869],[124.560188,8.15972],[124.559608,8.16023],[124.558243,8.16201],[124.558472,8.16235],[124.559593,8.16323],[124.560791,8.16433],[124.561607,8.16579],[124.562492,8.16675],[124.563477,8.16757],[124.564003,8.16851],[124.564117,8.16991],[124.564552,8.1716],[124.565247,8.17302],[124.565491,8.17387],[124.565666,8.17623],[124.566399,8.17771],[124.566757,8.17814],[124.567963,8.17871],[124.56913,8.17935],[124.569839,8.18028],[124.57074,8.18104],[124.571564,8.18176],[124.572083,8.18252],[124.571831,8.18378],[124.572456,8.18447],[124.573517,8.18525],[124.575073,8.18601],[124.573929,8.18718],[124.572563,8.18879],[124.571587,8.18964],[124.56974,8.18982],[124.567528,8.19029],[124.566261,8.19109],[124.565582,8.19227],[124.565567,8.19423],[124.566994,8.19638],[124.567863,8.19701],[124.568283,8.1973],[124.569313,8.19698],[124.570297,8.19462],[124.570908,8.19367],[124.572113,8.19345],[124.588943,8.19111]]]]}},{"type":"Feature","properties":{"ID_0":177,"ISO":"PHL","NAME_0":"Philippines","ID_1":10013,"NAME_1":"Bukidnon","ID_2":1001320,"NAME_2":"Talakag","ID_3":1001320013,"NAME_3":"Liguron","NL_NAME_3":null,"VARNAME_3":null,"TYPE_3":"Barangay","ENGTYPE_3":"Village","PROVINCE":"Bukidnon","REGION":"Region X (Northern Mindanao)","id":"barangay-1001320013","name":"Liguron","barangayCode":"1001320013","population":null,"formattedPop":null,"densityCategory":"No data","vulnerabilityRating":"No data","healthRiskLevel":"No data","areaKm2":10.64456,"centerLat":8.172354,"centerLng":124.629041,"geometrySource":"all_barangay-2.csv detailed WKT","geometryMatchMethod":"unique_official_admin_names","boundaryPointCount":20},"geometry":{"type":"MultiPolygon","coordinates":[[[[124.667961,8.17712],[124.675117,8.16],[124.702332,8.146],[124.661568,8.12578],[124.643219,8.16011],[124.642029,8.16843],[124.659447,8.1725],[124.659157,8.17319],[124.65844,8.17522],[124.657356,8.17964],[124.657257,8.18025],[124.65641,8.18379],[124.655579,8.1861],[124.655006,8.18727],[124.654869,8.18839],[124.655746,8.18798],[124.656303,8.18755],[124.657661,8.18702],[124.660637,8.18613],[124.667961,8.17712]]]]}},{"type":"Feature","properties":{"ID_0":177,"ISO":"PHL","NAME_0":"Philippines","ID_1":10013,"NAME_1":"Bukidnon","ID_2":1001320,"NAME_2":"Talakag","ID_3":1001320014,"NAME_3":"Lingi-on","NL_NAME_3":null,"VARNAME_3":null,"TYPE_3":"Barangay","ENGTYPE_3":"Village","PROVINCE":"Bukidnon","REGION":"Region X (Northern Mindanao)","id":"barangay-1001320014","name":"Lingi-on","barangayCode":"1001320014","population":null,"formattedPop":null,"densityCategory":"No data","vulnerabilityRating":"No data","healthRiskLevel":"No data","areaKm2":10.562924,"centerLat":8.183728,"centerLng":124.611252,"geometrySource":"all_barangay-2.csv detailed WKT","geometryMatchMethod":"unique_official_admin_names","boundaryPointCount":14},"geometry":{"type":"MultiPolygon","coordinates":[[[[124.656464,8.20521],[124.654869,8.18839],[124.655006,8.18727],[124.655579,8.1861],[124.65641,8.18379],[124.657257,8.18025],[124.657356,8.17964],[124.65844,8.17522],[124.659157,8.17319],[124.659447,8.1725],[124.642029,8.16843],[124.635597,8.19893],[124.647911,8.20286],[124.656464,8.20521]]]]}},{"type":"Feature","properties":{"ID_0":177,"ISO":"PHL","NAME_0":"Philippines","ID_1":10013,"NAME_1":"Bukidnon","ID_2":1001320,"NAME_2":"Talakag","ID_3":1001320015,"NAME_3":"Lirongan","NL_NAME_3":null,"VARNAME_3":null,"TYPE_3":"Barangay","ENGTYPE_3":"Village","PROVINCE":"Bukidnon","REGION":"Region X (Northern Mindanao)","id":"barangay-1001320015","name":"Lirongan","barangayCode":"1001320015","population":null,"formattedPop":null,"densityCategory":"No data","vulnerabilityRating":"No data","healthRiskLevel":"No data","areaKm2":131.624492,"centerLat":8.054437,"centerLng":124.841343,"geometrySource":"all_barangay-2.csv detailed WKT","geometryMatchMethod":"unique_official_admin_names","boundaryPointCount":17},"geometry":{"type":"MultiPolygon","coordinates":[[[[124.911751,8.11926],[124.895737,8.10182],[124.870018,8.07487],[124.862846,8.0679],[124.855148,8.0608],[124.849487,8.05562],[124.846718,8.03572],[124.783157,8.04322],[124.783859,8.07087],[124.7631,8.16176],[124.778641,8.15723],[124.799713,8.15131],[124.823067,8.14458],[124.827881,8.14346],[124.837044,8.14053],[124.866188,8.13235],[124.911751,8.11926]]]]}},{"type":"Feature","properties":{"ID_0":177,"ISO":"PHL","NAME_0":"Philippines","ID_1":10013,"NAME_1":"Bukidnon","ID_2":1001320,"NAME_2":"Talakag","ID_3":1001320016,"NAME_3":"Santo Niño","NL_NAME_3":null,"VARNAME_3":"Santo Nino (Lumbayawa)","TYPE_3":"Barangay","ENGTYPE_3":"Village","PROVINCE":"Bukidnon","REGION":"Region X (Northern Mindanao)","id":"barangay-1001320016","name":"Santo Niño","barangayCode":"1001320016","population":null,"formattedPop":null,"densityCategory":"No data","vulnerabilityRating":"No data","healthRiskLevel":"No data","areaKm2":13.407965,"centerLat":8.195827,"centerLng":124.587026,"geometrySource":"all_barangay-2.csv detailed WKT","geometryMatchMethod":"unique_official_admin_names","boundaryPointCount":62},"geometry":{"type":"MultiPolygon","coordinates":[[[[124.566002,8.2177],[124.56694,8.21647],[124.567451,8.21592],[124.567818,8.21596],[124.568993,8.21576],[124.571167,8.21548],[124.573822,8.21425],[124.574577,8.21365],[124.575996,8.21299],[124.576439,8.21275],[124.579918,8.21325],[124.581009,8.21331],[124.582909,8.21365],[124.585609,8.21382],[124.587051,8.21367],[124.58815,8.21331],[124.590431,8.21289],[124.590424,8.21219],[124.590599,8.21146],[124.591026,8.21149],[124.591454,8.21148],[124.591759,8.21026],[124.591957,8.20981],[124.592056,8.20838],[124.593651,8.20604],[124.594193,8.20497],[124.595482,8.20194],[124.596001,8.19993],[124.597343,8.19725],[124.598953,8.19484],[124.600952,8.19287],[124.602074,8.19179],[124.604332,8.18934],[124.588943,8.19111],[124.572113,8.19345],[124.572769,8.19468],[124.572693,8.19632],[124.572189,8.19744],[124.570518,8.19848],[124.569458,8.19873],[124.567863,8.19942],[124.566147,8.20031],[124.565521,8.20126],[124.56675,8.20278],[124.567307,8.20423],[124.567497,8.20611],[124.567467,8.20745],[124.567131,8.20902],[124.567001,8.20933],[124.566978,8.21068],[124.566856,8.21106],[124.565277,8.20985],[124.564629,8.20885],[124.562721,8.20741],[124.561203,8.20802],[124.560677,8.20981],[124.56076,8.21102],[124.56115,8.2131],[124.561623,8.21386],[124.563919,8.21449],[124.565147,8.21539],[124.566002,8.2177]]]]}},{"type":"Feature","properties":{"ID_0":177,"ISO":"PHL","NAME_0":"Philippines","ID_1":10013,"NAME_1":"Bukidnon","ID_2":1001320,"NAME_2":"Talakag","ID_3":1001320018,"NAME_3":"Miarayon","NL_NAME_3":null,"VARNAME_3":null,"TYPE_3":"Barangay","ENGTYPE_3":"Village","PROVINCE":"Bukidnon","REGION":"Region X (Northern Mindanao)","id":"barangay-1001320018","name":"Miarayon","barangayCode":"1001320018","population":null,"formattedPop":null,"densityCategory":"No data","vulnerabilityRating":"No data","healthRiskLevel":"No data","areaKm2":31.08242,"centerLat":7.992184,"centerLng":124.814362,"geometrySource":"all_barangay-2.csv detailed WKT","geometryMatchMethod":"unique_official_admin_names","boundaryPointCount":10},"geometry":{"type":"MultiPolygon","coordinates":[[[[124.846718,8.03572],[124.830177,7.95338],[124.803596,7.94964],[124.802979,7.94955],[124.788589,7.94707],[124.768013,7.94376],[124.754921,7.99502],[124.767792,8.02226],[124.783157,8.04322],[124.846718,8.03572]]]]}},{"type":"Feature","properties":{"ID_0":177,"ISO":"PHL","NAME_0":"Philippines","ID_1":10013,"NAME_1":"Bukidnon","ID_2":1001320,"NAME_2":"Talakag","ID_3":1001320019,"NAME_3":"Barangay 1","NL_NAME_3":null,"VARNAME_3":null,"TYPE_3":"Barangay","ENGTYPE_3":"Village","PROVINCE":"Bukidnon","REGION":"Region X (Northern Mindanao)","id":"barangay-1001320019","name":"Barangay 1","barangayCode":"1001320019","population":null,"formattedPop":null,"densityCategory":"No data","vulnerabilityRating":"No data","healthRiskLevel":"No data","areaKm2":1.207649,"centerLat":8.238939,"centerLng":124.60753,"geometrySource":"all_barangay-2.csv detailed WKT","geometryMatchMethod":"unique_official_admin_names","boundaryPointCount":78},"geometry":{"type":"MultiPolygon","coordinates":[[[[124.638062,8.27328],[124.636803,8.27014],[124.633942,8.26674],[124.632942,8.26502],[124.632309,8.26415],[124.630821,8.26258],[124.629379,8.26102],[124.628731,8.26038],[124.626633,8.25844],[124.625252,8.25668],[124.624397,8.25552],[124.623154,8.25307],[124.622719,8.25232],[124.621742,8.25142],[124.620667,8.25076],[124.618553,8.24983],[124.617958,8.24975],[124.615967,8.25009],[124.614304,8.25077],[124.613953,8.25127],[124.613113,8.2521],[124.611923,8.25287],[124.610924,8.25312],[124.609444,8.25272],[124.608177,8.25221],[124.607658,8.25174],[124.606033,8.25069],[124.603722,8.24921],[124.601028,8.24743],[124.598373,8.24579],[124.597092,8.24497],[124.595787,8.24424],[124.592178,8.24565],[124.590309,8.24593],[124.588966,8.24628],[124.586884,8.2468],[124.583603,8.2473],[124.581917,8.24749],[124.579041,8.24773],[124.575958,8.24796],[124.57489,8.24802],[124.572861,8.24917],[124.572937,8.24983],[124.57312,8.2513],[124.573334,8.25316],[124.573723,8.25402],[124.575188,8.2551],[124.576469,8.25568],[124.57724,8.25616],[124.577477,8.25788],[124.576813,8.25913],[124.576431,8.25978],[124.577347,8.26025],[124.578468,8.25982],[124.580467,8.2591],[124.584061,8.25798],[124.585953,8.25713],[124.588867,8.2562],[124.595367,8.25505],[124.597237,8.25503],[124.599777,8.25566],[124.600662,8.25612],[124.603287,8.25786],[124.605118,8.25898],[124.606911,8.2595],[124.6082,8.25968],[124.609596,8.26014],[124.612869,8.26167],[124.614929,8.26286],[124.616783,8.26406],[124.620247,8.26593],[124.623016,8.26837],[124.625267,8.27051],[124.626846,8.27168],[124.627777,8.27306],[124.631073,8.27336],[124.636971,8.27371],[124.638062,8.27328]]]]}},{"type":"Feature","properties":{"ID_0":177,"ISO":"PHL","NAME_0":"Philippines","ID_1":10013,"NAME_1":"Bukidnon","ID_2":1001320,"NAME_2":"Talakag","ID_3":1001320020,"NAME_3":"Barangay 2","NL_NAME_3":null,"VARNAME_3":null,"TYPE_3":"Barangay","ENGTYPE_3":"Village","PROVINCE":"Bukidnon","REGION":"Region X (Northern Mindanao)","id":"barangay-1001320020","name":"Barangay 2","barangayCode":"1001320020","population":null,"formattedPop":null,"densityCategory":"No data","vulnerabilityRating":"No data","healthRiskLevel":"No data","areaKm2":0.328143,"centerLat":8.233441,"centerLng":124.605852,"geometrySource":"all_barangay-2.csv detailed WKT","geometryMatchMethod":"unique_official_admin_names","boundaryPointCount":15},"geometry":{"type":"MultiPolygon","coordinates":[[[[124.608177,8.25221],[124.614304,8.23792],[124.609001,8.23729],[124.605843,8.23678],[124.601013,8.23636],[124.597023,8.23586],[124.596107,8.23713],[124.595787,8.24424],[124.597092,8.24497],[124.598373,8.24579],[124.601028,8.24743],[124.603722,8.24921],[124.606033,8.25069],[124.607658,8.25174],[124.608177,8.25221]]]]}},{"type":"Feature","properties":{"ID_0":177,"ISO":"PHL","NAME_0":"Philippines","ID_1":10013,"NAME_1":"Bukidnon","ID_2":1001320,"NAME_2":"Talakag","ID_3":1001320021,"NAME_3":"Barangay 3","NL_NAME_3":null,"VARNAME_3":null,"TYPE_3":"Barangay","ENGTYPE_3":"Village","PROVINCE":"Bukidnon","REGION":"Region X (Northern Mindanao)","id":"barangay-1001320021","name":"Barangay 3","barangayCode":"1001320021","population":null,"formattedPop":null,"densityCategory":"No data","vulnerabilityRating":"No data","healthRiskLevel":"No data","areaKm2":0.708971,"centerLat":8.235277,"centerLng":124.59799,"geometrySource":"all_barangay-2.csv detailed WKT","geometryMatchMethod":"unique_official_admin_names","boundaryPointCount":22},"geometry":{"type":"MultiPolygon","coordinates":[[[[124.595787,8.24424],[124.596107,8.23713],[124.597023,8.23586],[124.582649,8.23206],[124.567009,8.24126],[124.56765,8.24242],[124.568413,8.24343],[124.569572,8.24532],[124.570709,8.24616],[124.571877,8.24667],[124.572723,8.24689],[124.572861,8.24917],[124.57489,8.24802],[124.575958,8.24796],[124.579041,8.24773],[124.581917,8.24749],[124.583603,8.2473],[124.586884,8.2468],[124.588966,8.24628],[124.590309,8.24593],[124.592178,8.24565],[124.595787,8.24424]]]]}},{"type":"Feature","properties":{"ID_0":177,"ISO":"PHL","NAME_0":"Philippines","ID_1":10013,"NAME_1":"Bukidnon","ID_2":1001320,"NAME_2":"Talakag","ID_3":1001320022,"NAME_3":"Barangay 4","NL_NAME_3":null,"VARNAME_3":null,"TYPE_3":"Barangay","ENGTYPE_3":"Village","PROVINCE":"Bukidnon","REGION":"Region X (Northern Mindanao)","id":"barangay-1001320022","name":"Barangay 4","barangayCode":"1001320022","population":null,"formattedPop":null,"densityCategory":"No data","vulnerabilityRating":"No data","healthRiskLevel":"No data","areaKm2":0.247053,"centerLat":8.229009,"centerLng":124.602486,"geometrySource":"all_barangay-2.csv detailed WKT","geometryMatchMethod":"unique_official_admin_names","boundaryPointCount":15},"geometry":{"type":"MultiPolygon","coordinates":[[[[124.597023,8.23586],[124.601013,8.23636],[124.605843,8.23678],[124.609001,8.23729],[124.614304,8.23792],[124.629471,8.23657],[124.62355,8.21883],[124.591347,8.22517],[124.59198,8.22605],[124.592682,8.22729],[124.593559,8.2286],[124.594383,8.22973],[124.595123,8.23142],[124.59568,8.23268],[124.597023,8.23586]]]]}},{"type":"Feature","properties":{"ID_0":177,"ISO":"PHL","NAME_0":"Philippines","ID_1":10013,"NAME_1":"Bukidnon","ID_2":1001320,"NAME_2":"Talakag","ID_3":1001320023,"NAME_3":"Barangay 5","NL_NAME_3":null,"VARNAME_3":null,"TYPE_3":"Barangay","ENGTYPE_3":"Village","PROVINCE":"Bukidnon","REGION":"Region X (Northern Mindanao)","id":"barangay-1001320023","name":"Barangay 5","barangayCode":"1001320023","population":null,"formattedPop":null,"densityCategory":"No data","vulnerabilityRating":"No data","healthRiskLevel":"No data","areaKm2":6.701587,"centerLat":8.224378,"centerLng":124.58255,"geometrySource":"all_barangay-2.csv detailed WKT","geometryMatchMethod":"unique_official_admin_names","boundaryPointCount":56},"geometry":{"type":"MultiPolygon","coordinates":[[[[124.567009,8.24126],[124.582649,8.23206],[124.597023,8.23586],[124.59568,8.23268],[124.595123,8.23142],[124.594383,8.22973],[124.593559,8.2286],[124.592682,8.22729],[124.59198,8.22605],[124.591347,8.22517],[124.590477,8.22348],[124.589981,8.22152],[124.589012,8.21575],[124.589127,8.21459],[124.589668,8.21361],[124.590431,8.21289],[124.58815,8.21331],[124.587051,8.21367],[124.585609,8.21382],[124.582909,8.21365],[124.581009,8.21331],[124.579918,8.21325],[124.576439,8.21275],[124.575996,8.21299],[124.574577,8.21365],[124.573822,8.21425],[124.571167,8.21548],[124.568993,8.21576],[124.567818,8.21596],[124.567451,8.21592],[124.56694,8.21647],[124.566002,8.2177],[124.565742,8.21915],[124.564659,8.22046],[124.562721,8.22145],[124.560608,8.22274],[124.559433,8.22395],[124.559174,8.2248],[124.559174,8.22586],[124.559593,8.22676],[124.560753,8.22787],[124.560768,8.22815],[124.560333,8.22972],[124.560448,8.23118],[124.560966,8.23223],[124.562073,8.23262],[124.563538,8.23331],[124.56456,8.23492],[124.565224,8.2352],[124.567123,8.23524],[124.567413,8.23588],[124.567451,8.23659],[124.566994,8.23755],[124.566757,8.23841],[124.566727,8.23931],[124.567009,8.24126]]]]}},{"type":"Feature","properties":{"ID_0":177,"ISO":"PHL","NAME_0":"Philippines","ID_1":10013,"NAME_1":"Bukidnon","ID_2":1001320,"NAME_2":"Talakag","ID_3":1001320024,"NAME_3":"Sagaran","NL_NAME_3":null,"VARNAME_3":null,"TYPE_3":"Barangay","ENGTYPE_3":"Village","PROVINCE":"Bukidnon","REGION":"Region X (Northern Mindanao)","id":"barangay-1001320024","name":"Sagaran","barangayCode":"1001320024","population":null,"formattedPop":null,"densityCategory":"No data","vulnerabilityRating":"No data","healthRiskLevel":"No data","areaKm2":21.457925,"centerLat":8.164443,"centerLng":124.670715,"geometrySource":"all_barangay-2.csv detailed WKT","geometryMatchMethod":"unique_official_admin_names","boundaryPointCount":15},"geometry":{"type":"MultiPolygon","coordinates":[[[[124.656464,8.20521],[124.679703,8.20199],[124.695137,8.21183],[124.711456,8.18922],[124.714149,8.1856],[124.696823,8.18565],[124.684174,8.18862],[124.67627,8.18515],[124.667961,8.17712],[124.660637,8.18613],[124.657661,8.18702],[124.656303,8.18755],[124.655746,8.18798],[124.654869,8.18839],[124.656464,8.20521]]]]}},{"type":"Feature","properties":{"ID_0":177,"ISO":"PHL","NAME_0":"Philippines","ID_1":10013,"NAME_1":"Bukidnon","ID_2":1001320,"NAME_2":"Talakag","ID_3":1001320025,"NAME_3":"Salucot","NL_NAME_3":null,"VARNAME_3":null,"TYPE_3":"Barangay","ENGTYPE_3":"Village","PROVINCE":"Bukidnon","REGION":"Region X (Northern Mindanao)","id":"barangay-1001320025","name":"Salucot","barangayCode":"1001320025","population":null,"formattedPop":null,"densityCategory":"No data","vulnerabilityRating":"No data","healthRiskLevel":"No data","areaKm2":53.801677,"centerLat":8.052258,"centerLng":124.664079,"geometrySource":"all_barangay-2.csv detailed WKT","geometryMatchMethod":"unique_official_admin_names","boundaryPointCount":14},"geometry":{"type":"MultiPolygon","coordinates":[[[[124.665512,8.12072],[124.696503,8.09228],[124.691589,8.07793],[124.674591,8.0302],[124.673813,8.02983],[124.670471,8.02801],[124.665497,8.02454],[124.661697,8.02079],[124.660294,8.01844],[124.659317,8.01482],[124.643791,8.0378],[124.625366,8.05925],[124.636993,8.11932],[124.665512,8.12072]]]]}},{"type":"Feature","properties":{"ID_0":177,"ISO":"PHL","NAME_0":"Philippines","ID_1":10013,"NAME_1":"Bukidnon","ID_2":1001320,"NAME_2":"Talakag","ID_3":1001320026,"NAME_3":"San Antonio","NL_NAME_3":null,"VARNAME_3":null,"TYPE_3":"Barangay","ENGTYPE_3":"Village","PROVINCE":"Bukidnon","REGION":"Region X (Northern Mindanao)","id":"barangay-1001320026","name":"San Antonio","barangayCode":"1001320026","population":null,"formattedPop":null,"densityCategory":"No data","vulnerabilityRating":"No data","healthRiskLevel":"No data","areaKm2":7.467755,"centerLat":8.216799,"centerLng":124.608073,"geometrySource":"all_barangay-2.csv detailed WKT","geometryMatchMethod":"unique_official_admin_names","boundaryPointCount":81},"geometry":{"type":"MultiPolygon","coordinates":[[[[124.666313,8.25233],[124.695137,8.21183],[124.679703,8.20199],[124.656464,8.20521],[124.647911,8.20286],[124.635597,8.19893],[124.626839,8.19619],[124.62355,8.21883],[124.629471,8.23657],[124.614304,8.23792],[124.608177,8.25221],[124.609444,8.25272],[124.610924,8.25312],[124.611923,8.25287],[124.613113,8.2521],[124.613953,8.25127],[124.614304,8.25077],[124.615967,8.25009],[124.617958,8.24975],[124.618553,8.24983],[124.620667,8.25076],[124.621742,8.25142],[124.622719,8.25232],[124.623154,8.25307],[124.624397,8.25552],[124.625252,8.25668],[124.626633,8.25844],[124.628731,8.26038],[124.629379,8.26102],[124.630821,8.26258],[124.632309,8.26415],[124.632942,8.26502],[124.633942,8.26674],[124.636803,8.27014],[124.638062,8.27328],[124.651291,8.271],[124.651978,8.27122],[124.652924,8.27077],[124.653931,8.27062],[124.654251,8.2708],[124.654938,8.27048],[124.654251,8.26987],[124.653793,8.26931],[124.653938,8.26877],[124.654411,8.26808],[124.65509,8.26698],[124.655273,8.26623],[124.656143,8.26576],[124.657066,8.26544],[124.657867,8.2654],[124.658127,8.26465],[124.657898,8.26444],[124.656807,8.26377],[124.656754,8.26338],[124.658157,8.26355],[124.65873,8.26376],[124.659309,8.26335],[124.659286,8.26304],[124.659103,8.26264],[124.658859,8.26161],[124.658951,8.2613],[124.659393,8.26136],[124.660027,8.26161],[124.660507,8.26089],[124.661247,8.25983],[124.661774,8.25893],[124.662239,8.25878],[124.662369,8.25865],[124.661392,8.25788],[124.660759,8.25676],[124.661797,8.25664],[124.662773,8.25623],[124.662987,8.25495],[124.663383,8.25495],[124.663902,8.25544],[124.664917,8.25502],[124.664597,8.25442],[124.664818,8.25377],[124.665588,8.25394],[124.665817,8.25344],[124.666313,8.25233]]]]}},{"type":"Feature","properties":{"ID_0":177,"ISO":"PHL","NAME_0":"Philippines","ID_1":10013,"NAME_1":"Bukidnon","ID_2":1001320,"NAME_2":"Talakag","ID_3":1001320027,"NAME_3":"San Isidro","NL_NAME_3":null,"VARNAME_3":null,"TYPE_3":"Barangay","ENGTYPE_3":"Village","PROVINCE":"Bukidnon","REGION":"Region X (Northern Mindanao)","id":"barangay-1001320027","name":"San Isidro","barangayCode":"1001320027","population":null,"formattedPop":null,"densityCategory":"No data","vulnerabilityRating":"No data","healthRiskLevel":"No data","areaKm2":13.534861,"centerLat":8.255649,"centerLng":124.591399,"geometrySource":"all_barangay-2.csv detailed WKT","geometryMatchMethod":"unique_official_admin_names","boundaryPointCount":92},"geometry":{"type":"MultiPolygon","coordinates":[[[[124.578644,8.293],[124.577637,8.29494],[124.578148,8.29673],[124.579193,8.29792],[124.580757,8.29721],[124.581413,8.2957],[124.581993,8.29389],[124.583107,8.29231],[124.585167,8.29113],[124.587883,8.29051],[124.588493,8.29067],[124.587967,8.29004],[124.586906,8.28895],[124.586533,8.28832],[124.586113,8.28733],[124.586143,8.28584],[124.58638,8.28516],[124.588631,8.28445],[124.589577,8.28473],[124.590729,8.28516],[124.591873,8.28501],[124.592194,8.28366],[124.592789,8.28321],[124.592278,8.28135],[124.592613,8.27999],[124.593224,8.27934],[124.59462,8.27967],[124.59623,8.28016],[124.596779,8.27978],[124.596527,8.27902],[124.595192,8.27798],[124.594231,8.27744],[124.594101,8.27721],[124.594711,8.27585],[124.593361,8.27441],[124.594337,8.27277],[124.601761,8.27091],[124.608093,8.27119],[124.614967,8.27211],[124.627777,8.27306],[124.626846,8.27168],[124.625267,8.27051],[124.623016,8.26837],[124.620247,8.26593],[124.616783,8.26406],[124.614929,8.26286],[124.612869,8.26167],[124.609596,8.26014],[124.6082,8.25968],[124.606911,8.2595],[124.605118,8.25898],[124.603287,8.25786],[124.600662,8.25612],[124.599777,8.25566],[124.597237,8.25503],[124.595367,8.25505],[124.588867,8.2562],[124.585953,8.25713],[124.584061,8.25798],[124.580467,8.2591],[124.578468,8.25982],[124.577347,8.26025],[124.576431,8.25978],[124.576599,8.26165],[124.577003,8.26358],[124.577797,8.26405],[124.578789,8.26396],[124.579964,8.26389],[124.5812,8.26387],[124.581917,8.26457],[124.581978,8.26619],[124.581703,8.26774],[124.581306,8.26899],[124.580971,8.26997],[124.581261,8.2717],[124.581886,8.27364],[124.582878,8.27491],[124.584267,8.2765],[124.584717,8.2781],[124.584534,8.27932],[124.583939,8.27971],[124.582397,8.27962],[124.580742,8.27973],[124.579918,8.28077],[124.580017,8.28168],[124.581078,8.28354],[124.582352,8.28529],[124.583183,8.28682],[124.582733,8.28862],[124.58213,8.28933],[124.580513,8.29082],[124.578644,8.293]]]]}},{"type":"Feature","properties":{"ID_0":177,"ISO":"PHL","NAME_0":"Philippines","ID_1":10013,"NAME_1":"Bukidnon","ID_2":1001320,"NAME_2":"Talakag","ID_3":1001320028,"NAME_3":"San Miguel","NL_NAME_3":null,"VARNAME_3":null,"TYPE_3":"Barangay","ENGTYPE_3":"Village","PROVINCE":"Bukidnon","REGION":"Region X (Northern Mindanao)","id":"barangay-1001320028","name":"San Miguel","barangayCode":"1001320028","population":null,"formattedPop":null,"densityCategory":"No data","vulnerabilityRating":"No data","healthRiskLevel":"No data","areaKm2":44.927579,"centerLat":8.006724,"centerLng":124.754589,"geometrySource":"all_barangay-2.csv detailed WKT","geometryMatchMethod":"unique_official_admin_names","boundaryPointCount":7},"geometry":{"type":"MultiPolygon","coordinates":[[[[124.696503,8.09228],[124.701134,8.10665],[124.724953,8.07412],[124.767792,8.02226],[124.725418,8.0076],[124.691589,8.07793],[124.696503,8.09228]]]]}},{"type":"Feature","properties":{"ID_0":177,"ISO":"PHL","NAME_0":"Philippines","ID_1":10013,"NAME_1":"Bukidnon","ID_2":1001320,"NAME_2":"Talakag","ID_3":1001320029,"NAME_3":"San Rafael","NL_NAME_3":null,"VARNAME_3":null,"TYPE_3":"Barangay","ENGTYPE_3":"Village","PROVINCE":"Bukidnon","REGION":"Region X (Northern Mindanao)","id":"barangay-1001320029","name":"San Rafael","barangayCode":"1001320029","population":null,"formattedPop":null,"densityCategory":"No data","vulnerabilityRating":"No data","healthRiskLevel":"No data","areaKm2":37.532183,"centerLat":8.052401,"centerLng":124.581301,"geometrySource":"all_barangay-2.csv detailed WKT","geometryMatchMethod":"unique_official_admin_names","boundaryPointCount":64},"geometry":{"type":"MultiPolygon","coordinates":[[[[124.610336,8.09484],[124.625366,8.05925],[124.615829,8.05623],[124.61158,8.05425],[124.606293,8.05163],[124.601273,8.04859],[124.598824,8.04762],[124.596367,8.04631],[124.590103,8.04305],[124.583923,8.04013],[124.569122,8.032],[124.549522,8.02197],[124.549606,8.02306],[124.548691,8.02383],[124.547691,8.02456],[124.546997,8.02544],[124.546021,8.02665],[124.544662,8.02703],[124.54438,8.02761],[124.545097,8.02935],[124.544746,8.0297],[124.544418,8.03092],[124.544067,8.0319],[124.543373,8.03263],[124.543404,8.03395],[124.543869,8.03521],[124.544594,8.03632],[124.544197,8.03716],[124.544548,8.03862],[124.545464,8.03964],[124.544983,8.04067],[124.544121,8.04243],[124.544701,8.04507],[124.54525,8.04696],[124.544891,8.0494],[124.544067,8.05058],[124.5438,8.05213],[124.544144,8.0532],[124.543068,8.05484],[124.542961,8.05733],[124.542107,8.05866],[124.541672,8.06005],[124.542152,8.06239],[124.542152,8.06367],[124.542503,8.06486],[124.543068,8.06617],[124.54213,8.06633],[124.54203,8.06687],[124.542633,8.069],[124.541687,8.0705],[124.540443,8.07116],[124.543533,8.07266],[124.54496,8.07354],[124.54734,8.07478],[124.552383,8.07734],[124.557991,8.08018],[124.566078,8.08331],[124.570679,8.08476],[124.578857,8.08712],[124.58728,8.08947],[124.593521,8.09103],[124.60096,8.09277],[124.60508,8.0936],[124.610336,8.09484]]]]}},{"type":"Feature","properties":{"ID_0":177,"ISO":"PHL","NAME_0":"Philippines","ID_1":10013,"NAME_1":"Bukidnon","ID_2":1001320,"NAME_2":"Talakag","ID_3":1001320030,"NAME_3":"Tagbak","NL_NAME_3":null,"VARNAME_3":null,"TYPE_3":"Barangay","ENGTYPE_3":"Village","PROVINCE":"Bukidnon","REGION":"Region X (Northern Mindanao)","id":"barangay-1001320030","name":"Tagbak","barangayCode":"1001320030","population":null,"formattedPop":null,"densityCategory":"No data","vulnerabilityRating":"No data","healthRiskLevel":"No data","areaKm2":62.862773,"centerLat":7.996621,"centerLng":124.717152,"geometrySource":"all_barangay-2.csv detailed WKT","geometryMatchMethod":"unique_official_admin_names","boundaryPointCount":11},"geometry":{"type":"MultiPolygon","coordinates":[[[[124.691589,8.07793],[124.725418,8.0076],[124.665154,7.9888],[124.659317,8.01482],[124.660294,8.01844],[124.661697,8.02079],[124.665497,8.02454],[124.670471,8.02801],[124.673813,8.02983],[124.674591,8.0302],[124.691589,8.07793]]]]}},{"type":"Feature","properties":{"ID_0":177,"ISO":"PHL","NAME_0":"Philippines","ID_1":10013,"NAME_1":"Bukidnon","ID_2":1001320,"NAME_2":"Talakag","ID_3":1001320031,"NAME_3":"Tikalaan","NL_NAME_3":null,"VARNAME_3":null,"TYPE_3":"Barangay","ENGTYPE_3":"Village","PROVINCE":"Bukidnon","REGION":"Region X (Northern Mindanao)","id":"barangay-1001320031","name":"Tikalaan","barangayCode":"1001320031","population":null,"formattedPop":null,"densityCategory":"No data","vulnerabilityRating":"No data","healthRiskLevel":"No data","areaKm2":112.675823,"centerLat":7.989955,"centerLng":124.618483,"geometrySource":"all_barangay-2.csv detailed WKT","geometryMatchMethod":"unique_official_admin_names","boundaryPointCount":67},"geometry":{"type":"MultiPolygon","coordinates":[[[[124.549522,8.02197],[124.569122,8.032],[124.583923,8.04013],[124.590103,8.04305],[124.596367,8.04631],[124.598824,8.04762],[124.601273,8.04859],[124.606293,8.05163],[124.61158,8.05425],[124.615829,8.05623],[124.625366,8.05925],[124.643791,8.0378],[124.659317,8.01482],[124.665154,7.9888],[124.649834,7.94963],[124.566391,7.96747],[124.561234,7.97572],[124.56102,7.97659],[124.561073,7.97862],[124.561317,7.97908],[124.560417,7.98042],[124.559593,7.98194],[124.559181,7.98261],[124.558144,7.98313],[124.557327,7.98405],[124.55761,7.9852],[124.557899,7.98595],[124.558434,7.98692],[124.558258,7.98764],[124.558197,7.98792],[124.558273,7.98806],[124.558449,7.98958],[124.558617,7.99057],[124.559059,7.99087],[124.559547,7.99159],[124.560417,7.99333],[124.561058,7.99455],[124.561348,7.99608],[124.561241,7.99704],[124.560287,7.99783],[124.559998,7.9981],[124.557892,7.99925],[124.557693,8.00012],[124.55806,8.00133],[124.557739,8.00183],[124.557541,8.00217],[124.557541,8.00252],[124.557198,8.00286],[124.55632,8.00353],[124.555023,8.00421],[124.55426,8.00458],[124.555,8.0057],[124.554176,8.00693],[124.555496,8.00827],[124.556686,8.00934],[124.557289,8.0103],[124.557449,8.01143],[124.556381,8.01256],[124.555931,8.01372],[124.555351,8.0147],[124.553993,8.01557],[124.553726,8.0174],[124.553017,8.01881],[124.551941,8.0197],[124.551468,8.02103],[124.550163,8.02113],[124.549522,8.02197]]]]}},{"type":"Feature","properties":{"ID_0":177,"ISO":"PHL","NAME_0":"Philippines","ID_1":10013,"NAME_1":"Bukidnon","ID_2":1001321,"NAME_2":"City of Valencia","ID_3":1001321001,"NAME_3":"Bagontaas","NL_NAME_3":null,"VARNAME_3":null,"TYPE_3":"Barangay","ENGTYPE_3":"Village","PROVINCE":"Bukidnon","REGION":"Region X (Northern Mindanao)","id":"barangay-1001321001","name":"Bagontaas","barangayCode":"1001321001","population":null,"formattedPop":null,"densityCategory":"No data","vulnerabilityRating":"No data","healthRiskLevel":"No data","areaKm2":8.804321,"centerLat":7.948285,"centerLng":125.100657,"geometrySource":"all_barangay-2.csv detailed WKT","geometryMatchMethod":"unique_official_admin_names","boundaryPointCount":75},"geometry":{"type":"MultiPolygon","coordinates":[[[[125.12059,7.99171],[125.11953,7.98974],[125.11937,7.98839],[125.117943,7.98397],[125.11692,7.98165],[125.116722,7.98122],[125.114891,7.97745],[125.112717,7.97436],[125.108917,7.96857],[125.106041,7.9616],[125.106987,7.96097],[125.108543,7.95958],[125.109062,7.95894],[125.109306,7.95904],[125.110077,7.95937],[125.111,7.95829],[125.112572,7.957],[125.113899,7.95689],[125.114441,7.95701],[125.115532,7.95715],[125.11647,7.95759],[125.118317,7.95825],[125.104607,7.92615],[125.103271,7.92367],[125.10289,7.92202],[125.101097,7.92023],[125.098663,7.91896],[125.096863,7.91761],[125.09655,7.91515],[125.096764,7.91345],[125.096893,7.91273],[125.087059,7.91531],[125.084343,7.91762],[125.080238,7.91997],[125.076561,7.92199],[125.074226,7.92383],[125.072433,7.9249],[125.068123,7.92677],[125.065483,7.92725],[125.063477,7.92955],[125.064369,7.93014],[125.06546,7.9317],[125.067131,7.93602],[125.069672,7.94218],[125.07254,7.94693],[125.074783,7.95016],[125.07843,7.95543],[125.079323,7.95722],[125.080391,7.96015],[125.081734,7.96325],[125.083382,7.96686],[125.084511,7.96921],[125.085777,7.97149],[125.087532,7.97499],[125.088966,7.97754],[125.093803,7.98577],[125.095787,7.98726],[125.098083,7.98902],[125.099037,7.99059],[125.100456,7.99185],[125.101952,7.99223],[125.10347,7.99146],[125.104767,7.99134],[125.105957,7.99052],[125.106903,7.98945],[125.108139,7.98945],[125.109772,7.99037],[125.110367,7.99018],[125.112427,7.99046],[125.114357,7.99146],[125.115623,7.99173],[125.115936,7.99157],[125.117027,7.99112],[125.118851,7.99115],[125.12059,7.99171]]]]}},{"type":"Feature","properties":{"ID_0":177,"ISO":"PHL","NAME_0":"Philippines","ID_1":10013,"NAME_1":"Bukidnon","ID_2":1001321,"NAME_2":"City of Valencia","ID_3":1001321002,"NAME_3":"Banlag","NL_NAME_3":null,"VARNAME_3":null,"TYPE_3":"Barangay","ENGTYPE_3":"Village","PROVINCE":"Bukidnon","REGION":"Region X (Northern Mindanao)","id":"barangay-1001321002","name":"Banlag","barangayCode":"1001321002","population":null,"formattedPop":null,"densityCategory":"No data","vulnerabilityRating":"No data","healthRiskLevel":"No data","areaKm2":64.929119,"centerLat":7.828098,"centerLng":125.201179,"geometrySource":"all_barangay-2.csv detailed WKT","geometryMatchMethod":"unique_official_admin_names","boundaryPointCount":81},"geometry":{"type":"MultiPolygon","coordinates":[[[[125.212173,7.87583],[125.211929,7.87479],[125.21199,7.8737],[125.212646,7.87295],[125.21357,7.87246],[125.215683,7.87251],[125.217049,7.87263],[125.21904,7.87185],[125.223137,7.86895],[125.225609,7.86765],[125.227921,7.86679],[125.228523,7.8665],[125.232307,7.86616],[125.234337,7.86493],[125.245903,7.86434],[125.273262,7.86486],[125.271988,7.85949],[125.271156,7.8551],[125.271744,7.85335],[125.271362,7.85186],[125.270576,7.84948],[125.270866,7.84821],[125.270523,7.84676],[125.270416,7.84543],[125.270393,7.84245],[125.27066,7.84073],[125.271622,7.82387],[125.271507,7.82259],[125.271339,7.82163],[125.266808,7.82329],[125.263771,7.82363],[125.260902,7.82379],[125.258942,7.82352],[125.25441,7.82239],[125.251549,7.82193],[125.248131,7.82201],[125.244766,7.82181],[125.241783,7.82109],[125.236229,7.81905],[125.232841,7.81793],[125.22744,7.81641],[125.223663,7.8158],[125.219887,7.81569],[125.216057,7.81546],[125.185089,7.84544],[125.17804,7.8462],[125.173553,7.84707],[125.167953,7.84872],[125.161072,7.85142],[125.158867,7.85193],[125.153931,7.8541],[125.148361,7.85142],[125.14846,7.85219],[125.148178,7.85281],[125.146606,7.85587],[125.14621,7.85858],[125.14344,7.86242],[125.142311,7.86354],[125.140984,7.86613],[125.139137,7.86891],[125.140228,7.86967],[125.141876,7.8704],[125.142601,7.87048],[125.144928,7.87094],[125.14637,7.87113],[125.148193,7.87114],[125.149193,7.87106],[125.149689,7.87105],[125.152023,7.86987],[125.154243,7.86949],[125.157799,7.87037],[125.162086,7.87161],[125.164658,7.87216],[125.172974,7.87361],[125.178177,7.87431],[125.181587,7.87465],[125.186867,7.87475],[125.192703,7.87518],[125.196983,7.87524],[125.201767,7.87519],[125.212173,7.87583]]]]}},{"type":"Feature","properties":{"ID_0":177,"ISO":"PHL","NAME_0":"Philippines","ID_1":10013,"NAME_1":"Bukidnon","ID_2":1001321,"NAME_2":"City of Valencia","ID_3":1001321003,"NAME_3":"Barobo","NL_NAME_3":null,"VARNAME_3":null,"TYPE_3":"Barangay","ENGTYPE_3":"Village","PROVINCE":"Bukidnon","REGION":"Region X (Northern Mindanao)","id":"barangay-1001321003","name":"Barobo","barangayCode":"1001321003","population":null,"formattedPop":null,"densityCategory":"No data","vulnerabilityRating":"No data","healthRiskLevel":"No data","areaKm2":28.197514,"centerLat":7.911033,"centerLng":125.04721,"geometrySource":"all_barangay-2.csv detailed WKT","geometryMatchMethod":"unique_official_admin_names","boundaryPointCount":34},"geometry":{"type":"MultiPolygon","coordinates":[[[[125.05378,7.93523],[125.047173,7.92235],[125.040092,7.91167],[125.03389,7.90272],[125.029716,7.89636],[125.024307,7.89006],[125.020233,7.88639],[125.015877,7.883],[125.003471,7.87659],[125.002731,7.88516],[125.007507,7.93146],[125.014297,7.92979],[125.015259,7.92909],[125.015617,7.92889],[125.016861,7.92915],[125.017929,7.93005],[125.018333,7.93048],[125.020927,7.93181],[125.022034,7.93234],[125.025658,7.93326],[125.027451,7.93343],[125.030388,7.93405],[125.032127,7.93485],[125.033302,7.9363],[125.034081,7.93747],[125.034981,7.93859],[125.036057,7.93975],[125.038757,7.94062],[125.042763,7.9407],[125.045181,7.94061],[125.047493,7.93984],[125.050797,7.9374],[125.052902,7.93568],[125.05378,7.93523]]]]}},{"type":"Feature","properties":{"ID_0":177,"ISO":"PHL","NAME_0":"Philippines","ID_1":10013,"NAME_1":"Bukidnon","ID_2":1001321,"NAME_2":"City of Valencia","ID_3":1001321004,"NAME_3":"Batangan","NL_NAME_3":null,"VARNAME_3":null,"TYPE_3":"Barangay","ENGTYPE_3":"Village","PROVINCE":"Bukidnon","REGION":"Region X (Northern Mindanao)","id":"barangay-1001321004","name":"Batangan","barangayCode":"1001321004","population":null,"formattedPop":null,"densityCategory":"No data","vulnerabilityRating":"No data","healthRiskLevel":"No data","areaKm2":15.90708,"centerLat":7.910339,"centerLng":125.119501,"geometrySource":"all_barangay-2.csv detailed WKT","geometryMatchMethod":"unique_official_admin_names","boundaryPointCount":51},"geometry":{"type":"MultiPolygon","coordinates":[[[[125.137497,7.92286],[125.137962,7.9205],[125.137863,7.91792],[125.137619,7.91286],[125.136757,7.90973],[125.134987,7.90445],[125.134453,7.90316],[125.134048,7.90232],[125.133087,7.90109],[125.132187,7.90019],[125.130447,7.899],[125.128464,7.89789],[125.126534,7.89745],[125.125587,7.89743],[125.097977,7.90981],[125.097656,7.91145],[125.096893,7.91273],[125.096764,7.91345],[125.09655,7.91515],[125.096863,7.91761],[125.098663,7.91896],[125.101097,7.92023],[125.10289,7.92202],[125.103271,7.92367],[125.104607,7.92615],[125.10743,7.92468],[125.107773,7.92532],[125.109177,7.92444],[125.109802,7.92316],[125.110023,7.92175],[125.109329,7.91916],[125.109306,7.91684],[125.11058,7.91546],[125.113159,7.91648],[125.11496,7.91822],[125.115211,7.91977],[125.115059,7.92162],[125.115646,7.9228],[125.117317,7.92352],[125.119492,7.9243],[125.120422,7.92558],[125.121643,7.92575],[125.123077,7.9245],[125.125397,7.92398],[125.127876,7.92322],[125.130096,7.92264],[125.132736,7.92272],[125.133003,7.92262],[125.134644,7.92261],[125.136841,7.92279],[125.137497,7.92286]]]]}},{"type":"Feature","properties":{"ID_0":177,"ISO":"PHL","NAME_0":"Philippines","ID_1":10013,"NAME_1":"Bukidnon","ID_2":1001321,"NAME_2":"City of Valencia","ID_3":1001321005,"NAME_3":"Catumbalon","NL_NAME_3":null,"VARNAME_3":null,"TYPE_3":"Barangay","ENGTYPE_3":"Village","PROVINCE":"Bukidnon","REGION":"Region X (Northern Mindanao)","id":"barangay-1001321005","name":"Catumbalon","barangayCode":"1001321005","population":null,"formattedPop":null,"densityCategory":"No data","vulnerabilityRating":"No data","healthRiskLevel":"No data","areaKm2":6.929074,"centerLat":7.841971,"centerLng":125.091797,"geometrySource":"all_barangay-2.csv detailed WKT","geometryMatchMethod":"unique_official_admin_names","boundaryPointCount":97},"geometry":{"type":"MultiPolygon","coordinates":[[[[125.095284,7.88211],[125.105103,7.87726],[125.104637,7.87634],[125.104446,7.87472],[125.104187,7.87269],[125.104019,7.87004],[125.10466,7.86725],[125.105133,7.86612],[125.104942,7.86491],[125.10527,7.86261],[125.10569,7.86079],[125.106003,7.85882],[125.107674,7.85422],[125.107903,7.85262],[125.107521,7.85119],[125.106613,7.85048],[125.106331,7.8496],[125.10672,7.84893],[125.107018,7.84854],[125.107567,7.84866],[125.108162,7.84923],[125.108917,7.84957],[125.109367,7.84879],[125.109138,7.84845],[125.108658,7.84741],[125.108727,7.84631],[125.108543,7.84564],[125.107849,7.84468],[125.108147,7.84406],[125.108482,7.84297],[125.108047,7.84217],[125.106247,7.84258],[125.105026,7.84228],[125.104492,7.84262],[125.104134,7.84333],[125.103706,7.84373],[125.102676,7.8413],[125.100449,7.83928],[125.099297,7.83774],[125.097923,7.83526],[125.097137,7.83518],[125.096642,7.83573],[125.095329,7.83456],[125.094658,7.83471],[125.093887,7.83392],[125.092888,7.83345],[125.091812,7.83244],[125.09166,7.83061],[125.090973,7.82897],[125.090218,7.8281],[125.088959,7.82821],[125.088242,7.82828],[125.087044,7.82923],[125.084961,7.82923],[125.081978,7.82923],[125.080727,7.83038],[125.080856,7.83195],[125.081047,7.83426],[125.081169,7.83684],[125.080467,7.83917],[125.080147,7.84148],[125.080719,7.84428],[125.082169,7.8453],[125.084534,7.84447],[125.086243,7.84319],[125.087318,7.84273],[125.088173,7.84322],[125.089394,7.84401],[125.089546,7.84471],[125.089394,7.84664],[125.088142,7.8478],[125.085938,7.84868],[125.084869,7.8498],[125.085037,7.85119],[125.086746,7.85238],[125.088837,7.85403],[125.089943,7.85558],[125.09034,7.85789],[125.090088,7.85982],[125.089607,7.86153],[125.088783,7.86307],[125.088371,7.86491],[125.087517,7.86685],[125.086433,7.86779],[125.08596,7.86846],[125.08506,7.86892],[125.085899,7.87102],[125.088303,7.8727],[125.089409,7.87424],[125.089012,7.87579],[125.088943,7.87887],[125.089363,7.88],[125.08979,7.88111],[125.090828,7.88008],[125.091949,7.87917],[125.094353,7.88089],[125.095284,7.88211]]]]}},{"type":"Feature","properties":{"ID_0":177,"ISO":"PHL","NAME_0":"Philippines","ID_1":10013,"NAME_1":"Bukidnon","ID_2":1001321,"NAME_2":"City of Valencia","ID_3":1001321006,"NAME_3":"Colonia","NL_NAME_3":null,"VARNAME_3":null,"TYPE_3":"Barangay","ENGTYPE_3":"Village","PROVINCE":"Bukidnon","REGION":"Region X (Northern Mindanao)","id":"barangay-1001321006","name":"Colonia","barangayCode":"1001321006","population":null,"formattedPop":null,"densityCategory":"No data","vulnerabilityRating":"No data","healthRiskLevel":"No data","areaKm2":5.722996,"centerLat":7.985697,"centerLng":125.120522,"geometrySource":"all_barangay-2.csv detailed WKT","geometryMatchMethod":"unique_official_admin_names","boundaryPointCount":28},"geometry":{"type":"MultiPolygon","coordinates":[[[[125.139992,7.98473],[125.142174,7.9853],[125.143646,7.9843],[125.143242,7.98167],[125.14357,7.98084],[125.145798,7.98082],[125.147087,7.9797],[125.146927,7.97799],[125.145271,7.97644],[125.11692,7.98165],[125.117943,7.98397],[125.11937,7.98839],[125.11953,7.98974],[125.12059,7.99171],[125.122757,7.99208],[125.123848,7.99131],[125.124474,7.98967],[125.125526,7.98926],[125.127159,7.99022],[125.129333,7.99034],[125.130943,7.98821],[125.131104,7.98554],[125.132851,7.98568],[125.135109,7.98747],[125.137894,7.98859],[125.138809,7.98702],[125.138283,7.98485],[125.139992,7.98473]]]]}},{"type":"Feature","properties":{"ID_0":177,"ISO":"PHL","NAME_0":"Philippines","ID_1":10013,"NAME_1":"Bukidnon","ID_2":1001321,"NAME_2":"City of Valencia","ID_3":1001321007,"NAME_3":"Concepcion","NL_NAME_3":null,"VARNAME_3":null,"TYPE_3":"Barangay","ENGTYPE_3":"Village","PROVINCE":"Bukidnon","REGION":"Region X (Northern Mindanao)","id":"barangay-1001321007","name":"Concepcion","barangayCode":"1001321007","population":null,"formattedPop":null,"densityCategory":"No data","vulnerabilityRating":"No data","healthRiskLevel":"No data","areaKm2":54.871045,"centerLat":7.871783,"centerLng":125.236963,"geometrySource":"all_barangay-2.csv detailed WKT","geometryMatchMethod":"unique_official_admin_names","boundaryPointCount":50},"geometry":{"type":"MultiPolygon","coordinates":[[[[125.277687,7.90831],[125.27533,7.89972],[125.27462,7.89431],[125.27459,7.89082],[125.274437,7.88601],[125.274567,7.88427],[125.274887,7.88273],[125.27459,7.88041],[125.274582,7.87513],[125.273941,7.87043],[125.273262,7.86486],[125.245903,7.86434],[125.234337,7.86493],[125.232307,7.86616],[125.228523,7.8665],[125.227921,7.86679],[125.225609,7.86765],[125.223137,7.86895],[125.21904,7.87185],[125.217049,7.87263],[125.215683,7.87251],[125.21357,7.87246],[125.212646,7.87295],[125.21199,7.8737],[125.211929,7.87479],[125.212173,7.87583],[125.211929,7.87691],[125.210823,7.87851],[125.208054,7.88093],[125.204018,7.88317],[125.202606,7.8854],[125.201462,7.88857],[125.200531,7.89121],[125.199913,7.8933],[125.199707,7.8948],[125.19976,7.89598],[125.199516,7.89852],[125.199471,7.90173],[125.199287,7.90349],[125.199097,7.90528],[125.199051,7.9063],[125.202072,7.90592],[125.205017,7.90563],[125.210388,7.90541],[125.217506,7.90596],[125.221573,7.90622],[125.228523,7.90626],[125.230217,7.90639],[125.241043,7.90727],[125.277687,7.90831]]]]}},{"type":"Feature","properties":{"ID_0":177,"ISO":"PHL","NAME_0":"Philippines","ID_1":10013,"NAME_1":"Bukidnon","ID_2":1001321,"NAME_2":"City of Valencia","ID_3":1001321008,"NAME_3":"Dagat-Kidavao","NL_NAME_3":null,"VARNAME_3":null,"TYPE_3":"Barangay","ENGTYPE_3":"Village","PROVINCE":"Bukidnon","REGION":"Region X (Northern Mindanao)","id":"barangay-1001321008","name":"Dagat-Kidavao","barangayCode":"1001321008","population":null,"formattedPop":null,"densityCategory":"No data","vulnerabilityRating":"No data","healthRiskLevel":"No data","areaKm2":15.924509,"centerLat":7.815615,"centerLng":125.13933,"geometrySource":"all_barangay-2.csv detailed WKT","geometryMatchMethod":"unique_official_admin_names","boundaryPointCount":79},"geometry":{"type":"MultiPolygon","coordinates":[[[[125.148361,7.85142],[125.153931,7.8541],[125.158867,7.85193],[125.161072,7.85142],[125.167953,7.84872],[125.173553,7.84707],[125.17804,7.8462],[125.185089,7.84544],[125.216057,7.81546],[125.209618,7.81483],[125.205406,7.81409],[125.202591,7.81323],[125.199318,7.81206],[125.193893,7.80991],[125.191277,7.80884],[125.187218,7.80752],[125.185287,7.80669],[125.18309,7.8056],[125.176666,7.80333],[125.171242,7.80235],[125.168137,7.80153],[125.16507,7.79963],[125.162857,7.79678],[125.161133,7.79572],[125.159111,7.79566],[125.157654,7.79548],[125.156212,7.79452],[125.153839,7.79528],[125.153503,7.79438],[125.152649,7.79505],[125.151741,7.79525],[125.149651,7.79508],[125.147873,7.79428],[125.146103,7.79431],[125.145302,7.79466],[125.144432,7.7955],[125.143463,7.79582],[125.141487,7.79467],[125.139351,7.7954],[125.137238,7.79666],[125.135674,7.79806],[125.134583,7.80005],[125.133476,7.8013],[125.133171,7.80242],[125.131897,7.80484],[125.131073,7.80585],[125.130943,7.80683],[125.129669,7.80771],[125.128563,7.80891],[125.127403,7.81014],[125.125076,7.81282],[125.124153,7.81386],[125.123444,7.8141],[125.121964,7.8148],[125.12162,7.81585],[125.120697,7.81682],[125.119629,7.81919],[125.119476,7.82186],[125.118851,7.82178],[125.118187,7.82132],[125.115753,7.82227],[125.114769,7.82289],[125.114288,7.82439],[125.114342,7.82487],[125.115013,7.82756],[125.115288,7.82937],[125.112717,7.83106],[125.114151,7.83186],[125.116173,7.83256],[125.121689,7.83464],[125.125259,7.83602],[125.130623,7.8381],[125.135834,7.84003],[125.140839,7.84207],[125.145233,7.84435],[125.146202,7.84518],[125.147652,7.84734],[125.147774,7.84981],[125.148361,7.85142]]]]}},{"type":"Feature","properties":{"ID_0":177,"ISO":"PHL","NAME_0":"Philippines","ID_1":10013,"NAME_1":"Bukidnon","ID_2":1001321,"NAME_2":"City of Valencia","ID_3":1001321010,"NAME_3":"Guinoyuran","NL_NAME_3":null,"VARNAME_3":null,"TYPE_3":"Barangay","ENGTYPE_3":"Village","PROVINCE":"Bukidnon","REGION":"Region X (Northern Mindanao)","id":"barangay-1001321010","name":"Guinoyuran","barangayCode":"1001321010","population":null,"formattedPop":null,"densityCategory":"No data","vulnerabilityRating":"No data","healthRiskLevel":"No data","areaKm2":77.689435,"centerLat":7.920314,"centerLng":124.949381,"geometrySource":"all_barangay-2.csv detailed WKT","geometryMatchMethod":"unique_official_admin_names","boundaryPointCount":33},"geometry":{"type":"MultiPolygon","coordinates":[[[[125.003471,7.87659],[124.978813,7.87672],[124.966148,7.87632],[124.961281,7.87646],[124.954048,7.87653],[124.949753,7.87685],[124.939163,7.87625],[124.923607,7.87613],[124.919151,7.87572],[124.918983,7.87801],[124.917183,7.88217],[124.915771,7.88657],[124.91362,7.89076],[124.911873,7.89327],[124.909691,7.89573],[124.90847,7.89714],[124.905167,7.90089],[124.90258,7.90289],[124.89814,7.90659],[124.894791,7.91213],[124.895897,7.91717],[124.898132,7.9197],[124.901939,7.92251],[124.906082,7.92505],[124.908142,7.92621],[124.913513,7.92831],[124.916168,7.92958],[124.922493,7.93113],[124.929947,7.93277],[124.937958,7.93341],[124.94281,7.93359],[124.977821,7.89219],[125.003471,7.87659]]]]}},{"type":"Feature","properties":{"ID_0":177,"ISO":"PHL","NAME_0":"Philippines","ID_1":10013,"NAME_1":"Bukidnon","ID_2":1001321,"NAME_2":"City of Valencia","ID_3":1001321011,"NAME_3":"Kahapunan","NL_NAME_3":null,"VARNAME_3":null,"TYPE_3":"Barangay","ENGTYPE_3":"Village","PROVINCE":"Bukidnon","REGION":"Region X (Northern Mindanao)","id":"barangay-1001321011","name":"Kahapunan","barangayCode":"1001321011","population":null,"formattedPop":null,"densityCategory":"No data","vulnerabilityRating":"No data","healthRiskLevel":"No data","areaKm2":15.434408,"centerLat":7.932303,"centerLng":125.150809,"geometrySource":"all_barangay-2.csv detailed WKT","geometryMatchMethod":"unique_official_admin_names","boundaryPointCount":44},"geometry":{"type":"MultiPolygon","coordinates":[[[[125.138184,7.94992],[125.139442,7.94952],[125.141212,7.94832],[125.141891,7.94531],[125.142677,7.94289],[125.146118,7.94303],[125.146019,7.94172],[125.1464,7.94094],[125.147636,7.93978],[125.14888,7.93893],[125.14933,7.9387],[125.149643,7.93864],[125.150772,7.93785],[125.151657,7.93752],[125.150726,7.93718],[125.148689,7.93631],[125.146889,7.93528],[125.145912,7.9346],[125.145088,7.93391],[125.144127,7.93207],[125.143539,7.93085],[125.141937,7.9293],[125.140793,7.92761],[125.139351,7.92581],[125.137817,7.924],[125.137497,7.92286],[125.136841,7.92279],[125.134644,7.92261],[125.133003,7.92262],[125.132736,7.92272],[125.130096,7.92264],[125.127876,7.92322],[125.125397,7.92398],[125.123077,7.9245],[125.121643,7.92575],[125.123398,7.92718],[125.124817,7.9286],[125.125961,7.92929],[125.126099,7.93183],[125.127357,7.93444],[125.130836,7.93933],[125.134621,7.94433],[125.137222,7.94784],[125.138184,7.94992]]]]}},{"type":"Feature","properties":{"ID_0":177,"ISO":"PHL","NAME_0":"Philippines","ID_1":10013,"NAME_1":"Bukidnon","ID_2":1001321,"NAME_2":"City of Valencia","ID_3":1001321012,"NAME_3":"Laligan","NL_NAME_3":null,"VARNAME_3":null,"TYPE_3":"Barangay","ENGTYPE_3":"Village","PROVINCE":"Bukidnon","REGION":"Region X (Northern Mindanao)","id":"barangay-1001321012","name":"Laligan","barangayCode":"1001321012","population":null,"formattedPop":null,"densityCategory":"No data","vulnerabilityRating":"No data","healthRiskLevel":"No data","areaKm2":16.341994,"centerLat":7.880224,"centerLng":125.189066,"geometrySource":"all_barangay-2.csv detailed WKT","geometryMatchMethod":"unique_official_admin_names","boundaryPointCount":63},"geometry":{"type":"MultiPolygon","coordinates":[[[[125.199707,7.8948],[125.199913,7.8933],[125.200531,7.89121],[125.201462,7.88857],[125.202606,7.8854],[125.204018,7.88317],[125.208054,7.88093],[125.210823,7.87851],[125.211929,7.87691],[125.212173,7.87583],[125.201767,7.87519],[125.196983,7.87524],[125.192703,7.87518],[125.186867,7.87475],[125.181587,7.87465],[125.178177,7.87431],[125.172974,7.87361],[125.164658,7.87216],[125.162086,7.87161],[125.157799,7.87037],[125.154243,7.86949],[125.152023,7.86987],[125.149689,7.87105],[125.149193,7.87106],[125.148193,7.87114],[125.148216,7.87364],[125.148048,7.88045],[125.147911,7.88565],[125.148041,7.88984],[125.147743,7.89487],[125.147331,7.8978],[125.146431,7.9004],[125.143913,7.90204],[125.141579,7.90285],[125.138733,7.90418],[125.140053,7.90444],[125.141907,7.90521],[125.144653,7.90637],[125.146767,7.90768],[125.148003,7.90858],[125.151283,7.91105],[125.152908,7.91122],[125.155159,7.91087],[125.15773,7.91059],[125.159233,7.91004],[125.160507,7.90868],[125.161667,7.90632],[125.16246,7.90384],[125.162903,7.90123],[125.163857,7.89781],[125.165627,7.89502],[125.167732,7.89325],[125.170883,7.89156],[125.173088,7.89114],[125.174889,7.89108],[125.177261,7.89142],[125.182068,7.89186],[125.184547,7.89239],[125.188629,7.8927],[125.192146,7.89293],[125.194031,7.89326],[125.197083,7.89387],[125.199707,7.8948]]]]}},{"type":"Feature","properties":{"ID_0":177,"ISO":"PHL","NAME_0":"Philippines","ID_1":10013,"NAME_1":"Bukidnon","ID_2":1001321,"NAME_2":"City of Valencia","ID_3":1001321013,"NAME_3":"Lilingayon","NL_NAME_3":null,"VARNAME_3":null,"TYPE_3":"Barangay","ENGTYPE_3":"Village","PROVINCE":"Bukidnon","REGION":"Region X (Northern Mindanao)","id":"barangay-1001321013","name":"Lilingayon","barangayCode":"1001321013","population":null,"formattedPop":null,"densityCategory":"No data","vulnerabilityRating":"No data","healthRiskLevel":"No data","areaKm2":38.507083,"centerLat":7.99658,"centerLng":124.931299,"geometrySource":"all_barangay-2.csv detailed WKT","geometryMatchMethod":"unique_official_admin_names","boundaryPointCount":95},"geometry":{"type":"MultiPolygon","coordinates":[[[[124.885017,8.02241],[124.886307,8.02223],[124.888046,8.02243],[124.889198,8.02176],[124.889923,8.02048],[124.891342,8.01925],[124.893738,8.01825],[124.895691,8.0178],[124.897324,8.01852],[124.899406,8.01813],[124.900551,8.01723],[124.902351,8.01695],[124.903923,8.01618],[124.905083,8.0159],[124.907578,8.01499],[124.91053,8.01273],[124.911957,8.01037],[124.913857,8.00865],[124.915253,8.00889],[124.916634,8.00816],[124.918541,8.00592],[124.91996,8.00514],[124.922127,8.00566],[124.924927,8.0063],[124.927132,8.0064],[124.928253,8.00715],[124.92955,8.00795],[124.930634,8.00689],[124.932693,8.0059],[124.933342,8.00682],[124.934502,8.00668],[124.936508,8.00679],[124.937378,8.00523],[124.937424,8.00329],[124.938408,8.00105],[124.940117,8.00078],[124.941803,8.00098],[124.943573,8.00134],[124.945389,8.00307],[124.94706,8.00445],[124.948433,8.0044],[124.949791,8.0041],[124.952248,8.00393],[124.954247,8.00449],[124.955063,8.00481],[124.956009,8.00417],[124.957367,8.00346],[124.958397,8.00289],[124.959976,8.00268],[124.961342,8.00262],[124.963539,8.00239],[124.965012,8.0017],[124.966499,8.00154],[124.968193,8.00114],[124.969658,8.00103],[124.970612,8.00148],[124.971527,8.00077],[124.973198,8.00118],[124.974777,8.00195],[124.976402,8.00183],[124.97802,8.00083],[124.979782,8.002],[124.981567,8.00185],[124.983353,8.00139],[124.985931,8.0001],[124.987877,7.99961],[124.989357,7.9994],[124.991119,7.99886],[124.991966,7.9986],[124.993088,7.99744],[124.993858,7.9966],[124.994682,7.99578],[124.996834,7.99447],[124.997719,7.99395],[124.999268,7.99309],[125.000481,7.99262],[125.000847,7.99031],[125.001541,7.99117],[125.002357,7.99103],[124.999786,7.98635],[124.992706,7.9721],[124.990463,7.96878],[124.986923,7.96571],[124.983994,7.96455],[124.981049,7.96568],[124.979156,7.96622],[124.976387,7.96646],[124.973389,7.96558],[124.928513,7.95125],[124.855072,7.92683],[124.830177,7.95338],[124.846718,8.03572],[124.882988,8.02274],[124.883423,8.02295],[124.885017,8.02241]]]]}},{"type":"Feature","properties":{"ID_0":177,"ISO":"PHL","NAME_0":"Philippines","ID_1":10013,"NAME_1":"Bukidnon","ID_2":1001321,"NAME_2":"City of Valencia","ID_3":1001321014,"NAME_3":"Lourdes","NL_NAME_3":null,"VARNAME_3":null,"TYPE_3":"Barangay","ENGTYPE_3":"Village","PROVINCE":"Bukidnon","REGION":"Region X (Northern Mindanao)","id":"barangay-1001321014","name":"Lourdes","barangayCode":"1001321014","population":null,"formattedPop":null,"densityCategory":"No data","vulnerabilityRating":"No data","healthRiskLevel":"No data","areaKm2":37.555538,"centerLat":7.90434,"centerLng":124.920963,"geometrySource":"all_barangay-2.csv detailed WKT","geometryMatchMethod":"unique_official_admin_names","boundaryPointCount":31},"geometry":{"type":"MultiPolygon","coordinates":[[[[124.928513,7.95125],[124.94281,7.93359],[124.937958,7.93341],[124.929947,7.93277],[124.922493,7.93113],[124.916168,7.92958],[124.913513,7.92831],[124.908142,7.92621],[124.906082,7.92505],[124.901939,7.92251],[124.898132,7.9197],[124.895897,7.91717],[124.894791,7.91213],[124.89814,7.90659],[124.90258,7.90289],[124.905167,7.90089],[124.90847,7.89714],[124.909691,7.89573],[124.911873,7.89327],[124.91362,7.89076],[124.915771,7.88657],[124.917183,7.88217],[124.918983,7.87801],[124.919151,7.87572],[124.913597,7.87584],[124.908012,7.87567],[124.901863,7.8754],[124.886757,7.87531],[124.875259,7.87524],[124.855072,7.92683],[124.928513,7.95125]]]]}},{"type":"Feature","properties":{"ID_0":177,"ISO":"PHL","NAME_0":"Philippines","ID_1":10013,"NAME_1":"Bukidnon","ID_2":1001321,"NAME_2":"City of Valencia","ID_3":1001321015,"NAME_3":"Lumbayao","NL_NAME_3":null,"VARNAME_3":null,"TYPE_3":"Barangay","ENGTYPE_3":"Village","PROVINCE":"Bukidnon","REGION":"Region X (Northern Mindanao)","id":"barangay-1001321015","name":"Lumbayao","barangayCode":"1001321015","population":null,"formattedPop":null,"densityCategory":"No data","vulnerabilityRating":"No data","healthRiskLevel":"No data","areaKm2":16.555635,"centerLat":7.946959,"centerLng":125.24699,"geometrySource":"all_barangay-2.csv detailed WKT","geometryMatchMethod":"unique_official_admin_names","boundaryPointCount":26},"geometry":{"type":"MultiPolygon","coordinates":[[[[125.242897,7.95365],[125.290573,7.95368],[125.287773,7.94708],[125.286308,7.94388],[125.280907,7.93164],[125.281029,7.92781],[125.281387,7.92665],[125.282013,7.9237],[125.281891,7.92187],[125.280838,7.91805],[125.279381,7.91423],[125.278503,7.91174],[125.277687,7.90831],[125.241043,7.90727],[125.241074,7.90868],[125.24128,7.91173],[125.241402,7.91573],[125.241272,7.91779],[125.241058,7.92146],[125.241524,7.92704],[125.242683,7.93231],[125.243347,7.9353],[125.243263,7.9406],[125.242844,7.94244],[125.2425,7.94786],[125.242897,7.95365]]]]}},{"type":"Feature","properties":{"ID_0":177,"ISO":"PHL","NAME_0":"Philippines","ID_1":10013,"NAME_1":"Bukidnon","ID_2":1001321,"NAME_2":"City of Valencia","ID_3":1001321016,"NAME_3":"Lumbo","NL_NAME_3":null,"VARNAME_3":null,"TYPE_3":"Barangay","ENGTYPE_3":"Village","PROVINCE":"Bukidnon","REGION":"Region X (Northern Mindanao)","id":"barangay-1001321016","name":"Lumbo","barangayCode":"1001321016","population":null,"formattedPop":null,"densityCategory":"No data","vulnerabilityRating":"No data","healthRiskLevel":"No data","areaKm2":14.4988,"centerLat":7.872675,"centerLng":125.079059,"geometrySource":"all_barangay-2.csv detailed WKT","geometryMatchMethod":"unique_official_admin_names","boundaryPointCount":81},"geometry":{"type":"MultiPolygon","coordinates":[[[[125.063477,7.92955],[125.065483,7.92725],[125.068123,7.92677],[125.072433,7.9249],[125.074226,7.92383],[125.076561,7.92199],[125.080238,7.91997],[125.084343,7.91762],[125.087059,7.91531],[125.088188,7.91335],[125.090881,7.90948],[125.092247,7.90779],[125.092934,7.90623],[125.093201,7.90336],[125.092216,7.89952],[125.091789,7.89879],[125.092377,7.89772],[125.093147,7.89704],[125.093468,7.89638],[125.093964,7.89631],[125.094414,7.8957],[125.095757,7.89534],[125.097412,7.89452],[125.098831,7.89381],[125.099068,7.8932],[125.09668,7.89207],[125.094887,7.89235],[125.093231,7.89159],[125.093727,7.88894],[125.094978,7.88686],[125.095543,7.88587],[125.095459,7.88423],[125.095711,7.88342],[125.095284,7.88211],[125.094353,7.88089],[125.091949,7.87917],[125.090828,7.88008],[125.08979,7.88111],[125.089363,7.88],[125.088943,7.87887],[125.089012,7.87579],[125.089409,7.87424],[125.088303,7.8727],[125.085899,7.87102],[125.08506,7.86892],[125.084427,7.87172],[125.083717,7.87238],[125.083023,7.87316],[125.083214,7.87433],[125.082733,7.87528],[125.082428,7.87574],[125.082237,7.87634],[125.081543,7.87628],[125.080788,7.87727],[125.079933,7.87725],[125.079086,7.87769],[125.077377,7.87842],[125.076729,7.87934],[125.07547,7.88004],[125.07534,7.88063],[125.074867,7.88169],[125.073792,7.88161],[125.072838,7.88206],[125.072121,7.88272],[125.071457,7.88392],[125.070442,7.88445],[125.062157,7.88284],[125.039032,7.88007],[125.033546,7.87981],[125.032921,7.88046],[125.025688,7.87975],[125.003471,7.87659],[125.015877,7.883],[125.020233,7.88639],[125.024307,7.89006],[125.029716,7.89636],[125.03389,7.90272],[125.040092,7.91167],[125.047173,7.92235],[125.05378,7.93523],[125.063477,7.92955]]]]}},{"type":"Feature","properties":{"ID_0":177,"ISO":"PHL","NAME_0":"Philippines","ID_1":10013,"NAME_1":"Bukidnon","ID_2":1001321,"NAME_2":"City of Valencia","ID_3":1001321017,"NAME_3":"Lurogan","NL_NAME_3":null,"VARNAME_3":null,"TYPE_3":"Barangay","ENGTYPE_3":"Village","PROVINCE":"Bukidnon","REGION":"Region X (Northern Mindanao)","id":"barangay-1001321017","name":"Lurogan","barangayCode":"1001321017","population":null,"formattedPop":null,"densityCategory":"No data","vulnerabilityRating":"No data","healthRiskLevel":"No data","areaKm2":44.839445,"centerLat":7.961258,"centerLng":125.024913,"geometrySource":"all_barangay-2.csv detailed WKT","geometryMatchMethod":"unique_official_admin_names","boundaryPointCount":64},"geometry":{"type":"MultiPolygon","coordinates":[[[[125.060867,7.9897],[125.060677,7.98789],[125.059776,7.98616],[125.058296,7.98331],[125.056534,7.98035],[125.053047,7.97681],[125.050591,7.97492],[125.045807,7.97087],[125.044182,7.96893],[125.041649,7.96509],[125.040207,7.96267],[125.038551,7.95977],[125.036324,7.95575],[125.034248,7.95248],[125.031639,7.94896],[125.029587,7.94638],[125.025803,7.94161],[125.022758,7.93757],[125.021378,7.93547],[125.019249,7.93187],[125.018333,7.93048],[125.017929,7.93005],[125.016861,7.92915],[125.015617,7.92889],[125.015259,7.92909],[125.014297,7.92979],[125.007507,7.93146],[124.985153,7.93644],[124.989128,7.94004],[124.997673,7.94805],[125.004204,7.95477],[125.008308,7.95947],[125.01104,7.96345],[125.013031,7.96726],[125.0149,7.97046],[125.018097,7.97504],[125.021606,7.98025],[125.02346,7.98345],[125.026512,7.9883],[125.027901,7.99164],[125.028481,7.99222],[125.029678,7.9929],[125.03083,7.99178],[125.031792,7.99097],[125.033371,7.99142],[125.034943,7.99117],[125.035851,7.99045],[125.037567,7.99032],[125.038208,7.98932],[125.039047,7.98851],[125.040657,7.98917],[125.041924,7.98901],[125.042381,7.98815],[125.043213,7.98732],[125.044968,7.98788],[125.046478,7.98939],[125.048233,7.99051],[125.050301,7.99159],[125.051208,7.99164],[125.054367,7.9919],[125.056793,7.99247],[125.058998,7.99178],[125.059608,7.99078],[125.060867,7.9897]]]]}},{"type":"Feature","properties":{"ID_0":177,"ISO":"PHL","NAME_0":"Philippines","ID_1":10013,"NAME_1":"Bukidnon","ID_2":1001321,"NAME_2":"City of Valencia","ID_3":1001321018,"NAME_3":"Maapag","NL_NAME_3":null,"VARNAME_3":null,"TYPE_3":"Barangay","ENGTYPE_3":"Village","PROVINCE":"Bukidnon","REGION":"Region X (Northern Mindanao)","id":"barangay-1001321018","name":"Maapag","barangayCode":"1001321018","population":null,"formattedPop":null,"densityCategory":"No data","vulnerabilityRating":"No data","healthRiskLevel":"No data","areaKm2":5.728832,"centerLat":7.864185,"centerLng":125.104682,"geometrySource":"all_barangay-2.csv detailed WKT","geometryMatchMethod":"unique_official_admin_names","boundaryPointCount":86},"geometry":{"type":"MultiPolygon","coordinates":[[[[125.126534,7.89745],[125.126122,7.88925],[125.126556,7.88685],[125.127403,7.88281],[125.127197,7.88034],[125.126709,7.87713],[125.125969,7.87679],[125.125366,7.87636],[125.124428,7.87504],[125.123947,7.87369],[125.123863,7.87324],[125.124207,7.87193],[125.124878,7.87097],[125.124786,7.86925],[125.124168,7.86879],[125.124001,7.86887],[125.123863,7.86897],[125.123497,7.86908],[125.123177,7.8671],[125.122787,7.86603],[125.122437,7.8656],[125.122093,7.86502],[125.121643,7.86445],[125.121696,7.86382],[125.122711,7.86358],[125.123131,7.86249],[125.124123,7.8623],[125.124512,7.86166],[125.124496,7.86102],[125.124588,7.86048],[125.124237,7.85971],[125.123734,7.85905],[125.12262,7.85859],[125.122101,7.85881],[125.121658,7.85871],[125.12159,7.858],[125.121719,7.85744],[125.121094,7.85685],[125.120308,7.85702],[125.120209,7.85747],[125.11998,7.85795],[125.119797,7.85809],[125.119209,7.85796],[125.117912,7.85842],[125.116859,7.85861],[125.115997,7.85848],[125.114853,7.85823],[125.113937,7.85805],[125.112617,7.85792],[125.112259,7.85837],[125.11161,7.85801],[125.111427,7.85711],[125.11097,7.85609],[125.110809,7.85538],[125.111343,7.85441],[125.112251,7.85306],[125.112709,7.85232],[125.11232,7.85214],[125.110901,7.85288],[125.110008,7.85319],[125.108841,7.85323],[125.107903,7.85262],[125.107674,7.85422],[125.106003,7.85882],[125.10569,7.86079],[125.10527,7.86261],[125.104942,7.86491],[125.105133,7.86612],[125.10466,7.86725],[125.104019,7.87004],[125.104187,7.87269],[125.104446,7.87472],[125.104637,7.87634],[125.105103,7.87726],[125.105507,7.8778],[125.106918,7.87915],[125.108177,7.88032],[125.110077,7.88193],[125.112778,7.88401],[125.114304,7.88546],[125.116547,7.88731],[125.118919,7.88975],[125.121063,7.89251],[125.123543,7.89523],[125.125587,7.89743],[125.126534,7.89745]]]]}},{"type":"Feature","properties":{"ID_0":177,"ISO":"PHL","NAME_0":"Philippines","ID_1":10013,"NAME_1":"Bukidnon","ID_2":1001321,"NAME_2":"City of Valencia","ID_3":1001321019,"NAME_3":"Mabuhay","NL_NAME_3":null,"VARNAME_3":null,"TYPE_3":"Barangay","ENGTYPE_3":"Village","PROVINCE":"Bukidnon","REGION":"Region X (Northern Mindanao)","id":"barangay-1001321019","name":"Mabuhay","barangayCode":"1001321019","population":null,"formattedPop":null,"densityCategory":"No data","vulnerabilityRating":"No data","healthRiskLevel":"No data","areaKm2":13.44568,"centerLat":7.847974,"centerLng":125.131296,"geometrySource":"all_barangay-2.csv detailed WKT","geometryMatchMethod":"unique_official_admin_names","boundaryPointCount":116},"geometry":{"type":"MultiPolygon","coordinates":[[[[125.107903,7.85262],[125.108841,7.85323],[125.110008,7.85319],[125.110901,7.85288],[125.11232,7.85214],[125.112709,7.85232],[125.112251,7.85306],[125.111343,7.85441],[125.110809,7.85538],[125.11097,7.85609],[125.111427,7.85711],[125.11161,7.85801],[125.112259,7.85837],[125.112617,7.85792],[125.113937,7.85805],[125.114853,7.85823],[125.115997,7.85848],[125.116859,7.85861],[125.117912,7.85842],[125.119209,7.85796],[125.119797,7.85809],[125.11998,7.85795],[125.120209,7.85747],[125.120308,7.85702],[125.121094,7.85685],[125.121719,7.85744],[125.12159,7.858],[125.121658,7.85871],[125.122101,7.85881],[125.12262,7.85859],[125.123734,7.85905],[125.124237,7.85971],[125.124588,7.86048],[125.124496,7.86102],[125.124512,7.86166],[125.124123,7.8623],[125.123131,7.86249],[125.122711,7.86358],[125.121696,7.86382],[125.121643,7.86445],[125.122093,7.86502],[125.122437,7.8656],[125.122787,7.86603],[125.123177,7.8671],[125.123497,7.86908],[125.123863,7.86897],[125.124001,7.86887],[125.125427,7.86777],[125.125664,7.8674],[125.126694,7.86661],[125.127731,7.86637],[125.129738,7.86531],[125.131416,7.86442],[125.133209,7.86323],[125.134148,7.86199],[125.13562,7.86096],[125.137611,7.85949],[125.138153,7.85941],[125.139938,7.85759],[125.140953,7.85628],[125.142067,7.85461],[125.143097,7.85355],[125.143188,7.85327],[125.143333,7.85303],[125.143753,7.85282],[125.14447,7.85329],[125.145081,7.85349],[125.146187,7.85331],[125.147247,7.85237],[125.148361,7.85142],[125.147774,7.84981],[125.147652,7.84734],[125.146202,7.84518],[125.145233,7.84435],[125.140839,7.84207],[125.135834,7.84003],[125.130623,7.8381],[125.125259,7.83602],[125.121689,7.83464],[125.116173,7.83256],[125.114151,7.83186],[125.112717,7.83106],[125.110512,7.83151],[125.109009,7.83207],[125.108681,7.83205],[125.108551,7.83284],[125.108871,7.83388],[125.107597,7.8336],[125.10672,7.83357],[125.106934,7.83517],[125.106453,7.83581],[125.106461,7.83706],[125.107292,7.83798],[125.106827,7.8388],[125.106697,7.83985],[125.10611,7.84034],[125.105759,7.84156],[125.106247,7.84258],[125.108047,7.84217],[125.108482,7.84297],[125.108147,7.84406],[125.107849,7.84468],[125.108543,7.84564],[125.108727,7.84631],[125.108658,7.84741],[125.109138,7.84845],[125.109367,7.84879],[125.108917,7.84957],[125.108162,7.84923],[125.107567,7.84866],[125.107018,7.84854],[125.10672,7.84893],[125.106331,7.8496],[125.106613,7.85048],[125.107521,7.85119],[125.107903,7.85262]]]]}},{"type":"Feature","properties":{"ID_0":177,"ISO":"PHL","NAME_0":"Philippines","ID_1":10013,"NAME_1":"Bukidnon","ID_2":1001321,"NAME_2":"City of Valencia","ID_3":1001321020,"NAME_3":"Mailag","NL_NAME_3":null,"VARNAME_3":null,"TYPE_3":"Barangay","ENGTYPE_3":"Village","PROVINCE":"Bukidnon","REGION":"Region X (Northern Mindanao)","id":"barangay-1001321020","name":"Mailag","barangayCode":"1001321020","population":null,"formattedPop":null,"densityCategory":"No data","vulnerabilityRating":"No data","healthRiskLevel":"No data","areaKm2":10.199885,"centerLat":7.970349,"centerLng":125.123449,"geometrySource":"all_barangay-2.csv detailed WKT","geometryMatchMethod":"unique_official_admin_names","boundaryPointCount":56},"geometry":{"type":"MultiPolygon","coordinates":[[[[125.145271,7.97644],[125.144081,7.97613],[125.143494,7.97511],[125.143219,7.97397],[125.144379,7.97282],[125.145157,7.97228],[125.145493,7.97113],[125.145653,7.96972],[125.145103,7.96878],[125.141098,7.96804],[125.140289,7.96723],[125.140488,7.96537],[125.140923,7.96486],[125.141853,7.96333],[125.141769,7.96199],[125.14209,7.96075],[125.143753,7.95997],[125.14518,7.95905],[125.145126,7.95816],[125.143013,7.95781],[125.141243,7.95738],[125.138733,7.95624],[125.137909,7.95523],[125.136047,7.95466],[125.134422,7.95417],[125.1334,7.95332],[125.132332,7.95265],[125.13092,7.95195],[125.129883,7.95291],[125.128311,7.95446],[125.128059,7.95625],[125.127579,7.95799],[125.126404,7.95857],[125.12439,7.95843],[125.122513,7.95848],[125.121597,7.95843],[125.120483,7.95858],[125.118317,7.95825],[125.11647,7.95759],[125.115532,7.95715],[125.114441,7.95701],[125.113899,7.95689],[125.112572,7.957],[125.111,7.95829],[125.110077,7.95937],[125.109306,7.95904],[125.109062,7.95894],[125.108543,7.95958],[125.106987,7.96097],[125.106041,7.9616],[125.108917,7.96857],[125.112717,7.97436],[125.114891,7.97745],[125.116722,7.98122],[125.11692,7.98165],[125.145271,7.97644]]]]}},{"type":"Feature","properties":{"ID_0":177,"ISO":"PHL","NAME_0":"Philippines","ID_1":10013,"NAME_1":"Bukidnon","ID_2":1001321,"NAME_2":"City of Valencia","ID_3":1001321021,"NAME_3":"Mt. Nebo","NL_NAME_3":null,"VARNAME_3":null,"TYPE_3":"Barangay","ENGTYPE_3":"Village","PROVINCE":"Bukidnon","REGION":"Region X (Northern Mindanao)","id":"barangay-1001321021","name":"Mt. Nebo","barangayCode":"1001321021","population":null,"formattedPop":null,"densityCategory":"No data","vulnerabilityRating":"No data","healthRiskLevel":"No data","areaKm2":42.558425,"centerLat":7.966623,"centerLng":124.931512,"geometrySource":"all_barangay-2.csv detailed WKT","geometryMatchMethod":"unique_official_admin_names","boundaryPointCount":53},"geometry":{"type":"MultiPolygon","coordinates":[[[[125.019943,7.99089],[125.022087,7.99016],[125.022812,7.99041],[125.02478,7.99146],[125.026131,7.99152],[125.027901,7.99164],[125.026512,7.9883],[125.02346,7.98345],[125.021606,7.98025],[125.018097,7.97504],[125.0149,7.97046],[125.013031,7.96726],[125.01104,7.96345],[125.008308,7.95947],[125.004204,7.95477],[124.997673,7.94805],[124.989128,7.94004],[124.985153,7.93644],[124.983681,7.93539],[124.98175,7.93404],[124.979492,7.93326],[124.976669,7.93113],[124.974876,7.92965],[124.972076,7.92842],[124.968849,7.92846],[124.967438,7.92842],[124.962982,7.93049],[124.957848,7.93125],[124.954063,7.93208],[124.949478,7.93315],[124.947197,7.9337],[124.94281,7.93359],[124.928513,7.95125],[124.973389,7.96558],[124.976387,7.96646],[124.979156,7.96622],[124.981049,7.96568],[124.983994,7.96455],[124.986923,7.96571],[124.990463,7.96878],[124.992706,7.9721],[124.999786,7.98635],[125.002357,7.99103],[125.004128,7.99087],[125.006653,7.99044],[125.007973,7.99098],[125.009727,7.9917],[125.011162,7.99196],[125.013107,7.99239],[125.015106,7.99221],[125.016769,7.99165],[125.01841,7.99108],[125.019943,7.99089]]]]}},{"type":"Feature","properties":{"ID_0":177,"ISO":"PHL","NAME_0":"Philippines","ID_1":10013,"NAME_1":"Bukidnon","ID_2":1001321,"NAME_2":"City of Valencia","ID_3":1001321022,"NAME_3":"Nabago","NL_NAME_3":null,"VARNAME_3":null,"TYPE_3":"Barangay","ENGTYPE_3":"Village","PROVINCE":"Bukidnon","REGION":"Region X (Northern Mindanao)","id":"barangay-1001321022","name":"Nabago","barangayCode":"1001321022","population":null,"formattedPop":null,"densityCategory":"No data","vulnerabilityRating":"No data","healthRiskLevel":"No data","areaKm2":12.189517,"centerLat":7.960948,"centerLng":125.159364,"geometrySource":"all_barangay-2.csv detailed WKT","geometryMatchMethod":"unique_official_admin_names","boundaryPointCount":72},"geometry":{"type":"MultiPolygon","coordinates":[[[[125.178093,7.97136],[125.177277,7.97005],[125.176208,7.96858],[125.174942,7.96674],[125.174561,7.96506],[125.175453,7.96409],[125.178284,7.96472],[125.180901,7.96442],[125.182121,7.9626],[125.181023,7.96083],[125.178993,7.95906],[125.176666,7.95773],[125.173431,7.95786],[125.171204,7.95765],[125.169662,7.95548],[125.170662,7.95405],[125.174133,7.95432],[125.176933,7.9544],[125.177467,7.95327],[125.174721,7.95101],[125.172821,7.94992],[125.171799,7.94816],[125.170197,7.94508],[125.16745,7.94422],[125.165359,7.94612],[125.16523,7.94903],[125.165627,7.95216],[125.164497,7.95361],[125.163094,7.95276],[125.161324,7.94988],[125.159843,7.94697],[125.156708,7.94512],[125.154121,7.94572],[125.153091,7.94876],[125.151749,7.9508],[125.149597,7.95135],[125.14785,7.94962],[125.147537,7.94636],[125.147034,7.94425],[125.146118,7.94303],[125.142677,7.94289],[125.141891,7.94531],[125.141212,7.94832],[125.139442,7.94952],[125.138184,7.94992],[125.136917,7.95094],[125.135178,7.95168],[125.132668,7.95197],[125.13092,7.95195],[125.132332,7.95265],[125.1334,7.95332],[125.134422,7.95417],[125.136047,7.95466],[125.137909,7.95523],[125.138733,7.95624],[125.141243,7.95738],[125.143013,7.95781],[125.145126,7.95816],[125.14518,7.95905],[125.143753,7.95997],[125.14209,7.96075],[125.141769,7.96199],[125.141853,7.96333],[125.140923,7.96486],[125.140488,7.96537],[125.140289,7.96723],[125.141098,7.96804],[125.145103,7.96878],[125.145653,7.96972],[125.145493,7.97113],[125.145157,7.97228],[125.178093,7.97136]]]]}},{"type":"Feature","properties":{"ID_0":177,"ISO":"PHL","NAME_0":"Philippines","ID_1":10013,"NAME_1":"Bukidnon","ID_2":1001321,"NAME_2":"City of Valencia","ID_3":1001321023,"NAME_3":"Pinatilan","NL_NAME_3":null,"VARNAME_3":null,"TYPE_3":"Barangay","ENGTYPE_3":"Village","PROVINCE":"Bukidnon","REGION":"Region X (Northern Mindanao)","id":"barangay-1001321023","name":"Pinatilan","barangayCode":"1001321023","population":null,"formattedPop":null,"densityCategory":"No data","vulnerabilityRating":"No data","healthRiskLevel":"No data","areaKm2":11.496942,"centerLat":7.882867,"centerLng":125.110256,"geometrySource":"all_barangay-2.csv detailed WKT","geometryMatchMethod":"unique_official_admin_names","boundaryPointCount":34},"geometry":{"type":"MultiPolygon","coordinates":[[[[125.125587,7.89743],[125.123543,7.89523],[125.121063,7.89251],[125.118919,7.88975],[125.116547,7.88731],[125.114304,7.88546],[125.112778,7.88401],[125.110077,7.88193],[125.108177,7.88032],[125.106918,7.87915],[125.105507,7.8778],[125.105103,7.87726],[125.095284,7.88211],[125.095711,7.88342],[125.095459,7.88423],[125.095543,7.88587],[125.094978,7.88686],[125.093727,7.88894],[125.093231,7.89159],[125.094887,7.89235],[125.09668,7.89207],[125.099068,7.8932],[125.100288,7.89494],[125.09977,7.89681],[125.098633,7.89733],[125.097008,7.89802],[125.095703,7.90002],[125.095467,7.90159],[125.095711,7.90293],[125.09597,7.90435],[125.09684,7.90553],[125.097794,7.90742],[125.097977,7.90981],[125.125587,7.89743]]]]}},{"type":"Feature","properties":{"ID_0":177,"ISO":"PHL","NAME_0":"Philippines","ID_1":10013,"NAME_1":"Bukidnon","ID_2":1001321,"NAME_2":"City of Valencia","ID_3":1001321024,"NAME_3":"Poblacion","NL_NAME_3":null,"VARNAME_3":null,"TYPE_3":"Barangay","ENGTYPE_3":"Village","PROVINCE":"Bukidnon","REGION":"Region X (Northern Mindanao)","id":"barangay-1001321024","name":"Poblacion","barangayCode":"1001321024","population":null,"formattedPop":null,"densityCategory":"No data","vulnerabilityRating":"No data","healthRiskLevel":"No data","areaKm2":11.537556,"centerLat":7.917851,"centerLng":125.085013,"geometrySource":"all_barangay-2.csv detailed WKT","geometryMatchMethod":"unique_official_admin_names","boundaryPointCount":31},"geometry":{"type":"MultiPolygon","coordinates":[[[[125.096893,7.91273],[125.097656,7.91145],[125.097977,7.90981],[125.097794,7.90742],[125.09684,7.90553],[125.09597,7.90435],[125.095711,7.90293],[125.095467,7.90159],[125.095703,7.90002],[125.097008,7.89802],[125.098633,7.89733],[125.09977,7.89681],[125.100288,7.89494],[125.099068,7.8932],[125.098831,7.89381],[125.097412,7.89452],[125.095757,7.89534],[125.094414,7.8957],[125.093964,7.89631],[125.093468,7.89638],[125.093147,7.89704],[125.092377,7.89772],[125.091789,7.89879],[125.092216,7.89952],[125.093201,7.90336],[125.092934,7.90623],[125.092247,7.90779],[125.090881,7.90948],[125.088188,7.91335],[125.087059,7.91531],[125.096893,7.91273]]]]}},{"type":"Feature","properties":{"ID_0":177,"ISO":"PHL","NAME_0":"Philippines","ID_1":10013,"NAME_1":"Bukidnon","ID_2":1001321,"NAME_2":"City of Valencia","ID_3":1001321025,"NAME_3":"San Carlos","NL_NAME_3":null,"VARNAME_3":null,"TYPE_3":"Barangay","ENGTYPE_3":"Village","PROVINCE":"Bukidnon","REGION":"Region X (Northern Mindanao)","id":"barangay-1001321025","name":"San Carlos","barangayCode":"1001321025","population":null,"formattedPop":null,"densityCategory":"No data","vulnerabilityRating":"No data","healthRiskLevel":"No data","areaKm2":19.250381,"centerLat":7.96368,"centerLng":125.07883,"geometrySource":"all_barangay-2.csv detailed WKT","geometryMatchMethod":"unique_official_admin_names","boundaryPointCount":74},"geometry":{"type":"MultiPolygon","coordinates":[[[[125.060867,7.9897],[125.062553,7.98998],[125.064163,7.98973],[125.065826,7.9882],[125.066566,7.98702],[125.068283,7.98528],[125.070374,7.98392],[125.07119,7.98262],[125.072006,7.98211],[125.074097,7.97906],[125.075829,7.97992],[125.077347,7.98029],[125.079773,7.98096],[125.082237,7.98149],[125.084129,7.9823],[125.086342,7.98292],[125.08889,7.98331],[125.089897,7.98459],[125.091331,7.98518],[125.093803,7.98577],[125.088966,7.97754],[125.087532,7.97499],[125.085777,7.97149],[125.084511,7.96921],[125.083382,7.96686],[125.081734,7.96325],[125.080391,7.96015],[125.079323,7.95722],[125.07843,7.95543],[125.074783,7.95016],[125.07254,7.94693],[125.069672,7.94218],[125.067131,7.93602],[125.06546,7.9317],[125.064369,7.93014],[125.063477,7.92955],[125.05378,7.93523],[125.052902,7.93568],[125.050797,7.9374],[125.047493,7.93984],[125.045181,7.94061],[125.042763,7.9407],[125.038757,7.94062],[125.036057,7.93975],[125.034981,7.93859],[125.034081,7.93747],[125.033302,7.9363],[125.032127,7.93485],[125.030388,7.93405],[125.027451,7.93343],[125.025658,7.93326],[125.022034,7.93234],[125.020927,7.93181],[125.018333,7.93048],[125.019249,7.93187],[125.021378,7.93547],[125.022758,7.93757],[125.025803,7.94161],[125.029587,7.94638],[125.031639,7.94896],[125.034248,7.95248],[125.036324,7.95575],[125.038551,7.95977],[125.040207,7.96267],[125.041649,7.96509],[125.044182,7.96893],[125.045807,7.97087],[125.050591,7.97492],[125.053047,7.97681],[125.056534,7.98035],[125.058296,7.98331],[125.059776,7.98616],[125.060677,7.98789],[125.060867,7.9897]]]]}},{"type":"Feature","properties":{"ID_0":177,"ISO":"PHL","NAME_0":"Philippines","ID_1":10013,"NAME_1":"Bukidnon","ID_2":1001321,"NAME_2":"City of Valencia","ID_3":1001321026,"NAME_3":"San Isidro","NL_NAME_3":null,"VARNAME_3":null,"TYPE_3":"Barangay","ENGTYPE_3":"Village","PROVINCE":"Bukidnon","REGION":"Region X (Northern Mindanao)","id":"barangay-1001321026","name":"San Isidro","barangayCode":"1001321026","population":null,"formattedPop":null,"densityCategory":"No data","vulnerabilityRating":"No data","healthRiskLevel":"No data","areaKm2":4.923263,"centerLat":7.957773,"centerLng":125.189653,"geometrySource":"all_barangay-2.csv detailed WKT","geometryMatchMethod":"unique_official_admin_names","boundaryPointCount":41},"geometry":{"type":"MultiPolygon","coordinates":[[[[125.178093,7.97136],[125.180199,7.97007],[125.180267,7.96953],[125.181679,7.96814],[125.185432,7.9677],[125.188423,7.96846],[125.191032,7.96954],[125.19352,7.96862],[125.194679,7.96604],[125.195534,7.96339],[125.196442,7.96197],[125.199257,7.95952],[125.202148,7.95872],[125.204269,7.95784],[125.205513,7.95664],[125.205513,7.95431],[125.20414,7.95291],[125.202553,7.95162],[125.201683,7.94973],[125.171799,7.94816],[125.172821,7.94992],[125.174721,7.95101],[125.177467,7.95327],[125.176933,7.9544],[125.174133,7.95432],[125.170662,7.95405],[125.169662,7.95548],[125.171204,7.95765],[125.173431,7.95786],[125.176666,7.95773],[125.178993,7.95906],[125.181023,7.96083],[125.182121,7.9626],[125.180901,7.96442],[125.178284,7.96472],[125.175453,7.96409],[125.174561,7.96506],[125.174942,7.96674],[125.176208,7.96858],[125.177277,7.97005],[125.178093,7.97136]]]]}},{"type":"Feature","properties":{"ID_0":177,"ISO":"PHL","NAME_0":"Philippines","ID_1":10013,"NAME_1":"Bukidnon","ID_2":1001321,"NAME_2":"City of Valencia","ID_3":1001321028,"NAME_3":"Sinabuagan","NL_NAME_3":null,"VARNAME_3":null,"TYPE_3":"Barangay","ENGTYPE_3":"Village","PROVINCE":"Bukidnon","REGION":"Region X (Northern Mindanao)","id":"barangay-1001321028","name":"Sinabuagan","barangayCode":"1001321028","population":null,"formattedPop":null,"densityCategory":"No data","vulnerabilityRating":"No data","healthRiskLevel":"No data","areaKm2":6.644592,"centerLat":7.940615,"centerLng":125.213485,"geometrySource":"all_barangay-2.csv detailed WKT","geometryMatchMethod":"unique_official_admin_names","boundaryPointCount":54},"geometry":{"type":"MultiPolygon","coordinates":[[[[125.242897,7.95365],[125.2425,7.94786],[125.242844,7.94244],[125.243263,7.9406],[125.243347,7.9353],[125.242683,7.93231],[125.241524,7.92704],[125.241058,7.92146],[125.241272,7.91779],[125.241402,7.91573],[125.24128,7.91173],[125.241074,7.90868],[125.241043,7.90727],[125.230217,7.90639],[125.228523,7.90626],[125.221573,7.90622],[125.217506,7.90596],[125.210388,7.90541],[125.205017,7.90563],[125.202072,7.90592],[125.199051,7.9063],[125.199364,7.90742],[125.200722,7.91139],[125.202309,7.91459],[125.204178,7.91853],[125.20491,7.92141],[125.203659,7.92372],[125.20327,7.92455],[125.202263,7.92631],[125.201111,7.92823],[125.199203,7.93254],[125.198067,7.93654],[125.198257,7.93936],[125.199013,7.94167],[125.199799,7.94358],[125.200478,7.94502],[125.201683,7.94973],[125.203934,7.9482],[125.206528,7.94784],[125.209229,7.94792],[125.210213,7.94858],[125.212303,7.95073],[125.212646,7.95392],[125.213013,7.95705],[125.21431,7.95868],[125.216209,7.95928],[125.218681,7.95892],[125.220009,7.95741],[125.218987,7.95452],[125.21917,7.95233],[125.220963,7.95085],[125.225441,7.9521],[125.228203,7.95354],[125.242897,7.95365]]]]}},{"type":"Feature","properties":{"ID_0":177,"ISO":"PHL","NAME_0":"Philippines","ID_1":10013,"NAME_1":"Bukidnon","ID_2":1001321,"NAME_2":"City of Valencia","ID_3":1001321029,"NAME_3":"Sinayawan","NL_NAME_3":null,"VARNAME_3":null,"TYPE_3":"Barangay","ENGTYPE_3":"Village","PROVINCE":"Bukidnon","REGION":"Region X (Northern Mindanao)","id":"barangay-1001321029","name":"Sinayawan","barangayCode":"1001321029","population":null,"formattedPop":null,"densityCategory":"No data","vulnerabilityRating":"No data","healthRiskLevel":"No data","areaKm2":17.425943,"centerLat":7.878083,"centerLng":125.152431,"geometrySource":"all_barangay-2.csv detailed WKT","geometryMatchMethod":"unique_official_admin_names","boundaryPointCount":71},"geometry":{"type":"MultiPolygon","coordinates":[[[[125.134453,7.90316],[125.135834,7.90332],[125.138733,7.90418],[125.141579,7.90285],[125.143913,7.90204],[125.146431,7.9004],[125.147331,7.8978],[125.147743,7.89487],[125.148041,7.88984],[125.147911,7.88565],[125.148048,7.88045],[125.148216,7.87364],[125.148193,7.87114],[125.14637,7.87113],[125.144928,7.87094],[125.142601,7.87048],[125.141876,7.8704],[125.140228,7.86967],[125.139137,7.86891],[125.140984,7.86613],[125.142311,7.86354],[125.14344,7.86242],[125.14621,7.85858],[125.146606,7.85587],[125.148178,7.85281],[125.14846,7.85219],[125.148361,7.85142],[125.147247,7.85237],[125.146187,7.85331],[125.145081,7.85349],[125.14447,7.85329],[125.143753,7.85282],[125.143333,7.85303],[125.143188,7.85327],[125.143097,7.85355],[125.142067,7.85461],[125.140953,7.85628],[125.139938,7.85759],[125.138153,7.85941],[125.137611,7.85949],[125.13562,7.86096],[125.134148,7.86199],[125.133209,7.86323],[125.131416,7.86442],[125.129738,7.86531],[125.127731,7.86637],[125.126694,7.86661],[125.125664,7.8674],[125.125427,7.86777],[125.124001,7.86887],[125.124168,7.86879],[125.124786,7.86925],[125.124878,7.87097],[125.124207,7.87193],[125.123863,7.87324],[125.123947,7.87369],[125.124428,7.87504],[125.125366,7.87636],[125.125969,7.87679],[125.126709,7.87713],[125.127197,7.88034],[125.127403,7.88281],[125.126556,7.88685],[125.126122,7.88925],[125.126534,7.89745],[125.128464,7.89789],[125.130447,7.899],[125.132187,7.90019],[125.133087,7.90109],[125.134048,7.90232],[125.134453,7.90316]]]]}},{"type":"Feature","properties":{"ID_0":177,"ISO":"PHL","NAME_0":"Philippines","ID_1":10013,"NAME_1":"Bukidnon","ID_2":1001321,"NAME_2":"City of Valencia","ID_3":1001321030,"NAME_3":"Sugod","NL_NAME_3":null,"VARNAME_3":null,"TYPE_3":"Barangay","ENGTYPE_3":"Village","PROVINCE":"Bukidnon","REGION":"Region X (Northern Mindanao)","id":"barangay-1001321030","name":"Sugod","barangayCode":"1001321030","population":null,"formattedPop":null,"densityCategory":"No data","vulnerabilityRating":"No data","healthRiskLevel":"No data","areaKm2":9.111384,"centerLat":7.940287,"centerLng":125.119615,"geometrySource":"all_barangay-2.csv detailed WKT","geometryMatchMethod":"unique_official_admin_names","boundaryPointCount":42},"geometry":{"type":"MultiPolygon","coordinates":[[[[125.118317,7.95825],[125.120483,7.95858],[125.121597,7.95843],[125.122513,7.95848],[125.12439,7.95843],[125.126404,7.95857],[125.127579,7.95799],[125.128059,7.95625],[125.128311,7.95446],[125.129883,7.95291],[125.13092,7.95195],[125.132668,7.95197],[125.135178,7.95168],[125.136917,7.95094],[125.138184,7.94992],[125.137222,7.94784],[125.134621,7.94433],[125.130836,7.93933],[125.127357,7.93444],[125.126099,7.93183],[125.125961,7.92929],[125.124817,7.9286],[125.123398,7.92718],[125.121643,7.92575],[125.120422,7.92558],[125.119492,7.9243],[125.117317,7.92352],[125.115646,7.9228],[125.115059,7.92162],[125.115211,7.91977],[125.11496,7.91822],[125.113159,7.91648],[125.11058,7.91546],[125.109306,7.91684],[125.109329,7.91916],[125.110023,7.92175],[125.109802,7.92316],[125.109177,7.92444],[125.107773,7.92532],[125.10743,7.92468],[125.104607,7.92615],[125.118317,7.95825]]]]}},{"type":"Feature","properties":{"ID_0":177,"ISO":"PHL","NAME_0":"Philippines","ID_1":10013,"NAME_1":"Bukidnon","ID_2":1001321,"NAME_2":"City of Valencia","ID_3":1001321033,"NAME_3":"Tongantongan","NL_NAME_3":null,"VARNAME_3":null,"TYPE_3":"Barangay","ENGTYPE_3":"Village","PROVINCE":"Bukidnon","REGION":"Region X (Northern Mindanao)","id":"barangay-1001321033","name":"Tongantongan","barangayCode":"1001321033","population":null,"formattedPop":null,"densityCategory":"No data","vulnerabilityRating":"No data","healthRiskLevel":"No data","areaKm2":20.336034,"centerLat":7.909474,"centerLng":125.175784,"geometrySource":"all_barangay-2.csv detailed WKT","geometryMatchMethod":"unique_official_admin_names","boundaryPointCount":50},"geometry":{"type":"MultiPolygon","coordinates":[[[[125.203659,7.92372],[125.20491,7.92141],[125.204178,7.91853],[125.202309,7.91459],[125.200722,7.91139],[125.199364,7.90742],[125.199051,7.9063],[125.199097,7.90528],[125.199287,7.90349],[125.199471,7.90173],[125.199516,7.89852],[125.19976,7.89598],[125.199707,7.8948],[125.197083,7.89387],[125.194031,7.89326],[125.192146,7.89293],[125.188629,7.8927],[125.184547,7.89239],[125.182068,7.89186],[125.177261,7.89142],[125.174889,7.89108],[125.173088,7.89114],[125.170883,7.89156],[125.167732,7.89325],[125.165627,7.89502],[125.163857,7.89781],[125.162903,7.90123],[125.16246,7.90384],[125.161667,7.90632],[125.160507,7.90868],[125.159233,7.91004],[125.15773,7.91059],[125.155159,7.91087],[125.152908,7.91122],[125.151283,7.91105],[125.148003,7.90858],[125.146767,7.90768],[125.144653,7.90637],[125.141907,7.90521],[125.140053,7.90444],[125.138733,7.90418],[125.135834,7.90332],[125.134453,7.90316],[125.134987,7.90445],[125.136757,7.90973],[125.137619,7.91286],[125.137863,7.91792],[125.137962,7.9205],[125.137497,7.92286],[125.203659,7.92372]]]]}},{"type":"Feature","properties":{"ID_0":177,"ISO":"PHL","NAME_0":"Philippines","ID_1":10013,"NAME_1":"Bukidnon","ID_2":1001321,"NAME_2":"City of Valencia","ID_3":1001321034,"NAME_3":"Tugaya","NL_NAME_3":null,"VARNAME_3":null,"TYPE_3":"Barangay","ENGTYPE_3":"Village","PROVINCE":"Bukidnon","REGION":"Region X (Northern Mindanao)","id":"barangay-1001321034","name":"Tugaya","barangayCode":"1001321034","population":null,"formattedPop":null,"densityCategory":"No data","vulnerabilityRating":"No data","healthRiskLevel":"No data","areaKm2":12.040373,"centerLat":7.922541,"centerLng":125.014254,"geometrySource":"all_barangay-2.csv detailed WKT","geometryMatchMethod":"unique_official_admin_names","boundaryPointCount":20},"geometry":{"type":"MultiPolygon","coordinates":[[[[125.007507,7.93146],[125.002731,7.88516],[125.003471,7.87659],[124.977821,7.89219],[124.94281,7.93359],[124.947197,7.9337],[124.949478,7.93315],[124.954063,7.93208],[124.957848,7.93125],[124.962982,7.93049],[124.967438,7.92842],[124.968849,7.92846],[124.972076,7.92842],[124.974876,7.92965],[124.976669,7.93113],[124.979492,7.93326],[124.98175,7.93404],[124.983681,7.93539],[124.985153,7.93644],[125.007507,7.93146]]]]}},{"type":"Feature","properties":{"ID_0":177,"ISO":"PHL","NAME_0":"Philippines","ID_1":10013,"NAME_1":"Bukidnon","ID_2":1001321,"NAME_2":"City of Valencia","ID_3":1001321035,"NAME_3":"Vintar","NL_NAME_3":null,"VARNAME_3":null,"TYPE_3":"Barangay","ENGTYPE_3":"Village","PROVINCE":"Bukidnon","REGION":"Region X (Northern Mindanao)","id":"barangay-1001321035","name":"Vintar","barangayCode":"1001321035","population":null,"formattedPop":null,"densityCategory":"No data","vulnerabilityRating":"No data","healthRiskLevel":"No data","areaKm2":8.204414,"centerLat":7.939126,"centerLng":125.187048,"geometrySource":"all_barangay-2.csv detailed WKT","geometryMatchMethod":"unique_official_admin_names","boundaryPointCount":51},"geometry":{"type":"MultiPolygon","coordinates":[[[[125.201683,7.94973],[125.200478,7.94502],[125.199799,7.94358],[125.199013,7.94167],[125.198257,7.93936],[125.198067,7.93654],[125.199203,7.93254],[125.201111,7.92823],[125.202263,7.92631],[125.20327,7.92455],[125.203659,7.92372],[125.137497,7.92286],[125.137817,7.924],[125.139351,7.92581],[125.140793,7.92761],[125.141937,7.9293],[125.143539,7.93085],[125.144127,7.93207],[125.145088,7.93391],[125.145912,7.9346],[125.146889,7.93528],[125.148689,7.93631],[125.150726,7.93718],[125.151657,7.93752],[125.150772,7.93785],[125.149643,7.93864],[125.14933,7.9387],[125.14888,7.93893],[125.147636,7.93978],[125.1464,7.94094],[125.146019,7.94172],[125.146118,7.94303],[125.147034,7.94425],[125.147537,7.94636],[125.14785,7.94962],[125.149597,7.95135],[125.151749,7.9508],[125.153091,7.94876],[125.154121,7.94572],[125.156708,7.94512],[125.159843,7.94697],[125.161324,7.94988],[125.163094,7.95276],[125.164497,7.95361],[125.165627,7.95216],[125.16523,7.94903],[125.165359,7.94612],[125.16745,7.94422],[125.170197,7.94508],[125.171799,7.94816],[125.201683,7.94973]]]]}},{"type":"Feature","properties":{"ID_0":177,"ISO":"PHL","NAME_0":"Philippines","ID_1":10013,"NAME_1":"Bukidnon","ID_2":1001322,"NAME_2":"Cabanglasan","ID_3":1001322001,"NAME_3":"Cabulohan","NL_NAME_3":null,"VARNAME_3":null,"TYPE_3":"Barangay","ENGTYPE_3":"Village","PROVINCE":"Bukidnon","REGION":"Region X (Northern Mindanao)","id":"barangay-1001322001","name":"Cabulohan","barangayCode":"1001322001","population":null,"formattedPop":null,"densityCategory":"No data","vulnerabilityRating":"No data","healthRiskLevel":"No data","areaKm2":4.676399,"centerLat":8.025782,"centerLng":125.291913,"geometrySource":"all_barangay-2.csv detailed WKT","geometryMatchMethod":"unique_official_admin_names","boundaryPointCount":30},"geometry":{"type":"MultiPolygon","coordinates":[[[[125.318329,8.03602],[125.317947,8.02198],[125.301308,8.01662],[125.295197,8.0043],[125.293968,8.00505],[125.291527,8.00659],[125.289062,8.00826],[125.288322,8.00954],[125.287842,8.01203],[125.287354,8.0134],[125.286499,8.01485],[125.285362,8.01609],[125.284126,8.0172],[125.283112,8.01795],[125.283836,8.01916],[125.284027,8.01997],[125.284729,8.02105],[125.286087,8.02217],[125.286201,8.02258],[125.285378,8.0234],[125.284912,8.02457],[125.284859,8.02559],[125.283287,8.02733],[125.282928,8.02802],[125.283234,8.02938],[125.283287,8.03086],[125.283081,8.0328],[125.295059,8.0338],[125.295021,8.03636],[125.318329,8.03602]]]]}},{"type":"Feature","properties":{"ID_0":177,"ISO":"PHL","NAME_0":"Philippines","ID_1":10013,"NAME_1":"Bukidnon","ID_2":1001322,"NAME_2":"Cabanglasan","ID_3":1001322002,"NAME_3":"Canangaan","NL_NAME_3":null,"VARNAME_3":null,"TYPE_3":"Barangay","ENGTYPE_3":"Village","PROVINCE":"Bukidnon","REGION":"Region X (Northern Mindanao)","id":"barangay-1001322002","name":"Canangaan","barangayCode":"1001322002","population":null,"formattedPop":null,"densityCategory":"No data","vulnerabilityRating":"No data","healthRiskLevel":"No data","areaKm2":52.06087,"centerLat":8.087124,"centerLng":125.378649,"geometrySource":"all_barangay-2.csv detailed WKT","geometryMatchMethod":"unique_official_admin_names","boundaryPointCount":65},"geometry":{"type":"MultiPolygon","coordinates":[[[[125.368347,8.13632],[125.368668,8.13414],[125.369102,8.13113],[125.368439,8.12893],[125.36776,8.12484],[125.367821,8.12308],[125.369621,8.1186],[125.371651,8.11567],[125.372276,8.11336],[125.37162,8.11125],[125.370033,8.10946],[125.367996,8.10681],[125.367577,8.10516],[125.368408,8.09991],[125.370438,8.096],[125.371941,8.09493],[125.374153,8.09212],[125.375862,8.0885],[125.376343,8.08438],[125.377747,8.08073],[125.380737,8.07921],[125.383667,8.07922],[125.386261,8.07904],[125.387863,8.07751],[125.387161,8.07334],[125.38707,8.06828],[125.33136,8.06764],[125.331306,8.06886],[125.331284,8.07006],[125.332848,8.07306],[125.334793,8.07549],[125.335327,8.07702],[125.332397,8.07807],[125.331161,8.07863],[125.330498,8.08136],[125.331421,8.08394],[125.332687,8.08881],[125.333092,8.0904],[125.334709,8.09222],[125.33783,8.09122],[125.338226,8.09237],[125.338219,8.09395],[125.337868,8.09699],[125.336868,8.10087],[125.336342,8.10311],[125.336014,8.10396],[125.334633,8.10706],[125.33284,8.10967],[125.332451,8.11147],[125.332916,8.11245],[125.333672,8.11373],[125.333908,8.11542],[125.333611,8.1168],[125.333427,8.11922],[125.333588,8.12142],[125.333862,8.1238],[125.333817,8.12567],[125.333183,8.12753],[125.332108,8.12842],[125.32991,8.12941],[125.328613,8.13041],[125.327827,8.13233],[125.327591,8.13323],[125.328133,8.13437],[125.368347,8.13632]]]]}},{"type":"Feature","properties":{"ID_0":177,"ISO":"PHL","NAME_0":"Philippines","ID_1":10013,"NAME_1":"Bukidnon","ID_2":1001322,"NAME_2":"Cabanglasan","ID_3":1001322003,"NAME_3":"Iba","NL_NAME_3":null,"VARNAME_3":null,"TYPE_3":"Barangay","ENGTYPE_3":"Village","PROVINCE":"Bukidnon","REGION":"Region X (Northern Mindanao)","id":"barangay-1001322003","name":"Iba","barangayCode":"1001322003","population":null,"formattedPop":null,"densityCategory":"No data","vulnerabilityRating":"No data","healthRiskLevel":"No data","areaKm2":61.0614,"centerLat":8.116812,"centerLng":125.357099,"geometrySource":"all_barangay-2.csv detailed WKT","geometryMatchMethod":"unique_official_admin_names","boundaryPointCount":59},"geometry":{"type":"MultiPolygon","coordinates":[[[[125.328133,8.13437],[125.327591,8.13323],[125.327827,8.13233],[125.328613,8.13041],[125.32991,8.12941],[125.332108,8.12842],[125.333183,8.12753],[125.333817,8.12567],[125.333862,8.1238],[125.333588,8.12142],[125.333427,8.11922],[125.333611,8.1168],[125.333908,8.11542],[125.333672,8.11373],[125.332916,8.11245],[125.332451,8.11147],[125.33284,8.10967],[125.334633,8.10706],[125.336014,8.10396],[125.336342,8.10311],[125.336868,8.10087],[125.337868,8.09699],[125.338219,8.09395],[125.338226,8.09237],[125.33783,8.09122],[125.334709,8.09222],[125.333092,8.0904],[125.332687,8.08881],[125.331421,8.08394],[125.330498,8.08136],[125.331161,8.07863],[125.332397,8.07807],[125.335327,8.07702],[125.334793,8.07549],[125.332848,8.07306],[125.331284,8.07006],[125.331306,8.06886],[125.33136,8.06764],[125.330627,8.06653],[125.329849,8.0646],[125.3293,8.06283],[125.329483,8.06105],[125.330147,8.06068],[125.331047,8.06118],[125.33252,8.05962],[125.33297,8.0587],[125.327026,8.05927],[125.327301,8.0699],[125.324753,8.07028],[125.325577,8.09844],[125.327057,8.09871],[125.32666,8.10127],[125.326553,8.10404],[125.326591,8.10655],[125.326843,8.10691],[125.326187,8.11009],[125.326118,8.11337],[125.326569,8.13412],[125.328133,8.13437]]]]}},{"type":"Feature","properties":{"ID_0":177,"ISO":"PHL","NAME_0":"Philippines","ID_1":10013,"NAME_1":"Bukidnon","ID_2":1001322,"NAME_2":"Cabanglasan","ID_3":1001322004,"NAME_3":"Imbatug","NL_NAME_3":null,"VARNAME_3":null,"TYPE_3":"Barangay","ENGTYPE_3":"Village","PROVINCE":"Bukidnon","REGION":"Region X (Northern Mindanao)","id":"barangay-1001322004","name":"Imbatug","barangayCode":"1001322004","population":null,"formattedPop":null,"densityCategory":"No data","vulnerabilityRating":"No data","healthRiskLevel":"No data","areaKm2":17.531338,"centerLat":8.019181,"centerLng":125.277525,"geometrySource":"all_barangay-2.csv detailed WKT","geometryMatchMethod":"unique_official_admin_names","boundaryPointCount":42},"geometry":{"type":"MultiPolygon","coordinates":[[[[125.279747,8.03702],[125.282112,8.03409],[125.283081,8.0328],[125.283287,8.03086],[125.283234,8.02938],[125.282928,8.02802],[125.283287,8.02733],[125.284859,8.02559],[125.284912,8.02457],[125.285378,8.0234],[125.286201,8.02258],[125.286087,8.02217],[125.284729,8.02105],[125.284027,8.01997],[125.283836,8.01916],[125.283112,8.01795],[125.282578,8.01825],[125.280144,8.01852],[125.279556,8.01825],[125.278023,8.01736],[125.276497,8.01735],[125.274849,8.01796],[125.274338,8.01794],[125.273277,8.01792],[125.271378,8.01842],[125.270264,8.01891],[125.268478,8.01969],[125.267174,8.02007],[125.265663,8.02095],[125.26461,8.02161],[125.263107,8.02325],[125.261841,8.02476],[125.260406,8.0262],[125.258926,8.02746],[125.257713,8.02814],[125.256462,8.02863],[125.255791,8.0285],[125.254753,8.02839],[125.254128,8.03746],[125.261108,8.04006],[125.261482,8.03652],[125.279747,8.03702]]]]}},{"type":"Feature","properties":{"ID_0":177,"ISO":"PHL","NAME_0":"Philippines","ID_1":10013,"NAME_1":"Bukidnon","ID_2":1001322,"NAME_2":"Cabanglasan","ID_3":1001322005,"NAME_3":"Lambangan","NL_NAME_3":null,"VARNAME_3":null,"TYPE_3":"Barangay","ENGTYPE_3":"Village","PROVINCE":"Bukidnon","REGION":"Region X (Northern Mindanao)","id":"barangay-1001322005","name":"Lambangan","barangayCode":"1001322005","population":null,"formattedPop":null,"densityCategory":"No data","vulnerabilityRating":"No data","healthRiskLevel":"No data","areaKm2":10.778148,"centerLat":8.060142,"centerLng":125.264378,"geometrySource":"all_barangay-2.csv detailed WKT","geometryMatchMethod":"unique_official_admin_names","boundaryPointCount":47},"geometry":{"type":"MultiPolygon","coordinates":[[[[125.228577,8.07513],[125.232964,8.08052],[125.234138,8.07996],[125.23584,8.07951],[125.238289,8.07852],[125.242706,8.07699],[125.246811,8.07567],[125.250999,8.07373],[125.2528,8.07284],[125.256142,8.07122],[125.257317,8.07045],[125.25959,8.06905],[125.26165,8.06851],[125.263107,8.06825],[125.265106,8.06682],[125.266777,8.06504],[125.268959,8.0626],[125.271294,8.06065],[125.272568,8.06008],[125.27404,8.0588],[125.274963,8.05811],[125.276772,8.05611],[125.277748,8.05454],[125.279228,8.05416],[125.279579,8.05427],[125.279846,8.05434],[125.280243,8.05353],[125.281326,8.05218],[125.281471,8.05077],[125.281197,8.05015],[125.281448,8.04893],[125.281387,8.04812],[125.28083,8.04753],[125.280296,8.0464],[125.28035,8.04426],[125.280128,8.04119],[125.280006,8.03923],[125.280083,8.03771],[125.279747,8.03702],[125.261482,8.03652],[125.261108,8.04006],[125.254128,8.03746],[125.248337,8.04158],[125.248253,8.0493],[125.245667,8.0541],[125.235069,8.05381],[125.228577,8.07513]]]]}},{"type":"Feature","properties":{"ID_0":177,"ISO":"PHL","NAME_0":"Philippines","ID_1":10013,"NAME_1":"Bukidnon","ID_2":1001322,"NAME_2":"Cabanglasan","ID_3":1001322006,"NAME_3":"Mandaing","NL_NAME_3":null,"VARNAME_3":null,"TYPE_3":"Barangay","ENGTYPE_3":"Village","PROVINCE":"Bukidnon","REGION":"Region X (Northern Mindanao)","id":"barangay-1001322006","name":"Mandaing","barangayCode":"1001322006","population":null,"formattedPop":null,"densityCategory":"No data","vulnerabilityRating":"No data","healthRiskLevel":"No data","areaKm2":5.633045,"centerLat":8.05199,"centerLng":125.293028,"geometrySource":"all_barangay-2.csv detailed WKT","geometryMatchMethod":"unique_official_admin_names","boundaryPointCount":36},"geometry":{"type":"MultiPolygon","coordinates":[[[[125.322357,8.07037],[125.322617,8.0631],[125.317909,8.06184],[125.317863,8.03923],[125.318329,8.03602],[125.295021,8.03636],[125.295059,8.0338],[125.283081,8.0328],[125.282112,8.03409],[125.279747,8.03702],[125.280083,8.03771],[125.280006,8.03923],[125.280128,8.04119],[125.28035,8.04426],[125.280296,8.0464],[125.28083,8.04753],[125.281387,8.04812],[125.281448,8.04893],[125.281197,8.05015],[125.281471,8.05077],[125.281326,8.05218],[125.280243,8.05353],[125.279846,8.05434],[125.279579,8.05427],[125.279228,8.05416],[125.279259,8.08435],[125.287514,8.08568],[125.29644,8.08622],[125.296707,8.08606],[125.297821,8.08441],[125.298241,8.08309],[125.298347,8.08092],[125.298782,8.07908],[125.300163,8.07858],[125.300537,8.07235],[125.322357,8.07037]]]]}},{"type":"Feature","properties":{"ID_0":177,"ISO":"PHL","NAME_0":"Philippines","ID_1":10013,"NAME_1":"Bukidnon","ID_2":1001322,"NAME_2":"Cabanglasan","ID_3":1001322007,"NAME_3":"Paradise","NL_NAME_3":null,"VARNAME_3":null,"TYPE_3":"Barangay","ENGTYPE_3":"Village","PROVINCE":"Bukidnon","REGION":"Region X (Northern Mindanao)","id":"barangay-1001322007","name":"Paradise","barangayCode":"1001322007","population":null,"formattedPop":null,"densityCategory":"No data","vulnerabilityRating":"No data","healthRiskLevel":"No data","areaKm2":49.334939,"centerLat":8.014678,"centerLng":125.341283,"geometrySource":"all_barangay-2.csv detailed WKT","geometryMatchMethod":"unique_official_admin_names","boundaryPointCount":57},"geometry":{"type":"MultiPolygon","coordinates":[[[[125.330437,8.0427],[125.374527,8.04163],[125.381279,8.04223],[125.381477,8.03858],[125.379753,8.03716],[125.378372,8.03527],[125.37883,8.03296],[125.378593,8.03088],[125.377441,8.02955],[125.376007,8.02792],[125.375313,8.02563],[125.375198,8.02312],[125.375397,8.02043],[125.376617,8.0175],[125.377983,8.01604],[125.37896,8.01429],[125.379372,8.01196],[125.379593,8.01018],[125.38063,8.0085],[125.381844,8.00761],[125.383377,8.00567],[125.382927,8.00355],[125.382378,8.002],[125.381393,7.99956],[125.381737,7.99807],[125.382294,7.99609],[125.381653,7.98555],[125.356506,7.98868],[125.327271,7.98937],[125.322182,7.98949],[125.321907,7.98998],[125.323158,7.99166],[125.323013,7.99477],[125.322151,7.99609],[125.320824,7.99822],[125.320351,7.99961],[125.321297,8.00239],[125.323097,8.00407],[125.324188,8.00538],[125.324921,8.00675],[125.325607,8.0079],[125.327057,8.00888],[125.32933,8.00993],[125.330811,8.01061],[125.333153,8.01244],[125.333359,8.01429],[125.333183,8.01706],[125.333076,8.01934],[125.317947,8.02198],[125.318329,8.03602],[125.317863,8.03923],[125.32756,8.04037],[125.327873,8.04069],[125.328323,8.04108],[125.328972,8.04124],[125.330276,8.04185],[125.330437,8.0427]]]]}},{"type":"Feature","properties":{"ID_0":177,"ISO":"PHL","NAME_0":"Philippines","ID_1":10013,"NAME_1":"Bukidnon","ID_2":1001322,"NAME_2":"Cabanglasan","ID_3":1001322008,"NAME_3":"Poblacion","NL_NAME_3":null,"VARNAME_3":null,"TYPE_3":"Barangay","ENGTYPE_3":"Village","PROVINCE":"Bukidnon","REGION":"Region X (Northern Mindanao)","id":"barangay-1001322008","name":"Poblacion","barangayCode":"1001322008","population":null,"formattedPop":null,"densityCategory":"No data","vulnerabilityRating":"No data","healthRiskLevel":"No data","areaKm2":23.586693,"centerLat":8.107431,"centerLng":125.299492,"geometrySource":"all_barangay-2.csv detailed WKT","geometryMatchMethod":"unique_official_admin_names","boundaryPointCount":37},"geometry":{"type":"MultiPolygon","coordinates":[[[[125.326569,8.13412],[125.326118,8.11337],[125.326187,8.11009],[125.326843,8.10691],[125.326591,8.10655],[125.326553,8.10404],[125.32666,8.10127],[125.327057,8.09871],[125.325577,8.09844],[125.324753,8.07028],[125.322357,8.07037],[125.300537,8.07235],[125.300163,8.07858],[125.298782,8.07908],[125.298347,8.08092],[125.298241,8.08309],[125.297821,8.08441],[125.296707,8.08606],[125.29644,8.08622],[125.287514,8.08568],[125.287956,8.09361],[125.288887,8.09609],[125.288803,8.09847],[125.288727,8.09935],[125.288551,8.1002],[125.288162,8.10262],[125.287514,8.10522],[125.286636,8.10655],[125.286217,8.10717],[125.295418,8.10669],[125.296494,8.11844],[125.302757,8.11956],[125.302048,8.1256],[125.287537,8.12589],[125.286797,8.13422],[125.314056,8.13431],[125.326569,8.13412]]]]}},{"type":"Feature","properties":{"ID_0":177,"ISO":"PHL","NAME_0":"Philippines","ID_1":10013,"NAME_1":"Bukidnon","ID_2":1001322,"NAME_2":"Cabanglasan","ID_3":1001322009,"NAME_3":"Anlogan","NL_NAME_3":null,"VARNAME_3":null,"TYPE_3":"Barangay","ENGTYPE_3":"Village","PROVINCE":"Bukidnon","REGION":"Region X (Northern Mindanao)","id":"barangay-1001322009","name":"Anlogan","barangayCode":"1001322009","population":null,"formattedPop":null,"densityCategory":"No data","vulnerabilityRating":"No data","healthRiskLevel":"No data","areaKm2":5.821408,"centerLat":8.046909,"centerLng":125.311026,"geometrySource":"all_barangay-2.csv detailed WKT","geometryMatchMethod":"unique_official_admin_names","boundaryPointCount":27},"geometry":{"type":"MultiPolygon","coordinates":[[[[125.324753,8.07028],[125.327301,8.0699],[125.327026,8.05927],[125.33297,8.0587],[125.333908,8.05586],[125.334122,8.05477],[125.333961,8.05269],[125.333099,8.04993],[125.333,8.04919],[125.333748,8.04691],[125.334396,8.04535],[125.331787,8.04491],[125.331833,8.04579],[125.331177,8.04581],[125.330437,8.04494],[125.33007,8.04301],[125.330437,8.0427],[125.330276,8.04185],[125.328972,8.04124],[125.328323,8.04108],[125.327873,8.04069],[125.32756,8.04037],[125.317863,8.03923],[125.317909,8.06184],[125.322617,8.0631],[125.322357,8.07037],[125.324753,8.07028]]]]}},{"type":"Feature","properties":{"ID_0":177,"ISO":"PHL","NAME_0":"Philippines","ID_1":10013,"NAME_1":"Bukidnon","ID_2":1001322,"NAME_2":"Cabanglasan","ID_3":1001322010,"NAME_3":"Capinonan","NL_NAME_3":null,"VARNAME_3":null,"TYPE_3":"Barangay","ENGTYPE_3":"Village","PROVINCE":"Bukidnon","REGION":"Region X (Northern Mindanao)","id":"barangay-1001322010","name":"Capinonan","barangayCode":"1001322010","population":null,"formattedPop":null,"densityCategory":"No data","vulnerabilityRating":"No data","healthRiskLevel":"No data","areaKm2":18.744597,"centerLat":8.083362,"centerLng":125.259194,"geometrySource":"all_barangay-2.csv detailed WKT","geometryMatchMethod":"unique_official_admin_names","boundaryPointCount":29},"geometry":{"type":"MultiPolygon","coordinates":[[[[125.287514,8.08568],[125.279259,8.08435],[125.279228,8.05416],[125.277748,8.05454],[125.276772,8.05611],[125.274963,8.05811],[125.27404,8.0588],[125.272568,8.06008],[125.271294,8.06065],[125.268959,8.0626],[125.266777,8.06504],[125.265106,8.06682],[125.263107,8.06825],[125.26165,8.06851],[125.25959,8.06905],[125.257317,8.07045],[125.256142,8.07122],[125.2528,8.07284],[125.250999,8.07373],[125.246811,8.07567],[125.242706,8.07699],[125.238289,8.07852],[125.23584,8.07951],[125.234138,8.07996],[125.232964,8.08052],[125.233498,8.09456],[125.261574,8.08214],[125.287956,8.09361],[125.287514,8.08568]]]]}},{"type":"Feature","properties":{"ID_0":177,"ISO":"PHL","NAME_0":"Philippines","ID_1":10013,"NAME_1":"Bukidnon","ID_2":1001322,"NAME_2":"Cabanglasan","ID_3":1001322011,"NAME_3":"Dalacutan","NL_NAME_3":null,"VARNAME_3":null,"TYPE_3":"Barangay","ENGTYPE_3":"Village","PROVINCE":"Bukidnon","REGION":"Region X (Northern Mindanao)","id":"barangay-1001322011","name":"Dalacutan","barangayCode":"1001322011","population":null,"formattedPop":null,"densityCategory":"No data","vulnerabilityRating":"No data","healthRiskLevel":"No data","areaKm2":9.612241,"centerLat":8.135865,"centerLng":125.273302,"geometrySource":"all_barangay-2.csv detailed WKT","geometryMatchMethod":"unique_official_admin_names","boundaryPointCount":24},"geometry":{"type":"MultiPolygon","coordinates":[[[[125.286797,8.13422],[125.287537,8.12589],[125.302048,8.1256],[125.302757,8.11956],[125.296494,8.11844],[125.295418,8.10669],[125.286217,8.10717],[125.285316,8.10762],[125.283417,8.10722],[125.28241,8.107],[125.279839,8.10778],[125.27787,8.10863],[125.276688,8.10924],[125.275978,8.11128],[125.275078,8.11312],[125.273888,8.11506],[125.273483,8.11582],[125.272293,8.11821],[125.271957,8.11901],[125.271858,8.11984],[125.270683,8.12117],[125.270607,8.1213],[125.271179,8.13371],[125.286797,8.13422]]]]}},{"type":"Feature","properties":{"ID_0":177,"ISO":"PHL","NAME_0":"Philippines","ID_1":10013,"NAME_1":"Bukidnon","ID_2":1001322,"NAME_2":"Cabanglasan","ID_3":1001322012,"NAME_3":"Freedom","NL_NAME_3":null,"VARNAME_3":null,"TYPE_3":"Barangay","ENGTYPE_3":"Village","PROVINCE":"Bukidnon","REGION":"Region X (Northern Mindanao)","id":"barangay-1001322012","name":"Freedom","barangayCode":"1001322012","population":null,"formattedPop":null,"densityCategory":"No data","vulnerabilityRating":"No data","healthRiskLevel":"No data","areaKm2":4.839312,"centerLat":8.119745,"centerLng":125.250023,"geometrySource":"all_barangay-2.csv detailed WKT","geometryMatchMethod":"unique_official_admin_names","boundaryPointCount":26},"geometry":{"type":"MultiPolygon","coordinates":[[[[125.271179,8.13371],[125.270607,8.1213],[125.270683,8.12117],[125.271858,8.11984],[125.271957,8.11901],[125.272293,8.11821],[125.273483,8.11582],[125.273888,8.11506],[125.275078,8.11312],[125.275978,8.11128],[125.276688,8.10924],[125.268318,8.10816],[125.264076,8.10547],[125.260246,8.10362],[125.257797,8.10255],[125.252289,8.10026],[125.247879,8.09894],[125.245277,8.09807],[125.241592,8.09676],[125.238617,8.09589],[125.233498,8.09456],[125.230797,8.10438],[125.236366,8.11283],[125.237717,8.11416],[125.24514,8.13402],[125.271179,8.13371]]]]}},{"type":"Feature","properties":{"ID_0":177,"ISO":"PHL","NAME_0":"Philippines","ID_1":10013,"NAME_1":"Bukidnon","ID_2":1001322,"NAME_2":"Cabanglasan","ID_3":1001322013,"NAME_3":"Mandahikan","NL_NAME_3":null,"VARNAME_3":null,"TYPE_3":"Barangay","ENGTYPE_3":"Village","PROVINCE":"Bukidnon","REGION":"Region X (Northern Mindanao)","id":"barangay-1001322013","name":"Mandahikan","barangayCode":"1001322013","population":null,"formattedPop":null,"densityCategory":"No data","vulnerabilityRating":"No data","healthRiskLevel":"No data","areaKm2":17.385832,"centerLat":8.052558,"centerLng":125.362479,"geometrySource":"all_barangay-2.csv detailed WKT","geometryMatchMethod":"unique_official_admin_names","boundaryPointCount":30},"geometry":{"type":"MultiPolygon","coordinates":[[[[125.38707,8.06828],[125.387093,8.0658],[125.38665,8.0624],[125.381783,8.05786],[125.378578,8.05453],[125.381279,8.04223],[125.374527,8.04163],[125.330437,8.0427],[125.33007,8.04301],[125.330437,8.04494],[125.331177,8.04581],[125.331833,8.04579],[125.331787,8.04491],[125.334396,8.04535],[125.333748,8.04691],[125.333,8.04919],[125.333099,8.04993],[125.333961,8.05269],[125.334122,8.05477],[125.333908,8.05586],[125.33297,8.0587],[125.33252,8.05962],[125.331047,8.06118],[125.330147,8.06068],[125.329483,8.06105],[125.3293,8.06283],[125.329849,8.0646],[125.330627,8.06653],[125.33136,8.06764],[125.38707,8.06828]]]]}},{"type":"Feature","properties":{"ID_0":177,"ISO":"PHL","NAME_0":"Philippines","ID_1":10013,"NAME_1":"Bukidnon","ID_2":1001322,"NAME_2":"Cabanglasan","ID_3":1001322014,"NAME_3":"Mauswagon","NL_NAME_3":null,"VARNAME_3":null,"TYPE_3":"Barangay","ENGTYPE_3":"Village","PROVINCE":"Bukidnon","REGION":"Region X (Northern Mindanao)","id":"barangay-1001322014","name":"Mauswagon","barangayCode":"1001322014","population":null,"formattedPop":null,"densityCategory":"No data","vulnerabilityRating":"No data","healthRiskLevel":"No data","areaKm2":16.298811,"centerLat":8.104445,"centerLng":125.258505,"geometrySource":"all_barangay-2.csv detailed WKT","geometryMatchMethod":"unique_official_admin_names","boundaryPointCount":27},"geometry":{"type":"MultiPolygon","coordinates":[[[[125.276688,8.10924],[125.27787,8.10863],[125.279839,8.10778],[125.28241,8.107],[125.283417,8.10722],[125.285316,8.10762],[125.286217,8.10717],[125.286636,8.10655],[125.287514,8.10522],[125.288162,8.10262],[125.288551,8.1002],[125.288727,8.09935],[125.288803,8.09847],[125.288887,8.09609],[125.287956,8.09361],[125.261574,8.08214],[125.233498,8.09456],[125.238617,8.09589],[125.241592,8.09676],[125.245277,8.09807],[125.247879,8.09894],[125.252289,8.10026],[125.257797,8.10255],[125.260246,8.10362],[125.264076,8.10547],[125.268318,8.10816],[125.276688,8.10924]]]]}},{"type":"Feature","properties":{"ID_0":177,"ISO":"PHL","NAME_0":"Philippines","ID_1":10013,"NAME_1":"Bukidnon","ID_2":1001322,"NAME_2":"Cabanglasan","ID_3":1001322015,"NAME_3":"Jasaan","NL_NAME_3":null,"VARNAME_3":null,"TYPE_3":"Barangay","ENGTYPE_3":"Village","PROVINCE":"Bukidnon","REGION":"Region X (Northern Mindanao)","id":"barangay-1001322015","name":"Jasaan","barangayCode":"1001322015","population":null,"formattedPop":null,"densityCategory":"No data","vulnerabilityRating":"No data","healthRiskLevel":"No data","areaKm2":9.441092,"centerLat":7.982264,"centerLng":125.29652,"geometrySource":"all_barangay-2.csv detailed WKT","geometryMatchMethod":"unique_official_admin_names","boundaryPointCount":47},"geometry":{"type":"MultiPolygon","coordinates":[[[[125.295197,8.0043],[125.301308,8.01662],[125.317947,8.02198],[125.333076,8.01934],[125.333183,8.01706],[125.333359,8.01429],[125.333153,8.01244],[125.330811,8.01061],[125.32933,8.00993],[125.327057,8.00888],[125.325607,8.0079],[125.324921,8.00675],[125.324188,8.00538],[125.323097,8.00407],[125.321297,8.00239],[125.320351,7.99961],[125.320824,7.99822],[125.322151,7.99609],[125.323013,7.99477],[125.323158,7.99166],[125.321907,7.98998],[125.321114,7.99031],[125.320328,7.99177],[125.317863,7.99278],[125.316261,7.99253],[125.315071,7.99229],[125.313698,7.99149],[125.312912,7.9908],[125.311317,7.99045],[125.31031,7.99078],[125.308731,7.99111],[125.307159,7.98961],[125.306473,7.99013],[125.305748,7.99145],[125.305099,7.99162],[125.304863,7.99264],[125.30423,7.99398],[125.303574,7.99474],[125.303062,7.99574],[125.302597,7.9965],[125.301682,7.99773],[125.301071,7.99847],[125.300117,7.99998],[125.298927,8.00098],[125.296997,8.00224],[125.296066,8.00346],[125.295197,8.0043]]]]}}]}
