{"type":"FeatureCollection","features":[{"type":"Feature","properties":{"ID_0":177,"ISO":"PHL","NAME_0":"Philippines","ID_1":6006,"NAME_1":"Antique","ID_2":600601,"NAME_2":"Anini-y","ID_3":600601001,"NAME_3":"Bayo Grande","NL_NAME_3":null,"VARNAME_3":null,"TYPE_3":"Barangay","ENGTYPE_3":"Village","PROVINCE":"Antique","REGION":"Region VI (Western Visayas)","id":"barangay-0600601001","name":"Bayo Grande","barangayCode":"0600601001","population":null,"formattedPop":null,"densityCategory":"No data","vulnerabilityRating":"No data","healthRiskLevel":"No data","areaKm2":1.8317,"centerLat":10.466345,"centerLng":121.923448,"geometrySource":"all_barangay-2.csv detailed WKT","geometryMatchMethod":"unique_official_admin_names","boundaryPointCount":45},"geometry":{"type":"MultiPolygon","coordinates":[[[[121.917236,10.47709],[121.92205,10.47708],[121.931877,10.47158],[121.930122,10.46293],[121.914429,10.46133],[121.914352,10.46148],[121.914169,10.46186],[121.913986,10.46224],[121.913979,10.46263],[121.913979,10.46304],[121.913803,10.46351],[121.913834,10.46418],[121.914101,10.4648],[121.914253,10.46536],[121.914452,10.46577],[121.91468,10.4661],[121.914917,10.46639],[121.915192,10.46667],[121.915497,10.46694],[121.915848,10.46724],[121.917,10.46797],[121.918182,10.46852],[121.918457,10.46873],[121.918808,10.46914],[121.919159,10.46984],[121.919159,10.47004],[121.919159,10.47032],[121.919083,10.47047],[121.919022,10.4706],[121.918739,10.47108],[121.918671,10.4717],[121.918533,10.47195],[121.918442,10.4721],[121.918213,10.47265],[121.918137,10.47334],[121.918083,10.47388],[121.917969,10.47437],[121.917778,10.47477],[121.917526,10.47509],[121.917252,10.47532],[121.917007,10.47556],[121.916901,10.47585],[121.916946,10.47638],[121.917107,10.47678],[121.917236,10.47709]]]]}},{"type":"Feature","properties":{"ID_0":177,"ISO":"PHL","NAME_0":"Philippines","ID_1":6006,"NAME_1":"Antique","ID_2":600601,"NAME_2":"Anini-y","ID_3":600601002,"NAME_3":"Bayo Pequeño","NL_NAME_3":null,"VARNAME_3":"Bayo Pequeno","TYPE_3":"Barangay","ENGTYPE_3":"Village","PROVINCE":"Antique","REGION":"Region VI (Western Visayas)","id":"barangay-0600601002","name":"Bayo Pequeño","barangayCode":"0600601002","population":null,"formattedPop":null,"densityCategory":"No data","vulnerabilityRating":"No data","healthRiskLevel":"No data","areaKm2":1.267634,"centerLat":10.4584,"centerLng":121.923023,"geometrySource":"barangays.geojson simplified fallback","geometryMatchMethod":"simplified_fallback","boundaryPointCount":5},"geometry":{"type":"Polygon","coordinates":[[[121.933094965,10.460117706000062],[121.92731895200006,10.456130006000024],[121.91483692300005,10.452839037000047],[121.91525246100002,10.460753758000067],[121.933094965,10.460117706000062]]]}},{"type":"Feature","properties":{"ID_0":177,"ISO":"PHL","NAME_0":"Philippines","ID_1":6006,"NAME_1":"Antique","ID_2":600601,"NAME_2":"Anini-y","ID_3":600601004,"NAME_3":"Butuan","NL_NAME_3":null,"VARNAME_3":null,"TYPE_3":"Barangay","ENGTYPE_3":"Village","PROVINCE":"Antique","REGION":"Region VI (Western Visayas)","id":"barangay-0600601004","name":"Butuan","barangayCode":"0600601004","population":null,"formattedPop":null,"densityCategory":"No data","vulnerabilityRating":"No data","healthRiskLevel":"No data","areaKm2":1.517957,"centerLat":10.430044,"centerLng":121.932553,"geometrySource":"all_barangay-2.csv detailed WKT","geometryMatchMethod":"unique_official_admin_names","boundaryPointCount":101},"geometry":{"type":"MultiPolygon","coordinates":[[[[121.920853,10.42076],[121.921066,10.42048],[121.921494,10.42034],[121.921692,10.4202],[121.922333,10.41985],[121.922546,10.41956],[121.922768,10.41927],[121.922981,10.41887],[121.922768,10.41825],[121.922768,10.41784],[121.922699,10.41763],[121.922279,10.41708],[121.92186,10.4168],[121.921516,10.41653],[121.921516,10.41535],[121.921303,10.41507],[121.920753,10.41507],[121.92054,10.41514],[121.920052,10.41521],[121.919769,10.41521],[121.919563,10.41494],[121.91935,10.41494],[121.919067,10.41514],[121.918861,10.41535],[121.918716,10.4159],[121.918518,10.41618],[121.918098,10.41625],[121.917259,10.41625],[121.917053,10.41618],[121.91684,10.41618],[121.916702,10.4161],[121.916397,10.41638],[121.916229,10.4168],[121.916473,10.41734],[121.916946,10.41783],[121.917717,10.41827],[121.918068,10.41854],[121.918419,10.41882],[121.918762,10.41951],[121.918694,10.42007],[121.918617,10.42048],[121.918617,10.42062],[121.918907,10.42076],[121.919319,10.42076],[121.919807,10.42062],[121.920357,10.42076],[121.920853,10.42076]]],[[[121.940002,10.43613],[121.943108,10.43336],[121.935806,10.42458],[121.935791,10.42453],[121.935707,10.42458],[121.935417,10.42485],[121.935081,10.42509],[121.934807,10.42539],[121.93454,10.42567],[121.934273,10.42588],[121.933998,10.42611],[121.933647,10.4263],[121.933167,10.42632],[121.932564,10.42641],[121.932129,10.42638],[121.931793,10.42653],[121.931488,10.42681],[121.931183,10.4271],[121.930862,10.42737],[121.930473,10.42756],[121.930069,10.42778],[121.929649,10.42799],[121.929153,10.4281],[121.928719,10.42833],[121.928284,10.42854],[121.927834,10.42872],[121.927521,10.4289],[121.92762,10.4291],[121.927597,10.42965],[121.927567,10.43035],[121.927437,10.43065],[121.927528,10.43137],[121.92807,10.43192],[121.928467,10.43245],[121.92865,10.43286],[121.928642,10.43407],[121.928802,10.43435],[121.928841,10.43442],[121.928902,10.43453],[121.929314,10.43465],[121.929893,10.43458],[121.930481,10.43516],[121.931038,10.43515],[121.931732,10.43526],[121.932343,10.43596],[121.932533,10.43611],[121.932716,10.43626],[121.932983,10.43628],[121.933472,10.43633],[121.933929,10.43722],[121.93457,10.43818],[121.935448,10.43874],[121.936272,10.43946],[121.940002,10.43613]]]]}},{"type":"Feature","properties":{"ID_0":177,"ISO":"PHL","NAME_0":"Philippines","ID_1":6006,"NAME_1":"Antique","ID_2":600601,"NAME_2":"Anini-y","ID_3":600601005,"NAME_3":"Casay","NL_NAME_3":null,"VARNAME_3":null,"TYPE_3":"Barangay","ENGTYPE_3":"Village","PROVINCE":"Antique","REGION":"Region VI (Western Visayas)","id":"barangay-0600601005","name":"Casay","barangayCode":"0600601005","population":null,"formattedPop":null,"densityCategory":"No data","vulnerabilityRating":"No data","healthRiskLevel":"No data","areaKm2":1.521953,"centerLat":10.443775,"centerLng":121.988743,"geometrySource":"all_barangay-2.csv detailed WKT","geometryMatchMethod":"unique_official_admin_names","boundaryPointCount":86},"geometry":{"type":"MultiPolygon","coordinates":[[[[121.991524,10.45615],[121.992737,10.44625],[121.992363,10.44493],[121.99234,10.44369],[121.992569,10.4425],[121.994377,10.44108],[121.995323,10.43962],[121.996117,10.43866],[121.996582,10.43743],[121.996399,10.43714],[121.996231,10.43659],[121.996017,10.43638],[121.995811,10.43596],[121.995399,10.43562],[121.994911,10.43541],[121.994766,10.43527],[121.99485,10.43547],[121.994781,10.43569],[121.994667,10.43585],[121.994347,10.43587],[121.993973,10.43585],[121.993767,10.43599],[121.993439,10.43632],[121.993187,10.43647],[121.992683,10.43695],[121.992493,10.4372],[121.992599,10.43735],[121.992943,10.43789],[121.99334,10.43826],[121.993568,10.43852],[121.993797,10.4392],[121.994072,10.43951],[121.994133,10.44009],[121.994049,10.44041],[121.99398,10.44055],[121.993752,10.44057],[121.993446,10.4406],[121.993301,10.44052],[121.992943,10.44041],[121.992249,10.44076],[121.991669,10.44052],[121.991188,10.44018],[121.991089,10.44026],[121.990501,10.44012],[121.989754,10.43952],[121.989288,10.4393],[121.988907,10.43914],[121.988319,10.43877],[121.987679,10.43859],[121.986794,10.43858],[121.986122,10.43875],[121.98539,10.4393],[121.985809,10.43973],[121.986649,10.43994],[121.987083,10.4404],[121.987282,10.44072],[121.987259,10.44147],[121.987213,10.44232],[121.987267,10.44255],[121.987038,10.44271],[121.986389,10.44238],[121.985802,10.44181],[121.985199,10.44159],[121.985046,10.44183],[121.984596,10.44186],[121.984108,10.4418],[121.983673,10.44198],[121.9832,10.4424],[121.982918,10.443],[121.982986,10.44355],[121.983467,10.44356],[121.984077,10.44377],[121.984306,10.44412],[121.984261,10.44508],[121.983879,10.44641],[121.983521,10.4469],[121.982887,10.44721],[121.982521,10.44695],[121.982033,10.44671],[121.981728,10.44676],[121.981239,10.44719],[121.981247,10.44787],[121.980881,10.4479],[121.984657,10.4516],[121.987541,10.4529],[121.991524,10.45615]]]]}},{"type":"Feature","properties":{"ID_0":177,"ISO":"PHL","NAME_0":"Philippines","ID_1":6006,"NAME_1":"Antique","ID_2":600601,"NAME_2":"Anini-y","ID_3":600601006,"NAME_3":"Casay Viejo","NL_NAME_3":null,"VARNAME_3":null,"TYPE_3":"Barangay","ENGTYPE_3":"Village","PROVINCE":"Antique","REGION":"Region VI (Western Visayas)","id":"barangay-0600601006","name":"Casay Viejo","barangayCode":"0600601006","population":null,"formattedPop":null,"densityCategory":"No data","vulnerabilityRating":"No data","healthRiskLevel":"No data","areaKm2":0.503173,"centerLat":10.44501,"centerLng":121.995215,"geometrySource":"all_barangay-2.csv detailed WKT","geometryMatchMethod":"unique_official_admin_names","boundaryPointCount":62},"geometry":{"type":"MultiPolygon","coordinates":[[[[121.998077,10.45939],[121.998489,10.4588],[121.998978,10.45774],[121.999352,10.45681],[121.999687,10.45585],[121.999733,10.45473],[121.999184,10.45406],[121.998894,10.45369],[121.999184,10.45332],[121.999779,10.45353],[122.000076,10.45374],[122.000366,10.45393],[122.000648,10.45365],[122.000664,10.45347],[122.000557,10.45306],[121.999908,10.45225],[121.999603,10.45169],[121.999458,10.45068],[121.998558,10.45038],[121.997337,10.45014],[121.997673,10.44911],[121.998299,10.44878],[121.998444,10.44875],[121.998627,10.44761],[121.998268,10.44721],[121.997566,10.44686],[121.997169,10.44597],[121.997124,10.44538],[121.99736,10.44496],[121.997704,10.44472],[121.998253,10.4447],[121.998611,10.44472],[121.998802,10.4445],[121.998932,10.44368],[121.999092,10.44305],[121.999077,10.44232],[121.999092,10.44185],[121.998619,10.44146],[121.99884,10.44107],[121.998909,10.44081],[121.998993,10.44062],[121.999077,10.44022],[121.999123,10.44015],[121.99852,10.44006],[121.9981,10.43978],[121.997612,10.43936],[121.997467,10.43902],[121.997192,10.43833],[121.99678,10.43777],[121.996582,10.43743],[121.996117,10.43866],[121.995323,10.43962],[121.994377,10.44108],[121.992569,10.4425],[121.99234,10.44369],[121.992363,10.44493],[121.992737,10.44625],[121.991524,10.45615],[121.996712,10.45861],[121.997169,10.45877],[121.997627,10.4591],[121.998077,10.45939]]]]}},{"type":"Feature","properties":{"ID_0":177,"ISO":"PHL","NAME_0":"Philippines","ID_1":6006,"NAME_1":"Antique","ID_2":600601,"NAME_2":"Anini-y","ID_3":600601007,"NAME_3":"Iba","NL_NAME_3":null,"VARNAME_3":null,"TYPE_3":"Barangay","ENGTYPE_3":"Village","PROVINCE":"Antique","REGION":"Region VI (Western Visayas)","id":"barangay-0600601007","name":"Iba","barangayCode":"0600601007","population":null,"formattedPop":null,"densityCategory":"No data","vulnerabilityRating":"No data","healthRiskLevel":"No data","areaKm2":2.461173,"centerLat":10.448156,"centerLng":122.00593,"geometrySource":"all_barangay-2.csv detailed WKT","geometryMatchMethod":"unique_official_admin_names","boundaryPointCount":90},"geometry":{"type":"MultiPolygon","coordinates":[[[[122.007233,10.46693],[122.0168,10.44988],[122.016678,10.44969],[122.016457,10.44918],[122.016327,10.4486],[122.016098,10.4481],[122.0158,10.44765],[122.015442,10.44728],[122.014992,10.44697],[122.014442,10.44673],[122.013809,10.4466],[122.013222,10.44634],[122.012733,10.44599],[122.012398,10.44574],[122.012154,10.44547],[122.011971,10.4452],[122.011833,10.44489],[122.011642,10.44457],[122.011383,10.44423],[122.011009,10.4436],[122.010658,10.44297],[122.010094,10.44249],[122.009377,10.4423],[122.008682,10.44216],[122.008041,10.44193],[122.007446,10.44167],[122.00692,10.44139],[122.006439,10.44111],[122.00602,10.44085],[122.005547,10.44056],[122.004723,10.44056],[122.004448,10.44083],[122.003883,10.44083],[122.003609,10.44083],[122.003433,10.44101],[122.003326,10.44111],[122.003052,10.44111],[122.002777,10.44139],[122.00222,10.44139],[122.001953,10.44111],[122.001389,10.44111],[122.001106,10.44083],[122.0,10.44083],[121.999634,10.44046],[121.99939,10.44036],[121.999207,10.44017],[121.999123,10.44015],[121.999077,10.44022],[121.998993,10.44062],[121.998909,10.44081],[121.99884,10.44107],[121.998619,10.44146],[121.999092,10.44185],[121.999077,10.44232],[121.999092,10.44305],[121.998932,10.44368],[121.998802,10.4445],[121.998611,10.44472],[121.998253,10.4447],[121.997704,10.44472],[121.99736,10.44496],[121.997124,10.44538],[121.997169,10.44597],[121.997566,10.44686],[121.998268,10.44721],[121.998627,10.44761],[121.998444,10.44875],[121.998299,10.44878],[121.997673,10.44911],[121.997337,10.45014],[121.998558,10.45038],[121.999458,10.45068],[121.999603,10.45169],[121.999908,10.45225],[122.000557,10.45306],[122.000664,10.45347],[122.000648,10.45365],[122.000366,10.45393],[122.000076,10.45374],[121.999779,10.45353],[121.999184,10.45332],[121.998894,10.45369],[121.999184,10.45406],[121.999733,10.45473],[121.999687,10.45585],[121.999352,10.45681],[121.998978,10.45774],[121.998489,10.4588],[121.998077,10.45939],[122.007233,10.46693]]]]}},{"type":"Feature","properties":{"ID_0":177,"ISO":"PHL","NAME_0":"Philippines","ID_1":6006,"NAME_1":"Antique","ID_2":600601,"NAME_2":"Anini-y","ID_3":600601008,"NAME_3":"Igbarabatuan","NL_NAME_3":null,"VARNAME_3":null,"TYPE_3":"Barangay","ENGTYPE_3":"Village","PROVINCE":"Antique","REGION":"Region VI (Western Visayas)","id":"barangay-0600601008","name":"Igbarabatuan","barangayCode":"0600601008","population":null,"formattedPop":null,"densityCategory":"No data","vulnerabilityRating":"No data","healthRiskLevel":"No data","areaKm2":1.594778,"centerLat":10.450289,"centerLng":121.977646,"geometrySource":"all_barangay-2.csv detailed WKT","geometryMatchMethod":"unique_official_admin_names","boundaryPointCount":51},"geometry":{"type":"MultiPolygon","coordinates":[[[[121.979942,10.44765],[121.973427,10.44275],[121.973122,10.44242],[121.972557,10.44168],[121.972649,10.44137],[121.972137,10.44095],[121.971703,10.43995],[121.97155,10.43912],[121.971474,10.43813],[121.971222,10.43758],[121.968643,10.43865],[121.968239,10.43943],[121.967911,10.44075],[121.967697,10.44224],[121.967506,10.44446],[121.967453,10.44632],[121.967499,10.4485],[121.967667,10.4497],[121.968224,10.45088],[121.969498,10.45289],[121.970871,10.45409],[121.972488,10.45509],[121.974693,10.45597],[121.97644,10.45677],[121.978371,10.45734],[121.979362,10.45791],[121.979874,10.45817],[121.98053,10.45837],[121.98085,10.45803],[121.980827,10.45757],[121.980873,10.45732],[121.981041,10.45681],[121.9814,10.45625],[121.981888,10.45589],[121.982582,10.45544],[121.98304,10.45512],[121.983223,10.45419],[121.982887,10.45402],[121.9823,10.45408],[121.981682,10.45414],[121.981323,10.45377],[121.980919,10.45325],[121.980682,10.45256],[121.979828,10.45164],[121.979149,10.45112],[121.9785,10.45057],[121.978523,10.45005],[121.978844,10.44967],[121.979301,10.44879],[121.979378,10.44829],[121.979942,10.44765]]]]}},{"type":"Feature","properties":{"ID_0":177,"ISO":"PHL","NAME_0":"Philippines","ID_1":6006,"NAME_1":"Antique","ID_2":600601,"NAME_2":"Anini-y","ID_3":600601009,"NAME_3":"Igpalge","NL_NAME_3":null,"VARNAME_3":null,"TYPE_3":"Barangay","ENGTYPE_3":"Village","PROVINCE":"Antique","REGION":"Region VI (Western Visayas)","id":"barangay-0600601009","name":"Igpalge","barangayCode":"0600601009","population":null,"formattedPop":null,"densityCategory":"No data","vulnerabilityRating":"No data","healthRiskLevel":"No data","areaKm2":2.070496,"centerLat":10.457493,"centerLng":121.986724,"geometrySource":"all_barangay-2.csv detailed WKT","geometryMatchMethod":"unique_official_admin_names","boundaryPointCount":64},"geometry":{"type":"MultiPolygon","coordinates":[[[[121.979897,10.47223],[121.980621,10.47317],[121.983147,10.47325],[121.985847,10.46549],[121.991211,10.46731],[121.991341,10.46693],[121.991898,10.46626],[121.991783,10.46534],[121.991943,10.46466],[121.9916,10.46424],[121.990837,10.46407],[121.990837,10.46322],[121.991524,10.45615],[121.987541,10.4529],[121.984657,10.4516],[121.980881,10.4479],[121.980453,10.44762],[121.980118,10.44747],[121.979942,10.44765],[121.979378,10.44829],[121.979301,10.44879],[121.978844,10.44967],[121.978523,10.45005],[121.9785,10.45057],[121.979149,10.45112],[121.979828,10.45164],[121.980682,10.45256],[121.980919,10.45325],[121.981323,10.45377],[121.981682,10.45414],[121.9823,10.45408],[121.982887,10.45402],[121.983223,10.45419],[121.98304,10.45512],[121.982582,10.45544],[121.981888,10.45589],[121.9814,10.45625],[121.981041,10.45681],[121.980873,10.45732],[121.980827,10.45757],[121.98085,10.45803],[121.98053,10.45837],[121.979874,10.45817],[121.979362,10.45791],[121.979179,10.45799],[121.979012,10.45818],[121.978973,10.45889],[121.978943,10.45958],[121.979134,10.46028],[121.978859,10.46072],[121.978371,10.46121],[121.978203,10.46155],[121.978188,10.46212],[121.977943,10.46298],[121.977509,10.46326],[121.976936,10.46337],[121.976463,10.46368],[121.976013,10.46397],[121.975533,10.46431],[121.976967,10.46749],[121.977654,10.46883],[121.978493,10.47041],[121.979172,10.47116],[121.979897,10.47223]]]]}},{"type":"Feature","properties":{"ID_0":177,"ISO":"PHL","NAME_0":"Philippines","ID_1":6006,"NAME_1":"Antique","ID_2":600601,"NAME_2":"Anini-y","ID_3":600601010,"NAME_3":"Igtumarom","NL_NAME_3":null,"VARNAME_3":null,"TYPE_3":"Barangay","ENGTYPE_3":"Village","PROVINCE":"Antique","REGION":"Region VI (Western Visayas)","id":"barangay-0600601010","name":"Igtumarom","barangayCode":"0600601010","population":null,"formattedPop":null,"densityCategory":"No data","vulnerabilityRating":"No data","healthRiskLevel":"No data","areaKm2":4.612932,"centerLat":10.456006,"centerLng":121.966654,"geometrySource":"all_barangay-2.csv detailed WKT","geometryMatchMethod":"unique_official_admin_names","boundaryPointCount":88},"geometry":{"type":"MultiPolygon","coordinates":[[[[121.975533,10.46431],[121.976013,10.46397],[121.976463,10.46368],[121.976936,10.46337],[121.977509,10.46326],[121.977943,10.46298],[121.978188,10.46212],[121.978203,10.46155],[121.978371,10.46121],[121.978859,10.46072],[121.979134,10.46028],[121.978943,10.45958],[121.978973,10.45889],[121.979012,10.45818],[121.979179,10.45799],[121.979362,10.45791],[121.978371,10.45734],[121.97644,10.45677],[121.974693,10.45597],[121.972488,10.45509],[121.970871,10.45409],[121.969498,10.45289],[121.968224,10.45088],[121.967667,10.4497],[121.967499,10.4485],[121.967453,10.44632],[121.967506,10.44446],[121.967697,10.44224],[121.967911,10.44075],[121.968239,10.43943],[121.968643,10.43865],[121.967987,10.43454],[121.967743,10.43468],[121.967567,10.43502],[121.966988,10.43597],[121.966743,10.43631],[121.966476,10.43658],[121.966049,10.43688],[121.965919,10.43707],[121.965363,10.43794],[121.96521,10.43847],[121.965561,10.43898],[121.96627,10.43931],[121.966652,10.43975],[121.966759,10.44045],[121.966721,10.44089],[121.966454,10.44111],[121.965912,10.44118],[121.965843,10.44115],[121.965279,10.44106],[121.96479,10.44142],[121.964882,10.44261],[121.964592,10.44293],[121.963997,10.44366],[121.963577,10.44408],[121.963081,10.44466],[121.963341,10.4449],[121.963898,10.44528],[121.963737,10.44545],[121.962982,10.44601],[121.962952,10.44636],[121.9627,10.44724],[121.962387,10.4477],[121.961967,10.44795],[121.961533,10.4483],[121.961098,10.44897],[121.960518,10.45006],[121.959892,10.4507],[121.958878,10.45141],[121.95842,10.45163],[121.958588,10.45192],[121.958809,10.45233],[121.958733,10.45303],[121.957947,10.45321],[121.957321,10.45369],[121.956734,10.45418],[121.956673,10.45475],[121.962181,10.46215],[121.963028,10.46199],[121.96479,10.46161],[121.966293,10.46155],[121.968422,10.46177],[121.968933,10.46202],[121.970802,10.46279],[121.972603,10.46314],[121.973602,10.46354],[121.974602,10.46425],[121.975533,10.46431]]]]}},{"type":"Feature","properties":{"ID_0":177,"ISO":"PHL","NAME_0":"Philippines","ID_1":6006,"NAME_1":"Antique","ID_2":600601,"NAME_2":"Anini-y","ID_3":600601011,"NAME_3":"Lisub A","NL_NAME_3":null,"VARNAME_3":null,"TYPE_3":"Barangay","ENGTYPE_3":"Village","PROVINCE":"Antique","REGION":"Region VI (Western Visayas)","id":"barangay-0600601011","name":"Lisub A","barangayCode":"0600601011","population":null,"formattedPop":null,"densityCategory":"No data","vulnerabilityRating":"No data","healthRiskLevel":"No data","areaKm2":1.113609,"centerLat":10.449472,"centerLng":121.926839,"geometrySource":"all_barangay-2.csv detailed WKT","geometryMatchMethod":"unique_official_admin_names","boundaryPointCount":85},"geometry":{"type":"MultiPolygon","coordinates":[[[[121.931847,10.46044],[121.933296,10.46],[121.93335,10.45958],[121.933067,10.45894],[121.932602,10.45822],[121.931427,10.4576],[121.931236,10.45682],[121.93119,10.45646],[121.930946,10.45605],[121.930656,10.45575],[121.929604,10.4545],[121.928749,10.4533],[121.928596,10.45288],[121.930008,10.45207],[121.930527,10.45185],[121.930847,10.45161],[121.930847,10.45053],[121.930252,10.44995],[121.929947,10.44972],[121.929443,10.44945],[121.929253,10.44907],[121.92926,10.44889],[121.928612,10.44815],[121.928658,10.44786],[121.928673,10.44747],[121.928543,10.44706],[121.927788,10.44634],[121.927353,10.44617],[121.926872,10.44614],[121.92643,10.44598],[121.926102,10.4457],[121.925613,10.44512],[121.925339,10.44413],[121.925377,10.44348],[121.925377,10.44252],[121.925522,10.44184],[121.925117,10.44153],[121.924667,10.44168],[121.924362,10.44192],[121.924072,10.44214],[121.923607,10.44211],[121.922958,10.44194],[121.9226,10.4416],[121.922249,10.44125],[121.921761,10.44108],[121.921181,10.44122],[121.920898,10.44139],[121.920464,10.44146],[121.920029,10.44146],[121.920052,10.44197],[121.919899,10.44255],[121.919693,10.44307],[121.919456,10.44352],[121.919189,10.44385],[121.91893,10.44414],[121.918777,10.44448],[121.918571,10.44475],[121.918327,10.44499],[121.918083,10.44521],[121.91777,10.44536],[121.917702,10.445392],[121.918518,10.44553],[121.918854,10.44573],[121.919258,10.44616],[121.919518,10.44667],[121.9198,10.44725],[121.919907,10.44744],[121.920311,10.44756],[121.920883,10.44735],[121.921417,10.44746],[121.921913,10.44797],[121.92231,10.4481],[121.923279,10.44824],[121.92421,10.44879],[121.924873,10.44953],[121.925797,10.4507],[121.926514,10.45194],[121.926933,10.45272],[121.927467,10.45345],[121.92791,10.45446],[121.928368,10.4558],[121.928391,10.45644],[121.928368,10.45716],[121.928223,10.45804],[121.931847,10.46044]]]]}},{"type":"Feature","properties":{"ID_0":177,"ISO":"PHL","NAME_0":"Philippines","ID_1":6006,"NAME_1":"Antique","ID_2":600601,"NAME_2":"Anini-y","ID_3":600601012,"NAME_3":"Lisub B","NL_NAME_3":null,"VARNAME_3":null,"TYPE_3":"Barangay","ENGTYPE_3":"Village","PROVINCE":"Antique","REGION":"Region VI (Western Visayas)","id":"barangay-0600601012","name":"Lisub B","barangayCode":"0600601012","population":null,"formattedPop":null,"densityCategory":"No data","vulnerabilityRating":"No data","healthRiskLevel":"No data","areaKm2":1.219435,"centerLat":10.451248,"centerLng":121.92101,"geometrySource":"all_barangay-2.csv detailed WKT","geometryMatchMethod":"unique_official_admin_names","boundaryPointCount":61},"geometry":{"type":"MultiPolygon","coordinates":[[[[121.928223,10.45804],[121.928368,10.45716],[121.928391,10.45644],[121.928368,10.4558],[121.92791,10.45446],[121.927467,10.45345],[121.926933,10.45272],[121.926514,10.45194],[121.925797,10.4507],[121.924873,10.44953],[121.92421,10.44879],[121.923279,10.44824],[121.92231,10.4481],[121.921913,10.44797],[121.921417,10.44746],[121.920883,10.44735],[121.920311,10.44756],[121.919907,10.44744],[121.9198,10.44725],[121.919518,10.44667],[121.919258,10.44616],[121.918854,10.44573],[121.918518,10.44553],[121.917702,10.445392],[121.917358,10.44556],[121.916969,10.44575],[121.91655,10.44582],[121.916092,10.44583],[121.915604,10.44583],[121.915138,10.44587],[121.914726,10.44607],[121.914337,10.44611],[121.913979,10.44611],[121.913612,10.44611],[121.913231,10.44611],[121.912849,10.44609],[121.912483,10.44608],[121.912117,10.44612],[121.911781,10.44625],[121.911583,10.44665],[121.911728,10.4474],[121.911957,10.44811],[121.912117,10.4484],[121.912277,10.44873],[121.912529,10.44904],[121.912697,10.44925],[121.913063,10.4498],[121.91317,10.44998],[121.913383,10.45034],[121.913567,10.45072],[121.913651,10.45087],[121.913902,10.45134],[121.914139,10.45177],[121.914284,10.4522],[121.914391,10.45265],[121.914383,10.45314],[121.914413,10.45363],[121.914436,10.4541],[121.914452,10.45418],[121.925652,10.45639],[121.928223,10.45804]]]]}},{"type":"Feature","properties":{"ID_0":177,"ISO":"PHL","NAME_0":"Philippines","ID_1":6006,"NAME_1":"Antique","ID_2":600601,"NAME_2":"Anini-y","ID_3":600601013,"NAME_3":"Mabuyong","NL_NAME_3":null,"VARNAME_3":null,"TYPE_3":"Barangay","ENGTYPE_3":"Village","PROVINCE":"Antique","REGION":"Region VI (Western Visayas)","id":"barangay-0600601013","name":"Mabuyong","barangayCode":"0600601013","population":null,"formattedPop":null,"densityCategory":"No data","vulnerabilityRating":"No data","healthRiskLevel":"No data","areaKm2":1.897853,"centerLat":10.438046,"centerLng":121.983845,"geometrySource":"all_barangay-2.csv detailed WKT","geometryMatchMethod":"unique_official_admin_names","boundaryPointCount":137},"geometry":{"type":"MultiPolygon","coordinates":[[[[121.980881,10.4479],[121.981247,10.44787],[121.981239,10.44719],[121.981728,10.44676],[121.982033,10.44671],[121.982521,10.44695],[121.982887,10.44721],[121.983521,10.4469],[121.983879,10.44641],[121.984261,10.44508],[121.984306,10.44412],[121.984077,10.44377],[121.983467,10.44356],[121.982986,10.44355],[121.982918,10.443],[121.9832,10.4424],[121.983673,10.44198],[121.984108,10.4418],[121.984596,10.44186],[121.985046,10.44183],[121.985199,10.44159],[121.985802,10.44181],[121.986389,10.44238],[121.987038,10.44271],[121.987267,10.44255],[121.987213,10.44232],[121.987259,10.44147],[121.987282,10.44072],[121.987083,10.4404],[121.986649,10.43994],[121.985809,10.43973],[121.98539,10.4393],[121.986122,10.43875],[121.986794,10.43858],[121.987679,10.43859],[121.988319,10.43877],[121.988907,10.43914],[121.989288,10.4393],[121.989754,10.43952],[121.990501,10.44012],[121.991089,10.44026],[121.991188,10.44018],[121.991669,10.44052],[121.992249,10.44076],[121.992943,10.44041],[121.993301,10.44052],[121.993446,10.4406],[121.993752,10.44057],[121.99398,10.44055],[121.994049,10.44041],[121.994133,10.44009],[121.994072,10.43951],[121.993797,10.4392],[121.993568,10.43852],[121.99334,10.43826],[121.992943,10.43789],[121.992599,10.43735],[121.992493,10.4372],[121.992683,10.43695],[121.993187,10.43647],[121.993439,10.43632],[121.993767,10.43599],[121.993973,10.43585],[121.994347,10.43587],[121.994667,10.43585],[121.994781,10.43569],[121.99485,10.43547],[121.994766,10.43527],[121.994492,10.435],[121.993927,10.43472],[121.993507,10.43454],[121.993446,10.43451],[121.992813,10.43424],[121.992401,10.4341],[121.992073,10.43407],[121.991493,10.43403],[121.990448,10.43354],[121.990028,10.43292],[121.989677,10.43258],[121.988838,10.43209],[121.987869,10.43168],[121.986893,10.43133],[121.985771,10.43085],[121.985283,10.43043],[121.984871,10.42995],[121.98481,10.4296],[121.984741,10.42922],[121.984543,10.42876],[121.984337,10.42828],[121.984016,10.42793],[121.983742,10.42777],[121.983528,10.42765],[121.983208,10.42749],[121.98291,10.42716],[121.982742,10.42702],[121.982384,10.42778],[121.982498,10.42813],[121.982536,10.42842],[121.982224,10.42934],[121.981743,10.42979],[121.981453,10.42983],[121.981163,10.42975],[121.980614,10.42987],[121.980408,10.43015],[121.979874,10.43059],[121.979637,10.43109],[121.979439,10.43192],[121.979393,10.43242],[121.979187,10.43315],[121.978462,10.434],[121.977814,10.43447],[121.977493,10.43494],[121.977676,10.43537],[121.977737,10.43599],[121.977493,10.43631],[121.977028,10.43647],[121.976318,10.43696],[121.975967,10.43745],[121.975952,10.43789],[121.975838,10.43848],[121.975723,10.43882],[121.975311,10.4392],[121.974854,10.4393],[121.974792,10.4394],[121.974632,10.43978],[121.974327,10.44006],[121.973778,10.4401],[121.973053,10.4404],[121.972816,10.44098],[121.972649,10.44137],[121.972557,10.44168],[121.973122,10.44242],[121.973427,10.44275],[121.979942,10.44765],[121.980118,10.44747],[121.980453,10.44762],[121.980881,10.4479]]]]}},{"type":"Feature","properties":{"ID_0":177,"ISO":"PHL","NAME_0":"Philippines","ID_1":6006,"NAME_1":"Antique","ID_2":600601,"NAME_2":"Anini-y","ID_3":600601014,"NAME_3":"Magdalena","NL_NAME_3":null,"VARNAME_3":null,"TYPE_3":"Barangay","ENGTYPE_3":"Village","PROVINCE":"Antique","REGION":"Region VI (Western Visayas)","id":"barangay-0600601014","name":"Magdalena","barangayCode":"0600601014","population":null,"formattedPop":null,"densityCategory":"No data","vulnerabilityRating":"No data","healthRiskLevel":"No data","areaKm2":2.884621,"centerLat":10.430137,"centerLng":121.974718,"geometrySource":"all_barangay-2.csv detailed WKT","geometryMatchMethod":"unique_official_admin_names","boundaryPointCount":77},"geometry":{"type":"MultiPolygon","coordinates":[[[[121.972649,10.44137],[121.972816,10.44098],[121.973053,10.4404],[121.973778,10.4401],[121.974327,10.44006],[121.974632,10.43978],[121.974792,10.4394],[121.974854,10.4393],[121.975311,10.4392],[121.975723,10.43882],[121.975838,10.43848],[121.975952,10.43789],[121.975967,10.43745],[121.976318,10.43696],[121.977028,10.43647],[121.977493,10.43631],[121.977737,10.43599],[121.977676,10.43537],[121.977493,10.43494],[121.977814,10.43447],[121.978462,10.434],[121.979187,10.43315],[121.979393,10.43242],[121.979439,10.43192],[121.979637,10.43109],[121.979874,10.43059],[121.980408,10.43015],[121.980614,10.42987],[121.981163,10.42975],[121.981453,10.42983],[121.981743,10.42979],[121.982224,10.42934],[121.982536,10.42842],[121.982498,10.42813],[121.982384,10.42778],[121.982742,10.42702],[121.98246,10.42679],[121.982117,10.4263],[121.981934,10.42586],[121.981873,10.42571],[121.981682,10.42522],[121.981392,10.4246],[121.981247,10.4243],[121.98111,10.424],[121.980827,10.42348],[121.980537,10.42306],[121.980148,10.42277],[121.979736,10.42251],[121.979301,10.42231],[121.978897,10.42212],[121.978531,10.42196],[121.97818,10.42184],[121.977821,10.42173],[121.977402,10.42159],[121.976967,10.42134],[121.976517,10.42102],[121.975952,10.42081],[121.975609,10.42068],[121.975121,10.4205],[121.974792,10.42036],[121.974503,10.42024],[121.974197,10.42018],[121.973877,10.42019],[121.972733,10.42033],[121.971962,10.4202],[121.971619,10.41992],[121.971558,10.41985],[121.96669,10.42895],[121.967323,10.43328],[121.967987,10.43454],[121.968643,10.43865],[121.971222,10.43758],[121.971474,10.43813],[121.97155,10.43912],[121.971703,10.43995],[121.972137,10.44095],[121.972649,10.44137]]]]}},{"type":"Feature","properties":{"ID_0":177,"ISO":"PHL","NAME_0":"Philippines","ID_1":6006,"NAME_1":"Antique","ID_2":600601,"NAME_2":"Anini-y","ID_3":600601015,"NAME_3":"Nasuli C","NL_NAME_3":null,"VARNAME_3":null,"TYPE_3":"Barangay","ENGTYPE_3":"Village","PROVINCE":"Antique","REGION":"Region VI (Western Visayas)","id":"barangay-0600601015","name":"Nasuli C","barangayCode":"0600601015","population":null,"formattedPop":null,"densityCategory":"No data","vulnerabilityRating":"No data","healthRiskLevel":"No data","areaKm2":2.542016,"centerLat":10.45894,"centerLng":122.000579,"geometrySource":"all_barangay-2.csv detailed WKT","geometryMatchMethod":"unique_official_admin_names","boundaryPointCount":35},"geometry":{"type":"MultiPolygon","coordinates":[[[[122.001068,10.4754],[122.003403,10.47589],[122.007362,10.47598],[122.013313,10.47688],[122.013733,10.47617],[122.013924,10.47444],[122.01429,10.47418],[122.007233,10.46693],[121.998077,10.45939],[121.997627,10.4591],[121.997169,10.45877],[121.996712,10.45861],[121.991524,10.45615],[121.990837,10.46322],[121.990837,10.46407],[121.9916,10.46424],[121.991943,10.46466],[121.991783,10.46534],[121.991898,10.46626],[121.991341,10.46693],[121.991211,10.46731],[121.985847,10.46549],[121.983147,10.47325],[121.983162,10.47599],[121.98452,10.47672],[121.985817,10.4772],[121.987587,10.47761],[121.988701,10.47783],[121.990601,10.47789],[121.99292,10.47738],[121.99453,10.47713],[121.995956,10.47647],[121.997368,10.47588],[121.999023,10.47548],[122.001068,10.4754]]]]}},{"type":"Feature","properties":{"ID_0":177,"ISO":"PHL","NAME_0":"Philippines","ID_1":6006,"NAME_1":"Antique","ID_2":600601,"NAME_2":"Anini-y","ID_3":600601016,"NAME_3":"Nato","NL_NAME_3":null,"VARNAME_3":null,"TYPE_3":"Barangay","ENGTYPE_3":"Village","PROVINCE":"Antique","REGION":"Region VI (Western Visayas)","id":"barangay-0600601016","name":"Nato","barangayCode":"0600601016","population":null,"formattedPop":null,"densityCategory":"No data","vulnerabilityRating":"No data","healthRiskLevel":"No data","areaKm2":1.732613,"centerLat":10.427342,"centerLng":121.943352,"geometrySource":"all_barangay-2.csv detailed WKT","geometryMatchMethod":"unique_official_admin_names","boundaryPointCount":40},"geometry":{"type":"MultiPolygon","coordinates":[[[[121.943108,10.43336],[121.951088,10.43395],[121.949501,10.41796],[121.949013,10.41806],[121.948517,10.41815],[121.948097,10.41814],[121.947723,10.41804],[121.947289,10.41816],[121.946693,10.41865],[121.946007,10.41871],[121.945343,10.41868],[121.944901,10.41889],[121.944527,10.41917],[121.94416,10.41945],[121.94381,10.41973],[121.943497,10.42001],[121.943222,10.42027],[121.942978,10.42052],[121.942688,10.42074],[121.942307,10.42087],[121.941872,10.42111],[121.941353,10.42134],[121.940811,10.4215],[121.940437,10.42182],[121.940277,10.42204],[121.94017,10.4222],[121.939911,10.42253],[121.93959,10.42279],[121.939247,10.42306],[121.938858,10.42332],[121.93837,10.42351],[121.937859,10.42366],[121.93737,10.42387],[121.93689,10.42406],[121.936432,10.42419],[121.936058,10.42438],[121.935959,10.42444],[121.935791,10.42453],[121.935806,10.42458],[121.943108,10.43336]]]]}},{"type":"Feature","properties":{"ID_0":177,"ISO":"PHL","NAME_0":"Philippines","ID_1":6006,"NAME_1":"Antique","ID_2":600601,"NAME_2":"Anini-y","ID_3":600601017,"NAME_3":"Poblacion","NL_NAME_3":null,"VARNAME_3":null,"TYPE_3":"Barangay","ENGTYPE_3":"Village","PROVINCE":"Antique","REGION":"Region VI (Western Visayas)","id":"barangay-0600601017","name":"Poblacion","barangayCode":"0600601017","population":null,"formattedPop":null,"densityCategory":"No data","vulnerabilityRating":"No data","healthRiskLevel":"No data","areaKm2":0.752644,"centerLat":10.436704,"centerLng":121.931013,"geometrySource":"all_barangay-2.csv detailed WKT","geometryMatchMethod":"unique_official_admin_names","boundaryPointCount":44},"geometry":{"type":"MultiPolygon","coordinates":[[[[121.936272,10.43946],[121.935448,10.43874],[121.93457,10.43818],[121.933929,10.43722],[121.933472,10.43633],[121.932983,10.43628],[121.932716,10.43626],[121.932533,10.43611],[121.932343,10.43596],[121.931732,10.43526],[121.931038,10.43515],[121.930481,10.43516],[121.929893,10.43458],[121.929314,10.43465],[121.928902,10.43453],[121.928841,10.43442],[121.928802,10.43435],[121.928642,10.43407],[121.92865,10.43286],[121.928467,10.43245],[121.92807,10.43192],[121.927528,10.43137],[121.927437,10.43065],[121.927567,10.43035],[121.927597,10.42965],[121.92762,10.4291],[121.927521,10.4289],[121.927399,10.42896],[121.926964,10.42912],[121.926521,10.42911],[121.926102,10.42899],[121.925743,10.42905],[121.925407,10.42918],[121.925087,10.42938],[121.924812,10.42969],[121.924454,10.43003],[121.924149,10.43045],[121.923866,10.43087],[121.923637,10.43131],[121.923561,10.43151],[121.927742,10.43673],[121.926964,10.43932],[121.932442,10.44318],[121.936272,10.43946]]]]}},{"type":"Feature","properties":{"ID_0":177,"ISO":"PHL","NAME_0":"Philippines","ID_1":6006,"NAME_1":"Antique","ID_2":600601,"NAME_2":"Anini-y","ID_3":600601018,"NAME_3":"Sagua","NL_NAME_3":null,"VARNAME_3":null,"TYPE_3":"Barangay","ENGTYPE_3":"Village","PROVINCE":"Antique","REGION":"Region VI (Western Visayas)","id":"barangay-0600601018","name":"Sagua","barangayCode":"0600601018","population":null,"formattedPop":null,"densityCategory":"No data","vulnerabilityRating":"No data","healthRiskLevel":"No data","areaKm2":0.444153,"centerLat":10.435585,"centerLng":121.92498,"geometrySource":"all_barangay-2.csv detailed WKT","geometryMatchMethod":"unique_official_admin_names","boundaryPointCount":18},"geometry":{"type":"MultiPolygon","coordinates":[[[[121.926964,10.43932],[121.927742,10.43673],[121.923561,10.43151],[121.923462,10.43175],[121.923264,10.43212],[121.922997,10.43243],[121.922691,10.43269],[121.92231,10.4329],[121.921921,10.43313],[121.921516,10.43329],[121.92115,10.43334],[121.920822,10.4334],[121.920532,10.4335],[121.920227,10.43364],[121.91993,10.43383],[121.919579,10.43404],[121.919243,10.43431],[121.926964,10.43932]]]]}},{"type":"Feature","properties":{"ID_0":177,"ISO":"PHL","NAME_0":"Philippines","ID_1":6006,"NAME_1":"Antique","ID_2":600601,"NAME_2":"Anini-y","ID_3":600601019,"NAME_3":"Salvacion","NL_NAME_3":null,"VARNAME_3":null,"TYPE_3":"Barangay","ENGTYPE_3":"Village","PROVINCE":"Antique","REGION":"Region VI (Western Visayas)","id":"barangay-0600601019","name":"Salvacion","barangayCode":"0600601019","population":null,"formattedPop":null,"densityCategory":"No data","vulnerabilityRating":"No data","healthRiskLevel":"No data","areaKm2":2.624764,"centerLat":10.424349,"centerLng":121.955009,"geometrySource":"all_barangay-2.csv detailed WKT","geometryMatchMethod":"unique_official_admin_names","boundaryPointCount":42},"geometry":{"type":"MultiPolygon","coordinates":[[[[121.951088,10.43395],[121.959908,10.43376],[121.960037,10.43313],[121.960327,10.43172],[121.960197,10.43021],[121.959923,10.42873],[121.96006,10.4276],[121.960472,10.42577],[121.961189,10.42468],[121.961647,10.42303],[121.961441,10.42104],[121.960876,10.41898],[121.960281,10.41756],[121.959633,10.4163],[121.958656,10.4145],[121.958366,10.41461],[121.957893,10.4147],[121.957474,10.41477],[121.95713,10.41495],[121.956787,10.41509],[121.956451,10.41523],[121.95607,10.41533],[121.955788,10.41556],[121.955482,10.41574],[121.955093,10.41581],[121.954697,10.41585],[121.954338,10.41595],[121.954018,10.41611],[121.953613,10.41622],[121.953011,10.41605],[121.952591,10.41609],[121.952377,10.41633],[121.952164,10.41657],[121.951897,10.4168],[121.951599,10.41699],[121.951279,10.41719],[121.950928,10.41737],[121.950523,10.41755],[121.950058,10.41774],[121.949547,10.41795],[121.949501,10.41796],[121.951088,10.43395]]]]}},{"type":"Feature","properties":{"ID_0":177,"ISO":"PHL","NAME_0":"Philippines","ID_1":6006,"NAME_1":"Antique","ID_2":600601,"NAME_2":"Anini-y","ID_3":600601020,"NAME_3":"San Francisco","NL_NAME_3":null,"VARNAME_3":null,"TYPE_3":"Barangay","ENGTYPE_3":"Village","PROVINCE":"Antique","REGION":"Region VI (Western Visayas)","id":"barangay-0600601020","name":"San Francisco","barangayCode":"0600601020","population":null,"formattedPop":null,"densityCategory":"No data","vulnerabilityRating":"No data","healthRiskLevel":"No data","areaKm2":4.108285,"centerLat":10.464043,"centerLng":122.017724,"geometrySource":"all_barangay-2.csv detailed WKT","geometryMatchMethod":"unique_official_admin_names","boundaryPointCount":59},"geometry":{"type":"MultiPolygon","coordinates":[[[[122.030113,10.46708],[122.030098,10.46698],[122.030197,10.4663],[122.030373,10.46567],[122.030403,10.46558],[122.03038,10.46485],[122.030357,10.46421],[122.030067,10.46371],[122.029648,10.46335],[122.029373,10.46312],[122.029266,10.46304],[122.028969,10.46272],[122.028717,10.46234],[122.028458,10.46193],[122.028168,10.46147],[122.02787,10.46097],[122.027496,10.46053],[122.027107,10.46011],[122.02668,10.45979],[122.026283,10.45949],[122.025902,10.45923],[122.025551,10.45894],[122.025208,10.45864],[122.024849,10.45833],[122.024498,10.458],[122.024193,10.45762],[122.023872,10.45725],[122.023514,10.45695],[122.023163,10.45667],[122.022812,10.45639],[122.022476,10.45609],[122.022118,10.45575],[122.021683,10.4554],[122.021248,10.455],[122.020828,10.45459],[122.020439,10.45421],[122.020073,10.45389],[122.019707,10.45359],[122.019386,10.45328],[122.019073,10.45295],[122.018723,10.45263],[122.018356,10.45231],[122.018059,10.45194],[122.017776,10.45157],[122.017532,10.4512],[122.017342,10.45082],[122.017174,10.45044],[122.01693,10.45009],[122.0168,10.44988],[122.007233,10.46693],[122.01429,10.47418],[122.022163,10.46871],[122.023956,10.46878],[122.025078,10.4687],[122.025909,10.46812],[122.027443,10.46807],[122.028503,10.46788],[122.029167,10.46752],[122.030113,10.46708]]]]}},{"type":"Feature","properties":{"ID_0":177,"ISO":"PHL","NAME_0":"Philippines","ID_1":6006,"NAME_1":"Antique","ID_2":600601,"NAME_2":"Anini-y","ID_3":600601021,"NAME_3":"San Ramon","NL_NAME_3":null,"VARNAME_3":null,"TYPE_3":"Barangay","ENGTYPE_3":"Village","PROVINCE":"Antique","REGION":"Region VI (Western Visayas)","id":"barangay-0600601021","name":"San Ramon","barangayCode":"0600601021","population":null,"formattedPop":null,"densityCategory":"No data","vulnerabilityRating":"No data","healthRiskLevel":"No data","areaKm2":6.896177,"centerLat":10.443959,"centerLng":121.952043,"geometrySource":"all_barangay-2.csv detailed WKT","geometryMatchMethod":"unique_official_admin_names","boundaryPointCount":60},"geometry":{"type":"MultiPolygon","coordinates":[[[[121.956673,10.45475],[121.956734,10.45418],[121.957321,10.45369],[121.957947,10.45321],[121.958733,10.45303],[121.958809,10.45233],[121.958588,10.45192],[121.95842,10.45163],[121.958878,10.45141],[121.959892,10.4507],[121.960518,10.45006],[121.961098,10.44897],[121.961533,10.4483],[121.961967,10.44795],[121.962387,10.4477],[121.9627,10.44724],[121.962952,10.44636],[121.962982,10.44601],[121.963737,10.44545],[121.963898,10.44528],[121.963341,10.4449],[121.963081,10.44466],[121.963577,10.44408],[121.963997,10.44366],[121.964592,10.44293],[121.964882,10.44261],[121.96479,10.44142],[121.965279,10.44106],[121.965843,10.44115],[121.965912,10.44118],[121.966454,10.44111],[121.966721,10.44089],[121.966759,10.44045],[121.966652,10.43975],[121.96627,10.43931],[121.965561,10.43898],[121.96521,10.43847],[121.965363,10.43794],[121.965919,10.43707],[121.966049,10.43688],[121.966476,10.43658],[121.966743,10.43631],[121.966988,10.43597],[121.967567,10.43502],[121.967743,10.43468],[121.967987,10.43454],[121.967323,10.43328],[121.959908,10.43376],[121.951088,10.43395],[121.943108,10.43336],[121.940002,10.43613],[121.936272,10.43946],[121.932442,10.44318],[121.938789,10.44739],[121.943481,10.45813],[121.953598,10.45672],[121.954193,10.45661],[121.955002,10.45623],[121.956146,10.45543],[121.956673,10.45475]]]]}},{"type":"Feature","properties":{"ID_0":177,"ISO":"PHL","NAME_0":"Philippines","ID_1":6006,"NAME_1":"Antique","ID_2":600601,"NAME_2":"Anini-y","ID_3":600601022,"NAME_3":"San Roque","NL_NAME_3":null,"VARNAME_3":null,"TYPE_3":"Barangay","ENGTYPE_3":"Village","PROVINCE":"Antique","REGION":"Region VI (Western Visayas)","id":"barangay-0600601022","name":"San Roque","barangayCode":"0600601022","population":null,"formattedPop":null,"densityCategory":"No data","vulnerabilityRating":"No data","healthRiskLevel":"No data","areaKm2":2.178494,"centerLat":10.420452,"centerLng":121.964397,"geometrySource":"all_barangay-2.csv detailed WKT","geometryMatchMethod":"unique_official_admin_names","boundaryPointCount":105},"geometry":{"type":"MultiPolygon","coordinates":[[[[121.959908,10.43376],[121.967323,10.43328],[121.96669,10.42895],[121.971558,10.41985],[121.971046,10.4193],[121.970093,10.41902],[121.969307,10.4184],[121.969032,10.41792],[121.968758,10.4175],[121.968689,10.41716],[121.968407,10.41681],[121.968079,10.4164],[121.967773,10.41595],[121.967484,10.41555],[121.967194,10.41524],[121.966911,10.41496],[121.966652,10.41471],[121.9664,10.41448],[121.966103,10.41435],[121.965767,10.41432],[121.965401,10.41452],[121.965103,10.41458],[121.964844,10.41448],[121.964561,10.41432],[121.964432,10.41415],[121.964348,10.41403],[121.964211,10.41358],[121.964172,10.41302],[121.964203,10.41244],[121.96431,10.41193],[121.964577,10.41169],[121.964981,10.41176],[121.965263,10.41169],[121.965538,10.41162],[121.965683,10.41107],[121.965889,10.41052],[121.965889,10.41023],[121.965889,10.4101],[121.965736,10.40959],[121.965584,10.40927],[121.965393,10.40898],[121.96524,10.40875],[121.96521,10.4087],[121.964996,10.40844],[121.964737,10.40816],[121.9645,10.40785],[121.964203,10.40754],[121.963867,10.40723],[121.963509,10.40696],[121.963203,10.40679],[121.963081,10.40673],[121.962624,10.40659],[121.962128,10.40643],[121.961563,10.40631],[121.961182,10.40617],[121.960983,10.40609],[121.960487,10.40614],[121.960098,10.40631],[121.959732,10.40643],[121.959473,10.40662],[121.95929,10.40686],[121.959183,10.40718],[121.959091,10.40753],[121.958931,10.40788],[121.958801,10.40828],[121.958672,10.4087],[121.958618,10.40919],[121.958618,10.4097],[121.958717,10.41019],[121.958977,10.41062],[121.959396,10.41092],[121.959831,10.41123],[121.960342,10.41142],[121.960869,10.41162],[121.961418,10.4117],[121.961884,10.41173],[121.962227,10.41187],[121.962509,10.41229],[121.962509,10.41259],[121.962509,10.41284],[121.96244,10.41311],[121.962303,10.41325],[121.962097,10.41353],[121.961807,10.4136],[121.961456,10.4136],[121.961029,10.41339],[121.960457,10.41361],[121.960007,10.41383],[121.9599,10.41389],[121.959373,10.41418],[121.958847,10.41443],[121.958656,10.4145],[121.959633,10.4163],[121.960281,10.41756],[121.960876,10.41898],[121.961441,10.42104],[121.961647,10.42303],[121.961189,10.42468],[121.960472,10.42577],[121.96006,10.4276],[121.959923,10.42873],[121.960197,10.43021],[121.960327,10.43172],[121.960037,10.43313],[121.959908,10.43376]]]]}},{"type":"Feature","properties":{"ID_0":177,"ISO":"PHL","NAME_0":"Philippines","ID_1":6006,"NAME_1":"Antique","ID_2":600601,"NAME_2":"Anini-y","ID_3":600601023,"NAME_3":"Tagaytay","NL_NAME_3":null,"VARNAME_3":null,"TYPE_3":"Barangay","ENGTYPE_3":"Village","PROVINCE":"Antique","REGION":"Region VI (Western Visayas)","id":"barangay-0600601023","name":"Tagaytay","barangayCode":"0600601023","population":null,"formattedPop":null,"densityCategory":"No data","vulnerabilityRating":"No data","healthRiskLevel":"No data","areaKm2":2.414434,"centerLat":10.46233,"centerLng":121.943331,"geometrySource":"all_barangay-2.csv detailed WKT","geometryMatchMethod":"unique_official_admin_names","boundaryPointCount":34},"geometry":{"type":"MultiPolygon","coordinates":[[[[121.931877,10.47158],[121.9366,10.46837],[121.938362,10.46737],[121.939377,10.46726],[121.940163,10.46674],[121.940697,10.46675],[121.941948,10.46694],[121.942657,10.46609],[121.943741,10.46524],[121.945084,10.46527],[121.946243,10.46566],[121.946854,10.46554],[121.948463,10.4651],[121.949898,10.46461],[121.951607,10.46461],[121.952499,10.46464],[121.953217,10.46478],[121.954552,10.46463],[121.956444,10.4641],[121.958229,10.46359],[121.959839,10.46329],[121.960983,10.46285],[121.962181,10.46215],[121.956673,10.45475],[121.956146,10.45543],[121.955002,10.45623],[121.954193,10.45661],[121.953598,10.45672],[121.943481,10.45813],[121.935364,10.45916],[121.933296,10.46],[121.931847,10.46044],[121.930122,10.46293],[121.931877,10.47158]]]]}},{"type":"Feature","properties":{"ID_0":177,"ISO":"PHL","NAME_0":"Philippines","ID_1":6006,"NAME_1":"Antique","ID_2":600601,"NAME_2":"Anini-y","ID_3":600601024,"NAME_3":"Talisayan","NL_NAME_3":null,"VARNAME_3":null,"TYPE_3":"Barangay","ENGTYPE_3":"Village","PROVINCE":"Antique","REGION":"Region VI (Western Visayas)","id":"barangay-0600601024","name":"Talisayan","barangayCode":"0600601024","population":null,"formattedPop":null,"densityCategory":"No data","vulnerabilityRating":"No data","healthRiskLevel":"No data","areaKm2":2.571881,"centerLat":10.448058,"centerLng":121.93284,"geometrySource":"all_barangay-2.csv detailed WKT","geometryMatchMethod":"unique_official_admin_names","boundaryPointCount":71},"geometry":{"type":"MultiPolygon","coordinates":[[[[121.933296,10.46],[121.935364,10.45916],[121.943481,10.45813],[121.938789,10.44739],[121.932442,10.44318],[121.926964,10.43932],[121.919243,10.43431],[121.918907,10.43471],[121.918617,10.43517],[121.918381,10.43561],[121.918266,10.43598],[121.918251,10.43605],[121.918358,10.43674],[121.918556,10.43729],[121.919403,10.43791],[121.9198,10.43837],[121.920158,10.43878],[121.920319,10.43914],[121.920486,10.43946],[121.920486,10.43984],[121.920303,10.44026],[121.920067,10.44075],[121.920021,10.44132],[121.920029,10.44146],[121.920464,10.44146],[121.920898,10.44139],[121.921181,10.44122],[121.921761,10.44108],[121.922249,10.44125],[121.9226,10.4416],[121.922958,10.44194],[121.923607,10.44211],[121.924072,10.44214],[121.924362,10.44192],[121.924667,10.44168],[121.925117,10.44153],[121.925522,10.44184],[121.925377,10.44252],[121.925377,10.44348],[121.925339,10.44413],[121.925613,10.44512],[121.926102,10.4457],[121.92643,10.44598],[121.926872,10.44614],[121.927353,10.44617],[121.927788,10.44634],[121.928543,10.44706],[121.928673,10.44747],[121.928658,10.44786],[121.928612,10.44815],[121.92926,10.44889],[121.929253,10.44907],[121.929443,10.44945],[121.929947,10.44972],[121.930252,10.44995],[121.930847,10.45053],[121.930847,10.45161],[121.930527,10.45185],[121.930008,10.45207],[121.928596,10.45288],[121.928749,10.4533],[121.929604,10.4545],[121.930656,10.45575],[121.930946,10.45605],[121.93119,10.45646],[121.931236,10.45682],[121.931427,10.4576],[121.932602,10.45822],[121.933067,10.45894],[121.93335,10.45958],[121.933296,10.46]]]]}},{"type":"Feature","properties":{"ID_0":177,"ISO":"PHL","NAME_0":"Philippines","ID_1":6006,"NAME_1":"Antique","ID_2":600602,"NAME_2":"Barbaza","ID_3":600602002,"NAME_3":"Baghari","NL_NAME_3":null,"VARNAME_3":null,"TYPE_3":"Barangay","ENGTYPE_3":"Village","PROVINCE":"Antique","REGION":"Region VI (Western Visayas)","id":"barangay-0600602002","name":"Baghari","barangayCode":"0600602002","population":null,"formattedPop":null,"densityCategory":"No data","vulnerabilityRating":"No data","healthRiskLevel":"No data","areaKm2":2.662519,"centerLat":11.196927,"centerLng":122.065554,"geometrySource":"all_barangay-2.csv detailed WKT","geometryMatchMethod":"unique_official_admin_names","boundaryPointCount":7},"geometry":{"type":"MultiPolygon","coordinates":[[[[122.068069,11.20614],[122.068138,11.19794],[122.068321,11.19163],[122.060112,11.1894],[122.059837,11.20618],[122.063271,11.2061],[122.068069,11.20614]]]]}},{"type":"Feature","properties":{"ID_0":177,"ISO":"PHL","NAME_0":"Philippines","ID_1":6006,"NAME_1":"Antique","ID_2":600602,"NAME_2":"Barbaza","ID_3":600602003,"NAME_3":"Bahuyan","NL_NAME_3":null,"VARNAME_3":null,"TYPE_3":"Barangay","ENGTYPE_3":"Village","PROVINCE":"Antique","REGION":"Region VI (Western Visayas)","id":"barangay-0600602003","name":"Bahuyan","barangayCode":"0600602003","population":null,"formattedPop":null,"densityCategory":"No data","vulnerabilityRating":"No data","healthRiskLevel":"No data","areaKm2":1.699043,"centerLat":11.174984,"centerLng":122.041176,"geometrySource":"all_barangay-2.csv detailed WKT","geometryMatchMethod":"unique_official_admin_names","boundaryPointCount":21},"geometry":{"type":"MultiPolygon","coordinates":[[[[122.043877,11.1829],[122.047073,11.17416],[122.036133,11.17315],[122.035843,11.17317],[122.035843,11.17583],[122.035553,11.17611],[122.035553,11.1775],[122.035278,11.17778],[122.035278,11.18056],[122.035004,11.18162],[122.034798,11.18217],[122.034798,11.18272],[122.034576,11.18355],[122.034523,11.1841],[122.034378,11.18452],[122.034157,11.185],[122.034157,11.18516],[122.034241,11.18496],[122.034767,11.18406],[122.035767,11.18328],[122.043877,11.1829]]]]}},{"type":"Feature","properties":{"ID_0":177,"ISO":"PHL","NAME_0":"Philippines","ID_1":6006,"NAME_1":"Antique","ID_2":600602,"NAME_2":"Barbaza","ID_3":600602004,"NAME_3":"Beri","NL_NAME_3":null,"VARNAME_3":null,"TYPE_3":"Barangay","ENGTYPE_3":"Village","PROVINCE":"Antique","REGION":"Region VI (Western Visayas)","id":"barangay-0600602004","name":"Beri","barangayCode":"0600602004","population":null,"formattedPop":null,"densityCategory":"No data","vulnerabilityRating":"No data","healthRiskLevel":"No data","areaKm2":0.908511,"centerLat":11.236774,"centerLng":122.059796,"geometrySource":"all_barangay-2.csv detailed WKT","geometryMatchMethod":"unique_official_admin_names","boundaryPointCount":48},"geometry":{"type":"MultiPolygon","coordinates":[[[[122.060944,11.24336],[122.061699,11.23806],[122.059669,11.23775],[122.058693,11.23773],[122.058121,11.23784],[122.057137,11.23752],[122.056519,11.23692],[122.055634,11.23678],[122.054832,11.2369],[122.054298,11.23688],[122.053787,11.23674],[122.053169,11.23646],[122.052437,11.23581],[122.052063,11.23535],[122.051628,11.23535],[122.051407,11.23539],[122.051109,11.23544],[122.051109,11.23583],[122.050278,11.23667],[122.050278,11.23694],[122.049721,11.2375],[122.049721,11.23944],[122.049454,11.23972],[122.049454,11.24083],[122.049156,11.24111],[122.049156,11.24167],[122.048889,11.24194],[122.048889,11.2425],[122.048859,11.24253],[122.049232,11.24272],[122.049454,11.24296],[122.0495,11.24306],[122.049667,11.24321],[122.05011,11.24316],[122.050621,11.24298],[122.051392,11.24271],[122.051903,11.24281],[122.052193,11.24294],[122.053146,11.24233],[122.054169,11.24188],[122.054672,11.24211],[122.055527,11.24258],[122.05629,11.24246],[122.057114,11.24222],[122.058228,11.24222],[122.059662,11.24261],[122.060379,11.24316],[122.060944,11.24336]]]]}},{"type":"Feature","properties":{"ID_0":177,"ISO":"PHL","NAME_0":"Philippines","ID_1":6006,"NAME_1":"Antique","ID_2":600602,"NAME_2":"Barbaza","ID_3":600602005,"NAME_3":"Biga-a","NL_NAME_3":null,"VARNAME_3":null,"TYPE_3":"Barangay","ENGTYPE_3":"Village","PROVINCE":"Antique","REGION":"Region VI (Western Visayas)","id":"barangay-0600602005","name":"Biga-a","barangayCode":"0600602005","population":null,"formattedPop":null,"densityCategory":"No data","vulnerabilityRating":"No data","healthRiskLevel":"No data","areaKm2":1.284921,"centerLat":11.23611,"centerLng":122.086165,"geometrySource":"all_barangay-2.csv detailed WKT","geometryMatchMethod":"unique_official_admin_names","boundaryPointCount":51},"geometry":{"type":"MultiPolygon","coordinates":[[[[122.09922,11.2344],[122.10041,11.2308],[122.103287,11.22493],[122.102692,11.22504],[122.101707,11.22542],[122.100807,11.22528],[122.100166,11.22541],[122.099709,11.2261],[122.099167,11.22683],[122.098602,11.22691],[122.098137,11.22672],[122.097183,11.22692],[122.096657,11.2272],[122.096581,11.228],[122.096153,11.22841],[122.095718,11.22887],[122.094437,11.22915],[122.093437,11.22922],[122.092857,11.22859],[122.092293,11.22807],[122.091331,11.2279],[122.090637,11.22709],[122.090309,11.22667],[122.089592,11.22635],[122.089088,11.22651],[122.088943,11.22666],[122.088577,11.22703],[122.088623,11.22748],[122.088531,11.22843],[122.088158,11.22921],[122.087624,11.22995],[122.087212,11.23122],[122.087357,11.23156],[122.087227,11.23185],[122.086578,11.23199],[122.085823,11.23211],[122.085297,11.23233],[122.084778,11.23318],[122.084717,11.23399],[122.084824,11.23485],[122.084923,11.23595],[122.084137,11.23767],[122.083847,11.23812],[122.083847,11.23828],[122.083946,11.23845],[122.084251,11.23902],[122.084671,11.23948],[122.08445,11.23947],[122.084534,11.23976],[122.091431,11.2413],[122.09922,11.2344]]]]}},{"type":"Feature","properties":{"ID_0":177,"ISO":"PHL","NAME_0":"Philippines","ID_1":6006,"NAME_1":"Antique","ID_2":600602,"NAME_2":"Barbaza","ID_3":600602006,"NAME_3":"Binangbang","NL_NAME_3":null,"VARNAME_3":null,"TYPE_3":"Barangay","ENGTYPE_3":"Village","PROVINCE":"Antique","REGION":"Region VI (Western Visayas)","id":"barangay-0600602006","name":"Binangbang","barangayCode":"0600602006","population":null,"formattedPop":null,"densityCategory":"No data","vulnerabilityRating":"No data","healthRiskLevel":"No data","areaKm2":1.387031,"centerLat":11.200369,"centerLng":122.078861,"geometrySource":"all_barangay-2.csv detailed WKT","geometryMatchMethod":"unique_official_admin_names","boundaryPointCount":11},"geometry":{"type":"MultiPolygon","coordinates":[[[[122.081711,11.20647],[122.08461,11.20662],[122.087387,11.20674],[122.090286,11.20691],[122.095154,11.20447],[122.08773,11.1999],[122.083939,11.19737],[122.08342,11.19843],[122.082947,11.19916],[122.082397,11.19965],[122.081711,11.20647]]]]}},{"type":"Feature","properties":{"ID_0":177,"ISO":"PHL","NAME_0":"Philippines","ID_1":6006,"NAME_1":"Antique","ID_2":600602,"NAME_2":"Barbaza","ID_3":600602007,"NAME_3":"Binangbang Centro","NL_NAME_3":null,"VARNAME_3":null,"TYPE_3":"Barangay","ENGTYPE_3":"Village","PROVINCE":"Antique","REGION":"Region VI (Western Visayas)","id":"barangay-0600602007","name":"Binangbang Centro","barangayCode":"0600602007","population":null,"formattedPop":null,"densityCategory":"No data","vulnerabilityRating":"No data","healthRiskLevel":"No data","areaKm2":1.281822,"centerLat":11.206672,"centerLng":122.049018,"geometrySource":"all_barangay-2.csv detailed WKT","geometryMatchMethod":"unique_official_admin_names","boundaryPointCount":16},"geometry":{"type":"MultiPolygon","coordinates":[[[[122.046623,11.2144],[122.050468,11.21345],[122.051613,11.2129],[122.052521,11.21151],[122.052834,11.21063],[122.053551,11.21003],[122.053719,11.20877],[122.054337,11.20776],[122.054337,11.20662],[122.054573,11.20571],[122.052727,11.20207],[122.045174,11.20528],[122.043228,11.20615],[122.043663,11.20746],[122.04393,11.20847],[122.046623,11.2144]]]]}},{"type":"Feature","properties":{"ID_0":177,"ISO":"PHL","NAME_0":"Philippines","ID_1":6006,"NAME_1":"Antique","ID_2":600602,"NAME_2":"Barbaza","ID_3":600602008,"NAME_3":"Binanu-an","NL_NAME_3":null,"VARNAME_3":null,"TYPE_3":"Barangay","ENGTYPE_3":"Village","PROVINCE":"Antique","REGION":"Region VI (Western Visayas)","id":"barangay-0600602008","name":"Binanu-an","barangayCode":"0600602008","population":null,"formattedPop":null,"densityCategory":"No data","vulnerabilityRating":"No data","healthRiskLevel":"No data","areaKm2":0.648646,"centerLat":11.19876,"centerLng":122.048775,"geometrySource":"all_barangay-2.csv detailed WKT","geometryMatchMethod":"unique_official_admin_names","boundaryPointCount":14},"geometry":{"type":"MultiPolygon","coordinates":[[[[122.045174,11.20528],[122.052727,11.20207],[122.051277,11.19976],[122.049316,11.19522],[122.049187,11.19623],[122.048607,11.19669],[122.047737,11.1967],[122.047211,11.19653],[122.046173,11.19698],[122.045387,11.19815],[122.044998,11.19878],[122.044388,11.19972],[122.043533,11.20004],[122.045174,11.20528]]]]}},{"type":"Feature","properties":{"ID_0":177,"ISO":"PHL","NAME_0":"Philippines","ID_1":6006,"NAME_1":"Antique","ID_2":600602,"NAME_2":"Barbaza","ID_3":600602009,"NAME_3":"Cadiao","NL_NAME_3":null,"VARNAME_3":null,"TYPE_3":"Barangay","ENGTYPE_3":"Village","PROVINCE":"Antique","REGION":"Region VI (Western Visayas)","id":"barangay-0600602009","name":"Cadiao","barangayCode":"0600602009","population":null,"formattedPop":null,"densityCategory":"No data","vulnerabilityRating":"No data","healthRiskLevel":"No data","areaKm2":4.181796,"centerLat":11.219589,"centerLng":122.103636,"geometrySource":"all_barangay-2.csv detailed WKT","geometryMatchMethod":"unique_official_admin_names","boundaryPointCount":9},"geometry":{"type":"MultiPolygon","coordinates":[[[[122.113579,11.2412],[122.124603,11.22497],[122.11734,11.21959],[122.110031,11.22076],[122.103287,11.22493],[122.10041,11.2308],[122.09922,11.2344],[122.104286,11.23616],[122.113579,11.2412]]]]}},{"type":"Feature","properties":{"ID_0":177,"ISO":"PHL","NAME_0":"Philippines","ID_1":6006,"NAME_1":"Antique","ID_2":600602,"NAME_2":"Barbaza","ID_3":600602010,"NAME_3":"Calapadan","NL_NAME_3":null,"VARNAME_3":null,"TYPE_3":"Barangay","ENGTYPE_3":"Village","PROVINCE":"Antique","REGION":"Region VI (Western Visayas)","id":"barangay-0600602010","name":"Calapadan","barangayCode":"0600602010","population":null,"formattedPop":null,"densityCategory":"No data","vulnerabilityRating":"No data","healthRiskLevel":"No data","areaKm2":3.912852,"centerLat":11.200368,"centerLng":122.093715,"geometrySource":"all_barangay-2.csv detailed WKT","geometryMatchMethod":"unique_official_admin_names","boundaryPointCount":49},"geometry":{"type":"MultiPolygon","coordinates":[[[[122.11734,11.21959],[122.11702,11.21829],[122.11718,11.21777],[122.116226,11.21599],[122.116119,11.21502],[122.116348,11.21344],[122.116669,11.2127],[122.115952,11.21171],[122.115891,11.21073],[122.116562,11.20865],[122.116142,11.20738],[122.115143,11.20555],[122.114563,11.20424],[122.114906,11.20336],[122.11425,11.20282],[122.113632,11.20182],[122.11319,11.20066],[122.112457,11.20031],[122.112167,11.19921],[122.111954,11.19781],[122.111282,11.19703],[122.110687,11.19649],[122.110207,11.19536],[122.109962,11.19465],[122.109352,11.19398],[122.108879,11.19443],[122.109093,11.1955],[122.10865,11.1958],[122.108147,11.19533],[122.107971,11.19516],[122.107353,11.19437],[122.107224,11.19466],[122.106522,11.19449],[122.106003,11.19441],[122.105331,11.19494],[122.104713,11.19535],[122.104362,11.19575],[122.103561,11.19648],[122.103249,11.19665],[122.102417,11.19696],[122.10173,11.19718],[122.101089,11.19755],[122.100853,11.1979],[122.100288,11.19942],[122.098389,11.2011],[122.095154,11.20447],[122.097961,11.21123],[122.110031,11.22076],[122.11734,11.21959]]]]}},{"type":"Feature","properties":{"ID_0":177,"ISO":"PHL","NAME_0":"Philippines","ID_1":6006,"NAME_1":"Antique","ID_2":600602,"NAME_2":"Barbaza","ID_3":600602011,"NAME_3":"Capoyuan","NL_NAME_3":null,"VARNAME_3":null,"TYPE_3":"Barangay","ENGTYPE_3":"Village","PROVINCE":"Antique","REGION":"Region VI (Western Visayas)","id":"barangay-0600602011","name":"Capoyuan","barangayCode":"0600602011","population":null,"formattedPop":null,"densityCategory":"No data","vulnerabilityRating":"No data","healthRiskLevel":"No data","areaKm2":2.900169,"centerLat":11.23982,"centerLng":122.072436,"geometrySource":"all_barangay-2.csv detailed WKT","geometryMatchMethod":"unique_official_admin_names","boundaryPointCount":29},"geometry":{"type":"MultiPolygon","coordinates":[[[[122.063972,11.24871],[122.064621,11.24895],[122.065857,11.2487],[122.066643,11.24841],[122.067879,11.24839],[122.06881,11.24899],[122.070213,11.24891],[122.071632,11.24965],[122.07267,11.25064],[122.073433,11.24981],[122.074127,11.24975],[122.074951,11.24978],[122.075981,11.24993],[122.077362,11.24983],[122.078789,11.2373],[122.076088,11.23744],[122.07354,11.23745],[122.071182,11.23747],[122.068733,11.23794],[122.065689,11.23819],[122.064789,11.23826],[122.064003,11.2381],[122.062866,11.23788],[122.061699,11.23806],[122.060944,11.24336],[122.060127,11.24696],[122.060837,11.2477],[122.061569,11.24777],[122.063972,11.24871]]]]}},{"type":"Feature","properties":{"ID_0":177,"ISO":"PHL","NAME_0":"Philippines","ID_1":6006,"NAME_1":"Antique","ID_2":600602,"NAME_2":"Barbaza","ID_3":600602012,"NAME_3":"Cubay","NL_NAME_3":null,"VARNAME_3":null,"TYPE_3":"Barangay","ENGTYPE_3":"Village","PROVINCE":"Antique","REGION":"Region VI (Western Visayas)","id":"barangay-0600602012","name":"Cubay","barangayCode":"0600602012","population":null,"formattedPop":null,"densityCategory":"No data","vulnerabilityRating":"No data","healthRiskLevel":"No data","areaKm2":0.219611,"centerLat":11.199583,"centerLng":122.042576,"geometrySource":"all_barangay-2.csv detailed WKT","geometryMatchMethod":"unique_official_admin_names","boundaryPointCount":22},"geometry":{"type":"MultiPolygon","coordinates":[[[[122.045174,11.20528],[122.043533,11.20004],[122.043068,11.19938],[122.042824,11.19886],[122.042,11.19839],[122.041328,11.19833],[122.039993,11.1984],[122.039383,11.19874],[122.039352,11.19909],[122.039459,11.1993],[122.038933,11.20005],[122.038254,11.20021],[122.039627,11.20273],[122.040047,11.20278],[122.040237,11.20309],[122.041168,11.20386],[122.042442,11.20386],[122.042648,11.20437],[122.043007,11.20534],[122.043114,11.20574],[122.043228,11.20615],[122.045174,11.20528]]]]}},{"type":"Feature","properties":{"ID_0":177,"ISO":"PHL","NAME_0":"Philippines","ID_1":6006,"NAME_1":"Antique","ID_2":600602,"NAME_2":"Barbaza","ID_3":600602013,"NAME_3":"Esparar","NL_NAME_3":null,"VARNAME_3":null,"TYPE_3":"Barangay","ENGTYPE_3":"Village","PROVINCE":"Antique","REGION":"Region VI (Western Visayas)","id":"barangay-0600602013","name":"Esparar","barangayCode":"0600602013","population":null,"formattedPop":null,"densityCategory":"No data","vulnerabilityRating":"No data","healthRiskLevel":"No data","areaKm2":3.498002,"centerLat":11.21055,"centerLng":122.067985,"geometrySource":"all_barangay-2.csv detailed WKT","geometryMatchMethod":"unique_official_admin_names","boundaryPointCount":15},"geometry":{"type":"MultiPolygon","coordinates":[[[[122.081947,11.21591],[122.081444,11.21384],[122.081329,11.21248],[122.081001,11.21137],[122.081711,11.20647],[122.068069,11.20614],[122.063271,11.2061],[122.059837,11.20618],[122.054337,11.20662],[122.054337,11.20776],[122.053719,11.20877],[122.053551,11.21003],[122.052834,11.21063],[122.059532,11.22297],[122.081947,11.21591]]]]}},{"type":"Feature","properties":{"ID_0":177,"ISO":"PHL","NAME_0":"Philippines","ID_1":6006,"NAME_1":"Antique","ID_2":600602,"NAME_2":"Barbaza","ID_3":600602014,"NAME_3":"Gua","NL_NAME_3":null,"VARNAME_3":null,"TYPE_3":"Barangay","ENGTYPE_3":"Village","PROVINCE":"Antique","REGION":"Region VI (Western Visayas)","id":"barangay-0600602014","name":"Gua","barangayCode":"0600602014","population":null,"formattedPop":null,"densityCategory":"No data","vulnerabilityRating":"No data","healthRiskLevel":"No data","areaKm2":0.407382,"centerLat":11.211893,"centerLng":122.045829,"geometrySource":"all_barangay-2.csv detailed WKT","geometryMatchMethod":"unique_official_admin_names","boundaryPointCount":30},"geometry":{"type":"MultiPolygon","coordinates":[[[[122.046669,11.21704],[122.047791,11.21674],[122.046623,11.2144],[122.04393,11.20847],[122.043663,11.20746],[122.043228,11.20615],[122.040001,11.20731],[122.040001,11.2075],[122.040833,11.20833],[122.040833,11.20861],[122.041946,11.20972],[122.041946,11.21],[122.042221,11.21028],[122.042221,11.21056],[122.043053,11.21139],[122.043053,11.21167],[122.04361,11.21222],[122.04361,11.2125],[122.044167,11.21306],[122.044167,11.21333],[122.044724,11.21389],[122.044724,11.21417],[122.045563,11.215],[122.045563,11.21528],[122.04583,11.21556],[122.04583,11.21583],[122.046387,11.21639],[122.046387,11.21667],[122.046669,11.21694],[122.046669,11.21704]]]]}},{"type":"Feature","properties":{"ID_0":177,"ISO":"PHL","NAME_0":"Philippines","ID_1":6006,"NAME_1":"Antique","ID_2":600602,"NAME_2":"Barbaza","ID_3":600602015,"NAME_3":"Idao","NL_NAME_3":null,"VARNAME_3":null,"TYPE_3":"Barangay","ENGTYPE_3":"Village","PROVINCE":"Antique","REGION":"Region VI (Western Visayas)","id":"barangay-0600602015","name":"Idao","barangayCode":"0600602015","population":null,"formattedPop":null,"densityCategory":"No data","vulnerabilityRating":"No data","healthRiskLevel":"No data","areaKm2":10.404482,"centerLat":11.288658,"centerLng":122.121488,"geometrySource":"all_barangay-2.csv detailed WKT","geometryMatchMethod":"unique_official_admin_names","boundaryPointCount":93},"geometry":{"type":"MultiPolygon","coordinates":[[[[122.123878,11.31318],[122.123611,11.31086],[122.124268,11.30745],[122.126266,11.30403],[122.127274,11.29977],[122.128258,11.29636],[122.128929,11.29295],[122.130257,11.28556],[122.132599,11.2793],[122.132156,11.27891],[122.1315,11.27832],[122.130791,11.2782],[122.129677,11.27787],[122.129318,11.2774],[122.129501,11.27655],[122.12928,11.27575],[122.128639,11.27535],[122.127632,11.27545],[122.126953,11.27549],[122.126244,11.27557],[122.12558,11.27511],[122.124947,11.27482],[122.124191,11.27473],[122.123657,11.27431],[122.123161,11.27376],[122.122726,11.27309],[122.122124,11.27206],[122.121147,11.27089],[122.120743,11.27099],[122.120308,11.27096],[122.118187,11.27077],[122.107368,11.27884],[122.107964,11.27938],[122.10791,11.28028],[122.108841,11.28161],[122.108063,11.28184],[122.107071,11.28139],[122.1064,11.28244],[122.106407,11.28366],[122.105598,11.28416],[122.104538,11.28433],[122.104149,11.28464],[122.10318,11.28548],[122.103867,11.28673],[122.105469,11.28797],[122.106743,11.28897],[122.107491,11.28979],[122.107872,11.29058],[122.108009,11.29257],[122.108772,11.29328],[122.108368,11.2947],[122.109261,11.29556],[122.109703,11.29596],[122.110863,11.29664],[122.111526,11.29699],[122.112267,11.29715],[122.112679,11.29791],[122.111862,11.29824],[122.110779,11.2984],[122.109871,11.29915],[122.109894,11.29951],[122.109871,11.30008],[122.110313,11.30072],[122.110802,11.30108],[122.111328,11.30239],[122.111992,11.30312],[122.113647,11.3025],[122.114441,11.3025],[122.114906,11.30404],[122.115768,11.30505],[122.116631,11.30462],[122.117287,11.30509],[122.117729,11.30556],[122.118637,11.30579],[122.118683,11.30646],[122.117668,11.30757],[122.116997,11.30926],[122.116119,11.31036],[122.115402,11.31113],[122.115158,11.3123],[122.115501,11.3126],[122.116043,11.31261],[122.117043,11.31247],[122.118042,11.31218],[122.118874,11.31262],[122.119324,11.31307],[122.120407,11.31281],[122.121239,11.31223],[122.121941,11.31219],[122.122047,11.31337],[122.122559,11.31412],[122.122879,11.31407],[122.123878,11.31318]]]]}},{"type":"Feature","properties":{"ID_0":177,"ISO":"PHL","NAME_0":"Philippines","ID_1":6006,"NAME_1":"Antique","ID_2":600602,"NAME_2":"Barbaza","ID_3":600602016,"NAME_3":"Igpalge","NL_NAME_3":null,"VARNAME_3":null,"TYPE_3":"Barangay","ENGTYPE_3":"Village","PROVINCE":"Antique","REGION":"Region VI (Western Visayas)","id":"barangay-0600602016","name":"Igpalge","barangayCode":"0600602016","population":null,"formattedPop":null,"densityCategory":"No data","vulnerabilityRating":"No data","healthRiskLevel":"No data","areaKm2":3.438121,"centerLat":11.223182,"centerLng":122.0725,"geometrySource":"all_barangay-2.csv detailed WKT","geometryMatchMethod":"unique_official_admin_names","boundaryPointCount":13},"geometry":{"type":"MultiPolygon","coordinates":[[[[122.078789,11.2373],[122.079857,11.22903],[122.084969,11.22245],[122.081947,11.21591],[122.059532,11.22297],[122.062088,11.22927],[122.065239,11.22903],[122.068932,11.22902],[122.068733,11.23794],[122.071182,11.23747],[122.07354,11.23745],[122.076088,11.23744],[122.078789,11.2373]]]]}},{"type":"Feature","properties":{"ID_0":177,"ISO":"PHL","NAME_0":"Philippines","ID_1":6006,"NAME_1":"Antique","ID_2":600602,"NAME_2":"Barbaza","ID_3":600602017,"NAME_3":"Igtunarum","NL_NAME_3":null,"VARNAME_3":null,"TYPE_3":"Barangay","ENGTYPE_3":"Village","PROVINCE":"Antique","REGION":"Region VI (Western Visayas)","id":"barangay-0600602017","name":"Igtunarum","barangayCode":"0600602017","population":null,"formattedPop":null,"densityCategory":"No data","vulnerabilityRating":"No data","healthRiskLevel":"No data","areaKm2":6.317342,"centerLat":11.262884,"centerLng":122.096998,"geometrySource":"all_barangay-2.csv detailed WKT","geometryMatchMethod":"unique_official_admin_names","boundaryPointCount":31},"geometry":{"type":"MultiPolygon","coordinates":[[[[122.107368,11.27884],[122.118187,11.27077],[122.115402,11.2703],[122.113907,11.27018],[122.108002,11.26576],[122.100632,11.25782],[122.09314,11.24845],[122.091263,11.25884],[122.085823,11.26634],[122.087067,11.26622],[122.088364,11.26698],[122.090103,11.267],[122.091904,11.26727],[122.09288,11.268],[122.093941,11.26914],[122.096138,11.27],[122.098442,11.27062],[122.100929,11.27166],[122.103081,11.27277],[122.105423,11.27384],[122.105766,11.27409],[122.105522,11.27436],[122.104919,11.27521],[122.104538,11.27558],[122.104286,11.2757],[122.104401,11.27612],[122.105133,11.27669],[122.105583,11.27736],[122.105911,11.27837],[122.106613,11.279],[122.107368,11.27884]]]]}},{"type":"Feature","properties":{"ID_0":177,"ISO":"PHL","NAME_0":"Philippines","ID_1":6006,"NAME_1":"Antique","ID_2":600602,"NAME_2":"Barbaza","ID_3":600602018,"NAME_3":"Embrangga-an","NL_NAME_3":null,"VARNAME_3":null,"TYPE_3":"Barangay","ENGTYPE_3":"Village","PROVINCE":"Antique","REGION":"Region VI (Western Visayas)","id":"barangay-0600602018","name":"Embrangga-an","barangayCode":"0600602018","population":null,"formattedPop":null,"densityCategory":"No data","vulnerabilityRating":"No data","healthRiskLevel":"No data","areaKm2":1.216106,"centerLat":11.188764,"centerLng":122.052099,"geometrySource":"all_barangay-2.csv detailed WKT","geometryMatchMethod":"unique_official_admin_names","boundaryPointCount":9},"geometry":{"type":"MultiPolygon","coordinates":[[[[122.081711,11.20647],[122.082397,11.19965],[122.082947,11.19916],[122.08342,11.19843],[122.083939,11.19737],[122.080948,11.19738],[122.068138,11.19794],[122.068069,11.20614],[122.081711,11.20647]]]]}},{"type":"Feature","properties":{"ID_0":177,"ISO":"PHL","NAME_0":"Philippines","ID_1":6006,"NAME_1":"Antique","ID_2":600602,"NAME_2":"Barbaza","ID_3":600602019,"NAME_3":"Integasan","NL_NAME_3":null,"VARNAME_3":null,"TYPE_3":"Barangay","ENGTYPE_3":"Village","PROVINCE":"Antique","REGION":"Region VI (Western Visayas)","id":"barangay-0600602019","name":"Integasan","barangayCode":"0600602019","population":null,"formattedPop":null,"densityCategory":"No data","vulnerabilityRating":"No data","healthRiskLevel":"No data","areaKm2":1.866495,"centerLat":11.178885,"centerLng":122.052395,"geometrySource":"all_barangay-2.csv detailed WKT","geometryMatchMethod":"unique_official_admin_names","boundaryPointCount":10},"geometry":{"type":"MultiPolygon","coordinates":[[[[122.043983,11.18954],[122.045517,11.18919],[122.047974,11.1888],[122.05368,11.18777],[122.055634,11.17728],[122.056343,11.17495],[122.051117,11.17453],[122.047073,11.17416],[122.043877,11.1829],[122.043983,11.18954]]]]}},{"type":"Feature","properties":{"ID_0":177,"ISO":"PHL","NAME_0":"Philippines","ID_1":6006,"NAME_1":"Antique","ID_2":600602,"NAME_2":"Barbaza","ID_3":600602020,"NAME_3":"Ipil","NL_NAME_3":null,"VARNAME_3":null,"TYPE_3":"Barangay","ENGTYPE_3":"Village","PROVINCE":"Antique","REGION":"Region VI (Western Visayas)","id":"barangay-0600602020","name":"Ipil","barangayCode":"0600602020","population":null,"formattedPop":null,"densityCategory":"No data","vulnerabilityRating":"No data","healthRiskLevel":"No data","areaKm2":0.746973,"centerLat":11.225791,"centerLng":122.057563,"geometrySource":"all_barangay-2.csv detailed WKT","geometryMatchMethod":"unique_official_admin_names","boundaryPointCount":11},"geometry":{"type":"MultiPolygon","coordinates":[[[[122.053047,11.22992],[122.062088,11.22927],[122.059532,11.22297],[122.052498,11.2255],[122.052498,11.22611],[122.05278,11.22639],[122.05278,11.22683],[122.05278,11.22722],[122.052849,11.22729],[122.053047,11.2275],[122.053047,11.22992]]]]}},{"type":"Feature","properties":{"ID_0":177,"ISO":"PHL","NAME_0":"Philippines","ID_1":6006,"NAME_1":"Antique","ID_2":600602,"NAME_2":"Barbaza","ID_3":600602021,"NAME_3":"Jinalinan","NL_NAME_3":null,"VARNAME_3":null,"TYPE_3":"Barangay","ENGTYPE_3":"Village","PROVINCE":"Antique","REGION":"Region VI (Western Visayas)","id":"barangay-0600602021","name":"Jinalinan","barangayCode":"0600602021","population":null,"formattedPop":null,"densityCategory":"No data","vulnerabilityRating":"No data","healthRiskLevel":"No data","areaKm2":1.308529,"centerLat":11.217652,"centerLng":122.053651,"geometrySource":"all_barangay-2.csv detailed WKT","geometryMatchMethod":"unique_official_admin_names","boundaryPointCount":28},"geometry":{"type":"MultiPolygon","coordinates":[[[[122.059532,11.22297],[122.052834,11.21063],[122.052521,11.21151],[122.051613,11.2129],[122.050468,11.21345],[122.046623,11.2144],[122.047791,11.21674],[122.046669,11.21704],[122.046669,11.21722],[122.048058,11.21861],[122.048058,11.21889],[122.048889,11.21972],[122.048889,11.22],[122.049454,11.22056],[122.049454,11.22083],[122.049721,11.22111],[122.049721,11.22167],[122.051392,11.22333],[122.051392,11.22361],[122.051666,11.22389],[122.051666,11.22417],[122.051941,11.22417],[122.051941,11.22444],[122.052223,11.22472],[122.052223,11.225],[122.052498,11.22528],[122.052498,11.2255],[122.059532,11.22297]]]]}},{"type":"Feature","properties":{"ID_0":177,"ISO":"PHL","NAME_0":"Philippines","ID_1":6006,"NAME_1":"Antique","ID_2":600602,"NAME_2":"Barbaza","ID_3":600602022,"NAME_3":"Lanas","NL_NAME_3":null,"VARNAME_3":null,"TYPE_3":"Barangay","ENGTYPE_3":"Village","PROVINCE":"Antique","REGION":"Region VI (Western Visayas)","id":"barangay-0600602022","name":"Lanas","barangayCode":"0600602022","population":null,"formattedPop":null,"densityCategory":"No data","vulnerabilityRating":"No data","healthRiskLevel":"No data","areaKm2":3.362682,"centerLat":11.186999,"centerLng":122.087045,"geometrySource":"all_barangay-2.csv detailed WKT","geometryMatchMethod":"unique_official_admin_names","boundaryPointCount":11},"geometry":{"type":"MultiPolygon","coordinates":[[[[122.08773,11.1999],[122.096779,11.18773],[122.095703,11.18668],[122.094383,11.18588],[122.092461,11.1845],[122.089996,11.18311],[122.087784,11.18123],[122.085258,11.18698],[122.080948,11.19738],[122.083939,11.19737],[122.08773,11.1999]]]]}},{"type":"Feature","properties":{"ID_0":177,"ISO":"PHL","NAME_0":"Philippines","ID_1":6006,"NAME_1":"Antique","ID_2":600602,"NAME_2":"Barbaza","ID_3":600602023,"NAME_3":"Langcaon","NL_NAME_3":null,"VARNAME_3":null,"TYPE_3":"Barangay","ENGTYPE_3":"Village","PROVINCE":"Antique","REGION":"Region VI (Western Visayas)","id":"barangay-0600602023","name":"Langcaon","barangayCode":"0600602023","population":null,"formattedPop":null,"densityCategory":"No data","vulnerabilityRating":"No data","healthRiskLevel":"No data","areaKm2":44.02309,"centerLat":11.256099,"centerLng":122.16172,"geometrySource":"all_barangay-2.csv detailed WKT","geometryMatchMethod":"unique_official_admin_names","boundaryPointCount":117},"geometry":{"type":"MultiPolygon","coordinates":[[[[122.120148,11.25856],[122.122719,11.25967],[122.125381,11.26092],[122.126953,11.26121],[122.127563,11.26192],[122.127869,11.26272],[122.128113,11.26354],[122.128693,11.26468],[122.129478,11.26553],[122.129921,11.26615],[122.130142,11.26702],[122.130867,11.26786],[122.131683,11.2684],[122.132599,11.2684],[122.133453,11.2683],[122.134529,11.26894],[122.135368,11.26964],[122.13652,11.27011],[122.137398,11.27085],[122.138168,11.27201],[122.139214,11.27305],[122.139931,11.27309],[122.140793,11.27272],[122.140892,11.27214],[122.140984,11.27168],[122.141472,11.27125],[122.142014,11.2711],[122.142326,11.27182],[122.14299,11.27235],[122.143753,11.27284],[122.14473,11.27363],[122.145927,11.27399],[122.147247,11.27417],[122.148247,11.27477],[122.149384,11.27567],[122.150482,11.27583],[122.151253,11.27625],[122.153053,11.27669],[122.153687,11.27688],[122.154991,11.27758],[122.156609,11.27815],[122.15789,11.27829],[122.158951,11.27836],[122.16024,11.27903],[122.161438,11.27927],[122.162018,11.27926],[122.163116,11.27966],[122.16436,11.27895],[122.165176,11.27849],[122.16655,11.2782],[122.167587,11.27899],[122.168167,11.28036],[122.168533,11.28106],[122.168388,11.2817],[122.168861,11.28239],[122.169167,11.28304],[122.16935,11.28388],[122.169907,11.28487],[122.170441,11.2858],[122.170853,11.28626],[122.171333,11.28584],[122.171768,11.28532],[122.172249,11.28573],[122.172447,11.28655],[122.173233,11.28655],[122.173576,11.2862],[122.174332,11.28619],[122.174873,11.28558],[122.17495,11.28451],[122.175034,11.28375],[122.175568,11.28355],[122.176682,11.28346],[122.177513,11.28321],[122.178299,11.28282],[122.179466,11.28332],[122.180389,11.28372],[122.181358,11.2846],[122.182198,11.28538],[122.182823,11.28533],[122.183731,11.28444],[122.18409,11.28391],[122.184677,11.28388],[122.185997,11.2845],[122.186699,11.2849],[122.187462,11.2852],[122.188316,11.28522],[122.189018,11.28512],[122.189491,11.28482],[122.190247,11.28457],[122.191063,11.28497],[122.191681,11.28583],[122.192749,11.28631],[122.19339,11.28683],[122.194191,11.28769],[122.194794,11.28845],[122.195679,11.28906],[122.196388,11.28944],[122.196854,11.28942],[122.197922,11.28895],[122.199501,11.28878],[122.201714,11.28836],[122.203293,11.28852],[122.204086,11.28877],[122.20536,11.28905],[122.206367,11.28617],[122.207199,11.28481],[122.207291,11.27415],[122.20578,11.27215],[122.205627,11.26872],[122.205498,11.26583],[122.205093,11.25847],[122.204659,11.2466],[122.144791,11.23514],[122.121979,11.24685],[122.124672,11.25015],[122.124977,11.25134],[122.120148,11.25856]]]]}},{"type":"Feature","properties":{"ID_0":177,"ISO":"PHL","NAME_0":"Philippines","ID_1":6006,"NAME_1":"Antique","ID_2":600602,"NAME_2":"Barbaza","ID_3":600602024,"NAME_3":"Lisub","NL_NAME_3":null,"VARNAME_3":null,"TYPE_3":"Barangay","ENGTYPE_3":"Village","PROVINCE":"Antique","REGION":"Region VI (Western Visayas)","id":"barangay-0600602024","name":"Lisub","barangayCode":"0600602024","population":null,"formattedPop":null,"densityCategory":"No data","vulnerabilityRating":"No data","healthRiskLevel":"No data","areaKm2":0.647066,"centerLat":11.201969,"centerLng":122.039197,"geometrySource":"all_barangay-2.csv detailed WKT","geometryMatchMethod":"unique_official_admin_names","boundaryPointCount":29},"geometry":{"type":"MultiPolygon","coordinates":[[[[122.040001,11.20731],[122.043228,11.20615],[122.043114,11.20574],[122.043007,11.20534],[122.042648,11.20437],[122.042442,11.20386],[122.041168,11.20386],[122.040237,11.20309],[122.040047,11.20278],[122.039627,11.20273],[122.038254,11.20021],[122.03804,11.20009],[122.037422,11.20009],[122.036758,11.2004],[122.036407,11.20056],[122.036293,11.20141],[122.036453,11.20188],[122.036743,11.20271],[122.037041,11.20349],[122.037086,11.20402],[122.037025,11.204523],[122.037216,11.20472],[122.037498,11.20472],[122.038612,11.20583],[122.038612,11.20611],[122.039436,11.20694],[122.039719,11.20694],[122.040001,11.20722],[122.040001,11.20731]]]]}},{"type":"Feature","properties":{"ID_0":177,"ISO":"PHL","NAME_0":"Philippines","ID_1":6006,"NAME_1":"Antique","ID_2":600602,"NAME_2":"Barbaza","ID_3":600602025,"NAME_3":"Lumboyan","NL_NAME_3":null,"VARNAME_3":null,"TYPE_3":"Barangay","ENGTYPE_3":"Village","PROVINCE":"Antique","REGION":"Region VI (Western Visayas)","id":"barangay-0600602025","name":"Lumboyan","barangayCode":"0600602025","population":null,"formattedPop":null,"densityCategory":"No data","vulnerabilityRating":"No data","healthRiskLevel":"No data","areaKm2":9.648333,"centerLat":11.25048,"centerLng":122.109309,"geometrySource":"all_barangay-2.csv detailed WKT","geometryMatchMethod":"unique_official_admin_names","boundaryPointCount":15},"geometry":{"type":"MultiPolygon","coordinates":[[[[122.115402,11.2703],[122.120148,11.25856],[122.124977,11.25134],[122.124672,11.25015],[122.121979,11.24685],[122.120422,11.24502],[122.113579,11.2412],[122.104286,11.23616],[122.09922,11.2344],[122.091431,11.2413],[122.09314,11.24845],[122.100632,11.25782],[122.108002,11.26576],[122.113907,11.27018],[122.115402,11.2703]]]]}},{"type":"Feature","properties":{"ID_0":177,"ISO":"PHL","NAME_0":"Philippines","ID_1":6006,"NAME_1":"Antique","ID_2":600602,"NAME_2":"Barbaza","ID_3":600602026,"NAME_3":"Mablad","NL_NAME_3":null,"VARNAME_3":null,"TYPE_3":"Barangay","ENGTYPE_3":"Village","PROVINCE":"Antique","REGION":"Region VI (Western Visayas)","id":"barangay-0600602026","name":"Mablad","barangayCode":"0600602026","population":null,"formattedPop":null,"densityCategory":"No data","vulnerabilityRating":"No data","healthRiskLevel":"No data","areaKm2":2.005709,"centerLat":11.228095,"centerLng":122.089242,"geometrySource":"all_barangay-2.csv detailed WKT","geometryMatchMethod":"unique_official_admin_names","boundaryPointCount":31},"geometry":{"type":"MultiPolygon","coordinates":[[[[122.103287,11.22493],[122.087341,11.22243],[122.087708,11.22376],[122.08754,11.2243],[122.087517,11.22504],[122.087784,11.22573],[122.088661,11.22672],[122.088943,11.22666],[122.089088,11.22651],[122.089592,11.22635],[122.090309,11.22667],[122.090637,11.22709],[122.091331,11.2279],[122.092293,11.22807],[122.092857,11.22859],[122.093437,11.22922],[122.094437,11.22915],[122.095718,11.22887],[122.096153,11.22841],[122.096581,11.228],[122.096657,11.2272],[122.097183,11.22692],[122.098137,11.22672],[122.098602,11.22691],[122.099167,11.22683],[122.099709,11.2261],[122.100166,11.22541],[122.100807,11.22528],[122.101707,11.22542],[122.102692,11.22504],[122.103287,11.22493]]]]}},{"type":"Feature","properties":{"ID_0":177,"ISO":"PHL","NAME_0":"Philippines","ID_1":6006,"NAME_1":"Antique","ID_2":600602,"NAME_2":"Barbaza","ID_3":600602027,"NAME_3":"Magtulis","NL_NAME_3":null,"VARNAME_3":null,"TYPE_3":"Barangay","ENGTYPE_3":"Village","PROVINCE":"Antique","REGION":"Region VI (Western Visayas)","id":"barangay-0600602027","name":"Magtulis","barangayCode":"0600602027","population":null,"formattedPop":null,"densityCategory":"No data","vulnerabilityRating":"No data","healthRiskLevel":"No data","areaKm2":0.915305,"centerLat":11.197795,"centerLng":122.055952,"geometrySource":"all_barangay-2.csv detailed WKT","geometryMatchMethod":"unique_official_admin_names","boundaryPointCount":16},"geometry":{"type":"MultiPolygon","coordinates":[[[[122.054337,11.20662],[122.059837,11.20618],[122.060112,11.1894],[122.05368,11.18777],[122.047974,11.1888],[122.0485,11.18981],[122.04863,11.19069],[122.049049,11.19132],[122.049187,11.19207],[122.049339,11.19284],[122.049133,11.19389],[122.049316,11.19522],[122.051277,11.19976],[122.052727,11.20207],[122.054573,11.20571],[122.054337,11.20662]]]]}},{"type":"Feature","properties":{"ID_0":177,"ISO":"PHL","NAME_0":"Philippines","ID_1":6006,"NAME_1":"Antique","ID_2":600602,"NAME_2":"Barbaza","ID_3":600602028,"NAME_3":"Marigne","NL_NAME_3":null,"VARNAME_3":null,"TYPE_3":"Barangay","ENGTYPE_3":"Village","PROVINCE":"Antique","REGION":"Region VI (Western Visayas)","id":"barangay-0600602028","name":"Marigne","barangayCode":"0600602028","population":null,"formattedPop":null,"densityCategory":"No data","vulnerabilityRating":"No data","healthRiskLevel":"No data","areaKm2":2.426749,"centerLat":11.209819,"centerLng":122.108612,"geometrySource":"all_barangay-2.csv detailed WKT","geometryMatchMethod":"unique_official_admin_names","boundaryPointCount":7},"geometry":{"type":"MultiPolygon","coordinates":[[[[122.121979,11.24685],[122.144791,11.23514],[122.137016,11.23377],[122.124603,11.22497],[122.113579,11.2412],[122.120422,11.24502],[122.121979,11.24685]]]]}},{"type":"Feature","properties":{"ID_0":177,"ISO":"PHL","NAME_0":"Philippines","ID_1":6006,"NAME_1":"Antique","ID_2":600602,"NAME_2":"Barbaza","ID_3":600602029,"NAME_3":"Mayabay","NL_NAME_3":null,"VARNAME_3":null,"TYPE_3":"Barangay","ENGTYPE_3":"Village","PROVINCE":"Antique","REGION":"Region VI (Western Visayas)","id":"barangay-0600602029","name":"Mayabay","barangayCode":"0600602029","population":null,"formattedPop":null,"densityCategory":"No data","vulnerabilityRating":"No data","healthRiskLevel":"No data","areaKm2":18.162024,"centerLat":11.291705,"centerLng":122.17233,"geometrySource":"all_barangay-2.csv detailed WKT","geometryMatchMethod":"unique_official_admin_names","boundaryPointCount":222},"geometry":{"type":"MultiPolygon","coordinates":[[[[122.200073,11.31268],[122.201561,11.30961],[122.201683,11.30934],[122.201843,11.30896],[122.202309,11.30789],[122.202927,11.30605],[122.203651,11.30416],[122.204277,11.30177],[122.204552,11.30046],[122.204842,11.29911],[122.204948,11.29748],[122.205093,11.29543],[122.205238,11.29406],[122.205353,11.29298],[122.205421,11.29038],[122.20536,11.28905],[122.204086,11.28877],[122.203293,11.28852],[122.201714,11.28836],[122.199501,11.28878],[122.197922,11.28895],[122.196854,11.28942],[122.196388,11.28944],[122.195679,11.28906],[122.194794,11.28845],[122.194191,11.28769],[122.19339,11.28683],[122.192749,11.28631],[122.191681,11.28583],[122.191063,11.28497],[122.190247,11.28457],[122.189491,11.28482],[122.189018,11.28512],[122.188316,11.28522],[122.187462,11.2852],[122.186699,11.2849],[122.185997,11.2845],[122.184677,11.28388],[122.18409,11.28391],[122.183731,11.28444],[122.182823,11.28533],[122.182198,11.28538],[122.181358,11.2846],[122.180389,11.28372],[122.179466,11.28332],[122.178299,11.28282],[122.177513,11.28321],[122.176682,11.28346],[122.175568,11.28355],[122.175034,11.28375],[122.17495,11.28451],[122.174873,11.28558],[122.174332,11.28619],[122.173576,11.2862],[122.173233,11.28655],[122.172447,11.28655],[122.172249,11.28573],[122.171768,11.28532],[122.171333,11.28584],[122.170853,11.28626],[122.170441,11.2858],[122.169907,11.28487],[122.16935,11.28388],[122.169167,11.28304],[122.168861,11.28239],[122.168388,11.2817],[122.168533,11.28106],[122.168167,11.28036],[122.167587,11.27899],[122.16655,11.2782],[122.165176,11.27849],[122.16436,11.27895],[122.163116,11.27966],[122.162018,11.27926],[122.161438,11.27927],[122.16024,11.27903],[122.158951,11.27836],[122.15789,11.27829],[122.156609,11.27815],[122.154991,11.27758],[122.153687,11.27688],[122.153053,11.27669],[122.151253,11.27625],[122.150482,11.27583],[122.149384,11.27567],[122.148247,11.27477],[122.147247,11.27417],[122.145927,11.27399],[122.14473,11.27363],[122.143753,11.27284],[122.14299,11.27235],[122.142326,11.27182],[122.142014,11.2711],[122.141472,11.27125],[122.140984,11.27168],[122.140892,11.27214],[122.140793,11.27272],[122.139931,11.27309],[122.139214,11.27305],[122.138168,11.27201],[122.137398,11.27085],[122.13652,11.27011],[122.135368,11.26964],[122.134529,11.26894],[122.133453,11.2683],[122.132599,11.2684],[122.131683,11.2684],[122.130867,11.26786],[122.130142,11.26702],[122.129921,11.26615],[122.129478,11.26553],[122.128693,11.26468],[122.128113,11.26354],[122.127869,11.26272],[122.127563,11.26192],[122.126953,11.26121],[122.125381,11.26092],[122.122719,11.25967],[122.120148,11.25856],[122.115402,11.2703],[122.118187,11.27077],[122.120308,11.27096],[122.120743,11.27099],[122.121147,11.27089],[122.122124,11.27206],[122.122726,11.27309],[122.123161,11.27376],[122.123657,11.27431],[122.124191,11.27473],[122.124947,11.27482],[122.12558,11.27511],[122.126244,11.27557],[122.126953,11.27549],[122.127632,11.27545],[122.128639,11.27535],[122.12928,11.27575],[122.129501,11.27655],[122.129318,11.2774],[122.129677,11.27787],[122.130791,11.2782],[122.1315,11.27832],[122.132156,11.27891],[122.132599,11.2793],[122.133659,11.27967],[122.1343,11.27942],[122.135368,11.2789],[122.13588,11.27868],[122.136253,11.2786],[122.136742,11.2793],[122.136833,11.28047],[122.136627,11.28118],[122.136887,11.28216],[122.137413,11.28234],[122.138138,11.28267],[122.13868,11.28341],[122.139297,11.28381],[122.140106,11.28359],[122.141548,11.28394],[122.142433,11.28428],[122.142593,11.28431],[122.14344,11.2849],[122.143867,11.28583],[122.144302,11.28648],[122.144783,11.28675],[122.146133,11.28669],[122.147453,11.28583],[122.148178,11.28629],[122.149467,11.28698],[122.150177,11.28779],[122.150963,11.28837],[122.151573,11.28811],[122.15258,11.2882],[122.153023,11.28885],[122.153481,11.2891],[122.154503,11.28937],[122.156036,11.28914],[122.15741,11.28957],[122.15889,11.29036],[122.160172,11.29118],[122.161003,11.29241],[122.161827,11.29264],[122.162941,11.29271],[122.163971,11.29318],[122.164948,11.2939],[122.165787,11.29452],[122.166847,11.29563],[122.167671,11.29673],[122.168472,11.2974],[122.170212,11.29786],[122.17099,11.29843],[122.171242,11.29908],[122.171471,11.3],[122.171753,11.30098],[122.17292,11.30169],[122.173767,11.30213],[122.174294,11.30251],[122.174507,11.30275],[122.174919,11.30396],[122.175232,11.30435],[122.176277,11.30576],[122.176468,11.30702],[122.176781,11.30773],[122.177818,11.3086],[122.178772,11.30936],[122.179581,11.31043],[122.180351,11.3109],[122.181122,11.31163],[122.181374,11.31186],[122.181831,11.31251],[122.182137,11.31346],[122.182213,11.31484],[122.182121,11.31563],[122.182388,11.31644],[122.183273,11.31781],[122.184013,11.31852],[122.185043,11.31973],[122.185699,11.32075],[122.186058,11.32191],[122.189484,11.32491],[122.192062,11.32074],[122.195412,11.31685],[122.200073,11.31268]]]]}},{"type":"Feature","properties":{"ID_0":177,"ISO":"PHL","NAME_0":"Philippines","ID_1":6006,"NAME_1":"Antique","ID_2":600602,"NAME_2":"Barbaza","ID_3":600602030,"NAME_3":"Mayos","NL_NAME_3":null,"VARNAME_3":null,"TYPE_3":"Barangay","ENGTYPE_3":"Village","PROVINCE":"Antique","REGION":"Region VI (Western Visayas)","id":"barangay-0600602030","name":"Mayos","barangayCode":"0600602030","population":null,"formattedPop":null,"densityCategory":"No data","vulnerabilityRating":"No data","healthRiskLevel":"No data","areaKm2":1.107428,"centerLat":11.216067,"centerLng":122.08517,"geometrySource":"all_barangay-2.csv detailed WKT","geometryMatchMethod":"unique_official_admin_names","boundaryPointCount":8},"geometry":{"type":"MultiPolygon","coordinates":[[[[122.103287,11.22493],[122.110031,11.22076],[122.097961,11.21123],[122.094009,11.21151],[122.081947,11.21591],[122.084969,11.22245],[122.087341,11.22243],[122.103287,11.22493]]]]}},{"type":"Feature","properties":{"ID_0":177,"ISO":"PHL","NAME_0":"Philippines","ID_1":6006,"NAME_1":"Antique","ID_2":600602,"NAME_2":"Barbaza","ID_3":600602031,"NAME_3":"Nalusdan","NL_NAME_3":null,"VARNAME_3":null,"TYPE_3":"Barangay","ENGTYPE_3":"Village","PROVINCE":"Antique","REGION":"Region VI (Western Visayas)","id":"barangay-0600602031","name":"Nalusdan","barangayCode":"0600602031","population":null,"formattedPop":null,"densityCategory":"No data","vulnerabilityRating":"No data","healthRiskLevel":"No data","areaKm2":27.982144,"centerLat":11.314347,"centerLng":122.156356,"geometrySource":"all_barangay-2.csv detailed WKT","geometryMatchMethod":"unique_official_admin_names","boundaryPointCount":171},"geometry":{"type":"MultiPolygon","coordinates":[[[[122.18235,11.3429],[122.182938,11.33879],[122.184151,11.33533],[122.186401,11.33044],[122.189484,11.32491],[122.186058,11.32191],[122.185699,11.32075],[122.185043,11.31973],[122.184013,11.31852],[122.183273,11.31781],[122.182388,11.31644],[122.182121,11.31563],[122.182213,11.31484],[122.182137,11.31346],[122.181831,11.31251],[122.181374,11.31186],[122.181122,11.31163],[122.180351,11.3109],[122.179581,11.31043],[122.178772,11.30936],[122.177818,11.3086],[122.176781,11.30773],[122.176468,11.30702],[122.176277,11.30576],[122.175232,11.30435],[122.174919,11.30396],[122.174507,11.30275],[122.174294,11.30251],[122.173767,11.30213],[122.17292,11.30169],[122.171753,11.30098],[122.171471,11.3],[122.171242,11.29908],[122.17099,11.29843],[122.170212,11.29786],[122.168472,11.2974],[122.167671,11.29673],[122.166847,11.29563],[122.165787,11.29452],[122.164948,11.2939],[122.163971,11.29318],[122.162941,11.29271],[122.161827,11.29264],[122.161003,11.29241],[122.160172,11.29118],[122.15889,11.29036],[122.15741,11.28957],[122.156036,11.28914],[122.154503,11.28937],[122.153481,11.2891],[122.153023,11.28885],[122.15258,11.2882],[122.151573,11.28811],[122.150963,11.28837],[122.150177,11.28779],[122.149467,11.28698],[122.148178,11.28629],[122.147453,11.28583],[122.146133,11.28669],[122.144783,11.28675],[122.144302,11.28648],[122.143867,11.28583],[122.14344,11.2849],[122.142593,11.28431],[122.142433,11.28428],[122.141548,11.28394],[122.140106,11.28359],[122.139297,11.28381],[122.13868,11.28341],[122.138138,11.28267],[122.137413,11.28234],[122.136887,11.28216],[122.136627,11.28118],[122.136833,11.28047],[122.136742,11.2793],[122.136253,11.2786],[122.13588,11.27868],[122.135368,11.2789],[122.1343,11.27942],[122.133659,11.27967],[122.132599,11.2793],[122.130257,11.28556],[122.128929,11.29295],[122.128258,11.29636],[122.127274,11.29977],[122.126266,11.30403],[122.124268,11.30745],[122.123611,11.31086],[122.123878,11.31318],[122.124893,11.3127],[122.125549,11.31289],[122.126266,11.31285],[122.126083,11.31378],[122.126038,11.31478],[122.126358,11.31592],[122.12735,11.31656],[122.127434,11.31726],[122.127861,11.31784],[122.128571,11.31795],[122.128761,11.31877],[122.128677,11.31943],[122.128899,11.32109],[122.127724,11.32156],[122.126823,11.32174],[122.125908,11.32241],[122.125977,11.32341],[122.126678,11.32397],[122.127037,11.3248],[122.126472,11.32541],[122.126579,11.32617],[122.127281,11.32671],[122.12764,11.32638],[122.128448,11.32624],[122.129288,11.32624],[122.12986,11.3271],[122.130447,11.32851],[122.131012,11.32976],[122.131683,11.33017],[122.132713,11.33062],[122.134018,11.33096],[122.134941,11.3308],[122.135872,11.32951],[122.136574,11.32911],[122.137413,11.32885],[122.138039,11.32916],[122.138412,11.33035],[122.139297,11.33039],[122.140068,11.3301],[122.140587,11.33117],[122.141479,11.33155],[122.142372,11.33038],[122.142883,11.32945],[122.144081,11.33029],[122.144653,11.33081],[122.145477,11.33049],[122.146103,11.32993],[122.147209,11.32943],[122.147629,11.32906],[122.148521,11.32879],[122.148857,11.32913],[122.150192,11.32791],[122.151802,11.32678],[122.152611,11.32683],[122.153481,11.32666],[122.154129,11.32597],[122.154343,11.32491],[122.155502,11.32545],[122.156761,11.32567],[122.15757,11.32556],[122.158592,11.3254],[122.158989,11.32636],[122.159111,11.3276],[122.15966,11.32893],[122.159843,11.33083],[122.160439,11.33206],[122.160583,11.33376],[122.160599,11.33524],[122.160072,11.33728],[122.159973,11.33823],[122.159233,11.33891],[122.158539,11.34016],[122.157951,11.34082],[122.159607,11.34251],[122.160622,11.34291],[122.161926,11.34333],[122.162666,11.34411],[122.163208,11.34482],[122.163513,11.34542],[122.164398,11.34616],[122.173653,11.34447],[122.18235,11.3429]]]]}},{"type":"Feature","properties":{"ID_0":177,"ISO":"PHL","NAME_0":"Philippines","ID_1":6006,"NAME_1":"Antique","ID_2":600602,"NAME_2":"Barbaza","ID_3":600602032,"NAME_3":"Narirong","NL_NAME_3":null,"VARNAME_3":null,"TYPE_3":"Barangay","ENGTYPE_3":"Village","PROVINCE":"Antique","REGION":"Region VI (Western Visayas)","id":"barangay-0600602032","name":"Narirong","barangayCode":"0600602032","population":null,"formattedPop":null,"densityCategory":"No data","vulnerabilityRating":"No data","healthRiskLevel":"No data","areaKm2":1.929248,"centerLat":11.179019,"centerLng":122.064442,"geometrySource":"all_barangay-2.csv detailed WKT","geometryMatchMethod":"unique_official_admin_names","boundaryPointCount":7},"geometry":{"type":"MultiPolygon","coordinates":[[[[122.060112,11.1894],[122.068321,11.19163],[122.069252,11.17452],[122.056343,11.17495],[122.055634,11.17728],[122.05368,11.18777],[122.060112,11.1894]]]]}},{"type":"Feature","properties":{"ID_0":177,"ISO":"PHL","NAME_0":"Philippines","ID_1":6006,"NAME_1":"Antique","ID_2":600602,"NAME_2":"Barbaza","ID_3":600602033,"NAME_3":"Palma","NL_NAME_3":null,"VARNAME_3":null,"TYPE_3":"Barangay","ENGTYPE_3":"Village","PROVINCE":"Antique","REGION":"Region VI (Western Visayas)","id":"barangay-0600602033","name":"Palma","barangayCode":"0600602033","population":null,"formattedPop":null,"densityCategory":"No data","vulnerabilityRating":"No data","healthRiskLevel":"No data","areaKm2":0.865954,"centerLat":11.231459,"centerLng":122.06051,"geometrySource":"all_barangay-2.csv detailed WKT","geometryMatchMethod":"unique_official_admin_names","boundaryPointCount":41},"geometry":{"type":"MultiPolygon","coordinates":[[[[122.068733,11.23794],[122.068932,11.22902],[122.065239,11.22903],[122.062088,11.22927],[122.053047,11.22992],[122.053047,11.23],[122.052971,11.23009],[122.05278,11.23028],[122.05278,11.23083],[122.052498,11.23111],[122.052498,11.23139],[122.052223,11.23167],[122.052223,11.23194],[122.051941,11.23222],[122.051941,11.23278],[122.051666,11.23306],[122.051666,11.23444],[122.051392,11.23472],[122.051392,11.235],[122.051109,11.23528],[122.051109,11.23544],[122.051407,11.23539],[122.051628,11.23535],[122.052063,11.23535],[122.052437,11.23581],[122.053169,11.23646],[122.053787,11.23674],[122.054298,11.23688],[122.054832,11.2369],[122.055634,11.23678],[122.056519,11.23692],[122.057137,11.23752],[122.058121,11.23784],[122.058693,11.23773],[122.059669,11.23775],[122.061699,11.23806],[122.062866,11.23788],[122.064003,11.2381],[122.064789,11.23826],[122.065689,11.23819],[122.068733,11.23794]]]]}},{"type":"Feature","properties":{"ID_0":177,"ISO":"PHL","NAME_0":"Philippines","ID_1":6006,"NAME_1":"Antique","ID_2":600602,"NAME_2":"Barbaza","ID_3":600602034,"NAME_3":"Poblacion","NL_NAME_3":null,"VARNAME_3":null,"TYPE_3":"Barangay","ENGTYPE_3":"Village","PROVINCE":"Antique","REGION":"Region VI (Western Visayas)","id":"barangay-0600602034","name":"Poblacion","barangayCode":"0600602034","population":null,"formattedPop":null,"densityCategory":"No data","vulnerabilityRating":"No data","healthRiskLevel":"No data","areaKm2":1.179225,"centerLat":11.193674,"centerLng":122.040542,"geometrySource":"all_barangay-2.csv detailed WKT","geometryMatchMethod":"unique_official_admin_names","boundaryPointCount":74},"geometry":{"type":"MultiPolygon","coordinates":[[[[122.038254,11.20021],[122.038933,11.20005],[122.039459,11.1993],[122.039352,11.19909],[122.039383,11.19874],[122.039993,11.1984],[122.041328,11.19833],[122.042,11.19839],[122.042824,11.19886],[122.043068,11.19938],[122.043533,11.20004],[122.044388,11.19972],[122.044998,11.19878],[122.045387,11.19815],[122.046173,11.19698],[122.047211,11.19653],[122.047737,11.1967],[122.048607,11.19669],[122.049187,11.19623],[122.049316,11.19522],[122.049133,11.19389],[122.049339,11.19284],[122.049187,11.19207],[122.049049,11.19132],[122.04863,11.19069],[122.0485,11.18981],[122.047974,11.1888],[122.045517,11.18919],[122.043983,11.18954],[122.033058,11.18981],[122.033058,11.19028],[122.032784,11.19056],[122.033058,11.19083],[122.033058,11.19111],[122.03389,11.19194],[122.034554,11.19205],[122.034897,11.19239],[122.035042,11.1926],[122.035393,11.19301],[122.035461,11.1935],[122.03553,11.19405],[122.03553,11.1946],[122.035461,11.19515],[122.035248,11.19584],[122.035179,11.19653],[122.03511,11.19709],[122.035042,11.19757],[122.034828,11.19805],[122.03476,11.1986],[122.034721,11.19944],[122.034157,11.19972],[122.034447,11.2],[122.034447,11.20028],[122.034721,11.20056],[122.034721,11.20083],[122.035004,11.20111],[122.035004,11.20139],[122.035553,11.20194],[122.035553,11.20222],[122.035843,11.2025],[122.035843,11.20278],[122.036392,11.20333],[122.036392,11.20389],[122.037025,11.204523],[122.037086,11.20402],[122.037041,11.20349],[122.036743,11.20271],[122.036453,11.20188],[122.036293,11.20141],[122.036407,11.20056],[122.036758,11.2004],[122.037422,11.20009],[122.03804,11.20009],[122.038254,11.20021]]]]}},{"type":"Feature","properties":{"ID_0":177,"ISO":"PHL","NAME_0":"Philippines","ID_1":6006,"NAME_1":"Antique","ID_2":600602,"NAME_2":"Barbaza","ID_3":600602035,"NAME_3":"San Antonio","NL_NAME_3":null,"VARNAME_3":null,"TYPE_3":"Barangay","ENGTYPE_3":"Village","PROVINCE":"Antique","REGION":"Region VI (Western Visayas)","id":"barangay-0600602035","name":"San Antonio","barangayCode":"0600602035","population":null,"formattedPop":null,"densityCategory":"No data","vulnerabilityRating":"No data","healthRiskLevel":"No data","areaKm2":2.111058,"centerLat":11.24358,"centerLng":122.055784,"geometrySource":"all_barangay-2.csv detailed WKT","geometryMatchMethod":"unique_official_admin_names","boundaryPointCount":46},"geometry":{"type":"MultiPolygon","coordinates":[[[[122.049316,11.25041],[122.05069,11.2506],[122.051971,11.25047],[122.053162,11.25023],[122.053627,11.25011],[122.054482,11.24929],[122.055481,11.24847],[122.057243,11.24726],[122.058563,11.24697],[122.060127,11.24696],[122.060944,11.24336],[122.060379,11.24316],[122.059662,11.24261],[122.058228,11.24222],[122.057114,11.24222],[122.05629,11.24246],[122.055527,11.24258],[122.054672,11.24211],[122.054169,11.24188],[122.053146,11.24233],[122.052193,11.24294],[122.051903,11.24281],[122.051392,11.24271],[122.050621,11.24298],[122.05011,11.24316],[122.049667,11.24321],[122.0495,11.24306],[122.049454,11.24296],[122.049232,11.24272],[122.048859,11.24253],[122.048607,11.24278],[122.048607,11.24333],[122.048332,11.24361],[122.048332,11.24445],[122.048058,11.24472],[122.048058,11.24667],[122.048332,11.24694],[122.048332,11.24778],[122.048607,11.24806],[122.048607,11.24833],[122.048889,11.24861],[122.048889,11.24902],[122.048889,11.24917],[122.049156,11.24944],[122.049156,11.25028],[122.049316,11.25041]]]]}},{"type":"Feature","properties":{"ID_0":177,"ISO":"PHL","NAME_0":"Philippines","ID_1":6006,"NAME_1":"Antique","ID_2":600602,"NAME_2":"Barbaza","ID_3":600602036,"NAME_3":"San Ramon","NL_NAME_3":null,"VARNAME_3":null,"TYPE_3":"Barangay","ENGTYPE_3":"Village","PROVINCE":"Antique","REGION":"Region VI (Western Visayas)","id":"barangay-0600602036","name":"San Ramon","barangayCode":"0600602036","population":null,"formattedPop":null,"densityCategory":"No data","vulnerabilityRating":"No data","healthRiskLevel":"No data","areaKm2":1.573956,"centerLat":11.198872,"centerLng":122.1071,"geometrySource":"all_barangay-2.csv detailed WKT","geometryMatchMethod":"unique_official_admin_names","boundaryPointCount":12},"geometry":{"type":"MultiPolygon","coordinates":[[[[122.097961,11.21123],[122.095154,11.20447],[122.090286,11.20691],[122.087387,11.20674],[122.08461,11.20662],[122.081711,11.20647],[122.081001,11.21137],[122.081329,11.21248],[122.081444,11.21384],[122.081947,11.21591],[122.094009,11.21151],[122.097961,11.21123]]]]}},{"type":"Feature","properties":{"ID_0":177,"ISO":"PHL","NAME_0":"Philippines","ID_1":6006,"NAME_1":"Antique","ID_2":600602,"NAME_2":"Barbaza","ID_3":600602037,"NAME_3":"Soligao","NL_NAME_3":null,"VARNAME_3":null,"TYPE_3":"Barangay","ENGTYPE_3":"Village","PROVINCE":"Antique","REGION":"Region VI (Western Visayas)","id":"barangay-0600602037","name":"Soligao","barangayCode":"0600602037","population":null,"formattedPop":null,"densityCategory":"No data","vulnerabilityRating":"No data","healthRiskLevel":"No data","areaKm2":1.930416,"centerLat":11.248565,"centerLng":122.0828,"geometrySource":"all_barangay-2.csv detailed WKT","geometryMatchMethod":"unique_official_admin_names","boundaryPointCount":63},"geometry":{"type":"MultiPolygon","coordinates":[[[[122.085823,11.26634],[122.091263,11.25884],[122.09314,11.24845],[122.091431,11.2413],[122.084534,11.23976],[122.08445,11.23947],[122.084671,11.23948],[122.084251,11.23902],[122.083946,11.23845],[122.083847,11.23828],[122.083847,11.23812],[122.084137,11.23767],[122.084923,11.23595],[122.084824,11.23485],[122.084717,11.23399],[122.084778,11.23318],[122.085297,11.23233],[122.085823,11.23211],[122.086578,11.23199],[122.087227,11.23185],[122.087357,11.23156],[122.087212,11.23122],[122.087624,11.22995],[122.088158,11.22921],[122.088531,11.22843],[122.088623,11.22748],[122.088577,11.22703],[122.088943,11.22666],[122.088661,11.22672],[122.087784,11.22573],[122.087517,11.22504],[122.08754,11.2243],[122.087708,11.22376],[122.087341,11.22243],[122.084969,11.22245],[122.079857,11.22903],[122.078789,11.2373],[122.077362,11.24983],[122.075981,11.24993],[122.074951,11.24978],[122.074127,11.24975],[122.073433,11.24981],[122.07267,11.25064],[122.073891,11.25132],[122.074287,11.25345],[122.073967,11.25567],[122.073853,11.25745],[122.07473,11.25864],[122.075996,11.25949],[122.075912,11.25959],[122.075996,11.26102],[122.076668,11.26227],[122.07756,11.26277],[122.078659,11.26322],[122.079376,11.26416],[122.080193,11.26508],[122.080887,11.26533],[122.081146,11.26535],[122.082069,11.26596],[122.082947,11.26587],[122.084267,11.26589],[122.085411,11.26637],[122.085823,11.26634]]]]}},{"type":"Feature","properties":{"ID_0":177,"ISO":"PHL","NAME_0":"Philippines","ID_1":6006,"NAME_1":"Antique","ID_2":600602,"NAME_2":"Barbaza","ID_3":600602038,"NAME_3":"Tabongtabong","NL_NAME_3":null,"VARNAME_3":null,"TYPE_3":"Barangay","ENGTYPE_3":"Village","PROVINCE":"Antique","REGION":"Region VI (Western Visayas)","id":"barangay-0600602038","name":"Tabongtabong","barangayCode":"0600602038","population":null,"formattedPop":null,"densityCategory":"No data","vulnerabilityRating":"No data","healthRiskLevel":"No data","areaKm2":2.632961,"centerLat":11.170396,"centerLng":122.082524,"geometrySource":"all_barangay-2.csv detailed WKT","geometryMatchMethod":"unique_official_admin_names","boundaryPointCount":26},"geometry":{"type":"MultiPolygon","coordinates":[[[[122.095154,11.20447],[122.098389,11.2011],[122.100288,11.19942],[122.100853,11.1979],[122.101089,11.19755],[122.10173,11.19718],[122.102417,11.19696],[122.103249,11.19665],[122.103561,11.19648],[122.104362,11.19575],[122.104713,11.19535],[122.104202,11.19468],[122.103828,11.19409],[122.103172,11.19392],[122.102257,11.19295],[122.101707,11.19237],[122.100967,11.19208],[122.100227,11.19153],[122.098907,11.19155],[122.098213,11.19046],[122.098106,11.1899],[122.097771,11.18899],[122.097382,11.18848],[122.096779,11.18773],[122.08773,11.1999],[122.095154,11.20447]]]]}},{"type":"Feature","properties":{"ID_0":177,"ISO":"PHL","NAME_0":"Philippines","ID_1":6006,"NAME_1":"Antique","ID_2":600602,"NAME_2":"Barbaza","ID_3":600602039,"NAME_3":"Tig-Alaran","NL_NAME_3":null,"VARNAME_3":null,"TYPE_3":"Barangay","ENGTYPE_3":"Village","PROVINCE":"Antique","REGION":"Region VI (Western Visayas)","id":"barangay-0600602039","name":"Tig-Alaran","barangayCode":"0600602039","population":null,"formattedPop":null,"densityCategory":"No data","vulnerabilityRating":"No data","healthRiskLevel":"No data","areaKm2":2.757227,"centerLat":11.183848,"centerLng":122.073915,"geometrySource":"all_barangay-2.csv detailed WKT","geometryMatchMethod":"unique_official_admin_names","boundaryPointCount":9},"geometry":{"type":"MultiPolygon","coordinates":[[[[122.068138,11.19794],[122.080948,11.19738],[122.085258,11.18698],[122.087784,11.18123],[122.082352,11.17833],[122.076569,11.17672],[122.069252,11.17452],[122.068321,11.19163],[122.068138,11.19794]]]]}},{"type":"Feature","properties":{"ID_0":177,"ISO":"PHL","NAME_0":"Philippines","ID_1":6006,"NAME_1":"Antique","ID_2":600602,"NAME_2":"Barbaza","ID_3":600602040,"NAME_3":"Yapo","NL_NAME_3":null,"VARNAME_3":null,"TYPE_3":"Barangay","ENGTYPE_3":"Village","PROVINCE":"Antique","REGION":"Region VI (Western Visayas)","id":"barangay-0600602040","name":"Yapo","barangayCode":"0600602040","population":null,"formattedPop":null,"densityCategory":"No data","vulnerabilityRating":"No data","healthRiskLevel":"No data","areaKm2":1.072561,"centerLat":11.185622,"centerLng":122.039215,"geometrySource":"all_barangay-2.csv detailed WKT","geometryMatchMethod":"unique_official_admin_names","boundaryPointCount":22},"geometry":{"type":"MultiPolygon","coordinates":[[[[122.033058,11.18981],[122.043983,11.18954],[122.043877,11.1829],[122.035767,11.18328],[122.034767,11.18406],[122.034241,11.18496],[122.034157,11.18516],[122.034157,11.18528],[122.034088,11.18535],[122.03389,11.18556],[122.03389,11.18588],[122.03389,11.18611],[122.033783,11.18622],[122.033607,11.18639],[122.033607,11.18697],[122.033607,11.18778],[122.033409,11.18798],[122.033333,11.18806],[122.033333,11.18841],[122.033333,11.18861],[122.033058,11.18889],[122.033058,11.18981]]]]}},{"type":"Feature","properties":{"ID_0":177,"ISO":"PHL","NAME_0":"Philippines","ID_1":6006,"NAME_1":"Antique","ID_2":600603,"NAME_2":"Belison","ID_3":600603001,"NAME_3":"Borocboroc","NL_NAME_3":null,"VARNAME_3":null,"TYPE_3":"Barangay","ENGTYPE_3":"Village","PROVINCE":"Antique","REGION":"Region VI (Western Visayas)","id":"barangay-0600603001","name":"Borocboroc","barangayCode":"0600603001","population":null,"formattedPop":null,"densityCategory":"No data","vulnerabilityRating":"No data","healthRiskLevel":"No data","areaKm2":1.177652,"centerLat":10.858791,"centerLng":121.9671,"geometrySource":"all_barangay-2.csv detailed WKT","geometryMatchMethod":"unique_official_admin_names","boundaryPointCount":52},"geometry":{"type":"MultiPolygon","coordinates":[[[[121.974762,10.86239],[121.974998,10.86178],[121.976624,10.86077],[121.977417,10.86062],[121.978256,10.85917],[121.979012,10.85815],[121.978882,10.85665],[121.977837,10.85472],[121.977707,10.85374],[121.97776,10.85267],[121.977112,10.85267],[121.976173,10.85303],[121.975021,10.85372],[121.972504,10.8553],[121.971642,10.85601],[121.969994,10.85708],[121.968033,10.85793],[121.967056,10.85812],[121.966454,10.85744],[121.965919,10.85718],[121.964767,10.85749],[121.964333,10.85784],[121.963387,10.85791],[121.962189,10.85816],[121.96183,10.85902],[121.96096,10.85918],[121.960808,10.85935],[121.960869,10.85946],[121.961113,10.85984],[121.961319,10.86019],[121.961388,10.86056],[121.961937,10.86111],[121.961937,10.86139],[121.962784,10.86222],[121.962784,10.8625],[121.963608,10.86333],[121.963608,10.86389],[121.96389,10.86417],[121.96389,10.86444],[121.964157,10.86472],[121.964157,10.86528],[121.964218,10.86546],[121.964417,10.86581],[121.964668,10.86618],[121.96479,10.86615],[121.96611,10.86526],[121.967194,10.86528],[121.967979,10.86473],[121.968323,10.86435],[121.969498,10.86447],[121.973373,10.86229],[121.974762,10.86239]]]]}},{"type":"Feature","properties":{"ID_0":177,"ISO":"PHL","NAME_0":"Philippines","ID_1":6006,"NAME_1":"Antique","ID_2":600603,"NAME_2":"Belison","ID_3":600603002,"NAME_3":"Buenavista","NL_NAME_3":null,"VARNAME_3":null,"TYPE_3":"Barangay","ENGTYPE_3":"Village","PROVINCE":"Antique","REGION":"Region VI (Western Visayas)","id":"barangay-0600603002","name":"Buenavista","barangayCode":"0600603002","population":null,"formattedPop":null,"densityCategory":"No data","vulnerabilityRating":"No data","healthRiskLevel":"No data","areaKm2":17.170878,"centerLat":10.855837,"centerLng":121.995964,"geometrySource":"all_barangay-2.csv detailed WKT","geometryMatchMethod":"unique_official_admin_names","boundaryPointCount":103},"geometry":{"type":"MultiPolygon","coordinates":[[[[121.994164,10.8708],[122.003822,10.87262],[122.020416,10.87603],[122.024582,10.87612],[122.027946,10.87572],[122.031914,10.8743],[122.034752,10.87259],[122.039322,10.86987],[122.041344,10.86817],[122.039864,10.86808],[122.039558,10.86731],[122.039063,10.86679],[122.038383,10.86624],[122.038048,10.8658],[122.038147,10.86479],[122.037827,10.86438],[122.037819,10.86357],[122.037437,10.8629],[122.036903,10.86243],[122.036423,10.86183],[122.036461,10.86114],[122.036461,10.86094],[122.036217,10.86033],[122.035744,10.8599],[122.035332,10.85983],[122.034447,10.85991],[122.033577,10.85967],[122.032806,10.8598],[122.032127,10.85907],[122.031647,10.85818],[122.030937,10.85764],[122.0308,10.85723],[122.030998,10.85662],[122.030296,10.85611],[122.029678,10.85591],[122.029404,10.85542],[122.029762,10.85467],[122.030067,10.85415],[122.030586,10.85365],[122.031097,10.85343],[122.030724,10.85224],[122.03054,10.85167],[122.030457,10.851],[122.030579,10.85032],[122.031349,10.84924],[122.031326,10.84855],[122.031273,10.84815],[122.031517,10.84738],[122.032181,10.84668],[122.032951,10.84626],[122.033012,10.84586],[122.032661,10.84554],[122.032204,10.84534],[122.031403,10.84501],[122.031097,10.84454],[122.031258,10.84351],[122.031914,10.84272],[122.031937,10.84227],[122.031738,10.84201],[122.031128,10.84181],[122.030251,10.84156],[122.030052,10.84115],[122.029869,10.84069],[122.029167,10.84061],[122.028633,10.84136],[122.028168,10.84068],[122.028557,10.84014],[122.029068,10.83972],[122.029297,10.83899],[122.028526,10.83825],[122.019073,10.83842],[122.003754,10.83879],[121.997498,10.83868],[121.988724,10.83844],[121.986778,10.83744],[121.985588,10.83717],[121.984512,10.83661],[121.972504,10.84027],[121.975327,10.84421],[121.976227,10.84494],[121.976387,10.84563],[121.9767,10.84754],[121.977318,10.84958],[121.977783,10.85075],[121.97789,10.85209],[121.97776,10.85267],[121.977707,10.85374],[121.977837,10.85472],[121.978882,10.85665],[121.979012,10.85815],[121.978256,10.85917],[121.977417,10.86062],[121.976624,10.86077],[121.974998,10.86178],[121.974762,10.86239],[121.97551,10.86289],[121.976173,10.86358],[121.977333,10.86385],[121.978027,10.86388],[121.979057,10.86428],[121.97982,10.86537],[121.980522,10.86879],[121.994164,10.8708]]]]}},{"type":"Feature","properties":{"ID_0":177,"ISO":"PHL","NAME_0":"Philippines","ID_1":6006,"NAME_1":"Antique","ID_2":600603,"NAME_2":"Belison","ID_3":600603003,"NAME_3":"Concepcion","NL_NAME_3":null,"VARNAME_3":null,"TYPE_3":"Barangay","ENGTYPE_3":"Village","PROVINCE":"Antique","REGION":"Region VI (Western Visayas)","id":"barangay-0600603003","name":"Concepcion","barangayCode":"0600603003","population":null,"formattedPop":null,"densityCategory":"No data","vulnerabilityRating":"No data","healthRiskLevel":"No data","areaKm2":0.988282,"centerLat":10.822288,"centerLng":121.970306,"geometrySource":"all_barangay-2.csv detailed WKT","geometryMatchMethod":"unique_official_admin_names","boundaryPointCount":20},"geometry":{"type":"MultiPolygon","coordinates":[[[[121.969963,10.82901],[121.972359,10.82752],[121.974426,10.8263],[121.975883,10.82549],[121.976707,10.82493],[121.977081,10.82473],[121.971657,10.81637],[121.97023,10.81703],[121.969276,10.81717],[121.96859,10.81716],[121.968048,10.81748],[121.967598,10.81775],[121.967087,10.81817],[121.966614,10.81856],[121.966301,10.81853],[121.965691,10.81853],[121.965233,10.8187],[121.96434,10.81879],[121.969368,10.82796],[121.969963,10.82901]]]]}},{"type":"Feature","properties":{"ID_0":177,"ISO":"PHL","NAME_0":"Philippines","ID_1":6006,"NAME_1":"Antique","ID_2":600603,"NAME_2":"Belison","ID_3":600603004,"NAME_3":"Delima","NL_NAME_3":null,"VARNAME_3":null,"TYPE_3":"Barangay","ENGTYPE_3":"Village","PROVINCE":"Antique","REGION":"Region VI (Western Visayas)","id":"barangay-0600603004","name":"Delima","barangayCode":"0600603004","population":null,"formattedPop":null,"densityCategory":"No data","vulnerabilityRating":"No data","healthRiskLevel":"No data","areaKm2":1.349753,"centerLat":10.851142,"centerLng":121.965911,"geometrySource":"all_barangay-2.csv detailed WKT","geometryMatchMethod":"unique_official_admin_names","boundaryPointCount":52},"geometry":{"type":"MultiPolygon","coordinates":[[[[121.957848,10.853024],[121.95787,10.85313],[121.958092,10.85359],[121.958679,10.85507],[121.9589,10.85534],[121.959137,10.85561],[121.959389,10.85591],[121.959633,10.85627],[121.959793,10.85671],[121.959953,10.85713],[121.960022,10.85743],[121.96006,10.85757],[121.960243,10.85801],[121.960472,10.85848],[121.960632,10.85903],[121.960808,10.85935],[121.96096,10.85918],[121.96183,10.85902],[121.962189,10.85816],[121.963387,10.85791],[121.964333,10.85784],[121.964767,10.85749],[121.965919,10.85718],[121.966454,10.85744],[121.967056,10.85812],[121.968033,10.85793],[121.969994,10.85708],[121.971642,10.85601],[121.972504,10.8553],[121.975021,10.85372],[121.976173,10.85303],[121.977112,10.85267],[121.97776,10.85267],[121.97789,10.85209],[121.977783,10.85075],[121.977318,10.84958],[121.9767,10.84754],[121.976387,10.84563],[121.976227,10.84494],[121.975327,10.84421],[121.974274,10.8449],[121.972343,10.84607],[121.97126,10.8458],[121.969276,10.84668],[121.968193,10.84745],[121.965439,10.84838],[121.963837,10.84943],[121.962837,10.85018],[121.961792,10.85051],[121.960114,10.85099],[121.957733,10.85251],[121.957848,10.853024]]]]}},{"type":"Feature","properties":{"ID_0":177,"ISO":"PHL","NAME_0":"Philippines","ID_1":6006,"NAME_1":"Antique","ID_2":600603,"NAME_2":"Belison","ID_3":600603005,"NAME_3":"Ipil","NL_NAME_3":null,"VARNAME_3":null,"TYPE_3":"Barangay","ENGTYPE_3":"Village","PROVINCE":"Antique","REGION":"Region VI (Western Visayas)","id":"barangay-0600603005","name":"Ipil","barangayCode":"0600603005","population":null,"formattedPop":null,"densityCategory":"No data","vulnerabilityRating":"No data","healthRiskLevel":"No data","areaKm2":1.054103,"centerLat":10.84511,"centerLng":121.964827,"geometrySource":"all_barangay-2.csv detailed WKT","geometryMatchMethod":"unique_official_admin_names","boundaryPointCount":66},"geometry":{"type":"MultiPolygon","coordinates":[[[[121.956589,10.84959],[121.956841,10.85027],[121.956978,10.8511],[121.95726,10.85193],[121.957848,10.853024],[121.957733,10.85251],[121.960114,10.85099],[121.961792,10.85051],[121.962837,10.85018],[121.963837,10.84943],[121.965439,10.84838],[121.968193,10.84745],[121.969276,10.84668],[121.97126,10.8458],[121.972343,10.84607],[121.974274,10.8449],[121.975327,10.84421],[121.972504,10.84027],[121.970451,10.83746],[121.969414,10.83644],[121.969139,10.83578],[121.968887,10.83386],[121.968002,10.83426],[121.966949,10.83465],[121.966187,10.83514],[121.966148,10.83526],[121.966316,10.83581],[121.966667,10.83657],[121.96756,10.83719],[121.968513,10.8378],[121.968567,10.83811],[121.968292,10.83831],[121.967522,10.83838],[121.966843,10.8385],[121.966423,10.83919],[121.966614,10.83958],[121.967239,10.83985],[121.967842,10.83949],[121.96875,10.83986],[121.968826,10.84023],[121.968239,10.84112],[121.967751,10.84125],[121.967323,10.84099],[121.966713,10.8413],[121.965714,10.84148],[121.963547,10.84199],[121.962936,10.84246],[121.962311,10.84277],[121.962212,10.84288],[121.962227,10.84394],[121.961838,10.84409],[121.961639,10.84437],[121.961807,10.84506],[121.961922,10.84553],[121.961792,10.84651],[121.960999,10.84692],[121.960152,10.84685],[121.959709,10.84716],[121.959053,10.84758],[121.958107,10.84803],[121.95771,10.84839],[121.957329,10.84855],[121.957352,10.84882],[121.957047,10.84907],[121.956741,10.84952],[121.956589,10.84959]]]]}},{"type":"Feature","properties":{"ID_0":177,"ISO":"PHL","NAME_0":"Philippines","ID_1":6006,"NAME_1":"Antique","ID_2":600603,"NAME_2":"Belison","ID_3":600603006,"NAME_3":"Maradiona","NL_NAME_3":null,"VARNAME_3":null,"TYPE_3":"Barangay","ENGTYPE_3":"Village","PROVINCE":"Antique","REGION":"Region VI (Western Visayas)","id":"barangay-0600603006","name":"Maradiona","barangayCode":"0600603006","population":null,"formattedPop":null,"densityCategory":"No data","vulnerabilityRating":"No data","healthRiskLevel":"No data","areaKm2":1.091693,"centerLat":10.866904,"centerLng":121.970006,"geometrySource":"all_barangay-2.csv detailed WKT","geometryMatchMethod":"unique_official_admin_names","boundaryPointCount":34},"geometry":{"type":"MultiPolygon","coordinates":[[[[121.980522,10.86879],[121.97982,10.86537],[121.979057,10.86428],[121.978027,10.86388],[121.977333,10.86385],[121.976173,10.86358],[121.97551,10.86289],[121.974762,10.86239],[121.973373,10.86229],[121.969498,10.86447],[121.968323,10.86435],[121.967979,10.86473],[121.967194,10.86528],[121.96611,10.86526],[121.96479,10.86615],[121.964668,10.86618],[121.964844,10.86652],[121.964958,10.8669],[121.964996,10.86734],[121.96505,10.8678],[121.965187,10.86829],[121.965446,10.8688],[121.965714,10.86931],[121.965767,10.86941],[121.965973,10.86978],[121.96611,10.87028],[121.96611,10.87042],[121.96611,10.87056],[121.966393,10.87083],[121.966393,10.87222],[121.966713,10.87254],[121.966812,10.87264],[121.978477,10.86838],[121.980522,10.86879]]]]}},{"type":"Feature","properties":{"ID_0":177,"ISO":"PHL","NAME_0":"Philippines","ID_1":6006,"NAME_1":"Antique","ID_2":600603,"NAME_2":"Belison","ID_3":600603007,"NAME_3":"Mojon","NL_NAME_3":null,"VARNAME_3":null,"TYPE_3":"Barangay","ENGTYPE_3":"Village","PROVINCE":"Antique","REGION":"Region VI (Western Visayas)","id":"barangay-0600603007","name":"Mojon","barangayCode":"0600603007","population":null,"formattedPop":null,"densityCategory":"No data","vulnerabilityRating":"No data","healthRiskLevel":"No data","areaKm2":1.703105,"centerLat":10.83168,"centerLng":121.976101,"geometrySource":"all_barangay-2.csv detailed WKT","geometryMatchMethod":"unique_official_admin_names","boundaryPointCount":18},"geometry":{"type":"MultiPolygon","coordinates":[[[[121.984512,10.83661],[121.9832,10.8355],[121.982323,10.83308],[121.981438,10.83094],[121.979568,10.82759],[121.978897,10.8237],[121.977081,10.82473],[121.976707,10.82493],[121.975883,10.82549],[121.974426,10.8263],[121.972359,10.82752],[121.969963,10.82901],[121.968887,10.83386],[121.969139,10.83578],[121.969414,10.83644],[121.970451,10.83746],[121.972504,10.84027],[121.984512,10.83661]]]]}},{"type":"Feature","properties":{"ID_0":177,"ISO":"PHL","NAME_0":"Philippines","ID_1":6006,"NAME_1":"Antique","ID_2":600603,"NAME_2":"Belison","ID_3":600603008,"NAME_3":"Poblacion","NL_NAME_3":null,"VARNAME_3":null,"TYPE_3":"Barangay","ENGTYPE_3":"Village","PROVINCE":"Antique","REGION":"Region VI (Western Visayas)","id":"barangay-0600603008","name":"Poblacion","barangayCode":"0600603008","population":null,"formattedPop":null,"densityCategory":"No data","vulnerabilityRating":"No data","healthRiskLevel":"No data","areaKm2":1.877798,"centerLat":10.838933,"centerLng":121.962118,"geometrySource":"all_barangay-2.csv detailed WKT","geometryMatchMethod":"unique_official_admin_names","boundaryPointCount":80},"geometry":{"type":"MultiPolygon","coordinates":[[[[121.953468,10.83497],[121.953506,10.83548],[121.953583,10.83599],[121.953728,10.83651],[121.953911,10.83702],[121.954163,10.83752],[121.954407,10.83803],[121.95459,10.83859],[121.954567,10.83924],[121.954681,10.8399],[121.95475,10.84059],[121.955307,10.84114],[121.955231,10.84239],[121.955231,10.84329],[121.955307,10.84405],[121.955307,10.84501],[121.955437,10.8455],[121.955513,10.84626],[121.95565,10.8475],[121.955933,10.84847],[121.956284,10.84888],[121.956558,10.84951],[121.956589,10.84959],[121.956741,10.84952],[121.957047,10.84907],[121.957352,10.84882],[121.957329,10.84855],[121.95771,10.84839],[121.958107,10.84803],[121.959053,10.84758],[121.959709,10.84716],[121.960152,10.84685],[121.960999,10.84692],[121.961792,10.84651],[121.961922,10.84553],[121.961807,10.84506],[121.961639,10.84437],[121.961838,10.84409],[121.962227,10.84394],[121.962212,10.84288],[121.962311,10.84277],[121.962936,10.84246],[121.963547,10.84199],[121.965714,10.84148],[121.966713,10.8413],[121.967323,10.84099],[121.967751,10.84125],[121.968239,10.84112],[121.968826,10.84023],[121.96875,10.83986],[121.967842,10.83949],[121.967239,10.83985],[121.966614,10.83958],[121.966423,10.83919],[121.966843,10.8385],[121.967522,10.83838],[121.968292,10.83831],[121.968567,10.83811],[121.968513,10.8378],[121.96756,10.83719],[121.966667,10.83657],[121.966316,10.83581],[121.966148,10.83526],[121.966187,10.83514],[121.966949,10.83465],[121.968002,10.83426],[121.968887,10.83386],[121.969963,10.82901],[121.969368,10.82796],[121.963707,10.83184],[121.961067,10.83229],[121.956291,10.83356],[121.956093,10.83397],[121.955811,10.8343],[121.955353,10.83477],[121.955017,10.83515],[121.954933,10.83486],[121.954674,10.8349],[121.954071,10.83478],[121.953468,10.83497]]]]}},{"type":"Feature","properties":{"ID_0":177,"ISO":"PHL","NAME_0":"Philippines","ID_1":6006,"NAME_1":"Antique","ID_2":600603,"NAME_2":"Belison","ID_3":600603009,"NAME_3":"Rombang","NL_NAME_3":null,"VARNAME_3":null,"TYPE_3":"Barangay","ENGTYPE_3":"Village","PROVINCE":"Antique","REGION":"Region VI (Western Visayas)","id":"barangay-0600603009","name":"Rombang","barangayCode":"0600603009","population":null,"formattedPop":null,"densityCategory":"No data","vulnerabilityRating":"No data","healthRiskLevel":"No data","areaKm2":0.951676,"centerLat":10.817392,"centerLng":121.975373,"geometrySource":"all_barangay-2.csv detailed WKT","geometryMatchMethod":"unique_official_admin_names","boundaryPointCount":9},"geometry":{"type":"MultiPolygon","coordinates":[[[[121.978897,10.8237],[121.978317,10.82035],[121.9776,10.81827],[121.975708,10.81601],[121.974586,10.81403],[121.972778,10.81355],[121.971657,10.81637],[121.977081,10.82473],[121.978897,10.8237]]]]}},{"type":"Feature","properties":{"ID_0":177,"ISO":"PHL","NAME_0":"Philippines","ID_1":6006,"NAME_1":"Antique","ID_2":600603,"NAME_2":"Belison","ID_3":600603010,"NAME_3":"Salvacion","NL_NAME_3":null,"VARNAME_3":null,"TYPE_3":"Barangay","ENGTYPE_3":"Village","PROVINCE":"Antique","REGION":"Region VI (Western Visayas)","id":"barangay-0600603010","name":"Salvacion","barangayCode":"0600603010","population":null,"formattedPop":null,"densityCategory":"No data","vulnerabilityRating":"No data","healthRiskLevel":"No data","areaKm2":0.645257,"centerLat":10.827542,"centerLng":121.953856,"geometrySource":"all_barangay-2.csv detailed WKT","geometryMatchMethod":"unique_official_admin_names","boundaryPointCount":64},"geometry":{"type":"MultiPolygon","coordinates":[[[[121.956291,10.83356],[121.956444,10.83253],[121.956871,10.83201],[121.95752,10.83149],[121.958008,10.83083],[121.958458,10.83039],[121.957909,10.82833],[121.957481,10.82503],[121.957207,10.82346],[121.956413,10.82387],[121.956032,10.82459],[121.955589,10.82496],[121.954674,10.82538],[121.953537,10.82567],[121.95282,10.82555],[121.952011,10.82532],[121.951843,10.82535],[121.95137,10.82525],[121.950943,10.82527],[121.950798,10.82548],[121.950668,10.8253],[121.950623,10.82544],[121.950623,10.82565],[121.950691,10.82606],[121.950974,10.82634],[121.95118,10.82634],[121.951248,10.8263],[121.951523,10.82613],[121.951668,10.82599],[121.951813,10.82599],[121.951942,10.82634],[121.952011,10.82661],[121.952011,10.82689],[121.951942,10.8271],[121.951797,10.82717],[121.951668,10.82724],[121.951248,10.82724],[121.950897,10.82765],[121.950897,10.82807],[121.951111,10.82855],[121.951263,10.82912],[121.951508,10.82949],[121.951691,10.82988],[121.951889,10.83025],[121.952042,10.83064],[121.952179,10.83104],[121.952187,10.83148],[121.952133,10.83193],[121.952263,10.83233],[121.952423,10.83272],[121.952629,10.83311],[121.952812,10.83353],[121.953033,10.83392],[121.953262,10.83452],[121.953468,10.83493],[121.953468,10.83497],[121.954071,10.83478],[121.954674,10.8349],[121.954933,10.83486],[121.955017,10.83515],[121.955353,10.83477],[121.955811,10.8343],[121.956093,10.83397],[121.956291,10.83356]]]]}},{"type":"Feature","properties":{"ID_0":177,"ISO":"PHL","NAME_0":"Philippines","ID_1":6006,"NAME_1":"Antique","ID_2":600603,"NAME_2":"Belison","ID_3":600603011,"NAME_3":"Sinaja","NL_NAME_3":null,"VARNAME_3":null,"TYPE_3":"Barangay","ENGTYPE_3":"Village","PROVINCE":"Antique","REGION":"Region VI (Western Visayas)","id":"barangay-0600603011","name":"Sinaja","barangayCode":"0600603011","population":null,"formattedPop":null,"densityCategory":"No data","vulnerabilityRating":"No data","healthRiskLevel":"No data","areaKm2":1.815082,"centerLat":10.828667,"centerLng":121.962055,"geometrySource":"all_barangay-2.csv detailed WKT","geometryMatchMethod":"unique_official_admin_names","boundaryPointCount":23},"geometry":{"type":"MultiPolygon","coordinates":[[[[121.956291,10.83356],[121.961067,10.83229],[121.963707,10.83184],[121.969368,10.82796],[121.96434,10.81879],[121.963593,10.81935],[121.962639,10.81965],[121.962334,10.82002],[121.961662,10.82111],[121.960876,10.82147],[121.960388,10.8217],[121.959503,10.82211],[121.958603,10.82273],[121.95771,10.82287],[121.957207,10.82346],[121.957481,10.82503],[121.957909,10.82833],[121.958458,10.83039],[121.958008,10.83083],[121.95752,10.83149],[121.956871,10.83201],[121.956444,10.83253],[121.956291,10.83356]]]]}},{"type":"Feature","properties":{"ID_0":177,"ISO":"PHL","NAME_0":"Philippines","ID_1":6006,"NAME_1":"Antique","ID_2":600604,"NAME_2":"Bugasong","ID_3":600604001,"NAME_3":"Anilawan","NL_NAME_3":null,"VARNAME_3":null,"TYPE_3":"Barangay","ENGTYPE_3":"Village","PROVINCE":"Antique","REGION":"Region VI (Western Visayas)","id":"barangay-0600604001","name":"Anilawan","barangayCode":"0600604001","population":null,"formattedPop":null,"densityCategory":"No data","vulnerabilityRating":"No data","healthRiskLevel":"No data","areaKm2":1.883895,"centerLat":11.066264,"centerLng":122.09951,"geometrySource":"all_barangay-2.csv detailed WKT","geometryMatchMethod":"unique_official_admin_names","boundaryPointCount":27},"geometry":{"type":"MultiPolygon","coordinates":[[[[122.089638,11.07737],[122.093086,11.07554],[122.101891,11.073],[122.104286,11.0698],[122.10466,11.06957],[122.10582,11.06647],[122.104797,11.06644],[122.103554,11.06653],[122.101936,11.0665],[122.100487,11.06644],[122.099297,11.06687],[122.098343,11.06661],[122.097931,11.06589],[122.097519,11.0649],[122.097107,11.06356],[122.096649,11.0623],[122.095573,11.06133],[122.094994,11.06086],[122.094307,11.06112],[122.093193,11.06181],[122.091568,11.06254],[122.090897,11.06304],[122.085548,11.0662],[122.086731,11.06995],[122.08567,11.07017],[122.085403,11.07503],[122.089638,11.07737]]]]}},{"type":"Feature","properties":{"ID_0":177,"ISO":"PHL","NAME_0":"Philippines","ID_1":6006,"NAME_1":"Antique","ID_2":600604,"NAME_2":"Bugasong","ID_3":600604002,"NAME_3":"Arangote","NL_NAME_3":null,"VARNAME_3":null,"TYPE_3":"Barangay","ENGTYPE_3":"Village","PROVINCE":"Antique","REGION":"Region VI (Western Visayas)","id":"barangay-0600604002","name":"Arangote","barangayCode":"0600604002","population":null,"formattedPop":null,"densityCategory":"No data","vulnerabilityRating":"No data","healthRiskLevel":"No data","areaKm2":5.481643,"centerLat":10.996765,"centerLng":122.070697,"geometrySource":"all_barangay-2.csv detailed WKT","geometryMatchMethod":"unique_official_admin_names","boundaryPointCount":34},"geometry":{"type":"MultiPolygon","coordinates":[[[[122.077797,11.01334],[122.078621,11.01275],[122.079453,11.01073],[122.080688,11.00909],[122.081688,11.00791],[122.082481,11.00636],[122.082253,11.00447],[122.081543,11.00295],[122.081284,11.00097],[122.081863,10.99981],[122.081833,10.99808],[122.081169,10.99661],[122.080116,10.99451],[122.079483,10.99202],[122.079353,10.99053],[122.079903,10.98975],[122.080589,10.98948],[122.081337,10.98877],[122.069992,10.98425],[122.067596,10.98551],[122.065666,11.00485],[122.066566,11.00568],[122.067528,11.00627],[122.068764,11.00748],[122.069206,11.00839],[122.070343,11.0098],[122.070976,11.01106],[122.07196,11.01189],[122.072746,11.01231],[122.074051,11.01288],[122.074852,11.01292],[122.076187,11.0131],[122.077141,11.01336],[122.077797,11.01334]]]]}},{"type":"Feature","properties":{"ID_0":177,"ISO":"PHL","NAME_0":"Philippines","ID_1":6006,"NAME_1":"Antique","ID_2":600604,"NAME_2":"Bugasong","ID_3":600604003,"NAME_3":"Bagtason","NL_NAME_3":null,"VARNAME_3":null,"TYPE_3":"Barangay","ENGTYPE_3":"Village","PROVINCE":"Antique","REGION":"Region VI (Western Visayas)","id":"barangay-0600604003","name":"Bagtason","barangayCode":"0600604003","population":null,"formattedPop":null,"densityCategory":"No data","vulnerabilityRating":"No data","healthRiskLevel":"No data","areaKm2":3.860293,"centerLat":11.003267,"centerLng":122.08625,"geometrySource":"all_barangay-2.csv detailed WKT","geometryMatchMethod":"unique_official_admin_names","boundaryPointCount":30},"geometry":{"type":"MultiPolygon","coordinates":[[[[122.097603,10.99629],[122.083168,10.98944],[122.081337,10.98877],[122.080589,10.98948],[122.079903,10.98975],[122.079353,10.99053],[122.079483,10.99202],[122.080116,10.99451],[122.081169,10.99661],[122.081833,10.99808],[122.081863,10.99981],[122.081284,11.00097],[122.081543,11.00295],[122.082253,11.00447],[122.082481,11.00636],[122.081688,11.00791],[122.080688,11.00909],[122.079453,11.01073],[122.078621,11.01275],[122.077797,11.01334],[122.077904,11.01342],[122.07859,11.01361],[122.07917,11.01349],[122.080177,11.01348],[122.081131,11.01305],[122.081917,11.01301],[122.082611,11.01246],[122.08342,11.01248],[122.095367,11.01252],[122.097603,10.99629]]]]}},{"type":"Feature","properties":{"ID_0":177,"ISO":"PHL","NAME_0":"Philippines","ID_1":6006,"NAME_1":"Antique","ID_2":600604,"NAME_2":"Bugasong","ID_3":600604004,"NAME_3":"Camangahan","NL_NAME_3":null,"VARNAME_3":null,"TYPE_3":"Barangay","ENGTYPE_3":"Village","PROVINCE":"Antique","REGION":"Region VI (Western Visayas)","id":"barangay-0600604004","name":"Camangahan","barangayCode":"0600604004","population":null,"formattedPop":null,"densityCategory":"No data","vulnerabilityRating":"No data","healthRiskLevel":"No data","areaKm2":1.774432,"centerLat":11.027809,"centerLng":122.058861,"geometrySource":"all_barangay-2.csv detailed WKT","geometryMatchMethod":"unique_official_admin_names","boundaryPointCount":32},"geometry":{"type":"MultiPolygon","coordinates":[[[[122.058311,11.03384],[122.06691,11.03104],[122.066879,11.02723],[122.061569,11.02352],[122.05072,11.02725],[122.050262,11.02749],[122.050552,11.02778],[122.050827,11.02778],[122.051109,11.02806],[122.051109,11.02833],[122.052223,11.02944],[122.052498,11.02944],[122.052498,11.02972],[122.05278,11.03],[122.052498,11.03028],[122.05278,11.03056],[122.05278,11.03083],[122.053047,11.03111],[122.053337,11.03111],[122.053337,11.03139],[122.053612,11.03167],[122.053612,11.03194],[122.053886,11.03222],[122.053886,11.0325],[122.053612,11.03278],[122.053612,11.0336],[122.053612,11.03389],[122.053886,11.03417],[122.053612,11.03444],[122.053612,11.03455],[122.054314,11.03445],[122.058311,11.03384]]]]}},{"type":"Feature","properties":{"ID_0":177,"ISO":"PHL","NAME_0":"Philippines","ID_1":6006,"NAME_1":"Antique","ID_2":600604,"NAME_2":"Bugasong","ID_3":600604005,"NAME_3":"Cubay North","NL_NAME_3":null,"VARNAME_3":null,"TYPE_3":"Barangay","ENGTYPE_3":"Village","PROVINCE":"Antique","REGION":"Region VI (Western Visayas)","id":"barangay-0600604005","name":"Cubay North","barangayCode":"0600604005","population":null,"formattedPop":null,"densityCategory":"No data","vulnerabilityRating":"No data","healthRiskLevel":"No data","areaKm2":1.280189,"centerLat":11.073253,"centerLng":122.059648,"geometrySource":"all_barangay-2.csv detailed WKT","geometryMatchMethod":"unique_official_admin_names","boundaryPointCount":31},"geometry":{"type":"MultiPolygon","coordinates":[[[[122.068817,11.08224],[122.064507,11.07498],[122.060577,11.07526],[122.060173,11.07448],[122.060822,11.07346],[122.06089,11.07162],[122.059174,11.07146],[122.059196,11.07008],[122.058067,11.06965],[122.057632,11.069],[122.056,11.06813],[122.055183,11.06841],[122.055252,11.0714],[122.055313,11.072],[122.056389,11.07199],[122.056503,11.07241],[122.05584,11.07282],[122.056412,11.07319],[122.056007,11.07347],[122.056213,11.07393],[122.055367,11.07444],[122.055634,11.07555],[122.05513,11.07589],[122.055222,11.07698],[122.053619,11.07711],[122.051743,11.07819],[122.053337,11.07845],[122.053802,11.07901],[122.066162,11.08262],[122.067757,11.08211],[122.068817,11.08224]]]]}},{"type":"Feature","properties":{"ID_0":177,"ISO":"PHL","NAME_0":"Philippines","ID_1":6006,"NAME_1":"Antique","ID_2":600604,"NAME_2":"Bugasong","ID_3":600604006,"NAME_3":"Cubay South","NL_NAME_3":null,"VARNAME_3":null,"TYPE_3":"Barangay","ENGTYPE_3":"Village","PROVINCE":"Antique","REGION":"Region VI (Western Visayas)","id":"barangay-0600604006","name":"Cubay South","barangayCode":"0600604006","population":null,"formattedPop":null,"densityCategory":"No data","vulnerabilityRating":"No data","healthRiskLevel":"No data","areaKm2":2.473252,"centerLat":11.063446,"centerLng":122.065423,"geometrySource":"all_barangay-2.csv detailed WKT","geometryMatchMethod":"unique_official_admin_names","boundaryPointCount":49},"geometry":{"type":"MultiPolygon","coordinates":[[[[122.072479,11.07294],[122.073067,11.07292],[122.073303,11.07124],[122.072632,11.07004],[122.072708,11.06801],[122.077118,11.06671],[122.074966,11.06444],[122.075272,11.06053],[122.076424,11.06009],[122.07502,11.05929],[122.077309,11.05741],[122.077263,11.05575],[122.075981,11.05601],[122.075279,11.05649],[122.07428,11.05571],[122.076157,11.05379],[122.075783,11.05289],[122.059624,11.05365],[122.06134,11.05813],[122.058037,11.059],[122.057831,11.05929],[122.057518,11.05978],[122.058273,11.06069],[122.056831,11.06218],[122.056267,11.06177],[122.055733,11.06263],[122.056152,11.06353],[122.056213,11.06404],[122.056717,11.06439],[122.056503,11.06505],[122.056587,11.06606],[122.055962,11.06724],[122.055344,11.06726],[122.055183,11.06841],[122.056,11.06813],[122.057632,11.069],[122.058067,11.06965],[122.059196,11.07008],[122.059174,11.07146],[122.06089,11.07162],[122.060822,11.07346],[122.060173,11.07448],[122.060577,11.07526],[122.064507,11.07498],[122.068039,11.07336],[122.067841,11.07241],[122.070213,11.07156],[122.072456,11.07216],[122.072479,11.07294]]]]}},{"type":"Feature","properties":{"ID_0":177,"ISO":"PHL","NAME_0":"Philippines","ID_1":6006,"NAME_1":"Antique","ID_2":600604,"NAME_2":"Bugasong","ID_3":600604009,"NAME_3":"Guija","NL_NAME_3":null,"VARNAME_3":null,"TYPE_3":"Barangay","ENGTYPE_3":"Village","PROVINCE":"Antique","REGION":"Region VI (Western Visayas)","id":"barangay-0600604009","name":"Guija","barangayCode":"0600604009","population":null,"formattedPop":null,"densityCategory":"No data","vulnerabilityRating":"No data","healthRiskLevel":"No data","areaKm2":1.544584,"centerLat":11.05215,"centerLng":122.054447,"geometrySource":"all_barangay-2.csv detailed WKT","geometryMatchMethod":"unique_official_admin_names","boundaryPointCount":51},"geometry":{"type":"MultiPolygon","coordinates":[[[[122.0467,11.0583],[122.047089,11.05875],[122.047409,11.05895],[122.047974,11.05855],[122.048637,11.05811],[122.048843,11.0578],[122.049011,11.05734],[122.049217,11.05672],[122.049927,11.0565],[122.050591,11.05649],[122.051323,11.0559],[122.054527,11.05709],[122.054573,11.05776],[122.055847,11.05834],[122.056808,11.05833],[122.056793,11.05897],[122.057831,11.05929],[122.058037,11.059],[122.06134,11.05813],[122.059624,11.05365],[122.059517,11.05271],[122.059837,11.0519],[122.059448,11.05165],[122.059769,11.04993],[122.057617,11.04929],[122.055763,11.04586],[122.050842,11.04593],[122.050926,11.04579],[122.049721,11.04595],[122.049721,11.04667],[122.049454,11.04694],[122.049454,11.0475],[122.049156,11.04778],[122.049156,11.04889],[122.048889,11.04917],[122.048889,11.05],[122.048607,11.05028],[122.048607,11.05111],[122.048332,11.05139],[122.048332,11.05278],[122.048058,11.05306],[122.048058,11.05389],[122.047783,11.05417],[122.047783,11.05472],[122.047234,11.05528],[122.047234,11.05556],[122.046669,11.05611],[122.046669,11.05722],[122.046944,11.0575],[122.046944,11.05806],[122.0467,11.0583]]]]}},{"type":"Feature","properties":{"ID_0":177,"ISO":"PHL","NAME_0":"Philippines","ID_1":6006,"NAME_1":"Antique","ID_2":600604,"NAME_2":"Bugasong","ID_3":600604010,"NAME_3":"Igbalangao","NL_NAME_3":null,"VARNAME_3":null,"TYPE_3":"Barangay","ENGTYPE_3":"Village","PROVINCE":"Antique","REGION":"Region VI (Western Visayas)","id":"barangay-0600604010","name":"Igbalangao","barangayCode":"0600604010","population":null,"formattedPop":null,"densityCategory":"No data","vulnerabilityRating":"No data","healthRiskLevel":"No data","areaKm2":2.791655,"centerLat":11.012623,"centerLng":122.065885,"geometrySource":"all_barangay-2.csv detailed WKT","geometryMatchMethod":"unique_official_admin_names","boundaryPointCount":28},"geometry":{"type":"MultiPolygon","coordinates":[[[[122.066833,11.02063],[122.074852,11.01292],[122.074051,11.01288],[122.072746,11.01231],[122.07196,11.01189],[122.070976,11.01106],[122.070343,11.0098],[122.069206,11.00839],[122.068764,11.00748],[122.067528,11.00627],[122.066566,11.00568],[122.065666,11.00485],[122.064934,11.00417],[122.063843,11.00355],[122.062813,11.00328],[122.062347,11.0031],[122.061913,11.00391],[122.061172,11.00484],[122.060257,11.00583],[122.059509,11.00725],[122.058929,11.00849],[122.058487,11.0094],[122.057823,11.01031],[122.057259,11.01115],[122.056587,11.01179],[122.056099,11.01209],[122.060677,11.01962],[122.066833,11.02063]]]]}},{"type":"Feature","properties":{"ID_0":177,"ISO":"PHL","NAME_0":"Philippines","ID_1":6006,"NAME_1":"Antique","ID_2":600604,"NAME_2":"Bugasong","ID_3":600604011,"NAME_3":"Igsoro","NL_NAME_3":null,"VARNAME_3":null,"TYPE_3":"Barangay","ENGTYPE_3":"Village","PROVINCE":"Antique","REGION":"Region VI (Western Visayas)","id":"barangay-0600604011","name":"Igsoro","barangayCode":"0600604011","population":null,"formattedPop":null,"densityCategory":"No data","vulnerabilityRating":"No data","healthRiskLevel":"No data","areaKm2":83.139565,"centerLat":11.146298,"centerLng":122.177184,"geometrySource":"all_barangay-2.csv detailed WKT","geometryMatchMethod":"unique_official_admin_names","boundaryPointCount":198},"geometry":{"type":"MultiPolygon","coordinates":[[[[122.210228,11.22045],[122.209259,11.21489],[122.207863,11.20812],[122.208481,11.20084],[122.210159,11.19209],[122.213081,11.183],[122.215073,11.17531],[122.215553,11.17303],[122.217934,11.16678],[122.221222,11.15969],[122.224892,11.15377],[122.228683,11.1501],[122.231537,11.14796],[122.235687,11.14448],[122.23735,11.14251],[122.238586,11.14105],[122.238777,11.14075],[122.238876,11.1406],[122.238411,11.14011],[122.237427,11.13909],[122.237503,11.139],[122.242104,11.13314],[122.239517,11.1327],[122.236343,11.1324],[122.236298,11.13245],[122.229248,11.13182],[122.224747,11.13127],[122.217323,11.12988],[122.210876,11.12835],[122.204964,11.12692],[122.198563,11.12468],[122.193657,11.12203],[122.189163,11.11865],[122.187607,11.11736],[122.185944,11.11582],[122.184837,11.11411],[122.180817,11.10855],[122.17939,11.10644],[122.176132,11.10164],[122.173286,11.09766],[122.171494,11.09515],[122.168243,11.09091],[122.166893,11.08862],[122.162323,11.08137],[122.157944,11.07542],[122.151772,11.06822],[122.130043,11.07045],[122.116913,11.0944],[122.119583,11.10099],[122.123001,11.10793],[122.124924,11.11218],[122.127472,11.11788],[122.135246,11.12522],[122.143188,11.13292],[122.152847,11.15789],[122.152733,11.15815],[122.152557,11.15855],[122.151703,11.15871],[122.151283,11.15993],[122.150467,11.16097],[122.149307,11.16182],[122.148819,11.1628],[122.148987,11.16326],[122.149651,11.16269],[122.150436,11.16257],[122.151131,11.16216],[122.151176,11.16222],[122.151863,11.16307],[122.152802,11.16327],[122.153259,11.16357],[122.153313,11.16361],[122.15316,11.16475],[122.1521,11.16517],[122.151283,11.16661],[122.149277,11.16662],[122.149162,11.16662],[122.149063,11.16662],[122.148613,11.16673],[122.147842,11.16696],[122.14724,11.1675],[122.147263,11.16838],[122.148102,11.1685],[122.148651,11.16858],[122.150673,11.16797],[122.151443,11.16778],[122.152603,11.16845],[122.15258,11.16889],[122.152557,11.1693],[122.152267,11.17032],[122.15242,11.17112],[122.151443,11.17138],[122.149986,11.17258],[122.149818,11.17303],[122.149651,11.17348],[122.150726,11.17347],[122.150879,11.17347],[122.151337,11.17383],[122.152031,11.17397],[122.152351,11.17298],[122.152924,11.17337],[122.153664,11.17387],[122.154167,11.17489],[122.153519,11.17594],[122.152901,11.1767],[122.152519,11.17837],[122.151939,11.17881],[122.151497,11.17914],[122.150818,11.18011],[122.151016,11.18053],[122.151237,11.18098],[122.152046,11.18137],[122.152351,11.18242],[122.152344,11.18346],[122.152382,11.18437],[122.153473,11.18522],[122.154839,11.18454],[122.155113,11.18323],[122.15432,11.18178],[122.154381,11.1809],[122.155602,11.18018],[122.15638,11.17997],[122.156517,11.17911],[122.156807,11.17852],[122.157463,11.179],[122.157547,11.17977],[122.157539,11.18042],[122.157227,11.18164],[122.156776,11.18249],[122.156532,11.18337],[122.157623,11.18489],[122.157829,11.18507],[122.158112,11.18531],[122.158508,11.18656],[122.159477,11.18732],[122.159958,11.18855],[122.160347,11.18861],[122.160782,11.18868],[122.161362,11.18923],[122.160423,11.18973],[122.160316,11.19085],[122.160652,11.19098],[122.160919,11.19109],[122.162331,11.19133],[122.163513,11.19104],[122.164192,11.19193],[122.165321,11.19366],[122.165848,11.19305],[122.166481,11.19205],[122.16732,11.19101],[122.167686,11.19118],[122.168037,11.19135],[122.168007,11.19203],[122.167999,11.19239],[122.168694,11.19278],[122.168823,11.1946],[122.168098,11.19572],[122.168549,11.19739],[122.169594,11.19743],[122.170738,11.19669],[122.171371,11.1959],[122.17202,11.19627],[122.171852,11.19747],[122.171989,11.19893],[122.172943,11.19869],[122.17379,11.19879],[122.173981,11.19881],[122.174103,11.19917],[122.174316,11.19979],[122.175194,11.2],[122.175392,11.20038],[122.175697,11.20092],[122.176498,11.20144],[122.17598,11.20298],[122.176353,11.20398],[122.178123,11.20515],[122.178833,11.20563],[122.179466,11.20562],[122.179688,11.20584],[122.179916,11.20661],[122.180527,11.20745],[122.180946,11.20742],[122.181297,11.20739],[122.182617,11.20837],[122.183327,11.2085],[122.184113,11.20863],[122.184738,11.20788],[122.185204,11.20797],[122.185738,11.20808],[122.186317,11.20881],[122.186546,11.20911],[122.186577,11.21011],[122.187073,11.21082],[122.200668,11.21117],[122.201218,11.21119],[122.201248,11.2114],[122.201714,11.21484],[122.205177,11.21727],[122.210228,11.22045]]]]}},{"type":"Feature","properties":{"ID_0":177,"ISO":"PHL","NAME_0":"Philippines","ID_1":6006,"NAME_1":"Antique","ID_2":600604,"NAME_2":"Bugasong","ID_3":600604012,"NAME_3":"Ilaures","NL_NAME_3":null,"VARNAME_3":null,"TYPE_3":"Barangay","ENGTYPE_3":"Village","PROVINCE":"Antique","REGION":"Region VI (Western Visayas)","id":"barangay-0600604012","name":"Ilaures","barangayCode":"0600604012","population":null,"formattedPop":null,"densityCategory":"No data","vulnerabilityRating":"No data","healthRiskLevel":"No data","areaKm2":2.295325,"centerLat":11.018804,"centerLng":122.050307,"geometrySource":"all_barangay-2.csv detailed WKT","geometryMatchMethod":"unique_official_admin_names","boundaryPointCount":69},"geometry":{"type":"MultiPolygon","coordinates":[[[[122.050262,11.02749],[122.05072,11.02725],[122.061569,11.02352],[122.066879,11.02723],[122.066833,11.02063],[122.060677,11.01962],[122.056099,11.01209],[122.055344,11.01232],[122.054047,11.01249],[122.052719,11.01262],[122.051888,11.01257],[122.051498,11.01245],[122.051193,11.01216],[122.050842,11.01191],[122.049911,11.01147],[122.049057,11.01127],[122.048103,11.01113],[122.04747,11.01134],[122.046707,11.01164],[122.045647,11.01216],[122.04454,11.0125],[122.043953,11.01263],[122.042938,11.01282],[122.041183,11.0132],[122.040939,11.01321],[122.040588,11.01294],[122.04023,11.0127],[122.03981,11.01257],[122.03949,11.01231],[122.0392,11.011657],[122.038887,11.01194],[122.038887,11.01202],[122.038887,11.01389],[122.038612,11.01417],[122.038612,11.01472],[122.038887,11.015],[122.038887,11.01528],[122.039436,11.01583],[122.039436,11.01639],[122.039169,11.01667],[122.039169,11.0175],[122.039436,11.01778],[122.039436,11.01806],[122.040001,11.01861],[122.040001,11.01889],[122.040558,11.01944],[122.040558,11.01972],[122.041389,11.02056],[122.041656,11.02056],[122.044998,11.02389],[122.04528,11.02389],[122.045563,11.02417],[122.045677,11.02405],[122.04583,11.02389],[122.046669,11.02417],[122.046669,11.02444],[122.047234,11.02472],[122.047234,11.025],[122.047501,11.02528],[122.048058,11.02556],[122.047997,11.02561],[122.047783,11.02583],[122.048607,11.02667],[122.048889,11.02667],[122.049156,11.02694],[122.049454,11.02694],[122.049721,11.02722],[122.050003,11.02722],[122.050262,11.02749]]]]}},{"type":"Feature","properties":{"ID_0":177,"ISO":"PHL","NAME_0":"Philippines","ID_1":6006,"NAME_1":"Antique","ID_2":600604,"NAME_2":"Bugasong","ID_3":600604013,"NAME_3":"Jinalinan","NL_NAME_3":null,"VARNAME_3":null,"TYPE_3":"Barangay","ENGTYPE_3":"Village","PROVINCE":"Antique","REGION":"Region VI (Western Visayas)","id":"barangay-0600604013","name":"Jinalinan","barangayCode":"0600604013","population":null,"formattedPop":null,"densityCategory":"No data","vulnerabilityRating":"No data","healthRiskLevel":"No data","areaKm2":1.069697,"centerLat":11.061825,"centerLng":122.051309,"geometrySource":"all_barangay-2.csv detailed WKT","geometryMatchMethod":"unique_official_admin_names","boundaryPointCount":48},"geometry":{"type":"MultiPolygon","coordinates":[[[[122.055183,11.06841],[122.055344,11.06726],[122.055962,11.06724],[122.056587,11.06606],[122.056503,11.06505],[122.056717,11.06439],[122.056213,11.06404],[122.056152,11.06353],[122.055733,11.06263],[122.056267,11.06177],[122.056831,11.06218],[122.058273,11.06069],[122.057518,11.05978],[122.057831,11.05929],[122.056793,11.05897],[122.056808,11.05833],[122.055847,11.05834],[122.054573,11.05776],[122.054527,11.05709],[122.051323,11.0559],[122.050591,11.05649],[122.049927,11.0565],[122.049217,11.05672],[122.049011,11.05734],[122.048843,11.0578],[122.048637,11.05811],[122.047974,11.05855],[122.047409,11.05895],[122.047089,11.05875],[122.0467,11.0583],[122.046669,11.05833],[122.046669,11.05889],[122.04583,11.05972],[122.046112,11.06],[122.046112,11.06056],[122.04583,11.06083],[122.04583,11.06139],[122.045563,11.06167],[122.045563,11.06222],[122.04583,11.0625],[122.04583,11.06254],[122.04583,11.06306],[122.045563,11.06333],[122.045563,11.06361],[122.044998,11.06417],[122.044998,11.06508],[122.051079,11.06645],[122.055183,11.06841]]]]}},{"type":"Feature","properties":{"ID_0":177,"ISO":"PHL","NAME_0":"Philippines","ID_1":6006,"NAME_1":"Antique","ID_2":600604,"NAME_2":"Bugasong","ID_3":600604014,"NAME_3":"Lacayon","NL_NAME_3":null,"VARNAME_3":null,"TYPE_3":"Barangay","ENGTYPE_3":"Village","PROVINCE":"Antique","REGION":"Region VI (Western Visayas)","id":"barangay-0600604014","name":"Lacayon","barangayCode":"0600604014","population":null,"formattedPop":null,"densityCategory":"No data","vulnerabilityRating":"No data","healthRiskLevel":"No data","areaKm2":3.075041,"centerLat":11.046867,"centerLng":122.083977,"geometrySource":"all_barangay-2.csv detailed WKT","geometryMatchMethod":"unique_official_admin_names","boundaryPointCount":23},"geometry":{"type":"MultiPolygon","coordinates":[[[[122.076157,11.05379],[122.077133,11.05421],[122.07785,11.05497],[122.079826,11.0538],[122.087418,11.05443],[122.088516,11.05345],[122.089897,11.05521],[122.091858,11.05584],[122.094093,11.0548],[122.09375,11.05425],[122.093643,11.05356],[122.093887,11.05274],[122.093842,11.05234],[122.093803,11.05144],[122.093964,11.05042],[122.093964,11.05004],[122.094017,11.04919],[122.094414,11.04868],[122.087288,11.0472],[122.083229,11.04778],[122.072807,11.04755],[122.075783,11.05289],[122.076157,11.05379]]]]}},{"type":"Feature","properties":{"ID_0":177,"ISO":"PHL","NAME_0":"Philippines","ID_1":6006,"NAME_1":"Antique","ID_2":600604,"NAME_2":"Bugasong","ID_3":600604015,"NAME_3":"Maray","NL_NAME_3":null,"VARNAME_3":null,"TYPE_3":"Barangay","ENGTYPE_3":"Village","PROVINCE":"Antique","REGION":"Region VI (Western Visayas)","id":"barangay-0600604015","name":"Maray","barangayCode":"0600604015","population":null,"formattedPop":null,"densityCategory":"No data","vulnerabilityRating":"No data","healthRiskLevel":"No data","areaKm2":3.473025,"centerLat":11.053406,"centerLng":122.10042,"geometrySource":"all_barangay-2.csv detailed WKT","geometryMatchMethod":"unique_official_admin_names","boundaryPointCount":58},"geometry":{"type":"MultiPolygon","coordinates":[[[[122.123352,11.06102],[122.119232,11.05542],[122.118759,11.05329],[122.118759,11.04962],[122.117981,11.04583],[122.117416,11.04438],[122.117393,11.03956],[122.112747,11.04274],[122.107277,11.04424],[122.101784,11.04474],[122.098557,11.04561],[122.094414,11.04868],[122.094017,11.04919],[122.093964,11.05004],[122.093964,11.05042],[122.093803,11.05144],[122.093842,11.05234],[122.093887,11.05274],[122.093643,11.05356],[122.09375,11.05425],[122.094093,11.0548],[122.094429,11.05493],[122.094719,11.0553],[122.094757,11.05563],[122.094551,11.05617],[122.094292,11.05706],[122.094566,11.05791],[122.094414,11.05842],[122.093811,11.05925],[122.092972,11.05988],[122.092293,11.06057],[122.091507,11.06079],[122.091423,11.06131],[122.091553,11.06168],[122.091461,11.06206],[122.091042,11.06235],[122.090897,11.06304],[122.091568,11.06254],[122.093193,11.06181],[122.094307,11.06112],[122.094994,11.06086],[122.095573,11.06133],[122.096649,11.0623],[122.097107,11.06356],[122.097519,11.0649],[122.097931,11.06589],[122.098343,11.06661],[122.099297,11.06687],[122.100487,11.06644],[122.101936,11.0665],[122.103554,11.06653],[122.104797,11.06644],[122.10582,11.06647],[122.114632,11.06565],[122.1166,11.06475],[122.118477,11.06417],[122.120247,11.06294],[122.123352,11.06102]]]]}},{"type":"Feature","properties":{"ID_0":177,"ISO":"PHL","NAME_0":"Philippines","ID_1":6006,"NAME_1":"Antique","ID_2":600604,"NAME_2":"Bugasong","ID_3":600604016,"NAME_3":"Paliwan","NL_NAME_3":null,"VARNAME_3":null,"TYPE_3":"Barangay","ENGTYPE_3":"Village","PROVINCE":"Antique","REGION":"Region VI (Western Visayas)","id":"barangay-0600604016","name":"Paliwan","barangayCode":"0600604016","population":null,"formattedPop":null,"densityCategory":"No data","vulnerabilityRating":"No data","healthRiskLevel":"No data","areaKm2":1.578151,"centerLat":11.071747,"centerLng":122.048244,"geometrySource":"all_barangay-2.csv detailed WKT","geometryMatchMethod":"unique_official_admin_names","boundaryPointCount":49},"geometry":{"type":"MultiPolygon","coordinates":[[[[122.051743,11.07819],[122.053619,11.07711],[122.055222,11.07698],[122.05513,11.07589],[122.055634,11.07555],[122.055367,11.07444],[122.056213,11.07393],[122.056007,11.07347],[122.056412,11.07319],[122.05584,11.07282],[122.056503,11.07241],[122.056389,11.07199],[122.055313,11.072],[122.055252,11.0714],[122.055183,11.06841],[122.051079,11.06645],[122.044998,11.06508],[122.044998,11.06528],[122.044724,11.06556],[122.044724,11.06583],[122.044441,11.06611],[122.044441,11.06667],[122.044167,11.06694],[122.044167,11.06722],[122.043892,11.0675],[122.043892,11.06778],[122.04361,11.06806],[122.04361,11.06833],[122.043327,11.06861],[122.043327,11.06917],[122.042221,11.07028],[122.042221,11.07056],[122.04203,11.07075],[122.041946,11.07083],[122.041946,11.07113],[122.041946,11.07139],[122.041672,11.07166],[122.041946,11.07208],[122.042358,11.07206],[122.043358,11.07226],[122.044403,11.073],[122.045563,11.07367],[122.047142,11.07496],[122.047493,11.07546],[122.047813,11.07602],[122.048347,11.07686],[122.049408,11.07753],[122.050613,11.07799],[122.051743,11.07819]]]]}},{"type":"Feature","properties":{"ID_0":177,"ISO":"PHL","NAME_0":"Philippines","ID_1":6006,"NAME_1":"Antique","ID_2":600604,"NAME_2":"Bugasong","ID_3":600604017,"NAME_3":"Pangalcagan","NL_NAME_3":null,"VARNAME_3":null,"TYPE_3":"Barangay","ENGTYPE_3":"Village","PROVINCE":"Antique","REGION":"Region VI (Western Visayas)","id":"barangay-0600604017","name":"Pangalcagan","barangayCode":"0600604017","population":null,"formattedPop":null,"densityCategory":"No data","vulnerabilityRating":"No data","healthRiskLevel":"No data","areaKm2":14.695475,"centerLat":11.071642,"centerLng":122.145035,"geometrySource":"all_barangay-2.csv detailed WKT","geometryMatchMethod":"unique_official_admin_names","boundaryPointCount":13},"geometry":{"type":"MultiPolygon","coordinates":[[[[122.130043,11.07045],[122.151772,11.06822],[122.147636,11.06381],[122.132423,11.04853],[122.131683,11.05116],[122.131371,11.05256],[122.130966,11.05479],[122.129951,11.05714],[122.128609,11.05869],[122.126663,11.05955],[122.124763,11.06039],[122.123352,11.06102],[122.130043,11.07045]]]]}},{"type":"Feature","properties":{"ID_0":177,"ISO":"PHL","NAME_0":"Philippines","ID_1":6006,"NAME_1":"Antique","ID_2":600604,"NAME_2":"Bugasong","ID_3":600604018,"NAME_3":"Centro Ilauod","NL_NAME_3":null,"VARNAME_3":null,"TYPE_3":"Barangay","ENGTYPE_3":"Village","PROVINCE":"Antique","REGION":"Region VI (Western Visayas)","id":"barangay-0600604018","name":"Centro Ilauod","barangayCode":"0600604018","population":null,"formattedPop":null,"densityCategory":"No data","vulnerabilityRating":"No data","healthRiskLevel":"No data","areaKm2":1.288908,"centerLat":11.038777,"centerLng":122.060807,"geometrySource":"barangays.geojson simplified fallback","geometryMatchMethod":"simplified_fallback","boundaryPointCount":5},"geometry":{"type":"Polygon","coordinates":[[[122.06202083000005,11.046355427000037],[122.0620708670001,11.038518418000024],[122.0670000020001,11.032141583000055],[122.0553382380001,11.034400117000075],[122.06202083000005,11.046355427000037]]]}},{"type":"Feature","properties":{"ID_0":177,"ISO":"PHL","NAME_0":"Philippines","ID_1":6006,"NAME_1":"Antique","ID_2":600604,"NAME_2":"Bugasong","ID_3":600604019,"NAME_3":"Centro Ilaya","NL_NAME_3":null,"VARNAME_3":null,"TYPE_3":"Barangay","ENGTYPE_3":"Village","PROVINCE":"Antique","REGION":"Region VI (Western Visayas)","id":"barangay-0600604019","name":"Centro Ilaya","barangayCode":"0600604019","population":null,"formattedPop":null,"densityCategory":"No data","vulnerabilityRating":"No data","healthRiskLevel":"No data","areaKm2":1.318622,"centerLat":11.038833,"centerLng":122.069561,"geometrySource":"all_barangay-2.csv detailed WKT","geometryMatchMethod":"unique_official_admin_names","boundaryPointCount":22},"geometry":{"type":"MultiPolygon","coordinates":[[[[122.06942,11.0439],[122.070801,11.04299],[122.072502,11.04195],[122.073677,11.04087],[122.074623,11.03894],[122.074478,11.0383],[122.073723,11.03596],[122.073563,11.03487],[122.073036,11.0335],[122.07225,11.03258],[122.06691,11.03104],[122.058311,11.03384],[122.060463,11.04016],[122.061287,11.04035],[122.061661,11.04065],[122.061882,11.04118],[122.062042,11.04162],[122.062477,11.04191],[122.06292,11.04201],[122.064072,11.04472],[122.064796,11.04606],[122.06942,11.0439]]]]}},{"type":"Feature","properties":{"ID_0":177,"ISO":"PHL","NAME_0":"Philippines","ID_1":6006,"NAME_1":"Antique","ID_2":600604,"NAME_2":"Bugasong","ID_3":600604020,"NAME_3":"Centro Pojo","NL_NAME_3":null,"VARNAME_3":null,"TYPE_3":"Barangay","ENGTYPE_3":"Village","PROVINCE":"Antique","REGION":"Region VI (Western Visayas)","id":"barangay-0600604020","name":"Centro Pojo","barangayCode":"0600604020","population":null,"formattedPop":null,"densityCategory":"No data","vulnerabilityRating":"No data","healthRiskLevel":"No data","areaKm2":2.398726,"centerLat":11.050998,"centerLng":122.0681,"geometrySource":"all_barangay-2.csv detailed WKT","geometryMatchMethod":"unique_official_admin_names","boundaryPointCount":16},"geometry":{"type":"MultiPolygon","coordinates":[[[[122.075783,11.05289],[122.072807,11.04755],[122.06942,11.0439],[122.064796,11.04606],[122.064072,11.04472],[122.059647,11.04518],[122.059593,11.04448],[122.057358,11.04458],[122.055763,11.04586],[122.057617,11.04929],[122.059769,11.04993],[122.059448,11.05165],[122.059837,11.0519],[122.059517,11.05271],[122.059624,11.05365],[122.075783,11.05289]]]]}},{"type":"Feature","properties":{"ID_0":177,"ISO":"PHL","NAME_0":"Philippines","ID_1":6006,"NAME_1":"Antique","ID_2":600604,"NAME_2":"Bugasong","ID_3":600604021,"NAME_3":"Sabang East","NL_NAME_3":null,"VARNAME_3":null,"TYPE_3":"Barangay","ENGTYPE_3":"Village","PROVINCE":"Antique","REGION":"Region VI (Western Visayas)","id":"barangay-0600604021","name":"Sabang East","barangayCode":"0600604021","population":null,"formattedPop":null,"densityCategory":"No data","vulnerabilityRating":"No data","healthRiskLevel":"No data","areaKm2":12.404182,"centerLat":11.02815,"centerLng":122.089137,"geometrySource":"all_barangay-2.csv detailed WKT","geometryMatchMethod":"unique_official_admin_names","boundaryPointCount":48},"geometry":{"type":"MultiPolygon","coordinates":[[[[122.094414,11.04868],[122.098557,11.04561],[122.101784,11.04474],[122.107277,11.04424],[122.112747,11.04274],[122.117393,11.03956],[122.118271,11.03663],[122.115303,11.0342],[122.112648,11.03165],[122.109947,11.02852],[122.107681,11.02457],[122.105873,11.02097],[122.104286,11.01728],[122.103317,11.01478],[122.102074,11.01019],[122.100433,11.00543],[122.098251,11.00084],[122.097603,10.99629],[122.095367,11.01252],[122.08342,11.01248],[122.082611,11.01246],[122.081917,11.01301],[122.081131,11.01305],[122.080177,11.01348],[122.07917,11.01349],[122.07859,11.01361],[122.077904,11.01342],[122.077797,11.01334],[122.077141,11.01336],[122.076187,11.0131],[122.074852,11.01292],[122.066833,11.02063],[122.066879,11.02723],[122.06691,11.03104],[122.07225,11.03258],[122.073036,11.0335],[122.073563,11.03487],[122.073723,11.03596],[122.074478,11.0383],[122.074623,11.03894],[122.073677,11.04087],[122.072502,11.04195],[122.070801,11.04299],[122.06942,11.0439],[122.072807,11.04755],[122.083229,11.04778],[122.087288,11.0472],[122.094414,11.04868]]]]}},{"type":"Feature","properties":{"ID_0":177,"ISO":"PHL","NAME_0":"Philippines","ID_1":6006,"NAME_1":"Antique","ID_2":600604,"NAME_2":"Bugasong","ID_3":600604022,"NAME_3":"Sabang West","NL_NAME_3":null,"VARNAME_3":null,"TYPE_3":"Barangay","ENGTYPE_3":"Village","PROVINCE":"Antique","REGION":"Region VI (Western Visayas)","id":"barangay-0600604022","name":"Sabang West","barangayCode":"0600604022","population":null,"formattedPop":null,"densityCategory":"No data","vulnerabilityRating":"No data","healthRiskLevel":"No data","areaKm2":0.667433,"centerLat":11.041952,"centerLng":122.054263,"geometrySource":"all_barangay-2.csv detailed WKT","geometryMatchMethod":"unique_official_admin_names","boundaryPointCount":41},"geometry":{"type":"MultiPolygon","coordinates":[[[[122.055763,11.04586],[122.057358,11.04458],[122.059593,11.04448],[122.059288,11.04189],[122.059731,11.0419],[122.060028,11.04151],[122.059769,11.04095],[122.059738,11.04058],[122.059982,11.04031],[122.060463,11.04016],[122.058311,11.03384],[122.054314,11.03445],[122.053612,11.03455],[122.053612,11.035],[122.053337,11.03528],[122.053337,11.03639],[122.05278,11.03694],[122.05278,11.03722],[122.052498,11.03778],[122.052223,11.03778],[122.051941,11.03806],[122.051941,11.03917],[122.051666,11.03944],[122.051666,11.04028],[122.051109,11.04083],[122.051109,11.04139],[122.050827,11.04167],[122.050827,11.04222],[122.050278,11.04278],[122.050278,11.04306],[122.050552,11.04333],[122.050552,11.04389],[122.050278,11.04417],[122.050278,11.04444],[122.050003,11.04472],[122.050003,11.04528],[122.049721,11.04556],[122.049721,11.04595],[122.050926,11.04579],[122.050842,11.04593],[122.055763,11.04586]]]]}},{"type":"Feature","properties":{"ID_0":177,"ISO":"PHL","NAME_0":"Philippines","ID_1":6006,"NAME_1":"Antique","ID_2":600604,"NAME_2":"Bugasong","ID_3":600604023,"NAME_3":"Tagudtud North","NL_NAME_3":null,"VARNAME_3":null,"TYPE_3":"Barangay","ENGTYPE_3":"Village","PROVINCE":"Antique","REGION":"Region VI (Western Visayas)","id":"barangay-0600604023","name":"Tagudtud North","barangayCode":"0600604023","population":null,"formattedPop":null,"densityCategory":"No data","vulnerabilityRating":"No data","healthRiskLevel":"No data","areaKm2":1.608579,"centerLat":11.068066,"centerLng":122.086399,"geometrySource":"all_barangay-2.csv detailed WKT","geometryMatchMethod":"unique_official_admin_names","boundaryPointCount":26},"geometry":{"type":"MultiPolygon","coordinates":[[[[122.085403,11.07503],[122.08567,11.07017],[122.086731,11.06995],[122.085548,11.0662],[122.077118,11.06671],[122.072708,11.06801],[122.072632,11.07004],[122.073303,11.07124],[122.073067,11.07292],[122.072479,11.07294],[122.071693,11.07304],[122.071609,11.07351],[122.072639,11.07348],[122.074463,11.07425],[122.07473,11.07399],[122.07531,11.07383],[122.075104,11.07292],[122.076424,11.07286],[122.076912,11.07355],[122.078873,11.07373],[122.078659,11.07438],[122.079224,11.07454],[122.079353,11.07525],[122.083366,11.07525],[122.084427,11.0756],[122.085403,11.07503]]]]}},{"type":"Feature","properties":{"ID_0":177,"ISO":"PHL","NAME_0":"Philippines","ID_1":6006,"NAME_1":"Antique","ID_2":600604,"NAME_2":"Bugasong","ID_3":600604024,"NAME_3":"Tagudtud South","NL_NAME_3":null,"VARNAME_3":null,"TYPE_3":"Barangay","ENGTYPE_3":"Village","PROVINCE":"Antique","REGION":"Region VI (Western Visayas)","id":"barangay-0600604024","name":"Tagudtud South","barangayCode":"0600604024","population":null,"formattedPop":null,"densityCategory":"No data","vulnerabilityRating":"No data","healthRiskLevel":"No data","areaKm2":1.774744,"centerLat":11.058446,"centerLng":122.081772,"geometrySource":"all_barangay-2.csv detailed WKT","geometryMatchMethod":"unique_official_admin_names","boundaryPointCount":37},"geometry":{"type":"MultiPolygon","coordinates":[[[[122.085548,11.0662],[122.090897,11.06304],[122.091042,11.06235],[122.091461,11.06206],[122.091553,11.06168],[122.091423,11.06131],[122.091507,11.06079],[122.092293,11.06057],[122.092972,11.05988],[122.093811,11.05925],[122.094414,11.05842],[122.094566,11.05791],[122.094292,11.05706],[122.094551,11.05617],[122.094757,11.05563],[122.094719,11.0553],[122.094429,11.05493],[122.094093,11.0548],[122.091858,11.05584],[122.089897,11.05521],[122.088516,11.05345],[122.087418,11.05443],[122.079826,11.0538],[122.07785,11.05497],[122.077133,11.05421],[122.076157,11.05379],[122.07428,11.05571],[122.075279,11.05649],[122.075981,11.05601],[122.077263,11.05575],[122.077309,11.05741],[122.07502,11.05929],[122.076424,11.06009],[122.075272,11.06053],[122.074966,11.06444],[122.077118,11.06671],[122.085548,11.0662]]]]}},{"type":"Feature","properties":{"ID_0":177,"ISO":"PHL","NAME_0":"Philippines","ID_1":6006,"NAME_1":"Antique","ID_2":600604,"NAME_2":"Bugasong","ID_3":600604025,"NAME_3":"Talisay","NL_NAME_3":null,"VARNAME_3":null,"TYPE_3":"Barangay","ENGTYPE_3":"Village","PROVINCE":"Antique","REGION":"Region VI (Western Visayas)","id":"barangay-0600604025","name":"Talisay","barangayCode":"0600604025","population":null,"formattedPop":null,"densityCategory":"No data","vulnerabilityRating":"No data","healthRiskLevel":"No data","areaKm2":1.157761,"centerLat":11.075219,"centerLng":122.068565,"geometrySource":"all_barangay-2.csv detailed WKT","geometryMatchMethod":"unique_official_admin_names","boundaryPointCount":31},"geometry":{"type":"MultiPolygon","coordinates":[[[[122.074364,11.08273],[122.075043,11.08243],[122.075783,11.08238],[122.077362,11.08182],[122.078133,11.08065],[122.078644,11.07986],[122.079033,11.07975],[122.079353,11.07525],[122.079224,11.07454],[122.078659,11.07438],[122.078873,11.07373],[122.076912,11.07355],[122.076424,11.07286],[122.075104,11.07292],[122.07531,11.07383],[122.07473,11.07399],[122.074463,11.07425],[122.072639,11.07348],[122.071609,11.07351],[122.071693,11.07304],[122.072479,11.07294],[122.072456,11.07216],[122.070213,11.07156],[122.067841,11.07241],[122.068039,11.07336],[122.064507,11.07498],[122.068817,11.08224],[122.070213,11.08207],[122.071991,11.08259],[122.073463,11.0827],[122.074364,11.08273]]]]}},{"type":"Feature","properties":{"ID_0":177,"ISO":"PHL","NAME_0":"Philippines","ID_1":6006,"NAME_1":"Antique","ID_2":600604,"NAME_2":"Bugasong","ID_3":600604026,"NAME_3":"Tica","NL_NAME_3":null,"VARNAME_3":null,"TYPE_3":"Barangay","ENGTYPE_3":"Village","PROVINCE":"Antique","REGION":"Region VI (Western Visayas)","id":"barangay-0600604026","name":"Tica","barangayCode":"0600604026","population":null,"formattedPop":null,"densityCategory":"No data","vulnerabilityRating":"No data","healthRiskLevel":"No data","areaKm2":1.623428,"centerLat":11.073884,"centerLng":122.077605,"geometrySource":"all_barangay-2.csv detailed WKT","geometryMatchMethod":"unique_official_admin_names","boundaryPointCount":16},"geometry":{"type":"MultiPolygon","coordinates":[[[[122.087013,11.08031],[122.089638,11.07737],[122.085403,11.07503],[122.084427,11.0756],[122.083366,11.07525],[122.079353,11.07525],[122.079033,11.07975],[122.078644,11.07986],[122.078133,11.08065],[122.077362,11.08182],[122.075783,11.08238],[122.075043,11.08243],[122.074364,11.08273],[122.07515,11.08282],[122.076263,11.08252],[122.087013,11.08031]]]]}},{"type":"Feature","properties":{"ID_0":177,"ISO":"PHL","NAME_0":"Philippines","ID_1":6006,"NAME_1":"Antique","ID_2":600604,"NAME_2":"Bugasong","ID_3":600604027,"NAME_3":"Tono-an","NL_NAME_3":null,"VARNAME_3":null,"TYPE_3":"Barangay","ENGTYPE_3":"Village","PROVINCE":"Antique","REGION":"Region VI (Western Visayas)","id":"barangay-0600604027","name":"Tono-an","barangayCode":"0600604027","population":null,"formattedPop":null,"densityCategory":"No data","vulnerabilityRating":"No data","healthRiskLevel":"No data","areaKm2":3.362425,"centerLat":11.050696,"centerLng":122.121906,"geometrySource":"all_barangay-2.csv detailed WKT","geometryMatchMethod":"unique_official_admin_names","boundaryPointCount":22},"geometry":{"type":"MultiPolygon","coordinates":[[[[122.132423,11.04853],[122.128189,11.04445],[122.126122,11.04388],[122.124786,11.04264],[122.123466,11.04092],[122.120796,11.03853],[122.118271,11.03663],[122.117393,11.03956],[122.117416,11.04438],[122.117981,11.04583],[122.118759,11.04962],[122.118759,11.05329],[122.119232,11.05542],[122.123352,11.06102],[122.124763,11.06039],[122.126663,11.05955],[122.128609,11.05869],[122.129951,11.05714],[122.130966,11.05479],[122.131371,11.05256],[122.131683,11.05116],[122.132423,11.04853]]]]}},{"type":"Feature","properties":{"ID_0":177,"ISO":"PHL","NAME_0":"Philippines","ID_1":6006,"NAME_1":"Antique","ID_2":600604,"NAME_2":"Bugasong","ID_3":600604028,"NAME_3":"Yapu","NL_NAME_3":null,"VARNAME_3":null,"TYPE_3":"Barangay","ENGTYPE_3":"Village","PROVINCE":"Antique","REGION":"Region VI (Western Visayas)","id":"barangay-0600604028","name":"Yapu","barangayCode":"0600604028","population":null,"formattedPop":null,"densityCategory":"No data","vulnerabilityRating":"No data","healthRiskLevel":"No data","areaKm2":10.948282,"centerLat":11.077503,"centerLng":122.120633,"geometrySource":"all_barangay-2.csv detailed WKT","geometryMatchMethod":"unique_official_admin_names","boundaryPointCount":15},"geometry":{"type":"MultiPolygon","coordinates":[[[[122.113983,11.08786],[122.116913,11.0944],[122.130043,11.07045],[122.123352,11.06102],[122.120247,11.06294],[122.118477,11.06417],[122.1166,11.06475],[122.114632,11.06565],[122.10582,11.06647],[122.10466,11.06957],[122.105377,11.06958],[122.105797,11.07011],[122.105812,11.07085],[122.106003,11.07174],[122.113983,11.08786]]]]}},{"type":"Feature","properties":{"ID_0":177,"ISO":"PHL","NAME_0":"Philippines","ID_1":6006,"NAME_1":"Antique","ID_2":600604,"NAME_2":"Bugasong","ID_3":600604029,"NAME_3":"Zaragoza","NL_NAME_3":null,"VARNAME_3":null,"TYPE_3":"Barangay","ENGTYPE_3":"Village","PROVINCE":"Antique","REGION":"Region VI (Western Visayas)","id":"barangay-0600604029","name":"Zaragoza","barangayCode":"0600604029","population":null,"formattedPop":null,"densityCategory":"No data","vulnerabilityRating":"No data","healthRiskLevel":"No data","areaKm2":5.214555,"centerLat":11.002568,"centerLng":122.049712,"geometrySource":"all_barangay-2.csv detailed WKT","geometryMatchMethod":"unique_official_admin_names","boundaryPointCount":65},"geometry":{"type":"MultiPolygon","coordinates":[[[[122.056099,11.01209],[122.056587,11.01179],[122.057259,11.01115],[122.057823,11.01031],[122.058487,11.0094],[122.058929,11.00849],[122.059509,11.00725],[122.060257,11.00583],[122.061172,11.00484],[122.061913,11.00391],[122.062347,11.0031],[122.062813,11.00328],[122.063843,11.00355],[122.064934,11.00417],[122.065666,11.00485],[122.067596,10.98551],[122.04702,10.99721],[122.039574,11.00112],[122.039436,11.00101],[122.039436,11.00194],[122.039719,11.00222],[122.039719,11.00278],[122.040001,11.00306],[122.040001,11.00459],[122.040001,11.005],[122.039833,11.00518],[122.039719,11.00528],[122.039719,11.00556],[122.039291,11.00599],[122.039169,11.00611],[122.039169,11.00667],[122.039284,11.00678],[122.039436,11.00694],[122.039261,11.00713],[122.039169,11.00722],[122.039169,11.00836],[122.039169,11.00944],[122.038887,11.00972],[122.038887,11.01056],[122.039169,11.01083],[122.039169,11.01159],[122.0392,11.011657],[122.03949,11.01231],[122.03981,11.01257],[122.04023,11.0127],[122.040588,11.01294],[122.040939,11.01321],[122.041183,11.0132],[122.042938,11.01282],[122.043953,11.01263],[122.04454,11.0125],[122.045647,11.01216],[122.046707,11.01164],[122.04747,11.01134],[122.048103,11.01113],[122.049057,11.01127],[122.049911,11.01147],[122.050842,11.01191],[122.051193,11.01216],[122.051498,11.01245],[122.051888,11.01257],[122.052719,11.01262],[122.054047,11.01249],[122.055344,11.01232],[122.056099,11.01209]]]]}},{"type":"Feature","properties":{"ID_0":177,"ISO":"PHL","NAME_0":"Philippines","ID_1":6006,"NAME_1":"Antique","ID_2":600605,"NAME_2":"Caluya","ID_3":600605001,"NAME_3":"Alegria","NL_NAME_3":null,"VARNAME_3":null,"TYPE_3":"Barangay","ENGTYPE_3":"Village","PROVINCE":"Antique","REGION":"Region VI (Western Visayas)","id":"barangay-0600605001","name":"Alegria","barangayCode":"0600605001","population":null,"formattedPop":null,"densityCategory":"No data","vulnerabilityRating":"No data","healthRiskLevel":"No data","areaKm2":16.227987,"centerLat":12.021538,"centerLng":121.383682,"geometrySource":"all_barangay-2.csv detailed WKT","geometryMatchMethod":"unique_official_admin_names","boundaryPointCount":20},"geometry":{"type":"MultiPolygon","coordinates":[[[[121.404175,11.915116],[121.404938,11.91495],[121.405487,11.914664],[121.405991,11.914262],[121.406357,11.913825],[121.406723,11.913283],[121.407112,11.912579],[121.407509,11.911874],[121.407585,11.911736],[121.407074,11.91129],[121.406334,11.911655],[121.404915,11.912583],[121.40435,11.912484],[121.403755,11.913176],[121.402618,11.913861],[121.402122,11.915365],[121.402161,11.915435],[121.402832,11.915499],[121.403107,11.915455],[121.404175,11.915116]]]]}},{"type":"Feature","properties":{"ID_0":177,"ISO":"PHL","NAME_0":"Philippines","ID_1":6006,"NAME_1":"Antique","ID_2":600605,"NAME_2":"Caluya","ID_3":600605002,"NAME_3":"Bacong","NL_NAME_3":null,"VARNAME_3":null,"TYPE_3":"Barangay","ENGTYPE_3":"Village","PROVINCE":"Antique","REGION":"Region VI (Western Visayas)","id":"barangay-0600605002","name":"Bacong","barangayCode":"0600605002","population":null,"formattedPop":null,"densityCategory":"No data","vulnerabilityRating":"No data","healthRiskLevel":"No data","areaKm2":3.021267,"centerLat":11.852081,"centerLng":121.514528,"geometrySource":"all_barangay-2.csv detailed WKT","geometryMatchMethod":"unique_official_admin_names","boundaryPointCount":85},"geometry":{"type":"MultiPolygon","coordinates":[[[[121.505829,11.86188],[121.505913,11.86188],[121.506279,11.86187],[121.506599,11.86187],[121.506866,11.86192],[121.507103,11.86205],[121.507317,11.86218],[121.507553,11.86231],[121.507797,11.86244],[121.508141,11.86252],[121.508476,11.86248],[121.508797,11.86228],[121.509109,11.86207],[121.509537,11.86197],[121.509956,11.86185],[121.510307,11.86161],[121.510597,11.86137],[121.51088,11.86126],[121.511177,11.86132],[121.51149,11.8614],[121.511841,11.86152],[121.512291,11.8616],[121.512787,11.86158],[121.513138,11.86149],[121.513237,11.86146],[121.513603,11.86127],[121.513947,11.86106],[121.514282,11.86081],[121.514549,11.86053],[121.514526,11.86017],[121.514252,11.85977],[121.513992,11.85928],[121.514023,11.85874],[121.514214,11.85824],[121.514252,11.85818],[121.514473,11.85782],[121.514816,11.85744],[121.515282,11.85712],[121.515762,11.85682],[121.516312,11.85665],[121.516823,11.85647],[121.517258,11.85621],[121.517693,11.85597],[121.518127,11.85588],[121.518494,11.85593],[121.518738,11.8561],[121.518982,11.8563],[121.519272,11.85648],[121.519577,11.85657],[121.519897,11.85644],[121.519997,11.85632],[121.52018,11.85613],[121.520447,11.85579],[121.520714,11.85541],[121.520958,11.85499],[121.521217,11.85457],[121.521393,11.85438],[121.521553,11.85421],[121.521896,11.8539],[121.522217,11.85363],[121.522568,11.85336],[121.52301,11.8531],[121.523499,11.85283],[121.523979,11.85262],[121.524017,11.85259],[121.524513,11.85232],[121.525047,11.85216],[121.525497,11.85189],[121.525833,11.85147],[121.526077,11.85115],[121.526123,11.85108],[121.526421,11.85078],[121.526749,11.85054],[121.527046,11.85028],[121.527313,11.84997],[121.527527,11.84956],[121.527786,11.84909],[121.528107,11.84858],[121.528526,11.84812],[121.529007,11.84776],[121.529427,11.84741],[121.529503,11.84736],[121.512627,11.84661],[121.509216,11.84679],[121.505829,11.86188]]]]}},{"type":"Feature","properties":{"ID_0":177,"ISO":"PHL","NAME_0":"Philippines","ID_1":6006,"NAME_1":"Antique","ID_2":600605,"NAME_2":"Caluya","ID_3":600605003,"NAME_3":"Banago","NL_NAME_3":null,"VARNAME_3":null,"TYPE_3":"Barangay","ENGTYPE_3":"Village","PROVINCE":"Antique","REGION":"Region VI (Western Visayas)","id":"barangay-0600605003","name":"Banago","barangayCode":"0600605003","population":null,"formattedPop":null,"densityCategory":"No data","vulnerabilityRating":"No data","healthRiskLevel":"No data","areaKm2":2.131497,"centerLat":11.943494,"centerLng":121.550977,"geometrySource":"all_barangay-2.csv detailed WKT","geometryMatchMethod":"unique_official_admin_names","boundaryPointCount":22},"geometry":{"type":"MultiPolygon","coordinates":[[[[121.562439,11.94166],[121.562439,11.9404],[121.561996,11.93921],[121.561317,11.93847],[121.561234,11.93744],[121.561577,11.93633],[121.562439,11.93514],[121.562866,11.93396],[121.562897,11.93299],[121.560577,11.9327],[121.559792,11.92831],[121.559708,11.92787],[121.55838,11.92048],[121.557457,11.91969],[121.556389,11.91953],[121.55555,11.91885],[121.55497,11.91842],[121.554153,11.91776],[121.5522,11.91628],[121.553436,11.92985],[121.553886,11.94288],[121.562439,11.94166]]]]}},{"type":"Feature","properties":{"ID_0":177,"ISO":"PHL","NAME_0":"Philippines","ID_1":6006,"NAME_1":"Antique","ID_2":600605,"NAME_2":"Caluya","ID_3":600605004,"NAME_3":"Bonbon","NL_NAME_3":null,"VARNAME_3":null,"TYPE_3":"Barangay","ENGTYPE_3":"Village","PROVINCE":"Antique","REGION":"Region VI (Western Visayas)","id":"barangay-0600605004","name":"Bonbon","barangayCode":"0600605004","population":null,"formattedPop":null,"densityCategory":"No data","vulnerabilityRating":"No data","healthRiskLevel":"No data","areaKm2":4.820655,"centerLat":11.838092,"centerLng":121.514724,"geometrySource":"all_barangay-2.csv detailed WKT","geometryMatchMethod":"unique_official_admin_names","boundaryPointCount":102},"geometry":{"type":"MultiPolygon","coordinates":[[[[121.509216,11.84679],[121.512627,11.84661],[121.529503,11.84736],[121.529747,11.84713],[121.530037,11.84689],[121.530281,11.84669],[121.530487,11.84646],[121.530609,11.84617],[121.530777,11.84583],[121.530823,11.84545],[121.530777,11.84504],[121.530647,11.84462],[121.530518,11.84417],[121.530296,11.84375],[121.530159,11.84334],[121.530022,11.84296],[121.5299,11.84259],[121.529678,11.84226],[121.529404,11.84193],[121.529083,11.84156],[121.52877,11.84111],[121.528389,11.84066],[121.527847,11.84028],[121.527283,11.8399],[121.526772,11.83947],[121.526299,11.83903],[121.526001,11.83848],[121.525803,11.8379],[121.525551,11.83738],[121.525322,11.83693],[121.525208,11.83653],[121.525047,11.83622],[121.525009,11.83593],[121.525002,11.83565],[121.525002,11.83535],[121.524948,11.83504],[121.524742,11.83473],[121.524498,11.83437],[121.524223,11.83397],[121.523872,11.8336],[121.523468,11.83332],[121.523087,11.83307],[121.52272,11.83288],[121.522324,11.83279],[121.521889,11.83278],[121.521469,11.83277],[121.521057,11.8327],[121.520699,11.83255],[121.520287,11.8325],[121.519897,11.83247],[121.519577,11.83236],[121.519287,11.83224],[121.51902,11.83212],[121.518867,11.83189],[121.518692,11.83165],[121.518517,11.83138],[121.518333,11.83109],[121.518089,11.83076],[121.517868,11.83037],[121.517639,11.82995],[121.517517,11.82948],[121.517448,11.829],[121.517273,11.82857],[121.51722,11.82811],[121.517159,11.82768],[121.516953,11.82732],[121.516731,11.827],[121.516541,11.82671],[121.516289,11.82649],[121.515961,11.8264],[121.515648,11.82636],[121.515411,11.82624],[121.515213,11.82614],[121.514977,11.82611],[121.514732,11.82611],[121.514473,11.82611],[121.51416,11.82616],[121.51387,11.82634],[121.51342,11.82643],[121.513023,11.82664],[121.512573,11.82677],[121.512199,11.82691],[121.511848,11.82692],[121.51152,11.8268],[121.511147,11.82669],[121.510727,11.8267],[121.510262,11.82683],[121.509781,11.82697],[121.509338,11.82713],[121.508904,11.8272],[121.508476,11.82717],[121.508087,11.827],[121.507683,11.82687],[121.507294,11.82685],[121.506889,11.827],[121.50647,11.82717],[121.505943,11.82722],[121.505608,11.8279],[121.505653,11.82806],[121.500847,11.84274],[121.506393,11.84679],[121.509216,11.84679]]]]}},{"type":"Feature","properties":{"ID_0":177,"ISO":"PHL","NAME_0":"Philippines","ID_1":6006,"NAME_1":"Antique","ID_2":600605,"NAME_2":"Caluya","ID_3":600605005,"NAME_3":"Dawis","NL_NAME_3":null,"VARNAME_3":null,"TYPE_3":"Barangay","ENGTYPE_3":"Village","PROVINCE":"Antique","REGION":"Region VI (Western Visayas)","id":"barangay-0600605005","name":"Dawis","barangayCode":"0600605005","population":null,"formattedPop":null,"densityCategory":"No data","vulnerabilityRating":"No data","healthRiskLevel":"No data","areaKm2":1.308084,"centerLat":11.899637,"centerLng":121.569247,"geometrySource":"all_barangay-2.csv detailed WKT","geometryMatchMethod":"unique_official_admin_names","boundaryPointCount":60},"geometry":{"type":"MultiPolygon","coordinates":[[[[121.563972,11.91335],[121.582497,11.90679],[121.582497,11.90667],[121.583054,11.90611],[121.583054,11.90528],[121.582779,11.905],[121.582458,11.90471],[121.582176,11.90438],[121.581886,11.90402],[121.581528,11.90373],[121.58107,11.90357],[121.580597,11.90338],[121.580101,11.90325],[121.579643,11.90301],[121.579247,11.90265],[121.579002,11.90215],[121.578957,11.90153],[121.57885,11.90101],[121.578651,11.90061],[121.578377,11.90029],[121.578041,11.9],[121.577629,11.89972],[121.577164,11.89944],[121.576653,11.89915],[121.576118,11.89887],[121.575653,11.89858],[121.575241,11.89828],[121.574921,11.89797],[121.574623,11.89767],[121.57428,11.89736],[121.57386,11.8971],[121.573418,11.89688],[121.573059,11.89661],[121.573059,11.89639],[121.572777,11.89611],[121.572502,11.89611],[121.571663,11.89528],[121.570557,11.89528],[121.570267,11.895],[121.57,11.89528],[121.569717,11.89528],[121.569351,11.89528],[121.568916,11.89528],[121.568466,11.89528],[121.568008,11.89524],[121.567574,11.89509],[121.567123,11.89501],[121.566643,11.895],[121.566544,11.895],[121.566544,11.89517],[121.566406,11.89648],[121.56588,11.89824],[121.565712,11.89931],[121.565483,11.90096],[121.565224,11.90248],[121.564774,11.90355],[121.564774,11.90501],[121.564163,11.90577],[121.563087,11.90619],[121.563972,11.91335]]]]}},{"type":"Feature","properties":{"ID_0":177,"ISO":"PHL","NAME_0":"Philippines","ID_1":6006,"NAME_1":"Antique","ID_2":600605,"NAME_2":"Caluya","ID_3":600605006,"NAME_3":"Dionela","NL_NAME_3":null,"VARNAME_3":null,"TYPE_3":"Barangay","ENGTYPE_3":"Village","PROVINCE":"Antique","REGION":"Region VI (Western Visayas)","id":"barangay-0600605006","name":"Dionela","barangayCode":"0600605006","population":null,"formattedPop":null,"densityCategory":"No data","vulnerabilityRating":"No data","healthRiskLevel":"No data","areaKm2":5.375682,"centerLat":11.855132,"centerLng":121.491609,"geometrySource":"all_barangay-2.csv detailed WKT","geometryMatchMethod":"unique_official_admin_names","boundaryPointCount":155},"geometry":{"type":"MultiPolygon","coordinates":[[[[121.456909,11.868067],[121.457779,11.86806],[121.458054,11.86778],[121.458611,11.86833],[121.458893,11.86833],[121.459167,11.86861],[121.459442,11.86861],[121.459717,11.86889],[121.460281,11.86889],[121.460564,11.86889],[121.460701,11.86874],[121.460831,11.86861],[121.461082,11.86861],[121.461128,11.86859],[121.462502,11.86722],[121.462784,11.86722],[121.463058,11.86694],[121.463463,11.86659],[121.463898,11.86638],[121.464394,11.86635],[121.464737,11.86646],[121.464943,11.86672],[121.465057,11.86712],[121.465233,11.8676],[121.465553,11.86799],[121.46595,11.86826],[121.466423,11.86832],[121.466904,11.86827],[121.467339,11.86825],[121.467751,11.86828],[121.468208,11.86828],[121.468651,11.86816],[121.469017,11.86793],[121.469337,11.86766],[121.469727,11.86747],[121.470108,11.86738],[121.470444,11.86736],[121.470741,11.86738],[121.471107,11.86745],[121.471161,11.86746],[121.471558,11.86755],[121.472023,11.86752],[121.472328,11.86738],[121.472557,11.86723],[121.472748,11.86707],[121.472893,11.86685],[121.473083,11.86656],[121.473312,11.8662],[121.47374,11.86576],[121.473969,11.86535],[121.473969,11.86507],[121.473969,11.86497],[121.473846,11.8646],[121.47377,11.86424],[121.473953,11.86393],[121.474442,11.86367],[121.475021,11.8635],[121.475563,11.86348],[121.475983,11.86359],[121.476341,11.8637],[121.476624,11.86382],[121.47686,11.86389],[121.477058,11.86403],[121.477318,11.86429],[121.477692,11.86461],[121.478111,11.86479],[121.47847,11.86475],[121.478767,11.86473],[121.479073,11.86476],[121.479362,11.86486],[121.479698,11.86489],[121.480072,11.86475],[121.480476,11.86462],[121.480927,11.86463],[121.481354,11.86468],[121.48175,11.86463],[121.482147,11.86442],[121.482689,11.8643],[121.483139,11.8642],[121.483353,11.86403],[121.483559,11.86384],[121.483841,11.86366],[121.484177,11.86353],[121.484512,11.86329],[121.484871,11.86313],[121.48539,11.86319],[121.485786,11.86325],[121.48616,11.8633],[121.486526,11.86339],[121.486931,11.86357],[121.487389,11.86376],[121.487907,11.86392],[121.488426,11.86394],[121.488892,11.86375],[121.489304,11.8635],[121.489571,11.8632],[121.489799,11.86294],[121.490082,11.86277],[121.490417,11.86262],[121.490807,11.86257],[121.491173,11.86263],[121.49144,11.86276],[121.491669,11.86288],[121.491913,11.863],[121.492172,11.86326],[121.492722,11.86358],[121.493263,11.86366],[121.493736,11.86364],[121.494247,11.86363],[121.494408,11.8636],[121.494781,11.86354],[121.4953,11.86337],[121.49588,11.86321],[121.496483,11.86304],[121.496559,11.86292],[121.496597,11.86284],[121.496384,11.86272],[121.496017,11.86269],[121.495903,11.86269],[121.495499,11.86261],[121.495323,11.86244],[121.495277,11.8622],[121.495354,11.86193],[121.495583,11.8617],[121.495972,11.86151],[121.496483,11.86137],[121.496964,11.86124],[121.497353,11.86118],[121.497673,11.86127],[121.497948,11.8614],[121.498207,11.86153],[121.498482,11.86161],[121.498787,11.86154],[121.499123,11.86134],[121.499496,11.86105],[121.499947,11.86074],[121.500504,11.86064],[121.501053,11.86071],[121.501602,11.86067],[121.502083,11.86078],[121.502487,11.86085],[121.502869,11.86095],[121.503181,11.86112],[121.50351,11.86133],[121.503906,11.86149],[121.504311,11.86162],[121.504738,11.86169],[121.505119,11.86181],[121.505524,11.86187],[121.505829,11.86188],[121.509216,11.84679],[121.506393,11.84679],[121.500847,11.84274],[121.453941,11.85256],[121.456909,11.868067]]]]}},{"type":"Feature","properties":{"ID_0":177,"ISO":"PHL","NAME_0":"Philippines","ID_1":6006,"NAME_1":"Antique","ID_2":600605,"NAME_2":"Caluya","ID_3":600605007,"NAME_3":"Harigue","NL_NAME_3":null,"VARNAME_3":null,"TYPE_3":"Barangay","ENGTYPE_3":"Village","PROVINCE":"Antique","REGION":"Region VI (Western Visayas)","id":"barangay-0600605007","name":"Harigue","barangayCode":"0600605007","population":null,"formattedPop":null,"densityCategory":"No data","vulnerabilityRating":"No data","healthRiskLevel":"No data","areaKm2":19.440541,"centerLat":11.852914,"centerLng":121.441156,"geometrySource":"all_barangay-2.csv detailed WKT","geometryMatchMethod":"unique_official_admin_names","boundaryPointCount":446},"geometry":{"type":"MultiPolygon","coordinates":[[[[121.3256,11.85181],[121.325348,11.85167],[121.32505,11.85174],[121.324722,11.85195],[121.324364,11.85221],[121.323967,11.85244],[121.323624,11.85269],[121.323334,11.85294],[121.323013,11.85312],[121.322777,11.85331],[121.322548,11.85344],[121.322289,11.85362],[121.321938,11.85388],[121.321533,11.8542],[121.321213,11.8546],[121.321152,11.85506],[121.321373,11.85552],[121.321701,11.85593],[121.32209,11.85621],[121.322517,11.8563],[121.322937,11.85617],[121.323387,11.85601],[121.323799,11.85576],[121.324142,11.85543],[121.324463,11.85507],[121.324783,11.85473],[121.325089,11.8544],[121.325302,11.85405],[121.325508,11.85372],[121.325661,11.85338],[121.325844,11.85303],[121.325974,11.85263],[121.325829,11.85214],[121.3256,11.85181]]],[[[121.32045,11.85742],[121.320084,11.85741],[121.319702,11.85752],[121.31929,11.85773],[121.318802,11.85788],[121.318329,11.85807],[121.317917,11.85835],[121.317543,11.85868],[121.317207,11.85905],[121.316872,11.85941],[121.316544,11.85974],[121.316307,11.86007],[121.316254,11.86033],[121.316498,11.86077],[121.317009,11.86117],[121.317612,11.86122],[121.31823,11.86109],[121.318893,11.86104],[121.319206,11.8608],[121.319458,11.86052],[121.31974,11.86024],[121.320068,11.85998],[121.320412,11.85969],[121.320763,11.85937],[121.321121,11.85897],[121.321472,11.85853],[121.321709,11.85811],[121.321457,11.85778],[121.32132,11.8576],[121.321121,11.85753],[121.320808,11.85748],[121.32045,11.85742]]],[[[121.294052,11.86177],[121.29438,11.86135],[121.294647,11.86088],[121.294861,11.86037],[121.295212,11.85993],[121.295547,11.85947],[121.295929,11.85906],[121.296249,11.85861],[121.296471,11.85813],[121.296242,11.85764],[121.295708,11.85724],[121.295082,11.85693],[121.2948,11.8567],[121.29454,11.85667],[121.294197,11.8567],[121.293831,11.85687],[121.293411,11.85704],[121.293037,11.85729],[121.292664,11.85752],[121.29229,11.85777],[121.291893,11.85798],[121.291451,11.85814],[121.291077,11.85838],[121.290756,11.85871],[121.290489,11.85912],[121.290192,11.85955],[121.28997,11.86001],[121.289703,11.86038],[121.289337,11.86066],[121.288948,11.86092],[121.288589,11.86123],[121.288193,11.8615],[121.287727,11.86164],[121.287247,11.86167],[121.286819,11.86167],[121.28643,11.86169],[121.286072,11.86183],[121.285698,11.86193],[121.285301,11.86197],[121.28495,11.86213],[121.284569,11.86227],[121.284187,11.8625],[121.283783,11.86275],[121.283379,11.86298],[121.283096,11.86323],[121.282997,11.86348],[121.283257,11.86372],[121.283737,11.86401],[121.284241,11.86424],[121.284714,11.86447],[121.285103,11.86472],[121.285431,11.86499],[121.285767,11.86523],[121.286201,11.86543],[121.286621,11.8657],[121.287071,11.86574],[121.287514,11.86559],[121.287956,11.86546],[121.28833,11.86526],[121.288651,11.86503],[121.289017,11.86487],[121.289413,11.8647],[121.289711,11.86447],[121.290024,11.86428],[121.290359,11.86413],[121.290657,11.86391],[121.291023,11.8637],[121.29142,11.86346],[121.291878,11.86322],[121.292267,11.86288],[121.292709,11.86259],[121.29319,11.86236],[121.293678,11.86212],[121.294052,11.86177]]],[[[121.434387,11.86727],[121.434929,11.86706],[121.435371,11.86695],[121.435722,11.86684],[121.436089,11.86677],[121.436501,11.86675],[121.436928,11.86676],[121.437347,11.86681],[121.437737,11.86672],[121.43808,11.8666],[121.438347,11.86646],[121.438583,11.8664],[121.438797,11.86636],[121.439163,11.86632],[121.439667,11.86621],[121.440239,11.86602],[121.44075,11.86586],[121.441162,11.86579],[121.44146,11.86588],[121.441704,11.86603],[121.441933,11.86621],[121.442123,11.86644],[121.442207,11.86673],[121.442284,11.86709],[121.442421,11.8675],[121.442802,11.86789],[121.443336,11.86815],[121.443939,11.86829],[121.444603,11.86838],[121.445297,11.86829],[121.445793,11.86805],[121.44619,11.86777],[121.446648,11.86755],[121.447113,11.86738],[121.447472,11.86737],[121.447731,11.86743],[121.447929,11.8675],[121.448151,11.86757],[121.448448,11.86761],[121.448776,11.86763],[121.449142,11.86764],[121.449493,11.86771],[121.449722,11.86778],[121.449997,11.86806],[121.449997,11.86833],[121.450279,11.86861],[121.450546,11.86861],[121.451111,11.86917],[121.451393,11.86917],[121.451668,11.86889],[121.451942,11.86889],[121.452217,11.86917],[121.452499,11.86917],[121.452881,11.86914],[121.453423,11.8691],[121.454041,11.86905],[121.454628,11.86888],[121.45517,11.86861],[121.455833,11.86861],[121.456108,11.86833],[121.456657,11.86833],[121.456909,11.868067],[121.453941,11.85256],[121.451859,11.83998],[121.452454,11.83889],[121.453217,11.83759],[121.453171,11.83696],[121.453087,11.83712],[121.45295,11.83748],[121.452797,11.83781],[121.45269,11.83811],[121.452499,11.83834],[121.452263,11.83857],[121.451912,11.83876],[121.451492,11.83894],[121.451057,11.83912],[121.450523,11.83915],[121.449951,11.83908],[121.449432,11.83887],[121.448921,11.83863],[121.44838,11.83843],[121.447777,11.83833],[121.447502,11.83861],[121.44722,11.83833],[121.446953,11.83833],[121.446663,11.83806],[121.446663,11.83778],[121.447502,11.83694],[121.446388,11.83583],[121.446114,11.83583],[121.445831,11.83556],[121.445557,11.83556],[121.445267,11.83528],[121.444717,11.83528],[121.444443,11.83556],[121.444168,11.83556],[121.443687,11.83603],[121.443611,11.83611],[121.443001,11.83611],[121.44278,11.83611],[121.442497,11.83583],[121.442223,11.83583],[121.441948,11.83611],[121.441673,11.83611],[121.441391,11.83639],[121.441109,11.83639],[121.440811,11.83639],[121.440498,11.83638],[121.440117,11.83639],[121.439659,11.83644],[121.439163,11.83662],[121.438599,11.83672],[121.43808,11.83691],[121.437561,11.83709],[121.437149,11.83735],[121.436882,11.83775],[121.436653,11.83817],[121.436447,11.83861],[121.436447,11.83867],[121.43644,11.83908],[121.436592,11.8395],[121.43676,11.83989],[121.436981,11.84022],[121.437218,11.84056],[121.437424,11.84095],[121.437553,11.84139],[121.436943,11.84194],[121.436707,11.84218],[121.436668,11.84222],[121.436394,11.84222],[121.435837,11.84139],[121.435837,11.84124],[121.435837,11.84083],[121.435547,11.84056],[121.435547,11.84028],[121.43528,11.84],[121.435066,11.84],[121.433891,11.84],[121.432762,11.84028],[121.43235,11.84028],[121.431923,11.84028],[121.431488,11.84028],[121.431068,11.84028],[121.430656,11.84028],[121.43026,11.84028],[121.429893,11.84028],[121.42952,11.84028],[121.429138,11.84028],[121.428726,11.84028],[121.428307,11.84028],[121.427879,11.84027],[121.427406,11.84021],[121.426903,11.84005],[121.4263,11.83991],[121.425797,11.8396],[121.425537,11.83912],[121.425323,11.83864],[121.425163,11.83823],[121.424927,11.83799],[121.424667,11.83782],[121.424377,11.83778],[121.424072,11.83777],[121.423729,11.83778],[121.423347,11.83779],[121.422989,11.83788],[121.422684,11.83804],[121.422371,11.83818],[121.42205,11.8383],[121.421661,11.83833],[121.421257,11.83833],[121.420868,11.83833],[121.420479,11.83833],[121.420097,11.83833],[121.419724,11.83829],[121.419357,11.83815],[121.418968,11.83802],[121.418587,11.83783],[121.418167,11.83778],[121.41777,11.83778],[121.417397,11.83778],[121.417053,11.83778],[121.416679,11.83776],[121.416328,11.83769],[121.416023,11.83755],[121.415688,11.83751],[121.415352,11.8375],[121.414993,11.83745],[121.414627,11.83726],[121.414436,11.83722],[121.414169,11.83694],[121.414169,11.83663],[121.414169,11.83611],[121.414658,11.83562],[121.415283,11.835],[121.415283,11.83472],[121.414719,11.83417],[121.414436,11.83417],[121.413612,11.835],[121.41333,11.835],[121.412781,11.83556],[121.412781,11.83583],[121.412498,11.83611],[121.412498,11.83659],[121.412498,11.83667],[121.412781,11.83694],[121.412781,11.83799],[121.412773,11.83807],[121.412498,11.83833],[121.412628,11.83887],[121.412781,11.83956],[121.412979,11.84026],[121.413193,11.84091],[121.413437,11.8415],[121.413727,11.84201],[121.414078,11.84243],[121.414383,11.84282],[121.414627,11.84322],[121.414864,11.84363],[121.415047,11.84404],[121.415253,11.8444],[121.415443,11.84474],[121.415558,11.84511],[121.415657,11.84555],[121.415833,11.84611],[121.416107,11.84664],[121.416473,11.84697],[121.416656,11.84722],[121.417778,11.84833],[121.417778,11.84861],[121.419373,11.85021],[121.419441,11.85028],[121.419724,11.85028],[121.419769,11.85025],[121.419983,11.85009],[121.420326,11.84994],[121.420639,11.84982],[121.420563,11.84972],[121.42083,11.84972],[121.421387,11.85028],[121.421387,11.85056],[121.42112,11.85085],[121.420868,11.85117],[121.420624,11.85149],[121.420593,11.85154],[121.420349,11.852],[121.420311,11.85258],[121.420341,11.85276],[121.420433,11.85321],[121.420601,11.85387],[121.420883,11.85445],[121.421249,11.85491],[121.421638,11.85525],[121.421967,11.85554],[121.42218,11.85582],[121.422256,11.8562],[121.42234,11.85666],[121.422493,11.85721],[121.422592,11.85776],[121.422783,11.85825],[121.422974,11.85876],[121.423157,11.85925],[121.423363,11.85965],[121.423576,11.86005],[121.423752,11.86051],[121.423927,11.861],[121.424156,11.86148],[121.424347,11.86196],[121.424477,11.86244],[121.424637,11.86287],[121.424713,11.8633],[121.424751,11.8637],[121.424812,11.86408],[121.424957,11.8644],[121.425163,11.86471],[121.425339,11.86505],[121.425552,11.8654],[121.425758,11.86578],[121.425949,11.86619],[121.42617,11.86659],[121.42646,11.86692],[121.426804,11.86712],[121.427147,11.86715],[121.427513,11.86708],[121.427887,11.86707],[121.428284,11.86715],[121.428688,11.8672],[121.428886,11.86722],[121.429169,11.8675],[121.429733,11.8675],[121.43,11.86778],[121.430267,11.86778],[121.430832,11.86833],[121.431664,11.86833],[121.431953,11.86861],[121.43222,11.86889],[121.43222,11.86947],[121.43222,11.86972],[121.432503,11.87],[121.432777,11.86972],[121.433128,11.86949],[121.433327,11.86911],[121.433388,11.86885],[121.433434,11.86867],[121.433578,11.86815],[121.433922,11.86765],[121.434387,11.86727]]]]}},{"type":"Feature","properties":{"ID_0":177,"ISO":"PHL","NAME_0":"Philippines","ID_1":6006,"NAME_1":"Antique","ID_2":600605,"NAME_2":"Caluya","ID_3":600605008,"NAME_3":"Hininga-an","NL_NAME_3":null,"VARNAME_3":null,"TYPE_3":"Barangay","ENGTYPE_3":"Village","PROVINCE":"Antique","REGION":"Region VI (Western Visayas)","id":"barangay-0600605008","name":"Hininga-an","barangayCode":"0600605008","population":null,"formattedPop":null,"densityCategory":"No data","vulnerabilityRating":"No data","healthRiskLevel":"No data","areaKm2":4.365418,"centerLat":11.913604,"centerLng":121.572531,"geometrySource":"all_barangay-2.csv detailed WKT","geometryMatchMethod":"unique_official_admin_names","boundaryPointCount":84},"geometry":{"type":"MultiPolygon","coordinates":[[[[121.573097,11.92669],[121.573257,11.92641],[121.573441,11.92606],[121.573647,11.92565],[121.573914,11.92526],[121.574158,11.92495],[121.574387,11.92473],[121.574623,11.92457],[121.574898,11.92446],[121.575241,11.92436],[121.575607,11.92412],[121.575821,11.92371],[121.575974,11.92336],[121.576286,11.92309],[121.576622,11.92281],[121.57692,11.92256],[121.577187,11.92229],[121.577477,11.92205],[121.577751,11.92179],[121.578003,11.9215],[121.578308,11.9213],[121.578598,11.92107],[121.57888,11.92082],[121.579163,11.92052],[121.579483,11.92018],[121.579842,11.91982],[121.580276,11.91949],[121.580757,11.91921],[121.581146,11.91893],[121.581451,11.91869],[121.581657,11.91844],[121.581772,11.91815],[121.581741,11.91776],[121.581757,11.91735],[121.581917,11.91697],[121.582123,11.91662],[121.582222,11.91667],[121.582222,11.91639],[121.582497,11.91611],[121.582497,11.91528],[121.582222,11.915],[121.581947,11.915],[121.581947,11.91472],[121.58139,11.91417],[121.582497,11.91306],[121.582222,11.91278],[121.582222,11.91222],[121.582497,11.91194],[121.582497,11.91167],[121.582779,11.91139],[121.582779,11.91111],[121.582497,11.91083],[121.582497,11.91056],[121.582222,11.91028],[121.582222,11.90972],[121.581947,11.90944],[121.581947,11.90889],[121.582222,11.90861],[121.582222,11.90778],[121.582497,11.9075],[121.582497,11.90679],[121.563972,11.91335],[121.55838,11.92048],[121.559631,11.92093],[121.560608,11.9212],[121.561737,11.92237],[121.562431,11.92276],[121.563728,11.92285],[121.564621,11.92365],[121.565437,11.92377],[121.566071,11.92338],[121.566856,11.92374],[121.567589,11.92431],[121.568153,11.9243],[121.568939,11.92452],[121.569191,11.92515],[121.570168,11.92547],[121.57074,11.92547],[121.571136,11.92589],[121.57193,11.92632],[121.572166,11.92633],[121.57251,11.92633],[121.572853,11.92654],[121.573097,11.92669]]]]}},{"type":"Feature","properties":{"ID_0":177,"ISO":"PHL","NAME_0":"Philippines","ID_1":6006,"NAME_1":"Antique","ID_2":600605,"NAME_2":"Caluya","ID_3":600605009,"NAME_3":"Imba","NL_NAME_3":null,"VARNAME_3":null,"TYPE_3":"Barangay","ENGTYPE_3":"Village","PROVINCE":"Antique","REGION":"Region VI (Western Visayas)","id":"barangay-0600605009","name":"Imba","barangayCode":"0600605009","population":null,"formattedPop":null,"densityCategory":"No data","vulnerabilityRating":"No data","healthRiskLevel":"No data","areaKm2":2.402544,"centerLat":11.951672,"centerLng":121.55052,"geometrySource":"all_barangay-2.csv detailed WKT","geometryMatchMethod":"unique_official_admin_names","boundaryPointCount":132},"geometry":{"type":"MultiPolygon","coordinates":[[[[121.553886,11.94288],[121.541069,11.94521],[121.540604,11.94527],[121.540001,11.94536],[121.539383,11.9455],[121.538727,11.94564],[121.538109,11.94613],[121.537857,11.94614],[121.537849,11.94657],[121.538002,11.94708],[121.538048,11.94756],[121.538048,11.94799],[121.537971,11.94838],[121.537827,11.94872],[121.537804,11.94912],[121.537857,11.94951],[121.53804,11.94986],[121.538239,11.95018],[121.538429,11.95049],[121.538643,11.95078],[121.538872,11.95113],[121.539047,11.95159],[121.539207,11.95212],[121.539459,11.95262],[121.539757,11.95306],[121.5401,11.9534],[121.540459,11.95365],[121.540779,11.95388],[121.541077,11.95408],[121.541397,11.95419],[121.54171,11.95431],[121.542061,11.95441],[121.542473,11.95444],[121.5429,11.9545],[121.543289,11.95468],[121.543663,11.95487],[121.544067,11.95498],[121.544518,11.95502],[121.544983,11.95512],[121.545433,11.95524],[121.54586,11.95531],[121.546249,11.95542],[121.5466,11.95553],[121.546967,11.95559],[121.547348,11.95569],[121.54776,11.9558],[121.548203,11.95583],[121.548668,11.95584],[121.549133,11.95587],[121.549583,11.95599],[121.550018,11.95619],[121.550484,11.95641],[121.550941,11.95667],[121.551407,11.95693],[121.55188,11.95718],[121.552307,11.95747],[121.552727,11.95775],[121.55304,11.95804],[121.553047,11.95833],[121.553337,11.95861],[121.553337,11.95889],[121.553047,11.95917],[121.553612,11.95972],[121.554169,11.95972],[121.554443,11.96],[121.554733,11.96],[121.555,11.95972],[121.555267,11.95972],[121.555557,11.95944],[121.555832,11.95944],[121.556389,11.95889],[121.556641,11.95841],[121.556992,11.95801],[121.557411,11.95761],[121.557907,11.95718],[121.558418,11.9567],[121.558922,11.95621],[121.559387,11.95577],[121.559776,11.95536],[121.560089,11.95503],[121.560371,11.95475],[121.560677,11.95449],[121.561028,11.95422],[121.561371,11.95386],[121.561722,11.95346],[121.562119,11.9531],[121.562553,11.95278],[121.562958,11.95248],[121.563332,11.95217],[121.563698,11.95188],[121.564072,11.95165],[121.56443,11.95144],[121.564796,11.95129],[121.56517,11.95112],[121.56559,11.95095],[121.566063,11.95075],[121.566544,11.95048],[121.566971,11.95014],[121.567383,11.94981],[121.567734,11.94943],[121.568001,11.94905],[121.568176,11.94866],[121.568314,11.94828],[121.568367,11.9479],[121.568481,11.94753],[121.568657,11.94715],[121.568916,11.94679],[121.569252,11.94649],[121.569679,11.94636],[121.570091,11.94622],[121.570374,11.946],[121.570457,11.94573],[121.570374,11.94542],[121.57029,11.94511],[121.57045,11.94484],[121.570717,11.94459],[121.571083,11.94437],[121.571449,11.94412],[121.571777,11.94378],[121.57209,11.94343],[121.572433,11.94307],[121.572769,11.94268],[121.573067,11.94226],[121.573349,11.94184],[121.573624,11.94145],[121.573914,11.94111],[121.574188,11.94081],[121.574463,11.94056],[121.57473,11.9403],[121.574997,11.93999],[121.562439,11.94166],[121.553886,11.94288]]]]}},{"type":"Feature","properties":{"ID_0":177,"ISO":"PHL","NAME_0":"Philippines","ID_1":6006,"NAME_1":"Antique","ID_2":600605,"NAME_2":"Caluya","ID_3":600605010,"NAME_3":"Masanag","NL_NAME_3":null,"VARNAME_3":null,"TYPE_3":"Barangay","ENGTYPE_3":"Village","PROVINCE":"Antique","REGION":"Region VI (Western Visayas)","id":"barangay-0600605010","name":"Masanag","barangayCode":"0600605010","population":null,"formattedPop":null,"densityCategory":"No data","vulnerabilityRating":"No data","healthRiskLevel":"No data","areaKm2":2.779969,"centerLat":11.940323,"centerLng":121.564929,"geometrySource":"all_barangay-2.csv detailed WKT","geometryMatchMethod":"unique_official_admin_names","boundaryPointCount":28},"geometry":{"type":"MultiPolygon","coordinates":[[[[121.574997,11.93999],[121.575272,11.93966],[121.575523,11.93927],[121.575737,11.93888],[121.575928,11.9385],[121.576073,11.93811],[121.57618,11.9377],[121.576393,11.93728],[121.576637,11.93685],[121.57692,11.93637],[121.577118,11.9358],[121.577499,11.93556],[121.577766,11.93528],[121.577766,11.935],[121.576828,11.93405],[121.576118,11.93386],[121.575684,11.93374],[121.56955,11.93338],[121.562897,11.93299],[121.562866,11.93396],[121.562439,11.93514],[121.561577,11.93633],[121.561234,11.93744],[121.561317,11.93847],[121.561996,11.93921],[121.562439,11.9404],[121.562439,11.94166],[121.574997,11.93999]]]]}},{"type":"Feature","properties":{"ID_0":177,"ISO":"PHL","NAME_0":"Philippines","ID_1":6006,"NAME_1":"Antique","ID_2":600605,"NAME_2":"Caluya","ID_3":600605011,"NAME_3":"Poblacion","NL_NAME_3":null,"VARNAME_3":null,"TYPE_3":"Barangay","ENGTYPE_3":"Village","PROVINCE":"Antique","REGION":"Region VI (Western Visayas)","id":"barangay-0600605011","name":"Poblacion","barangayCode":"0600605011","population":null,"formattedPop":null,"densityCategory":"No data","vulnerabilityRating":"No data","healthRiskLevel":"No data","areaKm2":2.067492,"centerLat":11.927542,"centerLng":121.550855,"geometrySource":"all_barangay-2.csv detailed WKT","geometryMatchMethod":"unique_official_admin_names","boundaryPointCount":89},"geometry":{"type":"MultiPolygon","coordinates":[[[[121.553886,11.94288],[121.553436,11.92985],[121.5522,11.91628],[121.541977,11.91576],[121.542091,11.91611],[121.542236,11.91664],[121.542397,11.91713],[121.542549,11.91758],[121.54274,11.91794],[121.542877,11.91826],[121.543007,11.9185],[121.543091,11.91878],[121.543228,11.9191],[121.543312,11.91951],[121.543327,11.92004],[121.54335,11.92067],[121.543388,11.92131],[121.54351,11.92183],[121.543663,11.92224],[121.543877,11.92252],[121.544083,11.92276],[121.544258,11.92299],[121.544441,11.92323],[121.544617,11.92352],[121.544807,11.92388],[121.545013,11.92427],[121.545227,11.9247],[121.54538,11.9252],[121.545563,11.92572],[121.545753,11.92626],[121.54583,11.92687],[121.545891,11.92747],[121.546112,11.928],[121.54631,11.92852],[121.546333,11.9291],[121.546173,11.9297],[121.546173,11.93029],[121.546341,11.93082],[121.546402,11.93137],[121.546501,11.93187],[121.546631,11.93232],[121.546669,11.93276],[121.546669,11.9332],[121.546669,11.93366],[121.546669,11.93417],[121.546707,11.93468],[121.546898,11.93513],[121.546944,11.93558],[121.546921,11.93601],[121.546783,11.93641],[121.546677,11.93664],[121.546608,11.9368],[121.546356,11.93716],[121.546066,11.93763],[121.545593,11.93802],[121.545341,11.93844],[121.545212,11.93888],[121.545036,11.93935],[121.544861,11.93983],[121.544693,11.94015],[121.544479,11.94036],[121.54435,11.94063],[121.544128,11.94084],[121.543854,11.94103],[121.543533,11.9412],[121.54319,11.94141],[121.542862,11.94166],[121.542488,11.94188],[121.542084,11.94208],[121.541656,11.9422],[121.541183,11.94222],[121.54071,11.94226],[121.540237,11.94249],[121.539757,11.94272],[121.539238,11.94296],[121.538811,11.94337],[121.538521,11.94391],[121.538307,11.94448],[121.538109,11.94498],[121.538017,11.94551],[121.537857,11.94601],[121.537857,11.94614],[121.538109,11.94613],[121.538727,11.94564],[121.539383,11.9455],[121.540001,11.94536],[121.540604,11.94527],[121.541069,11.94521],[121.553886,11.94288]]]]}},{"type":"Feature","properties":{"ID_0":177,"ISO":"PHL","NAME_0":"Philippines","ID_1":6006,"NAME_1":"Antique","ID_2":600605,"NAME_2":"Caluya","ID_3":600605012,"NAME_3":"Sabang","NL_NAME_3":null,"VARNAME_3":null,"TYPE_3":"Barangay","ENGTYPE_3":"Village","PROVINCE":"Antique","REGION":"Region VI (Western Visayas)","id":"barangay-0600605012","name":"Sabang","barangayCode":"0600605012","population":null,"formattedPop":null,"densityCategory":"No data","vulnerabilityRating":"No data","healthRiskLevel":"No data","areaKm2":6.883391,"centerLat":11.906608,"centerLng":121.552473,"geometrySource":"all_barangay-2.csv detailed WKT","geometryMatchMethod":"unique_official_admin_names","boundaryPointCount":123},"geometry":{"type":"MultiPolygon","coordinates":[[[[121.5522,11.91628],[121.554153,11.91776],[121.55497,11.91842],[121.55555,11.91885],[121.556389,11.91953],[121.557457,11.91969],[121.55838,11.92048],[121.563972,11.91335],[121.563087,11.90619],[121.564163,11.90577],[121.564774,11.90501],[121.564774,11.90355],[121.565224,11.90248],[121.565483,11.90096],[121.565712,11.89931],[121.56588,11.89824],[121.566406,11.89648],[121.566544,11.89517],[121.566544,11.895],[121.566147,11.895],[121.565666,11.895],[121.565224,11.89497],[121.564827,11.89484],[121.564453,11.89471],[121.56411,11.89455],[121.563744,11.89446],[121.563377,11.89445],[121.563026,11.89444],[121.562683,11.8944],[121.562393,11.89427],[121.562057,11.89418],[121.5616,11.89413],[121.561012,11.89415],[121.56041,11.89411],[121.559883,11.8939],[121.55941,11.8937],[121.558983,11.89354],[121.558609,11.89336],[121.55822,11.89322],[121.557808,11.8931],[121.557343,11.89304],[121.556847,11.89293],[121.556381,11.89273],[121.555969,11.89238],[121.555519,11.89203],[121.555023,11.89171],[121.55439,11.89145],[121.553688,11.89113],[121.553207,11.89077],[121.553047,11.89091],[121.552834,11.89113],[121.552567,11.89137],[121.552307,11.89156],[121.552002,11.89167],[121.551682,11.89175],[121.551353,11.89185],[121.550987,11.89196],[121.550613,11.89214],[121.550179,11.89227],[121.549782,11.8925],[121.549377,11.89277],[121.549011,11.89304],[121.548637,11.89327],[121.548347,11.89359],[121.547997,11.89388],[121.547577,11.89417],[121.547096,11.89447],[121.546661,11.89483],[121.546219,11.89517],[121.545799,11.89547],[121.545403,11.89571],[121.545036,11.89595],[121.544708,11.89621],[121.54438,11.89647],[121.544083,11.89675],[121.543808,11.89703],[121.543533,11.8973],[121.543213,11.89755],[121.542938,11.89788],[121.542641,11.89819],[121.542374,11.8985],[121.542191,11.89886],[121.542007,11.89915],[121.541908,11.89949],[121.541733,11.89975],[121.541557,11.9],[121.541351,11.90024],[121.541107,11.9005],[121.540863,11.90081],[121.540627,11.90119],[121.540459,11.90164],[121.540283,11.9021],[121.540108,11.90256],[121.540024,11.90305],[121.539963,11.90355],[121.53981,11.904],[121.539742,11.90447],[121.539726,11.90491],[121.539719,11.9053],[121.539726,11.90565],[121.539726,11.90601],[121.539719,11.90638],[121.539703,11.90674],[121.539581,11.90708],[121.539467,11.90743],[121.539452,11.90782],[121.539497,11.9083],[121.539673,11.90886],[121.539787,11.90952],[121.540024,11.91014],[121.540283,11.91069],[121.54052,11.91117],[121.540672,11.91162],[121.540802,11.91202],[121.540894,11.91246],[121.541107,11.9129],[121.541344,11.91338],[121.541527,11.9139],[121.541649,11.91445],[121.541718,11.91503],[121.541924,11.91558],[121.541977,11.91576],[121.5522,11.91628]]]]}},{"type":"Feature","properties":{"ID_0":177,"ISO":"PHL","NAME_0":"Philippines","ID_1":6006,"NAME_1":"Antique","ID_2":600605,"NAME_2":"Caluya","ID_3":600605013,"NAME_3":"Salamento","NL_NAME_3":null,"VARNAME_3":null,"TYPE_3":"Barangay","ENGTYPE_3":"Village","PROVINCE":"Antique","REGION":"Region VI (Western Visayas)","id":"barangay-0600605013","name":"Salamento","barangayCode":"0600605013","population":null,"formattedPop":null,"densityCategory":"No data","vulnerabilityRating":"No data","healthRiskLevel":"No data","areaKm2":2.408667,"centerLat":11.928037,"centerLng":121.564206,"geometrySource":"all_barangay-2.csv detailed WKT","geometryMatchMethod":"unique_official_admin_names","boundaryPointCount":51},"geometry":{"type":"MultiPolygon","coordinates":[[[[121.576828,11.93405],[121.575844,11.93306],[121.574913,11.93306],[121.574448,11.93306],[121.574173,11.93333],[121.573776,11.93301],[121.573502,11.93274],[121.573227,11.93241],[121.572906,11.93208],[121.572578,11.93175],[121.572227,11.93146],[121.571922,11.93114],[121.571648,11.93076],[121.571518,11.93028],[121.571693,11.92975],[121.571968,11.92922],[121.572311,11.92871],[121.57267,11.92826],[121.572937,11.92783],[121.573036,11.92735],[121.573059,11.92697],[121.573097,11.92669],[121.572853,11.92654],[121.57251,11.92633],[121.572166,11.92633],[121.57193,11.92632],[121.571136,11.92589],[121.57074,11.92547],[121.570168,11.92547],[121.569191,11.92515],[121.568939,11.92452],[121.568153,11.9243],[121.567589,11.92431],[121.566856,11.92374],[121.566071,11.92338],[121.565437,11.92377],[121.564621,11.92365],[121.563728,11.92285],[121.562431,11.92276],[121.561737,11.92237],[121.560608,11.9212],[121.559631,11.92093],[121.55838,11.92048],[121.559708,11.92787],[121.559792,11.92831],[121.560577,11.9327],[121.562897,11.93299],[121.56955,11.93338],[121.575684,11.93374],[121.576118,11.93386],[121.576828,11.93405]]]]}},{"type":"Feature","properties":{"ID_0":177,"ISO":"PHL","NAME_0":"Philippines","ID_1":6006,"NAME_1":"Antique","ID_2":600605,"NAME_2":"Caluya","ID_3":600605014,"NAME_3":"Semirara","NL_NAME_3":null,"VARNAME_3":null,"TYPE_3":"Barangay","ENGTYPE_3":"Village","PROVINCE":"Antique","REGION":"Region VI (Western Visayas)","id":"barangay-0600605014","name":"Semirara","barangayCode":"0600605014","population":null,"formattedPop":null,"densityCategory":"No data","vulnerabilityRating":"No data","healthRiskLevel":"No data","areaKm2":35.952035,"centerLat":12.087487,"centerLng":121.378476,"geometrySource":"all_barangay-2.csv detailed WKT","geometryMatchMethod":"unique_official_admin_names","boundaryPointCount":25},"geometry":{"type":"MultiPolygon","coordinates":[[[[121.402122,11.915365],[121.400185,11.91659],[121.399246,11.916327],[121.398712,11.916473],[121.398056,11.916467],[121.397018,11.916899],[121.396454,11.91701],[121.395767,11.917363],[121.395966,11.918131],[121.395996,11.918224],[121.397003,11.918256],[121.397621,11.918714],[121.398033,11.919239],[121.398476,11.919684],[121.399239,11.919865],[121.399727,11.919533],[121.401413,11.91884],[121.403328,11.917754],[121.404457,11.917404],[121.40522,11.916762],[121.404175,11.915116],[121.403107,11.915455],[121.402832,11.915499],[121.402161,11.915435],[121.402122,11.915365]]]]}},{"type":"Feature","properties":{"ID_0":177,"ISO":"PHL","NAME_0":"Philippines","ID_1":6006,"NAME_1":"Antique","ID_2":600605,"NAME_2":"Caluya","ID_3":600605015,"NAME_3":"Sibato","NL_NAME_3":null,"VARNAME_3":null,"TYPE_3":"Barangay","ENGTYPE_3":"Village","PROVINCE":"Antique","REGION":"Region VI (Western Visayas)","id":"barangay-0600605015","name":"Sibato","barangayCode":"0600605015","population":null,"formattedPop":null,"densityCategory":"No data","vulnerabilityRating":"No data","healthRiskLevel":"No data","areaKm2":1.565656,"centerLat":11.981371,"centerLng":121.560762,"geometrySource":"all_barangay-2.csv detailed WKT","geometryMatchMethod":"unique_official_admin_names","boundaryPointCount":134},"geometry":{"type":"MultiPolygon","coordinates":[[[[121.565918,11.97583],[121.565697,11.97546],[121.565437,11.97548],[121.565117,11.97558],[121.564796,11.9757],[121.564522,11.97564],[121.564247,11.97557],[121.563942,11.97556],[121.563583,11.97561],[121.563187,11.97579],[121.562752,11.97582],[121.562317,11.97575],[121.561951,11.97559],[121.561577,11.97556],[121.561203,11.9756],[121.560806,11.97573],[121.560364,11.97559],[121.559868,11.97545],[121.559486,11.97516],[121.559189,11.9748],[121.558983,11.9744],[121.558823,11.974],[121.558594,11.97369],[121.55835,11.97342],[121.558144,11.97315],[121.557907,11.97288],[121.557747,11.97251],[121.557549,11.97207],[121.557457,11.97147],[121.557281,11.97087],[121.557114,11.97042],[121.55722,11.97028],[121.556953,11.97],[121.556953,11.96972],[121.556664,11.96944],[121.556389,11.96944],[121.556107,11.96972],[121.556107,11.97028],[121.555832,11.97056],[121.556107,11.97083],[121.556007,11.97128],[121.555748,11.97165],[121.555443,11.97202],[121.555206,11.97255],[121.555099,11.97314],[121.555283,11.97369],[121.555542,11.97414],[121.555817,11.9745],[121.556084,11.97484],[121.556313,11.97518],[121.556572,11.97548],[121.556793,11.9758],[121.556808,11.97587],[121.556976,11.97614],[121.557167,11.97655],[121.55722,11.97712],[121.557228,11.97779],[121.55722,11.97849],[121.55722,11.97915],[121.557228,11.97975],[121.55722,11.98027],[121.557182,11.98071],[121.557129,11.98081],[121.556999,11.98109],[121.556923,11.9815],[121.55674,11.98189],[121.556664,11.98227],[121.556549,11.98259],[121.556396,11.98283],[121.556236,11.98305],[121.556061,11.98326],[121.555862,11.98348],[121.555679,11.98378],[121.555603,11.98414],[121.555649,11.9845],[121.555832,11.9848],[121.556007,11.98508],[121.556084,11.98541],[121.556061,11.98581],[121.555977,11.98628],[121.556122,11.98674],[121.556343,11.98717],[121.556587,11.98751],[121.556732,11.98787],[121.556732,11.98835],[121.556747,11.98889],[121.556923,11.98924],[121.557007,11.98946],[121.557503,11.98996],[121.558022,11.99033],[121.55851,11.99063],[121.559059,11.99082],[121.559593,11.99081],[121.559959,11.99062],[121.560257,11.99039],[121.560532,11.99015],[121.560783,11.98989],[121.560982,11.98958],[121.561211,11.98925],[121.561478,11.98894],[121.561737,11.98866],[121.562019,11.98839],[121.562347,11.98812],[121.562767,11.98782],[121.563217,11.98744],[121.563583,11.987],[121.563843,11.98656],[121.564011,11.98616],[121.564171,11.98582],[121.564331,11.98552],[121.564484,11.9852],[121.564713,11.98487],[121.564957,11.98448],[121.565262,11.98406],[121.565552,11.98362],[121.565826,11.98319],[121.566071,11.9828],[121.566307,11.98246],[121.566513,11.98208],[121.566628,11.98164],[121.566673,11.98113],[121.566727,11.98062],[121.566841,11.98039],[121.56694,11.98017],[121.567146,11.97977],[121.567253,11.97936],[121.567337,11.97894],[121.567337,11.97853],[121.567093,11.97811],[121.566742,11.97773],[121.566406,11.97735],[121.56617,11.97693],[121.566078,11.97641],[121.565918,11.97583]]]]}},{"type":"Feature","properties":{"ID_0":177,"ISO":"PHL","NAME_0":"Philippines","ID_1":6006,"NAME_1":"Antique","ID_2":600605,"NAME_2":"Caluya","ID_3":600605016,"NAME_3":"Sibay","NL_NAME_3":null,"VARNAME_3":null,"TYPE_3":"Barangay","ENGTYPE_3":"Village","PROVINCE":"Antique","REGION":"Region VI (Western Visayas)","id":"barangay-0600605016","name":"Sibay","barangayCode":"0600605016","population":null,"formattedPop":null,"densityCategory":"No data","vulnerabilityRating":"No data","healthRiskLevel":"No data","areaKm2":9.746616,"centerLat":11.8374,"centerLng":121.482172,"geometrySource":"all_barangay-2.csv detailed WKT","geometryMatchMethod":"unique_official_admin_names","boundaryPointCount":170},"geometry":{"type":"MultiPolygon","coordinates":[[[[121.500847,11.84274],[121.505653,11.82806],[121.505608,11.8279],[121.505943,11.82722],[121.50547,11.82723],[121.504997,11.82728],[121.504646,11.82748],[121.504333,11.82763],[121.504028,11.82771],[121.5037,11.8276],[121.503319,11.82755],[121.502907,11.82764],[121.502449,11.82775],[121.501984,11.82778],[121.501518,11.82778],[121.501106,11.82778],[121.50074,11.82778],[121.500366,11.82778],[121.499977,11.82778],[121.499527,11.82782],[121.499077,11.82796],[121.498596,11.82804],[121.498154,11.82805],[121.497726,11.82803],[121.497383,11.82793],[121.497017,11.82782],[121.496643,11.82781],[121.496246,11.82792],[121.495857,11.82808],[121.495483,11.82828],[121.495003,11.82841],[121.494659,11.82869],[121.494461,11.82903],[121.494293,11.82936],[121.494133,11.82948],[121.494003,11.82957],[121.493729,11.82964],[121.493622,11.82966],[121.493202,11.82954],[121.492828,11.82917],[121.492493,11.82867],[121.49218,11.82863],[121.491852,11.82872],[121.491562,11.82884],[121.491272,11.82881],[121.490967,11.8286],[121.490608,11.82835],[121.490158,11.82815],[121.489639,11.82807],[121.489143,11.82806],[121.488701,11.82805],[121.488342,11.82801],[121.488083,11.82784],[121.487793,11.82774],[121.487549,11.82758],[121.487244,11.82751],[121.486862,11.8275],[121.486427,11.82747],[121.485947,11.82735],[121.485443,11.82714],[121.485039,11.82679],[121.484749,11.82639],[121.484558,11.82599],[121.484291,11.8257],[121.48394,11.8255],[121.483551,11.82532],[121.483093,11.82523],[121.482613,11.82508],[121.482018,11.82501],[121.481323,11.825],[121.48098,11.82486],[121.480652,11.82508],[121.480263,11.82541],[121.479813,11.82568],[121.479301,11.82574],[121.478867,11.82558],[121.478477,11.82543],[121.478142,11.82532],[121.477814,11.82534],[121.47747,11.82553],[121.477043,11.82572],[121.476547,11.8259],[121.476158,11.82615],[121.47583,11.8264],[121.475533,11.82661],[121.475166,11.8267],[121.474838,11.82682],[121.474472,11.82693],[121.474052,11.82701],[121.473618,11.82719],[121.473106,11.82736],[121.47261,11.82769],[121.47229,11.82824],[121.472282,11.82828],[121.472183,11.82879],[121.471962,11.82916],[121.471748,11.82939],[121.471573,11.82952],[121.471497,11.82957],[121.47139,11.82965],[121.471153,11.82971],[121.470863,11.82973],[121.470528,11.82975],[121.470161,11.82984],[121.46978,11.82997],[121.469383,11.83],[121.468979,11.83],[121.46859,11.83003],[121.468231,11.83012],[121.46788,11.83024],[121.467522,11.83027],[121.467178,11.83028],[121.46685,11.83028],[121.466522,11.83028],[121.466164,11.83033],[121.465759,11.83046],[121.465363,11.83038],[121.464981,11.8303],[121.464622,11.83028],[121.464279,11.83028],[121.463943,11.83029],[121.46357,11.83035],[121.463203,11.83051],[121.462807,11.83055],[121.462418,11.83056],[121.462044,11.83055],[121.461678,11.8305],[121.461349,11.83033],[121.461014,11.83029],[121.46064,11.83033],[121.460274,11.8305],[121.459831,11.83059],[121.459412,11.83074],[121.459007,11.83084],[121.458687,11.83094],[121.45845,11.83107],[121.458183,11.83114],[121.457893,11.83126],[121.457558,11.83137],[121.457176,11.83147],[121.456787,11.83158],[121.456421,11.83146],[121.456017,11.83136],[121.455627,11.83121],[121.455132,11.8311],[121.45459,11.831],[121.454079,11.831],[121.453659,11.83126],[121.453331,11.83169],[121.453087,11.83222],[121.453247,11.83259],[121.453323,11.83274],[121.453537,11.83313],[121.453644,11.83346],[121.453728,11.83378],[121.453651,11.83415],[121.453621,11.83454],[121.453621,11.83492],[121.453644,11.83524],[121.453621,11.83553],[121.453613,11.83582],[121.45356,11.83612],[121.453377,11.83639],[121.453278,11.83676],[121.453171,11.83696],[121.453217,11.83759],[121.452454,11.83889],[121.451859,11.83998],[121.453941,11.85256],[121.500847,11.84274]]]]}},{"type":"Feature","properties":{"ID_0":177,"ISO":"PHL","NAME_0":"Philippines","ID_1":6006,"NAME_1":"Antique","ID_2":600605,"NAME_2":"Caluya","ID_3":600605017,"NAME_3":"Sibolo","NL_NAME_3":null,"VARNAME_3":null,"TYPE_3":"Barangay","ENGTYPE_3":"Village","PROVINCE":"Antique","REGION":"Region VI (Western Visayas)","id":"barangay-0600605017","name":"Sibolo","barangayCode":"0600605017","population":null,"formattedPop":null,"densityCategory":"No data","vulnerabilityRating":"No data","healthRiskLevel":"No data","areaKm2":2.976786,"centerLat":12.140923,"centerLng":121.518946,"geometrySource":"all_barangay-2.csv detailed WKT","geometryMatchMethod":"unique_official_admin_names","boundaryPointCount":1098},"geometry":{"type":"MultiPolygon","coordinates":[[[[121.481216,11.953877],[121.479263,11.95292],[121.47744,11.953577],[121.476036,11.953181],[121.475044,11.953312],[121.473747,11.954252],[121.473747,11.955355],[121.474655,11.956499],[121.475838,11.957542],[121.477409,11.958867],[121.477829,11.96003],[121.478424,11.962065],[121.478416,11.964084],[121.478912,11.965295],[121.480705,11.966934],[121.482269,11.96812],[121.483337,11.968257],[121.484726,11.967933],[121.486061,11.967191],[121.487236,11.965774],[121.488029,11.964504],[121.488983,11.963504],[121.489662,11.96221],[121.489937,11.960611],[121.489708,11.958974],[121.489281,11.957962],[121.488495,11.957119],[121.486656,11.955862],[121.485855,11.955066],[121.484009,11.954714],[121.483032,11.953916],[121.481216,11.953877]]],[[[121.361954,12.06917],[121.361389,12.06917],[121.359734,12.07083],[121.359734,12.07111],[121.360283,12.07167],[121.361107,12.07167],[121.361389,12.07194],[121.361656,12.07167],[121.361656,12.07139],[121.362221,12.07083],[121.362221,12.06944],[121.361954,12.06917]]],[[[121.347221,12.07333],[121.347504,12.07306],[121.347778,12.07306],[121.34861,12.07222],[121.34861,12.07194],[121.348053,12.07138],[121.347603,12.07147],[121.346832,12.07147],[121.346619,12.07099],[121.34639,12.07056],[121.346107,12.07056],[121.345558,12.07111],[121.345284,12.07111],[121.345284,12.07222],[121.346107,12.07306],[121.346657,12.07306],[121.346947,12.07333],[121.347221,12.07333]]],[[[121.578056,12.11028],[121.578331,12.11],[121.578613,12.11],[121.578888,12.10972],[121.579437,12.10972],[121.580002,12.10917],[121.580276,12.10917],[121.580559,12.10889],[121.581108,12.10889],[121.582779,12.10722],[121.582779,12.10694],[121.583344,12.10639],[121.583344,12.10611],[121.583611,12.10583],[121.583611,12.10556],[121.583893,12.10528],[121.583893,12.10472],[121.584167,12.10444],[121.584167,12.10417],[121.584999,12.10333],[121.584999,12.10306],[121.584717,12.10278],[121.584717,12.1025],[121.584999,12.10222],[121.584999,12.10194],[121.584442,12.10139],[121.584442,12.09944],[121.583054,12.09806],[121.582497,12.09806],[121.582222,12.09778],[121.58139,12.09778],[121.581108,12.0975],[121.580833,12.0975],[121.580559,12.09722],[121.580276,12.09722],[121.57972,12.09667],[121.579437,12.09667],[121.578888,12.09611],[121.578613,12.09611],[121.578331,12.09583],[121.577499,12.09583],[121.577217,12.09556],[121.576111,12.09556],[121.575844,12.09583],[121.573608,12.09583],[121.573334,12.09556],[121.569717,12.09556],[121.568611,12.09667],[121.568611,12.09722],[121.568893,12.0975],[121.568893,12.09806],[121.570831,12.1],[121.571663,12.1],[121.572777,12.10111],[121.572777,12.1025],[121.573059,12.10278],[121.573059,12.10333],[121.573334,12.10361],[121.573334,12.10389],[121.573608,12.10417],[121.573608,12.105],[121.573059,12.10556],[121.573891,12.10639],[121.573891,12.10667],[121.574173,12.10694],[121.574173,12.10722],[121.575546,12.10861],[121.575546,12.10917],[121.576393,12.11],[121.576942,12.11],[121.577499,12.11],[121.577766,12.11028],[121.578056,12.11028]]],[[[121.354156,12.11667],[121.354721,12.11611],[121.355278,12.11611],[121.355553,12.11583],[121.356171,12.11555],[121.356743,12.11529],[121.357307,12.11507],[121.357887,12.11488],[121.358414,12.11469],[121.358887,12.11445],[121.35936,12.11418],[121.359833,12.11389],[121.360283,12.11357],[121.36071,12.11322],[121.361168,12.11293],[121.361649,12.11276],[121.362099,12.11257],[121.362534,12.11239],[121.362923,12.11213],[121.363327,12.11187],[121.363693,12.11152],[121.364067,12.11115],[121.364502,12.11075],[121.364952,12.11036],[121.365341,12.10991],[121.365669,12.1094],[121.366051,12.1089],[121.366577,12.10852],[121.367111,12.10832],[121.367577,12.10824],[121.367943,12.10828],[121.368263,12.10843],[121.368568,12.10866],[121.368889,12.10897],[121.369217,12.10937],[121.369583,12.10984],[121.369987,12.11023],[121.370354,12.11058],[121.370621,12.11094],[121.370827,12.11132],[121.370987,12.11176],[121.371208,12.1122],[121.371513,12.11259],[121.371887,12.11296],[121.372368,12.11335],[121.372932,12.1137],[121.373627,12.11405],[121.374367,12.1144],[121.375061,12.11474],[121.375679,12.11507],[121.376244,12.11533],[121.376747,12.11548],[121.377251,12.11557],[121.377747,12.11565],[121.378311,12.11568],[121.378883,12.11577],[121.379494,12.11579],[121.380074,12.11561],[121.380623,12.11535],[121.381157,12.11511],[121.381729,12.11491],[121.382294,12.11466],[121.382889,12.11437],[121.383522,12.11407],[121.38414,12.11384],[121.384659,12.11356],[121.38504,12.11318],[121.385399,12.11277],[121.385811,12.1124],[121.386269,12.11213],[121.386658,12.11186],[121.386932,12.11154],[121.387177,12.11123],[121.387169,12.11084],[121.386803,12.11082],[121.386398,12.1108],[121.386009,12.11062],[121.385681,12.11032],[121.385437,12.10999],[121.385269,12.10965],[121.385094,12.1093],[121.38488,12.10892],[121.384659,12.10845],[121.384361,12.10802],[121.384102,12.10761],[121.384087,12.10717],[121.384407,12.10674],[121.384911,12.10635],[121.385452,12.10598],[121.38604,12.1057],[121.386627,12.10547],[121.3871,12.10515],[121.387329,12.10473],[121.387306,12.10429],[121.387192,12.10388],[121.387016,12.10352],[121.38694,12.10316],[121.387093,12.10273],[121.387352,12.10229],[121.387611,12.10191],[121.387917,12.1016],[121.388199,12.10127],[121.388474,12.10098],[121.388763,12.10071],[121.389069,12.10045],[121.389343,12.10017],[121.389702,12.09993],[121.39006,12.09968],[121.390404,12.09943],[121.390717,12.09917],[121.391006,12.09888],[121.391258,12.09856],[121.391457,12.09819],[121.391693,12.09782],[121.391922,12.09743],[121.392143,12.097],[121.392326,12.09651],[121.392532,12.09602],[121.392738,12.09557],[121.392883,12.09511],[121.393013,12.09466],[121.393044,12.09418],[121.393013,12.09367],[121.392929,12.09314],[121.393013,12.09253],[121.393112,12.09196],[121.39325,12.09148],[121.393333,12.09102],[121.393387,12.09055],[121.39357,12.09011],[121.39386,12.08969],[121.394142,12.08924],[121.394363,12.08875],[121.394562,12.08827],[121.39489,12.08796],[121.395142,12.08764],[121.395348,12.08733],[121.395523,12.08702],[121.395599,12.08667],[121.395683,12.08629],[121.395813,12.08589],[121.39579,12.08546],[121.395622,12.08498],[121.395348,12.08449],[121.395073,12.08397],[121.394867,12.08345],[121.394722,12.08296],[121.394608,12.0825],[121.394539,12.08205],[121.39444,12.08165],[121.39431,12.08127],[121.394157,12.08095],[121.393997,12.08066],[121.393852,12.0804],[121.393669,12.08019],[121.393463,12.08001],[121.393181,12.0798],[121.392899,12.07935],[121.39267,12.07875],[121.392616,12.07816],[121.392693,12.07762],[121.3927,12.07708],[121.392647,12.07653],[121.392799,12.07598],[121.393188,12.07552],[121.393677,12.07527],[121.394119,12.07531],[121.394478,12.07548],[121.394791,12.07571],[121.394989,12.07606],[121.395126,12.07641],[121.395287,12.07667],[121.395416,12.07692],[121.395607,12.07721],[121.395973,12.07752],[121.39637,12.07778],[121.39669,12.07779],[121.396873,12.07757],[121.397003,12.07721],[121.397087,12.07673],[121.397209,12.07622],[121.397308,12.07574],[121.397476,12.07535],[121.397743,12.07506],[121.398064,12.07483],[121.398399,12.07459],[121.398666,12.07424],[121.398903,12.07381],[121.399033,12.07328],[121.398972,12.07263],[121.398987,12.07192],[121.399139,12.07123],[121.399437,12.07063],[121.399841,12.07016],[121.400253,12.06975],[121.400581,12.06934],[121.400749,12.06885],[121.400787,12.0683],[121.401001,12.06782],[121.40126,12.06735],[121.401443,12.06681],[121.401611,12.06627],[121.401703,12.0657],[121.401817,12.06513],[121.401947,12.06457],[121.402046,12.06402],[121.402046,12.06346],[121.402046,12.06289],[121.402138,12.06236],[121.402298,12.0619],[121.402496,12.06148],[121.402672,12.06106],[121.402802,12.06062],[121.402931,12.06016],[121.402946,12.05967],[121.402893,12.05917],[121.402962,12.05863],[121.403084,12.05806],[121.403236,12.05747],[121.403282,12.05686],[121.403397,12.0563],[121.403633,12.05584],[121.403923,12.05546],[121.404228,12.05514],[121.404572,12.05487],[121.404907,12.05458],[121.40522,12.05423],[121.40554,12.05388],[121.405907,12.05349],[121.406349,12.05308],[121.406807,12.05264],[121.407204,12.0521],[121.40744,12.05152],[121.407639,12.05093],[121.407867,12.05035],[121.40815,12.04985],[121.408371,12.04941],[121.408562,12.04899],[121.408691,12.04853],[121.408836,12.04806],[121.408897,12.04754],[121.408958,12.047],[121.409058,12.04646],[121.409012,12.0459],[121.409073,12.04533],[121.409149,12.04475],[121.409187,12.04417],[121.409279,12.04356],[121.409477,12.04296],[121.409721,12.04236],[121.409927,12.04174],[121.410103,12.0411],[121.410339,12.04056],[121.410683,12.04008],[121.411163,12.03973],[121.41169,12.03952],[121.412247,12.03952],[121.412712,12.03969],[121.413101,12.03996],[121.413498,12.04025],[121.413979,12.04055],[121.41452,12.04085],[121.4151,12.04118],[121.415642,12.04155],[121.416237,12.04186],[121.416908,12.04203],[121.417587,12.042],[121.418152,12.04177],[121.418587,12.04142],[121.419037,12.04101],[121.419563,12.04061],[121.42009,12.04018],[121.420593,12.0398],[121.421059,12.03951],[121.421509,12.03925],[121.42205,12.039],[121.422661,12.0388],[121.423233,12.0386],[121.423721,12.0384],[121.424057,12.03817],[121.424339,12.03791],[121.424606,12.03755],[121.424812,12.03699],[121.424858,12.03642],[121.424767,12.03593],[121.424751,12.0354],[121.425003,12.0349],[121.4254,12.03455],[121.425758,12.03421],[121.426018,12.03387],[121.426224,12.03355],[121.426453,12.03327],[121.426682,12.033],[121.426903,12.03272],[121.427017,12.03236],[121.427017,12.03187],[121.427032,12.03145],[121.427177,12.03112],[121.427338,12.03078],[121.427513,12.03049],[121.427643,12.03016],[121.42765,12.02979],[121.427597,12.02937],[121.427521,12.02894],[121.427406,12.02852],[121.427299,12.02818],[121.427162,12.02792],[121.427048,12.02768],[121.426933,12.02746],[121.426804,12.02723],[121.426712,12.02693],[121.42662,12.02661],[121.426498,12.02628],[121.426376,12.02597],[121.426247,12.02567],[121.426132,12.02539],[121.42601,12.02512],[121.425797,12.0249],[121.425522,12.0247],[121.425179,12.02449],[121.424767,12.02429],[121.424278,12.02412],[121.423798,12.02387],[121.42337,12.02353],[121.423103,12.02303],[121.422974,12.02248],[121.42308,12.02198],[121.423241,12.02153],[121.423264,12.02112],[121.423141,12.02073],[121.42308,12.02035],[121.423042,12.01999],[121.422958,12.01961],[121.422798,12.01925],[121.422523,12.01893],[121.422173,12.01861],[121.421806,12.01823],[121.421631,12.01762],[121.421707,12.01698],[121.421852,12.01645],[121.421852,12.01597],[121.421577,12.01558],[121.421341,12.01525],[121.421188,12.01492],[121.421028,12.01452],[121.420891,12.01407],[121.420753,12.01363],[121.420532,12.01321],[121.420288,12.01278],[121.420013,12.01233],[121.41964,12.01194],[121.419144,12.0116],[121.418457,12.01147],[121.417717,12.01149],[121.417053,12.01159],[121.41642,12.01169],[121.415947,12.01151],[121.415581,12.01108],[121.415253,12.01056],[121.414917,12.01004],[121.414574,12.00954],[121.414268,12.00902],[121.41394,12.00854],[121.413643,12.00802],[121.413406,12.00745],[121.4133,12.00684],[121.413162,12.00624],[121.412933,12.00566],[121.412773,12.00502],[121.412567,12.00437],[121.412209,12.00385],[121.411774,12.00335],[121.411293,12.00286],[121.410759,12.00241],[121.410233,12.00197],[121.409721,12.00156],[121.409218,12.00118],[121.408707,12.00087],[121.40815,12.00065],[121.407501,12.00052],[121.40683,12.00041],[121.406097,12.00039],[121.406113,12.0],[121.40583,11.99972],[121.402573,11.99958],[121.402046,11.99922],[121.402046,11.99901],[121.401947,11.99889],[121.401947,11.99861],[121.401657,11.99833],[121.401657,11.99806],[121.40139,11.99778],[121.40139,11.9975],[121.401108,11.99722],[121.401108,11.99694],[121.400833,11.99667],[121.400833,11.99639],[121.400558,11.99611],[121.400558,11.99583],[121.399437,11.99472],[121.39917,11.99472],[121.398857,11.99441],[121.398201,11.99381],[121.397507,11.99333],[121.397217,11.99305],[121.397087,11.99271],[121.396942,11.9925],[121.394859,11.99049],[121.394447,11.99021],[121.394249,11.99013],[121.393944,11.98977],[121.393608,11.98939],[121.393242,11.98906],[121.39283,11.98882],[121.392403,11.98861],[121.391983,11.98841],[121.391518,11.98826],[121.391083,11.98805],[121.390617,11.98781],[121.39019,11.98751],[121.389793,11.98718],[121.389526,11.98682],[121.389343,11.98644],[121.38913,11.98609],[121.388924,11.98575],[121.388809,11.98538],[121.388893,11.985],[121.388893,11.98472],[121.389717,11.98389],[121.389717,11.98361],[121.389442,11.98333],[121.389442,11.98306],[121.389168,11.98278],[121.386948,11.985],[121.386948,11.98583],[121.386673,11.98611],[121.386673,11.98639],[121.386391,11.98667],[121.386391,11.98694],[121.386108,11.98722],[121.385696,11.98764],[121.385277,11.98764],[121.38472,11.98806],[121.383614,11.98917],[121.383331,11.98917],[121.381393,11.99111],[121.381393,11.99139],[121.381187,11.99185],[121.380981,11.99219],[121.380737,11.9925],[121.380493,11.9928],[121.38031,11.99314],[121.380173,11.99357],[121.379982,11.99402],[121.379784,11.99451],[121.379646,11.99503],[121.379471,11.99546],[121.379341,11.99581],[121.379173,11.99608],[121.378983,11.99634],[121.378807,11.99665],[121.378616,11.99687],[121.378387,11.99703],[121.378143,11.99722],[121.377853,11.99742],[121.377548,11.99764],[121.377289,11.99794],[121.377129,11.99835],[121.37722,11.99833],[121.376953,11.99861],[121.376953,11.99917],[121.376663,11.99944],[121.376663,11.99972],[121.376953,12.0],[121.376663,12.00028],[121.376663,12.00056],[121.376389,12.00083],[121.376663,12.00111],[121.376663,12.00222],[121.376389,12.0025],[121.376389,12.00306],[121.376106,12.00333],[121.376106,12.00389],[121.375832,12.00417],[121.376106,12.00444],[121.375832,12.00472],[121.375832,12.005],[121.375557,12.00528],[121.375557,12.00556],[121.374168,12.00694],[121.374168,12.00722],[121.373894,12.0075],[121.373894,12.00806],[121.373611,12.00833],[121.373611,12.00861],[121.373337,12.00889],[121.373337,12.01139],[121.373047,12.01167],[121.373047,12.01389],[121.37278,12.01417],[121.37278,12.01639],[121.373047,12.01667],[121.373047,12.01833],[121.371109,12.02028],[121.370827,12.02028],[121.370552,12.02056],[121.370277,12.02056],[121.370003,12.02083],[121.36972,12.02083],[121.369453,12.02111],[121.369453,12.02139],[121.369164,12.02167],[121.369164,12.02222],[121.369453,12.0225],[121.369453,12.02389],[121.369164,12.02417],[121.369164,12.02444],[121.369453,12.02472],[121.369453,12.02528],[121.36972,12.02556],[121.36972,12.02611],[121.369164,12.02667],[121.369164,12.02722],[121.368889,12.0275],[121.368889,12.02806],[121.368607,12.02833],[121.368607,12.02861],[121.368057,12.02917],[121.368057,12.02944],[121.367233,12.03028],[121.364441,12.03028],[121.363052,12.03167],[121.363052,12.03194],[121.362778,12.03222],[121.363327,12.03278],[121.363327,12.03417],[121.363892,12.03472],[121.363892,12.035],[121.364166,12.03528],[121.364166,12.03611],[121.364723,12.03667],[121.364723,12.03694],[121.364998,12.03722],[121.364998,12.0375],[121.36528,12.03778],[121.36528,12.03806],[121.365547,12.03833],[121.36528,12.03861],[121.36528,12.03917],[121.364998,12.03944],[121.364998,12.03972],[121.364723,12.04],[121.364723,12.04028],[121.364441,12.04056],[121.364441,12.04139],[121.364723,12.04167],[121.364723,12.04194],[121.36528,12.0425],[121.36528,12.04278],[121.365547,12.04306],[121.365547,12.04361],[121.365837,12.04389],[121.365837,12.04611],[121.365547,12.04639],[121.365547,12.04861],[121.36528,12.04889],[121.36528,12.04917],[121.364998,12.04944],[121.364998,12.05167],[121.365189,12.0522],[121.365211,12.05268],[121.36528,12.05306],[121.364723,12.05361],[121.364441,12.05361],[121.364166,12.05389],[121.363609,12.05389],[121.363327,12.05417],[121.360832,12.05417],[121.360558,12.05444],[121.360283,12.05417],[121.359444,12.05417],[121.359169,12.05444],[121.35833,12.05444],[121.358063,12.05417],[121.35778,12.05417],[121.357498,12.05389],[121.357224,12.05361],[121.356941,12.05361],[121.356667,12.05333],[121.356392,12.05333],[121.35611,12.05361],[121.35611,12.05389],[121.356392,12.05417],[121.356392,12.05444],[121.357224,12.05528],[121.359169,12.05528],[121.359169,12.05583],[121.358887,12.05611],[121.358887,12.05667],[121.359169,12.05695],[121.359169,12.05722],[121.359444,12.0575],[121.360001,12.05695],[121.360001,12.05667],[121.361389,12.05528],[121.362778,12.05528],[121.363052,12.055],[121.364723,12.055],[121.364998,12.05472],[121.366669,12.05472],[121.366959,12.05506],[121.36731,12.05542],[121.367683,12.05577],[121.368042,12.05609],[121.368423,12.0564],[121.368843,12.05668],[121.36927,12.05699],[121.369743,12.0573],[121.370163,12.05762],[121.370552,12.05806],[121.370552,12.05917],[121.370277,12.05944],[121.370277,12.06],[121.370552,12.06028],[121.370552,12.06056],[121.370827,12.06056],[121.371109,12.06028],[121.371391,12.06028],[121.371674,12.06],[121.372498,12.06],[121.37278,12.06028],[121.373047,12.06028],[121.373337,12.06056],[121.373894,12.06],[121.374443,12.06],[121.374733,12.06028],[121.375832,12.06028],[121.37722,12.06167],[121.377502,12.06167],[121.379448,12.06361],[121.379723,12.06361],[121.381111,12.065],[121.381111,12.06528],[121.381393,12.06556],[121.381393,12.06639],[121.381111,12.06667],[121.381111,12.06722],[121.381393,12.0675],[121.381393,12.06806],[121.381668,12.06833],[121.381668,12.06917],[121.381393,12.06944],[121.381393,12.06972],[121.380836,12.07028],[121.380836,12.07056],[121.380547,12.07083],[121.380547,12.07111],[121.38028,12.07139],[121.379997,12.07139],[121.379723,12.07167],[121.378891,12.07167],[121.378609,12.07194],[121.377777,12.07194],[121.377502,12.07222],[121.376663,12.07222],[121.376106,12.07278],[121.375832,12.07278],[121.375267,12.07333],[121.374733,12.07333],[121.374443,12.07361],[121.373337,12.07361],[121.37278,12.07417],[121.37278,12.07528],[121.373047,12.07556],[121.373047,12.07583],[121.373337,12.07611],[121.372498,12.07694],[121.372223,12.07694],[121.371948,12.07667],[121.371674,12.07667],[121.371391,12.07639],[121.371109,12.07639],[121.370552,12.07583],[121.370277,12.07583],[121.368889,12.07444],[121.368889,12.07389],[121.368607,12.07361],[121.368607,12.07306],[121.368332,12.07278],[121.368332,12.0725],[121.368057,12.07222],[121.368057,12.07167],[121.367767,12.07139],[121.367767,12.07111],[121.367233,12.07056],[121.367233,12.07028],[121.366669,12.06972],[121.366669,12.06917],[121.366386,12.06889],[121.366386,12.06861],[121.365837,12.06806],[121.364723,12.06806],[121.364441,12.06778],[121.364166,12.06778],[121.363892,12.06806],[121.363892,12.06833],[121.363609,12.06861],[121.363609,12.06889],[121.363609,12.06973],[121.363586,12.07045],[121.363533,12.0711],[121.363327,12.0716],[121.363113,12.07202],[121.362961,12.07244],[121.36277,12.0728],[121.362549,12.07311],[121.362267,12.07339],[121.361954,12.07361],[121.361389,12.07361],[121.360558,12.07278],[121.360283,12.07278],[121.359734,12.07222],[121.359444,12.0725],[121.358887,12.0725],[121.358612,12.07278],[121.357224,12.07278],[121.356941,12.07306],[121.356941,12.07389],[121.357224,12.07417],[121.357224,12.07472],[121.356941,12.075],[121.355827,12.075],[121.355553,12.07528],[121.355553,12.07583],[121.35611,12.07639],[121.356667,12.07639],[121.356941,12.07667],[121.35778,12.07667],[121.358063,12.07694],[121.35833,12.07694],[121.358887,12.0775],[121.359444,12.0775],[121.360283,12.07667],[121.360649,12.07638],[121.360977,12.07599],[121.361313,12.07575],[121.361633,12.07569],[121.361816,12.07577],[121.361847,12.07603],[121.36174,12.07641],[121.361656,12.07694],[121.361656,12.0775],[121.361389,12.07778],[121.361389,12.07889],[121.361656,12.07917],[121.361656,12.07972],[121.361954,12.08],[121.361954,12.08028],[121.361656,12.08056],[121.361656,12.08083],[121.361389,12.08111],[121.361107,12.08111],[121.360832,12.08083],[121.360832,12.08028],[121.359734,12.07917],[121.359444,12.07917],[121.359169,12.07945],[121.359169,12.08],[121.358887,12.08028],[121.358887,12.08083],[121.359169,12.08111],[121.359169,12.08222],[121.359734,12.08278],[121.359734,12.08306],[121.360001,12.08333],[121.360832,12.08333],[121.361389,12.08278],[121.361748,12.08301],[121.361923,12.08339],[121.362,12.08388],[121.361954,12.08444],[121.361954,12.085],[121.361107,12.08583],[121.360832,12.08556],[121.360558,12.08556],[121.360558,12.08528],[121.358887,12.08361],[121.35778,12.08361],[121.357498,12.08333],[121.357224,12.08333],[121.356941,12.08361],[121.356667,12.08361],[121.356392,12.08389],[121.35611,12.08389],[121.355827,12.08417],[121.355278,12.08417],[121.355003,12.08444],[121.352219,12.08444],[121.351936,12.08472],[121.351669,12.08472],[121.351387,12.085],[121.351387,12.08583],[121.351547,12.08624],[121.3517,12.08669],[121.351936,12.08722],[121.351936,12.08778],[121.351387,12.08833],[121.351112,12.08833],[121.35083,12.08861],[121.350281,12.08861],[121.349998,12.08833],[121.349998,12.08722],[121.350281,12.08694],[121.350281,12.08583],[121.34861,12.08417],[121.34861,12.08361],[121.348343,12.08333],[121.347504,12.08417],[121.347221,12.08417],[121.346947,12.08444],[121.346657,12.08417],[121.34639,12.08417],[121.346107,12.08389],[121.345833,12.08389],[121.345558,12.08417],[121.345558,12.08528],[121.345284,12.08556],[121.345284,12.08583],[121.344719,12.08639],[121.344437,12.08639],[121.343887,12.08694],[121.344437,12.0875],[121.344719,12.0875],[121.345558,12.08667],[121.345833,12.08667],[121.346107,12.08639],[121.34639,12.08639],[121.346878,12.08629],[121.347214,12.08645],[121.347282,12.08678],[121.346947,12.08722],[121.346657,12.0875],[121.346107,12.0875],[121.345558,12.08806],[121.345284,12.08806],[121.345001,12.08833],[121.344719,12.08833],[121.344437,12.08861],[121.34417,12.08861],[121.343887,12.08889],[121.344437,12.08944],[121.344437,12.08972],[121.344719,12.08972],[121.345001,12.08944],[121.345558,12.08944],[121.34639,12.08861],[121.346657,12.08861],[121.347221,12.08917],[121.346657,12.08972],[121.346657,12.09],[121.347778,12.09111],[121.347778,12.09167],[121.346657,12.09278],[121.34639,12.09278],[121.345833,12.09333],[121.345833,12.09417],[121.345001,12.095],[121.345001,12.09528],[121.345833,12.09611],[121.346107,12.09611],[121.34639,12.09639],[121.346657,12.09639],[121.346947,12.09667],[121.347221,12.09667],[121.347504,12.09694],[121.34861,12.09694],[121.348892,12.09722],[121.349442,12.09722],[121.349998,12.09667],[121.350281,12.09694],[121.351112,12.09694],[121.351387,12.09667],[121.352219,12.09667],[121.353607,12.09806],[121.353889,12.09806],[121.354156,12.09833],[121.354446,12.09833],[121.354721,12.09861],[121.355003,12.09861],[121.355278,12.09889],[121.355553,12.09889],[121.355553,12.09917],[121.355827,12.09944],[121.355827,12.1],[121.355553,12.10028],[121.355553,12.10056],[121.354446,12.10167],[121.354156,12.10167],[121.353889,12.10139],[121.353607,12.10139],[121.353058,12.10194],[121.352783,12.10167],[121.352501,12.10167],[121.351807,12.10147],[121.351303,12.10132],[121.350906,12.10108],[121.350693,12.10073],[121.35067,12.10028],[121.350891,12.09985],[121.351242,12.09953],[121.351593,12.0993],[121.351891,12.09911],[121.352051,12.09889],[121.35202,12.09864],[121.351669,12.09842],[121.351097,12.09835],[121.350563,12.09833],[121.349442,12.09833],[121.348892,12.09889],[121.348892,12.09917],[121.348343,12.09972],[121.348343,12.10028],[121.348892,12.10083],[121.348892,12.10111],[121.349998,12.10222],[121.349998,12.10361],[121.35083,12.10444],[121.351112,12.10444],[121.351387,12.10417],[121.351936,12.10417],[121.352219,12.10444],[121.352501,12.10444],[121.352783,12.10472],[121.353058,12.10472],[121.354156,12.10583],[121.354156,12.10611],[121.353889,12.10639],[121.353889,12.10694],[121.353607,12.10722],[121.353607,12.10778],[121.353333,12.10806],[121.353333,12.10861],[121.353058,12.10889],[121.353058,12.10972],[121.353333,12.11],[121.353333,12.11028],[121.353058,12.11056],[121.353058,12.11306],[121.353333,12.11333],[121.353333,12.115],[121.353058,12.11528],[121.353058,12.11611],[121.352783,12.11639],[121.352783,12.1175],[121.353058,12.11778],[121.353058,12.11833],[121.353333,12.11861],[121.353607,12.11861],[121.353607,12.11833],[121.353889,12.11806],[121.353889,12.11722],[121.354156,12.11694],[121.354156,12.11667]]]]}},{"type":"Feature","properties":{"ID_0":177,"ISO":"PHL","NAME_0":"Philippines","ID_1":6006,"NAME_1":"Antique","ID_2":600605,"NAME_2":"Caluya","ID_3":600605018,"NAME_3":"Tinogboc","NL_NAME_3":null,"VARNAME_3":null,"TYPE_3":"Barangay","ENGTYPE_3":"Village","PROVINCE":"Antique","REGION":"Region VI (Western Visayas)","id":"barangay-0600605018","name":"Tinogboc","barangayCode":"0600605018","population":null,"formattedPop":null,"densityCategory":"No data","vulnerabilityRating":"No data","healthRiskLevel":"No data","areaKm2":14.962335,"centerLat":12.024882,"centerLng":121.407222,"geometrySource":"all_barangay-2.csv detailed WKT","geometryMatchMethod":"unique_official_admin_names","boundaryPointCount":59},"geometry":{"type":"MultiPolygon","coordinates":[[[[121.438622,11.907101],[121.438522,11.906368],[121.437759,11.906594],[121.437134,11.906902],[121.436592,11.907013],[121.435905,11.907599],[121.435333,11.907722],[121.434647,11.90789],[121.434288,11.908548],[121.433693,11.908751],[121.433289,11.9092],[121.433472,11.909747],[121.434319,11.910288],[121.434921,11.910247],[121.43541,11.910077],[121.43602,11.909305],[121.436317,11.908867],[121.436859,11.908373],[121.437363,11.907808],[121.437637,11.907149],[121.438622,11.907101]]],[[[121.433434,11.912646],[121.433563,11.91208],[121.433075,11.912075],[121.432045,11.912206],[121.431114,11.912174],[121.431053,11.912672],[121.430611,11.913376],[121.429848,11.913683],[121.429504,11.914736],[121.428596,11.914855],[121.428123,11.915466],[121.42836,11.915862],[121.429001,11.915764],[121.42952,11.915223],[121.430275,11.914766],[121.431328,11.914055],[121.431816,11.913445],[121.432205,11.913159],[121.432976,11.912829],[121.433434,11.912646]]],[[[121.407928,11.912017],[121.407585,11.911736],[121.407509,11.911874],[121.407112,11.912579],[121.406723,11.913283],[121.406357,11.913825],[121.405991,11.914262],[121.405487,11.914664],[121.404938,11.91495],[121.404175,11.915116],[121.40522,11.916762],[121.406349,11.916377],[121.406944,11.915129],[121.407532,11.914252],[121.40818,11.913644],[121.408813,11.913266],[121.408722,11.912627],[121.407928,11.912017]]]]}},{"type":"Feature","properties":{"ID_0":177,"ISO":"PHL","NAME_0":"Philippines","ID_1":6006,"NAME_1":"Antique","ID_2":600606,"NAME_2":"Culasi","ID_3":600606001,"NAME_3":"Alojipan","NL_NAME_3":null,"VARNAME_3":null,"TYPE_3":"Barangay","ENGTYPE_3":"Village","PROVINCE":"Antique","REGION":"Region VI (Western Visayas)","id":"barangay-0600606001","name":"Alojipan","barangayCode":"0600606001","population":null,"formattedPop":null,"densityCategory":"No data","vulnerabilityRating":"No data","healthRiskLevel":"No data","areaKm2":16.133334,"centerLat":11.409472,"centerLng":122.128025,"geometrySource":"all_barangay-2.csv detailed WKT","geometryMatchMethod":"unique_official_admin_names","boundaryPointCount":73},"geometry":{"type":"MultiPolygon","coordinates":[[[[122.167084,11.41379],[122.167252,11.4127],[122.167511,11.40922],[122.167267,11.40659],[122.167229,11.40309],[122.16774,11.40155],[122.168007,11.40075],[122.168747,11.39834],[122.167061,11.39748],[122.164673,11.39785],[122.161392,11.3985],[122.157806,11.39925],[122.152283,11.4001],[122.147293,11.40058],[122.143387,11.40084],[122.139587,11.40086],[122.135643,11.40073],[122.132339,11.40055],[122.128502,11.40015],[122.125137,11.39915],[122.12265,11.3981],[122.119827,11.39681],[122.117264,11.39573],[122.115173,11.39496],[122.112984,11.39458],[122.112358,11.39413],[122.109703,11.39421],[122.107178,11.39478],[122.10495,11.39613],[122.10424,11.39614],[122.105827,11.41804],[122.106018,11.41905],[122.106789,11.42026],[122.107727,11.42104],[122.109337,11.42157],[122.110138,11.4225],[122.110817,11.42364],[122.111549,11.42421],[122.112717,11.42412],[122.11348,11.42277],[122.1147,11.42169],[122.115517,11.42223],[122.115501,11.42345],[122.116226,11.42407],[122.118217,11.42377],[122.118958,11.42371],[122.119408,11.423],[122.120064,11.42275],[122.120537,11.42266],[122.120354,11.42166],[122.12011,11.42031],[122.121063,11.42013],[122.122276,11.41934],[122.123627,11.41923],[122.125572,11.4178],[122.127136,11.41661],[122.128777,11.41578],[122.13018,11.41531],[122.13221,11.41479],[122.13456,11.41506],[122.136047,11.41541],[122.136627,11.41538],[122.1371,11.41401],[122.138023,11.41388],[122.138901,11.41303],[122.140244,11.41193],[122.141724,11.41208],[122.142952,11.4123],[122.144081,11.41237],[122.145447,11.41194],[122.149033,11.41216],[122.157051,11.41519],[122.167084,11.41379]]]]}},{"type":"Feature","properties":{"ID_0":177,"ISO":"PHL","NAME_0":"Philippines","ID_1":6006,"NAME_1":"Antique","ID_2":600606,"NAME_2":"Culasi","ID_3":600606002,"NAME_3":"Bagacay","NL_NAME_3":null,"VARNAME_3":null,"TYPE_3":"Barangay","ENGTYPE_3":"Village","PROVINCE":"Antique","REGION":"Region VI (Western Visayas)","id":"barangay-0600606002","name":"Bagacay","barangayCode":"0600606002","population":null,"formattedPop":null,"densityCategory":"No data","vulnerabilityRating":"No data","healthRiskLevel":"No data","areaKm2":4.215256,"centerLat":11.455769,"centerLng":122.082841,"geometrySource":"all_barangay-2.csv detailed WKT","geometryMatchMethod":"unique_official_admin_names","boundaryPointCount":25},"geometry":{"type":"MultiPolygon","coordinates":[[[[122.099663,11.46042],[122.098969,11.45174],[122.096321,11.44597],[122.073837,11.44417],[122.074577,11.44706],[122.075127,11.45508],[122.076813,11.46136],[122.078369,11.45962],[122.079712,11.45908],[122.080833,11.45894],[122.081734,11.45834],[122.082642,11.45774],[122.083817,11.45817],[122.084633,11.4582],[122.085838,11.45729],[122.087349,11.45654],[122.088707,11.45618],[122.089996,11.45663],[122.09124,11.45732],[122.092773,11.45843],[122.093552,11.45944],[122.095123,11.46039],[122.096443,11.46054],[122.098007,11.46044],[122.099663,11.46042]]]]}},{"type":"Feature","properties":{"ID_0":177,"ISO":"PHL","NAME_0":"Philippines","ID_1":6006,"NAME_1":"Antique","ID_2":600606,"NAME_2":"Culasi","ID_3":600606003,"NAME_3":"Balac-balac","NL_NAME_3":null,"VARNAME_3":null,"TYPE_3":"Barangay","ENGTYPE_3":"Village","PROVINCE":"Antique","REGION":"Region VI (Western Visayas)","id":"barangay-0600606003","name":"Balac-balac","barangayCode":"0600606003","population":null,"formattedPop":null,"densityCategory":"No data","vulnerabilityRating":"No data","healthRiskLevel":"No data","areaKm2":0.591959,"centerLat":11.384422,"centerLng":122.06257,"geometrySource":"all_barangay-2.csv detailed WKT","geometryMatchMethod":"unique_official_admin_names","boundaryPointCount":35},"geometry":{"type":"MultiPolygon","coordinates":[[[[122.064011,11.39388],[122.069481,11.38584],[122.068893,11.38552],[122.068237,11.38527],[122.067467,11.38421],[122.067017,11.38355],[122.066628,11.38222],[122.065849,11.38142],[122.064774,11.38096],[122.063698,11.38053],[122.062714,11.38023],[122.06189,11.37971],[122.061371,11.37946],[122.061111,11.37972],[122.061111,11.38056],[122.060837,11.38083],[122.060837,11.3825],[122.060547,11.38278],[122.060547,11.38306],[122.06028,11.38333],[122.06028,11.38389],[122.059998,11.38417],[122.059998,11.385],[122.059723,11.38528],[122.059723,11.38556],[122.059998,11.38583],[122.059723,11.38679],[122.059509,11.38727],[122.059021,11.38817],[122.058807,11.38886],[122.058533,11.38997],[122.058189,11.39079],[122.057869,11.39162],[122.058342,11.39187],[122.064011,11.39388]]]]}},{"type":"Feature","properties":{"ID_0":177,"ISO":"PHL","NAME_0":"Philippines","ID_1":6006,"NAME_1":"Antique","ID_2":600606,"NAME_2":"Culasi","ID_3":600606004,"NAME_3":"Magsaysay","NL_NAME_3":null,"VARNAME_3":null,"TYPE_3":"Barangay","ENGTYPE_3":"Village","PROVINCE":"Antique","REGION":"Region VI (Western Visayas)","id":"barangay-0600606004","name":"Magsaysay","barangayCode":"0600606004","population":null,"formattedPop":null,"densityCategory":"No data","vulnerabilityRating":"No data","healthRiskLevel":"No data","areaKm2":27.708033,"centerLat":11.432815,"centerLng":122.128833,"geometrySource":"all_barangay-2.csv detailed WKT","geometryMatchMethod":"unique_official_admin_names","boundaryPointCount":66},"geometry":{"type":"MultiPolygon","coordinates":[[[[122.162193,11.44589],[122.162903,11.44492],[122.16391,11.4438],[122.165314,11.44072],[122.166634,11.43724],[122.167328,11.43313],[122.167877,11.4279],[122.167931,11.42657],[122.167976,11.4237],[122.167824,11.41935],[122.167458,11.41734],[122.166962,11.41445],[122.167084,11.41379],[122.157051,11.41519],[122.149033,11.41216],[122.145447,11.41194],[122.144081,11.41237],[122.142952,11.4123],[122.141724,11.41208],[122.140244,11.41193],[122.138901,11.41303],[122.138023,11.41388],[122.1371,11.41401],[122.136627,11.41538],[122.136047,11.41541],[122.13456,11.41506],[122.13221,11.41479],[122.13018,11.41531],[122.128777,11.41578],[122.127136,11.41661],[122.125572,11.4178],[122.123627,11.41923],[122.122276,11.41934],[122.121063,11.42013],[122.12011,11.42031],[122.120354,11.42166],[122.120537,11.42266],[122.120064,11.42275],[122.119408,11.423],[122.118958,11.42371],[122.118217,11.42377],[122.116226,11.42407],[122.115501,11.42345],[122.115517,11.42223],[122.1147,11.42169],[122.11348,11.42277],[122.112717,11.42412],[122.111549,11.42421],[122.110817,11.42364],[122.110138,11.4225],[122.109337,11.42157],[122.107727,11.42104],[122.106789,11.42026],[122.106018,11.41905],[122.105827,11.41804],[122.098083,11.42157],[122.096497,11.42181],[122.095367,11.42167],[122.093384,11.42093],[122.088226,11.42507],[122.089531,11.42731],[122.09333,11.4291],[122.095543,11.43264],[122.096321,11.44597],[122.137962,11.44685],[122.162193,11.44589]]]]}},{"type":"Feature","properties":{"ID_0":177,"ISO":"PHL","NAME_0":"Philippines","ID_1":6006,"NAME_1":"Antique","ID_2":600606,"NAME_2":"Culasi","ID_3":600606005,"NAME_3":"Batbatan Island","NL_NAME_3":null,"VARNAME_3":null,"TYPE_3":"Barangay","ENGTYPE_3":"Village","PROVINCE":"Antique","REGION":"Region VI (Western Visayas)","id":"barangay-0600606005","name":"Batbatan Island","barangayCode":"0600606005","population":null,"formattedPop":null,"densityCategory":"No data","vulnerabilityRating":"No data","healthRiskLevel":"No data","areaKm2":4.546889,"centerLat":11.471213,"centerLng":121.911827,"geometrySource":"all_barangay-2.csv detailed WKT","geometryMatchMethod":"unique_official_admin_names","boundaryPointCount":240},"geometry":{"type":"MultiPolygon","coordinates":[[[[121.927544,11.4791],[121.92823,11.47879],[121.928864,11.47836],[121.929428,11.4779],[121.929909,11.47744],[121.930267,11.47693],[121.930557,11.47643],[121.930779,11.47594],[121.930733,11.47548],[121.93055,11.47511],[121.930344,11.47483],[121.930237,11.47457],[121.930077,11.47435],[121.929909,11.47407],[121.929703,11.47375],[121.929443,11.47345],[121.929161,11.47318],[121.928871,11.47293],[121.928551,11.47271],[121.928291,11.47246],[121.928017,11.47219],[121.92775,11.47191],[121.927467,11.47164],[121.927177,11.47136],[121.92688,11.4711],[121.92659,11.47083],[121.926323,11.47056],[121.926048,11.47029],[121.925751,11.47005],[121.925407,11.46984],[121.925163,11.46961],[121.924873,11.46941],[121.924637,11.4692],[121.924423,11.46901],[121.924156,11.46886],[121.923927,11.4687],[121.923607,11.46856],[121.923309,11.46831],[121.922997,11.46798],[121.922737,11.4676],[121.922401,11.46727],[121.922012,11.46699],[121.921661,11.46672],[121.921204,11.46657],[121.920792,11.46637],[121.920464,11.46611],[121.920158,11.46584],[121.919853,11.46558],[121.91951,11.46533],[121.919159,11.46505],[121.9188,11.46475],[121.918419,11.46445],[121.918037,11.46415],[121.917664,11.46388],[121.917351,11.4636],[121.917099,11.46331],[121.91687,11.463],[121.916512,11.46275],[121.916054,11.46253],[121.915466,11.46243],[121.914879,11.46225],[121.914574,11.46221],[121.91436,11.46221],[121.914131,11.46226],[121.913887,11.46262],[121.913651,11.46299],[121.913353,11.46325],[121.91304,11.46348],[121.912727,11.46367],[121.912453,11.46385],[121.912079,11.46392],[121.911751,11.46406],[121.911362,11.46415],[121.910881,11.46416],[121.910393,11.46411],[121.909973,11.46392],[121.909599,11.46375],[121.909317,11.46359],[121.909119,11.46343],[121.908897,11.46331],[121.908684,11.46315],[121.908417,11.46308],[121.90815,11.46315],[121.907883,11.46335],[121.907623,11.46355],[121.90731,11.4637],[121.907089,11.46389],[121.906853,11.46408],[121.906517,11.46422],[121.906212,11.46441],[121.905884,11.46455],[121.905586,11.46469],[121.905243,11.46479],[121.904922,11.46497],[121.904518,11.46509],[121.904137,11.46528],[121.903763,11.46549],[121.903297,11.46562],[121.902924,11.46583],[121.902557,11.46602],[121.902153,11.46603],[121.901703,11.46585],[121.901207,11.46569],[121.900711,11.46573],[121.900253,11.46597],[121.899757,11.46622],[121.89933,11.4665],[121.898918,11.46676],[121.898521,11.46702],[121.898117,11.46723],[121.897743,11.46744],[121.897293,11.46754],[121.896896,11.46768],[121.896568,11.46776],[121.896233,11.46778],[121.895889,11.46779],[121.895554,11.46784],[121.895271,11.468],[121.894974,11.46802],[121.894691,11.4679],[121.894402,11.46776],[121.894089,11.46754],[121.893646,11.46727],[121.893097,11.46698],[121.892479,11.46687],[121.89196,11.46723],[121.891701,11.4677],[121.89164,11.46813],[121.891518,11.46848],[121.89138,11.46878],[121.891197,11.46908],[121.890968,11.46939],[121.890587,11.46971],[121.890282,11.47014],[121.890053,11.47063],[121.889992,11.47119],[121.889999,11.47171],[121.890022,11.47215],[121.89016,11.4725],[121.890297,11.47279],[121.890549,11.473],[121.890961,11.4731],[121.891457,11.47309],[121.891876,11.47314],[121.892227,11.47328],[121.892563,11.47332],[121.892883,11.47336],[121.893219,11.47346],[121.893593,11.47351],[121.89399,11.47338],[121.894478,11.47334],[121.894997,11.47338],[121.895508,11.47349],[121.896004,11.4734],[121.896469,11.47344],[121.896873,11.47356],[121.897217,11.47359],[121.897522,11.4736],[121.897789,11.4736],[121.898064,11.4736],[121.898354,11.4736],[121.898651,11.47359],[121.898956,11.47359],[121.899261,11.47359],[121.899551,11.47359],[121.899834,11.47359],[121.900093,11.47359],[121.900352,11.47361],[121.900597,11.47369],[121.900787,11.47385],[121.900993,11.47406],[121.901161,11.47429],[121.901337,11.47448],[121.90152,11.47468],[121.901741,11.47487],[121.902077,11.47503],[121.902451,11.47524],[121.902893,11.47539],[121.903297,11.4755],[121.903664,11.47546],[121.903931,11.47533],[121.904167,11.47528],[121.904427,11.47527],[121.904716,11.47531],[121.904999,11.47545],[121.905273,11.47565],[121.905548,11.47587],[121.90583,11.47608],[121.906189,11.47621],[121.906517,11.47635],[121.906883,11.47643],[121.907204,11.47658],[121.907623,11.47666],[121.908119,11.47676],[121.908607,11.47694],[121.909126,11.47713],[121.909653,11.4772],[121.910133,11.47721],[121.910522,11.47723],[121.910797,11.47732],[121.911018,11.47748],[121.911301,11.4777],[121.911713,11.47796],[121.912437,11.47808],[121.913223,11.47823],[121.913887,11.47833],[121.914436,11.47833],[121.914719,11.47806],[121.916389,11.47806],[121.916656,11.47833],[121.91684,11.47825],[121.917252,11.47807],[121.91761,11.47804],[121.917976,11.47805],[121.91835,11.47803],[121.918716,11.47796],[121.919037,11.47796],[121.919357,11.47803],[121.919708,11.47806],[121.920059,11.47814],[121.920387,11.47827],[121.920723,11.47831],[121.920998,11.47835],[121.921272,11.47851],[121.9216,11.47876],[121.921944,11.47879],[121.922256,11.47857],[121.922638,11.47839],[121.922974,11.47842],[121.923271,11.47861],[121.923553,11.47884],[121.923828,11.4791],[121.924263,11.47917],[121.924812,11.47897],[121.925201,11.47898],[121.925484,11.47915],[121.925789,11.47935],[121.926247,11.47938],[121.926849,11.47922],[121.927544,11.4791]]]]}},{"type":"Feature","properties":{"ID_0":177,"ISO":"PHL","NAME_0":"Philippines","ID_1":6006,"NAME_1":"Antique","ID_2":600606,"NAME_2":"Culasi","ID_3":600606007,"NAME_3":"Batonan Norte","NL_NAME_3":null,"VARNAME_3":null,"TYPE_3":"Barangay","ENGTYPE_3":"Village","PROVINCE":"Antique","REGION":"Region VI (Western Visayas)","id":"barangay-0600606007","name":"Batonan Norte","barangayCode":"0600606007","population":null,"formattedPop":null,"densityCategory":"No data","vulnerabilityRating":"No data","healthRiskLevel":"No data","areaKm2":1.277235,"centerLat":11.376166,"centerLng":122.067647,"geometrySource":"all_barangay-2.csv detailed WKT","geometryMatchMethod":"unique_official_admin_names","boundaryPointCount":50},"geometry":{"type":"MultiPolygon","coordinates":[[[[122.081467,11.38314],[122.07856,11.37648],[122.077431,11.37573],[122.074944,11.37564],[122.073128,11.37619],[122.07209,11.37626],[122.070511,11.37529],[122.069366,11.37432],[122.068657,11.3734],[122.06765,11.37163],[122.067093,11.3712],[122.06604,11.3711],[122.064873,11.37149],[122.064583,11.37183],[122.064003,11.37211],[122.063843,11.37212],[122.063248,11.37191],[122.062752,11.37195],[122.062698,11.37198],[122.062363,11.37146],[122.062286,11.37132],[122.062233,11.37139],[122.062233,11.37361],[122.0625,11.37389],[122.0625,11.37417],[122.062233,11.37444],[122.0625,11.37472],[122.0625,11.37528],[122.061943,11.37583],[122.062233,11.37611],[122.062233,11.37639],[122.061943,11.37667],[122.061943,11.37778],[122.061668,11.37806],[122.061668,11.37889],[122.061394,11.37917],[122.061371,11.37946],[122.06189,11.37971],[122.062714,11.38023],[122.063698,11.38053],[122.064774,11.38096],[122.065849,11.38142],[122.066628,11.38222],[122.067017,11.38355],[122.067467,11.38421],[122.068237,11.38527],[122.068893,11.38552],[122.069481,11.38584],[122.074043,11.38464],[122.081467,11.38314]]]]}},{"type":"Feature","properties":{"ID_0":177,"ISO":"PHL","NAME_0":"Philippines","ID_1":6006,"NAME_1":"Antique","ID_2":600606,"NAME_2":"Culasi","ID_3":600606008,"NAME_3":"Batonan Sur","NL_NAME_3":null,"VARNAME_3":null,"TYPE_3":"Barangay","ENGTYPE_3":"Village","PROVINCE":"Antique","REGION":"Region VI (Western Visayas)","id":"barangay-0600606008","name":"Batonan Sur","barangayCode":"0600606008","population":null,"formattedPop":null,"densityCategory":"No data","vulnerabilityRating":"No data","healthRiskLevel":"No data","areaKm2":1.032447,"centerLat":11.363442,"centerLng":122.06479,"geometrySource":"all_barangay-2.csv detailed WKT","geometryMatchMethod":"unique_official_admin_names","boundaryPointCount":56},"geometry":{"type":"MultiPolygon","coordinates":[[[[122.067093,11.3712],[122.067169,11.37064],[122.066841,11.36991],[122.066307,11.36877],[122.065987,11.36819],[122.066116,11.36684],[122.066994,11.36551],[122.067993,11.36421],[122.068062,11.36223],[122.067657,11.36159],[122.067032,11.36087],[122.066841,11.36053],[122.067307,11.35824],[122.059959,11.35913],[122.059998,11.35917],[122.059998,11.35944],[122.06028,11.35972],[122.06028,11.36083],[122.060547,11.36111],[122.060547,11.36139],[122.060837,11.36167],[122.060837,11.36222],[122.060806,11.36226],[122.060547,11.3625],[122.060547,11.36278],[122.060966,11.36319],[122.061111,11.36333],[122.061111,11.36403],[122.061111,11.365],[122.060837,11.36528],[122.060837,11.36722],[122.061111,11.3675],[122.061111,11.36833],[122.06134,11.36856],[122.061394,11.36861],[122.061394,11.36895],[122.061394,11.36917],[122.061478,11.36926],[122.061668,11.36945],[122.061668,11.36972],[122.061943,11.37],[122.061943,11.37028],[122.062233,11.37056],[122.062233,11.37083],[122.0625,11.37111],[122.062286,11.37132],[122.062363,11.37146],[122.062698,11.37198],[122.062752,11.37195],[122.063248,11.37191],[122.063843,11.37212],[122.064003,11.37211],[122.064583,11.37183],[122.064873,11.37149],[122.06604,11.3711],[122.067093,11.3712]]]]}},{"type":"Feature","properties":{"ID_0":177,"ISO":"PHL","NAME_0":"Philippines","ID_1":6006,"NAME_1":"Antique","ID_2":600606,"NAME_2":"Culasi","ID_3":600606009,"NAME_3":"Bita","NL_NAME_3":null,"VARNAME_3":null,"TYPE_3":"Barangay","ENGTYPE_3":"Village","PROVINCE":"Antique","REGION":"Region VI (Western Visayas)","id":"barangay-0600606009","name":"Bita","barangayCode":"0600606009","population":null,"formattedPop":null,"densityCategory":"No data","vulnerabilityRating":"No data","healthRiskLevel":"No data","areaKm2":0.174998,"centerLat":11.401997,"centerLng":122.074243,"geometrySource":"all_barangay-2.csv detailed WKT","geometryMatchMethod":"unique_official_admin_names","boundaryPointCount":23},"geometry":{"type":"MultiPolygon","coordinates":[[[[122.093384,11.42093],[122.092056,11.41989],[122.091972,11.41804],[122.093018,11.41624],[122.093536,11.41471],[122.092827,11.41209],[122.091743,11.41006],[122.090286,11.40891],[122.088821,11.40838],[122.087273,11.40858],[122.085999,11.40925],[122.085243,11.41023],[122.084633,11.41119],[122.084167,11.41164],[122.082733,11.41328],[122.081802,11.41434],[122.081039,11.41502],[122.079826,11.41598],[122.080566,11.42003],[122.082153,11.42144],[122.085541,11.42383],[122.088226,11.42507],[122.093384,11.42093]]]]}},{"type":"Feature","properties":{"ID_0":177,"ISO":"PHL","NAME_0":"Philippines","ID_1":6006,"NAME_1":"Antique","ID_2":600606,"NAME_2":"Culasi","ID_3":600606010,"NAME_3":"Bitadton Norte","NL_NAME_3":null,"VARNAME_3":null,"TYPE_3":"Barangay","ENGTYPE_3":"Village","PROVINCE":"Antique","REGION":"Region VI (Western Visayas)","id":"barangay-0600606010","name":"Bitadton Norte","barangayCode":"0600606010","population":null,"formattedPop":null,"densityCategory":"No data","vulnerabilityRating":"No data","healthRiskLevel":"No data","areaKm2":1.56645,"centerLat":11.500144,"centerLng":122.092872,"geometrySource":"all_barangay-2.csv detailed WKT","geometryMatchMethod":"unique_official_admin_names","boundaryPointCount":25},"geometry":{"type":"MultiPolygon","coordinates":[[[[122.102539,11.51515],[122.102173,11.50152],[122.102127,11.49489],[122.083611,11.49662],[122.083611,11.49667],[122.08371,11.49677],[122.083893,11.49694],[122.083893,11.49703],[122.083893,11.49722],[122.084167,11.4975],[122.084167,11.49806],[122.084442,11.49833],[122.084442,11.49944],[122.084717,11.49972],[122.084717,11.50083],[122.084999,11.50111],[122.084999,11.50139],[122.085426,11.50181],[122.085564,11.50194],[122.085564,11.50222],[122.085281,11.50253],[122.085281,11.50404],[122.086052,11.50455],[122.101883,11.5146],[122.102539,11.51515]]]]}},{"type":"Feature","properties":{"ID_0":177,"ISO":"PHL","NAME_0":"Philippines","ID_1":6006,"NAME_1":"Antique","ID_2":600606,"NAME_2":"Culasi","ID_3":600606011,"NAME_3":"Bitadton Sur","NL_NAME_3":null,"VARNAME_3":null,"TYPE_3":"Barangay","ENGTYPE_3":"Village","PROVINCE":"Antique","REGION":"Region VI (Western Visayas)","id":"barangay-0600606011","name":"Bitadton Sur","barangayCode":"0600606011","population":null,"formattedPop":null,"densityCategory":"No data","vulnerabilityRating":"No data","healthRiskLevel":"No data","areaKm2":2.33381,"centerLat":11.490505,"centerLng":122.088327,"geometrySource":"all_barangay-2.csv detailed WKT","geometryMatchMethod":"unique_official_admin_names","boundaryPointCount":44},"geometry":{"type":"MultiPolygon","coordinates":[[[[122.102127,11.49489],[122.100349,11.47563],[122.100159,11.47455],[122.100456,11.47318],[122.100098,11.47193],[122.099297,11.4712],[122.098022,11.471],[122.096817,11.4719],[122.095879,11.4727],[122.095253,11.47379],[122.094673,11.47538],[122.094063,11.47622],[122.093193,11.47637],[122.092537,11.47674],[122.092247,11.47793],[122.09156,11.47956],[122.090569,11.48131],[122.089958,11.48148],[122.089577,11.48117],[122.088882,11.48076],[122.088112,11.48123],[122.087807,11.48188],[122.086884,11.48261],[122.08567,11.48316],[122.084869,11.48352],[122.084641,11.48456],[122.0849,11.48534],[122.084679,11.48646],[122.083809,11.48712],[122.083229,11.48789],[122.082787,11.48893],[122.082748,11.48986],[122.082443,11.49096],[122.082253,11.49145],[122.08213,11.49266],[122.082039,11.49327],[122.08139,11.49334],[122.08139,11.49361],[122.082153,11.49436],[122.083344,11.49556],[122.083344,11.49583],[122.083611,11.49611],[122.083611,11.49662],[122.102127,11.49489]]]]}},{"type":"Feature","properties":{"ID_0":177,"ISO":"PHL","NAME_0":"Philippines","ID_1":6006,"NAME_1":"Antique","ID_2":600606,"NAME_2":"Culasi","ID_3":600606012,"NAME_3":"Buenavista","NL_NAME_3":null,"VARNAME_3":null,"TYPE_3":"Barangay","ENGTYPE_3":"Village","PROVINCE":"Antique","REGION":"Region VI (Western Visayas)","id":"barangay-0600606012","name":"Buenavista","barangayCode":"0600606012","population":null,"formattedPop":null,"densityCategory":"No data","vulnerabilityRating":"No data","healthRiskLevel":"No data","areaKm2":3.149383,"centerLat":11.44226,"centerLng":122.079088,"geometrySource":"all_barangay-2.csv detailed WKT","geometryMatchMethod":"unique_official_admin_names","boundaryPointCount":39},"geometry":{"type":"MultiPolygon","coordinates":[[[[122.099663,11.46042],[122.101753,11.46044],[122.10276,11.46115],[122.102463,11.46283],[122.102798,11.46453],[122.103722,11.46496],[122.104347,11.46453],[122.105583,11.46439],[122.106567,11.46505],[122.106796,11.46403],[122.106949,11.46335],[122.108276,11.46226],[122.108612,11.46074],[122.11039,11.46005],[122.111839,11.46021],[122.113853,11.46089],[122.115463,11.46137],[122.116676,11.46169],[122.118118,11.46176],[122.119743,11.4616],[122.121078,11.46119],[122.12133,11.46082],[122.138771,11.46496],[122.140533,11.46381],[122.143219,11.46304],[122.146118,11.46226],[122.149147,11.4615],[122.151772,11.4602],[122.154953,11.45748],[122.157211,11.45551],[122.158852,11.45219],[122.159599,11.45047],[122.160667,11.44884],[122.161362,11.44718],[122.162193,11.44589],[122.137962,11.44685],[122.096321,11.44597],[122.098969,11.45174],[122.099663,11.46042]]]]}},{"type":"Feature","properties":{"ID_0":177,"ISO":"PHL","NAME_0":"Philippines","ID_1":6006,"NAME_1":"Antique","ID_2":600606,"NAME_2":"Culasi","ID_3":600606013,"NAME_3":"Buhi","NL_NAME_3":null,"VARNAME_3":null,"TYPE_3":"Barangay","ENGTYPE_3":"Village","PROVINCE":"Antique","REGION":"Region VI (Western Visayas)","id":"barangay-0600606013","name":"Buhi","barangayCode":"0600606013","population":null,"formattedPop":null,"densityCategory":"No data","vulnerabilityRating":"No data","healthRiskLevel":"No data","areaKm2":1.217221,"centerLat":11.406682,"centerLng":122.06744,"geometrySource":"all_barangay-2.csv detailed WKT","geometryMatchMethod":"unique_official_admin_names","boundaryPointCount":22},"geometry":{"type":"MultiPolygon","coordinates":[[[[122.064247,11.41321],[122.064934,11.41374],[122.065941,11.41393],[122.06694,11.41372],[122.06781,11.41346],[122.069054,11.41406],[122.069832,11.4144],[122.069908,11.41433],[122.070236,11.41373],[122.071068,11.4131],[122.071869,11.41294],[122.072433,11.41279],[122.073372,11.41306],[122.074059,11.41342],[122.074677,11.41388],[122.074257,11.40435],[122.061043,11.40433],[122.061867,11.41224],[122.062683,11.41274],[122.063301,11.41274],[122.063789,11.41283],[122.064247,11.41321]]]]}},{"type":"Feature","properties":{"ID_0":177,"ISO":"PHL","NAME_0":"Philippines","ID_1":6006,"NAME_1":"Antique","ID_2":600606,"NAME_2":"Culasi","ID_3":600606014,"NAME_3":"Camancijan","NL_NAME_3":null,"VARNAME_3":null,"TYPE_3":"Barangay","ENGTYPE_3":"Village","PROVINCE":"Antique","REGION":"Region VI (Western Visayas)","id":"barangay-0600606014","name":"Camancijan","barangayCode":"0600606014","population":null,"formattedPop":null,"densityCategory":"No data","vulnerabilityRating":"No data","healthRiskLevel":"No data","areaKm2":4.405334,"centerLat":11.415659,"centerLng":122.08015,"geometrySource":"all_barangay-2.csv detailed WKT","geometryMatchMethod":"unique_official_admin_names","boundaryPointCount":25},"geometry":{"type":"MultiPolygon","coordinates":[[[[122.063423,11.42346],[122.080566,11.42003],[122.079826,11.41598],[122.079468,11.41481],[122.07663,11.4142],[122.076424,11.41409],[122.075943,11.41402],[122.075233,11.41412],[122.074677,11.41388],[122.074059,11.41342],[122.073372,11.41306],[122.072433,11.41279],[122.071869,11.41294],[122.071068,11.4131],[122.070236,11.41373],[122.069908,11.41433],[122.069832,11.4144],[122.069054,11.41406],[122.06781,11.41346],[122.06694,11.41372],[122.065941,11.41393],[122.064934,11.41374],[122.064247,11.41321],[122.063278,11.42124],[122.063423,11.42346]]]]}},{"type":"Feature","properties":{"ID_0":177,"ISO":"PHL","NAME_0":"Philippines","ID_1":6006,"NAME_1":"Antique","ID_2":600606,"NAME_2":"Culasi","ID_3":600606015,"NAME_3":"Caridad","NL_NAME_3":null,"VARNAME_3":null,"TYPE_3":"Barangay","ENGTYPE_3":"Village","PROVINCE":"Antique","REGION":"Region VI (Western Visayas)","id":"barangay-0600606015","name":"Caridad","barangayCode":"0600606015","population":null,"formattedPop":null,"densityCategory":"No data","vulnerabilityRating":"No data","healthRiskLevel":"No data","areaKm2":1.342948,"centerLat":11.450041,"centerLng":122.064794,"geometrySource":"all_barangay-2.csv detailed WKT","geometryMatchMethod":"unique_official_admin_names","boundaryPointCount":17},"geometry":{"type":"MultiPolygon","coordinates":[[[[122.075127,11.45508],[122.074577,11.44706],[122.06118,11.44773],[122.060837,11.44776],[122.060837,11.44805],[122.060623,11.44881],[122.060623,11.44957],[122.060493,11.45026],[122.060493,11.45081],[122.060417,11.4515],[122.060341,11.45247],[122.060272,11.45337],[122.060066,11.45399],[122.060043,11.4543],[122.059631,11.45609],[122.060013,11.45605],[122.075127,11.45508]]]]}},{"type":"Feature","properties":{"ID_0":177,"ISO":"PHL","NAME_0":"Philippines","ID_1":6006,"NAME_1":"Antique","ID_2":600606,"NAME_2":"Culasi","ID_3":600606016,"NAME_3":"Carit-an","NL_NAME_3":null,"VARNAME_3":null,"TYPE_3":"Barangay","ENGTYPE_3":"Village","PROVINCE":"Antique","REGION":"Region VI (Western Visayas)","id":"barangay-0600606016","name":"Carit-an","barangayCode":"0600606016","population":null,"formattedPop":null,"densityCategory":"No data","vulnerabilityRating":"No data","healthRiskLevel":"No data","areaKm2":1.008796,"centerLat":11.386794,"centerLng":122.068774,"geometrySource":"all_barangay-2.csv detailed WKT","geometryMatchMethod":"unique_official_admin_names","boundaryPointCount":7},"geometry":{"type":"MultiPolygon","coordinates":[[[[122.085243,11.39479],[122.081467,11.38314],[122.074043,11.38464],[122.069481,11.38584],[122.064011,11.39388],[122.074707,11.39528],[122.085243,11.39479]]]]}},{"type":"Feature","properties":{"ID_0":177,"ISO":"PHL","NAME_0":"Philippines","ID_1":6006,"NAME_1":"Antique","ID_2":600606,"NAME_2":"Culasi","ID_3":600606017,"NAME_3":"Condes","NL_NAME_3":null,"VARNAME_3":null,"TYPE_3":"Barangay","ENGTYPE_3":"Village","PROVINCE":"Antique","REGION":"Region VI (Western Visayas)","id":"barangay-0600606017","name":"Condes","barangayCode":"0600606017","population":null,"formattedPop":null,"densityCategory":"No data","vulnerabilityRating":"No data","healthRiskLevel":"No data","areaKm2":0.356164,"centerLat":11.394007,"centerLng":122.069109,"geometrySource":"all_barangay-2.csv detailed WKT","geometryMatchMethod":"unique_official_admin_names","boundaryPointCount":5},"geometry":{"type":"MultiPolygon","coordinates":[[[[122.06189,11.39948],[122.074699,11.40013],[122.074707,11.39528],[122.064011,11.39388],[122.06189,11.39948]]]]}},{"type":"Feature","properties":{"ID_0":177,"ISO":"PHL","NAME_0":"Philippines","ID_1":6006,"NAME_1":"Antique","ID_2":600606,"NAME_2":"Culasi","ID_3":600606018,"NAME_3":"Esperanza","NL_NAME_3":null,"VARNAME_3":null,"TYPE_3":"Barangay","ENGTYPE_3":"Village","PROVINCE":"Antique","REGION":"Region VI (Western Visayas)","id":"barangay-0600606018","name":"Esperanza","barangayCode":"0600606018","population":null,"formattedPop":null,"densityCategory":"No data","vulnerabilityRating":"No data","healthRiskLevel":"No data","areaKm2":1.177417,"centerLat":11.459835,"centerLng":122.066728,"geometrySource":"all_barangay-2.csv detailed WKT","geometryMatchMethod":"unique_official_admin_names","boundaryPointCount":11},"geometry":{"type":"MultiPolygon","coordinates":[[[[122.06752,11.47045],[122.068604,11.46666],[122.076813,11.46136],[122.075127,11.45508],[122.060013,11.45605],[122.059631,11.45609],[122.05957,11.45637],[122.059418,11.45686],[122.059799,11.45735],[122.065063,11.46597],[122.06752,11.47045]]]]}},{"type":"Feature","properties":{"ID_0":177,"ISO":"PHL","NAME_0":"Philippines","ID_1":6006,"NAME_1":"Antique","ID_2":600606,"NAME_2":"Culasi","ID_3":600606019,"NAME_3":"Fe","NL_NAME_3":null,"VARNAME_3":null,"TYPE_3":"Barangay","ENGTYPE_3":"Village","PROVINCE":"Antique","REGION":"Region VI (Western Visayas)","id":"barangay-0600606019","name":"Fe","barangayCode":"0600606019","population":null,"formattedPop":null,"densityCategory":"No data","vulnerabilityRating":"No data","healthRiskLevel":"No data","areaKm2":0.648658,"centerLat":11.44157,"centerLng":122.064814,"geometrySource":"all_barangay-2.csv detailed WKT","geometryMatchMethod":"unique_official_admin_names","boundaryPointCount":24},"geometry":{"type":"MultiPolygon","coordinates":[[[[122.074577,11.44706],[122.073837,11.44417],[122.07238,11.44054],[122.06044,11.44288],[122.060379,11.44289],[122.060204,11.44295],[122.06028,11.44306],[122.060516,11.44329],[122.060547,11.44333],[122.060547,11.4435],[122.060547,11.44389],[122.060638,11.44397],[122.060837,11.44417],[122.060837,11.44472],[122.060791,11.44477],[122.060547,11.445],[122.060547,11.44528],[122.060837,11.44556],[122.060837,11.44694],[122.061111,11.44722],[122.060837,11.4475],[122.060837,11.44776],[122.06118,11.44773],[122.074577,11.44706]]]]}},{"type":"Feature","properties":{"ID_0":177,"ISO":"PHL","NAME_0":"Philippines","ID_1":6006,"NAME_1":"Antique","ID_2":600606,"NAME_2":"Culasi","ID_3":600606020,"NAME_3":"Flores","NL_NAME_3":null,"VARNAME_3":null,"TYPE_3":"Barangay","ENGTYPE_3":"Village","PROVINCE":"Antique","REGION":"Region VI (Western Visayas)","id":"barangay-0600606020","name":"Flores","barangayCode":"0600606020","population":null,"formattedPop":null,"densityCategory":"No data","vulnerabilityRating":"No data","healthRiskLevel":"No data","areaKm2":30.290411,"centerLat":11.363643,"centerLng":122.146172,"geometrySource":"all_barangay-2.csv detailed WKT","geometryMatchMethod":"unique_official_admin_names","boundaryPointCount":16},"geometry":{"type":"MultiPolygon","coordinates":[[[[122.19339,11.37352],[122.190666,11.36512],[122.188911,11.36019],[122.186638,11.35605],[122.185097,11.35344],[122.184113,11.35029],[122.183037,11.34657],[122.18235,11.3429],[122.173653,11.34447],[122.164398,11.34616],[122.136597,11.35286],[122.121559,11.35254],[122.094704,11.35626],[122.09906,11.37209],[122.110313,11.37087],[122.19339,11.37352]]]]}},{"type":"Feature","properties":{"ID_0":177,"ISO":"PHL","NAME_0":"Philippines","ID_1":6006,"NAME_1":"Antique","ID_2":600606,"NAME_2":"Culasi","ID_3":600606021,"NAME_3":"Jalandoni","NL_NAME_3":null,"VARNAME_3":null,"TYPE_3":"Barangay","ENGTYPE_3":"Village","PROVINCE":"Antique","REGION":"Region VI (Western Visayas)","id":"barangay-0600606021","name":"Jalandoni","barangayCode":"0600606021","population":null,"formattedPop":null,"densityCategory":"No data","vulnerabilityRating":"No data","healthRiskLevel":"No data","areaKm2":1.180887,"centerLat":11.413267,"centerLng":122.056169,"geometrySource":"all_barangay-2.csv detailed WKT","geometryMatchMethod":"unique_official_admin_names","boundaryPointCount":48},"geometry":{"type":"MultiPolygon","coordinates":[[[[122.063278,11.42124],[122.064247,11.41321],[122.063789,11.41283],[122.063301,11.41274],[122.062683,11.41274],[122.061867,11.41224],[122.060966,11.41152],[122.060127,11.41149],[122.059029,11.41167],[122.058159,11.41151],[122.057289,11.41119],[122.056374,11.41167],[122.055687,11.41199],[122.054878,11.41189],[122.053886,11.41156],[122.053108,11.41171],[122.052406,11.41198],[122.052048,11.41246],[122.051933,11.41284],[122.051788,11.41315],[122.051613,11.41355],[122.051376,11.41371],[122.050972,11.41378],[122.050827,11.41418],[122.050827,11.41528],[122.051392,11.41583],[122.051392,11.41841],[122.051392,11.41889],[122.051529,11.41903],[122.051666,11.41917],[122.051666,11.41966],[122.051666,11.42],[122.051857,11.42019],[122.051941,11.42028],[122.051941,11.42042],[122.051941,11.42083],[122.052177,11.42107],[122.052223,11.42111],[122.052223,11.42118],[122.052223,11.42222],[122.052307,11.42231],[122.05278,11.42278],[122.05278,11.42361],[122.053047,11.42389],[122.053047,11.42437],[122.053131,11.42441],[122.056747,11.42368],[122.063278,11.42124]]]]}},{"type":"Feature","properties":{"ID_0":177,"ISO":"PHL","NAME_0":"Philippines","ID_1":6006,"NAME_1":"Antique","ID_2":600606,"NAME_2":"Culasi","ID_3":600606022,"NAME_3":"Janlagasi","NL_NAME_3":null,"VARNAME_3":null,"TYPE_3":"Barangay","ENGTYPE_3":"Village","PROVINCE":"Antique","REGION":"Region VI (Western Visayas)","id":"barangay-0600606022","name":"Janlagasi","barangayCode":"0600606022","population":null,"formattedPop":null,"densityCategory":"No data","vulnerabilityRating":"No data","healthRiskLevel":"No data","areaKm2":0.858634,"centerLat":11.399064,"centerLng":122.067524,"geometrySource":"all_barangay-2.csv detailed WKT","geometryMatchMethod":"unique_official_admin_names","boundaryPointCount":6},"geometry":{"type":"MultiPolygon","coordinates":[[[[122.074257,11.40435],[122.074699,11.40013],[122.06189,11.39948],[122.060463,11.4009],[122.061043,11.40433],[122.074257,11.40435]]]]}},{"type":"Feature","properties":{"ID_0":177,"ISO":"PHL","NAME_0":"Philippines","ID_1":6006,"NAME_1":"Antique","ID_2":600606,"NAME_2":"Culasi","ID_3":600606023,"NAME_3":"Lamputong","NL_NAME_3":null,"VARNAME_3":null,"TYPE_3":"Barangay","ENGTYPE_3":"Village","PROVINCE":"Antique","REGION":"Region VI (Western Visayas)","id":"barangay-0600606023","name":"Lamputong","barangayCode":"0600606023","population":null,"formattedPop":null,"densityCategory":"No data","vulnerabilityRating":"No data","healthRiskLevel":"No data","areaKm2":0.471125,"centerLat":11.462519,"centerLng":122.060027,"geometrySource":"all_barangay-2.csv detailed WKT","geometryMatchMethod":"unique_official_admin_names","boundaryPointCount":24},"geometry":{"type":"MultiPolygon","coordinates":[[[[122.053673,11.46496],[122.054207,11.46491],[122.05484,11.46487],[122.055191,11.46493],[122.065063,11.46597],[122.059799,11.45735],[122.059418,11.45686],[122.059357,11.45706],[122.059013,11.45789],[122.0588,11.45851],[122.058662,11.45913],[122.058449,11.45954],[122.058029,11.46037],[122.057823,11.46092],[122.057472,11.46182],[122.05719,11.46223],[122.05677,11.46258],[122.056427,11.46313],[122.056137,11.46354],[122.055222,11.46417],[122.054939,11.46431],[122.05452,11.46445],[122.054237,11.46459],[122.053673,11.46496]]]]}},{"type":"Feature","properties":{"ID_0":177,"ISO":"PHL","NAME_0":"Philippines","ID_1":6006,"NAME_1":"Antique","ID_2":600606,"NAME_2":"Culasi","ID_3":600606024,"NAME_3":"Lipata","NL_NAME_3":null,"VARNAME_3":null,"TYPE_3":"Barangay","ENGTYPE_3":"Village","PROVINCE":"Antique","REGION":"Region VI (Western Visayas)","id":"barangay-0600606024","name":"Lipata","barangayCode":"0600606024","population":null,"formattedPop":null,"densityCategory":"No data","vulnerabilityRating":"No data","healthRiskLevel":"No data","areaKm2":0.744118,"centerLat":11.467426,"centerLng":122.058223,"geometrySource":"all_barangay-2.csv detailed WKT","geometryMatchMethod":"unique_official_admin_names","boundaryPointCount":63},"geometry":{"type":"MultiPolygon","coordinates":[[[[122.06752,11.47045],[122.065063,11.46597],[122.055191,11.46493],[122.05484,11.46487],[122.054207,11.46491],[122.053673,11.46496],[122.053612,11.465],[122.053612,11.46528],[122.053337,11.46556],[122.05278,11.46583],[122.05278,11.46611],[122.052498,11.46639],[122.052498,11.46694],[122.052223,11.46722],[122.052223,11.4675],[122.051941,11.46778],[122.051941,11.46806],[122.052223,11.46833],[122.052223,11.46944],[122.05278,11.47],[122.053047,11.47],[122.053047,11.46972],[122.053146,11.46972],[122.053337,11.46972],[122.053337,11.47],[122.054733,11.47],[122.055832,11.46972],[122.056107,11.46944],[122.056107,11.46917],[122.056389,11.46889],[122.056664,11.46889],[122.056953,11.46861],[122.05722,11.46889],[122.057503,11.46889],[122.057777,11.46861],[122.058891,11.46861],[122.059448,11.469],[122.059868,11.46914],[122.060638,11.46928],[122.061317,11.46966],[122.061668,11.47],[122.061943,11.47],[122.061943,11.46986],[122.061943,11.46972],[122.062233,11.46972],[122.062233,11.47],[122.062233,11.47056],[122.0625,11.47056],[122.062767,11.47028],[122.062767,11.47],[122.063057,11.47],[122.063057,11.47077],[122.063057,11.47083],[122.063332,11.47111],[122.063438,11.47116],[122.0644,11.47164],[122.064453,11.47167],[122.065277,11.47194],[122.065552,11.47194],[122.065552,11.47186],[122.065552,11.47167],[122.065849,11.471696],[122.06752,11.47045]]]]}},{"type":"Feature","properties":{"ID_0":177,"ISO":"PHL","NAME_0":"Philippines","ID_1":6006,"NAME_1":"Antique","ID_2":600606,"NAME_2":"Culasi","ID_3":600606025,"NAME_3":"Malacañang","NL_NAME_3":null,"VARNAME_3":"Malacanang","TYPE_3":"Barangay","ENGTYPE_3":"Village","PROVINCE":"Antique","REGION":"Region VI (Western Visayas)","id":"barangay-0600606025","name":"Malacañang","barangayCode":"0600606025","population":null,"formattedPop":null,"densityCategory":"No data","vulnerabilityRating":"No data","healthRiskLevel":"No data","areaKm2":1.066021,"centerLat":11.404111,"centerLng":122.05694,"geometrySource":"barangays.geojson simplified fallback","geometryMatchMethod":"simplified_fallback","boundaryPointCount":4},"geometry":{"type":"Polygon","coordinates":[[[122.06126826600007,11.409497239000075],[122.05475016200012,11.397840233000068],[122.05075186500005,11.407850221000047],[122.06126826600007,11.409497239000075]]]}},{"type":"Feature","properties":{"ID_0":177,"ISO":"PHL","NAME_0":"Philippines","ID_1":6006,"NAME_1":"Antique","ID_2":600606,"NAME_2":"Culasi","ID_3":600606026,"NAME_3":"Malalison Island","NL_NAME_3":null,"VARNAME_3":null,"TYPE_3":"Barangay","ENGTYPE_3":"Village","PROVINCE":"Antique","REGION":"Region VI (Western Visayas)","id":"barangay-0600606026","name":"Malalison Island","barangayCode":"0600606026","population":null,"formattedPop":null,"densityCategory":"No data","vulnerabilityRating":"No data","healthRiskLevel":"No data","areaKm2":0.522109,"centerLat":11.413992,"centerLng":122.020372,"geometrySource":"all_barangay-2.csv detailed WKT","geometryMatchMethod":"unique_official_admin_names","boundaryPointCount":80},"geometry":{"type":"MultiPolygon","coordinates":[[[[121.671623,11.31691],[121.67128,11.31688],[121.671028,11.31716],[121.670723,11.31746],[121.670341,11.31774],[121.670067,11.31821],[121.670021,11.31891],[121.670143,11.31951],[121.670517,11.31969],[121.670998,11.31957],[121.671471,11.31937],[121.671707,11.31897],[121.671944,11.31856],[121.672127,11.31816],[121.672287,11.31776],[121.67231,11.31736],[121.671921,11.31702],[121.671623,11.31691]]],[[[122.025558,11.41639],[122.025558,11.41611],[122.025833,11.41611],[122.025833,11.41639],[122.026108,11.41667],[122.026108,11.41694],[122.026947,11.41694],[122.027496,11.41639],[122.027496,11.41611],[122.028053,11.41611],[122.02861,11.41583],[122.02861,11.41556],[122.028343,11.41528],[122.026947,11.415],[122.026657,11.41472],[122.02417,11.41472],[122.023613,11.41444],[122.022499,11.41417],[122.022217,11.41389],[122.021667,11.41361],[122.021667,11.41333],[122.021393,11.41306],[122.021393,11.41278],[122.021111,11.4125],[122.020554,11.41222],[122.020554,11.41111],[122.019997,11.41056],[122.018333,11.41028],[122.017776,11.40972],[122.017776,11.40944],[122.01722,11.40944],[122.016487,11.40958],[122.016144,11.41014],[122.016144,11.41062],[122.016281,11.41083],[122.01635,11.41117],[122.016281,11.41152],[122.015831,11.41139],[122.014717,11.41028],[122.014442,11.41028],[122.013893,11.41083],[122.013893,11.41111],[122.015831,11.41306],[122.015831,11.41313],[122.015831,11.41333],[122.016182,11.41368],[122.016388,11.41389],[122.016388,11.41417],[122.01664,11.41442],[122.01722,11.415],[122.018608,11.415],[122.018608,11.41528],[122.01889,11.41556],[122.020554,11.41611],[122.021393,11.41694],[122.021942,11.41722],[122.022781,11.4175],[122.023064,11.4175],[122.025002,11.41722],[122.025261,11.41696],[122.025284,11.41667],[122.025558,11.41639]]]]}},{"type":"Feature","properties":{"ID_0":177,"ISO":"PHL","NAME_0":"Philippines","ID_1":6006,"NAME_1":"Antique","ID_2":600606,"NAME_2":"Culasi","ID_3":600606027,"NAME_3":"Maniguin","NL_NAME_3":null,"VARNAME_3":null,"TYPE_3":"Barangay","ENGTYPE_3":"Village","PROVINCE":"Antique","REGION":"Region VI (Western Visayas)","id":"barangay-0600606027","name":"Maniguin","barangayCode":"0600606027","population":null,"formattedPop":null,"densityCategory":"No data","vulnerabilityRating":"No data","healthRiskLevel":"No data","areaKm2":1.183102,"centerLat":11.600958,"centerLng":121.693283,"geometrySource":"all_barangay-2.csv detailed WKT","geometryMatchMethod":"unique_official_admin_names","boundaryPointCount":125},"geometry":{"type":"MultiPolygon","coordinates":[[[[121.686813,11.60842],[121.687309,11.60794],[121.687767,11.60804],[121.688217,11.60831],[121.688713,11.60845],[121.689232,11.60836],[121.689713,11.60834],[121.690147,11.60833],[121.690552,11.60833],[121.690918,11.60829],[121.6912,11.60811],[121.691483,11.60794],[121.691658,11.6077],[121.691772,11.6074],[121.691963,11.60713],[121.692177,11.60684],[121.692429,11.60649],[121.692787,11.60622],[121.693176,11.60599],[121.693558,11.60575],[121.693901,11.60547],[121.694267,11.60523],[121.694717,11.60515],[121.695183,11.60517],[121.695351,11.60495],[121.695518,11.60473],[121.695633,11.6044],[121.695877,11.60411],[121.696121,11.6038],[121.696327,11.60346],[121.696342,11.60307],[121.696198,11.60266],[121.696289,11.60237],[121.696587,11.60218],[121.69696,11.60196],[121.69738,11.60176],[121.697746,11.6015],[121.698059,11.60121],[121.698334,11.60095],[121.698547,11.60067],[121.698608,11.60027],[121.698647,11.59984],[121.698822,11.59948],[121.698936,11.59908],[121.699142,11.59872],[121.699318,11.5983],[121.699417,11.5978],[121.69944,11.59724],[121.699448,11.5967],[121.699493,11.59623],[121.699669,11.59585],[121.699677,11.59552],[121.699501,11.5952],[121.699364,11.59483],[121.699409,11.59439],[121.699509,11.59394],[121.699753,11.59352],[121.699753,11.59311],[121.69931,11.59272],[121.699051,11.59254],[121.6987,11.59267],[121.698227,11.59281],[121.6978,11.59304],[121.697342,11.59321],[121.696899,11.59336],[121.696518,11.59356],[121.696098,11.59366],[121.695709,11.59385],[121.695236,11.59393],[121.694839,11.59415],[121.694443,11.59432],[121.694054,11.59444],[121.693657,11.59454],[121.693329,11.59469],[121.69297,11.59472],[121.692596,11.59468],[121.69223,11.5945],[121.691719,11.59446],[121.691177,11.59458],[121.690727,11.59489],[121.690613,11.5953],[121.690842,11.59566],[121.691177,11.59596],[121.691612,11.59614],[121.691917,11.59637],[121.692169,11.59659],[121.692413,11.59681],[121.69249,11.59706],[121.692482,11.59735],[121.692383,11.59762],[121.692253,11.59789],[121.692169,11.59818],[121.692009,11.59843],[121.691902,11.59872],[121.691719,11.59898],[121.691559,11.59927],[121.691368,11.59957],[121.691109,11.59986],[121.690819,11.60019],[121.690498,11.60058],[121.690231,11.60104],[121.689941,11.60146],[121.689682,11.60187],[121.689407,11.6022],[121.689163,11.60249],[121.688919,11.60275],[121.688667,11.603],[121.688423,11.60327],[121.68821,11.60363],[121.688019,11.60404],[121.687759,11.60439],[121.687492,11.60468],[121.687248,11.60495],[121.687103,11.60527],[121.686913,11.60557],[121.686653,11.60586],[121.686394,11.60619],[121.686096,11.60655],[121.685791,11.60693],[121.685448,11.60732],[121.68512,11.60771],[121.685066,11.60823],[121.685471,11.60871],[121.686188,11.60877],[121.686813,11.60842]]]]}},{"type":"Feature","properties":{"ID_0":177,"ISO":"PHL","NAME_0":"Philippines","ID_1":6006,"NAME_1":"Antique","ID_2":600606,"NAME_2":"Culasi","ID_3":600606028,"NAME_3":"Naba","NL_NAME_3":null,"VARNAME_3":null,"TYPE_3":"Barangay","ENGTYPE_3":"Village","PROVINCE":"Antique","REGION":"Region VI (Western Visayas)","id":"barangay-0600606028","name":"Naba","barangayCode":"0600606028","population":null,"formattedPop":null,"densityCategory":"No data","vulnerabilityRating":"No data","healthRiskLevel":"No data","areaKm2":6.033294,"centerLat":11.471095,"centerLng":122.082188,"geometrySource":"all_barangay-2.csv detailed WKT","geometryMatchMethod":"unique_official_admin_names","boundaryPointCount":103},"geometry":{"type":"MultiPolygon","coordinates":[[[[122.065849,11.471696],[122.065826,11.47194],[122.066391,11.47222],[122.067017,11.47233],[122.068047,11.4725],[122.069443,11.47389],[122.07,11.47417],[122.070267,11.47444],[122.070267,11.47472],[122.070557,11.475],[122.070557,11.47549],[122.070557,11.47556],[122.070679,11.47562],[122.071663,11.47611],[122.072502,11.47611],[122.072502,11.47639],[122.072777,11.47639],[122.073288,11.4769],[122.074722,11.47833],[122.074722,11.47944],[122.075279,11.48],[122.075279,11.48028],[122.075546,11.48056],[122.075546,11.48083],[122.076111,11.48139],[122.076111,11.4825],[122.076393,11.48278],[122.076393,11.48306],[122.076668,11.48333],[122.076668,11.48556],[122.077499,11.48639],[122.077499,11.48694],[122.077766,11.48722],[122.077766,11.4875],[122.078888,11.48861],[122.078888,11.48889],[122.079437,11.48944],[122.079437,11.49],[122.080002,11.49056],[122.080002,11.49111],[122.080276,11.49139],[122.080276,11.49167],[122.080559,11.49194],[122.080559,11.49222],[122.080833,11.4925],[122.080833,11.49264],[122.080833,11.49269],[122.080833,11.49278],[122.081139,11.49308],[122.08139,11.49334],[122.082039,11.49327],[122.08213,11.49266],[122.082253,11.49145],[122.082443,11.49096],[122.082748,11.48986],[122.082787,11.48893],[122.083229,11.48789],[122.083809,11.48712],[122.084679,11.48646],[122.0849,11.48534],[122.084641,11.48456],[122.084869,11.48352],[122.08567,11.48316],[122.086884,11.48261],[122.087807,11.48188],[122.088112,11.48123],[122.088882,11.48076],[122.089577,11.48117],[122.089958,11.48148],[122.090569,11.48131],[122.09156,11.47956],[122.092247,11.47793],[122.092537,11.47674],[122.093193,11.47637],[122.094063,11.47622],[122.094673,11.47538],[122.095253,11.47379],[122.095879,11.4727],[122.096817,11.4719],[122.098022,11.471],[122.099297,11.4712],[122.099663,11.46042],[122.098007,11.46044],[122.096443,11.46054],[122.095123,11.46039],[122.093552,11.45944],[122.092773,11.45843],[122.09124,11.45732],[122.089996,11.45663],[122.088707,11.45618],[122.087349,11.45654],[122.085838,11.45729],[122.084633,11.4582],[122.083817,11.45817],[122.082642,11.45774],[122.081734,11.45834],[122.080833,11.45894],[122.079712,11.45908],[122.078369,11.45962],[122.076813,11.46136],[122.068604,11.46666],[122.06752,11.47045],[122.065849,11.471696]]]]}},{"type":"Feature","properties":{"ID_0":177,"ISO":"PHL","NAME_0":"Philippines","ID_1":6006,"NAME_1":"Antique","ID_2":600606,"NAME_2":"Culasi","ID_3":600606029,"NAME_3":"Osorio","NL_NAME_3":null,"VARNAME_3":null,"TYPE_3":"Barangay","ENGTYPE_3":"Village","PROVINCE":"Antique","REGION":"Region VI (Western Visayas)","id":"barangay-0600606029","name":"Osorio","barangayCode":"0600606029","population":null,"formattedPop":null,"densityCategory":"No data","vulnerabilityRating":"No data","healthRiskLevel":"No data","areaKm2":24.158941,"centerLat":11.388111,"centerLng":122.144839,"geometrySource":"all_barangay-2.csv detailed WKT","geometryMatchMethod":"unique_official_admin_names","boundaryPointCount":46},"geometry":{"type":"MultiPolygon","coordinates":[[[[122.10424,11.39614],[122.10495,11.39613],[122.107178,11.39478],[122.109703,11.39421],[122.112358,11.39413],[122.112984,11.39458],[122.115173,11.39496],[122.117264,11.39573],[122.119827,11.39681],[122.12265,11.3981],[122.125137,11.39915],[122.128502,11.40015],[122.132339,11.40055],[122.135643,11.40073],[122.139587,11.40086],[122.143387,11.40084],[122.147293,11.40058],[122.152283,11.4001],[122.157806,11.39925],[122.161392,11.3985],[122.164673,11.39785],[122.167061,11.39748],[122.168747,11.39834],[122.172127,11.39856],[122.174294,11.39751],[122.177002,11.39743],[122.179283,11.39733],[122.179947,11.39709],[122.181633,11.39621],[122.182777,11.39577],[122.183937,11.39561],[122.185753,11.39381],[122.187523,11.39133],[122.189148,11.38891],[122.19072,11.38597],[122.191803,11.38264],[122.192261,11.38085],[122.192909,11.37799],[122.193199,11.37502],[122.19339,11.37352],[122.110313,11.37087],[122.09906,11.37209],[122.101349,11.37978],[122.097763,11.38047],[122.098251,11.39539],[122.10424,11.39614]]]]}},{"type":"Feature","properties":{"ID_0":177,"ISO":"PHL","NAME_0":"Philippines","ID_1":6006,"NAME_1":"Antique","ID_2":600606,"NAME_2":"Culasi","ID_3":600606030,"NAME_3":"Paningayan","NL_NAME_3":null,"VARNAME_3":null,"TYPE_3":"Barangay","ENGTYPE_3":"Village","PROVINCE":"Antique","REGION":"Region VI (Western Visayas)","id":"barangay-0600606030","name":"Paningayan","barangayCode":"0600606030","population":null,"formattedPop":null,"densityCategory":"No data","vulnerabilityRating":"No data","healthRiskLevel":"No data","areaKm2":16.159303,"centerLat":11.461307,"centerLng":122.12056,"geometrySource":"all_barangay-2.csv detailed WKT","geometryMatchMethod":"unique_official_admin_names","boundaryPointCount":49},"geometry":{"type":"MultiPolygon","coordinates":[[[[122.135132,11.49585],[122.13517,11.48683],[122.134872,11.47889],[122.134911,11.47349],[122.135437,11.46901],[122.136681,11.46713],[122.138771,11.46496],[122.12133,11.46082],[122.121078,11.46119],[122.119743,11.4616],[122.118118,11.46176],[122.116676,11.46169],[122.115463,11.46137],[122.113853,11.46089],[122.111839,11.46021],[122.11039,11.46005],[122.108612,11.46074],[122.108276,11.46226],[122.106949,11.46335],[122.106796,11.46403],[122.106567,11.46505],[122.105583,11.46439],[122.104347,11.46453],[122.103722,11.46496],[122.102798,11.46453],[122.102463,11.46283],[122.10276,11.46115],[122.101753,11.46044],[122.099663,11.46042],[122.099297,11.4712],[122.100098,11.47193],[122.100456,11.47318],[122.100159,11.47455],[122.100349,11.47563],[122.101563,11.47662],[122.102966,11.47718],[122.104683,11.47752],[122.106087,11.47734],[122.107262,11.47736],[122.10836,11.47784],[122.108047,11.47904],[122.108994,11.48033],[122.110451,11.48139],[122.111839,11.48307],[122.11335,11.48436],[122.114197,11.4854],[122.11499,11.48609],[122.114304,11.49519],[122.135132,11.49585]]]]}},{"type":"Feature","properties":{"ID_0":177,"ISO":"PHL","NAME_0":"Philippines","ID_1":6006,"NAME_1":"Antique","ID_2":600606,"NAME_2":"Culasi","ID_3":600606031,"NAME_3":"Centro Poblacion","NL_NAME_3":null,"VARNAME_3":null,"TYPE_3":"Barangay","ENGTYPE_3":"Village","PROVINCE":"Antique","REGION":"Region VI (Western Visayas)","id":"barangay-0600606031","name":"Centro Poblacion","barangayCode":"0600606031","population":null,"formattedPop":null,"densityCategory":"No data","vulnerabilityRating":"No data","healthRiskLevel":"No data","areaKm2":0.757533,"centerLat":11.425918,"centerLng":122.059911,"geometrySource":"all_barangay-2.csv detailed WKT","geometryMatchMethod":"unique_official_admin_names","boundaryPointCount":32},"geometry":{"type":"MultiPolygon","coordinates":[[[[122.068893,11.42928],[122.06871,11.42804],[122.063423,11.42346],[122.057472,11.42565],[122.053749,11.42657],[122.053612,11.42659],[122.053612,11.42667],[122.053703,11.42676],[122.053886,11.42694],[122.053886,11.42728],[122.053886,11.4275],[122.053963,11.42757],[122.054169,11.42778],[122.054169,11.42806],[122.054443,11.42833],[122.054443,11.42858],[122.054443,11.42889],[122.054733,11.42917],[122.054733,11.42944],[122.055,11.42972],[122.055,11.43],[122.055267,11.43028],[122.055267,11.43056],[122.055557,11.43083],[122.055557,11.43139],[122.056107,11.43195],[122.056198,11.43195],[122.056389,11.43195],[122.056953,11.4325],[122.056953,11.43306],[122.057098,11.43321],[122.068893,11.42928]]]]}},{"type":"Feature","properties":{"ID_0":177,"ISO":"PHL","NAME_0":"Philippines","ID_1":6006,"NAME_1":"Antique","ID_2":600606,"NAME_2":"Culasi","ID_3":600606032,"NAME_3":"Centro Norte","NL_NAME_3":null,"VARNAME_3":null,"TYPE_3":"Barangay","ENGTYPE_3":"Village","PROVINCE":"Antique","REGION":"Region VI (Western Visayas)","id":"barangay-0600606032","name":"Centro Norte","barangayCode":"0600606032","population":null,"formattedPop":null,"densityCategory":"No data","vulnerabilityRating":"No data","healthRiskLevel":"No data","areaKm2":1.768416,"centerLat":11.432769,"centerLng":122.063709,"geometrySource":"all_barangay-2.csv detailed WKT","geometryMatchMethod":"unique_official_admin_names","boundaryPointCount":26},"geometry":{"type":"MultiPolygon","coordinates":[[[[122.060204,11.44295],[122.060379,11.44289],[122.06044,11.44288],[122.07238,11.44054],[122.073387,11.43701],[122.072151,11.43123],[122.068893,11.42928],[122.057098,11.43321],[122.05722,11.43333],[122.05806,11.43352],[122.05806,11.43408],[122.057991,11.43463],[122.058128,11.43504],[122.058617,11.43587],[122.058968,11.43656],[122.059097,11.43822],[122.059319,11.43911],[122.059387,11.43973],[122.059883,11.44022],[122.059937,11.44042],[122.059937,11.44056],[122.059792,11.44065],[122.059509,11.44083],[122.059723,11.44194],[122.059929,11.44257],[122.060204,11.44295]]]]}},{"type":"Feature","properties":{"ID_0":177,"ISO":"PHL","NAME_0":"Philippines","ID_1":6006,"NAME_1":"Antique","ID_2":600606,"NAME_2":"Culasi","ID_3":600606033,"NAME_3":"Centro Sur","NL_NAME_3":null,"VARNAME_3":null,"TYPE_3":"Barangay","ENGTYPE_3":"Village","PROVINCE":"Antique","REGION":"Region VI (Western Visayas)","id":"barangay-0600606033","name":"Centro Sur","barangayCode":"0600606033","population":null,"formattedPop":null,"densityCategory":"No data","vulnerabilityRating":"No data","healthRiskLevel":"No data","areaKm2":0.807143,"centerLat":11.420544,"centerLng":122.057609,"geometrySource":"all_barangay-2.csv detailed WKT","geometryMatchMethod":"unique_official_admin_names","boundaryPointCount":16},"geometry":{"type":"MultiPolygon","coordinates":[[[[122.053047,11.42437],[122.053047,11.42469],[122.053047,11.425],[122.053253,11.42519],[122.053337,11.42528],[122.053337,11.42556],[122.053612,11.42583],[122.053612,11.42653],[122.053612,11.42659],[122.053749,11.42657],[122.057472,11.42565],[122.063423,11.42346],[122.063278,11.42124],[122.056747,11.42368],[122.053131,11.42441],[122.053047,11.42437]]]]}},{"type":"Feature","properties":{"ID_0":177,"ISO":"PHL","NAME_0":"Philippines","ID_1":6006,"NAME_1":"Antique","ID_2":600606,"NAME_2":"Culasi","ID_3":600606034,"NAME_3":"Salde","NL_NAME_3":null,"VARNAME_3":null,"TYPE_3":"Barangay","ENGTYPE_3":"Village","PROVINCE":"Antique","REGION":"Region VI (Western Visayas)","id":"barangay-0600606034","name":"Salde","barangayCode":"0600606034","population":null,"formattedPop":null,"densityCategory":"No data","vulnerabilityRating":"No data","healthRiskLevel":"No data","areaKm2":4.172337,"centerLat":11.506407,"centerLng":122.10996,"geometrySource":"all_barangay-2.csv detailed WKT","geometryMatchMethod":"unique_official_admin_names","boundaryPointCount":31},"geometry":{"type":"MultiPolygon","coordinates":[[[[122.124786,11.51915],[122.125061,11.51846],[122.125671,11.51825],[122.125641,11.51735],[122.125923,11.51668],[122.126251,11.51635],[122.126518,11.51589],[122.126518,11.51522],[122.1269,11.5146],[122.127159,11.51385],[122.126953,11.51314],[122.121071,11.50822],[122.120003,11.50767],[122.117783,11.50621],[122.116669,11.50581],[122.11573,11.50518],[122.114853,11.50494],[122.113037,11.50523],[122.111397,11.50575],[122.110069,11.50587],[122.109306,11.50568],[122.108063,11.50416],[122.105743,11.50298],[122.104973,11.50208],[122.10437,11.50155],[122.103333,11.50116],[122.102173,11.50152],[122.102539,11.51515],[122.107384,11.51868],[122.123917,11.51929],[122.124786,11.51915]]]]}},{"type":"Feature","properties":{"ID_0":177,"ISO":"PHL","NAME_0":"Philippines","ID_1":6006,"NAME_1":"Antique","ID_2":600606,"NAME_2":"Culasi","ID_3":600606036,"NAME_3":"San Antonio","NL_NAME_3":null,"VARNAME_3":null,"TYPE_3":"Barangay","ENGTYPE_3":"Village","PROVINCE":"Antique","REGION":"Region VI (Western Visayas)","id":"barangay-0600606036","name":"San Antonio","barangayCode":"0600606036","population":null,"formattedPop":null,"densityCategory":"No data","vulnerabilityRating":"No data","healthRiskLevel":"No data","areaKm2":0.859218,"centerLat":11.394437,"centerLng":122.060159,"geometrySource":"all_barangay-2.csv detailed WKT","geometryMatchMethod":"unique_official_admin_names","boundaryPointCount":50},"geometry":{"type":"MultiPolygon","coordinates":[[[[122.060463,11.4009],[122.06189,11.39948],[122.064011,11.39388],[122.058342,11.39187],[122.057869,11.39162],[122.057838,11.39169],[122.057487,11.39245],[122.057137,11.39342],[122.056664,11.39306],[122.056664,11.39333],[122.056389,11.39361],[122.056389,11.39389],[122.056107,11.39417],[122.056107,11.39444],[122.055832,11.39472],[122.055832,11.39528],[122.055557,11.39556],[122.055557,11.39583],[122.055267,11.39611],[122.055267,11.39639],[122.055,11.39667],[122.055,11.39722],[122.054733,11.3975],[122.054733,11.39778],[122.054443,11.39806],[122.054443,11.39833],[122.054169,11.39861],[122.054169,11.39889],[122.053886,11.39917],[122.053886,11.39972],[122.053612,11.4],[122.053612,11.40056],[122.053337,11.40083],[122.053337,11.40139],[122.053047,11.40167],[122.053047,11.4025],[122.05278,11.40278],[122.05278,11.40301],[122.053497,11.40323],[122.054024,11.40338],[122.054367,11.40291],[122.054733,11.40265],[122.055832,11.40229],[122.056442,11.40217],[122.057404,11.40267],[122.058006,11.40346],[122.05825,11.40349],[122.059181,11.40325],[122.060013,11.40182],[122.060463,11.4009]]]]}},{"type":"Feature","properties":{"ID_0":177,"ISO":"PHL","NAME_0":"Philippines","ID_1":6006,"NAME_1":"Antique","ID_2":600606,"NAME_2":"Culasi","ID_3":600606037,"NAME_3":"San Gregorio","NL_NAME_3":null,"VARNAME_3":null,"TYPE_3":"Barangay","ENGTYPE_3":"Village","PROVINCE":"Antique","REGION":"Region VI (Western Visayas)","id":"barangay-0600606037","name":"San Gregorio","barangayCode":"0600606037","population":null,"formattedPop":null,"densityCategory":"No data","vulnerabilityRating":"No data","healthRiskLevel":"No data","areaKm2":0.506404,"centerLat":11.406653,"centerLng":122.077598,"geometrySource":"all_barangay-2.csv detailed WKT","geometryMatchMethod":"unique_official_admin_names","boundaryPointCount":18},"geometry":{"type":"MultiPolygon","coordinates":[[[[122.079826,11.41598],[122.081039,11.41502],[122.081802,11.41434],[122.082733,11.41328],[122.084167,11.41164],[122.084633,11.41119],[122.085243,11.41023],[122.085999,11.40925],[122.087273,11.40858],[122.087334,11.40404],[122.074257,11.40435],[122.074677,11.41388],[122.075233,11.41412],[122.075943,11.41402],[122.076424,11.41409],[122.07663,11.4142],[122.079468,11.41481],[122.079826,11.41598]]]]}},{"type":"Feature","properties":{"ID_0":177,"ISO":"PHL","NAME_0":"Philippines","ID_1":6006,"NAME_1":"Antique","ID_2":600606,"NAME_2":"Culasi","ID_3":600606038,"NAME_3":"San Juan","NL_NAME_3":null,"VARNAME_3":null,"TYPE_3":"Barangay","ENGTYPE_3":"Village","PROVINCE":"Antique","REGION":"Region VI (Western Visayas)","id":"barangay-0600606038","name":"San Juan","barangayCode":"0600606038","population":null,"formattedPop":null,"densityCategory":"No data","vulnerabilityRating":"No data","healthRiskLevel":"No data","areaKm2":1.882081,"centerLat":11.428896,"centerLng":122.079272,"geometrySource":"all_barangay-2.csv detailed WKT","geometryMatchMethod":"unique_official_admin_names","boundaryPointCount":10},"geometry":{"type":"MultiPolygon","coordinates":[[[[122.096321,11.44597],[122.095543,11.43264],[122.09333,11.4291],[122.089531,11.42731],[122.08252,11.42861],[122.072151,11.43123],[122.073387,11.43701],[122.07238,11.44054],[122.073837,11.44417],[122.096321,11.44597]]]]}},{"type":"Feature","properties":{"ID_0":177,"ISO":"PHL","NAME_0":"Philippines","ID_1":6006,"NAME_1":"Antique","ID_2":600606,"NAME_2":"Culasi","ID_3":600606039,"NAME_3":"San Luis","NL_NAME_3":null,"VARNAME_3":null,"TYPE_3":"Barangay","ENGTYPE_3":"Village","PROVINCE":"Antique","REGION":"Region VI (Western Visayas)","id":"barangay-0600606039","name":"San Luis","barangayCode":"0600606039","population":null,"formattedPop":null,"densityCategory":"No data","vulnerabilityRating":"No data","healthRiskLevel":"No data","areaKm2":2.360636,"centerLat":11.393567,"centerLng":122.078673,"geometrySource":"all_barangay-2.csv detailed WKT","geometryMatchMethod":"unique_official_admin_names","boundaryPointCount":6},"geometry":{"type":"MultiPolygon","coordinates":[[[[122.087334,11.40404],[122.085243,11.39479],[122.074707,11.39528],[122.074699,11.40013],[122.074257,11.40435],[122.087334,11.40404]]]]}},{"type":"Feature","properties":{"ID_0":177,"ISO":"PHL","NAME_0":"Philippines","ID_1":6006,"NAME_1":"Antique","ID_2":600606,"NAME_2":"Culasi","ID_3":600606040,"NAME_3":"San Pascual","NL_NAME_3":null,"VARNAME_3":null,"TYPE_3":"Barangay","ENGTYPE_3":"Village","PROVINCE":"Antique","REGION":"Region VI (Western Visayas)","id":"barangay-0600606040","name":"San Pascual","barangayCode":"0600606040","population":null,"formattedPop":null,"densityCategory":"No data","vulnerabilityRating":"No data","healthRiskLevel":"No data","areaKm2":4.285666,"centerLat":11.373731,"centerLng":122.083835,"geometrySource":"all_barangay-2.csv detailed WKT","geometryMatchMethod":"unique_official_admin_names","boundaryPointCount":6},"geometry":{"type":"MultiPolygon","coordinates":[[[[122.07856,11.37648],[122.09906,11.37209],[122.094704,11.35626],[122.081818,11.35562],[122.079887,11.35754],[122.07856,11.37648]]]]}},{"type":"Feature","properties":{"ID_0":177,"ISO":"PHL","NAME_0":"Philippines","ID_1":6006,"NAME_1":"Antique","ID_2":600606,"NAME_2":"Culasi","ID_3":600606041,"NAME_3":"San Vicente","NL_NAME_3":null,"VARNAME_3":null,"TYPE_3":"Barangay","ENGTYPE_3":"Village","PROVINCE":"Antique","REGION":"Region VI (Western Visayas)","id":"barangay-0600606041","name":"San Vicente","barangayCode":"0600606041","population":null,"formattedPop":null,"densityCategory":"No data","vulnerabilityRating":"No data","healthRiskLevel":"No data","areaKm2":2.198537,"centerLat":11.379922,"centerLng":122.0941,"geometrySource":"all_barangay-2.csv detailed WKT","geometryMatchMethod":"unique_official_admin_names","boundaryPointCount":6},"geometry":{"type":"MultiPolygon","coordinates":[[[[122.081467,11.38314],[122.097763,11.38047],[122.101349,11.37978],[122.09906,11.37209],[122.07856,11.37648],[122.081467,11.38314]]]]}},{"type":"Feature","properties":{"ID_0":177,"ISO":"PHL","NAME_0":"Philippines","ID_1":6006,"NAME_1":"Antique","ID_2":600606,"NAME_2":"Culasi","ID_3":600606042,"NAME_3":"Simbola","NL_NAME_3":null,"VARNAME_3":null,"TYPE_3":"Barangay","ENGTYPE_3":"Village","PROVINCE":"Antique","REGION":"Region VI (Western Visayas)","id":"barangay-0600606042","name":"Simbola","barangayCode":"0600606042","population":null,"formattedPop":null,"densityCategory":"No data","vulnerabilityRating":"No data","healthRiskLevel":"No data","areaKm2":15.132174,"centerLat":11.494026,"centerLng":122.120315,"geometrySource":"all_barangay-2.csv detailed WKT","geometryMatchMethod":"unique_official_admin_names","boundaryPointCount":50},"geometry":{"type":"MultiPolygon","coordinates":[[[[122.145157,11.51976],[122.142616,11.51549],[122.139977,11.51124],[122.136787,11.50539],[122.135986,11.4993],[122.135132,11.49585],[122.114304,11.49519],[122.11499,11.48609],[122.114197,11.4854],[122.11335,11.48436],[122.111839,11.48307],[122.110451,11.48139],[122.108994,11.48033],[122.108047,11.47904],[122.10836,11.47784],[122.107262,11.47736],[122.106087,11.47734],[122.104683,11.47752],[122.102966,11.47718],[122.101563,11.47662],[122.100349,11.47563],[122.102127,11.49489],[122.102173,11.50152],[122.103333,11.50116],[122.10437,11.50155],[122.104973,11.50208],[122.105743,11.50298],[122.108063,11.50416],[122.109306,11.50568],[122.110069,11.50587],[122.111397,11.50575],[122.113037,11.50523],[122.114853,11.50494],[122.11573,11.50518],[122.116669,11.50581],[122.117783,11.50621],[122.120003,11.50767],[122.121071,11.50822],[122.126953,11.51314],[122.127159,11.51385],[122.1269,11.5146],[122.126518,11.51522],[122.126518,11.51589],[122.126251,11.51635],[122.125923,11.51668],[122.125641,11.51735],[122.125671,11.51825],[122.125061,11.51846],[122.124786,11.51915],[122.145157,11.51976]]]]}},{"type":"Feature","properties":{"ID_0":177,"ISO":"PHL","NAME_0":"Philippines","ID_1":6006,"NAME_1":"Antique","ID_2":600606,"NAME_2":"Culasi","ID_3":600606043,"NAME_3":"Tigbobolo","NL_NAME_3":null,"VARNAME_3":null,"TYPE_3":"Barangay","ENGTYPE_3":"Village","PROVINCE":"Antique","REGION":"Region VI (Western Visayas)","id":"barangay-0600606043","name":"Tigbobolo","barangayCode":"0600606043","population":null,"formattedPop":null,"densityCategory":"No data","vulnerabilityRating":"No data","healthRiskLevel":"No data","areaKm2":1.808046,"centerLat":11.365148,"centerLng":122.073407,"geometrySource":"all_barangay-2.csv detailed WKT","geometryMatchMethod":"unique_official_admin_names","boundaryPointCount":24},"geometry":{"type":"MultiPolygon","coordinates":[[[[122.067093,11.3712],[122.06765,11.37163],[122.068657,11.3734],[122.069366,11.37432],[122.070511,11.37529],[122.07209,11.37626],[122.073128,11.37619],[122.074944,11.37564],[122.077431,11.37573],[122.07856,11.37648],[122.079887,11.35754],[122.067307,11.35824],[122.066841,11.36053],[122.067032,11.36087],[122.067657,11.36159],[122.068062,11.36223],[122.067993,11.36421],[122.066994,11.36551],[122.066116,11.36684],[122.065987,11.36819],[122.066307,11.36877],[122.066841,11.36991],[122.067169,11.37064],[122.067093,11.3712]]]]}},{"type":"Feature","properties":{"ID_0":177,"ISO":"PHL","NAME_0":"Philippines","ID_1":6006,"NAME_1":"Antique","ID_2":600606,"NAME_2":"Culasi","ID_3":600606044,"NAME_3":"Tinabusan","NL_NAME_3":null,"VARNAME_3":null,"TYPE_3":"Barangay","ENGTYPE_3":"Village","PROVINCE":"Antique","REGION":"Region VI (Western Visayas)","id":"barangay-0600606044","name":"Tinabusan","barangayCode":"0600606044","population":null,"formattedPop":null,"densityCategory":"No data","vulnerabilityRating":"No data","healthRiskLevel":"No data","areaKm2":1.411697,"centerLat":11.394144,"centerLng":122.088036,"geometrySource":"all_barangay-2.csv detailed WKT","geometryMatchMethod":"unique_official_admin_names","boundaryPointCount":5},"geometry":{"type":"MultiPolygon","coordinates":[[[[122.098251,11.39539],[122.097763,11.38047],[122.081467,11.38314],[122.085243,11.39479],[122.098251,11.39539]]]]}},{"type":"Feature","properties":{"ID_0":177,"ISO":"PHL","NAME_0":"Philippines","ID_1":6006,"NAME_1":"Antique","ID_2":600606,"NAME_2":"Culasi","ID_3":600606045,"NAME_3":"Tomao","NL_NAME_3":null,"VARNAME_3":null,"TYPE_3":"Barangay","ENGTYPE_3":"Village","PROVINCE":"Antique","REGION":"Region VI (Western Visayas)","id":"barangay-0600606045","name":"Tomao","barangayCode":"0600606045","population":null,"formattedPop":null,"densityCategory":"No data","vulnerabilityRating":"No data","healthRiskLevel":"No data","areaKm2":1.357579,"centerLat":11.421733,"centerLng":122.074355,"geometrySource":"all_barangay-2.csv detailed WKT","geometryMatchMethod":"unique_official_admin_names","boundaryPointCount":11},"geometry":{"type":"MultiPolygon","coordinates":[[[[122.072151,11.43123],[122.08252,11.42861],[122.089531,11.42731],[122.088226,11.42507],[122.085541,11.42383],[122.082153,11.42144],[122.080566,11.42003],[122.063423,11.42346],[122.06871,11.42804],[122.068893,11.42928],[122.072151,11.43123]]]]}},{"type":"Feature","properties":{"ID_0":177,"ISO":"PHL","NAME_0":"Philippines","ID_1":6006,"NAME_1":"Antique","ID_2":600606,"NAME_2":"Culasi","ID_3":600606046,"NAME_3":"Valderama","NL_NAME_3":null,"VARNAME_3":null,"TYPE_3":"Barangay","ENGTYPE_3":"Village","PROVINCE":"Antique","REGION":"Region VI (Western Visayas)","id":"barangay-0600606046","name":"Valderama","barangayCode":"0600606046","population":null,"formattedPop":null,"densityCategory":"No data","vulnerabilityRating":"No data","healthRiskLevel":"No data","areaKm2":2.081904,"centerLat":11.404912,"centerLng":122.092041,"geometrySource":"all_barangay-2.csv detailed WKT","geometryMatchMethod":"unique_official_admin_names","boundaryPointCount":19},"geometry":{"type":"MultiPolygon","coordinates":[[[[122.105827,11.41804],[122.10424,11.39614],[122.098251,11.39539],[122.085243,11.39479],[122.087334,11.40404],[122.087273,11.40858],[122.088821,11.40838],[122.090286,11.40891],[122.091743,11.41006],[122.092827,11.41209],[122.093536,11.41471],[122.093018,11.41624],[122.091972,11.41804],[122.092056,11.41989],[122.093384,11.42093],[122.095367,11.42167],[122.096497,11.42181],[122.098083,11.42157],[122.105827,11.41804]]]]}},{"type":"Feature","properties":{"ID_0":177,"ISO":"PHL","NAME_0":"Philippines","ID_1":6006,"NAME_1":"Antique","ID_2":600607,"NAME_2":"Tobias Fornier (Dao)","ID_3":600607001,"NAME_3":"Abaca","NL_NAME_3":null,"VARNAME_3":null,"TYPE_3":"Barangay","ENGTYPE_3":"Village","PROVINCE":"Antique","REGION":"Region VI (Western Visayas)","id":"barangay-0600607001","name":"Abaca","barangayCode":"0600607001","population":null,"formattedPop":null,"densityCategory":"No data","vulnerabilityRating":"No data","healthRiskLevel":"No data","areaKm2":3.89054,"centerLat":10.494489,"centerLng":121.952666,"geometrySource":"all_barangay-2.csv detailed WKT","geometryMatchMethod":"psgc_coordinate_bridge","boundaryPointCount":37},"geometry":{"type":"MultiPolygon","coordinates":[[[[121.968262,10.50311],[121.969772,10.50102],[121.96965,10.50074],[121.969452,10.50028],[121.969337,10.50007],[121.972954,10.49564],[121.974739,10.49264],[121.973167,10.48935],[121.956978,10.48689],[121.953323,10.49508],[121.951447,10.49648],[121.94828,10.50103],[121.954468,10.50353],[121.95491,10.5042],[121.954987,10.5043],[121.954987,10.50482],[121.955017,10.50549],[121.955162,10.50601],[121.955101,10.50674],[121.955437,10.50711],[121.954788,10.50756],[121.954536,10.50766],[121.954147,10.50792],[121.953423,10.50788],[121.952797,10.50814],[121.952461,10.50945],[121.953468,10.51192],[121.958656,10.51016],[121.959244,10.51008],[121.959869,10.51011],[121.960564,10.51021],[121.960861,10.50986],[121.960907,10.50936],[121.961349,10.50865],[121.962044,10.50885],[121.962898,10.50888],[121.968262,10.50311]]]]}},{"type":"Feature","properties":{"ID_0":177,"ISO":"PHL","NAME_0":"Philippines","ID_1":6006,"NAME_1":"Antique","ID_2":600607,"NAME_2":"Tobias Fornier (Dao)","ID_3":600607002,"NAME_3":"Aras-Asan","NL_NAME_3":null,"VARNAME_3":null,"TYPE_3":"Barangay","ENGTYPE_3":"Village","PROVINCE":"Antique","REGION":"Region VI (Western Visayas)","id":"barangay-0600607002","name":"Aras-Asan","barangayCode":"0600607002","population":null,"formattedPop":null,"densityCategory":"No data","vulnerabilityRating":"No data","healthRiskLevel":"No data","areaKm2":1.98866,"centerLat":10.583376,"centerLng":121.975338,"geometrySource":"all_barangay-2.csv detailed WKT","geometryMatchMethod":"psgc_coordinate_bridge","boundaryPointCount":42},"geometry":{"type":"MultiPolygon","coordinates":[[[[121.985138,10.58522],[121.981323,10.57708],[121.965271,10.57783],[121.964996,10.57785],[121.964996,10.57828],[121.965172,10.57976],[121.965172,10.5801],[121.96524,10.58079],[121.965378,10.58128],[121.965469,10.58159],[121.965607,10.58206],[121.96582,10.58264],[121.966003,10.58324],[121.966423,10.58389],[121.96656,10.58472],[121.966614,10.58498],[121.966843,10.58487],[121.967346,10.58486],[121.967377,10.58484],[121.968117,10.58478],[121.969513,10.5851],[121.970192,10.58537],[121.971184,10.58494],[121.972214,10.5858],[121.972702,10.5858],[121.973396,10.58562],[121.974167,10.58612],[121.974777,10.58545],[121.975868,10.58547],[121.975952,10.58548],[121.977623,10.58488],[121.978394,10.58525],[121.97921,10.58597],[121.979599,10.58687],[121.979927,10.58743],[121.980453,10.58734],[121.98082,10.58714],[121.98172,10.58713],[121.982353,10.58646],[121.98275,10.58598],[121.983932,10.58514],[121.985138,10.58522]]]]}},{"type":"Feature","properties":{"ID_0":177,"ISO":"PHL","NAME_0":"Philippines","ID_1":6006,"NAME_1":"Antique","ID_2":600607,"NAME_2":"Tobias Fornier (Dao)","ID_3":600607003,"NAME_3":"Arobo","NL_NAME_3":null,"VARNAME_3":null,"TYPE_3":"Barangay","ENGTYPE_3":"Village","PROVINCE":"Antique","REGION":"Region VI (Western Visayas)","id":"barangay-0600607003","name":"Arobo","barangayCode":"0600607003","population":null,"formattedPop":null,"densityCategory":"No data","vulnerabilityRating":"No data","healthRiskLevel":"No data","areaKm2":2.584838,"centerLat":10.564736,"centerLng":121.970754,"geometrySource":"all_barangay-2.csv detailed WKT","geometryMatchMethod":"psgc_coordinate_bridge","boundaryPointCount":86},"geometry":{"type":"MultiPolygon","coordinates":[[[[121.963608,10.57028],[121.980362,10.57099],[121.983337,10.56307],[121.982742,10.56305],[121.982269,10.56301],[121.981583,10.56254],[121.980614,10.56272],[121.97998,10.56304],[121.979713,10.56341],[121.979218,10.5639],[121.978859,10.56388],[121.978661,10.56385],[121.977608,10.56368],[121.977058,10.5636],[121.976463,10.56349],[121.976013,10.56331],[121.975616,10.56265],[121.975456,10.56202],[121.974876,10.56183],[121.974617,10.56192],[121.973839,10.56123],[121.973961,10.56071],[121.973961,10.56025],[121.973686,10.55957],[121.97316,10.55946],[121.972473,10.55947],[121.97187,10.55952],[121.971367,10.55927],[121.971298,10.5589],[121.97139,10.55823],[121.971252,10.55753],[121.970673,10.55714],[121.970154,10.55699],[121.968987,10.55674],[121.968773,10.55619],[121.96833,10.55575],[121.967812,10.55577],[121.967484,10.55587],[121.967003,10.55614],[121.966362,10.55618],[121.965889,10.55632],[121.965263,10.55615],[121.964638,10.5559],[121.964279,10.55581],[121.963768,10.55582],[121.963623,10.5553],[121.963417,10.55503],[121.963112,10.55506],[121.962997,10.55465],[121.962769,10.55445],[121.962646,10.55444],[121.962486,10.55468],[121.962196,10.55511],[121.961647,10.55504],[121.961693,10.55532],[121.961998,10.55557],[121.962051,10.55579],[121.961594,10.55582],[121.961273,10.55583],[121.960938,10.55593],[121.96048,10.55606],[121.960487,10.5564],[121.960533,10.55674],[121.960243,10.557],[121.959976,10.55719],[121.959534,10.55718],[121.960098,10.55836],[121.960243,10.55905],[121.960312,10.55988],[121.960449,10.56044],[121.960869,10.56113],[121.961029,10.56154],[121.961197,10.56196],[121.961441,10.5624],[121.961533,10.56289],[121.961617,10.56331],[121.961632,10.56337],[121.961662,10.5639],[121.961906,10.56482],[121.962059,10.56542],[121.962257,10.5659],[121.962677,10.56728],[121.962677,10.56784],[121.962753,10.56803],[121.963242,10.56943],[121.963608,10.57028]]]]}},{"type":"Feature","properties":{"ID_0":177,"ISO":"PHL","NAME_0":"Philippines","ID_1":6006,"NAME_1":"Antique","ID_2":600607,"NAME_2":"Tobias Fornier (Dao)","ID_3":600607004,"NAME_3":"Atabay","NL_NAME_3":null,"VARNAME_3":null,"TYPE_3":"Barangay","ENGTYPE_3":"Village","PROVINCE":"Antique","REGION":"Region VI (Western Visayas)","id":"barangay-0600607004","name":"Atabay","barangayCode":"0600607004","population":null,"formattedPop":null,"densityCategory":"No data","vulnerabilityRating":"No data","healthRiskLevel":"No data","areaKm2":0.997675,"centerLat":10.525351,"centerLng":121.950305,"geometrySource":"all_barangay-2.csv detailed WKT","geometryMatchMethod":"psgc_coordinate_bridge","boundaryPointCount":48},"geometry":{"type":"MultiPolygon","coordinates":[[[[121.95359,10.52576],[121.958183,10.52619],[121.956673,10.52112],[121.944908,10.51983],[121.944237,10.51987],[121.943619,10.5198],[121.943077,10.51936],[121.942574,10.51907],[121.942131,10.51925],[121.941849,10.52056],[121.941994,10.52099],[121.942657,10.52167],[121.943092,10.5221],[121.943123,10.52279],[121.942802,10.52311],[121.942299,10.523],[121.941963,10.52311],[121.941933,10.52359],[121.94191,10.52378],[121.941849,10.5239],[121.941719,10.52389],[121.941513,10.52397],[121.941429,10.52404],[121.941513,10.52416],[121.941849,10.52457],[121.94223,10.52482],[121.942543,10.52517],[121.942841,10.52551],[121.943138,10.52584],[121.943413,10.52618],[121.943687,10.52651],[121.943916,10.52689],[121.944183,10.52725],[121.94442,10.52762],[121.944633,10.528],[121.944893,10.52831],[121.945229,10.52856],[121.945671,10.52875],[121.945847,10.52912],[121.946198,10.52947],[121.946411,10.52988],[121.946617,10.53037],[121.946823,10.53071],[121.947166,10.53099],[121.94722,10.53127],[121.947357,10.53115],[121.947487,10.53104],[121.95359,10.52576]]]]}},{"type":"Feature","properties":{"ID_0":177,"ISO":"PHL","NAME_0":"Philippines","ID_1":6006,"NAME_1":"Antique","ID_2":600607,"NAME_2":"Tobias Fornier (Dao)","ID_3":600607005,"NAME_3":"Atiotes","NL_NAME_3":null,"VARNAME_3":null,"TYPE_3":"Barangay","ENGTYPE_3":"Village","PROVINCE":"Antique","REGION":"Region VI (Western Visayas)","id":"barangay-0600607005","name":"Atiotes","barangayCode":"0600607005","population":null,"formattedPop":null,"densityCategory":"No data","vulnerabilityRating":"No data","healthRiskLevel":"No data","areaKm2":2.158833,"centerLat":10.580959,"centerLng":122.012862,"geometrySource":"all_barangay-2.csv detailed WKT","geometryMatchMethod":"psgc_coordinate_bridge","boundaryPointCount":8},"geometry":{"type":"MultiPolygon","coordinates":[[[[122.006088,10.57598],[122.008072,10.57472],[122.013748,10.57445],[122.012497,10.56605],[122.006287,10.5676],[122.004173,10.56788],[122.005028,10.57166],[122.006088,10.57598]]]]}},{"type":"Feature","properties":{"ID_0":177,"ISO":"PHL","NAME_0":"Philippines","ID_1":6006,"NAME_1":"Antique","ID_2":600607,"NAME_2":"Tobias Fornier (Dao)","ID_3":600607006,"NAME_3":"Bagumbayan","NL_NAME_3":null,"VARNAME_3":null,"TYPE_3":"Barangay","ENGTYPE_3":"Village","PROVINCE":"Antique","REGION":"Region VI (Western Visayas)","id":"barangay-0600607006","name":"Bagumbayan","barangayCode":"0600607006","population":null,"formattedPop":null,"densityCategory":"No data","vulnerabilityRating":"No data","healthRiskLevel":"No data","areaKm2":0.525709,"centerLat":10.50851,"centerLng":121.947963,"geometrySource":"all_barangay-2.csv detailed WKT","geometryMatchMethod":"psgc_coordinate_bridge","boundaryPointCount":26},"geometry":{"type":"MultiPolygon","coordinates":[[[[121.948822,10.5113],[121.94912,10.51017],[121.949287,10.50957],[121.949448,10.509],[121.949997,10.50923],[121.950592,10.50973],[121.951149,10.50999],[121.951431,10.51014],[121.952461,10.50945],[121.952797,10.50814],[121.953423,10.50788],[121.954147,10.50792],[121.954536,10.50766],[121.954788,10.50756],[121.955437,10.50711],[121.955101,10.50674],[121.955162,10.50601],[121.955017,10.50549],[121.954987,10.50482],[121.954987,10.5043],[121.95491,10.5042],[121.954468,10.50353],[121.94828,10.50103],[121.945747,10.50201],[121.944817,10.50998],[121.948822,10.5113]]]]}},{"type":"Feature","properties":{"ID_0":177,"ISO":"PHL","NAME_0":"Philippines","ID_1":6006,"NAME_1":"Antique","ID_2":600607,"NAME_2":"Tobias Fornier (Dao)","ID_3":600607007,"NAME_3":"Ballescas","NL_NAME_3":null,"VARNAME_3":null,"TYPE_3":"Barangay","ENGTYPE_3":"Village","PROVINCE":"Antique","REGION":"Region VI (Western Visayas)","id":"barangay-0600607007","name":"Ballescas","barangayCode":"0600607007","population":null,"formattedPop":null,"densityCategory":"No data","vulnerabilityRating":"No data","healthRiskLevel":"No data","areaKm2":2.377265,"centerLat":10.528557,"centerLng":121.969379,"geometrySource":"barangays.geojson simplified fallback","geometryMatchMethod":"simplified_fallback","boundaryPointCount":4},"geometry":{"type":"Polygon","coordinates":[[[121.95823524200011,10.526061034000065],[121.97619370600012,10.534233492000055],[121.97820000900003,10.521421494000037],[121.95823524200011,10.526061034000065]]]}},{"type":"Feature","properties":{"ID_0":177,"ISO":"PHL","NAME_0":"Philippines","ID_1":6006,"NAME_1":"Antique","ID_2":600607,"NAME_2":"Tobias Fornier (Dao)","ID_3":600607008,"NAME_3":"Balud","NL_NAME_3":null,"VARNAME_3":null,"TYPE_3":"Barangay","ENGTYPE_3":"Village","PROVINCE":"Antique","REGION":"Region VI (Western Visayas)","id":"barangay-0600607008","name":"Balud","barangayCode":"0600607008","population":null,"formattedPop":null,"densityCategory":"No data","vulnerabilityRating":"No data","healthRiskLevel":"No data","areaKm2":1.116289,"centerLat":10.531418,"centerLng":121.954434,"geometrySource":"all_barangay-2.csv detailed WKT","geometryMatchMethod":"psgc_coordinate_bridge","boundaryPointCount":33},"geometry":{"type":"MultiPolygon","coordinates":[[[[121.960907,10.53357],[121.95359,10.52576],[121.947487,10.53104],[121.947357,10.53115],[121.94722,10.53127],[121.947243,10.5314],[121.94809,10.53215],[121.948334,10.53238],[121.948547,10.53265],[121.9487,10.53301],[121.948898,10.53335],[121.949097,10.53368],[121.949203,10.53406],[121.949364,10.53438],[121.949577,10.53454],[121.949867,10.53482],[121.950073,10.5353],[121.950287,10.53551],[121.950638,10.53606],[121.951134,10.53689],[121.951263,10.53751],[121.951714,10.53839],[121.95192,10.5383],[121.952217,10.53828],[121.952408,10.53827],[121.952629,10.53826],[121.953377,10.53787],[121.95446,10.53788],[121.955757,10.53778],[121.958504,10.53591],[121.959579,10.53543],[121.960052,10.53484],[121.960907,10.53357]]]]}},{"type":"Feature","properties":{"ID_0":177,"ISO":"PHL","NAME_0":"Philippines","ID_1":6006,"NAME_1":"Antique","ID_2":600607,"NAME_2":"Tobias Fornier (Dao)","ID_3":600607009,"NAME_3":"Barasanan A","NL_NAME_3":null,"VARNAME_3":null,"TYPE_3":"Barangay","ENGTYPE_3":"Village","PROVINCE":"Antique","REGION":"Region VI (Western Visayas)","id":"barangay-0600607009","name":"Barasanan A","barangayCode":"0600607009","population":null,"formattedPop":null,"densityCategory":"No data","vulnerabilityRating":"No data","healthRiskLevel":"No data","areaKm2":1.382144,"centerLat":10.512941,"centerLng":121.980256,"geometrySource":"all_barangay-2.csv detailed WKT","geometryMatchMethod":"psgc_coordinate_bridge","boundaryPointCount":15},"geometry":{"type":"MultiPolygon","coordinates":[[[[121.99221,10.5257],[121.989601,10.51914],[121.988792,10.51948],[121.988297,10.51974],[121.980827,10.51886],[121.978401,10.52417],[121.978767,10.52436],[121.97908,10.52483],[121.979134,10.52533],[121.979637,10.52603],[121.980293,10.5264],[121.980759,10.52684],[121.980888,10.52725],[121.981003,10.52813],[121.99221,10.5257]]]]}},{"type":"Feature","properties":{"ID_0":177,"ISO":"PHL","NAME_0":"Philippines","ID_1":6006,"NAME_1":"Antique","ID_2":600607,"NAME_2":"Tobias Fornier (Dao)","ID_3":600607010,"NAME_3":"Barasanan B","NL_NAME_3":null,"VARNAME_3":null,"TYPE_3":"Barangay","ENGTYPE_3":"Village","PROVINCE":"Antique","REGION":"Region VI (Western Visayas)","id":"barangay-0600607010","name":"Barasanan B","barangayCode":"0600607010","population":null,"formattedPop":null,"densityCategory":"No data","vulnerabilityRating":"No data","healthRiskLevel":"No data","areaKm2":1.006198,"centerLat":10.519,"centerLng":121.979428,"geometrySource":"all_barangay-2.csv detailed WKT","geometryMatchMethod":"psgc_coordinate_bridge","boundaryPointCount":39},"geometry":{"type":"MultiPolygon","coordinates":[[[[121.99221,10.5257],[122.000076,10.52555],[122.00058,10.52467],[121.999832,10.52469],[121.99939,10.52378],[121.999924,10.52331],[121.999832,10.52286],[121.999168,10.52271],[121.998802,10.52232],[121.99894,10.52197],[121.999313,10.52184],[121.99884,10.52161],[121.998131,10.52133],[121.997879,10.52082],[121.997391,10.52021],[121.996986,10.52011],[121.996071,10.52026],[121.995399,10.51993],[121.994766,10.51985],[121.994278,10.51981],[121.994049,10.51931],[121.994164,10.51873],[121.993958,10.51834],[121.994186,10.51824],[121.99456,10.51776],[121.994698,10.5171],[121.994652,10.51698],[121.994713,10.51625],[121.994209,10.51621],[121.994003,10.51649],[121.99382,10.51686],[121.99366,10.5171],[121.993439,10.51727],[121.992668,10.5174],[121.991982,10.51748],[121.990753,10.51818],[121.990219,10.51868],[121.989601,10.51914],[121.99221,10.5257]]]]}},{"type":"Feature","properties":{"ID_0":177,"ISO":"PHL","NAME_0":"Philippines","ID_1":6006,"NAME_1":"Antique","ID_2":600607,"NAME_2":"Tobias Fornier (Dao)","ID_3":600607011,"NAME_3":"Barasanan C","NL_NAME_3":null,"VARNAME_3":null,"TYPE_3":"Barangay","ENGTYPE_3":"Village","PROVINCE":"Antique","REGION":"Region VI (Western Visayas)","id":"barangay-0600607011","name":"Barasanan C","barangayCode":"0600607011","population":null,"formattedPop":null,"densityCategory":"No data","vulnerabilityRating":"No data","healthRiskLevel":"No data","areaKm2":1.258383,"centerLat":10.528119,"centerLng":121.981372,"geometrySource":"all_barangay-2.csv detailed WKT","geometryMatchMethod":"psgc_coordinate_bridge","boundaryPointCount":10},"geometry":{"type":"MultiPolygon","coordinates":[[[[121.994537,10.53293],[121.994987,10.53272],[121.995262,10.53231],[121.996002,10.53182],[121.996788,10.5308],[122.000076,10.52555],[121.99221,10.5257],[121.981003,10.52813],[121.979584,10.53471],[121.994537,10.53293]]]]}},{"type":"Feature","properties":{"ID_0":177,"ISO":"PHL","NAME_0":"Philippines","ID_1":6006,"NAME_1":"Antique","ID_2":600607,"NAME_2":"Tobias Fornier (Dao)","ID_3":600607012,"NAME_3":"Bariri","NL_NAME_3":null,"VARNAME_3":null,"TYPE_3":"Barangay","ENGTYPE_3":"Village","PROVINCE":"Antique","REGION":"Region VI (Western Visayas)","id":"barangay-0600607012","name":"Bariri","barangayCode":"0600607012","population":null,"formattedPop":null,"densityCategory":"No data","vulnerabilityRating":"No data","healthRiskLevel":"No data","areaKm2":1.393958,"centerLat":10.495495,"centerLng":121.966708,"geometrySource":"all_barangay-2.csv detailed WKT","geometryMatchMethod":"psgc_coordinate_bridge","boundaryPointCount":33},"geometry":{"type":"MultiPolygon","coordinates":[[[[121.98555,10.50857],[121.980057,10.49936],[121.97905,10.49945],[121.977753,10.49968],[121.976646,10.49957],[121.97599,10.49904],[121.975319,10.49823],[121.97467,10.49762],[121.973663,10.49716],[121.97319,10.49665],[121.972977,10.49623],[121.972954,10.49564],[121.969337,10.50007],[121.969452,10.50028],[121.96965,10.50074],[121.969772,10.50102],[121.968262,10.50311],[121.971603,10.50573],[121.977257,10.51076],[121.978371,10.51083],[121.979141,10.51051],[121.980087,10.51007],[121.981216,10.50956],[121.981613,10.50939],[121.981842,10.5088],[121.982918,10.50858],[121.983276,10.50844],[121.983673,10.50825],[121.983932,10.50831],[121.984131,10.50832],[121.984688,10.50874],[121.985153,10.50875],[121.98555,10.50857]]]]}},{"type":"Feature","properties":{"ID_0":177,"ISO":"PHL","NAME_0":"Philippines","ID_1":6006,"NAME_1":"Antique","ID_2":600607,"NAME_2":"Tobias Fornier (Dao)","ID_3":600607013,"NAME_3":"Camandagan","NL_NAME_3":null,"VARNAME_3":null,"TYPE_3":"Barangay","ENGTYPE_3":"Village","PROVINCE":"Antique","REGION":"Region VI (Western Visayas)","id":"barangay-0600607013","name":"Camandagan","barangayCode":"0600607013","population":null,"formattedPop":null,"densityCategory":"No data","vulnerabilityRating":"No data","healthRiskLevel":"No data","areaKm2":1.928716,"centerLat":10.470112,"centerLng":121.975315,"geometrySource":"all_barangay-2.csv detailed WKT","geometryMatchMethod":"psgc_coordinate_bridge","boundaryPointCount":21},"geometry":{"type":"MultiPolygon","coordinates":[[[[121.979897,10.47223],[121.979172,10.47116],[121.978493,10.47041],[121.977654,10.46883],[121.976967,10.46749],[121.975533,10.46431],[121.974602,10.46425],[121.973602,10.46354],[121.972061,10.46653],[121.971626,10.46695],[121.970947,10.46705],[121.970177,10.46736],[121.969322,10.46729],[121.968788,10.46767],[121.968224,10.46802],[121.968109,10.46779],[121.967644,10.46744],[121.967072,10.46724],[121.965584,10.46979],[121.978462,10.47565],[121.979897,10.47223]]]]}},{"type":"Feature","properties":{"ID_0":177,"ISO":"PHL","NAME_0":"Philippines","ID_1":6006,"NAME_1":"Antique","ID_2":600607,"NAME_2":"Tobias Fornier (Dao)","ID_3":600607014,"NAME_3":"Cato-ogan","NL_NAME_3":null,"VARNAME_3":null,"TYPE_3":"Barangay","ENGTYPE_3":"Village","PROVINCE":"Antique","REGION":"Region VI (Western Visayas)","id":"barangay-0600607014","name":"Cato-ogan","barangayCode":"0600607014","population":null,"formattedPop":null,"densityCategory":"No data","vulnerabilityRating":"No data","healthRiskLevel":"No data","areaKm2":3.321095,"centerLat":10.49454,"centerLng":121.938106,"geometrySource":"all_barangay-2.csv detailed WKT","geometryMatchMethod":"psgc_coordinate_bridge","boundaryPointCount":24},"geometry":{"type":"MultiPolygon","coordinates":[[[[121.940407,10.50906],[121.944817,10.50998],[121.945747,10.50201],[121.94828,10.50103],[121.951447,10.49648],[121.953323,10.49508],[121.956978,10.48689],[121.950493,10.4826],[121.944946,10.4929],[121.940811,10.49638],[121.94265,10.50009],[121.942886,10.50116],[121.942436,10.50184],[121.941704,10.50291],[121.941399,10.50407],[121.941559,10.50503],[121.941788,10.50564],[121.941658,10.50599],[121.941353,10.50635],[121.94104,10.50697],[121.940773,10.50744],[121.940727,10.50784],[121.940559,10.50823],[121.940407,10.50906]]]]}},{"type":"Feature","properties":{"ID_0":177,"ISO":"PHL","NAME_0":"Philippines","ID_1":6006,"NAME_1":"Antique","ID_2":600607,"NAME_2":"Tobias Fornier (Dao)","ID_3":600607015,"NAME_3":"Danawan","NL_NAME_3":null,"VARNAME_3":null,"TYPE_3":"Barangay","ENGTYPE_3":"Village","PROVINCE":"Antique","REGION":"Region VI (Western Visayas)","id":"barangay-0600607015","name":"Danawan","barangayCode":"0600607015","population":null,"formattedPop":null,"densityCategory":"No data","vulnerabilityRating":"No data","healthRiskLevel":"No data","areaKm2":1.828069,"centerLat":10.485542,"centerLng":121.972524,"geometrySource":"all_barangay-2.csv detailed WKT","geometryMatchMethod":"psgc_coordinate_bridge","boundaryPointCount":9},"geometry":{"type":"MultiPolygon","coordinates":[[[[121.973167,10.48935],[121.975327,10.48343],[121.978462,10.47565],[121.965584,10.46979],[121.963287,10.47437],[121.957123,10.47275],[121.950493,10.4826],[121.956978,10.48689],[121.973167,10.48935]]]]}},{"type":"Feature","properties":{"ID_0":177,"ISO":"PHL","NAME_0":"Philippines","ID_1":6006,"NAME_1":"Antique","ID_2":600607,"NAME_2":"Tobias Fornier (Dao)","ID_3":600607016,"NAME_3":"Diclum","NL_NAME_3":null,"VARNAME_3":null,"TYPE_3":"Barangay","ENGTYPE_3":"Village","PROVINCE":"Antique","REGION":"Region VI (Western Visayas)","id":"barangay-0600607016","name":"Diclum","barangayCode":"0600607016","population":null,"formattedPop":null,"densityCategory":"No data","vulnerabilityRating":"No data","healthRiskLevel":"No data","areaKm2":0.688104,"centerLat":10.485425,"centerLng":121.926811,"geometrySource":"all_barangay-2.csv detailed WKT","geometryMatchMethod":"psgc_coordinate_bridge","boundaryPointCount":36},"geometry":{"type":"MultiPolygon","coordinates":[[[[121.937553,10.48683],[121.936836,10.48578],[121.935417,10.48478],[121.934341,10.48453],[121.932877,10.48435],[121.93177,10.48431],[121.930931,10.48371],[121.930199,10.48298],[121.930077,10.48269],[121.930107,10.48239],[121.929039,10.4829],[121.928497,10.48279],[121.928177,10.48223],[121.927521,10.48184],[121.926964,10.48204],[121.926682,10.48251],[121.925957,10.48255],[121.925507,10.48217],[121.924767,10.48157],[121.923714,10.48097],[121.923012,10.48091],[121.922783,10.48152],[121.922577,10.48238],[121.921883,10.48234],[121.921654,10.48223],[121.921753,10.48261],[121.921638,10.48309],[121.921463,10.48381],[121.921463,10.48423],[121.921661,10.48492],[121.92173,10.4854],[121.92173,10.48582],[121.921783,10.48599],[121.931122,10.48956],[121.93644,10.49065],[121.937553,10.48683]]]]}},{"type":"Feature","properties":{"ID_0":177,"ISO":"PHL","NAME_0":"Philippines","ID_1":6006,"NAME_1":"Antique","ID_2":600607,"NAME_2":"Tobias Fornier (Dao)","ID_3":600607017,"NAME_3":"Fatima","NL_NAME_3":null,"VARNAME_3":null,"TYPE_3":"Barangay","ENGTYPE_3":"Village","PROVINCE":"Antique","REGION":"Region VI (Western Visayas)","id":"barangay-0600607017","name":"Fatima","barangayCode":"0600607017","population":null,"formattedPop":null,"densityCategory":"No data","vulnerabilityRating":"No data","healthRiskLevel":"No data","areaKm2":3.352657,"centerLat":10.476785,"centerLng":121.930853,"geometrySource":"all_barangay-2.csv detailed WKT","geometryMatchMethod":"psgc_coordinate_bridge","boundaryPointCount":48},"geometry":{"type":"MultiPolygon","coordinates":[[[[121.937553,10.48683],[121.939568,10.48135],[121.940109,10.48107],[121.941109,10.48061],[121.9366,10.46837],[121.931877,10.47158],[121.92205,10.47708],[121.917236,10.47709],[121.917267,10.47717],[121.917557,10.47789],[121.917847,10.4785],[121.91803,10.47907],[121.918457,10.47935],[121.918983,10.4795],[121.919479,10.4797],[121.91996,10.4798],[121.920372,10.47998],[121.920731,10.4802],[121.920937,10.48056],[121.921043,10.48099],[121.921173,10.48141],[121.921402,10.48179],[121.921631,10.48218],[121.921654,10.48223],[121.921883,10.48234],[121.922577,10.48238],[121.922783,10.48152],[121.923012,10.48091],[121.923714,10.48097],[121.924767,10.48157],[121.925507,10.48217],[121.925957,10.48255],[121.926682,10.48251],[121.926964,10.48204],[121.927521,10.48184],[121.928177,10.48223],[121.928497,10.48279],[121.929039,10.4829],[121.930107,10.48239],[121.930077,10.48269],[121.930199,10.48298],[121.930931,10.48371],[121.93177,10.48431],[121.932877,10.48435],[121.934341,10.48453],[121.935417,10.48478],[121.936836,10.48578],[121.937553,10.48683]]]]}},{"type":"Feature","properties":{"ID_0":177,"ISO":"PHL","NAME_0":"Philippines","ID_1":6006,"NAME_1":"Antique","ID_2":600607,"NAME_2":"Tobias Fornier (Dao)","ID_3":600607018,"NAME_3":"Gamad","NL_NAME_3":null,"VARNAME_3":null,"TYPE_3":"Barangay","ENGTYPE_3":"Village","PROVINCE":"Antique","REGION":"Region VI (Western Visayas)","id":"barangay-0600607018","name":"Gamad","barangayCode":"0600607018","population":null,"formattedPop":null,"densityCategory":"No data","vulnerabilityRating":"No data","healthRiskLevel":"No data","areaKm2":1.995638,"centerLat":10.497047,"centerLng":121.993266,"geometrySource":"all_barangay-2.csv detailed WKT","geometryMatchMethod":"psgc_coordinate_bridge","boundaryPointCount":13},"geometry":{"type":"MultiPolygon","coordinates":[[[[121.991478,10.49949],[121.992561,10.49504],[122.000763,10.49321],[121.99897,10.48855],[121.991768,10.48981],[121.991699,10.49063],[121.990753,10.49128],[121.990341,10.49213],[121.989433,10.49302],[121.988541,10.49378],[121.987907,10.49467],[121.987213,10.4959],[121.991478,10.49949]]]]}},{"type":"Feature","properties":{"ID_0":177,"ISO":"PHL","NAME_0":"Philippines","ID_1":6006,"NAME_1":"Antique","ID_2":600607,"NAME_2":"Tobias Fornier (Dao)","ID_3":600607019,"NAME_3":"Igbalogo","NL_NAME_3":null,"VARNAME_3":null,"TYPE_3":"Barangay","ENGTYPE_3":"Village","PROVINCE":"Antique","REGION":"Region VI (Western Visayas)","id":"barangay-0600607019","name":"Igbalogo","barangayCode":"0600607019","population":null,"formattedPop":null,"densityCategory":"No data","vulnerabilityRating":"No data","healthRiskLevel":"No data","areaKm2":2.833526,"centerLat":10.514548,"centerLng":122.010794,"geometrySource":"all_barangay-2.csv detailed WKT","geometryMatchMethod":"psgc_coordinate_bridge","boundaryPointCount":12},"geometry":{"type":"MultiPolygon","coordinates":[[[[122.014557,10.51103],[122.015839,10.50191],[122.016891,10.50111],[122.017868,10.50036],[122.011124,10.49399],[122.000763,10.49321],[121.998169,10.49848],[121.996353,10.50118],[121.995308,10.50294],[121.994583,10.50346],[121.996437,10.50634],[122.014557,10.51103]]]]}},{"type":"Feature","properties":{"ID_0":177,"ISO":"PHL","NAME_0":"Philippines","ID_1":6006,"NAME_1":"Antique","ID_2":600607,"NAME_2":"Tobias Fornier (Dao)","ID_3":600607020,"NAME_3":"Igbangcal-A","NL_NAME_3":null,"VARNAME_3":null,"TYPE_3":"Barangay","ENGTYPE_3":"Village","PROVINCE":"Antique","REGION":"Region VI (Western Visayas)","id":"barangay-0600607020","name":"Igbangcal-A","barangayCode":"0600607020","population":null,"formattedPop":null,"densityCategory":"No data","vulnerabilityRating":"No data","healthRiskLevel":"No data","areaKm2":1.843752,"centerLat":10.473792,"centerLng":121.96281,"geometrySource":"all_barangay-2.csv detailed WKT","geometryMatchMethod":"psgc_coordinate_bridge","boundaryPointCount":14},"geometry":{"type":"MultiPolygon","coordinates":[[[[121.965584,10.46979],[121.967072,10.46724],[121.965424,10.46715],[121.964493,10.4665],[121.963577,10.46582],[121.962608,10.46538],[121.961708,10.46553],[121.960869,10.46605],[121.960281,10.46591],[121.959717,10.46642],[121.959091,10.46742],[121.957123,10.47275],[121.963287,10.47437],[121.965584,10.46979]]]]}},{"type":"Feature","properties":{"ID_0":177,"ISO":"PHL","NAME_0":"Philippines","ID_1":6006,"NAME_1":"Antique","ID_2":600607,"NAME_2":"Tobias Fornier (Dao)","ID_3":600607021,"NAME_3":"Igbangcal-B","NL_NAME_3":null,"VARNAME_3":null,"TYPE_3":"Barangay","ENGTYPE_3":"Village","PROVINCE":"Antique","REGION":"Region VI (Western Visayas)","id":"barangay-0600607021","name":"Igbangcal-B","barangayCode":"0600607021","population":null,"formattedPop":null,"densityCategory":"No data","vulnerabilityRating":"No data","healthRiskLevel":"No data","areaKm2":2.396077,"centerLat":10.481181,"centerLng":121.953614,"geometrySource":"all_barangay-2.csv detailed WKT","geometryMatchMethod":"psgc_coordinate_bridge","boundaryPointCount":38},"geometry":{"type":"MultiPolygon","coordinates":[[[[121.944946,10.4929],[121.950493,10.4826],[121.957123,10.47275],[121.959091,10.46742],[121.95813,10.46791],[121.95713,10.46846],[121.956161,10.4685],[121.95488,10.46838],[121.953667,10.46853],[121.952919,10.46837],[121.952713,10.46875],[121.952347,10.46992],[121.951714,10.47068],[121.951103,10.47118],[121.951248,10.47153],[121.950684,10.47217],[121.950218,10.4731],[121.949516,10.47329],[121.948837,10.47304],[121.947929,10.47369],[121.948174,10.47407],[121.947517,10.47443],[121.946732,10.47587],[121.946053,10.47601],[121.945831,10.47596],[121.945488,10.47659],[121.945259,10.47712],[121.94474,10.47764],[121.94458,10.47837],[121.943359,10.47921],[121.942688,10.48023],[121.942047,10.48052],[121.941109,10.48061],[121.940109,10.48107],[121.939568,10.48135],[121.937553,10.48683],[121.93644,10.49065],[121.944946,10.4929]]]]}},{"type":"Feature","properties":{"ID_0":177,"ISO":"PHL","NAME_0":"Philippines","ID_1":6006,"NAME_1":"Antique","ID_2":600607,"NAME_2":"Tobias Fornier (Dao)","ID_3":600607022,"NAME_3":"Igbangcal-C","NL_NAME_3":null,"VARNAME_3":null,"TYPE_3":"Barangay","ENGTYPE_3":"Village","PROVINCE":"Antique","REGION":"Region VI (Western Visayas)","id":"barangay-0600607022","name":"Igbangcal-C","barangayCode":"0600607022","population":null,"formattedPop":null,"densityCategory":"No data","vulnerabilityRating":"No data","healthRiskLevel":"No data","areaKm2":2.231367,"centerLat":10.470657,"centerLng":121.947813,"geometrySource":"all_barangay-2.csv detailed WKT","geometryMatchMethod":"psgc_coordinate_bridge","boundaryPointCount":79},"geometry":{"type":"MultiPolygon","coordinates":[[[[121.941109,10.48061],[121.942047,10.48052],[121.942688,10.48023],[121.943359,10.47921],[121.94458,10.47837],[121.94474,10.47764],[121.945259,10.47712],[121.945488,10.47659],[121.945831,10.47596],[121.946053,10.47601],[121.946732,10.47587],[121.947517,10.47443],[121.948174,10.47407],[121.947929,10.47369],[121.948837,10.47304],[121.949516,10.47329],[121.950218,10.4731],[121.950684,10.47217],[121.951248,10.47153],[121.951103,10.47118],[121.951714,10.47068],[121.952347,10.46992],[121.952713,10.46875],[121.952919,10.46837],[121.953667,10.46853],[121.95488,10.46838],[121.956161,10.4685],[121.95713,10.46846],[121.95813,10.46791],[121.959091,10.46742],[121.959717,10.46642],[121.960281,10.46591],[121.960869,10.46605],[121.961708,10.46553],[121.962608,10.46538],[121.963577,10.46582],[121.964493,10.4665],[121.965424,10.46715],[121.967072,10.46724],[121.967644,10.46744],[121.968109,10.46779],[121.968224,10.46802],[121.968788,10.46767],[121.969322,10.46729],[121.970177,10.46736],[121.970947,10.46705],[121.971626,10.46695],[121.972061,10.46653],[121.973602,10.46354],[121.972603,10.46314],[121.970802,10.46279],[121.968933,10.46202],[121.968422,10.46177],[121.966293,10.46155],[121.96479,10.46161],[121.963028,10.46199],[121.962181,10.46215],[121.960983,10.46285],[121.959839,10.46329],[121.958229,10.46359],[121.956444,10.4641],[121.954552,10.46463],[121.953217,10.46478],[121.952499,10.46464],[121.951607,10.46461],[121.949898,10.46461],[121.948463,10.4651],[121.946854,10.46554],[121.946243,10.46566],[121.945084,10.46527],[121.943741,10.46524],[121.942657,10.46609],[121.941948,10.46694],[121.940697,10.46675],[121.940163,10.46674],[121.939377,10.46726],[121.938362,10.46737],[121.9366,10.46837],[121.941109,10.48061]]]]}},{"type":"Feature","properties":{"ID_0":177,"ISO":"PHL","NAME_0":"Philippines","ID_1":6006,"NAME_1":"Antique","ID_2":600607,"NAME_2":"Tobias Fornier (Dao)","ID_3":600607023,"NAME_3":"Igcabuad","NL_NAME_3":null,"VARNAME_3":null,"TYPE_3":"Barangay","ENGTYPE_3":"Village","PROVINCE":"Antique","REGION":"Region VI (Western Visayas)","id":"barangay-0600607023","name":"Igcabuad","barangayCode":"0600607023","population":null,"formattedPop":null,"densityCategory":"No data","vulnerabilityRating":"No data","healthRiskLevel":"No data","areaKm2":1.83728,"centerLat":10.540521,"centerLng":121.98495,"geometrySource":"all_barangay-2.csv detailed WKT","geometryMatchMethod":"psgc_coordinate_bridge","boundaryPointCount":6},"geometry":{"type":"MultiPolygon","coordinates":[[[[122.000603,10.54156],[122.001732,10.53404],[121.994537,10.53293],[121.979584,10.53471],[121.983269,10.54132],[122.000603,10.54156]]]]}},{"type":"Feature","properties":{"ID_0":177,"ISO":"PHL","NAME_0":"Philippines","ID_1":6006,"NAME_1":"Antique","ID_2":600607,"NAME_2":"Tobias Fornier (Dao)","ID_3":600607024,"NAME_3":"Igcado","NL_NAME_3":null,"VARNAME_3":null,"TYPE_3":"Barangay","ENGTYPE_3":"Village","PROVINCE":"Antique","REGION":"Region VI (Western Visayas)","id":"barangay-0600607024","name":"Igcado","barangayCode":"0600607024","population":null,"formattedPop":null,"densityCategory":"No data","vulnerabilityRating":"No data","healthRiskLevel":"No data","areaKm2":2.847886,"centerLat":10.494918,"centerLng":122.006698,"geometrySource":"barangays.geojson simplified fallback","geometryMatchMethod":"simplified_fallback","boundaryPointCount":5},"geometry":{"type":"Polygon","coordinates":[[[122.01449583400006,10.505692846000045],[122.01246001400011,10.485381608000068],[121.99789893000002,10.488465550000058],[122.00036522500011,10.502454068000077],[122.01449583400006,10.505692846000045]]]}},{"type":"Feature","properties":{"ID_0":177,"ISO":"PHL","NAME_0":"Philippines","ID_1":6006,"NAME_1":"Antique","ID_2":600607,"NAME_2":"Tobias Fornier (Dao)","ID_3":600607025,"NAME_3":"Igcalawagan","NL_NAME_3":null,"VARNAME_3":null,"TYPE_3":"Barangay","ENGTYPE_3":"Village","PROVINCE":"Antique","REGION":"Region VI (Western Visayas)","id":"barangay-0600607025","name":"Igcalawagan","barangayCode":"0600607025","population":null,"formattedPop":null,"densityCategory":"No data","vulnerabilityRating":"No data","healthRiskLevel":"No data","areaKm2":2.241946,"centerLat":10.518005,"centerLng":122.000341,"geometrySource":"all_barangay-2.csv detailed WKT","geometryMatchMethod":"psgc_coordinate_bridge","boundaryPointCount":31},"geometry":{"type":"MultiPolygon","coordinates":[[[[122.016418,10.52624],[122.016281,10.51756],[122.014557,10.51103],[121.994713,10.51625],[121.994652,10.51698],[121.994698,10.5171],[121.99456,10.51776],[121.994186,10.51824],[121.993958,10.51834],[121.994164,10.51873],[121.994049,10.51931],[121.994278,10.51981],[121.994766,10.51985],[121.995399,10.51993],[121.996071,10.52026],[121.996986,10.52011],[121.997391,10.52021],[121.997879,10.52082],[121.998131,10.52133],[121.99884,10.52161],[121.999313,10.52184],[121.99894,10.52197],[121.998802,10.52232],[121.999168,10.52271],[121.999832,10.52286],[121.999924,10.52331],[121.99939,10.52378],[121.999832,10.52469],[122.00058,10.52467],[122.000076,10.52555],[122.016418,10.52624]]]]}},{"type":"Feature","properties":{"ID_0":177,"ISO":"PHL","NAME_0":"Philippines","ID_1":6006,"NAME_1":"Antique","ID_2":600607,"NAME_2":"Tobias Fornier (Dao)","ID_3":600607026,"NAME_3":"Igcapuyas","NL_NAME_3":null,"VARNAME_3":null,"TYPE_3":"Barangay","ENGTYPE_3":"Village","PROVINCE":"Antique","REGION":"Region VI (Western Visayas)","id":"barangay-0600607026","name":"Igcapuyas","barangayCode":"0600607026","population":null,"formattedPop":null,"densityCategory":"No data","vulnerabilityRating":"No data","healthRiskLevel":"No data","areaKm2":1.24613,"centerLat":10.516062,"centerLng":121.991305,"geometrySource":"all_barangay-2.csv detailed WKT","geometryMatchMethod":"psgc_coordinate_bridge","boundaryPointCount":20},"geometry":{"type":"MultiPolygon","coordinates":[[[[121.989601,10.51914],[121.990219,10.51868],[121.990753,10.51818],[121.991982,10.51748],[121.992668,10.5174],[121.993439,10.51727],[121.99366,10.5171],[121.99382,10.51686],[121.994003,10.51649],[121.994209,10.51621],[121.994713,10.51625],[122.014557,10.51103],[121.996437,10.50634],[121.994583,10.50346],[121.991478,10.49949],[121.98555,10.50857],[121.980827,10.51886],[121.988297,10.51974],[121.988792,10.51948],[121.989601,10.51914]]]]}},{"type":"Feature","properties":{"ID_0":177,"ISO":"PHL","NAME_0":"Philippines","ID_1":6006,"NAME_1":"Antique","ID_2":600607,"NAME_2":"Tobias Fornier (Dao)","ID_3":600607027,"NAME_3":"Igcasicad","NL_NAME_3":null,"VARNAME_3":null,"TYPE_3":"Barangay","ENGTYPE_3":"Village","PROVINCE":"Antique","REGION":"Region VI (Western Visayas)","id":"barangay-0600607027","name":"Igcasicad","barangayCode":"0600607027","population":null,"formattedPop":null,"densityCategory":"No data","vulnerabilityRating":"No data","healthRiskLevel":"No data","areaKm2":0.945324,"centerLat":10.507033,"centerLng":121.978425,"geometrySource":"all_barangay-2.csv detailed WKT","geometryMatchMethod":"psgc_coordinate_bridge","boundaryPointCount":19},"geometry":{"type":"MultiPolygon","coordinates":[[[[121.991478,10.49949],[121.987213,10.4959],[121.987099,10.49641],[121.987091,10.49661],[121.986931,10.4969],[121.9869,10.49717],[121.986794,10.49737],[121.986748,10.49748],[121.986023,10.4983],[121.985184,10.49952],[121.984512,10.49997],[121.983398,10.50015],[121.98304,10.50009],[121.982239,10.49985],[121.981453,10.49952],[121.980614,10.49917],[121.980057,10.49936],[121.98555,10.50857],[121.991478,10.49949]]]]}},{"type":"Feature","properties":{"ID_0":177,"ISO":"PHL","NAME_0":"Philippines","ID_1":6006,"NAME_1":"Antique","ID_2":600607,"NAME_2":"Tobias Fornier (Dao)","ID_3":600607028,"NAME_3":"Igdalaguit","NL_NAME_3":null,"VARNAME_3":null,"TYPE_3":"Barangay","ENGTYPE_3":"Village","PROVINCE":"Antique","REGION":"Region VI (Western Visayas)","id":"barangay-0600607028","name":"Igdalaguit","barangayCode":"0600607028","population":null,"formattedPop":null,"densityCategory":"No data","vulnerabilityRating":"No data","healthRiskLevel":"No data","areaKm2":1.767372,"centerLat":10.49474,"centerLng":121.925344,"geometrySource":"all_barangay-2.csv detailed WKT","geometryMatchMethod":"psgc_coordinate_bridge","boundaryPointCount":21},"geometry":{"type":"MultiPolygon","coordinates":[[[[121.944946,10.4929],[121.93644,10.49065],[121.931122,10.48956],[121.921783,10.48599],[121.921799,10.48609],[121.921852,10.48701],[121.921867,10.48755],[121.921753,10.48813],[121.921677,10.48875],[121.921463,10.4892],[121.921227,10.48957],[121.921112,10.48995],[121.921013,10.4903],[121.920807,10.49056],[121.92057,10.49079],[121.920319,10.49101],[121.920082,10.49123],[121.920029,10.49128],[121.94265,10.50009],[121.940811,10.49638],[121.944946,10.4929]]]]}},{"type":"Feature","properties":{"ID_0":177,"ISO":"PHL","NAME_0":"Philippines","ID_1":6006,"NAME_1":"Antique","ID_2":600607,"NAME_2":"Tobias Fornier (Dao)","ID_3":600607029,"NAME_3":"Igdanlog","NL_NAME_3":null,"VARNAME_3":null,"TYPE_3":"Barangay","ENGTYPE_3":"Village","PROVINCE":"Antique","REGION":"Region VI (Western Visayas)","id":"barangay-0600607029","name":"Igdanlog","barangayCode":"0600607029","population":null,"formattedPop":null,"densityCategory":"No data","vulnerabilityRating":"No data","healthRiskLevel":"No data","areaKm2":1.661969,"centerLat":10.574822,"centerLng":121.972337,"geometrySource":"all_barangay-2.csv detailed WKT","geometryMatchMethod":"psgc_coordinate_bridge","boundaryPointCount":23},"geometry":{"type":"MultiPolygon","coordinates":[[[[121.981323,10.57708],[121.980659,10.57319],[121.980362,10.57099],[121.963608,10.57028],[121.96373,10.57067],[121.963867,10.57143],[121.963921,10.57182],[121.964043,10.57231],[121.964157,10.57286],[121.964272,10.57341],[121.964417,10.57392],[121.964447,10.57444],[121.96447,10.57495],[121.964577,10.57541],[121.964706,10.57582],[121.964752,10.57622],[121.964859,10.57656],[121.964943,10.57693],[121.964981,10.57733],[121.964996,10.57778],[121.964996,10.57785],[121.965271,10.57783],[121.981323,10.57708]]]]}},{"type":"Feature","properties":{"ID_0":177,"ISO":"PHL","NAME_0":"Philippines","ID_1":6006,"NAME_1":"Antique","ID_2":600607,"NAME_2":"Tobias Fornier (Dao)","ID_3":600607030,"NAME_3":"Igdurarog","NL_NAME_3":null,"VARNAME_3":null,"TYPE_3":"Barangay","ENGTYPE_3":"Village","PROVINCE":"Antique","REGION":"Region VI (Western Visayas)","id":"barangay-0600607030","name":"Igdurarog","barangayCode":"0600607030","population":null,"formattedPop":null,"densityCategory":"No data","vulnerabilityRating":"No data","healthRiskLevel":"No data","areaKm2":1.405016,"centerLat":10.505994,"centerLng":121.994834,"geometrySource":"all_barangay-2.csv detailed WKT","geometryMatchMethod":"psgc_coordinate_bridge","boundaryPointCount":8},"geometry":{"type":"MultiPolygon","coordinates":[[[[121.994583,10.50346],[121.995308,10.50294],[121.996353,10.50118],[121.998169,10.49848],[122.000763,10.49321],[121.992561,10.49504],[121.991478,10.49949],[121.994583,10.50346]]]]}},{"type":"Feature","properties":{"ID_0":177,"ISO":"PHL","NAME_0":"Philippines","ID_1":6006,"NAME_1":"Antique","ID_2":600607,"NAME_2":"Tobias Fornier (Dao)","ID_3":600607031,"NAME_3":"Igtugas","NL_NAME_3":null,"VARNAME_3":null,"TYPE_3":"Barangay","ENGTYPE_3":"Village","PROVINCE":"Antique","REGION":"Region VI (Western Visayas)","id":"barangay-0600607031","name":"Igtugas","barangayCode":"0600607031","population":null,"formattedPop":null,"densityCategory":"No data","vulnerabilityRating":"No data","healthRiskLevel":"No data","areaKm2":4.402586,"centerLat":10.548819,"centerLng":122.001694,"geometrySource":"all_barangay-2.csv detailed WKT","geometryMatchMethod":"psgc_coordinate_bridge","boundaryPointCount":28},"geometry":{"type":"MultiPolygon","coordinates":[[[[121.985817,10.55543],[121.994057,10.54792],[121.997231,10.54989],[121.998154,10.55613],[122.013519,10.5535],[122.01384,10.55317],[122.014526,10.55272],[122.014732,10.55243],[122.015587,10.55213],[122.016167,10.55188],[122.016762,10.5516],[122.017433,10.55136],[122.017471,10.55085],[122.017387,10.55051],[122.017632,10.54992],[122.01828,10.55018],[122.018669,10.54966],[122.018288,10.54782],[122.018227,10.54686],[122.018173,10.5457],[122.017967,10.54487],[122.017677,10.54459],[122.017563,10.54394],[122.000603,10.54156],[121.983269,10.54132],[121.984009,10.55474],[121.984428,10.55479],[121.985817,10.55543]]]]}},{"type":"Feature","properties":{"ID_0":177,"ISO":"PHL","NAME_0":"Philippines","ID_1":6006,"NAME_1":"Antique","ID_2":600607,"NAME_2":"Tobias Fornier (Dao)","ID_3":600607032,"NAME_3":"Lawigan","NL_NAME_3":null,"VARNAME_3":null,"TYPE_3":"Barangay","ENGTYPE_3":"Village","PROVINCE":"Antique","REGION":"Region VI (Western Visayas)","id":"barangay-0600607032","name":"Lawigan","barangayCode":"0600607032","population":null,"formattedPop":null,"densityCategory":"No data","vulnerabilityRating":"No data","healthRiskLevel":"No data","areaKm2":3.880172,"centerLat":10.565358,"centerLng":121.992098,"geometrySource":"all_barangay-2.csv detailed WKT","geometryMatchMethod":"psgc_coordinate_bridge","boundaryPointCount":12},"geometry":{"type":"MultiPolygon","coordinates":[[[[122.005028,10.57166],[122.004173,10.56788],[121.998909,10.56195],[121.998154,10.55613],[121.997231,10.54989],[121.994057,10.54792],[121.985817,10.55543],[121.983337,10.56307],[121.980362,10.57099],[121.980659,10.57319],[121.991371,10.57403],[122.005028,10.57166]]]]}},{"type":"Feature","properties":{"ID_0":177,"ISO":"PHL","NAME_0":"Philippines","ID_1":6006,"NAME_1":"Antique","ID_2":600607,"NAME_2":"Tobias Fornier (Dao)","ID_3":600607033,"NAME_3":"Manaling","NL_NAME_3":null,"VARNAME_3":null,"TYPE_3":"Barangay","ENGTYPE_3":"Village","PROVINCE":"Antique","REGION":"Region VI (Western Visayas)","id":"barangay-0600607033","name":"Manaling","barangayCode":"0600607033","population":null,"formattedPop":null,"densityCategory":"No data","vulnerabilityRating":"No data","healthRiskLevel":"No data","areaKm2":2.923381,"centerLat":10.562495,"centerLng":122.007695,"geometrySource":"all_barangay-2.csv detailed WKT","geometryMatchMethod":"psgc_coordinate_bridge","boundaryPointCount":17},"geometry":{"type":"MultiPolygon","coordinates":[[[[122.012497,10.56605],[122.012268,10.56593],[122.012451,10.56497],[122.012657,10.56408],[122.013702,10.56205],[122.014267,10.56027],[122.01403,10.55806],[122.013603,10.55657],[122.013496,10.55532],[122.013321,10.55437],[122.013443,10.55405],[122.013519,10.5535],[121.998154,10.55613],[121.998909,10.56195],[122.004173,10.56788],[122.006287,10.5676],[122.012497,10.56605]]]]}},{"type":"Feature","properties":{"ID_0":177,"ISO":"PHL","NAME_0":"Philippines","ID_1":6006,"NAME_1":"Antique","ID_2":600607,"NAME_2":"Tobias Fornier (Dao)","ID_3":600607034,"NAME_3":"Masayo","NL_NAME_3":null,"VARNAME_3":null,"TYPE_3":"Barangay","ENGTYPE_3":"Village","PROVINCE":"Antique","REGION":"Region VI (Western Visayas)","id":"barangay-0600607034","name":"Masayo","barangayCode":"0600607034","population":null,"formattedPop":null,"densityCategory":"No data","vulnerabilityRating":"No data","healthRiskLevel":"No data","areaKm2":2.926798,"centerLat":10.555078,"centerLng":121.970975,"geometrySource":"all_barangay-2.csv detailed WKT","geometryMatchMethod":"psgc_coordinate_bridge","boundaryPointCount":147},"geometry":{"type":"MultiPolygon","coordinates":[[[[121.983337,10.56307],[121.985817,10.55543],[121.984428,10.55479],[121.984009,10.55474],[121.983521,10.55466],[121.982468,10.55493],[121.981552,10.55488],[121.980362,10.5544],[121.979149,10.5539],[121.978104,10.55346],[121.977348,10.55282],[121.977081,10.55277],[121.975983,10.55283],[121.975121,10.55304],[121.974419,10.55295],[121.973679,10.55253],[121.972969,10.55173],[121.971718,10.55164],[121.970917,10.55096],[121.96994,10.55087],[121.9692,10.55044],[121.967918,10.55059],[121.967308,10.55035],[121.966881,10.54943],[121.965736,10.54949],[121.965286,10.54944],[121.964699,10.54961],[121.964333,10.54945],[121.96312,10.54932],[121.961723,10.54902],[121.961166,10.5481],[121.961082,10.5472],[121.960991,10.54666],[121.96067,10.54648],[121.960136,10.54634],[121.959747,10.54626],[121.959511,10.54614],[121.959106,10.54584],[121.958344,10.54528],[121.957733,10.54506],[121.956993,10.5446],[121.956818,10.54425],[121.956589,10.54367],[121.956413,10.54349],[121.956337,10.54345],[121.956146,10.54327],[121.955788,10.54314],[121.955551,10.54321],[121.955383,10.5435],[121.9552,10.54357],[121.954857,10.5433],[121.954697,10.54303],[121.954483,10.54267],[121.954239,10.5428],[121.954147,10.54285],[121.954262,10.54339],[121.954536,10.54394],[121.954964,10.54442],[121.954964,10.54498],[121.95517,10.54554],[121.955368,10.54592],[121.955742,10.54652],[121.956161,10.54715],[121.956299,10.54784],[121.956367,10.54793],[121.956787,10.54853],[121.957069,10.54908],[121.957138,10.54957],[121.957336,10.55015],[121.957832,10.55056],[121.958183,10.55125],[121.958183,10.55194],[121.958191,10.552],[121.958252,10.5525],[121.958344,10.55309],[121.958572,10.55354],[121.95874,10.55402],[121.958862,10.55448],[121.958893,10.55502],[121.95919,10.55601],[121.959267,10.55615],[121.959396,10.55657],[121.959473,10.55705],[121.959534,10.55718],[121.959976,10.55719],[121.960243,10.557],[121.960533,10.55674],[121.960487,10.5564],[121.96048,10.55606],[121.960938,10.55593],[121.961273,10.55583],[121.961594,10.55582],[121.962051,10.55579],[121.961998,10.55557],[121.961693,10.55532],[121.961647,10.55504],[121.962196,10.55511],[121.962486,10.55468],[121.962646,10.55444],[121.962769,10.55445],[121.962997,10.55465],[121.963112,10.55506],[121.963417,10.55503],[121.963623,10.5553],[121.963768,10.55582],[121.964279,10.55581],[121.964638,10.5559],[121.965263,10.55615],[121.965889,10.55632],[121.966362,10.55618],[121.967003,10.55614],[121.967484,10.55587],[121.967812,10.55577],[121.96833,10.55575],[121.968773,10.55619],[121.968987,10.55674],[121.970154,10.55699],[121.970673,10.55714],[121.971252,10.55753],[121.97139,10.55823],[121.971298,10.5589],[121.971367,10.55927],[121.97187,10.55952],[121.972473,10.55947],[121.97316,10.55946],[121.973686,10.55957],[121.973961,10.56025],[121.973961,10.56071],[121.973839,10.56123],[121.974617,10.56192],[121.974876,10.56183],[121.975456,10.56202],[121.975616,10.56265],[121.976013,10.56331],[121.976463,10.56349],[121.977058,10.5636],[121.977608,10.56368],[121.978661,10.56385],[121.978859,10.56388],[121.979218,10.5639],[121.979713,10.56341],[121.97998,10.56304],[121.980614,10.56272],[121.981583,10.56254],[121.982269,10.56301],[121.982742,10.56305],[121.983337,10.56307]]]]}},{"type":"Feature","properties":{"ID_0":177,"ISO":"PHL","NAME_0":"Philippines","ID_1":6006,"NAME_1":"Antique","ID_2":600607,"NAME_2":"Tobias Fornier (Dao)","ID_3":600607035,"NAME_3":"Nagsubuan","NL_NAME_3":null,"VARNAME_3":null,"TYPE_3":"Barangay","ENGTYPE_3":"Village","PROVINCE":"Antique","REGION":"Region VI (Western Visayas)","id":"barangay-0600607035","name":"Nagsubuan","barangayCode":"0600607035","population":null,"formattedPop":null,"densityCategory":"No data","vulnerabilityRating":"No data","healthRiskLevel":"No data","areaKm2":2.863079,"centerLat":10.528547,"centerLng":122.000335,"geometrySource":"all_barangay-2.csv detailed WKT","geometryMatchMethod":"psgc_coordinate_bridge","boundaryPointCount":6},"geometry":{"type":"MultiPolygon","coordinates":[[[[122.016724,10.53307],[122.016418,10.52624],[122.000076,10.52555],[121.996788,10.5308],[122.002098,10.5313],[122.016724,10.53307]]]]}},{"type":"Feature","properties":{"ID_0":177,"ISO":"PHL","NAME_0":"Philippines","ID_1":6006,"NAME_1":"Antique","ID_2":600607,"NAME_2":"Tobias Fornier (Dao)","ID_3":600607036,"NAME_3":"Paciencia","NL_NAME_3":null,"VARNAME_3":null,"TYPE_3":"Barangay","ENGTYPE_3":"Village","PROVINCE":"Antique","REGION":"Region VI (Western Visayas)","id":"barangay-0600607036","name":"Paciencia","barangayCode":"0600607036","population":null,"formattedPop":null,"densityCategory":"No data","vulnerabilityRating":"No data","healthRiskLevel":"No data","areaKm2":2.046556,"centerLat":10.50689,"centerLng":121.929777,"geometrySource":"all_barangay-2.csv detailed WKT","geometryMatchMethod":"psgc_coordinate_bridge","boundaryPointCount":117},"geometry":{"type":"MultiPolygon","coordinates":[[[[121.938171,10.51255],[121.938408,10.51224],[121.938957,10.51191],[121.940117,10.51178],[121.940964,10.5114],[121.940987,10.51017],[121.940598,10.50975],[121.940407,10.50906],[121.940559,10.50823],[121.940727,10.50784],[121.940773,10.50744],[121.94104,10.50697],[121.941353,10.50635],[121.941658,10.50599],[121.941788,10.50564],[121.941559,10.50503],[121.941399,10.50407],[121.941704,10.50291],[121.942436,10.50184],[121.942886,10.50116],[121.94265,10.50009],[121.920029,10.49128],[121.919853,10.49147],[121.919594,10.49173],[121.919319,10.49201],[121.91906,10.49234],[121.918854,10.49267],[121.918617,10.49294],[121.918449,10.49323],[121.918358,10.4936],[121.918404,10.49402],[121.918343,10.49445],[121.918266,10.49564],[121.918266,10.49681],[121.918343,10.49743],[121.918488,10.49889],[121.918488,10.49978],[121.918091,10.50053],[121.91787,10.50089],[121.917641,10.50125],[121.917381,10.50158],[121.917213,10.50173],[121.917084,10.50185],[121.91713,10.50188],[121.917221,10.50194],[121.917091,10.50194],[121.916946,10.50194],[121.915833,10.50278],[121.91555,10.50347],[121.914169,10.50444],[121.914169,10.50472],[121.914436,10.50493],[121.914848,10.50488],[121.914932,10.50486],[121.915558,10.50472],[121.915833,10.50458],[121.916473,10.50422],[121.916801,10.50403],[121.917152,10.50396],[121.917572,10.50396],[121.918404,10.50423],[121.919724,10.50528],[121.920067,10.50542],[121.92028,10.50528],[121.920563,10.50528],[121.921532,10.50486],[121.921768,10.50472],[121.922089,10.50451],[121.922501,10.50444],[121.923401,10.50472],[121.923607,10.505],[121.923889,10.50528],[121.923889,10.50556],[121.924156,10.50583],[121.924156,10.50611],[121.924454,10.50639],[121.924454,10.50667],[121.925003,10.50722],[121.925003,10.5075],[121.924721,10.50778],[121.924156,10.50778],[121.924026,10.50792],[121.923889,10.50806],[121.924377,10.50855],[121.924454,10.50861],[121.924721,10.50861],[121.925003,10.50854],[121.925278,10.50861],[121.925552,10.50861],[121.926453,10.50965],[121.926521,10.50973],[121.928337,10.51111],[121.928886,10.51167],[121.928886,10.51194],[121.929443,10.5125],[121.93,10.5125],[121.930481,10.51272],[121.930931,10.51291],[121.931557,10.5134],[121.931664,10.51334],[121.932259,10.5138],[121.932693,10.51367],[121.932854,10.51369],[121.933128,10.51321],[121.933006,10.5125],[121.932899,10.51185],[121.933083,10.51159],[121.933281,10.51151],[121.933937,10.51192],[121.934464,10.51201],[121.934914,10.51219],[121.935364,10.51258],[121.935989,10.51274],[121.936394,10.51243],[121.936974,10.51231],[121.937439,10.51255],[121.938171,10.51255]]]]}},{"type":"Feature","properties":{"ID_0":177,"ISO":"PHL","NAME_0":"Philippines","ID_1":6006,"NAME_1":"Antique","ID_2":600607,"NAME_2":"Tobias Fornier (Dao)","ID_3":600607037,"NAME_3":"Poblacion Norte","NL_NAME_3":null,"VARNAME_3":null,"TYPE_3":"Barangay","ENGTYPE_3":"Village","PROVINCE":"Antique","REGION":"Region VI (Western Visayas)","id":"barangay-0600607037","name":"Poblacion Norte","barangayCode":"0600607037","population":null,"formattedPop":null,"densityCategory":"No data","vulnerabilityRating":"No data","healthRiskLevel":"No data","areaKm2":1.434746,"centerLat":10.518329,"centerLng":121.942928,"geometrySource":"all_barangay-2.csv detailed WKT","geometryMatchMethod":"psgc_coordinate_bridge","boundaryPointCount":76},"geometry":{"type":"MultiPolygon","coordinates":[[[[121.944908,10.51983],[121.945068,10.51927],[121.945236,10.51918],[121.945793,10.51904],[121.946251,10.5184],[121.946182,10.51805],[121.946404,10.5175],[121.946793,10.51701],[121.947067,10.51694],[121.94767,10.5159],[121.948051,10.51471],[121.948288,10.51401],[121.941566,10.51347],[121.938171,10.51255],[121.937439,10.51255],[121.936974,10.51231],[121.936394,10.51243],[121.935989,10.51274],[121.935364,10.51258],[121.934914,10.51219],[121.934464,10.51201],[121.933937,10.51192],[121.933281,10.51151],[121.933083,10.51159],[121.932899,10.51185],[121.933006,10.5125],[121.933128,10.51321],[121.932854,10.51369],[121.932693,10.51367],[121.932259,10.5138],[121.931664,10.51334],[121.931557,10.5134],[121.931686,10.51395],[121.932037,10.5145],[121.932541,10.51508],[121.933167,10.51536],[121.933243,10.5155],[121.933723,10.51605],[121.934563,10.51633],[121.934837,10.51667],[121.935188,10.51715],[121.935608,10.51791],[121.93631,10.51847],[121.936722,10.51888],[121.937347,10.51937],[121.937767,10.51978],[121.938332,10.5204],[121.938904,10.52111],[121.939171,10.52135],[121.939453,10.52163],[121.939713,10.52195],[121.939972,10.52231],[121.940224,10.52268],[121.940552,10.52301],[121.940887,10.52335],[121.941208,10.52373],[121.941429,10.52404],[121.941513,10.52397],[121.941719,10.52389],[121.941849,10.5239],[121.94191,10.52378],[121.941933,10.52359],[121.941963,10.52311],[121.942299,10.523],[121.942802,10.52311],[121.943123,10.52279],[121.943092,10.5221],[121.942657,10.52167],[121.941994,10.52099],[121.941849,10.52056],[121.942131,10.51925],[121.942574,10.51907],[121.943077,10.51936],[121.943619,10.5198],[121.944237,10.51987],[121.944908,10.51983]]]]}},{"type":"Feature","properties":{"ID_0":177,"ISO":"PHL","NAME_0":"Philippines","ID_1":6006,"NAME_1":"Antique","ID_2":600607,"NAME_2":"Tobias Fornier (Dao)","ID_3":600607038,"NAME_3":"Poblacion Sur","NL_NAME_3":null,"VARNAME_3":null,"TYPE_3":"Barangay","ENGTYPE_3":"Village","PROVINCE":"Antique","REGION":"Region VI (Western Visayas)","id":"barangay-0600607038","name":"Poblacion Sur","barangayCode":"0600607038","population":null,"formattedPop":null,"densityCategory":"No data","vulnerabilityRating":"No data","healthRiskLevel":"No data","areaKm2":0.710216,"centerLat":10.51168,"centerLng":121.944237,"geometrySource":"all_barangay-2.csv detailed WKT","geometryMatchMethod":"psgc_coordinate_bridge","boundaryPointCount":15},"geometry":{"type":"MultiPolygon","coordinates":[[[[121.948288,10.51401],[121.948463,10.51351],[121.948723,10.51223],[121.948822,10.5113],[121.944817,10.50998],[121.940407,10.50906],[121.940598,10.50975],[121.940987,10.51017],[121.940964,10.5114],[121.940117,10.51178],[121.938957,10.51191],[121.938408,10.51224],[121.938171,10.51255],[121.941566,10.51347],[121.948288,10.51401]]]]}},{"type":"Feature","properties":{"ID_0":177,"ISO":"PHL","NAME_0":"Philippines","ID_1":6006,"NAME_1":"Antique","ID_2":600607,"NAME_2":"Tobias Fornier (Dao)","ID_3":600607039,"NAME_3":"Portillo","NL_NAME_3":null,"VARNAME_3":null,"TYPE_3":"Barangay","ENGTYPE_3":"Village","PROVINCE":"Antique","REGION":"Region VI (Western Visayas)","id":"barangay-0600607039","name":"Portillo","barangayCode":"0600607039","population":null,"formattedPop":null,"densityCategory":"No data","vulnerabilityRating":"No data","healthRiskLevel":"No data","areaKm2":4.326233,"centerLat":10.5803,"centerLng":121.996537,"geometrySource":"all_barangay-2.csv detailed WKT","geometryMatchMethod":"psgc_coordinate_bridge","boundaryPointCount":17},"geometry":{"type":"MultiPolygon","coordinates":[[[[121.994591,10.58538],[122.006088,10.57598],[122.005028,10.57166],[121.991371,10.57403],[121.980659,10.57319],[121.981323,10.57708],[121.985138,10.58522],[121.985687,10.58535],[121.986832,10.5854],[121.988167,10.5855],[121.989281,10.58517],[121.990479,10.58517],[121.991783,10.58598],[121.992142,10.58618],[121.993179,10.58609],[121.994034,10.58581],[121.994591,10.58538]]]]}},{"type":"Feature","properties":{"ID_0":177,"ISO":"PHL","NAME_0":"Philippines","ID_1":6006,"NAME_1":"Antique","ID_2":600607,"NAME_2":"Tobias Fornier (Dao)","ID_3":600607040,"NAME_3":"Quezon","NL_NAME_3":null,"VARNAME_3":null,"TYPE_3":"Barangay","ENGTYPE_3":"Village","PROVINCE":"Antique","REGION":"Region VI (Western Visayas)","id":"barangay-0600607040","name":"Quezon","barangayCode":"0600607040","population":null,"formattedPop":null,"densityCategory":"No data","vulnerabilityRating":"No data","healthRiskLevel":"No data","areaKm2":1.792386,"centerLat":10.560709,"centerLng":122.017531,"geometrySource":"all_barangay-2.csv detailed WKT","geometryMatchMethod":"psgc_coordinate_bridge","boundaryPointCount":35},"geometry":{"type":"MultiPolygon","coordinates":[[[[122.021652,10.56395],[122.022789,10.56202],[122.02285,10.56031],[122.022339,10.5593],[122.022148,10.55774],[122.02227,10.55671],[122.021393,10.55594],[122.020317,10.55546],[122.019753,10.5546],[122.01963,10.55424],[122.019058,10.55254],[122.017471,10.55085],[122.017433,10.55136],[122.016762,10.5516],[122.016167,10.55188],[122.015587,10.55213],[122.014732,10.55243],[122.014526,10.55272],[122.01384,10.55317],[122.013519,10.5535],[122.013443,10.55405],[122.013321,10.55437],[122.013496,10.55532],[122.013603,10.55657],[122.01403,10.55806],[122.014267,10.56027],[122.013702,10.56205],[122.012657,10.56408],[122.012451,10.56497],[122.012268,10.56593],[122.012497,10.56605],[122.017197,10.56639],[122.01886,10.56508],[122.019447,10.56372],[122.021652,10.56395]]]]}},{"type":"Feature","properties":{"ID_0":177,"ISO":"PHL","NAME_0":"Philippines","ID_1":6006,"NAME_1":"Antique","ID_2":600607,"NAME_2":"Tobias Fornier (Dao)","ID_3":600607041,"NAME_3":"Opsan","NL_NAME_3":null,"VARNAME_3":null,"TYPE_3":"Barangay","ENGTYPE_3":"Village","PROVINCE":"Antique","REGION":"Region VI (Western Visayas)","id":"barangay-0600607041","name":"Opsan","barangayCode":"0600607041","population":null,"formattedPop":null,"densityCategory":"No data","vulnerabilityRating":"No data","healthRiskLevel":"No data","areaKm2":3.672,"centerLat":10.516464,"centerLng":121.961312,"geometrySource":"all_barangay-2.csv detailed WKT","geometryMatchMethod":"psgc_coordinate_bridge","boundaryPointCount":8},"geometry":{"type":"MultiPolygon","coordinates":[[[[121.978767,10.52436],[121.978401,10.52417],[121.980827,10.51886],[121.973747,10.51759],[121.956673,10.52112],[121.958183,10.52619],[121.965088,10.52653],[121.978767,10.52436]]]]}},{"type":"Feature","properties":{"ID_0":177,"ISO":"PHL","NAME_0":"Philippines","ID_1":6006,"NAME_1":"Antique","ID_2":600607,"NAME_2":"Tobias Fornier (Dao)","ID_3":600607042,"NAME_3":"Nasuli-A","NL_NAME_3":null,"VARNAME_3":null,"TYPE_3":"Barangay","ENGTYPE_3":"Village","PROVINCE":"Antique","REGION":"Region VI (Western Visayas)","id":"barangay-0600607042","name":"Nasuli-A","barangayCode":"0600607042","population":null,"formattedPop":null,"densityCategory":"No data","vulnerabilityRating":"No data","healthRiskLevel":"No data","areaKm2":6.372389,"centerLat":10.475296,"centerLng":121.990812,"geometrySource":"all_barangay-2.csv detailed WKT","geometryMatchMethod":"psgc_coordinate_bridge","boundaryPointCount":20},"geometry":{"type":"MultiPolygon","coordinates":[[[[121.99897,10.48855],[122.001068,10.4754],[121.999023,10.47548],[121.997368,10.47588],[121.995956,10.47647],[121.99453,10.47713],[121.99292,10.47738],[121.990601,10.47789],[121.988701,10.47783],[121.987587,10.47761],[121.985817,10.4772],[121.98452,10.47672],[121.983162,10.47599],[121.983147,10.47325],[121.980621,10.47317],[121.979897,10.47223],[121.978462,10.47565],[121.975327,10.48343],[121.991768,10.48981],[121.99897,10.48855]]]]}},{"type":"Feature","properties":{"ID_0":177,"ISO":"PHL","NAME_0":"Philippines","ID_1":6006,"NAME_1":"Antique","ID_2":600607,"NAME_2":"Tobias Fornier (Dao)","ID_3":600607043,"NAME_3":"Samalague","NL_NAME_3":null,"VARNAME_3":null,"TYPE_3":"Barangay","ENGTYPE_3":"Village","PROVINCE":"Antique","REGION":"Region VI (Western Visayas)","id":"barangay-0600607043","name":"Samalague","barangayCode":"0600607043","population":null,"formattedPop":null,"densityCategory":"No data","vulnerabilityRating":"No data","healthRiskLevel":"No data","areaKm2":2.381806,"centerLat":10.480828,"centerLng":122.004844,"geometrySource":"barangays.geojson simplified fallback","geometryMatchMethod":"simplified_fallback","boundaryPointCount":4},"geometry":{"type":"Polygon","coordinates":[[[121.99143905000005,10.48963440700004],[122.01246001400011,10.485381608000068],[122.00874720700006,10.468808437000064],[121.99143905000005,10.48963440700004]]]}},{"type":"Feature","properties":{"ID_0":177,"ISO":"PHL","NAME_0":"Philippines","ID_1":6006,"NAME_1":"Antique","ID_2":600607,"NAME_2":"Tobias Fornier (Dao)","ID_3":600607044,"NAME_3":"Sto. Tomas","NL_NAME_3":null,"VARNAME_3":null,"TYPE_3":"Barangay","ENGTYPE_3":"Village","PROVINCE":"Antique","REGION":"Region VI (Western Visayas)","id":"barangay-0600607044","name":"Sto. Tomas","barangayCode":"0600607044","population":null,"formattedPop":null,"densityCategory":"No data","vulnerabilityRating":"No data","healthRiskLevel":"No data","areaKm2":1.976666,"centerLat":10.493938,"centerLng":121.982229,"geometrySource":"all_barangay-2.csv detailed WKT","geometryMatchMethod":"psgc_coordinate_bridge","boundaryPointCount":37},"geometry":{"type":"MultiPolygon","coordinates":[[[[121.980057,10.49936],[121.980614,10.49917],[121.981453,10.49952],[121.982239,10.49985],[121.98304,10.50009],[121.983398,10.50015],[121.984512,10.49997],[121.985184,10.49952],[121.986023,10.4983],[121.986748,10.49748],[121.986794,10.49737],[121.9869,10.49717],[121.986931,10.4969],[121.987091,10.49661],[121.987099,10.49641],[121.987213,10.4959],[121.987907,10.49467],[121.988541,10.49378],[121.989433,10.49302],[121.990341,10.49213],[121.990753,10.49128],[121.991699,10.49063],[121.991768,10.48981],[121.975327,10.48343],[121.973167,10.48935],[121.974739,10.49264],[121.972954,10.49564],[121.972977,10.49623],[121.97319,10.49665],[121.973663,10.49716],[121.97467,10.49762],[121.975319,10.49823],[121.97599,10.49904],[121.976646,10.49957],[121.977753,10.49968],[121.97905,10.49945],[121.980057,10.49936]]]]}},{"type":"Feature","properties":{"ID_0":177,"ISO":"PHL","NAME_0":"Philippines","ID_1":6006,"NAME_1":"Antique","ID_2":600607,"NAME_2":"Tobias Fornier (Dao)","ID_3":600607045,"NAME_3":"Tacbuyan","NL_NAME_3":null,"VARNAME_3":null,"TYPE_3":"Barangay","ENGTYPE_3":"Village","PROVINCE":"Antique","REGION":"Region VI (Western Visayas)","id":"barangay-0600607045","name":"Tacbuyan","barangayCode":"0600607045","population":null,"formattedPop":null,"densityCategory":"No data","vulnerabilityRating":"No data","healthRiskLevel":"No data","areaKm2":1.727756,"centerLat":10.536224,"centerLng":122.009428,"geometrySource":"all_barangay-2.csv detailed WKT","geometryMatchMethod":"psgc_coordinate_bridge","boundaryPointCount":16},"geometry":{"type":"MultiPolygon","coordinates":[[[[122.000603,10.54156],[122.017563,10.54394],[122.017601,10.54378],[122.017471,10.54316],[122.016777,10.53935],[122.016724,10.53307],[122.002098,10.5313],[122.001518,10.53167],[122.00148,10.53194],[122.001244,10.53231],[122.001266,10.53258],[122.001488,10.53286],[122.001923,10.53336],[122.001823,10.5338],[122.001732,10.53404],[122.000603,10.54156]]]]}},{"type":"Feature","properties":{"ID_0":177,"ISO":"PHL","NAME_0":"Philippines","ID_1":6006,"NAME_1":"Antique","ID_2":600607,"NAME_2":"Tobias Fornier (Dao)","ID_3":600607046,"NAME_3":"Tene","NL_NAME_3":null,"VARNAME_3":null,"TYPE_3":"Barangay","ENGTYPE_3":"Village","PROVINCE":"Antique","REGION":"Region VI (Western Visayas)","id":"barangay-0600607046","name":"Tene","barangayCode":"0600607046","population":null,"formattedPop":null,"densityCategory":"No data","vulnerabilityRating":"No data","healthRiskLevel":"No data","areaKm2":1.915976,"centerLat":10.540399,"centerLng":121.994382,"geometrySource":"all_barangay-2.csv detailed WKT","geometryMatchMethod":"psgc_coordinate_bridge","boundaryPointCount":15},"geometry":{"type":"MultiPolygon","coordinates":[[[[122.001732,10.53404],[122.001823,10.5338],[122.001923,10.53336],[122.001488,10.53286],[122.001266,10.53258],[122.001244,10.53231],[122.00148,10.53194],[122.001518,10.53167],[122.002098,10.5313],[121.996788,10.5308],[121.996002,10.53182],[121.995262,10.53231],[121.994987,10.53272],[121.994537,10.53293],[122.001732,10.53404]]]]}},{"type":"Feature","properties":{"ID_0":177,"ISO":"PHL","NAME_0":"Philippines","ID_1":6006,"NAME_1":"Antique","ID_2":600607,"NAME_2":"Tobias Fornier (Dao)","ID_3":600607047,"NAME_3":"Villaflor","NL_NAME_3":null,"VARNAME_3":null,"TYPE_3":"Barangay","ENGTYPE_3":"Village","PROVINCE":"Antique","REGION":"Region VI (Western Visayas)","id":"barangay-0600607047","name":"Villaflor","barangayCode":"0600607047","population":null,"formattedPop":null,"densityCategory":"No data","vulnerabilityRating":"No data","healthRiskLevel":"No data","areaKm2":4.677489,"centerLat":10.542274,"centerLng":121.968356,"geometrySource":"all_barangay-2.csv detailed WKT","geometryMatchMethod":"psgc_coordinate_bridge","boundaryPointCount":87},"geometry":{"type":"MultiPolygon","coordinates":[[[[121.954147,10.54285],[121.954239,10.5428],[121.954483,10.54267],[121.954697,10.54303],[121.954857,10.5433],[121.9552,10.54357],[121.955383,10.5435],[121.955551,10.54321],[121.955788,10.54314],[121.956146,10.54327],[121.956337,10.54345],[121.956413,10.54349],[121.956589,10.54367],[121.956818,10.54425],[121.956993,10.5446],[121.957733,10.54506],[121.958344,10.54528],[121.959106,10.54584],[121.959511,10.54614],[121.959747,10.54626],[121.960136,10.54634],[121.96067,10.54648],[121.960991,10.54666],[121.961082,10.5472],[121.961166,10.5481],[121.961723,10.54902],[121.96312,10.54932],[121.964333,10.54945],[121.964699,10.54961],[121.965286,10.54944],[121.965736,10.54949],[121.966881,10.54943],[121.967308,10.55035],[121.967918,10.55059],[121.9692,10.55044],[121.96994,10.55087],[121.970917,10.55096],[121.971718,10.55164],[121.972969,10.55173],[121.973679,10.55253],[121.974419,10.55295],[121.975121,10.55304],[121.975983,10.55283],[121.977081,10.55277],[121.977348,10.55282],[121.978104,10.55346],[121.979149,10.5539],[121.980362,10.5544],[121.981552,10.55488],[121.982468,10.55493],[121.983521,10.55466],[121.984009,10.55474],[121.983269,10.54132],[121.979584,10.53471],[121.977432,10.53469],[121.975983,10.53426],[121.974281,10.53367],[121.97345,10.53411],[121.972382,10.53497],[121.970879,10.53541],[121.968826,10.53532],[121.966957,10.53554],[121.964432,10.53486],[121.960907,10.53357],[121.960052,10.53484],[121.959579,10.53543],[121.958504,10.53591],[121.955757,10.53778],[121.95446,10.53788],[121.953377,10.53787],[121.952629,10.53826],[121.952408,10.53827],[121.952217,10.53828],[121.95192,10.5383],[121.951714,10.53839],[121.951752,10.53848],[121.951958,10.53883],[121.952377,10.53938],[121.95266,10.53993],[121.952797,10.54035],[121.953003,10.5409],[121.953293,10.54138],[121.953873,10.54204],[121.953911,10.54207],[121.953957,10.5422],[121.954117,10.5427],[121.954147,10.54285]]]]}},{"type":"Feature","properties":{"ID_0":177,"ISO":"PHL","NAME_0":"Philippines","ID_1":6006,"NAME_1":"Antique","ID_2":600607,"NAME_2":"Tobias Fornier (Dao)","ID_3":600607048,"NAME_3":"Ysulat","NL_NAME_3":null,"VARNAME_3":null,"TYPE_3":"Barangay","ENGTYPE_3":"Village","PROVINCE":"Antique","REGION":"Region VI (Western Visayas)","id":"barangay-0600607048","name":"Ysulat","barangayCode":"0600607048","population":null,"formattedPop":null,"densityCategory":"No data","vulnerabilityRating":"No data","healthRiskLevel":"No data","areaKm2":1.236498,"centerLat":10.505147,"centerLng":121.958066,"geometrySource":"all_barangay-2.csv detailed WKT","geometryMatchMethod":"psgc_coordinate_bridge","boundaryPointCount":38},"geometry":{"type":"MultiPolygon","coordinates":[[[[121.956673,10.52112],[121.973747,10.51759],[121.971603,10.50573],[121.968262,10.50311],[121.962898,10.50888],[121.962044,10.50885],[121.961349,10.50865],[121.960907,10.50936],[121.960861,10.50986],[121.960564,10.51021],[121.959869,10.51011],[121.959244,10.51008],[121.958656,10.51016],[121.953468,10.51192],[121.952461,10.50945],[121.951431,10.51014],[121.951149,10.50999],[121.950592,10.50973],[121.949997,10.50923],[121.949448,10.509],[121.949287,10.50957],[121.94912,10.51017],[121.948822,10.5113],[121.948723,10.51223],[121.948463,10.51351],[121.948288,10.51401],[121.948051,10.51471],[121.94767,10.5159],[121.947067,10.51694],[121.946793,10.51701],[121.946404,10.5175],[121.946182,10.51805],[121.946251,10.5184],[121.945793,10.51904],[121.945236,10.51918],[121.945068,10.51927],[121.944908,10.51983],[121.956673,10.52112]]]]}},{"type":"Feature","properties":{"ID_0":177,"ISO":"PHL","NAME_0":"Philippines","ID_1":6006,"NAME_1":"Antique","ID_2":600607,"NAME_2":"Tobias Fornier (Dao)","ID_3":600607049,"NAME_3":"Igcadac","NL_NAME_3":null,"VARNAME_3":null,"TYPE_3":"Barangay","ENGTYPE_3":"Village","PROVINCE":"Antique","REGION":"Region VI (Western Visayas)","id":"barangay-0600607049","name":"Igcadac","barangayCode":"0600607049","population":null,"formattedPop":null,"densityCategory":"No data","vulnerabilityRating":"No data","healthRiskLevel":"No data","areaKm2":1.479093,"centerLat":10.502876,"centerLng":121.972474,"geometrySource":"all_barangay-2.csv detailed WKT","geometryMatchMethod":"psgc_coordinate_bridge","boundaryPointCount":24},"geometry":{"type":"MultiPolygon","coordinates":[[[[122.011124,10.49399],[122.012657,10.48657],[121.99897,10.48855],[122.000763,10.49321],[122.011124,10.49399]]],[[[121.980827,10.51886],[121.98555,10.50857],[121.985153,10.50875],[121.984688,10.50874],[121.984131,10.50832],[121.983932,10.50831],[121.983673,10.50825],[121.983276,10.50844],[121.982918,10.50858],[121.981842,10.5088],[121.981613,10.50939],[121.981216,10.50956],[121.980087,10.51007],[121.979141,10.51051],[121.978371,10.51083],[121.977257,10.51076],[121.971603,10.50573],[121.973747,10.51759],[121.980827,10.51886]]]]}},{"type":"Feature","properties":{"ID_0":177,"ISO":"PHL","NAME_0":"Philippines","ID_1":6006,"NAME_1":"Antique","ID_2":600607,"NAME_2":"Tobias Fornier (Dao)","ID_3":600607050,"NAME_3":"Lindero","NL_NAME_3":null,"VARNAME_3":null,"TYPE_3":"Barangay","ENGTYPE_3":"Village","PROVINCE":"Antique","REGION":"Region VI (Western Visayas)","id":"barangay-0600607050","name":"Lindero","barangayCode":"0600607050","population":null,"formattedPop":null,"densityCategory":"No data","vulnerabilityRating":"No data","healthRiskLevel":"No data","areaKm2":1.017677,"centerLat":10.581273,"centerLng":122.020464,"geometrySource":"all_barangay-2.csv detailed WKT","geometryMatchMethod":"psgc_coordinate_bridge","boundaryPointCount":9},"geometry":{"type":"MultiPolygon","coordinates":[[[[122.021584,10.57443],[122.021652,10.56395],[122.019447,10.56372],[122.01886,10.56508],[122.017197,10.56639],[122.012497,10.56605],[122.013748,10.57445],[122.017273,10.5744],[122.021584,10.57443]]]]}},{"type":"Feature","properties":{"ID_0":177,"ISO":"PHL","NAME_0":"Philippines","ID_1":6006,"NAME_1":"Antique","ID_2":600608,"NAME_2":"Hamtic","ID_3":600608001,"NAME_3":"Apdo","NL_NAME_3":null,"VARNAME_3":null,"TYPE_3":"Barangay","ENGTYPE_3":"Village","PROVINCE":"Antique","REGION":"Region VI (Western Visayas)","id":"barangay-0600608001","name":"Apdo","barangayCode":"0600608001","population":null,"formattedPop":null,"densityCategory":"No data","vulnerabilityRating":"No data","healthRiskLevel":"No data","areaKm2":2.270647,"centerLat":10.625234,"centerLng":122.010516,"geometrySource":"all_barangay-2.csv detailed WKT","geometryMatchMethod":"unique_official_admin_names","boundaryPointCount":28},"geometry":{"type":"MultiPolygon","coordinates":[[[[122.026749,10.62832],[122.026787,10.62767],[122.027321,10.62745],[122.027161,10.62708],[122.026772,10.62609],[122.026993,10.62549],[122.027786,10.62514],[122.028152,10.62455],[122.028763,10.62374],[122.028748,10.62312],[122.029167,10.62254],[122.030067,10.62204],[122.030258,10.62188],[122.030891,10.62173],[122.025597,10.61853],[122.022919,10.61912],[122.018997,10.61996],[122.018806,10.62],[122.015617,10.61953],[122.010101,10.61951],[122.007263,10.61934],[122.003693,10.61978],[121.999611,10.6196],[122.000473,10.62202],[122.000923,10.62366],[122.003304,10.63183],[122.018448,10.62956],[122.026749,10.62832]]]]}},{"type":"Feature","properties":{"ID_0":177,"ISO":"PHL","NAME_0":"Philippines","ID_1":6006,"NAME_1":"Antique","ID_2":600608,"NAME_2":"Hamtic","ID_3":600608002,"NAME_3":"Asluman","NL_NAME_3":null,"VARNAME_3":null,"TYPE_3":"Barangay","ENGTYPE_3":"Village","PROVINCE":"Antique","REGION":"Region VI (Western Visayas)","id":"barangay-0600608002","name":"Asluman","barangayCode":"0600608002","population":null,"formattedPop":null,"densityCategory":"No data","vulnerabilityRating":"No data","healthRiskLevel":"No data","areaKm2":5.131481,"centerLat":10.623675,"centerLng":121.985538,"geometrySource":"all_barangay-2.csv detailed WKT","geometryMatchMethod":"unique_official_admin_names","boundaryPointCount":43},"geometry":{"type":"MultiPolygon","coordinates":[[[[121.99173,10.62703],[122.000923,10.62366],[122.000473,10.62202],[121.999611,10.6196],[121.998039,10.61733],[121.997353,10.61581],[121.997719,10.61461],[121.997559,10.6134],[121.998451,10.61235],[121.971443,10.6167],[121.970543,10.61687],[121.970573,10.61701],[121.970573,10.61736],[121.970779,10.61812],[121.970779,10.61929],[121.970917,10.62012],[121.970993,10.62102],[121.971199,10.62171],[121.971199,10.62226],[121.971207,10.62259],[121.971603,10.62301],[121.971931,10.62343],[121.972237,10.62422],[121.972519,10.62485],[121.972717,10.62526],[121.972794,10.62561],[121.972794,10.62616],[121.972519,10.62678],[121.972588,10.62733],[121.972794,10.62809],[121.973083,10.62858],[121.973282,10.62913],[121.973419,10.62989],[121.97377,10.63086],[121.974052,10.63127],[121.974327,10.63148],[121.974541,10.63203],[121.974678,10.63252],[121.974678,10.63307],[121.974678,10.63417],[121.974693,10.63435],[121.975693,10.63403],[121.99173,10.62703]]]]}},{"type":"Feature","properties":{"ID_0":177,"ISO":"PHL","NAME_0":"Philippines","ID_1":6006,"NAME_1":"Antique","ID_2":600608,"NAME_2":"Hamtic","ID_3":600608003,"NAME_3":"Banawon","NL_NAME_3":null,"VARNAME_3":null,"TYPE_3":"Barangay","ENGTYPE_3":"Village","PROVINCE":"Antique","REGION":"Region VI (Western Visayas)","id":"barangay-0600608003","name":"Banawon","barangayCode":"0600608003","population":null,"formattedPop":null,"densityCategory":"No data","vulnerabilityRating":"No data","healthRiskLevel":"No data","areaKm2":1.835595,"centerLat":10.596638,"centerLng":121.972512,"geometrySource":"all_barangay-2.csv detailed WKT","geometryMatchMethod":"unique_official_admin_names","boundaryPointCount":61},"geometry":{"type":"MultiPolygon","coordinates":[[[[121.978531,10.60242],[121.979927,10.58743],[121.979599,10.58687],[121.97921,10.58597],[121.978394,10.58525],[121.977623,10.58488],[121.975952,10.58548],[121.975868,10.58547],[121.974777,10.58545],[121.974167,10.58612],[121.973396,10.58562],[121.972702,10.5858],[121.972214,10.5858],[121.971184,10.58494],[121.970192,10.58537],[121.969513,10.5851],[121.968117,10.58478],[121.967377,10.58484],[121.967346,10.58486],[121.966843,10.58487],[121.966614,10.58498],[121.966698,10.58548],[121.966698,10.58603],[121.966454,10.58665],[121.96627,10.58717],[121.966309,10.5874],[121.966507,10.58761],[121.966797,10.58788],[121.966949,10.58835],[121.967056,10.58887],[121.967102,10.58941],[121.967003,10.58996],[121.967133,10.59107],[121.967278,10.59141],[121.967346,10.59217],[121.967484,10.59273],[121.967484,10.59335],[121.967407,10.59369],[121.967484,10.5945],[121.967506,10.59507],[121.967567,10.59568],[121.967537,10.59625],[121.96756,10.59677],[121.967697,10.59749],[121.967407,10.59791],[121.967407,10.59895],[121.967484,10.59957],[121.967484,10.59978],[121.967628,10.6004],[121.967697,10.60074],[121.96769,10.60088],[121.96769,10.60137],[121.967903,10.60234],[121.967972,10.60344],[121.96769,10.60434],[121.967621,10.60489],[121.967903,10.60538],[121.967941,10.60568],[121.968918,10.60557],[121.972527,10.60239],[121.978531,10.60242]]]]}},{"type":"Feature","properties":{"ID_0":177,"ISO":"PHL","NAME_0":"Philippines","ID_1":6006,"NAME_1":"Antique","ID_2":600608,"NAME_2":"Hamtic","ID_3":600608005,"NAME_3":"Bia-an","NL_NAME_3":null,"VARNAME_3":null,"TYPE_3":"Barangay","ENGTYPE_3":"Village","PROVINCE":"Antique","REGION":"Region VI (Western Visayas)","id":"barangay-0600608005","name":"Bia-an","barangayCode":"0600608005","population":null,"formattedPop":null,"densityCategory":"No data","vulnerabilityRating":"No data","healthRiskLevel":"No data","areaKm2":3.060543,"centerLat":10.722177,"centerLng":121.992554,"geometrySource":"all_barangay-2.csv detailed WKT","geometryMatchMethod":"unique_official_admin_names","boundaryPointCount":13},"geometry":{"type":"MultiPolygon","coordinates":[[[[122.003387,10.73169],[121.996246,10.71927],[121.996719,10.71635],[121.994347,10.71596],[121.992111,10.71569],[121.989662,10.71575],[121.987518,10.71579],[121.985413,10.71607],[121.983856,10.72089],[121.986382,10.72126],[121.989639,10.72362],[121.998787,10.72897],[122.003387,10.73169]]]]}},{"type":"Feature","properties":{"ID_0":177,"ISO":"PHL","NAME_0":"Philippines","ID_1":6006,"NAME_1":"Antique","ID_2":600608,"NAME_2":"Hamtic","ID_3":600608006,"NAME_3":"Bongbongan I-II","NL_NAME_3":null,"VARNAME_3":null,"TYPE_3":"Barangay","ENGTYPE_3":"Village","PROVINCE":"Antique","REGION":"Region VI (Western Visayas)","id":"barangay-0600608006","name":"Bongbongan I-II","barangayCode":"0600608006","population":null,"formattedPop":null,"densityCategory":"No data","vulnerabilityRating":"No data","healthRiskLevel":"No data","areaKm2":6.046907,"centerLat":10.68156,"centerLng":122.016223,"geometrySource":"all_barangay-2.csv detailed WKT","geometryMatchMethod":"unique_official_admin_names","boundaryPointCount":75},"geometry":{"type":"MultiPolygon","coordinates":[[[[122.016502,10.69445],[122.016647,10.69386],[122.018257,10.6925],[122.019493,10.69274],[122.020752,10.69229],[122.021561,10.69164],[122.022202,10.69031],[122.02298,10.68991],[122.024178,10.68901],[122.025093,10.68806],[122.024933,10.68766],[122.024658,10.68743],[122.024544,10.68699],[122.024918,10.68658],[122.025993,10.68575],[122.026817,10.68398],[122.027458,10.68279],[122.027603,10.68203],[122.027687,10.68149],[122.027412,10.6802],[122.027328,10.67193],[122.02462,10.66843],[122.023666,10.66938],[122.022743,10.66986],[122.022003,10.66979],[122.020607,10.66937],[122.019669,10.66859],[122.01886,10.66783],[122.017792,10.6674],[122.016457,10.66674],[122.015533,10.66607],[122.015137,10.6662],[122.014763,10.66593],[122.01403,10.66669],[122.01326,10.66651],[122.012894,10.66699],[122.01329,10.66787],[122.01368,10.66873],[122.013382,10.66941],[122.013786,10.6704],[122.014381,10.67107],[122.015167,10.67237],[122.014709,10.67333],[122.014908,10.67438],[122.015419,10.67507],[122.015152,10.6759],[122.01458,10.67611],[122.013588,10.67654],[122.013847,10.67757],[122.014137,10.67825],[122.014076,10.6787],[122.014053,10.67914],[122.013603,10.67984],[122.013008,10.68038],[122.012833,10.68084],[122.013191,10.68197],[122.014137,10.68251],[122.014488,10.68294],[122.014259,10.68365],[122.014091,10.68435],[122.014328,10.68497],[122.015511,10.68588],[122.01664,10.68647],[122.017174,10.6871],[122.01709,10.68786],[122.017593,10.6891],[122.018066,10.68965],[122.018143,10.69036],[122.017593,10.6917],[122.016777,10.6925],[122.015747,10.69322],[122.015099,10.69349],[122.015083,10.69365],[122.01606,10.69397],[122.016502,10.69445]]]]}},{"type":"Feature","properties":{"ID_0":177,"ISO":"PHL","NAME_0":"Philippines","ID_1":6006,"NAME_1":"Antique","ID_2":600608,"NAME_2":"Hamtic","ID_3":600608008,"NAME_3":"Bongbongan III","NL_NAME_3":null,"VARNAME_3":null,"TYPE_3":"Barangay","ENGTYPE_3":"Village","PROVINCE":"Antique","REGION":"Region VI (Western Visayas)","id":"barangay-0600608008","name":"Bongbongan III","barangayCode":"0600608008","population":null,"formattedPop":null,"densityCategory":"No data","vulnerabilityRating":"No data","healthRiskLevel":"No data","areaKm2":4.393712,"centerLat":10.66016,"centerLng":122.02536,"geometrySource":"all_barangay-2.csv detailed WKT","geometryMatchMethod":"unique_official_admin_names","boundaryPointCount":23},"geometry":{"type":"MultiPolygon","coordinates":[[[[122.037231,10.66684],[122.036926,10.66203],[122.036438,10.65365],[122.025749,10.65111],[122.023468,10.65057],[122.017036,10.64908],[122.012894,10.66699],[122.01326,10.66651],[122.01403,10.66669],[122.014763,10.66593],[122.015137,10.6662],[122.015533,10.66607],[122.016457,10.66674],[122.017792,10.6674],[122.01886,10.66783],[122.019669,10.66859],[122.020607,10.66937],[122.022003,10.66979],[122.022743,10.66986],[122.023666,10.66938],[122.02462,10.66843],[122.027328,10.67193],[122.037231,10.66684]]]]}},{"type":"Feature","properties":{"ID_0":177,"ISO":"PHL","NAME_0":"Philippines","ID_1":6006,"NAME_1":"Antique","ID_2":600608,"NAME_2":"Hamtic","ID_3":600608009,"NAME_3":"Botbot","NL_NAME_3":null,"VARNAME_3":null,"TYPE_3":"Barangay","ENGTYPE_3":"Village","PROVINCE":"Antique","REGION":"Region VI (Western Visayas)","id":"barangay-0600608009","name":"Botbot","barangayCode":"0600608009","population":null,"formattedPop":null,"densityCategory":"No data","vulnerabilityRating":"No data","healthRiskLevel":"No data","areaKm2":4.208932,"centerLat":10.632579,"centerLng":122.033449,"geometrySource":"all_barangay-2.csv detailed WKT","geometryMatchMethod":"unique_official_admin_names","boundaryPointCount":41},"geometry":{"type":"MultiPolygon","coordinates":[[[[122.031822,10.64136],[122.046303,10.63816],[122.045753,10.6322],[122.033791,10.62397],[122.033653,10.62358],[122.030258,10.62188],[122.030067,10.62204],[122.029167,10.62254],[122.028748,10.62312],[122.028763,10.62374],[122.028152,10.62455],[122.027786,10.62514],[122.026993,10.62549],[122.026772,10.62609],[122.027161,10.62708],[122.027321,10.62745],[122.026787,10.62767],[122.026749,10.62832],[122.027763,10.62885],[122.028214,10.62934],[122.028198,10.63024],[122.028557,10.63098],[122.028587,10.63183],[122.029282,10.63241],[122.029457,10.63282],[122.029572,10.63388],[122.029488,10.63476],[122.028801,10.63565],[122.028389,10.63687],[122.028221,10.63786],[122.028091,10.63885],[122.029007,10.63903],[122.029419,10.63933],[122.029053,10.63969],[122.028679,10.6403],[122.028954,10.64082],[122.029747,10.64097],[122.030342,10.64066],[122.03138,10.64036],[122.031891,10.64066],[122.031822,10.64136]]]]}},{"type":"Feature","properties":{"ID_0":177,"ISO":"PHL","NAME_0":"Philippines","ID_1":6006,"NAME_1":"Antique","ID_2":600608,"NAME_2":"Hamtic","ID_3":600608010,"NAME_3":"Budbudan","NL_NAME_3":null,"VARNAME_3":null,"TYPE_3":"Barangay","ENGTYPE_3":"Village","PROVINCE":"Antique","REGION":"Region VI (Western Visayas)","id":"barangay-0600608010","name":"Budbudan","barangayCode":"0600608010","population":null,"formattedPop":null,"densityCategory":"No data","vulnerabilityRating":"No data","healthRiskLevel":"No data","areaKm2":1.409124,"centerLat":10.72556,"centerLng":121.980834,"geometrySource":"all_barangay-2.csv detailed WKT","geometryMatchMethod":"unique_official_admin_names","boundaryPointCount":24},"geometry":{"type":"MultiPolygon","coordinates":[[[[121.990829,10.7372],[121.990997,10.73582],[121.99099,10.73501],[121.991508,10.73361],[121.993553,10.73152],[121.995338,10.73025],[121.996979,10.72944],[121.998787,10.72897],[121.989639,10.72362],[121.986382,10.72126],[121.983856,10.72089],[121.98127,10.72344],[121.97934,10.72494],[121.977699,10.72586],[121.976593,10.72632],[121.976051,10.72702],[121.975471,10.7283],[121.976608,10.72912],[121.979019,10.73054],[121.980171,10.73195],[121.981323,10.73293],[121.98275,10.73446],[121.983902,10.73646],[121.990829,10.7372]]]]}},{"type":"Feature","properties":{"ID_0":177,"ISO":"PHL","NAME_0":"Philippines","ID_1":6006,"NAME_1":"Antique","ID_2":600608,"NAME_2":"Hamtic","ID_3":600608011,"NAME_3":"Buhang","NL_NAME_3":null,"VARNAME_3":null,"TYPE_3":"Barangay","ENGTYPE_3":"Village","PROVINCE":"Antique","REGION":"Region VI (Western Visayas)","id":"barangay-0600608011","name":"Buhang","barangayCode":"0600608011","population":null,"formattedPop":null,"densityCategory":"No data","vulnerabilityRating":"No data","healthRiskLevel":"No data","areaKm2":2.693785,"centerLat":10.734186,"centerLng":121.998915,"geometrySource":"all_barangay-2.csv detailed WKT","geometryMatchMethod":"unique_official_admin_names","boundaryPointCount":19},"geometry":{"type":"MultiPolygon","coordinates":[[[[121.995377,10.74331],[121.99678,10.743],[121.999184,10.74057],[121.999977,10.74023],[121.999939,10.73959],[122.000107,10.73887],[122.000214,10.73814],[122.000778,10.7377],[122.006462,10.73357],[122.003387,10.73169],[121.998787,10.72897],[121.996979,10.72944],[121.995338,10.73025],[121.993553,10.73152],[121.991508,10.73361],[121.99099,10.73501],[121.990997,10.73582],[121.990829,10.7372],[121.995377,10.74331]]]]}},{"type":"Feature","properties":{"ID_0":177,"ISO":"PHL","NAME_0":"Philippines","ID_1":6006,"NAME_1":"Antique","ID_2":600608,"NAME_2":"Hamtic","ID_3":600608012,"NAME_3":"Calacja I","NL_NAME_3":null,"VARNAME_3":null,"TYPE_3":"Barangay","ENGTYPE_3":"Village","PROVINCE":"Antique","REGION":"Region VI (Western Visayas)","id":"barangay-0600608012","name":"Calacja I","barangayCode":"0600608012","population":null,"formattedPop":null,"densityCategory":"No data","vulnerabilityRating":"No data","healthRiskLevel":"No data","areaKm2":2.556858,"centerLat":10.633969,"centerLng":121.99707,"geometrySource":"all_barangay-2.csv detailed WKT","geometryMatchMethod":"unique_official_admin_names","boundaryPointCount":12},"geometry":{"type":"MultiPolygon","coordinates":[[[[122.000061,10.6437],[122.003304,10.63183],[122.000923,10.62366],[121.99173,10.62703],[121.991623,10.63669],[121.991409,10.63865],[121.989983,10.6397],[121.988571,10.64029],[121.986618,10.64118],[121.985207,10.64208],[121.984879,10.64328],[122.000061,10.6437]]]]}},{"type":"Feature","properties":{"ID_0":177,"ISO":"PHL","NAME_0":"Philippines","ID_1":6006,"NAME_1":"Antique","ID_2":600608,"NAME_2":"Hamtic","ID_3":600608013,"NAME_3":"Calacja II","NL_NAME_3":null,"VARNAME_3":null,"TYPE_3":"Barangay","ENGTYPE_3":"Village","PROVINCE":"Antique","REGION":"Region VI (Western Visayas)","id":"barangay-0600608013","name":"Calacja II","barangayCode":"0600608013","population":null,"formattedPop":null,"densityCategory":"No data","vulnerabilityRating":"No data","healthRiskLevel":"No data","areaKm2":4.200365,"centerLat":10.638895,"centerLng":122.013829,"geometrySource":"all_barangay-2.csv detailed WKT","geometryMatchMethod":"unique_official_admin_names","boundaryPointCount":32},"geometry":{"type":"MultiPolygon","coordinates":[[[[122.025749,10.65111],[122.031822,10.64136],[122.031891,10.64066],[122.03138,10.64036],[122.030342,10.64066],[122.029747,10.64097],[122.028954,10.64082],[122.028679,10.6403],[122.029053,10.63969],[122.029419,10.63933],[122.029007,10.63903],[122.028091,10.63885],[122.028221,10.63786],[122.028389,10.63687],[122.028801,10.63565],[122.029488,10.63476],[122.029572,10.63388],[122.029457,10.63282],[122.029282,10.63241],[122.028587,10.63183],[122.028557,10.63098],[122.028198,10.63024],[122.028214,10.62934],[122.027763,10.62885],[122.026749,10.62832],[122.018448,10.62956],[122.003304,10.63183],[122.000061,10.6437],[122.006248,10.64555],[122.017036,10.64908],[122.023468,10.65057],[122.025749,10.65111]]]]}},{"type":"Feature","properties":{"ID_0":177,"ISO":"PHL","NAME_0":"Philippines","ID_1":6006,"NAME_1":"Antique","ID_2":600608,"NAME_2":"Hamtic","ID_3":600608014,"NAME_3":"Calala","NL_NAME_3":null,"VARNAME_3":null,"TYPE_3":"Barangay","ENGTYPE_3":"Village","PROVINCE":"Antique","REGION":"Region VI (Western Visayas)","id":"barangay-0600608014","name":"Calala","barangayCode":"0600608014","population":null,"formattedPop":null,"densityCategory":"No data","vulnerabilityRating":"No data","healthRiskLevel":"No data","areaKm2":0.789822,"centerLat":10.682902,"centerLng":121.980345,"geometrySource":"all_barangay-2.csv detailed WKT","geometryMatchMethod":"unique_official_admin_names","boundaryPointCount":24},"geometry":{"type":"MultiPolygon","coordinates":[[[[121.975708,10.68567],[121.975906,10.68572],[121.987038,10.68727],[121.98909,10.67988],[121.977859,10.67907],[121.977638,10.67905],[121.977287,10.67907],[121.977226,10.6796],[121.977226,10.68007],[121.977242,10.68028],[121.977173,10.68076],[121.97702,10.6812],[121.976936,10.68159],[121.976921,10.68167],[121.976761,10.68214],[121.976593,10.68261],[121.976486,10.68309],[121.976402,10.68353],[121.976349,10.68394],[121.976227,10.68428],[121.976097,10.68465],[121.975983,10.685],[121.975853,10.68534],[121.975708,10.68567]]]]}},{"type":"Feature","properties":{"ID_0":177,"ISO":"PHL","NAME_0":"Philippines","ID_1":6006,"NAME_1":"Antique","ID_2":600608,"NAME_2":"Hamtic","ID_3":600608015,"NAME_3":"Cantulan","NL_NAME_3":null,"VARNAME_3":null,"TYPE_3":"Barangay","ENGTYPE_3":"Village","PROVINCE":"Antique","REGION":"Region VI (Western Visayas)","id":"barangay-0600608015","name":"Cantulan","barangayCode":"0600608015","population":null,"formattedPop":null,"densityCategory":"No data","vulnerabilityRating":"No data","healthRiskLevel":"No data","areaKm2":2.707786,"centerLat":10.676499,"centerLng":122.055855,"geometrySource":"all_barangay-2.csv detailed WKT","geometryMatchMethod":"unique_official_admin_names","boundaryPointCount":12},"geometry":{"type":"MultiPolygon","coordinates":[[[[122.051102,10.68542],[122.063911,10.68064],[122.070213,10.67829],[122.069817,10.67808],[122.066177,10.67612],[122.064819,10.67538],[122.064468,10.6752],[122.062309,10.66854],[122.057167,10.67025],[122.045631,10.67408],[122.048492,10.68037],[122.051102,10.68542]]]]}},{"type":"Feature","properties":{"ID_0":177,"ISO":"PHL","NAME_0":"Philippines","ID_1":6006,"NAME_1":"Antique","ID_2":600608,"NAME_2":"Hamtic","ID_3":600608016,"NAME_3":"Caridad","NL_NAME_3":null,"VARNAME_3":null,"TYPE_3":"Barangay","ENGTYPE_3":"Village","PROVINCE":"Antique","REGION":"Region VI (Western Visayas)","id":"barangay-0600608016","name":"Caridad","barangayCode":"0600608016","population":null,"formattedPop":null,"densityCategory":"No data","vulnerabilityRating":"No data","healthRiskLevel":"No data","areaKm2":3.180568,"centerLat":10.692525,"centerLng":121.986495,"geometrySource":"all_barangay-2.csv detailed WKT","geometryMatchMethod":"unique_official_admin_names","boundaryPointCount":70},"geometry":{"type":"MultiPolygon","coordinates":[[[[121.983673,10.69725],[121.984161,10.69773],[121.984917,10.69809],[121.985558,10.69784],[121.986229,10.69761],[121.987106,10.69726],[121.987701,10.69713],[121.988487,10.69713],[121.98912,10.69749],[121.989639,10.69785],[121.990181,10.69812],[121.991798,10.69817],[121.99292,10.69754],[121.993347,10.69755],[121.995018,10.69694],[121.996323,10.69681],[121.996986,10.69694],[121.998222,10.69681],[121.998466,10.69685],[121.999992,10.68414],[121.987038,10.68727],[121.975906,10.68572],[121.975708,10.68567],[121.975517,10.68602],[121.975311,10.68638],[121.975212,10.68682],[121.974983,10.68721],[121.974701,10.68758],[121.974617,10.68803],[121.974579,10.68845],[121.974564,10.68852],[121.974472,10.68875],[121.974449,10.68903],[121.974442,10.68929],[121.974411,10.68954],[121.974327,10.6898],[121.974243,10.69008],[121.974167,10.69039],[121.974113,10.69071],[121.973953,10.69098],[121.973732,10.69128],[121.973511,10.69171],[121.972977,10.69313],[121.973053,10.69341],[121.973183,10.69362],[121.973183,10.69424],[121.973106,10.69438],[121.972839,10.69465],[121.972488,10.69535],[121.97245,10.69594],[121.972687,10.69542],[121.97287,10.69492],[121.973396,10.69409],[121.97393,10.69358],[121.974243,10.69314],[121.974747,10.69248],[121.974953,10.69231],[121.975616,10.69228],[121.97644,10.69292],[121.977112,10.6939],[121.977821,10.69432],[121.978737,10.69429],[121.97963,10.69413],[121.980453,10.69408],[121.9813,10.69464],[121.981758,10.69517],[121.982399,10.69561],[121.982903,10.69618],[121.983452,10.69706],[121.983673,10.69725]]]]}},{"type":"Feature","properties":{"ID_0":177,"ISO":"PHL","NAME_0":"Philippines","ID_1":6006,"NAME_1":"Antique","ID_2":600608,"NAME_2":"Hamtic","ID_3":600608017,"NAME_3":"Caromangay","NL_NAME_3":null,"VARNAME_3":null,"TYPE_3":"Barangay","ENGTYPE_3":"Village","PROVINCE":"Antique","REGION":"Region VI (Western Visayas)","id":"barangay-0600608017","name":"Caromangay","barangayCode":"0600608017","population":null,"formattedPop":null,"densityCategory":"No data","vulnerabilityRating":"No data","healthRiskLevel":"No data","areaKm2":2.821939,"centerLat":10.610561,"centerLng":122.00737,"geometrySource":"all_barangay-2.csv detailed WKT","geometryMatchMethod":"unique_official_admin_names","boundaryPointCount":29},"geometry":{"type":"MultiPolygon","coordinates":[[[[122.003693,10.61978],[122.003723,10.61766],[122.003197,10.61615],[122.004829,10.61419],[122.006607,10.61284],[122.00985,10.61074],[122.012718,10.60909],[122.014862,10.60835],[122.014519,10.60684],[122.015266,10.60397],[122.015999,10.60201],[122.01619,10.60095],[122.013512,10.60139],[122.010483,10.60213],[122.008163,10.60257],[122.00531,10.60316],[122.002823,10.60285],[122.002617,10.60467],[122.002251,10.60648],[122.001343,10.60829],[122.000076,10.61009],[121.999359,10.61129],[121.998451,10.61235],[121.997559,10.6134],[121.997719,10.61461],[121.997353,10.61581],[121.998039,10.61733],[121.999611,10.6196],[122.003693,10.61978]]]]}},{"type":"Feature","properties":{"ID_0":177,"ISO":"PHL","NAME_0":"Philippines","ID_1":6006,"NAME_1":"Antique","ID_2":600608,"NAME_2":"Hamtic","ID_3":600608018,"NAME_3":"Casalngan","NL_NAME_3":null,"VARNAME_3":null,"TYPE_3":"Barangay","ENGTYPE_3":"Village","PROVINCE":"Antique","REGION":"Region VI (Western Visayas)","id":"barangay-0600608018","name":"Casalngan","barangayCode":"0600608018","population":null,"formattedPop":null,"densityCategory":"No data","vulnerabilityRating":"No data","healthRiskLevel":"No data","areaKm2":2.849968,"centerLat":10.617987,"centerLng":122.023122,"geometrySource":"all_barangay-2.csv detailed WKT","geometryMatchMethod":"unique_official_admin_names","boundaryPointCount":23},"geometry":{"type":"MultiPolygon","coordinates":[[[[122.033653,10.62358],[122.032623,10.62087],[122.035339,10.60933],[122.035316,10.60927],[122.022743,10.6087],[122.014862,10.60835],[122.012718,10.60909],[122.00985,10.61074],[122.006607,10.61284],[122.004829,10.61419],[122.003197,10.61615],[122.003723,10.61766],[122.003693,10.61978],[122.007263,10.61934],[122.010101,10.61951],[122.015617,10.61953],[122.018806,10.62],[122.018997,10.61996],[122.022919,10.61912],[122.025597,10.61853],[122.030891,10.62173],[122.030258,10.62188],[122.033653,10.62358]]]]}},{"type":"Feature","properties":{"ID_0":177,"ISO":"PHL","NAME_0":"Philippines","ID_1":6006,"NAME_1":"Antique","ID_2":600608,"NAME_2":"Hamtic","ID_3":600608019,"NAME_3":"Dangcalan","NL_NAME_3":null,"VARNAME_3":null,"TYPE_3":"Barangay","ENGTYPE_3":"Village","PROVINCE":"Antique","REGION":"Region VI (Western Visayas)","id":"barangay-0600608019","name":"Dangcalan","barangayCode":"0600608019","population":null,"formattedPop":null,"densityCategory":"No data","vulnerabilityRating":"No data","healthRiskLevel":"No data","areaKm2":0.721604,"centerLat":10.676681,"centerLng":121.983658,"geometrySource":"all_barangay-2.csv detailed WKT","geometryMatchMethod":"unique_official_admin_names","boundaryPointCount":22},"geometry":{"type":"MultiPolygon","coordinates":[[[[121.98909,10.67988],[121.990623,10.67279],[121.978554,10.66975],[121.978348,10.66969],[121.978363,10.66975],[121.978363,10.6713],[121.978363,10.67279],[121.978287,10.67315],[121.978241,10.6734],[121.978104,10.67387],[121.977997,10.6744],[121.977821,10.6749],[121.977783,10.67543],[121.977768,10.67599],[121.977707,10.67655],[121.977509,10.67732],[121.977364,10.67801],[121.97744,10.67863],[121.977287,10.67907],[121.977638,10.67905],[121.977859,10.67907],[121.98909,10.67988]]]]}},{"type":"Feature","properties":{"ID_0":177,"ISO":"PHL","NAME_0":"Philippines","ID_1":6006,"NAME_1":"Antique","ID_2":600608,"NAME_2":"Hamtic","ID_3":600608020,"NAME_3":"Del Pilar","NL_NAME_3":null,"VARNAME_3":null,"TYPE_3":"Barangay","ENGTYPE_3":"Village","PROVINCE":"Antique","REGION":"Region VI (Western Visayas)","id":"barangay-0600608020","name":"Del Pilar","barangayCode":"0600608020","population":null,"formattedPop":null,"densityCategory":"No data","vulnerabilityRating":"No data","healthRiskLevel":"No data","areaKm2":2.785003,"centerLat":10.69862,"centerLng":122.045829,"geometrySource":"all_barangay-2.csv detailed WKT","geometryMatchMethod":"unique_official_admin_names","boundaryPointCount":12},"geometry":{"type":"MultiPolygon","coordinates":[[[[122.006462,10.73357],[122.03524,10.71038],[122.040947,10.70835],[122.048843,10.70545],[122.043808,10.69521],[122.035202,10.69913],[122.02137,10.70628],[122.009941,10.71296],[121.996719,10.71635],[121.996246,10.71927],[122.003387,10.73169],[122.006462,10.73357]]]]}},{"type":"Feature","properties":{"ID_0":177,"ISO":"PHL","NAME_0":"Philippines","ID_1":6006,"NAME_1":"Antique","ID_2":600608,"NAME_2":"Hamtic","ID_3":600608021,"NAME_3":"Fabrica","NL_NAME_3":null,"VARNAME_3":null,"TYPE_3":"Barangay","ENGTYPE_3":"Village","PROVINCE":"Antique","REGION":"Region VI (Western Visayas)","id":"barangay-0600608021","name":"Fabrica","barangayCode":"0600608021","population":null,"formattedPop":null,"densityCategory":"No data","vulnerabilityRating":"No data","healthRiskLevel":"No data","areaKm2":4.085141,"centerLat":10.595262,"centerLng":122.010922,"geometrySource":"all_barangay-2.csv detailed WKT","geometryMatchMethod":"unique_official_admin_names","boundaryPointCount":22},"geometry":{"type":"MultiPolygon","coordinates":[[[[122.002823,10.60285],[122.00531,10.60316],[122.008163,10.60257],[122.010483,10.60213],[122.013512,10.60139],[122.01619,10.60095],[122.023499,10.59906],[122.030273,10.59731],[122.029617,10.59519],[122.028732,10.59351],[122.028267,10.59276],[122.024467,10.58615],[122.024246,10.58029],[122.021584,10.57443],[122.017273,10.5744],[122.013748,10.57445],[122.008072,10.57472],[122.006088,10.57598],[121.994591,10.58538],[121.995369,10.58919],[121.998154,10.60246],[122.002823,10.60285]]]]}},{"type":"Feature","properties":{"ID_0":177,"ISO":"PHL","NAME_0":"Philippines","ID_1":6006,"NAME_1":"Antique","ID_2":600608,"NAME_2":"Hamtic","ID_3":600608022,"NAME_3":"Funda","NL_NAME_3":null,"VARNAME_3":null,"TYPE_3":"Barangay","ENGTYPE_3":"Village","PROVINCE":"Antique","REGION":"Region VI (Western Visayas)","id":"barangay-0600608022","name":"Funda","barangayCode":"0600608022","population":null,"formattedPop":null,"densityCategory":"No data","vulnerabilityRating":"No data","healthRiskLevel":"No data","areaKm2":3.303618,"centerLat":10.64992,"centerLng":121.988059,"geometrySource":"all_barangay-2.csv detailed WKT","geometryMatchMethod":"unique_official_admin_names","boundaryPointCount":28},"geometry":{"type":"MultiPolygon","coordinates":[[[[121.976624,10.65662],[121.978439,10.65648],[121.995819,10.65561],[121.99781,10.65034],[122.000061,10.6437],[121.984879,10.64328],[121.977158,10.6431],[121.975723,10.64313],[121.975761,10.6437],[121.975967,10.64453],[121.975899,10.64515],[121.97583,10.64557],[121.975761,10.64654],[121.975967,10.64723],[121.976181,10.64847],[121.97625,10.64923],[121.976517,10.64958],[121.976517,10.65048],[121.976669,10.65156],[121.976669,10.65216],[121.976669,10.65267],[121.976669,10.65311],[121.976669,10.65392],[121.976669,10.65437],[121.976669,10.65484],[121.976669,10.65532],[121.976662,10.65608],[121.976624,10.65662]]]]}},{"type":"Feature","properties":{"ID_0":177,"ISO":"PHL","NAME_0":"Philippines","ID_1":6006,"NAME_1":"Antique","ID_2":600608,"NAME_2":"Hamtic","ID_3":600608023,"NAME_3":"General Fullon","NL_NAME_3":null,"VARNAME_3":null,"TYPE_3":"Barangay","ENGTYPE_3":"Village","PROVINCE":"Antique","REGION":"Region VI (Western Visayas)","id":"barangay-0600608023","name":"General Fullon","barangayCode":"0600608023","population":null,"formattedPop":null,"densityCategory":"No data","vulnerabilityRating":"No data","healthRiskLevel":"No data","areaKm2":3.781119,"centerLat":10.594017,"centerLng":121.98741,"geometrySource":"all_barangay-2.csv detailed WKT","geometryMatchMethod":"unique_official_admin_names","boundaryPointCount":23},"geometry":{"type":"MultiPolygon","coordinates":[[[[121.998154,10.60246],[121.995369,10.58919],[121.994591,10.58538],[121.994034,10.58581],[121.993179,10.58609],[121.992142,10.58618],[121.991783,10.58598],[121.990479,10.58517],[121.989281,10.58517],[121.988167,10.5855],[121.986832,10.5854],[121.985687,10.58535],[121.985138,10.58522],[121.983932,10.58514],[121.98275,10.58598],[121.982353,10.58646],[121.98172,10.58713],[121.98082,10.58714],[121.980453,10.58734],[121.979927,10.58743],[121.978531,10.60242],[121.98967,10.60229],[121.998154,10.60246]]]]}},{"type":"Feature","properties":{"ID_0":177,"ISO":"PHL","NAME_0":"Philippines","ID_1":6006,"NAME_1":"Antique","ID_2":600608,"NAME_2":"Hamtic","ID_3":600608024,"NAME_3":"Guintas","NL_NAME_3":null,"VARNAME_3":null,"TYPE_3":"Barangay","ENGTYPE_3":"Village","PROVINCE":"Antique","REGION":"Region VI (Western Visayas)","id":"barangay-0600608024","name":"Guintas","barangayCode":"0600608024","population":null,"formattedPop":null,"densityCategory":"No data","vulnerabilityRating":"No data","healthRiskLevel":"No data","areaKm2":2.222794,"centerLat":10.661491,"centerLng":121.986755,"geometrySource":"all_barangay-2.csv detailed WKT","geometryMatchMethod":"unique_official_admin_names","boundaryPointCount":14},"geometry":{"type":"MultiPolygon","coordinates":[[[[121.994141,10.66209],[121.995819,10.65561],[121.978439,10.65648],[121.976624,10.65662],[121.976593,10.65711],[121.97673,10.65774],[121.97673,10.6587],[121.976936,10.65939],[121.977219,10.65995],[121.977753,10.66153],[121.977837,10.66208],[121.977898,10.6623],[121.97924,10.66227],[121.994141,10.66209]]]]}},{"type":"Feature","properties":{"ID_0":177,"ISO":"PHL","NAME_0":"Philippines","ID_1":6006,"NAME_1":"Antique","ID_2":600608,"NAME_2":"Hamtic","ID_3":600608025,"NAME_3":"Igbical","NL_NAME_3":null,"VARNAME_3":null,"TYPE_3":"Barangay","ENGTYPE_3":"Village","PROVINCE":"Antique","REGION":"Region VI (Western Visayas)","id":"barangay-0600608025","name":"Igbical","barangayCode":"0600608025","population":null,"formattedPop":null,"densityCategory":"No data","vulnerabilityRating":"No data","healthRiskLevel":"No data","areaKm2":1.776294,"centerLat":10.692044,"centerLng":122.001695,"geometrySource":"all_barangay-2.csv detailed WKT","geometryMatchMethod":"unique_official_admin_names","boundaryPointCount":29},"geometry":{"type":"MultiPolygon","coordinates":[[[[121.998466,10.69685],[121.999619,10.69666],[122.000862,10.69627],[122.002281,10.69628],[122.00415,10.69586],[122.005043,10.69597],[122.006287,10.69587],[122.007477,10.69503],[122.008873,10.69408],[122.010757,10.69382],[122.01255,10.69389],[122.013367,10.6937],[122.015083,10.69365],[122.015099,10.69349],[122.015747,10.69322],[122.016777,10.6925],[122.017593,10.6917],[122.018143,10.69036],[122.018066,10.68965],[122.017593,10.6891],[122.01709,10.68786],[122.017174,10.6871],[122.01664,10.68647],[122.015511,10.68588],[122.014328,10.68497],[122.014091,10.68435],[122.014259,10.68365],[121.999992,10.68414],[121.998466,10.69685]]]]}},{"type":"Feature","properties":{"ID_0":177,"ISO":"PHL","NAME_0":"Philippines","ID_1":6006,"NAME_1":"Antique","ID_2":600608,"NAME_2":"Hamtic","ID_3":600608026,"NAME_3":"Igbucagay","NL_NAME_3":null,"VARNAME_3":null,"TYPE_3":"Barangay","ENGTYPE_3":"Village","PROVINCE":"Antique","REGION":"Region VI (Western Visayas)","id":"barangay-0600608026","name":"Igbucagay","barangayCode":"0600608026","population":null,"formattedPop":null,"densityCategory":"No data","vulnerabilityRating":"No data","healthRiskLevel":"No data","areaKm2":2.277662,"centerLat":10.605707,"centerLng":122.022622,"geometrySource":"all_barangay-2.csv detailed WKT","geometryMatchMethod":"unique_official_admin_names","boundaryPointCount":18},"geometry":{"type":"MultiPolygon","coordinates":[[[[122.014862,10.60835],[122.022743,10.6087],[122.035316,10.60927],[122.035622,10.60928],[122.034271,10.60536],[122.033386,10.60358],[122.033089,10.60349],[122.033051,10.6034],[122.033218,10.60323],[122.03241,10.60161],[122.030884,10.59855],[122.030273,10.59731],[122.023499,10.59906],[122.01619,10.60095],[122.015999,10.60201],[122.015266,10.60397],[122.014519,10.60684],[122.014862,10.60835]]]]}},{"type":"Feature","properties":{"ID_0":177,"ISO":"PHL","NAME_0":"Philippines","ID_1":6006,"NAME_1":"Antique","ID_2":600608,"NAME_2":"Hamtic","ID_3":600608027,"NAME_3":"Inabasan","NL_NAME_3":null,"VARNAME_3":null,"TYPE_3":"Barangay","ENGTYPE_3":"Village","PROVINCE":"Antique","REGION":"Region VI (Western Visayas)","id":"barangay-0600608027","name":"Inabasan","barangayCode":"0600608027","population":null,"formattedPop":null,"densityCategory":"No data","vulnerabilityRating":"No data","healthRiskLevel":"No data","areaKm2":0.30963,"centerLat":10.744222,"centerLng":121.990334,"geometrySource":"all_barangay-2.csv detailed WKT","geometryMatchMethod":"unique_official_admin_names","boundaryPointCount":24},"geometry":{"type":"MultiPolygon","coordinates":[[[[121.963181,10.73553],[121.972023,10.72637],[121.970306,10.72542],[121.967751,10.72411],[121.965897,10.7234],[121.964058,10.72315],[121.961983,10.72317],[121.961937,10.72347],[121.9618,10.72432],[121.961678,10.72493],[121.961441,10.72552],[121.96125,10.72601],[121.961082,10.72649],[121.960381,10.72768],[121.959938,10.72817],[121.960762,10.73075],[121.960648,10.73116],[121.961021,10.73194],[121.961304,10.73253],[121.961327,10.73325],[121.961937,10.73444],[121.962242,10.73498],[121.962624,10.73529],[121.963181,10.73553]]]]}},{"type":"Feature","properties":{"ID_0":177,"ISO":"PHL","NAME_0":"Philippines","ID_1":6006,"NAME_1":"Antique","ID_2":600608,"NAME_2":"Hamtic","ID_3":600608028,"NAME_3":"Ingwan-Batangan","NL_NAME_3":null,"VARNAME_3":null,"TYPE_3":"Barangay","ENGTYPE_3":"Village","PROVINCE":"Antique","REGION":"Region VI (Western Visayas)","id":"barangay-0600608028","name":"Ingwan-Batangan","barangayCode":"0600608028","population":null,"formattedPop":null,"densityCategory":"No data","vulnerabilityRating":"No data","healthRiskLevel":"No data","areaKm2":7.967123,"centerLat":10.712452,"centerLng":122.010146,"geometrySource":"all_barangay-2.csv detailed WKT","geometryMatchMethod":"unique_official_admin_names","boundaryPointCount":37},"geometry":{"type":"MultiPolygon","coordinates":[[[[122.02137,10.70628],[122.021568,10.70525],[122.022324,10.7037],[122.022903,10.70266],[122.023499,10.70159],[122.024292,10.70071],[122.024292,10.70014],[122.023682,10.69948],[122.022957,10.6987],[122.021797,10.69826],[122.02095,10.69767],[122.019592,10.69705],[122.018784,10.6971],[122.018227,10.69626],[122.017303,10.695],[122.016502,10.69445],[122.01606,10.69397],[122.015083,10.69365],[122.013367,10.6937],[122.01255,10.69389],[122.010757,10.69382],[122.008873,10.69408],[122.007477,10.69503],[122.006287,10.69587],[122.005043,10.69597],[122.00415,10.69586],[122.002281,10.69628],[122.000862,10.69627],[121.999619,10.69666],[121.998466,10.69685],[121.99781,10.70282],[121.998383,10.7061],[121.998001,10.70949],[121.997887,10.71239],[121.996719,10.71635],[122.009941,10.71296],[122.02137,10.70628]]]]}},{"type":"Feature","properties":{"ID_0":177,"ISO":"PHL","NAME_0":"Philippines","ID_1":6006,"NAME_1":"Antique","ID_2":600608,"NAME_2":"Hamtic","ID_3":600608029,"NAME_3":"La Paz","NL_NAME_3":null,"VARNAME_3":null,"TYPE_3":"Barangay","ENGTYPE_3":"Village","PROVINCE":"Antique","REGION":"Region VI (Western Visayas)","id":"barangay-0600608029","name":"La Paz","barangayCode":"0600608029","population":null,"formattedPop":null,"densityCategory":"No data","vulnerabilityRating":"No data","healthRiskLevel":"No data","areaKm2":1.429334,"centerLat":10.708054,"centerLng":121.972199,"geometrySource":"all_barangay-2.csv detailed WKT","geometryMatchMethod":"unique_official_admin_names","boundaryPointCount":55},"geometry":{"type":"MultiPolygon","coordinates":[[[[121.976181,10.71118],[121.981087,10.70052],[121.975723,10.69838],[121.976692,10.69676],[121.977821,10.69432],[121.977112,10.6939],[121.97644,10.69292],[121.975616,10.69228],[121.974953,10.69231],[121.974747,10.69248],[121.974243,10.69314],[121.97393,10.69358],[121.973396,10.69409],[121.97287,10.69492],[121.972687,10.69542],[121.97245,10.69594],[121.97242,10.69638],[121.972214,10.69714],[121.971931,10.6979],[121.971649,10.69866],[121.971443,10.6997],[121.97068,10.70177],[121.970543,10.70267],[121.970413,10.70315],[121.970329,10.70343],[121.970123,10.70384],[121.969772,10.7044],[121.969627,10.70495],[121.969566,10.70564],[121.969147,10.70668],[121.968941,10.70737],[121.968559,10.70857],[121.968399,10.709],[121.968277,10.70947],[121.968086,10.70992],[121.967987,10.71042],[121.967842,10.71088],[121.96769,10.71134],[121.967491,10.71177],[121.967262,10.71215],[121.967072,10.71254],[121.966957,10.71296],[121.966629,10.71366],[121.966904,10.71365],[121.967529,10.7137],[121.967682,10.71378],[121.968803,10.71401],[121.969597,10.71453],[121.970512,10.71516],[121.970917,10.71537],[121.97139,10.71546],[121.972107,10.71591],[121.973396,10.71477],[121.974373,10.7135],[121.976181,10.71118]]]]}},{"type":"Feature","properties":{"ID_0":177,"ISO":"PHL","NAME_0":"Philippines","ID_1":6006,"NAME_1":"Antique","ID_2":600608,"NAME_2":"Hamtic","ID_3":600608030,"NAME_3":"Gov. Evelio B. Javier","NL_NAME_3":null,"VARNAME_3":null,"TYPE_3":"Barangay","ENGTYPE_3":"Village","PROVINCE":"Antique","REGION":"Region VI (Western Visayas)","id":"barangay-0600608030","name":"Gov. Evelio B. Javier","barangayCode":"0600608030","population":null,"formattedPop":null,"densityCategory":"No data","vulnerabilityRating":"No data","healthRiskLevel":"No data","areaKm2":3.383189,"centerLat":10.679057,"centerLng":121.997242,"geometrySource":"all_barangay-2.csv detailed WKT","geometryMatchMethod":"unique_official_admin_names","boundaryPointCount":24},"geometry":{"type":"MultiPolygon","coordinates":[[[[121.999992,10.68414],[122.014259,10.68365],[122.014488,10.68294],[122.014137,10.68251],[122.013191,10.68197],[122.012833,10.68084],[122.013008,10.68038],[122.013603,10.67984],[122.014053,10.67914],[122.014076,10.6787],[122.014137,10.67825],[122.013847,10.67757],[122.013588,10.67654],[122.01458,10.67611],[122.015152,10.6759],[122.015419,10.67507],[122.014908,10.67438],[122.014709,10.67333],[122.005577,10.67186],[121.997383,10.67182],[121.990623,10.67279],[121.98909,10.67988],[121.987038,10.68727],[121.999992,10.68414]]]]}},{"type":"Feature","properties":{"ID_0":177,"ISO":"PHL","NAME_0":"Philippines","ID_1":6006,"NAME_1":"Antique","ID_2":600608,"NAME_2":"Hamtic","ID_3":600608031,"NAME_3":"Linaban","NL_NAME_3":null,"VARNAME_3":null,"TYPE_3":"Barangay","ENGTYPE_3":"Village","PROVINCE":"Antique","REGION":"Region VI (Western Visayas)","id":"barangay-0600608031","name":"Linaban","barangayCode":"0600608031","population":null,"formattedPop":null,"densityCategory":"No data","vulnerabilityRating":"No data","healthRiskLevel":"No data","areaKm2":5.848143,"centerLat":10.658674,"centerLng":122.005136,"geometrySource":"all_barangay-2.csv detailed WKT","geometryMatchMethod":"unique_official_admin_names","boundaryPointCount":18},"geometry":{"type":"MultiPolygon","coordinates":[[[[121.990623,10.67279],[121.997383,10.67182],[122.005577,10.67186],[122.014709,10.67333],[122.015167,10.67237],[122.014381,10.67107],[122.013786,10.6704],[122.013382,10.66941],[122.01368,10.66873],[122.01329,10.66787],[122.012894,10.66699],[122.017036,10.64908],[122.006248,10.64555],[122.000061,10.6437],[121.99781,10.65034],[121.995819,10.65561],[121.994141,10.66209],[121.990623,10.67279]]]]}},{"type":"Feature","properties":{"ID_0":177,"ISO":"PHL","NAME_0":"Philippines","ID_1":6006,"NAME_1":"Antique","ID_2":600608,"NAME_2":"Hamtic","ID_3":600608033,"NAME_3":"Malandog","NL_NAME_3":null,"VARNAME_3":null,"TYPE_3":"Barangay","ENGTYPE_3":"Village","PROVINCE":"Antique","REGION":"Region VI (Western Visayas)","id":"barangay-0600608033","name":"Malandog","barangayCode":"0600608033","population":null,"formattedPop":null,"densityCategory":"No data","vulnerabilityRating":"No data","healthRiskLevel":"No data","areaKm2":1.349429,"centerLat":10.724583,"centerLng":121.966178,"geometrySource":"all_barangay-2.csv detailed WKT","geometryMatchMethod":"unique_official_admin_names","boundaryPointCount":47},"geometry":{"type":"MultiPolygon","coordinates":[[[[121.975471,10.7283],[121.976051,10.72702],[121.976593,10.72632],[121.977699,10.72586],[121.97934,10.72494],[121.98127,10.72344],[121.983856,10.72089],[121.985413,10.71607],[121.981117,10.71384],[121.977859,10.71205],[121.976181,10.71118],[121.974373,10.7135],[121.973396,10.71477],[121.972107,10.71591],[121.97139,10.71546],[121.970917,10.71537],[121.970512,10.71516],[121.969597,10.71453],[121.968803,10.71401],[121.967682,10.71378],[121.967529,10.7137],[121.966904,10.71365],[121.966629,10.71366],[121.966423,10.7141],[121.966202,10.71459],[121.965851,10.71521],[121.965508,10.7159],[121.965103,10.71657],[121.964951,10.7168],[121.964394,10.71749],[121.963913,10.71811],[121.963531,10.71845],[121.962929,10.71901],[121.962517,10.71959],[121.962303,10.71991],[121.961884,10.72063],[121.961868,10.72136],[121.961769,10.72202],[121.96196,10.72242],[121.961983,10.72317],[121.964058,10.72315],[121.965897,10.7234],[121.967751,10.72411],[121.970306,10.72542],[121.972023,10.72637],[121.973923,10.72759],[121.975471,10.7283]]]]}},{"type":"Feature","properties":{"ID_0":177,"ISO":"PHL","NAME_0":"Philippines","ID_1":6006,"NAME_1":"Antique","ID_2":600608,"NAME_2":"Hamtic","ID_3":600608034,"NAME_3":"Mapatag","NL_NAME_3":null,"VARNAME_3":null,"TYPE_3":"Barangay","ENGTYPE_3":"Village","PROVINCE":"Antique","REGION":"Region VI (Western Visayas)","id":"barangay-0600608034","name":"Mapatag","barangayCode":"0600608034","population":null,"formattedPop":null,"densityCategory":"No data","vulnerabilityRating":"No data","healthRiskLevel":"No data","areaKm2":5.034023,"centerLat":10.609053,"centerLng":121.984464,"geometrySource":"all_barangay-2.csv detailed WKT","geometryMatchMethod":"unique_official_admin_names","boundaryPointCount":32},"geometry":{"type":"MultiPolygon","coordinates":[[[[121.998451,10.61235],[121.999359,10.61129],[122.000076,10.61009],[122.001343,10.60829],[122.002251,10.60648],[122.002617,10.60467],[122.002823,10.60285],[121.998154,10.60246],[121.98967,10.60229],[121.978531,10.60242],[121.972527,10.60239],[121.968918,10.60557],[121.967941,10.60568],[121.967972,10.60593],[121.96846,10.60676],[121.96846,10.60703],[121.968613,10.60732],[121.968719,10.60783],[121.968903,10.60879],[121.969177,10.60913],[121.969177,10.60934],[121.969254,10.61044],[121.969254,10.61245],[121.969322,10.61307],[121.96946,10.61376],[121.969597,10.61404],[121.970291,10.6148],[121.970367,10.61535],[121.970367,10.61597],[121.970543,10.61687],[121.971443,10.6167],[121.998451,10.61235]]]]}},{"type":"Feature","properties":{"ID_0":177,"ISO":"PHL","NAME_0":"Philippines","ID_1":6006,"NAME_1":"Antique","ID_2":600608,"NAME_2":"Hamtic","ID_3":600608035,"NAME_3":"Masanag","NL_NAME_3":null,"VARNAME_3":null,"TYPE_3":"Barangay","ENGTYPE_3":"Village","PROVINCE":"Antique","REGION":"Region VI (Western Visayas)","id":"barangay-0600608035","name":"Masanag","barangayCode":"0600608035","population":null,"formattedPop":null,"densityCategory":"No data","vulnerabilityRating":"No data","healthRiskLevel":"No data","areaKm2":2.913913,"centerLat":10.694211,"centerLng":122.030184,"geometrySource":"all_barangay-2.csv detailed WKT","geometryMatchMethod":"unique_official_admin_names","boundaryPointCount":37},"geometry":{"type":"MultiPolygon","coordinates":[[[[122.059013,10.70141],[122.051102,10.68542],[122.048492,10.68037],[122.027412,10.6802],[122.027687,10.68149],[122.027603,10.68203],[122.027458,10.68279],[122.026817,10.68398],[122.025993,10.68575],[122.024918,10.68658],[122.024544,10.68699],[122.024658,10.68743],[122.024933,10.68766],[122.025093,10.68806],[122.025414,10.68779],[122.025848,10.68744],[122.026749,10.68732],[122.027588,10.68761],[122.028419,10.6884],[122.028793,10.68877],[122.030144,10.68904],[122.031158,10.68946],[122.032043,10.68956],[122.033279,10.69022],[122.034332,10.6903],[122.035583,10.69003],[122.036827,10.69057],[122.037613,10.6908],[122.038094,10.69091],[122.039421,10.69039],[122.040359,10.69069],[122.041473,10.69136],[122.042137,10.69199],[122.042603,10.69237],[122.043808,10.69521],[122.048843,10.70545],[122.059013,10.70141]]]]}},{"type":"Feature","properties":{"ID_0":177,"ISO":"PHL","NAME_0":"Philippines","ID_1":6006,"NAME_1":"Antique","ID_2":600608,"NAME_2":"Hamtic","ID_3":600608036,"NAME_3":"Nalihawan","NL_NAME_3":null,"VARNAME_3":null,"TYPE_3":"Barangay","ENGTYPE_3":"Village","PROVINCE":"Antique","REGION":"Region VI (Western Visayas)","id":"barangay-0600608036","name":"Nalihawan","barangayCode":"0600608036","population":null,"formattedPop":null,"densityCategory":"No data","vulnerabilityRating":"No data","healthRiskLevel":"No data","areaKm2":3.968997,"centerLat":10.706335,"centerLng":122.030509,"geometrySource":"all_barangay-2.csv detailed WKT","geometryMatchMethod":"unique_official_admin_names","boundaryPointCount":48},"geometry":{"type":"MultiPolygon","coordinates":[[[[122.043808,10.69521],[122.042603,10.69237],[122.042137,10.69199],[122.041473,10.69136],[122.040359,10.69069],[122.039421,10.69039],[122.038094,10.69091],[122.037613,10.6908],[122.036827,10.69057],[122.035583,10.69003],[122.034332,10.6903],[122.033279,10.69022],[122.032043,10.68956],[122.031158,10.68946],[122.030144,10.68904],[122.028793,10.68877],[122.028419,10.6884],[122.027588,10.68761],[122.026749,10.68732],[122.025848,10.68744],[122.025414,10.68779],[122.025093,10.68806],[122.024178,10.68901],[122.02298,10.68991],[122.022202,10.69031],[122.021561,10.69164],[122.020752,10.69229],[122.019493,10.69274],[122.018257,10.6925],[122.016647,10.69386],[122.016502,10.69445],[122.017303,10.695],[122.018227,10.69626],[122.018784,10.6971],[122.019592,10.69705],[122.02095,10.69767],[122.021797,10.69826],[122.022957,10.6987],[122.023682,10.69948],[122.024292,10.70014],[122.024292,10.70071],[122.023499,10.70159],[122.022903,10.70266],[122.022324,10.7037],[122.021568,10.70525],[122.02137,10.70628],[122.035202,10.69913],[122.043808,10.69521]]]]}},{"type":"Feature","properties":{"ID_0":177,"ISO":"PHL","NAME_0":"Philippines","ID_1":6006,"NAME_1":"Antique","ID_2":600608,"NAME_2":"Hamtic","ID_3":600608037,"NAME_3":"Pamandayan","NL_NAME_3":null,"VARNAME_3":null,"TYPE_3":"Barangay","ENGTYPE_3":"Village","PROVINCE":"Antique","REGION":"Region VI (Western Visayas)","id":"barangay-0600608037","name":"Pamandayan","barangayCode":"0600608037","population":null,"formattedPop":null,"densityCategory":"No data","vulnerabilityRating":"No data","healthRiskLevel":"No data","areaKm2":3.954584,"centerLat":10.646115,"centerLng":122.037813,"geometrySource":"all_barangay-2.csv detailed WKT","geometryMatchMethod":"unique_official_admin_names","boundaryPointCount":27},"geometry":{"type":"MultiPolygon","coordinates":[[[[122.036438,10.65365],[122.043716,10.65235],[122.053398,10.65062],[122.052696,10.64985],[122.05246,10.64959],[122.051826,10.64871],[122.051048,10.64794],[122.050522,10.64724],[122.050468,10.64717],[122.050407,10.64702],[122.04995,10.64594],[122.049927,10.6456],[122.049896,10.64456],[122.049889,10.64395],[122.049873,10.64351],[122.04969,10.64246],[122.049538,10.64221],[122.049477,10.64213],[122.049309,10.64185],[122.049133,10.64173],[122.049103,10.64198],[122.047974,10.64136],[122.046371,10.63896],[122.046303,10.63816],[122.031822,10.64136],[122.025749,10.65111],[122.036438,10.65365]]]]}},{"type":"Feature","properties":{"ID_0":177,"ISO":"PHL","NAME_0":"Philippines","ID_1":6006,"NAME_1":"Antique","ID_2":600608,"NAME_2":"Hamtic","ID_3":600608038,"NAME_3":"Pasu-Jungao","NL_NAME_3":null,"VARNAME_3":null,"TYPE_3":"Barangay","ENGTYPE_3":"Village","PROVINCE":"Antique","REGION":"Region VI (Western Visayas)","id":"barangay-0600608038","name":"Pasu-Jungao","barangayCode":"0600608038","population":null,"formattedPop":null,"densityCategory":"No data","vulnerabilityRating":"No data","healthRiskLevel":"No data","areaKm2":5.572038,"centerLat":10.661682,"centerLng":122.048223,"geometrySource":"all_barangay-2.csv detailed WKT","geometryMatchMethod":"unique_official_admin_names","boundaryPointCount":20},"geometry":{"type":"MultiPolygon","coordinates":[[[[122.062309,10.66854],[122.060158,10.66121],[122.059753,10.65979],[122.058792,10.65649],[122.057602,10.65504],[122.056473,10.6539],[122.056267,10.6537],[122.056137,10.65354],[122.055206,10.6525],[122.054367,10.65165],[122.053871,10.65112],[122.053398,10.65062],[122.043716,10.65235],[122.036438,10.65365],[122.036926,10.66203],[122.037231,10.66684],[122.042267,10.66954],[122.045631,10.67408],[122.057167,10.67025],[122.062309,10.66854]]]]}},{"type":"Feature","properties":{"ID_0":177,"ISO":"PHL","NAME_0":"Philippines","ID_1":6006,"NAME_1":"Antique","ID_2":600608,"NAME_2":"Hamtic","ID_3":600608039,"NAME_3":"Piapi I","NL_NAME_3":null,"VARNAME_3":null,"TYPE_3":"Barangay","ENGTYPE_3":"Village","PROVINCE":"Antique","REGION":"Region VI (Western Visayas)","id":"barangay-0600608039","name":"Piapi I","barangayCode":"0600608039","population":null,"formattedPop":null,"densityCategory":"No data","vulnerabilityRating":"No data","healthRiskLevel":"No data","areaKm2":1.352794,"centerLat":10.730538,"centerLng":121.971501,"geometrySource":"all_barangay-2.csv detailed WKT","geometryMatchMethod":"unique_official_admin_names","boundaryPointCount":35},"geometry":{"type":"MultiPolygon","coordinates":[[[[121.963181,10.73553],[121.963753,10.73597],[121.964241,10.73607],[121.964729,10.73576],[121.965202,10.73554],[121.965477,10.73555],[121.965797,10.73578],[121.965973,10.73605],[121.966164,10.73637],[121.966293,10.73666],[121.966362,10.73699],[121.966362,10.7374],[121.966583,10.73786],[121.966537,10.73856],[121.966621,10.73928],[121.967163,10.73989],[121.96756,10.74018],[121.967819,10.7408],[121.968491,10.74078],[121.968903,10.74119],[121.969208,10.74117],[121.969688,10.74114],[121.969719,10.7412],[121.969872,10.74172],[121.970207,10.74187],[121.970787,10.74162],[121.971733,10.74187],[121.972557,10.74265],[121.980171,10.73195],[121.979019,10.73054],[121.976608,10.72912],[121.975471,10.7283],[121.973923,10.72759],[121.972023,10.72637],[121.963181,10.73553]]]]}},{"type":"Feature","properties":{"ID_0":177,"ISO":"PHL","NAME_0":"Philippines","ID_1":6006,"NAME_1":"Antique","ID_2":600608,"NAME_2":"Hamtic","ID_3":600608040,"NAME_3":"Piapi II","NL_NAME_3":null,"VARNAME_3":null,"TYPE_3":"Barangay","ENGTYPE_3":"Village","PROVINCE":"Antique","REGION":"Region VI (Western Visayas)","id":"barangay-0600608040","name":"Piapi II","barangayCode":"0600608040","population":null,"formattedPop":null,"densityCategory":"No data","vulnerabilityRating":"No data","healthRiskLevel":"No data","areaKm2":1.352079,"centerLat":10.736512,"centerLng":121.977277,"geometrySource":"all_barangay-2.csv detailed WKT","geometryMatchMethod":"unique_official_admin_names","boundaryPointCount":26},"geometry":{"type":"MultiPolygon","coordinates":[[[[121.986351,10.74653],[121.986717,10.74396],[121.986237,10.74174],[121.985512,10.73986],[121.984489,10.73775],[121.983902,10.73646],[121.98275,10.73446],[121.981323,10.73293],[121.980171,10.73195],[121.972557,10.74265],[121.972839,10.74343],[121.973221,10.74432],[121.97364,10.74484],[121.974258,10.745],[121.974854,10.74519],[121.97538,10.74573],[121.975723,10.74628],[121.976791,10.7468],[121.977402,10.74743],[121.978607,10.74772],[121.979607,10.74776],[121.981079,10.74732],[121.983017,10.74695],[121.983818,10.74694],[121.984657,10.74694],[121.986351,10.74653]]]]}},{"type":"Feature","properties":{"ID_0":177,"ISO":"PHL","NAME_0":"Philippines","ID_1":6006,"NAME_1":"Antique","ID_2":600608,"NAME_2":"Hamtic","ID_3":600608041,"NAME_3":"Piapi III","NL_NAME_3":null,"VARNAME_3":null,"TYPE_3":"Barangay","ENGTYPE_3":"Village","PROVINCE":"Antique","REGION":"Region VI (Western Visayas)","id":"barangay-0600608041","name":"Piapi III","barangayCode":"0600608041","population":null,"formattedPop":null,"densityCategory":"No data","vulnerabilityRating":"No data","healthRiskLevel":"No data","areaKm2":1.654428,"centerLat":10.739969,"centerLng":121.985095,"geometrySource":"all_barangay-2.csv detailed WKT","geometryMatchMethod":"unique_official_admin_names","boundaryPointCount":14},"geometry":{"type":"MultiPolygon","coordinates":[[[[121.994499,10.74458],[121.994904,10.74385],[121.995377,10.74331],[121.990829,10.7372],[121.983902,10.73646],[121.984489,10.73775],[121.985512,10.73986],[121.986237,10.74174],[121.986717,10.74396],[121.986351,10.74653],[121.987343,10.74597],[121.992821,10.74567],[121.993797,10.74527],[121.994499,10.74458]]]]}},{"type":"Feature","properties":{"ID_0":177,"ISO":"PHL","NAME_0":"Philippines","ID_1":6006,"NAME_1":"Antique","ID_2":600608,"NAME_2":"Hamtic","ID_3":600608042,"NAME_3":"Pili 1, 2, 3","NL_NAME_3":null,"VARNAME_3":null,"TYPE_3":"Barangay","ENGTYPE_3":"Village","PROVINCE":"Antique","REGION":"Region VI (Western Visayas)","id":"barangay-0600608042","name":"Pili 1, 2, 3","barangayCode":"0600608042","population":null,"formattedPop":null,"densityCategory":"No data","vulnerabilityRating":"No data","healthRiskLevel":"No data","areaKm2":4.487702,"centerLat":10.679567,"centerLng":122.036795,"geometrySource":"all_barangay-2.csv detailed WKT","geometryMatchMethod":"unique_official_admin_names","boundaryPointCount":7},"geometry":{"type":"MultiPolygon","coordinates":[[[[122.048492,10.68037],[122.045631,10.67408],[122.042267,10.66954],[122.037231,10.66684],[122.027328,10.67193],[122.027412,10.6802],[122.048492,10.68037]]]]}},{"type":"Feature","properties":{"ID_0":177,"ISO":"PHL","NAME_0":"Philippines","ID_1":6006,"NAME_1":"Antique","ID_2":600608,"NAME_2":"Hamtic","ID_3":600608045,"NAME_3":"Poblacion 1","NL_NAME_3":null,"VARNAME_3":null,"TYPE_3":"Barangay","ENGTYPE_3":"Village","PROVINCE":"Antique","REGION":"Region VI (Western Visayas)","id":"barangay-0600608045","name":"Poblacion 1","barangayCode":"0600608045","population":null,"formattedPop":null,"densityCategory":"No data","vulnerabilityRating":"No data","healthRiskLevel":"No data","areaKm2":0.287969,"centerLat":10.699385,"centerLng":121.976125,"geometrySource":"all_barangay-2.csv detailed WKT","geometryMatchMethod":"unique_official_admin_names","boundaryPointCount":7},"geometry":{"type":"MultiPolygon","coordinates":[[[[121.982071,10.69912],[121.980141,10.6983],[121.979019,10.69785],[121.976692,10.69676],[121.975723,10.69838],[121.981087,10.70052],[121.982071,10.69912]]]]}},{"type":"Feature","properties":{"ID_0":177,"ISO":"PHL","NAME_0":"Philippines","ID_1":6006,"NAME_1":"Antique","ID_2":600608,"NAME_2":"Hamtic","ID_3":600608046,"NAME_3":"Poblacion 2","NL_NAME_3":null,"VARNAME_3":null,"TYPE_3":"Barangay","ENGTYPE_3":"Village","PROVINCE":"Antique","REGION":"Region VI (Western Visayas)","id":"barangay-0600608046","name":"Poblacion 2","barangayCode":"0600608046","population":null,"formattedPop":null,"densityCategory":"No data","vulnerabilityRating":"No data","healthRiskLevel":"No data","areaKm2":0.351345,"centerLat":10.697303,"centerLng":121.977641,"geometrySource":"all_barangay-2.csv detailed WKT","geometryMatchMethod":"unique_official_admin_names","boundaryPointCount":15},"geometry":{"type":"MultiPolygon","coordinates":[[[[121.982071,10.69912],[121.983673,10.69725],[121.983452,10.69706],[121.982903,10.69618],[121.982399,10.69561],[121.981758,10.69517],[121.9813,10.69464],[121.980453,10.69408],[121.97963,10.69413],[121.978737,10.69429],[121.977821,10.69432],[121.976692,10.69676],[121.979019,10.69785],[121.980141,10.6983],[121.982071,10.69912]]]]}},{"type":"Feature","properties":{"ID_0":177,"ISO":"PHL","NAME_0":"Philippines","ID_1":6006,"NAME_1":"Antique","ID_2":600608,"NAME_2":"Hamtic","ID_3":600608047,"NAME_3":"Poblacion 3","NL_NAME_3":null,"VARNAME_3":null,"TYPE_3":"Barangay","ENGTYPE_3":"Village","PROVINCE":"Antique","REGION":"Region VI (Western Visayas)","id":"barangay-0600608047","name":"Poblacion 3","barangayCode":"0600608047","population":null,"formattedPop":null,"densityCategory":"No data","vulnerabilityRating":"No data","healthRiskLevel":"No data","areaKm2":1.315575,"centerLat":10.710274,"centerLng":121.977717,"geometrySource":"all_barangay-2.csv detailed WKT","geometryMatchMethod":"unique_official_admin_names","boundaryPointCount":13},"geometry":{"type":"MultiPolygon","coordinates":[[[[121.977859,10.71205],[121.984848,10.69974],[121.985382,10.699],[121.98558,10.69876],[121.986229,10.69761],[121.985558,10.69784],[121.984917,10.69809],[121.984161,10.69773],[121.983673,10.69725],[121.982071,10.69912],[121.981087,10.70052],[121.976181,10.71118],[121.977859,10.71205]]]]}},{"type":"Feature","properties":{"ID_0":177,"ISO":"PHL","NAME_0":"Philippines","ID_1":6006,"NAME_1":"Antique","ID_2":600608,"NAME_2":"Hamtic","ID_3":600608048,"NAME_3":"Poblacion 4","NL_NAME_3":null,"VARNAME_3":null,"TYPE_3":"Barangay","ENGTYPE_3":"Village","PROVINCE":"Antique","REGION":"Region VI (Western Visayas)","id":"barangay-0600608048","name":"Poblacion 4","barangayCode":"0600608048","population":null,"formattedPop":null,"densityCategory":"No data","vulnerabilityRating":"No data","healthRiskLevel":"No data","areaKm2":1.001551,"centerLat":10.710894,"centerLng":121.982161,"geometrySource":"all_barangay-2.csv detailed WKT","geometryMatchMethod":"unique_official_admin_names","boundaryPointCount":14},"geometry":{"type":"MultiPolygon","coordinates":[[[[121.981117,10.71384],[121.987633,10.70129],[121.988327,10.70042],[121.989639,10.69785],[121.98912,10.69749],[121.988487,10.69713],[121.987701,10.69713],[121.987106,10.69726],[121.986229,10.69761],[121.98558,10.69876],[121.985382,10.699],[121.984848,10.69974],[121.977859,10.71205],[121.981117,10.71384]]]]}},{"type":"Feature","properties":{"ID_0":177,"ISO":"PHL","NAME_0":"Philippines","ID_1":6006,"NAME_1":"Antique","ID_2":600608,"NAME_2":"Hamtic","ID_3":600608049,"NAME_3":"Poblacion 5","NL_NAME_3":null,"VARNAME_3":null,"TYPE_3":"Barangay","ENGTYPE_3":"Village","PROVINCE":"Antique","REGION":"Region VI (Western Visayas)","id":"barangay-0600608049","name":"Poblacion 5","barangayCode":"0600608049","population":null,"formattedPop":null,"densityCategory":"No data","vulnerabilityRating":"No data","healthRiskLevel":"No data","areaKm2":1.947768,"centerLat":10.709047,"centerLng":121.990988,"geometrySource":"all_barangay-2.csv detailed WKT","geometryMatchMethod":"unique_official_admin_names","boundaryPointCount":24},"geometry":{"type":"MultiPolygon","coordinates":[[[[121.996719,10.71635],[121.997887,10.71239],[121.998001,10.70949],[121.998383,10.7061],[121.99781,10.70282],[121.998466,10.69685],[121.998222,10.69681],[121.996986,10.69694],[121.996323,10.69681],[121.995018,10.69694],[121.993347,10.69755],[121.99292,10.69754],[121.991798,10.69817],[121.990181,10.69812],[121.989639,10.69785],[121.988327,10.70042],[121.987633,10.70129],[121.981117,10.71384],[121.985413,10.71607],[121.987518,10.71579],[121.989662,10.71575],[121.992111,10.71569],[121.994347,10.71596],[121.996719,10.71635]]]]}},{"type":"Feature","properties":{"ID_0":177,"ISO":"PHL","NAME_0":"Philippines","ID_1":6006,"NAME_1":"Antique","ID_2":600608,"NAME_2":"Hamtic","ID_3":600608050,"NAME_3":"Pu-ao","NL_NAME_3":null,"VARNAME_3":null,"TYPE_3":"Barangay","ENGTYPE_3":"Village","PROVINCE":"Antique","REGION":"Region VI (Western Visayas)","id":"barangay-0600608050","name":"Pu-ao","barangayCode":"0600608050","population":null,"formattedPop":null,"densityCategory":"No data","vulnerabilityRating":"No data","healthRiskLevel":"No data","areaKm2":1.193363,"centerLat":10.670626,"centerLng":121.985739,"geometrySource":"all_barangay-2.csv detailed WKT","geometryMatchMethod":"unique_official_admin_names","boundaryPointCount":15},"geometry":{"type":"MultiPolygon","coordinates":[[[[121.990623,10.67279],[121.994141,10.66209],[121.97924,10.66227],[121.977898,10.6623],[121.978012,10.66268],[121.978058,10.66333],[121.977997,10.66415],[121.977997,10.66498],[121.978073,10.66581],[121.978073,10.6665],[121.978287,10.66733],[121.978287,10.66872],[121.978348,10.66969],[121.978554,10.66975],[121.990623,10.67279]]]]}},{"type":"Feature","properties":{"ID_0":177,"ISO":"PHL","NAME_0":"Philippines","ID_1":6006,"NAME_1":"Antique","ID_2":600608,"NAME_2":"Hamtic","ID_3":600608051,"NAME_3":"Suloc","NL_NAME_3":null,"VARNAME_3":null,"TYPE_3":"Barangay","ENGTYPE_3":"Village","PROVINCE":"Antique","REGION":"Region VI (Western Visayas)","id":"barangay-0600608051","name":"Suloc","barangayCode":"0600608051","population":null,"formattedPop":null,"densityCategory":"No data","vulnerabilityRating":"No data","healthRiskLevel":"No data","areaKm2":5.86968,"centerLat":10.694189,"centerLng":122.060588,"geometrySource":"all_barangay-2.csv detailed WKT","geometryMatchMethod":"unique_official_admin_names","boundaryPointCount":15},"geometry":{"type":"MultiPolygon","coordinates":[[[[122.069023,10.6976],[122.077164,10.69389],[122.078362,10.69334],[122.07708,10.69203],[122.076874,10.69185],[122.075684,10.69081],[122.073593,10.69019],[122.07357,10.6901],[122.07354,10.68998],[122.070747,10.68018],[122.070213,10.67829],[122.063911,10.68064],[122.051102,10.68542],[122.059013,10.70141],[122.069023,10.6976]]]]}},{"type":"Feature","properties":{"ID_0":177,"ISO":"PHL","NAME_0":"Philippines","ID_1":6006,"NAME_1":"Antique","ID_2":600608,"NAME_2":"Hamtic","ID_3":600608053,"NAME_3":"Villavert-Jimenez","NL_NAME_3":null,"VARNAME_3":null,"TYPE_3":"Barangay","ENGTYPE_3":"Village","PROVINCE":"Antique","REGION":"Region VI (Western Visayas)","id":"barangay-0600608053","name":"Villavert-Jimenez","barangayCode":"0600608053","population":null,"formattedPop":null,"densityCategory":"No data","vulnerabilityRating":"No data","healthRiskLevel":"No data","areaKm2":1.924763,"centerLat":10.639063,"centerLng":121.983761,"geometrySource":"all_barangay-2.csv detailed WKT","geometryMatchMethod":"unique_official_admin_names","boundaryPointCount":24},"geometry":{"type":"MultiPolygon","coordinates":[[[[121.975723,10.64313],[121.977158,10.6431],[121.984879,10.64328],[121.985207,10.64208],[121.986618,10.64118],[121.988571,10.64029],[121.989983,10.6397],[121.991409,10.63865],[121.991623,10.63669],[121.99173,10.62703],[121.975693,10.63403],[121.974693,10.63435],[121.974747,10.63486],[121.974747,10.63659],[121.974457,10.63714],[121.974678,10.63783],[121.974876,10.63839],[121.974876,10.64005],[121.975029,10.64046],[121.975098,10.64101],[121.975372,10.64157],[121.975616,10.64197],[121.975693,10.6428],[121.975723,10.64313]]]]}},{"type":"Feature","properties":{"ID_0":177,"ISO":"PHL","NAME_0":"Philippines","ID_1":6006,"NAME_1":"Antique","ID_2":600609,"NAME_2":"Laua-an","ID_3":600609002,"NAME_3":"Banban","NL_NAME_3":null,"VARNAME_3":null,"TYPE_3":"Barangay","ENGTYPE_3":"Village","PROVINCE":"Antique","REGION":"Region VI (Western Visayas)","id":"barangay-0600609002","name":"Banban","barangayCode":"0600609002","population":null,"formattedPop":null,"densityCategory":"No data","vulnerabilityRating":"No data","healthRiskLevel":"No data","areaKm2":0.517722,"centerLat":11.167685,"centerLng":122.044076,"geometrySource":"all_barangay-2.csv detailed WKT","geometryMatchMethod":"unique_official_admin_names","boundaryPointCount":30},"geometry":{"type":"MultiPolygon","coordinates":[[[[122.051117,11.17453],[122.052338,11.16861],[122.050667,11.16925],[122.049782,11.16929],[122.049156,11.16846],[122.048683,11.16729],[122.047287,11.167],[122.046608,11.16605],[122.045807,11.16557],[122.044151,11.16558],[122.042847,11.16576],[122.041862,11.16476],[122.040787,11.16383],[122.039337,11.16358],[122.037903,11.16376],[122.037216,11.16389],[122.037216,11.16528],[122.036942,11.16556],[122.036942,11.16611],[122.036667,11.16639],[122.036667,11.16806],[122.036392,11.16833],[122.036392,11.16889],[122.03611,11.16917],[122.03611,11.16972],[122.035843,11.17],[122.035843,11.17317],[122.036133,11.17315],[122.047073,11.17416],[122.051117,11.17453]]]]}},{"type":"Feature","properties":{"ID_0":177,"ISO":"PHL","NAME_0":"Philippines","ID_1":6006,"NAME_1":"Antique","ID_2":600609,"NAME_2":"Laua-an","ID_3":600609003,"NAME_3":"Bongbongan","NL_NAME_3":null,"VARNAME_3":null,"TYPE_3":"Barangay","ENGTYPE_3":"Village","PROVINCE":"Antique","REGION":"Region VI (Western Visayas)","id":"barangay-0600609003","name":"Bongbongan","barangayCode":"0600609003","population":null,"formattedPop":null,"densityCategory":"No data","vulnerabilityRating":"No data","healthRiskLevel":"No data","areaKm2":1.362604,"centerLat":11.139432,"centerLng":122.065098,"geometrySource":"all_barangay-2.csv detailed WKT","geometryMatchMethod":"unique_official_admin_names","boundaryPointCount":5},"geometry":{"type":"MultiPolygon","coordinates":[[[[122.069946,11.15282],[122.077377,11.14811],[122.065018,11.14101],[122.063698,11.1515],[122.069946,11.15282]]]]}},{"type":"Feature","properties":{"ID_0":177,"ISO":"PHL","NAME_0":"Philippines","ID_1":6006,"NAME_1":"Antique","ID_2":600609,"NAME_2":"Laua-an","ID_3":600609004,"NAME_3":"Cabariwan","NL_NAME_3":null,"VARNAME_3":null,"TYPE_3":"Barangay","ENGTYPE_3":"Village","PROVINCE":"Antique","REGION":"Region VI (Western Visayas)","id":"barangay-0600609004","name":"Cabariwan","barangayCode":"0600609004","population":null,"formattedPop":null,"densityCategory":"No data","vulnerabilityRating":"No data","healthRiskLevel":"No data","areaKm2":1.39281,"centerLat":11.13511,"centerLng":122.049835,"geometrySource":"all_barangay-2.csv detailed WKT","geometryMatchMethod":"unique_official_admin_names","boundaryPointCount":27},"geometry":{"type":"MultiPolygon","coordinates":[[[[122.04953,11.14084],[122.053963,11.14096],[122.053123,11.1332],[122.039917,11.13479],[122.039169,11.13486],[122.039169,11.13556],[122.038887,11.13583],[122.039169,11.13611],[122.039169,11.13722],[122.038887,11.1375],[122.039169,11.13778],[122.039169,11.13833],[122.038887,11.13861],[122.038887,11.13944],[122.039169,11.13972],[122.038887,11.14],[122.038887,11.14087],[122.039413,11.14097],[122.039467,11.14098],[122.040802,11.14117],[122.041183,11.14125],[122.042252,11.14114],[122.043282,11.1408],[122.044701,11.14074],[122.045967,11.14121],[122.047913,11.14128],[122.04953,11.14084]]]]}},{"type":"Feature","properties":{"ID_0":177,"ISO":"PHL","NAME_0":"Philippines","ID_1":6006,"NAME_1":"Antique","ID_2":600609,"NAME_2":"Laua-an","ID_3":600609005,"NAME_3":"Cadajug","NL_NAME_3":null,"VARNAME_3":null,"TYPE_3":"Barangay","ENGTYPE_3":"Village","PROVINCE":"Antique","REGION":"Region VI (Western Visayas)","id":"barangay-0600609005","name":"Cadajug","barangayCode":"0600609005","population":null,"formattedPop":null,"densityCategory":"No data","vulnerabilityRating":"No data","healthRiskLevel":"No data","areaKm2":1.653173,"centerLat":11.104444,"centerLng":122.052413,"geometrySource":"all_barangay-2.csv detailed WKT","geometryMatchMethod":"unique_official_admin_names","boundaryPointCount":29},"geometry":{"type":"MultiPolygon","coordinates":[[[[122.056152,11.10887],[122.06485,11.10259],[122.063049,11.10219],[122.060501,11.10217],[122.057266,11.10156],[122.054024,11.10132],[122.051933,11.10162],[122.049843,11.10165],[122.049057,11.10127],[122.047867,11.10124],[122.046547,11.10141],[122.043999,11.10224],[122.043053,11.10386],[122.043053,11.10417],[122.042587,11.10505],[122.042236,11.10602],[122.04203,11.10685],[122.041672,11.10734],[122.041191,11.10781],[122.040833,11.10806],[122.040558,11.10778],[122.040283,11.10806],[122.040283,11.10833],[122.040001,11.10861],[122.040001,11.10917],[122.040283,11.10944],[122.040283,11.10983],[122.040749,11.10913],[122.056152,11.10887]]]]}},{"type":"Feature","properties":{"ID_0":177,"ISO":"PHL","NAME_0":"Philippines","ID_1":6006,"NAME_1":"Antique","ID_2":600609,"NAME_2":"Laua-an","ID_3":600609006,"NAME_3":"Canituan","NL_NAME_3":null,"VARNAME_3":null,"TYPE_3":"Barangay","ENGTYPE_3":"Village","PROVINCE":"Antique","REGION":"Region VI (Western Visayas)","id":"barangay-0600609006","name":"Canituan","barangayCode":"0600609006","population":null,"formattedPop":null,"densityCategory":"No data","vulnerabilityRating":"No data","healthRiskLevel":"No data","areaKm2":1.844237,"centerLat":11.14501,"centerLng":122.058334,"geometrySource":"all_barangay-2.csv detailed WKT","geometryMatchMethod":"unique_official_admin_names","boundaryPointCount":6},"geometry":{"type":"MultiPolygon","coordinates":[[[[122.063698,11.1515],[122.065018,11.14101],[122.053963,11.14096],[122.04953,11.14084],[122.050133,11.14823],[122.063698,11.1515]]]]}},{"type":"Feature","properties":{"ID_0":177,"ISO":"PHL","NAME_0":"Philippines","ID_1":6006,"NAME_1":"Antique","ID_2":600609,"NAME_2":"Laua-an","ID_3":600609007,"NAME_3":"Capnayan","NL_NAME_3":null,"VARNAME_3":null,"TYPE_3":"Barangay","ENGTYPE_3":"Village","PROVINCE":"Antique","REGION":"Region VI (Western Visayas)","id":"barangay-0600609007","name":"Capnayan","barangayCode":"0600609007","population":null,"formattedPop":null,"densityCategory":"No data","vulnerabilityRating":"No data","healthRiskLevel":"No data","areaKm2":2.839306,"centerLat":11.095435,"centerLng":122.108625,"geometrySource":"all_barangay-2.csv detailed WKT","geometryMatchMethod":"unique_official_admin_names","boundaryPointCount":7},"geometry":{"type":"MultiPolygon","coordinates":[[[[122.119583,11.10099],[122.116913,11.0944],[122.113983,11.08786],[122.089127,11.08926],[122.092216,11.09556],[122.098106,11.1065],[122.119583,11.10099]]]]}},{"type":"Feature","properties":{"ID_0":177,"ISO":"PHL","NAME_0":"Philippines","ID_1":6006,"NAME_1":"Antique","ID_2":600609,"NAME_2":"Laua-an","ID_3":600609008,"NAME_3":"Casit-an","NL_NAME_3":null,"VARNAME_3":null,"TYPE_3":"Barangay","ENGTYPE_3":"Village","PROVINCE":"Antique","REGION":"Region VI (Western Visayas)","id":"barangay-0600609008","name":"Casit-an","barangayCode":"0600609008","population":null,"formattedPop":null,"densityCategory":"No data","vulnerabilityRating":"No data","healthRiskLevel":"No data","areaKm2":3.181481,"centerLat":11.121367,"centerLng":122.064022,"geometrySource":"all_barangay-2.csv detailed WKT","geometryMatchMethod":"unique_official_admin_names","boundaryPointCount":43},"geometry":{"type":"MultiPolygon","coordinates":[[[[122.068031,11.13207],[122.068573,11.13187],[122.068817,11.13134],[122.068428,11.1304],[122.068237,11.12919],[122.068573,11.12797],[122.069542,11.1267],[122.071083,11.12462],[122.071472,11.12249],[122.071037,11.12167],[122.069893,11.12029],[122.069107,11.11874],[122.068581,11.11739],[122.06797,11.11639],[122.066879,11.11564],[122.06633,11.11479],[122.06604,11.1143],[122.064972,11.11456],[122.06411,11.11405],[122.062988,11.11333],[122.062653,11.11323],[122.061592,11.11345],[122.059624,11.1143],[122.059441,11.11418],[122.058342,11.11481],[122.057159,11.11492],[122.057243,11.11563],[122.057709,11.11671],[122.058289,11.11816],[122.0588,11.12069],[122.058662,11.1221],[122.058662,11.12388],[122.05896,11.12492],[122.058792,11.12679],[122.058708,11.12852],[122.059273,11.13091],[122.059898,11.13185],[122.060654,11.13238],[122.061279,11.13235],[122.063408,11.13193],[122.065239,11.13155],[122.067451,11.13183],[122.068031,11.13207]]]]}},{"type":"Feature","properties":{"ID_0":177,"ISO":"PHL","NAME_0":"Philippines","ID_1":6006,"NAME_1":"Antique","ID_2":600609,"NAME_2":"Laua-an","ID_3":600609009,"NAME_3":"Guinbanga-an","NL_NAME_3":null,"VARNAME_3":null,"TYPE_3":"Barangay","ENGTYPE_3":"Village","PROVINCE":"Antique","REGION":"Region VI (Western Visayas)","id":"barangay-0600609009","name":"Guinbanga-an","barangayCode":"0600609009","population":null,"formattedPop":null,"densityCategory":"No data","vulnerabilityRating":"No data","healthRiskLevel":"No data","areaKm2":4.111467,"centerLat":11.092631,"centerLng":122.072217,"geometrySource":"all_barangay-2.csv detailed WKT","geometryMatchMethod":"unique_official_admin_names","boundaryPointCount":16},"geometry":{"type":"MultiPolygon","coordinates":[[[[122.070999,11.09043],[122.072006,11.08923],[122.078842,11.08661],[122.082123,11.08391],[122.084488,11.08377],[122.087013,11.08031],[122.076263,11.08252],[122.07515,11.08282],[122.074364,11.08273],[122.073463,11.0827],[122.071991,11.08259],[122.070213,11.08207],[122.068817,11.08224],[122.067757,11.08211],[122.066162,11.08262],[122.070999,11.09043]]]]}},{"type":"Feature","properties":{"ID_0":177,"ISO":"PHL","NAME_0":"Philippines","ID_1":6006,"NAME_1":"Antique","ID_2":600609,"NAME_2":"Laua-an","ID_3":600609010,"NAME_3":"Guiamon","NL_NAME_3":null,"VARNAME_3":null,"TYPE_3":"Barangay","ENGTYPE_3":"Village","PROVINCE":"Antique","REGION":"Region VI (Western Visayas)","id":"barangay-0600609010","name":"Guiamon","barangayCode":"0600609010","population":null,"formattedPop":null,"densityCategory":"No data","vulnerabilityRating":"No data","healthRiskLevel":"No data","areaKm2":4.661103,"centerLat":11.169702,"centerLng":122.101035,"geometrySource":"all_barangay-2.csv detailed WKT","geometryMatchMethod":"unique_official_admin_names","boundaryPointCount":28},"geometry":{"type":"MultiPolygon","coordinates":[[[[122.106522,11.19449],[122.115211,11.1809],[122.118279,11.17019],[122.110313,11.15802],[122.108849,11.16528],[122.101791,11.17406],[122.09861,11.17995],[122.089996,11.18311],[122.092461,11.1845],[122.094383,11.18588],[122.095703,11.18668],[122.096779,11.18773],[122.097382,11.18848],[122.097771,11.18899],[122.098106,11.1899],[122.098213,11.19046],[122.098907,11.19155],[122.100227,11.19153],[122.100967,11.19208],[122.101707,11.19237],[122.102257,11.19295],[122.103172,11.19392],[122.103828,11.19409],[122.104202,11.19468],[122.104713,11.19535],[122.105331,11.19494],[122.106003,11.19441],[122.106522,11.19449]]]]}},{"type":"Feature","properties":{"ID_0":177,"ISO":"PHL","NAME_0":"Philippines","ID_1":6006,"NAME_1":"Antique","ID_2":600609,"NAME_2":"Laua-an","ID_3":600609011,"NAME_3":"Guisijan","NL_NAME_3":null,"VARNAME_3":null,"TYPE_3":"Barangay","ENGTYPE_3":"Village","PROVINCE":"Antique","REGION":"Region VI (Western Visayas)","id":"barangay-0600609011","name":"Guisijan","barangayCode":"0600609011","population":null,"formattedPop":null,"densityCategory":"No data","vulnerabilityRating":"No data","healthRiskLevel":"No data","areaKm2":2.198319,"centerLat":11.088756,"centerLng":122.054043,"geometrySource":"all_barangay-2.csv detailed WKT","geometryMatchMethod":"unique_official_admin_names","boundaryPointCount":103},"geometry":{"type":"MultiPolygon","coordinates":[[[[122.07431,11.09669],[122.070999,11.09043],[122.056664,11.08448],[122.048302,11.08585],[122.047722,11.08504],[122.047127,11.08425],[122.045013,11.08388],[122.043869,11.08357],[122.043633,11.08302],[122.043617,11.08258],[122.043297,11.08163],[122.042953,11.0801],[122.043022,11.0795],[122.043694,11.07941],[122.043991,11.07935],[122.043854,11.07911],[122.043663,11.07895],[122.043999,11.07865],[122.044258,11.07862],[122.04409,11.07816],[122.043823,11.07814],[122.043571,11.07808],[122.043449,11.07792],[122.043442,11.07766],[122.0439,11.07709],[122.044617,11.07735],[122.04509,11.07742],[122.045189,11.07739],[122.044998,11.07687],[122.044609,11.07671],[122.044151,11.07653],[122.043839,11.07648],[122.043266,11.0766],[122.042824,11.0769],[122.04274,11.07736],[122.042717,11.07788],[122.042686,11.07827],[122.042427,11.07803],[122.042343,11.07823],[122.042084,11.07811],[122.041969,11.07741],[122.041939,11.07689],[122.041862,11.07595],[122.04187,11.07519],[122.04184,11.07394],[122.042259,11.07326],[122.043053,11.07323],[122.044479,11.07311],[122.045563,11.07367],[122.044403,11.073],[122.043358,11.07226],[122.042358,11.07206],[122.041946,11.07208],[122.041672,11.07166],[122.041656,11.07417],[122.041389,11.07444],[122.041389,11.07639],[122.041656,11.07667],[122.041656,11.07722],[122.041389,11.0775],[122.041389,11.07833],[122.041656,11.07861],[122.041656,11.07972],[122.041389,11.08],[122.041656,11.08028],[122.041656,11.08083],[122.042221,11.08139],[122.042221,11.08167],[122.042503,11.08194],[122.042503,11.08222],[122.042778,11.0825],[122.042778,11.08278],[122.043327,11.08333],[122.043327,11.08361],[122.04361,11.08389],[122.04361,11.08417],[122.044441,11.085],[122.044441,11.08806],[122.044724,11.08833],[122.044998,11.08861],[122.044998,11.09222],[122.04528,11.0925],[122.04528,11.0945],[122.046501,11.09447],[122.047661,11.09435],[122.048889,11.09427],[122.050293,11.09426],[122.051773,11.09441],[122.053001,11.09496],[122.055313,11.09499],[122.05751,11.09486],[122.059258,11.09478],[122.059807,11.09468],[122.06115,11.09471],[122.062737,11.09527],[122.064262,11.09586],[122.065971,11.09673],[122.068489,11.09737],[122.070732,11.09768],[122.071877,11.09759],[122.072533,11.09775],[122.072823,11.09764],[122.07431,11.09669]]]]}},{"type":"Feature","properties":{"ID_0":177,"ISO":"PHL","NAME_0":"Philippines","ID_1":6006,"NAME_1":"Antique","ID_2":600609,"NAME_2":"Laua-an","ID_3":600609012,"NAME_3":"Igtadiao","NL_NAME_3":null,"VARNAME_3":null,"TYPE_3":"Barangay","ENGTYPE_3":"Village","PROVINCE":"Antique","REGION":"Region VI (Western Visayas)","id":"barangay-0600609012","name":"Igtadiao","barangayCode":"0600609012","population":null,"formattedPop":null,"densityCategory":"No data","vulnerabilityRating":"No data","healthRiskLevel":"No data","areaKm2":0.809227,"centerLat":11.126231,"centerLng":122.056872,"geometrySource":"all_barangay-2.csv detailed WKT","geometryMatchMethod":"unique_official_admin_names","boundaryPointCount":11},"geometry":{"type":"MultiPolygon","coordinates":[[[[122.053963,11.14096],[122.065018,11.14101],[122.068031,11.13207],[122.067451,11.13183],[122.065239,11.13155],[122.063408,11.13193],[122.061279,11.13235],[122.060654,11.13238],[122.059898,11.13185],[122.053123,11.1332],[122.053963,11.14096]]]]}},{"type":"Feature","properties":{"ID_0":177,"ISO":"PHL","NAME_0":"Philippines","ID_1":6006,"NAME_1":"Antique","ID_2":600609,"NAME_2":"Laua-an","ID_3":600609013,"NAME_3":"Intao","NL_NAME_3":null,"VARNAME_3":null,"TYPE_3":"Barangay","ENGTYPE_3":"Village","PROVINCE":"Antique","REGION":"Region VI (Western Visayas)","id":"barangay-0600609013","name":"Intao","barangayCode":"0600609013","population":null,"formattedPop":null,"densityCategory":"No data","vulnerabilityRating":"No data","healthRiskLevel":"No data","areaKm2":1.228131,"centerLat":11.157929,"centerLng":122.044995,"geometrySource":"all_barangay-2.csv detailed WKT","geometryMatchMethod":"unique_official_admin_names","boundaryPointCount":19},"geometry":{"type":"MultiPolygon","coordinates":[[[[122.05191,11.16386],[122.051537,11.159],[122.042542,11.15312],[122.041557,11.15255],[122.040749,11.15252],[122.039948,11.15253],[122.039688,11.15285],[122.039619,11.15344],[122.039551,11.15392],[122.039284,11.15437],[122.039131,11.15461],[122.039063,11.15495],[122.038857,11.15578],[122.038857,11.15682],[122.038857,11.15696],[122.038643,11.15903],[122.038567,11.15951],[122.038544,11.15963],[122.05191,11.16386]]]]}},{"type":"Feature","properties":{"ID_0":177,"ISO":"PHL","NAME_0":"Philippines","ID_1":6006,"NAME_1":"Antique","ID_2":600609,"NAME_2":"Laua-an","ID_3":600609014,"NAME_3":"Jaguikican","NL_NAME_3":null,"VARNAME_3":null,"TYPE_3":"Barangay","ENGTYPE_3":"Village","PROVINCE":"Antique","REGION":"Region VI (Western Visayas)","id":"barangay-0600609014","name":"Jaguikican","barangayCode":"0600609014","population":null,"formattedPop":null,"densityCategory":"No data","vulnerabilityRating":"No data","healthRiskLevel":"No data","areaKm2":4.574001,"centerLat":11.081309,"centerLng":122.094217,"geometrySource":"all_barangay-2.csv detailed WKT","geometryMatchMethod":"unique_official_admin_names","boundaryPointCount":15},"geometry":{"type":"MultiPolygon","coordinates":[[[[122.089127,11.08926],[122.113983,11.08786],[122.106003,11.07174],[122.105812,11.07085],[122.105797,11.07011],[122.105377,11.06958],[122.10466,11.06957],[122.104286,11.0698],[122.101891,11.073],[122.093086,11.07554],[122.089638,11.07737],[122.087013,11.08031],[122.084488,11.08377],[122.08831,11.08789],[122.089127,11.08926]]]]}},{"type":"Feature","properties":{"ID_0":177,"ISO":"PHL","NAME_0":"Philippines","ID_1":6006,"NAME_1":"Antique","ID_2":600609,"NAME_2":"Laua-an","ID_3":600609015,"NAME_3":"Jinalinan","NL_NAME_3":null,"VARNAME_3":null,"TYPE_3":"Barangay","ENGTYPE_3":"Village","PROVINCE":"Antique","REGION":"Region VI (Western Visayas)","id":"barangay-0600609015","name":"Jinalinan","barangayCode":"0600609015","population":null,"formattedPop":null,"densityCategory":"No data","vulnerabilityRating":"No data","healthRiskLevel":"No data","areaKm2":1.516356,"centerLat":11.161925,"centerLng":122.07252,"geometrySource":"all_barangay-2.csv detailed WKT","geometryMatchMethod":"unique_official_admin_names","boundaryPointCount":31},"geometry":{"type":"MultiPolygon","coordinates":[[[[122.082352,11.17833],[122.084747,11.16674],[122.082199,11.16639],[122.08239,11.16555],[122.081589,11.16463],[122.082352,11.16394],[122.083069,11.16333],[122.082611,11.16189],[122.08165,11.16079],[122.080566,11.16092],[122.079597,11.16101],[122.078659,11.16084],[122.077927,11.16052],[122.076889,11.15981],[122.075897,11.15954],[122.074623,11.15965],[122.073883,11.15955],[122.073082,11.15899],[122.07251,11.15801],[122.071716,11.1571],[122.070992,11.15669],[122.070213,11.15637],[122.069748,11.15585],[122.069969,11.15462],[122.070038,11.15365],[122.069946,11.15282],[122.063698,11.1515],[122.06665,11.16603],[122.069252,11.17452],[122.076569,11.17672],[122.082352,11.17833]]]]}},{"type":"Feature","properties":{"ID_0":177,"ISO":"PHL","NAME_0":"Philippines","ID_1":6006,"NAME_1":"Antique","ID_2":600609,"NAME_2":"Laua-an","ID_3":600609016,"NAME_3":"Lactudan","NL_NAME_3":null,"VARNAME_3":null,"TYPE_3":"Barangay","ENGTYPE_3":"Village","PROVINCE":"Antique","REGION":"Region VI (Western Visayas)","id":"barangay-0600609016","name":"Lactudan","barangayCode":"0600609016","population":null,"formattedPop":null,"densityCategory":"No data","vulnerabilityRating":"No data","healthRiskLevel":"No data","areaKm2":2.735477,"centerLat":11.150542,"centerLng":122.074347,"geometrySource":"all_barangay-2.csv detailed WKT","geometryMatchMethod":"unique_official_admin_names","boundaryPointCount":41},"geometry":{"type":"MultiPolygon","coordinates":[[[[122.084747,11.16674],[122.089661,11.15762],[122.088699,11.15093],[122.087982,11.15008],[122.087029,11.14925],[122.08638,11.14889],[122.085739,11.14869],[122.084846,11.14851],[122.083748,11.1483],[122.082863,11.14761],[122.081993,11.1467],[122.081238,11.14691],[122.080276,11.14745],[122.079453,11.14823],[122.079063,11.14847],[122.077377,11.14811],[122.069946,11.15282],[122.070038,11.15365],[122.069969,11.15462],[122.069748,11.15585],[122.070213,11.15637],[122.070992,11.15669],[122.071716,11.1571],[122.07251,11.15801],[122.073082,11.15899],[122.073883,11.15955],[122.074623,11.15965],[122.075897,11.15954],[122.076889,11.15981],[122.077927,11.16052],[122.078659,11.16084],[122.079597,11.16101],[122.080566,11.16092],[122.08165,11.16079],[122.082611,11.16189],[122.083069,11.16333],[122.082352,11.16394],[122.081589,11.16463],[122.08239,11.16555],[122.082199,11.16639],[122.084747,11.16674]]]]}},{"type":"Feature","properties":{"ID_0":177,"ISO":"PHL","NAME_0":"Philippines","ID_1":6006,"NAME_1":"Antique","ID_2":600609,"NAME_2":"Laua-an","ID_3":600609017,"NAME_3":"Latazon","NL_NAME_3":null,"VARNAME_3":null,"TYPE_3":"Barangay","ENGTYPE_3":"Village","PROVINCE":"Antique","REGION":"Region VI (Western Visayas)","id":"barangay-0600609017","name":"Latazon","barangayCode":"0600609017","population":null,"formattedPop":null,"densityCategory":"No data","vulnerabilityRating":"No data","healthRiskLevel":"No data","areaKm2":4.428516,"centerLat":11.154993,"centerLng":122.093155,"geometrySource":"all_barangay-2.csv detailed WKT","geometryMatchMethod":"unique_official_admin_names","boundaryPointCount":13},"geometry":{"type":"MultiPolygon","coordinates":[[[[122.089996,11.18311],[122.09861,11.17995],[122.101791,11.17406],[122.108849,11.16528],[122.110313,11.15802],[122.102226,11.14582],[122.093178,11.14438],[122.088699,11.15093],[122.089661,11.15762],[122.084747,11.16674],[122.082352,11.17833],[122.087784,11.18123],[122.089996,11.18311]]]]}},{"type":"Feature","properties":{"ID_0":177,"ISO":"PHL","NAME_0":"Philippines","ID_1":6006,"NAME_1":"Antique","ID_2":600609,"NAME_2":"Laua-an","ID_3":600609018,"NAME_3":"Laua-an","NL_NAME_3":null,"VARNAME_3":null,"TYPE_3":"Barangay","ENGTYPE_3":"Village","PROVINCE":"Antique","REGION":"Region VI (Western Visayas)","id":"barangay-0600609018","name":"Laua-an","barangayCode":"0600609018","population":null,"formattedPop":null,"densityCategory":"No data","vulnerabilityRating":"No data","healthRiskLevel":"No data","areaKm2":2.384954,"centerLat":11.1535,"centerLng":122.054312,"geometrySource":"all_barangay-2.csv detailed WKT","geometryMatchMethod":"unique_official_admin_names","boundaryPointCount":6},"geometry":{"type":"MultiPolygon","coordinates":[[[[122.05191,11.16386],[122.06665,11.16603],[122.063698,11.1515],[122.050133,11.14823],[122.051537,11.159],[122.05191,11.16386]]]]}},{"type":"Feature","properties":{"ID_0":177,"ISO":"PHL","NAME_0":"Philippines","ID_1":6006,"NAME_1":"Antique","ID_2":600609,"NAME_2":"Laua-an","ID_3":600609019,"NAME_3":"Leon","NL_NAME_3":null,"VARNAME_3":null,"TYPE_3":"Barangay","ENGTYPE_3":"Village","PROVINCE":"Antique","REGION":"Region VI (Western Visayas)","id":"barangay-0600609019","name":"Leon","barangayCode":"0600609019","population":null,"formattedPop":null,"densityCategory":"No data","vulnerabilityRating":"No data","healthRiskLevel":"No data","areaKm2":2.34838,"centerLat":11.107036,"centerLng":122.09221,"geometrySource":"barangays.geojson simplified fallback","geometryMatchMethod":"simplified_fallback","boundaryPointCount":5},"geometry":{"type":"Polygon","coordinates":[[[122.083459876,11.114360975000068],[122.09715668100011,11.113408848000063],[122.10177863800004,11.09855071000004],[122.08159941000008,11.106028656000035],[122.083459876,11.114360975000068]]]}},{"type":"Feature","properties":{"ID_0":177,"ISO":"PHL","NAME_0":"Philippines","ID_1":6006,"NAME_1":"Antique","ID_2":600609,"NAME_2":"Laua-an","ID_3":600609020,"NAME_3":"Liberato","NL_NAME_3":null,"VARNAME_3":null,"TYPE_3":"Barangay","ENGTYPE_3":"Village","PROVINCE":"Antique","REGION":"Region VI (Western Visayas)","id":"barangay-0600609020","name":"Liberato","barangayCode":"0600609020","population":null,"formattedPop":null,"densityCategory":"No data","vulnerabilityRating":"No data","healthRiskLevel":"No data","areaKm2":2.972943,"centerLat":11.109105,"centerLng":122.072209,"geometrySource":"all_barangay-2.csv detailed WKT","geometryMatchMethod":"unique_official_admin_names","boundaryPointCount":23},"geometry":{"type":"MultiPolygon","coordinates":[[[[122.069107,11.11874],[122.074127,11.11773],[122.076279,11.11725],[122.078247,11.10228],[122.07431,11.09669],[122.072823,11.09764],[122.06485,11.10259],[122.056152,11.10887],[122.057159,11.11492],[122.058342,11.11481],[122.059441,11.11418],[122.059624,11.1143],[122.061592,11.11345],[122.062653,11.11323],[122.062988,11.11333],[122.06411,11.11405],[122.064972,11.11456],[122.06604,11.1143],[122.06633,11.11479],[122.066879,11.11564],[122.06797,11.11639],[122.068581,11.11739],[122.069107,11.11874]]]]}},{"type":"Feature","properties":{"ID_0":177,"ISO":"PHL","NAME_0":"Philippines","ID_1":6006,"NAME_1":"Antique","ID_2":600609,"NAME_2":"Laua-an","ID_3":600609021,"NAME_3":"Lindero","NL_NAME_3":null,"VARNAME_3":null,"TYPE_3":"Barangay","ENGTYPE_3":"Village","PROVINCE":"Antique","REGION":"Region VI (Western Visayas)","id":"barangay-0600609021","name":"Lindero","barangayCode":"0600609021","population":null,"formattedPop":null,"densityCategory":"No data","vulnerabilityRating":"No data","healthRiskLevel":"No data","areaKm2":1.93754,"centerLat":11.112768,"centerLng":122.047735,"geometrySource":"all_barangay-2.csv detailed WKT","geometryMatchMethod":"unique_official_admin_names","boundaryPointCount":52},"geometry":{"type":"MultiPolygon","coordinates":[[[[122.037498,11.11861],[122.037628,11.11794],[122.038208,11.11828],[122.039322,11.11839],[122.040581,11.11864],[122.041924,11.11819],[122.042686,11.11754],[122.043808,11.1166],[122.045143,11.11598],[122.046997,11.11595],[122.047462,11.11666],[122.048103,11.11715],[122.048851,11.11761],[122.049873,11.11754],[122.050858,11.1183],[122.052094,11.11865],[122.053909,11.11849],[122.055107,11.11722],[122.055656,11.11599],[122.056534,11.11491],[122.057159,11.11492],[122.056152,11.10887],[122.040749,11.10913],[122.040283,11.10983],[122.040283,11.11],[122.040001,11.11028],[122.040001,11.11056],[122.039719,11.11083],[122.039719,11.11111],[122.039169,11.11167],[122.039169,11.11194],[122.038887,11.11222],[122.038887,11.1125],[122.038696,11.11268],[122.038612,11.11278],[122.038612,11.11301],[122.038597,11.11307],[122.03833,11.11333],[122.03833,11.11361],[122.038063,11.11389],[122.038063,11.11417],[122.037781,11.11444],[122.037781,11.115],[122.037498,11.11528],[122.037498,11.11556],[122.037216,11.11583],[122.037216,11.11694],[122.036942,11.11722],[122.036942,11.11778],[122.037216,11.11806],[122.037216,11.11833],[122.037498,11.11861]]]]}},{"type":"Feature","properties":{"ID_0":177,"ISO":"PHL","NAME_0":"Philippines","ID_1":6006,"NAME_1":"Antique","ID_2":600609,"NAME_2":"Laua-an","ID_3":600609022,"NAME_3":"Liya-liya","NL_NAME_3":null,"VARNAME_3":null,"TYPE_3":"Barangay","ENGTYPE_3":"Village","PROVINCE":"Antique","REGION":"Region VI (Western Visayas)","id":"barangay-0600609022","name":"Liya-liya","barangayCode":"0600609022","population":null,"formattedPop":null,"densityCategory":"No data","vulnerabilityRating":"No data","healthRiskLevel":"No data","areaKm2":1.115309,"centerLat":11.120778,"centerLng":122.04405,"geometrySource":"all_barangay-2.csv detailed WKT","geometryMatchMethod":"unique_official_admin_names","boundaryPointCount":47},"geometry":{"type":"MultiPolygon","coordinates":[[[[122.038582,11.1267],[122.038597,11.12683],[122.046043,11.12539],[122.051773,11.1289],[122.051689,11.12843],[122.052063,11.12672],[122.051743,11.12502],[122.050827,11.12336],[122.049767,11.12154],[122.049042,11.12007],[122.048729,11.11887],[122.048653,11.11835],[122.048851,11.11761],[122.048103,11.11715],[122.047462,11.11666],[122.046997,11.11595],[122.045143,11.11598],[122.043808,11.1166],[122.042686,11.11754],[122.041924,11.11819],[122.040581,11.11864],[122.039322,11.11839],[122.038208,11.11828],[122.037628,11.11794],[122.037498,11.11861],[122.037498,11.11889],[122.037468,11.11892],[122.037216,11.11917],[122.037216,11.11972],[122.037498,11.12],[122.037498,11.12028],[122.037216,11.12056],[122.037216,11.12139],[122.037498,11.12167],[122.037498,11.12278],[122.037781,11.12306],[122.037781,11.12389],[122.038063,11.12417],[122.038063,11.12472],[122.0383,11.12497],[122.03833,11.125],[122.03833,11.12517],[122.03833,11.12556],[122.038406,11.12563],[122.038612,11.12583],[122.038612,11.12667],[122.038582,11.1267]]]]}},{"type":"Feature","properties":{"ID_0":177,"ISO":"PHL","NAME_0":"Philippines","ID_1":6006,"NAME_1":"Antique","ID_2":600609,"NAME_2":"Laua-an","ID_3":600609023,"NAME_3":"Lugta","NL_NAME_3":null,"VARNAME_3":null,"TYPE_3":"Barangay","ENGTYPE_3":"Village","PROVINCE":"Antique","REGION":"Region VI (Western Visayas)","id":"barangay-0600609023","name":"Lugta","barangayCode":"0600609023","population":null,"formattedPop":null,"densityCategory":"No data","vulnerabilityRating":"No data","healthRiskLevel":"No data","areaKm2":1.687401,"centerLat":11.080725,"centerLng":122.052979,"geometrySource":"all_barangay-2.csv detailed WKT","geometryMatchMethod":"unique_official_admin_names","boundaryPointCount":59},"geometry":{"type":"MultiPolygon","coordinates":[[[[122.070999,11.09043],[122.066162,11.08262],[122.053802,11.07901],[122.053337,11.07845],[122.051743,11.07819],[122.050613,11.07799],[122.049408,11.07753],[122.048347,11.07686],[122.047813,11.07602],[122.047493,11.07546],[122.047142,11.07496],[122.045563,11.07367],[122.044479,11.07311],[122.043053,11.07323],[122.042259,11.07326],[122.04184,11.07394],[122.04187,11.07519],[122.041862,11.07595],[122.041939,11.07689],[122.041969,11.07741],[122.042084,11.07811],[122.042343,11.07823],[122.042427,11.07803],[122.042686,11.07827],[122.042717,11.07788],[122.04274,11.07736],[122.042824,11.0769],[122.043266,11.0766],[122.043839,11.07648],[122.044151,11.07653],[122.044609,11.07671],[122.044998,11.07687],[122.045189,11.07739],[122.04509,11.07742],[122.044617,11.07735],[122.0439,11.07709],[122.043442,11.07766],[122.043449,11.07792],[122.043571,11.07808],[122.043823,11.07814],[122.04409,11.07816],[122.044258,11.07862],[122.043999,11.07865],[122.043663,11.07895],[122.043854,11.07911],[122.043991,11.07935],[122.043694,11.07941],[122.043022,11.0795],[122.042953,11.0801],[122.043297,11.08163],[122.043617,11.08258],[122.043633,11.08302],[122.043869,11.08357],[122.045013,11.08388],[122.047127,11.08425],[122.047722,11.08504],[122.048302,11.08585],[122.056664,11.08448],[122.070999,11.09043]]]]}},{"type":"Feature","properties":{"ID_0":177,"ISO":"PHL","NAME_0":"Philippines","ID_1":6006,"NAME_1":"Antique","ID_2":600609,"NAME_2":"Laua-an","ID_3":600609024,"NAME_3":"Lupa-an","NL_NAME_3":null,"VARNAME_3":null,"TYPE_3":"Barangay","ENGTYPE_3":"Village","PROVINCE":"Antique","REGION":"Region VI (Western Visayas)","id":"barangay-0600609024","name":"Lupa-an","barangayCode":"0600609024","population":null,"formattedPop":null,"densityCategory":"No data","vulnerabilityRating":"No data","healthRiskLevel":"No data","areaKm2":1.894791,"centerLat":11.137099,"centerLng":122.076452,"geometrySource":"all_barangay-2.csv detailed WKT","geometryMatchMethod":"unique_official_admin_names","boundaryPointCount":6},"geometry":{"type":"MultiPolygon","coordinates":[[[[122.077377,11.14811],[122.076851,11.13303],[122.074821,11.13167],[122.068031,11.13207],[122.065018,11.14101],[122.077377,11.14811]]]]}},{"type":"Feature","properties":{"ID_0":177,"ISO":"PHL","NAME_0":"Philippines","ID_1":6006,"NAME_1":"Antique","ID_2":600609,"NAME_2":"Laua-an","ID_3":600609025,"NAME_3":"Magyapo","NL_NAME_3":null,"VARNAME_3":null,"TYPE_3":"Barangay","ENGTYPE_3":"Village","PROVINCE":"Antique","REGION":"Region VI (Western Visayas)","id":"barangay-0600609025","name":"Magyapo","barangayCode":"0600609025","population":null,"formattedPop":null,"densityCategory":"No data","vulnerabilityRating":"No data","healthRiskLevel":"No data","areaKm2":2.552987,"centerLat":11.166889,"centerLng":122.059834,"geometrySource":"all_barangay-2.csv detailed WKT","geometryMatchMethod":"unique_official_admin_names","boundaryPointCount":7},"geometry":{"type":"MultiPolygon","coordinates":[[[[122.056343,11.17495],[122.069252,11.17452],[122.06665,11.16603],[122.05191,11.16386],[122.052338,11.16861],[122.051117,11.17453],[122.056343,11.17495]]]]}},{"type":"Feature","properties":{"ID_0":177,"ISO":"PHL","NAME_0":"Philippines","ID_1":6006,"NAME_1":"Antique","ID_2":600609,"NAME_2":"Laua-an","ID_3":600609026,"NAME_3":"Maria","NL_NAME_3":null,"VARNAME_3":null,"TYPE_3":"Barangay","ENGTYPE_3":"Village","PROVINCE":"Antique","REGION":"Region VI (Western Visayas)","id":"barangay-0600609026","name":"Maria","barangayCode":"0600609026","population":null,"formattedPop":null,"densityCategory":"No data","vulnerabilityRating":"No data","healthRiskLevel":"No data","areaKm2":3.684221,"centerLat":11.094691,"centerLng":122.089504,"geometrySource":"all_barangay-2.csv detailed WKT","geometryMatchMethod":"unique_official_admin_names","boundaryPointCount":10},"geometry":{"type":"MultiPolygon","coordinates":[[[[122.070999,11.09043],[122.07431,11.09669],[122.080353,11.0908],[122.089127,11.08926],[122.08831,11.08789],[122.084488,11.08377],[122.082123,11.08391],[122.078842,11.08661],[122.072006,11.08923],[122.070999,11.09043]]]]}},{"type":"Feature","properties":{"ID_0":177,"ISO":"PHL","NAME_0":"Philippines","ID_1":6006,"NAME_1":"Antique","ID_2":600609,"NAME_2":"Laua-an","ID_3":600609027,"NAME_3":"Mauno","NL_NAME_3":null,"VARNAME_3":null,"TYPE_3":"Barangay","ENGTYPE_3":"Village","PROVINCE":"Antique","REGION":"Region VI (Western Visayas)","id":"barangay-0600609027","name":"Mauno","barangayCode":"0600609027","population":null,"formattedPop":null,"densityCategory":"No data","vulnerabilityRating":"No data","healthRiskLevel":"No data","areaKm2":0.864256,"centerLat":11.163986,"centerLng":122.045763,"geometrySource":"all_barangay-2.csv detailed WKT","geometryMatchMethod":"unique_official_admin_names","boundaryPointCount":26},"geometry":{"type":"MultiPolygon","coordinates":[[[[122.052338,11.16861],[122.05191,11.16386],[122.038544,11.15963],[122.03833,11.16056],[122.038239,11.16065],[122.038063,11.16083],[122.038063,11.16139],[122.037781,11.16167],[122.037781,11.1625],[122.037498,11.16278],[122.037498,11.16361],[122.037216,11.16389],[122.037903,11.16376],[122.039337,11.16358],[122.040787,11.16383],[122.041862,11.16476],[122.042847,11.16576],[122.044151,11.16558],[122.045807,11.16557],[122.046608,11.16605],[122.047287,11.167],[122.048683,11.16729],[122.049156,11.16846],[122.049782,11.16929],[122.050667,11.16925],[122.052338,11.16861]]]]}},{"type":"Feature","properties":{"ID_0":177,"ISO":"PHL","NAME_0":"Philippines","ID_1":6006,"NAME_1":"Antique","ID_2":600609,"NAME_2":"Laua-an","ID_3":600609028,"NAME_3":"Maybunga","NL_NAME_3":null,"VARNAME_3":null,"TYPE_3":"Barangay","ENGTYPE_3":"Village","PROVINCE":"Antique","REGION":"Region VI (Western Visayas)","id":"barangay-0600609028","name":"Maybunga","barangayCode":"0600609028","population":null,"formattedPop":null,"densityCategory":"No data","vulnerabilityRating":"No data","healthRiskLevel":"No data","areaKm2":11.960692,"centerLat":11.151318,"centerLng":122.130512,"geometrySource":"all_barangay-2.csv detailed WKT","geometryMatchMethod":"unique_official_admin_names","boundaryPointCount":34},"geometry":{"type":"MultiPolygon","coordinates":[[[[122.14724,11.1675],[122.147842,11.16696],[122.148613,11.16673],[122.149063,11.16662],[122.149162,11.16662],[122.149277,11.16662],[122.151283,11.16661],[122.1521,11.16517],[122.15316,11.16475],[122.153313,11.16361],[122.153259,11.16357],[122.152802,11.16327],[122.151863,11.16307],[122.151176,11.16222],[122.151131,11.16216],[122.150436,11.16257],[122.149651,11.16269],[122.148987,11.16326],[122.148819,11.1628],[122.149307,11.16182],[122.150467,11.16097],[122.151283,11.15993],[122.151703,11.15871],[122.152557,11.15855],[122.152733,11.15815],[122.152847,11.15789],[122.143188,11.13292],[122.135246,11.12522],[122.11425,11.13834],[122.102226,11.14582],[122.110313,11.15802],[122.118279,11.17019],[122.127899,11.16369],[122.14724,11.1675]]]]}},{"type":"Feature","properties":{"ID_0":177,"ISO":"PHL","NAME_0":"Philippines","ID_1":6006,"NAME_1":"Antique","ID_2":600609,"NAME_2":"Laua-an","ID_3":600609029,"NAME_3":"Necesito","NL_NAME_3":null,"VARNAME_3":null,"TYPE_3":"Barangay","ENGTYPE_3":"Village","PROVINCE":"Antique","REGION":"Region VI (Western Visayas)","id":"barangay-0600609029","name":"Necesito","barangayCode":"0600609029","population":null,"formattedPop":null,"densityCategory":"No data","vulnerabilityRating":"No data","healthRiskLevel":"No data","areaKm2":2.534887,"centerLat":11.123485,"centerLng":122.078239,"geometrySource":"all_barangay-2.csv detailed WKT","geometryMatchMethod":"unique_official_admin_names","boundaryPointCount":15},"geometry":{"type":"MultiPolygon","coordinates":[[[[122.074821,11.13167],[122.074127,11.11773],[122.069107,11.11874],[122.069893,11.12029],[122.071037,11.12167],[122.071472,11.12249],[122.071083,11.12462],[122.069542,11.1267],[122.068573,11.12797],[122.068237,11.12919],[122.068428,11.1304],[122.068817,11.13134],[122.068573,11.13187],[122.068031,11.13207],[122.074821,11.13167]]]]}},{"type":"Feature","properties":{"ID_0":177,"ISO":"PHL","NAME_0":"Philippines","ID_1":6006,"NAME_1":"Antique","ID_2":600609,"NAME_2":"Laua-an","ID_3":600609030,"NAME_3":"Oloc","NL_NAME_3":null,"VARNAME_3":null,"TYPE_3":"Barangay","ENGTYPE_3":"Village","PROVINCE":"Antique","REGION":"Region VI (Western Visayas)","id":"barangay-0600609030","name":"Oloc","barangayCode":"0600609030","population":null,"formattedPop":null,"densityCategory":"No data","vulnerabilityRating":"No data","healthRiskLevel":"No data","areaKm2":1.222851,"centerLat":11.128724,"centerLng":122.044823,"geometrySource":"all_barangay-2.csv detailed WKT","geometryMatchMethod":"unique_official_admin_names","boundaryPointCount":20},"geometry":{"type":"MultiPolygon","coordinates":[[[[122.053123,11.1332],[122.052849,11.13226],[122.05233,11.13133],[122.051933,11.13013],[122.051773,11.1289],[122.046043,11.12539],[122.038597,11.12683],[122.038582,11.1267],[122.03833,11.12694],[122.03833,11.12722],[122.038063,11.1275],[122.038063,11.12972],[122.038612,11.13028],[122.038612,11.13139],[122.038887,11.13167],[122.038887,11.13417],[122.039169,11.13444],[122.039169,11.13486],[122.039917,11.13479],[122.053123,11.1332]]]]}},{"type":"Feature","properties":{"ID_0":177,"ISO":"PHL","NAME_0":"Philippines","ID_1":6006,"NAME_1":"Antique","ID_2":600609,"NAME_2":"Laua-an","ID_3":600609031,"NAME_3":"Omlot","NL_NAME_3":null,"VARNAME_3":null,"TYPE_3":"Barangay","ENGTYPE_3":"Village","PROVINCE":"Antique","REGION":"Region VI (Western Visayas)","id":"barangay-0600609031","name":"Omlot","barangayCode":"0600609031","population":null,"formattedPop":null,"densityCategory":"No data","vulnerabilityRating":"No data","healthRiskLevel":"No data","areaKm2":0.677388,"centerLat":11.123059,"centerLng":122.052501,"geometrySource":"all_barangay-2.csv detailed WKT","geometryMatchMethod":"unique_official_admin_names","boundaryPointCount":34},"geometry":{"type":"MultiPolygon","coordinates":[[[[122.053123,11.1332],[122.059898,11.13185],[122.059273,11.13091],[122.058708,11.12852],[122.058792,11.12679],[122.05896,11.12492],[122.058662,11.12388],[122.058662,11.1221],[122.0588,11.12069],[122.058289,11.11816],[122.057709,11.11671],[122.057243,11.11563],[122.057159,11.11492],[122.056534,11.11491],[122.055656,11.11599],[122.055107,11.11722],[122.053909,11.11849],[122.052094,11.11865],[122.050858,11.1183],[122.049873,11.11754],[122.048851,11.11761],[122.048653,11.11835],[122.048729,11.11887],[122.049042,11.12007],[122.049767,11.12154],[122.050827,11.12336],[122.051743,11.12502],[122.052063,11.12672],[122.051689,11.12843],[122.051773,11.1289],[122.051933,11.13013],[122.05233,11.13133],[122.052849,11.13226],[122.053123,11.1332]]]]}},{"type":"Feature","properties":{"ID_0":177,"ISO":"PHL","NAME_0":"Philippines","ID_1":6006,"NAME_1":"Antique","ID_2":600609,"NAME_2":"Laua-an","ID_3":600609032,"NAME_3":"Pandanan","NL_NAME_3":null,"VARNAME_3":null,"TYPE_3":"Barangay","ENGTYPE_3":"Village","PROVINCE":"Antique","REGION":"Region VI (Western Visayas)","id":"barangay-0600609032","name":"Pandanan","barangayCode":"0600609032","population":null,"formattedPop":null,"densityCategory":"No data","vulnerabilityRating":"No data","healthRiskLevel":"No data","areaKm2":3.780991,"centerLat":11.127806,"centerLng":122.120101,"geometrySource":"all_barangay-2.csv detailed WKT","geometryMatchMethod":"unique_official_admin_names","boundaryPointCount":7},"geometry":{"type":"MultiPolygon","coordinates":[[[[122.102226,11.14582],[122.11425,11.13834],[122.109268,11.11873],[122.088997,11.13231],[122.088181,11.13611],[122.093178,11.14438],[122.102226,11.14582]]]]}},{"type":"Feature","properties":{"ID_0":177,"ISO":"PHL","NAME_0":"Philippines","ID_1":6006,"NAME_1":"Antique","ID_2":600609,"NAME_2":"Laua-an","ID_3":600609034,"NAME_3":"Paningayan","NL_NAME_3":null,"VARNAME_3":null,"TYPE_3":"Barangay","ENGTYPE_3":"Village","PROVINCE":"Antique","REGION":"Region VI (Western Visayas)","id":"barangay-0600609034","name":"Paningayan","barangayCode":"0600609034","population":null,"formattedPop":null,"densityCategory":"No data","vulnerabilityRating":"No data","healthRiskLevel":"No data","areaKm2":2.172377,"centerLat":11.119371,"centerLng":122.091641,"geometrySource":"all_barangay-2.csv detailed WKT","geometryMatchMethod":"unique_official_admin_names","boundaryPointCount":7},"geometry":{"type":"MultiPolygon","coordinates":[[[[122.083389,11.11533],[122.087303,11.11058],[122.098106,11.1065],[122.092216,11.09556],[122.078247,11.10228],[122.076279,11.11725],[122.083389,11.11533]]]]}},{"type":"Feature","properties":{"ID_0":177,"ISO":"PHL","NAME_0":"Philippines","ID_1":6006,"NAME_1":"Antique","ID_2":600609,"NAME_2":"Laua-an","ID_3":600609035,"NAME_3":"Pascuala","NL_NAME_3":null,"VARNAME_3":null,"TYPE_3":"Barangay","ENGTYPE_3":"Village","PROVINCE":"Antique","REGION":"Region VI (Western Visayas)","id":"barangay-0600609035","name":"Pascuala","barangayCode":"0600609035","population":null,"formattedPop":null,"densityCategory":"No data","vulnerabilityRating":"No data","healthRiskLevel":"No data","areaKm2":1.893794,"centerLat":11.130594,"centerLng":122.091071,"geometrySource":"all_barangay-2.csv detailed WKT","geometryMatchMethod":"unique_official_admin_names","boundaryPointCount":8},"geometry":{"type":"MultiPolygon","coordinates":[[[[122.076851,11.13303],[122.079483,11.13363],[122.084534,11.12279],[122.083389,11.11533],[122.076279,11.11725],[122.074127,11.11773],[122.074821,11.13167],[122.076851,11.13303]]]]}},{"type":"Feature","properties":{"ID_0":177,"ISO":"PHL","NAME_0":"Philippines","ID_1":6006,"NAME_1":"Antique","ID_2":600609,"NAME_2":"Laua-an","ID_3":600609036,"NAME_3":"Poblacion","NL_NAME_3":null,"VARNAME_3":null,"TYPE_3":"Barangay","ENGTYPE_3":"Village","PROVINCE":"Antique","REGION":"Region VI (Western Visayas)","id":"barangay-0600609036","name":"Poblacion","barangayCode":"0600609036","population":null,"formattedPop":null,"densityCategory":"No data","vulnerabilityRating":"No data","healthRiskLevel":"No data","areaKm2":1.440456,"centerLat":11.144971,"centerLng":122.0437,"geometrySource":"all_barangay-2.csv detailed WKT","geometryMatchMethod":"unique_official_admin_names","boundaryPointCount":33},"geometry":{"type":"MultiPolygon","coordinates":[[[[122.039688,11.15285],[122.039948,11.15253],[122.040749,11.15252],[122.041557,11.15255],[122.042542,11.15312],[122.051537,11.159],[122.050133,11.14823],[122.04953,11.14084],[122.047913,11.14128],[122.045967,11.14121],[122.044701,11.14074],[122.043282,11.1408],[122.042252,11.14114],[122.041183,11.14125],[122.040802,11.14117],[122.039467,11.14098],[122.039413,11.14097],[122.038887,11.14087],[122.038887,11.14111],[122.039169,11.14139],[122.039436,11.14139],[122.039589,11.14177],[122.039619,11.14184],[122.039627,11.14192],[122.039703,11.14267],[122.039703,11.14329],[122.039757,11.14412],[122.039833,11.14529],[122.039833,11.1462],[122.039833,11.14798],[122.039757,11.14902],[122.039757,11.15226],[122.039688,11.15285]]]]}},{"type":"Feature","properties":{"ID_0":177,"ISO":"PHL","NAME_0":"Philippines","ID_1":6006,"NAME_1":"Antique","ID_2":600609,"NAME_2":"Laua-an","ID_3":600609038,"NAME_3":"San Ramon","NL_NAME_3":null,"VARNAME_3":null,"TYPE_3":"Barangay","ENGTYPE_3":"Village","PROVINCE":"Antique","REGION":"Region VI (Western Visayas)","id":"barangay-0600609038","name":"San Ramon","barangayCode":"0600609038","population":null,"formattedPop":null,"densityCategory":"No data","vulnerabilityRating":"No data","healthRiskLevel":"No data","areaKm2":57.757881,"centerLat":11.205162,"centerLng":122.15038,"geometrySource":"all_barangay-2.csv detailed WKT","geometryMatchMethod":"unique_official_admin_names","boundaryPointCount":161},"geometry":{"type":"MultiPolygon","coordinates":[[[[122.144791,11.23514],[122.204659,11.2466],[122.204933,11.24301],[122.205139,11.24033],[122.204987,11.23928],[122.201714,11.21484],[122.201248,11.2114],[122.201218,11.21119],[122.200668,11.21117],[122.187073,11.21082],[122.186577,11.21011],[122.186546,11.20911],[122.186317,11.20881],[122.185738,11.20808],[122.185204,11.20797],[122.184738,11.20788],[122.184113,11.20863],[122.183327,11.2085],[122.182617,11.20837],[122.181297,11.20739],[122.180946,11.20742],[122.180527,11.20745],[122.179916,11.20661],[122.179688,11.20584],[122.179466,11.20562],[122.178833,11.20563],[122.178123,11.20515],[122.176353,11.20398],[122.17598,11.20298],[122.176498,11.20144],[122.175697,11.20092],[122.175392,11.20038],[122.175194,11.2],[122.174316,11.19979],[122.174103,11.19917],[122.173981,11.19881],[122.17379,11.19879],[122.172943,11.19869],[122.171989,11.19893],[122.171852,11.19747],[122.17202,11.19627],[122.171371,11.1959],[122.170738,11.19669],[122.169594,11.19743],[122.168549,11.19739],[122.168098,11.19572],[122.168823,11.1946],[122.168694,11.19278],[122.167999,11.19239],[122.168007,11.19203],[122.168037,11.19135],[122.167686,11.19118],[122.16732,11.19101],[122.166481,11.19205],[122.165848,11.19305],[122.165321,11.19366],[122.164192,11.19193],[122.163513,11.19104],[122.162331,11.19133],[122.160919,11.19109],[122.160652,11.19098],[122.160316,11.19085],[122.160423,11.18973],[122.161362,11.18923],[122.160782,11.18868],[122.160347,11.18861],[122.159958,11.18855],[122.159477,11.18732],[122.158508,11.18656],[122.158112,11.18531],[122.157829,11.18507],[122.157623,11.18489],[122.156532,11.18337],[122.156776,11.18249],[122.157227,11.18164],[122.157539,11.18042],[122.157547,11.17977],[122.157463,11.179],[122.156807,11.17852],[122.156517,11.17911],[122.15638,11.17997],[122.155602,11.18018],[122.154381,11.1809],[122.15432,11.18178],[122.155113,11.18323],[122.154839,11.18454],[122.153473,11.18522],[122.152382,11.18437],[122.152344,11.18346],[122.152351,11.18242],[122.152046,11.18137],[122.151237,11.18098],[122.151016,11.18053],[122.150818,11.18011],[122.151497,11.17914],[122.151939,11.17881],[122.152519,11.17837],[122.152901,11.1767],[122.153519,11.17594],[122.154167,11.17489],[122.153664,11.17387],[122.152924,11.17337],[122.152351,11.17298],[122.152031,11.17397],[122.151337,11.17383],[122.150879,11.17347],[122.150726,11.17347],[122.149651,11.17348],[122.149818,11.17303],[122.149986,11.17258],[122.151443,11.17138],[122.15242,11.17112],[122.152267,11.17032],[122.152557,11.1693],[122.15258,11.16889],[122.152603,11.16845],[122.151443,11.16778],[122.150673,11.16797],[122.148651,11.16858],[122.148102,11.1685],[122.147263,11.16838],[122.14724,11.1675],[122.127899,11.16369],[122.118279,11.17019],[122.115211,11.1809],[122.106522,11.19449],[122.107224,11.19466],[122.107353,11.19437],[122.107971,11.19516],[122.108147,11.19533],[122.10865,11.1958],[122.109093,11.1955],[122.108879,11.19443],[122.109352,11.19398],[122.109962,11.19465],[122.110207,11.19536],[122.110687,11.19649],[122.111282,11.19703],[122.111954,11.19781],[122.112167,11.19921],[122.112457,11.20031],[122.11319,11.20066],[122.113632,11.20182],[122.11425,11.20282],[122.114906,11.20336],[122.114563,11.20424],[122.115143,11.20555],[122.116142,11.20738],[122.116562,11.20865],[122.115891,11.21073],[122.115952,11.21171],[122.116669,11.2127],[122.116348,11.21344],[122.116119,11.21502],[122.116226,11.21599],[122.11718,11.21777],[122.11702,11.21829],[122.11734,11.21959],[122.124603,11.22497],[122.137016,11.23377],[122.144791,11.23514]]]]}},{"type":"Feature","properties":{"ID_0":177,"ISO":"PHL","NAME_0":"Philippines","ID_1":6006,"NAME_1":"Antique","ID_2":600609,"NAME_2":"Laua-an","ID_3":600609039,"NAME_3":"Santiago","NL_NAME_3":null,"VARNAME_3":null,"TYPE_3":"Barangay","ENGTYPE_3":"Village","PROVINCE":"Antique","REGION":"Region VI (Western Visayas)","id":"barangay-0600609039","name":"Santiago","barangayCode":"0600609039","population":null,"formattedPop":null,"densityCategory":"No data","vulnerabilityRating":"No data","healthRiskLevel":"No data","areaKm2":6.925823,"centerLat":11.114674,"centerLng":122.110924,"geometrySource":"all_barangay-2.csv detailed WKT","geometryMatchMethod":"unique_official_admin_names","boundaryPointCount":11},"geometry":{"type":"MultiPolygon","coordinates":[[[[122.088997,11.13231],[122.109268,11.11873],[122.123001,11.10793],[122.119583,11.10099],[122.098106,11.1065],[122.087303,11.11058],[122.083389,11.11533],[122.084534,11.12279],[122.086433,11.12631],[122.086128,11.12734],[122.088997,11.13231]]]]}},{"type":"Feature","properties":{"ID_0":177,"ISO":"PHL","NAME_0":"Philippines","ID_1":6006,"NAME_1":"Antique","ID_2":600609,"NAME_2":"Laua-an","ID_3":600609040,"NAME_3":"Tibacan","NL_NAME_3":null,"VARNAME_3":null,"TYPE_3":"Barangay","ENGTYPE_3":"Village","PROVINCE":"Antique","REGION":"Region VI (Western Visayas)","id":"barangay-0600609040","name":"Tibacan","barangayCode":"0600609040","population":null,"formattedPop":null,"densityCategory":"No data","vulnerabilityRating":"No data","healthRiskLevel":"No data","areaKm2":2.45966,"centerLat":11.138033,"centerLng":122.101109,"geometrySource":"all_barangay-2.csv detailed WKT","geometryMatchMethod":"unique_official_admin_names","boundaryPointCount":7},"geometry":{"type":"MultiPolygon","coordinates":[[[[122.088181,11.13611],[122.088997,11.13231],[122.086128,11.12734],[122.086433,11.12631],[122.084534,11.12279],[122.079483,11.13363],[122.088181,11.13611]]]]}},{"type":"Feature","properties":{"ID_0":177,"ISO":"PHL","NAME_0":"Philippines","ID_1":6006,"NAME_1":"Antique","ID_2":600609,"NAME_2":"Laua-an","ID_3":600609041,"NAME_3":"Tigunhao","NL_NAME_3":null,"VARNAME_3":null,"TYPE_3":"Barangay","ENGTYPE_3":"Village","PROVINCE":"Antique","REGION":"Region VI (Western Visayas)","id":"barangay-0600609041","name":"Tigunhao","barangayCode":"0600609041","population":null,"formattedPop":null,"densityCategory":"No data","vulnerabilityRating":"No data","healthRiskLevel":"No data","areaKm2":1.572632,"centerLat":11.143848,"centerLng":122.085748,"geometrySource":"all_barangay-2.csv detailed WKT","geometryMatchMethod":"unique_official_admin_names","boundaryPointCount":19},"geometry":{"type":"MultiPolygon","coordinates":[[[[122.088699,11.15093],[122.093178,11.14438],[122.088181,11.13611],[122.079483,11.13363],[122.076851,11.13303],[122.077377,11.14811],[122.079063,11.14847],[122.079453,11.14823],[122.080276,11.14745],[122.081238,11.14691],[122.081993,11.1467],[122.082863,11.14761],[122.083748,11.1483],[122.084846,11.14851],[122.085739,11.14869],[122.08638,11.14889],[122.087029,11.14925],[122.087982,11.15008],[122.088699,11.15093]]]]}},{"type":"Feature","properties":{"ID_0":177,"ISO":"PHL","NAME_0":"Philippines","ID_1":6006,"NAME_1":"Antique","ID_2":600609,"NAME_2":"Laua-an","ID_3":600609042,"NAME_3":"Virginia","NL_NAME_3":null,"VARNAME_3":null,"TYPE_3":"Barangay","ENGTYPE_3":"Village","PROVINCE":"Antique","REGION":"Region VI (Western Visayas)","id":"barangay-0600609042","name":"Virginia","barangayCode":"0600609042","population":null,"formattedPop":null,"densityCategory":"No data","vulnerabilityRating":"No data","healthRiskLevel":"No data","areaKm2":3.252263,"centerLat":11.135517,"centerLng":122.129374,"geometrySource":"all_barangay-2.csv detailed WKT","geometryMatchMethod":"unique_official_admin_names","boundaryPointCount":7},"geometry":{"type":"MultiPolygon","coordinates":[[[[122.135246,11.12522],[122.127472,11.11788],[122.124924,11.11218],[122.123001,11.10793],[122.109268,11.11873],[122.11425,11.13834],[122.135246,11.12522]]]]}},{"type":"Feature","properties":{"ID_0":177,"ISO":"PHL","NAME_0":"Philippines","ID_1":6006,"NAME_1":"Antique","ID_2":600609,"NAME_2":"Laua-an","ID_3":600609043,"NAME_3":"Bagongbayan","NL_NAME_3":null,"VARNAME_3":null,"TYPE_3":"Barangay","ENGTYPE_3":"Village","PROVINCE":"Antique","REGION":"Region VI (Western Visayas)","id":"barangay-0600609043","name":"Bagongbayan","barangayCode":"0600609043","population":null,"formattedPop":null,"densityCategory":"No data","vulnerabilityRating":"No data","healthRiskLevel":"No data","areaKm2":1.70957,"centerLat":11.097416,"centerLng":122.054463,"geometrySource":"all_barangay-2.csv detailed WKT","geometryMatchMethod":"unique_official_admin_names","boundaryPointCount":53},"geometry":{"type":"MultiPolygon","coordinates":[[[[122.043053,11.10386],[122.043999,11.10224],[122.046547,11.10141],[122.047867,11.10124],[122.049057,11.10127],[122.049843,11.10165],[122.051933,11.10162],[122.054024,11.10132],[122.057266,11.10156],[122.060501,11.10217],[122.063049,11.10219],[122.06485,11.10259],[122.072823,11.09764],[122.072533,11.09775],[122.071877,11.09759],[122.070732,11.09768],[122.068489,11.09737],[122.065971,11.09673],[122.064262,11.09586],[122.062737,11.09527],[122.06115,11.09471],[122.059807,11.09468],[122.059258,11.09478],[122.05751,11.09486],[122.055313,11.09499],[122.053001,11.09496],[122.051773,11.09441],[122.050293,11.09426],[122.048889,11.09427],[122.047661,11.09435],[122.046501,11.09447],[122.04528,11.0945],[122.04528,11.095],[122.045036,11.09524],[122.044998,11.09528],[122.045036,11.09532],[122.04528,11.09556],[122.04528,11.09667],[122.045151,11.09679],[122.044998,11.09694],[122.044998,11.09722],[122.044724,11.0975],[122.044724,11.09806],[122.044441,11.09833],[122.044441,11.1],[122.044167,11.10028],[122.044167,11.10083],[122.04361,11.10139],[122.04361,11.10222],[122.043327,11.1025],[122.043327,11.10306],[122.043053,11.10333],[122.043053,11.10386]]]]}},{"type":"Feature","properties":{"ID_0":177,"ISO":"PHL","NAME_0":"Philippines","ID_1":6006,"NAME_1":"Antique","ID_2":600610,"NAME_2":"Libertad","ID_3":600610001,"NAME_3":"Barusbus","NL_NAME_3":null,"VARNAME_3":null,"TYPE_3":"Barangay","ENGTYPE_3":"Village","PROVINCE":"Antique","REGION":"Region VI (Western Visayas)","id":"barangay-0600610001","name":"Barusbus","barangayCode":"0600610001","population":null,"formattedPop":null,"densityCategory":"No data","vulnerabilityRating":"No data","healthRiskLevel":"No data","areaKm2":1.719712,"centerLat":11.77025,"centerLng":121.928077,"geometrySource":"all_barangay-2.csv detailed WKT","geometryMatchMethod":"unique_official_admin_names","boundaryPointCount":42},"geometry":{"type":"MultiPolygon","coordinates":[[[[121.933479,11.77729],[121.933327,11.76674],[121.933403,11.76569],[121.933723,11.76519],[121.93354,11.76415],[121.933067,11.76367],[121.932762,11.76353],[121.932442,11.76387],[121.932114,11.76411],[121.93177,11.76424],[121.93148,11.7644],[121.931183,11.76441],[121.930969,11.76443],[121.930832,11.76444],[121.928886,11.76438],[121.928391,11.76423],[121.928062,11.764],[121.927711,11.76369],[121.927307,11.76346],[121.926903,11.76357],[121.926483,11.76361],[121.926079,11.76368],[121.925743,11.76388],[121.925346,11.76407],[121.924911,11.76419],[121.924507,11.76436],[121.924118,11.76446],[121.923782,11.76457],[121.92363,11.76463],[121.923477,11.7647],[121.923157,11.7648],[121.922821,11.76502],[121.92244,11.76528],[121.922043,11.76555],[121.921623,11.7658],[121.921204,11.76602],[121.920731,11.76622],[121.920387,11.76642],[121.920807,11.76812],[121.921158,11.7699],[121.922028,11.77418],[121.933479,11.77729]]]]}},{"type":"Feature","properties":{"ID_0":177,"ISO":"PHL","NAME_0":"Philippines","ID_1":6006,"NAME_1":"Antique","ID_2":600610,"NAME_2":"Libertad","ID_3":600610002,"NAME_3":"Bulanao","NL_NAME_3":null,"VARNAME_3":null,"TYPE_3":"Barangay","ENGTYPE_3":"Village","PROVINCE":"Antique","REGION":"Region VI (Western Visayas)","id":"barangay-0600610002","name":"Bulanao","barangayCode":"0600610002","population":null,"formattedPop":null,"densityCategory":"No data","vulnerabilityRating":"No data","healthRiskLevel":"No data","areaKm2":5.845149,"centerLat":11.792506,"centerLng":121.974219,"geometrySource":"all_barangay-2.csv detailed WKT","geometryMatchMethod":"unique_official_admin_names","boundaryPointCount":85},"geometry":{"type":"MultiPolygon","coordinates":[[[[121.98571,11.8275],[121.977318,11.78721],[121.976883,11.78582],[121.97641,11.78506],[121.975754,11.78469],[121.975342,11.7843],[121.97464,11.78362],[121.973793,11.78294],[121.973297,11.7824],[121.973534,11.78148],[121.973686,11.78067],[121.973442,11.77996],[121.973297,11.77905],[121.973969,11.77837],[121.974007,11.7779],[121.974861,11.77748],[121.975082,11.77736],[121.974899,11.77638],[121.973587,11.77557],[121.972092,11.77459],[121.971573,11.7743],[121.970581,11.77339],[121.970558,11.77251],[121.971077,11.7719],[121.971947,11.7716],[121.972107,11.77047],[121.972527,11.76983],[121.972656,11.76834],[121.972237,11.76717],[121.972061,11.76542],[121.971573,11.76391],[121.970787,11.76317],[121.969643,11.76244],[121.968559,11.76153],[121.96814,11.76035],[121.968437,11.75936],[121.968887,11.75779],[121.968788,11.75639],[121.96862,11.75511],[121.9683,11.75458],[121.968277,11.75462],[121.968208,11.75487],[121.967941,11.75482],[121.967667,11.75475],[121.967377,11.75477],[121.967087,11.75493],[121.966698,11.75508],[121.966293,11.75527],[121.965874,11.75541],[121.965424,11.7555],[121.964951,11.75553],[121.96447,11.7555],[121.963997,11.75541],[121.96357,11.75527],[121.963173,11.75512],[121.962769,11.75498],[121.962379,11.75483],[121.962257,11.75481],[121.962013,11.75476],[121.961723,11.75515],[121.961609,11.7553],[121.961563,11.75561],[121.961563,11.75589],[121.962128,11.75641],[121.962357,11.75679],[121.962173,11.75761],[121.961884,11.75818],[121.9617,11.75905],[121.961967,11.75995],[121.962601,11.7605],[121.962929,11.76108],[121.962822,11.762],[121.962463,11.76265],[121.963097,11.76303],[121.963913,11.76304],[121.964813,11.76387],[121.965057,11.76466],[121.964722,11.76574],[121.964691,11.76614],[121.964958,11.76633],[121.974121,11.80442],[121.976486,11.82],[121.978592,11.82612],[121.980217,11.82675],[121.98571,11.8275]]]]}},{"type":"Feature","properties":{"ID_0":177,"ISO":"PHL","NAME_0":"Philippines","ID_1":6006,"NAME_1":"Antique","ID_2":600610,"NAME_2":"Libertad","ID_3":600610003,"NAME_3":"Cubay","NL_NAME_3":null,"VARNAME_3":null,"TYPE_3":"Barangay","ENGTYPE_3":"Village","PROVINCE":"Antique","REGION":"Region VI (Western Visayas)","id":"barangay-0600610003","name":"Cubay","barangayCode":"0600610003","population":null,"formattedPop":null,"densityCategory":"No data","vulnerabilityRating":"No data","healthRiskLevel":"No data","areaKm2":5.271661,"centerLat":11.789513,"centerLng":121.979757,"geometrySource":"all_barangay-2.csv detailed WKT","geometryMatchMethod":"unique_official_admin_names","boundaryPointCount":78},"geometry":{"type":"MultiPolygon","coordinates":[[[[121.99305,11.82674],[121.988327,11.81554],[121.981422,11.78346],[121.978119,11.76787],[121.977821,11.7668],[121.977089,11.76562],[121.976784,11.76361],[121.976334,11.76277],[121.975792,11.76054],[121.975014,11.75924],[121.974648,11.75801],[121.974854,11.75649],[121.97509,11.75562],[121.974983,11.75416],[121.974731,11.75363],[121.974037,11.75276],[121.973457,11.7523],[121.973122,11.75247],[121.972687,11.75262],[121.97229,11.75274],[121.971901,11.75277],[121.971497,11.75278],[121.971069,11.75281],[121.970703,11.75299],[121.970306,11.7532],[121.969994,11.75345],[121.969681,11.75359],[121.96936,11.75364],[121.969063,11.75371],[121.968773,11.75376],[121.968513,11.75381],[121.968399,11.75408],[121.968384,11.75442],[121.9683,11.75458],[121.96862,11.75511],[121.968788,11.75639],[121.968887,11.75779],[121.968437,11.75936],[121.96814,11.76035],[121.968559,11.76153],[121.969643,11.76244],[121.970787,11.76317],[121.971573,11.76391],[121.972061,11.76542],[121.972237,11.76717],[121.972656,11.76834],[121.972527,11.76983],[121.972107,11.77047],[121.971947,11.7716],[121.971077,11.7719],[121.970558,11.77251],[121.970581,11.77339],[121.971573,11.7743],[121.972092,11.77459],[121.973587,11.77557],[121.974899,11.77638],[121.975082,11.77736],[121.974861,11.77748],[121.974007,11.7779],[121.973969,11.77837],[121.973297,11.77905],[121.973442,11.77996],[121.973686,11.78067],[121.973534,11.78148],[121.973297,11.7824],[121.973793,11.78294],[121.97464,11.78362],[121.975342,11.7843],[121.975754,11.78469],[121.97641,11.78506],[121.976883,11.78582],[121.977318,11.78721],[121.98571,11.8275],[121.986893,11.82774],[121.989197,11.82742],[121.990799,11.8275],[121.992332,11.82707],[121.99305,11.82674]]]]}},{"type":"Feature","properties":{"ID_0":177,"ISO":"PHL","NAME_0":"Philippines","ID_1":6006,"NAME_1":"Antique","ID_2":600610,"NAME_2":"Libertad","ID_3":600610004,"NAME_3":"Codiong","NL_NAME_3":null,"VARNAME_3":null,"TYPE_3":"Barangay","ENGTYPE_3":"Village","PROVINCE":"Antique","REGION":"Region VI (Western Visayas)","id":"barangay-0600610004","name":"Codiong","barangayCode":"0600610004","population":null,"formattedPop":null,"densityCategory":"No data","vulnerabilityRating":"No data","healthRiskLevel":"No data","areaKm2":2.742088,"centerLat":11.781414,"centerLng":121.906487,"geometrySource":"all_barangay-2.csv detailed WKT","geometryMatchMethod":"unique_official_admin_names","boundaryPointCount":17},"geometry":{"type":"MultiPolygon","coordinates":[[[[121.904358,11.79183],[121.907219,11.79063],[121.910698,11.78363],[121.913811,11.78118],[121.913307,11.78045],[121.913307,11.77868],[121.912956,11.77813],[121.912903,11.77731],[121.913254,11.77604],[121.912804,11.77545],[121.911797,11.77454],[121.903297,11.77176],[121.897339,11.76963],[121.899307,11.78687],[121.900261,11.78754],[121.903603,11.791],[121.904358,11.79183]]]]}},{"type":"Feature","properties":{"ID_0":177,"ISO":"PHL","NAME_0":"Philippines","ID_1":6006,"NAME_1":"Antique","ID_2":600610,"NAME_2":"Libertad","ID_3":600610005,"NAME_3":"Igcagay","NL_NAME_3":null,"VARNAME_3":null,"TYPE_3":"Barangay","ENGTYPE_3":"Village","PROVINCE":"Antique","REGION":"Region VI (Western Visayas)","id":"barangay-0600610005","name":"Igcagay","barangayCode":"0600610005","population":null,"formattedPop":null,"densityCategory":"No data","vulnerabilityRating":"No data","healthRiskLevel":"No data","areaKm2":10.686972,"centerLat":11.791516,"centerLng":121.947592,"geometrySource":"all_barangay-2.csv detailed WKT","geometryMatchMethod":"unique_official_admin_names","boundaryPointCount":53},"geometry":{"type":"MultiPolygon","coordinates":[[[[121.964653,11.82409],[121.94912,11.77475],[121.9487,11.76709],[121.94635,11.75805],[121.946259,11.75814],[121.945923,11.75847],[121.945572,11.75877],[121.945267,11.75909],[121.944946,11.75937],[121.944603,11.75959],[121.944221,11.75977],[121.943802,11.75997],[121.943283,11.76013],[121.942978,11.76038],[121.942749,11.76067],[121.942482,11.76092],[121.942146,11.76111],[121.94175,11.76125],[121.94117,11.76135],[121.940552,11.76149],[121.940033,11.76156],[121.939941,11.76157],[121.939323,11.76159],[121.938728,11.76161],[121.938667,11.76164],[121.938301,11.76182],[121.937897,11.76199],[121.937553,11.76218],[121.937157,11.76222],[121.936813,11.76222],[121.936539,11.76221],[121.936287,11.76211],[121.936043,11.76201],[121.935951,11.76197],[121.935516,11.76196],[121.935249,11.76199],[121.935028,11.76201],[121.934502,11.76223],[121.933937,11.7624],[121.933456,11.76269],[121.933098,11.7631],[121.932762,11.76353],[121.933067,11.76367],[121.93354,11.76415],[121.933723,11.76519],[121.933403,11.76569],[121.933327,11.76674],[121.933479,11.77729],[121.939774,11.7904],[121.944641,11.80361],[121.952332,11.82329],[121.95462,11.82344],[121.964653,11.82409]]]]}},{"type":"Feature","properties":{"ID_0":177,"ISO":"PHL","NAME_0":"Philippines","ID_1":6006,"NAME_1":"Antique","ID_2":600610,"NAME_2":"Libertad","ID_3":600610006,"NAME_3":"Inyawan","NL_NAME_3":null,"VARNAME_3":null,"TYPE_3":"Barangay","ENGTYPE_3":"Village","PROVINCE":"Antique","REGION":"Region VI (Western Visayas)","id":"barangay-0600610006","name":"Inyawan","barangayCode":"0600610006","population":null,"formattedPop":null,"densityCategory":"No data","vulnerabilityRating":"No data","healthRiskLevel":"No data","areaKm2":11.145871,"centerLat":11.804978,"centerLng":121.928382,"geometrySource":"all_barangay-2.csv detailed WKT","geometryMatchMethod":"unique_official_admin_names","boundaryPointCount":27},"geometry":{"type":"MultiPolygon","coordinates":[[[[121.945602,11.82344],[121.95092,11.82342],[121.952332,11.82329],[121.944641,11.80361],[121.910698,11.78363],[121.907219,11.79063],[121.904358,11.79183],[121.905563,11.79384],[121.905952,11.79582],[121.906502,11.79753],[121.907127,11.79903],[121.908592,11.80136],[121.910751,11.80366],[121.912193,11.80501],[121.913681,11.80631],[121.917473,11.80848],[121.918137,11.80876],[121.91832,11.80884],[121.919456,11.80934],[121.921471,11.81107],[121.924263,11.81372],[121.926987,11.81638],[121.930603,11.81911],[121.933746,11.82102],[121.936951,11.82229],[121.939484,11.82289],[121.945602,11.82344]]]]}},{"type":"Feature","properties":{"ID_0":177,"ISO":"PHL","NAME_0":"Philippines","ID_1":6006,"NAME_1":"Antique","ID_2":600610,"NAME_2":"Libertad","ID_3":600610007,"NAME_3":"Lindero","NL_NAME_3":null,"VARNAME_3":null,"TYPE_3":"Barangay","ENGTYPE_3":"Village","PROVINCE":"Antique","REGION":"Region VI (Western Visayas)","id":"barangay-0600610007","name":"Lindero","barangayCode":"0600610007","population":null,"formattedPop":null,"densityCategory":"No data","vulnerabilityRating":"No data","healthRiskLevel":"No data","areaKm2":2.221692,"centerLat":11.771178,"centerLng":121.877165,"geometrySource":"all_barangay-2.csv detailed WKT","geometryMatchMethod":"unique_official_admin_names","boundaryPointCount":14},"geometry":{"type":"MultiPolygon","coordinates":[[[[121.886948,11.77833],[121.887154,11.76876],[121.886703,11.76529],[121.886337,11.76319],[121.875053,11.7634],[121.86145,11.76209],[121.861504,11.76609],[121.862846,11.76647],[121.864899,11.76704],[121.868553,11.7682],[121.872757,11.76997],[121.879158,11.77383],[121.88224,11.77556],[121.886948,11.77833]]]]}},{"type":"Feature","properties":{"ID_0":177,"ISO":"PHL","NAME_0":"Philippines","ID_1":6006,"NAME_1":"Antique","ID_2":600610,"NAME_2":"Libertad","ID_3":600610008,"NAME_3":"Maramig","NL_NAME_3":null,"VARNAME_3":null,"TYPE_3":"Barangay","ENGTYPE_3":"Village","PROVINCE":"Antique","REGION":"Region VI (Western Visayas)","id":"barangay-0600610008","name":"Maramig","barangayCode":"0600610008","population":null,"formattedPop":null,"densityCategory":"No data","vulnerabilityRating":"No data","healthRiskLevel":"No data","areaKm2":6.039517,"centerLat":11.790876,"centerLng":121.966816,"geometrySource":"all_barangay-2.csv detailed WKT","geometryMatchMethod":"unique_official_admin_names","boundaryPointCount":47},"geometry":{"type":"MultiPolygon","coordinates":[[[[121.978592,11.82612],[121.976486,11.82],[121.974121,11.80442],[121.964958,11.76633],[121.964691,11.76614],[121.964722,11.76574],[121.965057,11.76466],[121.964813,11.76387],[121.963913,11.76304],[121.963097,11.76303],[121.962463,11.76265],[121.962822,11.762],[121.962929,11.76108],[121.962601,11.7605],[121.961967,11.75995],[121.9617,11.75905],[121.961884,11.75818],[121.962173,11.75761],[121.962357,11.75679],[121.962128,11.75641],[121.961563,11.75589],[121.961563,11.75561],[121.961609,11.7553],[121.961273,11.75563],[121.960953,11.7558],[121.960762,11.75582],[121.960617,11.75583],[121.960289,11.75583],[121.95993,11.75583],[121.959557,11.75583],[121.959167,11.75583],[121.958778,11.75583],[121.958397,11.75583],[121.958031,11.75583],[121.957672,11.75583],[121.957321,11.75583],[121.956917,11.75584],[121.956543,11.75588],[121.956512,11.7559],[121.958572,11.76282],[121.960449,11.77923],[121.971657,11.82436],[121.972816,11.82468],[121.973167,11.82478],[121.973984,11.82498],[121.9767,11.8258],[121.978592,11.82612]]]]}},{"type":"Feature","properties":{"ID_0":177,"ISO":"PHL","NAME_0":"Philippines","ID_1":6006,"NAME_1":"Antique","ID_2":600610,"NAME_2":"Libertad","ID_3":600610009,"NAME_3":"Pucio","NL_NAME_3":null,"VARNAME_3":null,"TYPE_3":"Barangay","ENGTYPE_3":"Village","PROVINCE":"Antique","REGION":"Region VI (Western Visayas)","id":"barangay-0600610009","name":"Pucio","barangayCode":"0600610009","population":null,"formattedPop":null,"densityCategory":"No data","vulnerabilityRating":"No data","healthRiskLevel":"No data","areaKm2":1.496075,"centerLat":11.762129,"centerLng":121.854381,"geometrySource":"all_barangay-2.csv detailed WKT","geometryMatchMethod":"unique_official_admin_names","boundaryPointCount":47},"geometry":{"type":"MultiPolygon","coordinates":[[[[121.861504,11.76609],[121.86145,11.76209],[121.862228,11.75613],[121.862038,11.75615],[121.861748,11.75628],[121.861382,11.7562],[121.860817,11.75598],[121.86026,11.75628],[121.859749,11.7566],[121.859192,11.7567],[121.858597,11.75673],[121.857948,11.75674],[121.85733,11.75687],[121.856743,11.75706],[121.856079,11.75704],[121.855423,11.75721],[121.854797,11.75737],[121.854301,11.75763],[121.853828,11.75778],[121.853378,11.75787],[121.852943,11.75793],[121.852509,11.75812],[121.852074,11.75835],[121.851631,11.75861],[121.851196,11.75884],[121.850761,11.75898],[121.850327,11.75912],[121.849823,11.75917],[121.849312,11.75923],[121.848846,11.75941],[121.848328,11.75951],[121.847832,11.75979],[121.847321,11.76004],[121.84687,11.76027],[121.846443,11.76046],[121.845947,11.76059],[121.845467,11.76083],[121.844978,11.7611],[121.844513,11.76136],[121.844147,11.76168],[121.843849,11.76198],[121.84359,11.76224],[121.843529,11.76235],[121.844933,11.76235],[121.852982,11.76452],[121.857498,11.76558],[121.861504,11.76609]]]]}},{"type":"Feature","properties":{"ID_0":177,"ISO":"PHL","NAME_0":"Philippines","ID_1":6006,"NAME_1":"Antique","ID_2":600610,"NAME_2":"Libertad","ID_3":600610010,"NAME_3":"Pajo","NL_NAME_3":null,"VARNAME_3":null,"TYPE_3":"Barangay","ENGTYPE_3":"Village","PROVINCE":"Antique","REGION":"Region VI (Western Visayas)","id":"barangay-0600610010","name":"Pajo","barangayCode":"0600610010","population":null,"formattedPop":null,"densityCategory":"No data","vulnerabilityRating":"No data","healthRiskLevel":"No data","areaKm2":11.010637,"centerLat":11.792719,"centerLng":121.989919,"geometrySource":"all_barangay-2.csv detailed WKT","geometryMatchMethod":"unique_official_admin_names","boundaryPointCount":60},"geometry":{"type":"MultiPolygon","coordinates":[[[[122.00843,11.82257],[121.990288,11.78412],[121.984039,11.75219],[121.983856,11.75142],[121.983612,11.75139],[121.983093,11.75139],[121.982597,11.75136],[121.982117,11.75127],[121.981644,11.75115],[121.981117,11.75115],[121.980949,11.75116],[121.980621,11.75119],[121.980209,11.75115],[121.979843,11.75127],[121.979477,11.75137],[121.979134,11.75137],[121.978813,11.75129],[121.978539,11.75114],[121.978439,11.75106],[121.978302,11.75095],[121.97805,11.7508],[121.977768,11.75062],[121.97744,11.75067],[121.977303,11.75068],[121.976761,11.75088],[121.97625,11.75086],[121.975807,11.75084],[121.97541,11.75086],[121.97506,11.75102],[121.974716,11.75133],[121.974373,11.75167],[121.973984,11.75199],[121.973549,11.75225],[121.973457,11.7523],[121.974037,11.75276],[121.974731,11.75363],[121.974983,11.75416],[121.97509,11.75562],[121.974854,11.75649],[121.974648,11.75801],[121.975014,11.75924],[121.975792,11.76054],[121.976334,11.76277],[121.976784,11.76361],[121.977089,11.76562],[121.977821,11.7668],[121.978119,11.76787],[121.981422,11.78346],[121.988327,11.81554],[121.99305,11.82674],[121.994392,11.82692],[121.996643,11.82661],[121.999031,11.82619],[122.001083,11.82536],[122.003128,11.8243],[122.00499,11.82364],[122.005241,11.82356],[122.005348,11.82353],[122.007927,11.82272],[122.00843,11.82257]]]]}},{"type":"Feature","properties":{"ID_0":177,"ISO":"PHL","NAME_0":"Philippines","ID_1":6006,"NAME_1":"Antique","ID_2":600610,"NAME_2":"Libertad","ID_3":600610011,"NAME_3":"Panangkilon","NL_NAME_3":null,"VARNAME_3":null,"TYPE_3":"Barangay","ENGTYPE_3":"Village","PROVINCE":"Antique","REGION":"Region VI (Western Visayas)","id":"barangay-0600610011","name":"Panangkilon","barangayCode":"0600610011","population":null,"formattedPop":null,"densityCategory":"No data","vulnerabilityRating":"No data","healthRiskLevel":"No data","areaKm2":4.547398,"centerLat":11.785469,"centerLng":121.928451,"geometrySource":"all_barangay-2.csv detailed WKT","geometryMatchMethod":"unique_official_admin_names","boundaryPointCount":15},"geometry":{"type":"MultiPolygon","coordinates":[[[[121.944641,11.80361],[121.939774,11.7904],[121.933479,11.77729],[121.922028,11.77418],[121.919693,11.77424],[121.911797,11.77454],[121.912804,11.77545],[121.913254,11.77604],[121.912903,11.77731],[121.912956,11.77813],[121.913307,11.77868],[121.913307,11.78045],[121.913811,11.78118],[121.910698,11.78363],[121.944641,11.80361]]]]}},{"type":"Feature","properties":{"ID_0":177,"ISO":"PHL","NAME_0":"Philippines","ID_1":6006,"NAME_1":"Antique","ID_2":600610,"NAME_2":"Libertad","ID_3":600610012,"NAME_3":"Paz","NL_NAME_3":null,"VARNAME_3":null,"TYPE_3":"Barangay","ENGTYPE_3":"Village","PROVINCE":"Antique","REGION":"Region VI (Western Visayas)","id":"barangay-0600610012","name":"Paz","barangayCode":"0600610012","population":null,"formattedPop":null,"densityCategory":"No data","vulnerabilityRating":"No data","healthRiskLevel":"No data","areaKm2":6.960985,"centerLat":11.788271,"centerLng":121.95818,"geometrySource":"all_barangay-2.csv detailed WKT","geometryMatchMethod":"unique_official_admin_names","boundaryPointCount":35},"geometry":{"type":"MultiPolygon","coordinates":[[[[121.964653,11.82409],[121.966179,11.8237],[121.967628,11.82374],[121.971657,11.82436],[121.960449,11.77923],[121.958572,11.76282],[121.956512,11.7559],[121.956123,11.75606],[121.95562,11.75619],[121.955132,11.7564],[121.954659,11.75665],[121.953827,11.75687],[121.953262,11.75687],[121.952499,11.75667],[121.952217,11.75667],[121.951782,11.75698],[121.951736,11.75701],[121.951111,11.75722],[121.950623,11.75722],[121.950272,11.75711],[121.950203,11.75697],[121.950111,11.75697],[121.949783,11.75695],[121.949333,11.75694],[121.94902,11.75693],[121.948837,11.75693],[121.948357,11.7569],[121.947884,11.75693],[121.947456,11.75718],[121.947037,11.75748],[121.946617,11.75779],[121.94635,11.75805],[121.9487,11.76709],[121.94912,11.77475],[121.964653,11.82409]]]]}},{"type":"Feature","properties":{"ID_0":177,"ISO":"PHL","NAME_0":"Philippines","ID_1":6006,"NAME_1":"Antique","ID_2":600610,"NAME_2":"Libertad","ID_3":600610013,"NAME_3":"Centro Este","NL_NAME_3":null,"VARNAME_3":null,"TYPE_3":"Barangay","ENGTYPE_3":"Village","PROVINCE":"Antique","REGION":"Region VI (Western Visayas)","id":"barangay-0600610013","name":"Centro Este","barangayCode":"0600610013","population":null,"formattedPop":null,"densityCategory":"No data","vulnerabilityRating":"No data","healthRiskLevel":"No data","areaKm2":0.255627,"centerLat":11.771421,"centerLng":121.920163,"geometrySource":"all_barangay-2.csv detailed WKT","geometryMatchMethod":"unique_official_admin_names","boundaryPointCount":14},"geometry":{"type":"MultiPolygon","coordinates":[[[[121.919693,11.77424],[121.922028,11.77418],[121.921158,11.7699],[121.920807,11.76812],[121.920387,11.76642],[121.920303,11.76647],[121.919884,11.76672],[121.919441,11.76693],[121.918953,11.76699],[121.918617,11.76711],[121.918869,11.76858],[121.919128,11.77071],[121.91925,11.77128],[121.919693,11.77424]]]]}},{"type":"Feature","properties":{"ID_0":177,"ISO":"PHL","NAME_0":"Philippines","ID_1":6006,"NAME_1":"Antique","ID_2":600610,"NAME_2":"Libertad","ID_3":600610014,"NAME_3":"Centro Weste","NL_NAME_3":null,"VARNAME_3":null,"TYPE_3":"Barangay","ENGTYPE_3":"Village","PROVINCE":"Antique","REGION":"Region VI (Western Visayas)","id":"barangay-0600610014","name":"Centro Weste","barangayCode":"0600610014","population":null,"formattedPop":null,"densityCategory":"No data","vulnerabilityRating":"No data","healthRiskLevel":"No data","areaKm2":0.48146,"centerLat":11.77075,"centerLng":121.915931,"geometrySource":"all_barangay-2.csv detailed WKT","geometryMatchMethod":"unique_official_admin_names","boundaryPointCount":33},"geometry":{"type":"MultiPolygon","coordinates":[[[[121.911797,11.77454],[121.919693,11.77424],[121.91925,11.77128],[121.919128,11.77071],[121.918869,11.76858],[121.918617,11.76711],[121.918343,11.76721],[121.917847,11.76742],[121.917427,11.76742],[121.916939,11.7672],[121.916412,11.76723],[121.91584,11.76718],[121.915329,11.76694],[121.915253,11.76687],[121.915001,11.76667],[121.914719,11.76639],[121.91452,11.76639],[121.914436,11.76639],[121.913887,11.76583],[121.91333,11.76583],[121.912903,11.76567],[121.912819,11.76563],[121.912643,11.76573],[121.912483,11.76611],[121.913383,11.76698],[121.913612,11.76777],[121.913292,11.76865],[121.913437,11.76942],[121.913231,11.77076],[121.912407,11.77183],[121.911819,11.77243],[121.911346,11.77347],[121.911797,11.77454]]]]}},{"type":"Feature","properties":{"ID_0":177,"ISO":"PHL","NAME_0":"Philippines","ID_1":6006,"NAME_1":"Antique","ID_2":600610,"NAME_2":"Libertad","ID_3":600610015,"NAME_3":"San Roque","NL_NAME_3":null,"VARNAME_3":null,"TYPE_3":"Barangay","ENGTYPE_3":"Village","PROVINCE":"Antique","REGION":"Region VI (Western Visayas)","id":"barangay-0600610015","name":"San Roque","barangayCode":"0600610015","population":null,"formattedPop":null,"densityCategory":"No data","vulnerabilityRating":"No data","healthRiskLevel":"No data","areaKm2":12.916595,"centerLat":11.78212,"centerLng":122.000506,"geometrySource":"all_barangay-2.csv detailed WKT","geometryMatchMethod":"unique_official_admin_names","boundaryPointCount":73},"geometry":{"type":"MultiPolygon","coordinates":[[[[122.003937,11.77117],[122.006783,11.74675],[122.005234,11.74318],[122.00473,11.74354],[122.004173,11.74389],[122.003891,11.74389],[122.003891,11.74417],[122.003052,11.745],[122.00222,11.74528],[122.001663,11.74556],[122.001663,11.74583],[122.001389,11.74611],[122.000267,11.74667],[122.0,11.74667],[121.999443,11.74667],[121.999168,11.74667],[121.998894,11.74694],[121.998611,11.74694],[121.998337,11.74722],[121.998047,11.74722],[121.99778,11.7475],[121.997223,11.7475],[121.996727,11.74773],[121.996323,11.74783],[121.995979,11.74803],[121.995644,11.74819],[121.995331,11.74832],[121.99501,11.74843],[121.99469,11.74857],[121.994324,11.74866],[121.993988,11.7488],[121.993668,11.74864],[121.993362,11.7484],[121.993027,11.74847],[121.992683,11.74904],[121.992249,11.74941],[121.991829,11.74969],[121.991371,11.7499],[121.990883,11.75008],[121.99044,11.7503],[121.990067,11.75055],[121.989738,11.75081],[121.989464,11.75107],[121.989197,11.75129],[121.988861,11.75143],[121.988586,11.75163],[121.988258,11.75176],[121.9879,11.75189],[121.987503,11.7519],[121.987083,11.75177],[121.9869,11.75168],[121.986633,11.75155],[121.986191,11.75165],[121.985901,11.75182],[121.985802,11.75188],[121.985458,11.75195],[121.985153,11.7519],[121.984947,11.75179],[121.984863,11.75174],[121.984497,11.75163],[121.9841,11.75144],[121.983856,11.75142],[121.984039,11.75219],[121.990288,11.78412],[122.00843,11.82257],[122.015198,11.806],[122.015343,11.80495],[122.01548,11.80363],[122.015572,11.80214],[122.015244,11.80038],[122.014732,11.79893],[122.012177,11.78936],[122.003937,11.77117]]]]}},{"type":"Feature","properties":{"ID_0":177,"ISO":"PHL","NAME_0":"Philippines","ID_1":6006,"NAME_1":"Antique","ID_2":600610,"NAME_2":"Libertad","ID_3":600610016,"NAME_3":"Tinigbas","NL_NAME_3":null,"VARNAME_3":null,"TYPE_3":"Barangay","ENGTYPE_3":"Village","PROVINCE":"Antique","REGION":"Region VI (Western Visayas)","id":"barangay-0600610016","name":"Tinigbas","barangayCode":"0600610016","population":null,"formattedPop":null,"densityCategory":"No data","vulnerabilityRating":"No data","healthRiskLevel":"No data","areaKm2":1.777777,"centerLat":11.760256,"centerLng":121.871133,"geometrySource":"all_barangay-2.csv detailed WKT","geometryMatchMethod":"unique_official_admin_names","boundaryPointCount":66},"geometry":{"type":"MultiPolygon","coordinates":[[[[121.886337,11.76319],[121.885857,11.75755],[121.886749,11.75786],[121.886391,11.7575],[121.886391,11.75722],[121.885559,11.75639],[121.885246,11.75639],[121.88472,11.75639],[121.884453,11.75611],[121.884293,11.75611],[121.884163,11.75611],[121.884132,11.75614],[121.883888,11.75639],[121.881393,11.75639],[121.880791,11.75639],[121.880272,11.75648],[121.879837,11.75635],[121.879463,11.75618],[121.879066,11.75612],[121.878708,11.7561],[121.878349,11.75606],[121.877983,11.75595],[121.877693,11.75605],[121.87738,11.75611],[121.877083,11.75614],[121.876747,11.75612],[121.876389,11.75605],[121.875977,11.75588],[121.875717,11.75586],[121.875473,11.75585],[121.875191,11.75586],[121.874924,11.75587],[121.874359,11.75585],[121.873711,11.75597],[121.87326,11.75587],[121.872879,11.75575],[121.872566,11.75561],[121.872223,11.75556],[121.871819,11.75555],[121.871353,11.75555],[121.870857,11.75556],[121.870377,11.75557],[121.869957,11.75564],[121.869591,11.75579],[121.869232,11.75583],[121.868874,11.75583],[121.868492,11.75583],[121.868103,11.75584],[121.867683,11.75588],[121.867264,11.75603],[121.866791,11.75612],[121.866333,11.7562],[121.865891,11.75629],[121.865433,11.75615],[121.865013,11.75611],[121.864639,11.75611],[121.864304,11.75611],[121.863953,11.75611],[121.863602,11.75611],[121.863243,11.75611],[121.862839,11.75611],[121.862427,11.75611],[121.862228,11.75613],[121.86145,11.76209],[121.875053,11.7634],[121.886337,11.76319]]]]}},{"type":"Feature","properties":{"ID_0":177,"ISO":"PHL","NAME_0":"Philippines","ID_1":6006,"NAME_1":"Antique","ID_2":600610,"NAME_2":"Libertad","ID_3":600610017,"NAME_3":"Tinindugan","NL_NAME_3":null,"VARNAME_3":null,"TYPE_3":"Barangay","ENGTYPE_3":"Village","PROVINCE":"Antique","REGION":"Region VI (Western Visayas)","id":"barangay-0600610017","name":"Tinindugan","barangayCode":"0600610017","population":null,"formattedPop":null,"densityCategory":"No data","vulnerabilityRating":"No data","healthRiskLevel":"No data","areaKm2":5.279369,"centerLat":11.785542,"centerLng":121.894745,"geometrySource":"all_barangay-2.csv detailed WKT","geometryMatchMethod":"unique_official_admin_names","boundaryPointCount":9},"geometry":{"type":"MultiPolygon","coordinates":[[[[121.899307,11.78687],[121.897339,11.76963],[121.886703,11.76529],[121.887154,11.76876],[121.886948,11.77833],[121.889236,11.77979],[121.892578,11.78246],[121.897186,11.78539],[121.899307,11.78687]]]]}},{"type":"Feature","properties":{"ID_0":177,"ISO":"PHL","NAME_0":"Philippines","ID_1":6006,"NAME_1":"Antique","ID_2":600610,"NAME_2":"Libertad","ID_3":600610018,"NAME_3":"Taboc","NL_NAME_3":null,"VARNAME_3":null,"TYPE_3":"Barangay","ENGTYPE_3":"Village","PROVINCE":"Antique","REGION":"Region VI (Western Visayas)","id":"barangay-0600610018","name":"Taboc","barangayCode":"0600610018","population":null,"formattedPop":null,"densityCategory":"No data","vulnerabilityRating":"No data","healthRiskLevel":"No data","areaKm2":1.399161,"centerLat":11.768211,"centerLng":121.907635,"geometrySource":"all_barangay-2.csv detailed WKT","geometryMatchMethod":"unique_official_admin_names","boundaryPointCount":44},"geometry":{"type":"MultiPolygon","coordinates":[[[[121.911797,11.77454],[121.911346,11.77347],[121.911819,11.77243],[121.912407,11.77183],[121.913231,11.77076],[121.913437,11.76942],[121.913292,11.76865],[121.913612,11.76777],[121.913383,11.76698],[121.912483,11.76611],[121.912643,11.76573],[121.912819,11.76563],[121.912521,11.76549],[121.912148,11.76527],[121.911774,11.76505],[121.911591,11.765],[121.911331,11.76492],[121.910957,11.76472],[121.910606,11.76451],[121.910477,11.76451],[121.909859,11.7643],[121.909508,11.76404],[121.909309,11.76389],[121.909019,11.7636],[121.908821,11.76337],[121.908607,11.76313],[121.90844,11.76287],[121.908272,11.76258],[121.908051,11.76228],[121.907806,11.76193],[121.907623,11.76153],[121.907379,11.76115],[121.907066,11.76083],[121.906723,11.76053],[121.906517,11.76034],[121.90638,11.7602],[121.905983,11.75991],[121.905479,11.75972],[121.904961,11.75954],[121.904449,11.75942],[121.904411,11.7594],[121.904373,11.75984],[121.903297,11.77176],[121.911797,11.77454]]]]}},{"type":"Feature","properties":{"ID_0":177,"ISO":"PHL","NAME_0":"Philippines","ID_1":6006,"NAME_1":"Antique","ID_2":600610,"NAME_2":"Libertad","ID_3":600610019,"NAME_3":"Union","NL_NAME_3":null,"VARNAME_3":null,"TYPE_3":"Barangay","ENGTYPE_3":"Village","PROVINCE":"Antique","REGION":"Region VI (Western Visayas)","id":"barangay-0600610019","name":"Union","barangayCode":"0600610019","population":null,"formattedPop":null,"densityCategory":"No data","vulnerabilityRating":"No data","healthRiskLevel":"No data","areaKm2":3.286476,"centerLat":11.763716,"centerLng":121.891561,"geometrySource":"all_barangay-2.csv detailed WKT","geometryMatchMethod":"unique_official_admin_names","boundaryPointCount":52},"geometry":{"type":"MultiPolygon","coordinates":[[[[121.897339,11.76963],[121.903297,11.77176],[121.904373,11.75984],[121.904411,11.7594],[121.903992,11.75922],[121.903542,11.75914],[121.903122,11.75898],[121.902649,11.75886],[121.902191,11.75864],[121.901703,11.75848],[121.90123,11.7583],[121.900833,11.75805],[121.900436,11.75777],[121.900047,11.7575],[121.899628,11.75727],[121.899117,11.75722],[121.898621,11.75722],[121.898148,11.75722],[121.897682,11.75722],[121.897209,11.7572],[121.896751,11.75713],[121.896347,11.75733],[121.895958,11.75747],[121.895523,11.75745],[121.894997,11.75728],[121.894501,11.75734],[121.894012,11.75781],[121.893478,11.75816],[121.892998,11.75831],[121.892563,11.75833],[121.89209,11.75828],[121.891571,11.75816],[121.891037,11.75806],[121.89061,11.75816],[121.890182,11.75821],[121.889923,11.75846],[121.889648,11.75859],[121.889549,11.7586],[121.88932,11.75861],[121.888969,11.75861],[121.888603,11.75861],[121.888237,11.75856],[121.888046,11.75861],[121.888046,11.75833],[121.887497,11.75833],[121.887222,11.75806],[121.886948,11.75806],[121.886749,11.75786],[121.885857,11.75755],[121.886337,11.76319],[121.886703,11.76529],[121.897339,11.76963]]]]}},{"type":"Feature","properties":{"ID_0":177,"ISO":"PHL","NAME_0":"Philippines","ID_1":6006,"NAME_1":"Antique","ID_2":600611,"NAME_2":"Pandan","ID_3":600611001,"NAME_3":"Aracay","NL_NAME_3":null,"VARNAME_3":null,"TYPE_3":"Barangay","ENGTYPE_3":"Village","PROVINCE":"Antique","REGION":"Region VI (Western Visayas)","id":"barangay-0600611001","name":"Aracay","barangayCode":"0600611001","population":null,"formattedPop":null,"densityCategory":"No data","vulnerabilityRating":"No data","healthRiskLevel":"No data","areaKm2":4.864575,"centerLat":11.72564,"centerLng":122.158572,"geometrySource":"all_barangay-2.csv detailed WKT","geometryMatchMethod":"unique_official_admin_names","boundaryPointCount":16},"geometry":{"type":"MultiPolygon","coordinates":[[[[122.169693,11.7403],[122.168877,11.73894],[122.167824,11.73335],[122.170486,11.73294],[122.171509,11.72963],[122.170967,11.72729],[122.173958,11.72641],[122.17347,11.72564],[122.174133,11.72243],[122.175987,11.72281],[122.177727,11.71874],[122.139137,11.71836],[122.130676,11.71843],[122.125526,11.72183],[122.133583,11.72547],[122.169693,11.7403]]]]}},{"type":"Feature","properties":{"ID_0":177,"ISO":"PHL","NAME_0":"Philippines","ID_1":6006,"NAME_1":"Antique","ID_2":600611,"NAME_2":"Pandan","ID_3":600611002,"NAME_3":"Badiangan","NL_NAME_3":null,"VARNAME_3":null,"TYPE_3":"Barangay","ENGTYPE_3":"Village","PROVINCE":"Antique","REGION":"Region VI (Western Visayas)","id":"barangay-0600611002","name":"Badiangan","barangayCode":"0600611002","population":null,"formattedPop":null,"densityCategory":"No data","vulnerabilityRating":"No data","healthRiskLevel":"No data","areaKm2":5.471978,"centerLat":11.71078,"centerLng":122.131784,"geometrySource":"all_barangay-2.csv detailed WKT","geometryMatchMethod":"unique_official_admin_names","boundaryPointCount":11},"geometry":{"type":"MultiPolygon","coordinates":[[[[122.139137,11.71836],[122.138969,11.70473],[122.119049,11.70507],[122.117767,11.70565],[122.11705,11.70617],[122.116241,11.70724],[122.115051,11.7091],[122.112587,11.71736],[122.125526,11.72183],[122.130676,11.71843],[122.139137,11.71836]]]]}},{"type":"Feature","properties":{"ID_0":177,"ISO":"PHL","NAME_0":"Philippines","ID_1":6006,"NAME_1":"Antique","ID_2":600611,"NAME_2":"Pandan","ID_3":600611003,"NAME_3":"Bagumbayan","NL_NAME_3":null,"VARNAME_3":null,"TYPE_3":"Barangay","ENGTYPE_3":"Village","PROVINCE":"Antique","REGION":"Region VI (Western Visayas)","id":"barangay-0600611003","name":"Bagumbayan","barangayCode":"0600611003","population":null,"formattedPop":null,"densityCategory":"No data","vulnerabilityRating":"No data","healthRiskLevel":"No data","areaKm2":2.01468,"centerLat":11.732038,"centerLng":122.090696,"geometrySource":"all_barangay-2.csv detailed WKT","geometryMatchMethod":"unique_official_admin_names","boundaryPointCount":38},"geometry":{"type":"MultiPolygon","coordinates":[[[[122.090981,11.74115],[122.095741,11.73995],[122.10144,11.73529],[122.100777,11.7345],[122.099663,11.73376],[122.098686,11.73339],[122.098022,11.7332],[122.096809,11.73238],[122.095947,11.73168],[122.095032,11.73096],[122.09417,11.73041],[122.093391,11.7299],[122.092148,11.72952],[122.090973,11.72896],[122.090042,11.72838],[122.089767,11.72823],[122.089157,11.72801],[122.088768,11.72818],[122.08828,11.72849],[122.08773,11.72883],[122.087067,11.72868],[122.086647,11.72829],[122.086533,11.72771],[122.086052,11.72752],[122.084877,11.7276],[122.08477,11.72758],[122.08474,11.72754],[122.084686,11.72752],[122.08432,11.72754],[122.083931,11.72754],[122.083473,11.72753],[122.083107,11.72745],[122.080559,11.73],[122.080276,11.73],[122.077766,11.7325],[122.078217,11.73282],[122.084579,11.73552],[122.090981,11.74115]]]]}},{"type":"Feature","properties":{"ID_0":177,"ISO":"PHL","NAME_0":"Philippines","ID_1":6006,"NAME_1":"Antique","ID_2":600611,"NAME_2":"Pandan","ID_3":600611004,"NAME_3":"Baybay","NL_NAME_3":null,"VARNAME_3":null,"TYPE_3":"Barangay","ENGTYPE_3":"Village","PROVINCE":"Antique","REGION":"Region VI (Western Visayas)","id":"barangay-0600611004","name":"Baybay","barangayCode":"0600611004","population":null,"formattedPop":null,"densityCategory":"No data","vulnerabilityRating":"No data","healthRiskLevel":"No data","areaKm2":0.125668,"centerLat":11.716792,"centerLng":122.093975,"geometrySource":"all_barangay-2.csv detailed WKT","geometryMatchMethod":"unique_official_admin_names","boundaryPointCount":22},"geometry":{"type":"MultiPolygon","coordinates":[[[[122.091766,11.72069],[122.092087,11.71996],[122.092743,11.71968],[122.093323,11.71908],[122.093651,11.71872],[122.094322,11.71809],[122.095108,11.71729],[122.095306,11.71716],[122.094276,11.7165],[122.09388,11.71629],[122.093613,11.71639],[122.093132,11.71687],[122.092049,11.71786],[122.091629,11.71841],[122.091209,11.71889],[122.090858,11.71931],[122.090439,11.71972],[122.090286,11.71991],[122.090393,11.71998],[122.090881,11.72025],[122.091347,11.72049],[122.091766,11.72069]]]]}},{"type":"Feature","properties":{"ID_0":177,"ISO":"PHL","NAME_0":"Philippines","ID_1":6006,"NAME_1":"Antique","ID_2":600611,"NAME_2":"Pandan","ID_3":600611005,"NAME_3":"Botbot","NL_NAME_3":null,"VARNAME_3":null,"TYPE_3":"Barangay","ENGTYPE_3":"Village","PROVINCE":"Antique","REGION":"Region VI (Western Visayas)","id":"barangay-0600611005","name":"Botbot","barangayCode":"0600611005","population":null,"formattedPop":null,"densityCategory":"No data","vulnerabilityRating":"No data","healthRiskLevel":"No data","areaKm2":3.402848,"centerLat":11.692392,"centerLng":122.120235,"geometrySource":"all_barangay-2.csv detailed WKT","geometryMatchMethod":"unique_official_admin_names","boundaryPointCount":31},"geometry":{"type":"MultiPolygon","coordinates":[[[[122.138481,11.69747],[122.137993,11.68766],[122.101166,11.687713],[122.101089,11.68804],[122.100883,11.68897],[122.100754,11.68967],[122.100647,11.6899],[122.100327,11.6907],[122.100304,11.6914],[122.100281,11.69167],[122.100113,11.69167],[122.099998,11.69167],[122.099716,11.69194],[122.099716,11.69222],[122.099442,11.6925],[122.099442,11.69278],[122.099167,11.69306],[122.099167,11.69333],[122.098892,11.69361],[122.098892,11.69372],[122.098892,11.69389],[122.098717,11.69406],[122.09861,11.69417],[122.09861,11.69486],[122.09861,11.69511],[122.09861,11.69528],[122.098892,11.69556],[122.098892,11.69583],[122.099533,11.69648],[122.099953,11.6965],[122.138481,11.69747]]]]}},{"type":"Feature","properties":{"ID_0":177,"ISO":"PHL","NAME_0":"Philippines","ID_1":6006,"NAME_1":"Antique","ID_2":600611,"NAME_2":"Pandan","ID_3":600611007,"NAME_3":"Buang","NL_NAME_3":null,"VARNAME_3":null,"TYPE_3":"Barangay","ENGTYPE_3":"Village","PROVINCE":"Antique","REGION":"Region VI (Western Visayas)","id":"barangay-0600611007","name":"Buang","barangayCode":"0600611007","population":null,"formattedPop":null,"densityCategory":"No data","vulnerabilityRating":"No data","healthRiskLevel":"No data","areaKm2":4.965692,"centerLat":11.758719,"centerLng":122.103038,"geometrySource":"all_barangay-2.csv detailed WKT","geometryMatchMethod":"unique_official_admin_names","boundaryPointCount":11},"geometry":{"type":"MultiPolygon","coordinates":[[[[122.123497,11.77417],[122.123283,11.77322],[122.090981,11.74115],[122.088799,11.74185],[122.08799,11.74202],[122.082069,11.74398],[122.092323,11.75677],[122.110039,11.77966],[122.120407,11.77996],[122.12162,11.77807],[122.123497,11.77417]]]]}},{"type":"Feature","properties":{"ID_0":177,"ISO":"PHL","NAME_0":"Philippines","ID_1":6006,"NAME_1":"Antique","ID_2":600611,"NAME_2":"Pandan","ID_3":600611008,"NAME_3":"Cabugao","NL_NAME_3":null,"VARNAME_3":null,"TYPE_3":"Barangay","ENGTYPE_3":"Village","PROVINCE":"Antique","REGION":"Region VI (Western Visayas)","id":"barangay-0600611008","name":"Cabugao","barangayCode":"0600611008","population":null,"formattedPop":null,"densityCategory":"No data","vulnerabilityRating":"No data","healthRiskLevel":"No data","areaKm2":3.317339,"centerLat":11.738056,"centerLng":122.113415,"geometrySource":"all_barangay-2.csv detailed WKT","geometryMatchMethod":"unique_official_admin_names","boundaryPointCount":39},"geometry":{"type":"MultiPolygon","coordinates":[[[[122.125923,11.74082],[122.125351,11.7394],[122.12442,11.73751],[122.12368,11.73649],[122.122627,11.73489],[122.12149,11.73407],[122.120857,11.73352],[122.120216,11.73294],[122.119072,11.73247],[122.117897,11.73242],[122.11705,11.73262],[122.11615,11.73318],[122.115059,11.73355],[122.114227,11.7334],[122.113258,11.73327],[122.112373,11.73398],[122.11161,11.73393],[122.111061,11.73305],[122.110519,11.73251],[122.109703,11.73189],[122.109467,11.73127],[122.109451,11.7304],[122.108871,11.72966],[122.108253,11.72984],[122.107697,11.729],[122.107094,11.72925],[122.106598,11.72982],[122.106194,11.72998],[122.105217,11.73086],[122.105003,11.73174],[122.104462,11.73228],[122.103844,11.73284],[122.104156,11.7336],[122.104317,11.73425],[122.103394,11.73502],[122.102448,11.73513],[122.101967,11.73548],[122.11161,11.74937],[122.125923,11.74082]]]]}},{"type":"Feature","properties":{"ID_0":177,"ISO":"PHL","NAME_0":"Philippines","ID_1":6006,"NAME_1":"Antique","ID_2":600611,"NAME_2":"Pandan","ID_3":600611009,"NAME_3":"Candari","NL_NAME_3":null,"VARNAME_3":null,"TYPE_3":"Barangay","ENGTYPE_3":"Village","PROVINCE":"Antique","REGION":"Region VI (Western Visayas)","id":"barangay-0600611009","name":"Candari","barangayCode":"0600611009","population":null,"formattedPop":null,"densityCategory":"No data","vulnerabilityRating":"No data","healthRiskLevel":"No data","areaKm2":16.808925,"centerLat":11.773425,"centerLng":122.062421,"geometrySource":"all_barangay-2.csv detailed WKT","geometryMatchMethod":"unique_official_admin_names","boundaryPointCount":23},"geometry":{"type":"MultiPolygon","coordinates":[[[[122.064598,11.79279],[122.067207,11.79191],[122.068077,11.7915],[122.069839,11.79039],[122.071663,11.78932],[122.073288,11.78832],[122.075508,11.78724],[122.076607,11.78678],[122.079582,11.78524],[122.080803,11.78461],[122.083847,11.7828],[122.086868,11.78124],[122.091682,11.77841],[122.077621,11.76786],[122.070511,11.76289],[122.059898,11.75533],[122.052139,11.75737],[122.045563,11.75899],[122.033798,11.76261],[122.035713,11.76949],[122.055473,11.79724],[122.058777,11.79551],[122.064598,11.79279]]]]}},{"type":"Feature","properties":{"ID_0":177,"ISO":"PHL","NAME_0":"Philippines","ID_1":6006,"NAME_1":"Antique","ID_2":600611,"NAME_2":"Pandan","ID_3":600611010,"NAME_3":"Carmen","NL_NAME_3":null,"VARNAME_3":null,"TYPE_3":"Barangay","ENGTYPE_3":"Village","PROVINCE":"Antique","REGION":"Region VI (Western Visayas)","id":"barangay-0600611010","name":"Carmen","barangayCode":"0600611010","population":null,"formattedPop":null,"densityCategory":"No data","vulnerabilityRating":"No data","healthRiskLevel":"No data","areaKm2":0.168088,"centerLat":11.723148,"centerLng":122.090818,"geometrySource":"all_barangay-2.csv detailed WKT","geometryMatchMethod":"unique_official_admin_names","boundaryPointCount":39},"geometry":{"type":"MultiPolygon","coordinates":[[[[122.090042,11.72838],[122.089996,11.72826],[122.090073,11.72773],[122.090424,11.72728],[122.090912,11.72677],[122.09111,11.7262],[122.091309,11.72569],[122.091522,11.72531],[122.091682,11.72502],[122.091682,11.72464],[122.091454,11.72437],[122.090523,11.72384],[122.089668,11.7235],[122.088989,11.72312],[122.088173,11.72252],[122.088127,11.72255],[122.087578,11.72303],[122.087502,11.72306],[122.087219,11.72306],[122.08667,11.72361],[122.08667,11.72389],[122.083107,11.72745],[122.083473,11.72753],[122.083931,11.72754],[122.08432,11.72754],[122.084686,11.72752],[122.08474,11.72754],[122.08477,11.72758],[122.084877,11.7276],[122.086052,11.72752],[122.086533,11.72771],[122.086647,11.72829],[122.087067,11.72868],[122.08773,11.72883],[122.08828,11.72849],[122.088768,11.72818],[122.089157,11.72801],[122.089767,11.72823],[122.090042,11.72838]]]]}},{"type":"Feature","properties":{"ID_0":177,"ISO":"PHL","NAME_0":"Philippines","ID_1":6006,"NAME_1":"Antique","ID_2":600611,"NAME_2":"Pandan","ID_3":600611011,"NAME_3":"Centro Sur","NL_NAME_3":null,"VARNAME_3":null,"TYPE_3":"Barangay","ENGTYPE_3":"Village","PROVINCE":"Antique","REGION":"Region VI (Western Visayas)","id":"barangay-0600611011","name":"Centro Sur","barangayCode":"0600611011","population":null,"formattedPop":null,"densityCategory":"No data","vulnerabilityRating":"No data","healthRiskLevel":"No data","areaKm2":0.45367,"centerLat":11.719127,"centerLng":122.098605,"geometrySource":"all_barangay-2.csv detailed WKT","geometryMatchMethod":"unique_official_admin_names","boundaryPointCount":16},"geometry":{"type":"MultiPolygon","coordinates":[[[[122.091766,11.72069],[122.093689,11.72167],[122.095947,11.72261],[122.096931,11.72325],[122.099243,11.71886],[122.098106,11.71852],[122.097061,11.71791],[122.096268,11.71745],[122.095306,11.71716],[122.095108,11.71729],[122.094322,11.71809],[122.093651,11.71872],[122.093323,11.71908],[122.092743,11.71968],[122.092087,11.71996],[122.091766,11.72069]]]]}},{"type":"Feature","properties":{"ID_0":177,"ISO":"PHL","NAME_0":"Philippines","ID_1":6006,"NAME_1":"Antique","ID_2":600611,"NAME_2":"Pandan","ID_3":600611012,"NAME_3":"Dionela","NL_NAME_3":null,"VARNAME_3":null,"TYPE_3":"Barangay","ENGTYPE_3":"Village","PROVINCE":"Antique","REGION":"Region VI (Western Visayas)","id":"barangay-0600611012","name":"Dionela","barangayCode":"0600611012","population":null,"formattedPop":null,"densityCategory":"No data","vulnerabilityRating":"No data","healthRiskLevel":"No data","areaKm2":0.1214,"centerLat":11.721348,"centerLng":122.089867,"geometrySource":"all_barangay-2.csv detailed WKT","geometryMatchMethod":"unique_official_admin_names","boundaryPointCount":23},"geometry":{"type":"MultiPolygon","coordinates":[[[[122.088173,11.72252],[122.088989,11.72312],[122.089668,11.7235],[122.090523,11.72384],[122.091454,11.72437],[122.092758,11.72232],[122.092209,11.72221],[122.091827,11.72204],[122.091537,11.72193],[122.091164,11.72171],[122.091438,11.72126],[122.091743,11.72088],[122.091766,11.72069],[122.091347,11.72049],[122.090881,11.72025],[122.090393,11.71998],[122.090286,11.71991],[122.089951,11.72034],[122.089531,11.72096],[122.089111,11.72145],[122.088913,11.72186],[122.088547,11.72221],[122.088173,11.72252]]]]}},{"type":"Feature","properties":{"ID_0":177,"ISO":"PHL","NAME_0":"Philippines","ID_1":6006,"NAME_1":"Antique","ID_2":600611,"NAME_2":"Pandan","ID_3":600611013,"NAME_3":"Dumrog","NL_NAME_3":null,"VARNAME_3":null,"TYPE_3":"Barangay","ENGTYPE_3":"Village","PROVINCE":"Antique","REGION":"Region VI (Western Visayas)","id":"barangay-0600611013","name":"Dumrog","barangayCode":"0600611013","population":null,"formattedPop":null,"densityCategory":"No data","vulnerabilityRating":"No data","healthRiskLevel":"No data","areaKm2":4.414834,"centerLat":11.700247,"centerLng":122.122873,"geometrySource":"all_barangay-2.csv detailed WKT","geometryMatchMethod":"unique_official_admin_names","boundaryPointCount":39},"geometry":{"type":"MultiPolygon","coordinates":[[[[122.138969,11.70473],[122.138481,11.69747],[122.099953,11.6965],[122.099533,11.69648],[122.099998,11.69694],[122.099998,11.69722],[122.100281,11.6975],[122.100281,11.69889],[122.100563,11.69917],[122.100563,11.69972],[122.100281,11.7],[122.100281,11.70167],[122.099998,11.70194],[122.099998,11.70222],[122.099716,11.7025],[122.099716,11.70306],[122.099907,11.70324],[122.099998,11.70333],[122.099991,11.70373],[122.099907,11.70399],[122.10009,11.70381],[122.100563,11.70377],[122.100906,11.70425],[122.100899,11.70442],[122.100922,11.70471],[122.100998,11.70501],[122.101387,11.70484],[122.101753,11.70459],[122.102242,11.7043],[122.102493,11.70431],[122.102814,11.70448],[122.10289,11.70454],[122.102928,11.70499],[122.103447,11.70523],[122.103554,11.70528],[122.103897,11.70538],[122.117767,11.70565],[122.119049,11.70507],[122.138969,11.70473]]]]}},{"type":"Feature","properties":{"ID_0":177,"ISO":"PHL","NAME_0":"Philippines","ID_1":6006,"NAME_1":"Antique","ID_2":600611,"NAME_2":"Pandan","ID_3":600611014,"NAME_3":"Duyong","NL_NAME_3":null,"VARNAME_3":null,"TYPE_3":"Barangay","ENGTYPE_3":"Village","PROVINCE":"Antique","REGION":"Region VI (Western Visayas)","id":"barangay-0600611014","name":"Duyong","barangayCode":"0600611014","population":null,"formattedPop":null,"densityCategory":"No data","vulnerabilityRating":"No data","healthRiskLevel":"No data","areaKm2":3.254338,"centerLat":11.749921,"centerLng":122.037192,"geometrySource":"all_barangay-2.csv detailed WKT","geometryMatchMethod":"unique_official_admin_names","boundaryPointCount":30},"geometry":{"type":"MultiPolygon","coordinates":[[[[122.045563,11.75899],[122.03936,11.73563],[122.038887,11.73611],[122.038612,11.73611],[122.03833,11.73639],[122.038063,11.73639],[122.037498,11.73694],[122.037216,11.73694],[122.036942,11.73722],[122.036667,11.73722],[122.036392,11.7375],[122.03611,11.7375],[122.035278,11.73833],[122.035004,11.73833],[122.034447,11.73889],[122.034447,11.73917],[122.03389,11.73944],[122.033058,11.73972],[122.03231,11.73997],[122.031548,11.74004],[122.030853,11.74039],[122.030067,11.74053],[122.029381,11.74073],[122.028679,11.74101],[122.028053,11.74121],[122.027702,11.74141],[122.027496,11.74151],[122.027657,11.7416],[122.033798,11.76261],[122.045563,11.75899]]]]}},{"type":"Feature","properties":{"ID_0":177,"ISO":"PHL","NAME_0":"Philippines","ID_1":6006,"NAME_1":"Antique","ID_2":600611,"NAME_2":"Pandan","ID_3":600611015,"NAME_3":"Fragante","NL_NAME_3":null,"VARNAME_3":null,"TYPE_3":"Barangay","ENGTYPE_3":"Village","PROVINCE":"Antique","REGION":"Region VI (Western Visayas)","id":"barangay-0600611015","name":"Fragante","barangayCode":"0600611015","population":null,"formattedPop":null,"densityCategory":"No data","vulnerabilityRating":"No data","healthRiskLevel":"No data","areaKm2":3.949799,"centerLat":11.751164,"centerLng":122.108017,"geometrySource":"all_barangay-2.csv detailed WKT","geometryMatchMethod":"unique_official_admin_names","boundaryPointCount":9},"geometry":{"type":"MultiPolygon","coordinates":[[[[122.123283,11.77322],[122.123817,11.77274],[122.126511,11.77287],[122.11161,11.74937],[122.101967,11.73548],[122.10144,11.73529],[122.095741,11.73995],[122.090981,11.74115],[122.123283,11.77322]]]]}},{"type":"Feature","properties":{"ID_0":177,"ISO":"PHL","NAME_0":"Philippines","ID_1":6006,"NAME_1":"Antique","ID_2":600611,"NAME_2":"Pandan","ID_3":600611016,"NAME_3":"Guia","NL_NAME_3":null,"VARNAME_3":null,"TYPE_3":"Barangay","ENGTYPE_3":"Village","PROVINCE":"Antique","REGION":"Region VI (Western Visayas)","id":"barangay-0600611016","name":"Guia","barangayCode":"0600611016","population":null,"formattedPop":null,"densityCategory":"No data","vulnerabilityRating":"No data","healthRiskLevel":"No data","areaKm2":3.852817,"centerLat":11.752988,"centerLng":122.080533,"geometrySource":"all_barangay-2.csv detailed WKT","geometryMatchMethod":"unique_official_admin_names","boundaryPointCount":8},"geometry":{"type":"MultiPolygon","coordinates":[[[[122.077621,11.76786],[122.092323,11.75677],[122.082069,11.74398],[122.072144,11.74639],[122.07093,11.74758],[122.070374,11.748],[122.070511,11.76289],[122.077621,11.76786]]]]}},{"type":"Feature","properties":{"ID_0":177,"ISO":"PHL","NAME_0":"Philippines","ID_1":6006,"NAME_1":"Antique","ID_2":600611,"NAME_2":"Pandan","ID_3":600611017,"NAME_3":"Idiacacan","NL_NAME_3":null,"VARNAME_3":null,"TYPE_3":"Barangay","ENGTYPE_3":"Village","PROVINCE":"Antique","REGION":"Region VI (Western Visayas)","id":"barangay-0600611017","name":"Idiacacan","barangayCode":"0600611017","population":null,"formattedPop":null,"densityCategory":"No data","vulnerabilityRating":"No data","healthRiskLevel":"No data","areaKm2":6.978406,"centerLat":11.680273,"centerLng":122.115564,"geometrySource":"all_barangay-2.csv detailed WKT","geometryMatchMethod":"unique_official_admin_names","boundaryPointCount":90},"geometry":{"type":"MultiPolygon","coordinates":[[[[122.101166,11.687713],[122.137993,11.68766],[122.13797,11.68045],[122.137497,11.68087],[122.137192,11.68088],[122.136703,11.68088],[122.135674,11.68038],[122.134949,11.67996],[122.133423,11.6798],[122.132118,11.67976],[122.131233,11.67984],[122.129852,11.68107],[122.129211,11.68088],[122.128937,11.68069],[122.128822,11.68036],[122.128471,11.67967],[122.126534,11.67933],[122.126266,11.6784],[122.125633,11.67769],[122.125008,11.6774],[122.124474,11.67737],[122.123207,11.67813],[122.122627,11.67731],[122.122147,11.67694],[122.12162,11.67628],[122.121094,11.67555],[122.119217,11.67571],[122.117844,11.67648],[122.117218,11.67615],[122.117027,11.67385],[122.117439,11.6728],[122.116989,11.67183],[122.1166,11.67167],[122.115738,11.67122],[122.115341,11.67024],[122.115044,11.66894],[122.114738,11.66841],[122.113869,11.66792],[122.112503,11.66806],[122.111588,11.66903],[122.111267,11.66994],[122.110641,11.6704],[122.109917,11.67124],[122.10952,11.67224],[122.108177,11.6724],[122.107239,11.67274],[122.106033,11.67324],[122.10482,11.67305],[122.104027,11.67235],[122.10289,11.67178],[122.10157,11.6722],[122.100388,11.67231],[122.098457,11.67175],[122.097099,11.67113],[122.096161,11.67141],[122.095558,11.67167],[122.095833,11.67194],[122.095833,11.67222],[122.096107,11.6725],[122.096283,11.6725],[122.09639,11.6725],[122.096947,11.67278],[122.096947,11.67333],[122.097221,11.67382],[122.097221,11.67513],[122.097237,11.67519],[122.097366,11.67568],[122.097366,11.67641],[122.097443,11.67682],[122.09758,11.6773],[122.097794,11.67772],[122.098,11.67799],[122.098587,11.67839],[122.099182,11.67879],[122.099716,11.67917],[122.100281,11.67972],[122.100281,11.68],[122.100563,11.68028],[122.100563,11.68056],[122.101112,11.68111],[122.101112,11.68195],[122.101303,11.68276],[122.101303,11.68345],[122.101379,11.68449],[122.101379,11.68601],[122.101334,11.6868],[122.101311,11.68704],[122.101303,11.68711],[122.10128,11.6872],[122.101166,11.687713]]]]}},{"type":"Feature","properties":{"ID_0":177,"ISO":"PHL","NAME_0":"Philippines","ID_1":6006,"NAME_1":"Antique","ID_2":600611,"NAME_2":"Pandan","ID_3":600611018,"NAME_3":"Jinalinan","NL_NAME_3":null,"VARNAME_3":null,"TYPE_3":"Barangay","ENGTYPE_3":"Village","PROVINCE":"Antique","REGION":"Region VI (Western Visayas)","id":"barangay-0600611018","name":"Jinalinan","barangayCode":"0600611018","population":null,"formattedPop":null,"densityCategory":"No data","vulnerabilityRating":"No data","healthRiskLevel":"No data","areaKm2":1.263673,"centerLat":11.740237,"centerLng":122.076716,"geometrySource":"all_barangay-2.csv detailed WKT","geometryMatchMethod":"unique_official_admin_names","boundaryPointCount":38},"geometry":{"type":"MultiPolygon","coordinates":[[[[122.072144,11.74639],[122.082069,11.74398],[122.08799,11.74202],[122.08744,11.74153],[122.086067,11.74087],[122.084961,11.74064],[122.084106,11.74036],[122.083763,11.73961],[122.083199,11.73913],[122.08213,11.73889],[122.081482,11.73904],[122.080589,11.73918],[122.079308,11.73856],[122.078743,11.73844],[122.077347,11.73858],[122.076241,11.7387],[122.075798,11.73868],[122.074997,11.73807],[122.07412,11.73744],[122.073418,11.73732],[122.073082,11.7376],[122.072594,11.73782],[122.0718,11.73757],[122.071312,11.73773],[122.071114,11.73778],[122.070831,11.73806],[122.070831,11.73833],[122.07,11.73861],[122.069794,11.73861],[122.069717,11.73861],[122.069717,11.73833],[122.069443,11.73833],[122.069443,11.73861],[122.069168,11.73889],[122.069168,11.73893],[122.069168,11.73917],[122.069023,11.73924],[122.072144,11.74639]]]]}},{"type":"Feature","properties":{"ID_0":177,"ISO":"PHL","NAME_0":"Philippines","ID_1":6006,"NAME_1":"Antique","ID_2":600611,"NAME_2":"Pandan","ID_3":600611019,"NAME_3":"Luhod-Bayang","NL_NAME_3":null,"VARNAME_3":null,"TYPE_3":"Barangay","ENGTYPE_3":"Village","PROVINCE":"Antique","REGION":"Region VI (Western Visayas)","id":"barangay-0600611019","name":"Luhod-Bayang","barangayCode":"0600611019","population":null,"formattedPop":null,"densityCategory":"No data","vulnerabilityRating":"No data","healthRiskLevel":"No data","areaKm2":23.868125,"centerLat":11.785033,"centerLng":122.027781,"geometrySource":"all_barangay-2.csv detailed WKT","geometryMatchMethod":"unique_official_admin_names","boundaryPointCount":31},"geometry":{"type":"MultiPolygon","coordinates":[[[[122.00843,11.82257],[122.008812,11.82267],[122.010597,11.82318],[122.012009,11.82307],[122.012047,11.82306],[122.019081,11.82071],[122.02211,11.81967],[122.026703,11.81754],[122.026901,11.81745],[122.027107,11.81733],[122.029556,11.81591],[122.033279,11.81356],[122.037407,11.81027],[122.0392,11.80893],[122.04142,11.80772],[122.04287,11.80617],[122.044724,11.80407],[122.049179,11.80097],[122.051826,11.79914],[122.055473,11.79724],[122.035713,11.76949],[122.033798,11.76261],[122.003937,11.77117],[122.012177,11.78936],[122.014732,11.79893],[122.015244,11.80038],[122.015572,11.80214],[122.01548,11.80363],[122.015343,11.80495],[122.015198,11.806],[122.00843,11.82257]]]]}},{"type":"Feature","properties":{"ID_0":177,"ISO":"PHL","NAME_0":"Philippines","ID_1":6006,"NAME_1":"Antique","ID_2":600611,"NAME_2":"Pandan","ID_3":600611020,"NAME_3":"Maadios","NL_NAME_3":null,"VARNAME_3":null,"TYPE_3":"Barangay","ENGTYPE_3":"Village","PROVINCE":"Antique","REGION":"Region VI (Western Visayas)","id":"barangay-0600611020","name":"Maadios","barangayCode":"0600611020","population":null,"formattedPop":null,"densityCategory":"No data","vulnerabilityRating":"No data","healthRiskLevel":"No data","areaKm2":7.402852,"centerLat":11.687716,"centerLng":122.154333,"geometrySource":"all_barangay-2.csv detailed WKT","geometryMatchMethod":"unique_official_admin_names","boundaryPointCount":14},"geometry":{"type":"MultiPolygon","coordinates":[[[[122.172234,11.69774],[122.171013,11.69391],[122.169022,11.68952],[122.167519,11.68576],[122.165756,11.68232],[122.163857,11.67891],[122.162354,11.67634],[122.142601,11.68036],[122.14164,11.68039],[122.14016,11.68093],[122.13797,11.68045],[122.137993,11.68766],[122.138481,11.69747],[122.172234,11.69774]]]]}},{"type":"Feature","properties":{"ID_0":177,"ISO":"PHL","NAME_0":"Philippines","ID_1":6006,"NAME_1":"Antique","ID_2":600611,"NAME_2":"Pandan","ID_3":600611021,"NAME_3":"Mag-aba","NL_NAME_3":null,"VARNAME_3":null,"TYPE_3":"Barangay","ENGTYPE_3":"Village","PROVINCE":"Antique","REGION":"Region VI (Western Visayas)","id":"barangay-0600611021","name":"Mag-aba","barangayCode":"0600611021","population":null,"formattedPop":null,"densityCategory":"No data","vulnerabilityRating":"No data","healthRiskLevel":"No data","areaKm2":2.955173,"centerLat":11.744549,"centerLng":122.055356,"geometrySource":"all_barangay-2.csv detailed WKT","geometryMatchMethod":"unique_official_admin_names","boundaryPointCount":71},"geometry":{"type":"MultiPolygon","coordinates":[[[[122.052139,11.75737],[122.059898,11.75533],[122.062309,11.7443],[122.062317,11.7441],[122.062424,11.74326],[122.062653,11.74305],[122.062737,11.74277],[122.063263,11.74276],[122.063698,11.74269],[122.063972,11.74264],[122.064247,11.74224],[122.063889,11.74209],[122.063889,11.74222],[122.063606,11.7425],[122.063057,11.74222],[122.0625,11.74194],[122.0625,11.74174],[122.0625,11.74167],[122.061943,11.74111],[122.061943,11.74083],[122.061577,11.74083],[122.061111,11.74083],[122.06028,11.74056],[122.059998,11.74028],[122.059998,11.74],[122.059891,11.73989],[122.059448,11.73944],[122.059448,11.73917],[122.059723,11.73889],[122.060547,11.73861],[122.06028,11.73806],[122.06028,11.73778],[122.059723,11.73722],[122.059174,11.73694],[122.058891,11.73667],[122.058327,11.73639],[122.058327,11.73611],[122.05722,11.73583],[122.056587,11.73562],[122.056389,11.73556],[122.056297,11.73546],[122.055832,11.735],[122.055832,11.73472],[122.055,11.73472],[122.055,11.735],[122.054909,11.735],[122.054733,11.735],[122.054169,11.73472],[122.054169,11.73444],[122.053337,11.73444],[122.053337,11.73472],[122.053047,11.73472],[122.050827,11.73417],[122.050552,11.73389],[122.050552,11.73361],[122.050209,11.73327],[122.050003,11.73306],[122.050003,11.73278],[122.049721,11.73278],[122.049721,11.73306],[122.049454,11.73306],[122.049156,11.73278],[122.048058,11.7325],[122.048058,11.73222],[122.047783,11.73222],[122.047783,11.7325],[122.046944,11.7325],[122.046944,11.73222],[122.045273,11.732246],[122.04586,11.73242],[122.052139,11.75737]]]]}},{"type":"Feature","properties":{"ID_0":177,"ISO":"PHL","NAME_0":"Philippines","ID_1":6006,"NAME_1":"Antique","ID_2":600611,"NAME_2":"Pandan","ID_3":600611022,"NAME_3":"Napuid","NL_NAME_3":null,"VARNAME_3":null,"TYPE_3":"Barangay","ENGTYPE_3":"Village","PROVINCE":"Antique","REGION":"Region VI (Western Visayas)","id":"barangay-0600611022","name":"Napuid","barangayCode":"0600611022","population":null,"formattedPop":null,"densityCategory":"No data","vulnerabilityRating":"No data","healthRiskLevel":"No data","areaKm2":6.381453,"centerLat":11.706756,"centerLng":122.160547,"geometrySource":"all_barangay-2.csv detailed WKT","geometryMatchMethod":"unique_official_admin_names","boundaryPointCount":12},"geometry":{"type":"MultiPolygon","coordinates":[[[[122.177727,11.71874],[122.178528,11.71912],[122.178253,11.71644],[122.177689,11.71351],[122.177032,11.7096],[122.175217,11.70623],[122.172882,11.69907],[122.172234,11.69774],[122.138481,11.69747],[122.138969,11.70473],[122.139137,11.71836],[122.177727,11.71874]]]]}},{"type":"Feature","properties":{"ID_0":177,"ISO":"PHL","NAME_0":"Philippines","ID_1":6006,"NAME_1":"Antique","ID_2":600611,"NAME_2":"Pandan","ID_3":600611023,"NAME_3":"Nauring","NL_NAME_3":null,"VARNAME_3":null,"TYPE_3":"Barangay","ENGTYPE_3":"Village","PROVINCE":"Antique","REGION":"Region VI (Western Visayas)","id":"barangay-0600611023","name":"Nauring","barangayCode":"0600611023","population":null,"formattedPop":null,"densityCategory":"No data","vulnerabilityRating":"No data","healthRiskLevel":"No data","areaKm2":0.916889,"centerLat":11.735128,"centerLng":122.082007,"geometrySource":"all_barangay-2.csv detailed WKT","geometryMatchMethod":"unique_official_admin_names","boundaryPointCount":47},"geometry":{"type":"MultiPolygon","coordinates":[[[[122.08799,11.74202],[122.088799,11.74185],[122.090981,11.74115],[122.084579,11.73552],[122.078217,11.73282],[122.077766,11.7325],[122.077499,11.7325],[122.076668,11.73333],[122.076393,11.73333],[122.075638,11.73408],[122.075546,11.73417],[122.075394,11.73417],[122.075279,11.73417],[122.075233,11.73422],[122.07489,11.73456],[122.074722,11.73472],[122.074448,11.73472],[122.073059,11.73611],[122.073059,11.73639],[122.072777,11.73639],[122.07222,11.73694],[122.071953,11.73694],[122.071953,11.73722],[122.071663,11.7375],[122.071114,11.73778],[122.071312,11.73773],[122.0718,11.73757],[122.072594,11.73782],[122.073082,11.7376],[122.073418,11.73732],[122.07412,11.73744],[122.074997,11.73807],[122.075798,11.73868],[122.076241,11.7387],[122.077347,11.73858],[122.078743,11.73844],[122.079308,11.73856],[122.080589,11.73918],[122.081482,11.73904],[122.08213,11.73889],[122.083199,11.73913],[122.083763,11.73961],[122.084106,11.74036],[122.084961,11.74064],[122.086067,11.74087],[122.08744,11.74153],[122.08799,11.74202]]]]}},{"type":"Feature","properties":{"ID_0":177,"ISO":"PHL","NAME_0":"Philippines","ID_1":6006,"NAME_1":"Antique","ID_2":600611,"NAME_2":"Pandan","ID_3":600611024,"NAME_3":"Patria","NL_NAME_3":null,"VARNAME_3":null,"TYPE_3":"Barangay","ENGTYPE_3":"Village","PROVINCE":"Antique","REGION":"Region VI (Western Visayas)","id":"barangay-0600611024","name":"Patria","barangayCode":"0600611024","population":null,"formattedPop":null,"densityCategory":"No data","vulnerabilityRating":"No data","healthRiskLevel":"No data","areaKm2":6.088388,"centerLat":11.752707,"centerLng":122.010624,"geometrySource":"all_barangay-2.csv detailed WKT","geometryMatchMethod":"unique_official_admin_names","boundaryPointCount":67},"geometry":{"type":"MultiPolygon","coordinates":[[[[122.003937,11.77117],[122.033798,11.76261],[122.027657,11.7416],[122.027496,11.74151],[122.027222,11.74167],[122.025833,11.74167],[122.025833,11.74194],[122.02417,11.74222],[122.022781,11.74222],[122.022781,11.74194],[122.022499,11.74194],[122.022499,11.74222],[122.021667,11.74222],[122.021667,11.74194],[122.021393,11.74194],[122.021393,11.74222],[122.020844,11.74222],[122.020844,11.74175],[122.020844,11.74167],[122.020554,11.7417],[122.020554,11.74194],[122.020279,11.74194],[122.019722,11.74167],[122.019722,11.74143],[122.019722,11.74139],[122.019447,11.74111],[122.019447,11.74056],[122.019157,11.74028],[122.019157,11.74],[122.018608,11.73944],[122.018608,11.73917],[122.018333,11.73889],[122.018333,11.73861],[122.018059,11.73833],[122.017601,11.7381],[122.017502,11.73806],[122.017502,11.738],[122.017502,11.73778],[122.016937,11.7375],[122.016937,11.73722],[122.01667,11.73722],[122.01667,11.7375],[122.016388,11.7375],[122.016296,11.73742],[122.015556,11.73667],[122.015556,11.73639],[122.014931,11.7363],[122.014442,11.7363],[122.013321,11.73637],[122.012901,11.73643],[122.012062,11.73685],[122.011993,11.73685],[122.011093,11.73768],[122.010742,11.73809],[122.01046,11.73844],[122.009903,11.73892],[122.009483,11.73933],[122.009201,11.73975],[122.008636,11.74023],[122.007797,11.74085],[122.007027,11.74154],[122.006554,11.74196],[122.006126,11.7423],[122.005783,11.74272],[122.005234,11.74318],[122.006783,11.74675],[122.003937,11.77117]]]]}},{"type":"Feature","properties":{"ID_0":177,"ISO":"PHL","NAME_0":"Philippines","ID_1":6006,"NAME_1":"Antique","ID_2":600611,"NAME_2":"Pandan","ID_3":600611025,"NAME_3":"Perfecta","NL_NAME_3":null,"VARNAME_3":null,"TYPE_3":"Barangay","ENGTYPE_3":"Village","PROVINCE":"Antique","REGION":"Region VI (Western Visayas)","id":"barangay-0600611025","name":"Perfecta","barangayCode":"0600611025","population":null,"formattedPop":null,"densityCategory":"No data","vulnerabilityRating":"No data","healthRiskLevel":"No data","areaKm2":6.43516,"centerLat":11.724704,"centerLng":122.126951,"geometrySource":"all_barangay-2.csv detailed WKT","geometryMatchMethod":"unique_official_admin_names","boundaryPointCount":31},"geometry":{"type":"MultiPolygon","coordinates":[[[[122.125923,11.74082],[122.128227,11.7362],[122.133583,11.72547],[122.125526,11.72183],[122.112587,11.71736],[122.110802,11.72136],[122.107697,11.729],[122.108253,11.72984],[122.108871,11.72966],[122.109451,11.7304],[122.109467,11.73127],[122.109703,11.73189],[122.110519,11.73251],[122.111061,11.73305],[122.11161,11.73393],[122.112373,11.73398],[122.113258,11.73327],[122.114227,11.7334],[122.115059,11.73355],[122.11615,11.73318],[122.11705,11.73262],[122.117897,11.73242],[122.119072,11.73247],[122.120216,11.73294],[122.120857,11.73352],[122.12149,11.73407],[122.122627,11.73489],[122.12368,11.73649],[122.12442,11.73751],[122.125351,11.7394],[122.125923,11.74082]]]]}},{"type":"Feature","properties":{"ID_0":177,"ISO":"PHL","NAME_0":"Philippines","ID_1":6006,"NAME_1":"Antique","ID_2":600611,"NAME_2":"Pandan","ID_3":600611026,"NAME_3":"Centro Norte","NL_NAME_3":null,"VARNAME_3":null,"TYPE_3":"Barangay","ENGTYPE_3":"Village","PROVINCE":"Antique","REGION":"Region VI (Western Visayas)","id":"barangay-0600611026","name":"Centro Norte","barangayCode":"0600611026","population":null,"formattedPop":null,"densityCategory":"No data","vulnerabilityRating":"No data","healthRiskLevel":"No data","areaKm2":0.470923,"centerLat":11.723382,"centerLng":122.094795,"geometrySource":"all_barangay-2.csv detailed WKT","geometryMatchMethod":"unique_official_admin_names","boundaryPointCount":25},"geometry":{"type":"MultiPolygon","coordinates":[[[[122.092148,11.72952],[122.096931,11.72325],[122.095947,11.72261],[122.093689,11.72167],[122.091766,11.72069],[122.091743,11.72088],[122.091438,11.72126],[122.091164,11.72171],[122.091537,11.72193],[122.091827,11.72204],[122.092209,11.72221],[122.092758,11.72232],[122.091454,11.72437],[122.091682,11.72464],[122.091682,11.72502],[122.091522,11.72531],[122.091309,11.72569],[122.09111,11.7262],[122.090912,11.72677],[122.090424,11.72728],[122.090073,11.72773],[122.089996,11.72826],[122.090042,11.72838],[122.090973,11.72896],[122.092148,11.72952]]]]}},{"type":"Feature","properties":{"ID_0":177,"ISO":"PHL","NAME_0":"Philippines","ID_1":6006,"NAME_1":"Antique","ID_2":600611,"NAME_2":"Pandan","ID_3":600611027,"NAME_3":"San Andres","NL_NAME_3":null,"VARNAME_3":null,"TYPE_3":"Barangay","ENGTYPE_3":"Village","PROVINCE":"Antique","REGION":"Region VI (Western Visayas)","id":"barangay-0600611027","name":"San Andres","barangayCode":"0600611027","population":null,"formattedPop":null,"densityCategory":"No data","vulnerabilityRating":"No data","healthRiskLevel":"No data","areaKm2":1.781466,"centerLat":11.708822,"centerLng":122.107424,"geometrySource":"barangays.geojson simplified fallback","geometryMatchMethod":"simplified_fallback","boundaryPointCount":5},"geometry":{"type":"Polygon","coordinates":[[[122.114551774,11.70808134300006],[122.1048516520001,11.70357802600006],[122.0972248700001,11.709917031000032],[122.11228581700004,11.716200804000039],[122.114551774,11.70808134300006]]]}},{"type":"Feature","properties":{"ID_0":177,"ISO":"PHL","NAME_0":"Philippines","ID_1":6006,"NAME_1":"Antique","ID_2":600611,"NAME_2":"Pandan","ID_3":600611028,"NAME_3":"San Joaquin","NL_NAME_3":null,"VARNAME_3":null,"TYPE_3":"Barangay","ENGTYPE_3":"Village","PROVINCE":"Antique","REGION":"Region VI (Western Visayas)","id":"barangay-0600611028","name":"San Joaquin","barangayCode":"0600611028","population":null,"formattedPop":null,"densityCategory":"No data","vulnerabilityRating":"No data","healthRiskLevel":"No data","areaKm2":8.978402,"centerLat":11.752333,"centerLng":122.13314,"geometrySource":"all_barangay-2.csv detailed WKT","geometryMatchMethod":"unique_official_admin_names","boundaryPointCount":15},"geometry":{"type":"MultiPolygon","coordinates":[[[[122.126511,11.77287],[122.130127,11.77305],[122.14315,11.77205],[122.145821,11.76859],[122.15052,11.76877],[122.16188,11.75795],[122.161957,11.75782],[122.165497,11.7509],[122.167084,11.74628],[122.163223,11.75063],[122.143944,11.74839],[122.128227,11.7362],[122.125923,11.74082],[122.11161,11.74937],[122.126511,11.77287]]]]}},{"type":"Feature","properties":{"ID_0":177,"ISO":"PHL","NAME_0":"Philippines","ID_1":6006,"NAME_1":"Antique","ID_2":600611,"NAME_2":"Pandan","ID_3":600611029,"NAME_3":"Santa Ana","NL_NAME_3":null,"VARNAME_3":null,"TYPE_3":"Barangay","ENGTYPE_3":"Village","PROVINCE":"Antique","REGION":"Region VI (Western Visayas)","id":"barangay-0600611029","name":"Santa Ana","barangayCode":"0600611029","population":null,"formattedPop":null,"densityCategory":"No data","vulnerabilityRating":"No data","healthRiskLevel":"No data","areaKm2":4.800721,"centerLat":11.738662,"centerLng":122.146504,"geometrySource":"all_barangay-2.csv detailed WKT","geometryMatchMethod":"unique_official_admin_names","boundaryPointCount":8},"geometry":{"type":"MultiPolygon","coordinates":[[[[122.167084,11.74628],[122.16861,11.74264],[122.169693,11.7403],[122.133583,11.72547],[122.128227,11.7362],[122.143944,11.74839],[122.163223,11.75063],[122.167084,11.74628]]]]}},{"type":"Feature","properties":{"ID_0":177,"ISO":"PHL","NAME_0":"Philippines","ID_1":6006,"NAME_1":"Antique","ID_2":600611,"NAME_2":"Pandan","ID_3":600611030,"NAME_3":"Santa Cruz","NL_NAME_3":null,"VARNAME_3":null,"TYPE_3":"Barangay","ENGTYPE_3":"Village","PROVINCE":"Antique","REGION":"Region VI (Western Visayas)","id":"barangay-0600611030","name":"Santa Cruz","barangayCode":"0600611030","population":null,"formattedPop":null,"densityCategory":"No data","vulnerabilityRating":"No data","healthRiskLevel":"No data","areaKm2":4.279528,"centerLat":11.768562,"centerLng":122.097398,"geometrySource":"barangays.geojson simplified fallback","geometryMatchMethod":"simplified_fallback","boundaryPointCount":6},"geometry":{"type":"Polygon","coordinates":[[[122.10680157800005,11.778921594000053],[122.099420613,11.75883718700004],[122.09309903400003,11.755572228000062],[122.084075514,11.764072866000049],[122.09297614600007,11.777631734000067],[122.10680157800005,11.778921594000053]]]}},{"type":"Feature","properties":{"ID_0":177,"ISO":"PHL","NAME_0":"Philippines","ID_1":6006,"NAME_1":"Antique","ID_2":600611,"NAME_2":"Pandan","ID_3":600611031,"NAME_3":"Santa Fe","NL_NAME_3":null,"VARNAME_3":null,"TYPE_3":"Barangay","ENGTYPE_3":"Village","PROVINCE":"Antique","REGION":"Region VI (Western Visayas)","id":"barangay-0600611031","name":"Santa Fe","barangayCode":"0600611031","population":null,"formattedPop":null,"densityCategory":"No data","vulnerabilityRating":"No data","healthRiskLevel":"No data","areaKm2":1.271599,"centerLat":11.716049,"centerLng":122.103647,"geometrySource":"all_barangay-2.csv detailed WKT","geometryMatchMethod":"unique_official_admin_names","boundaryPointCount":45},"geometry":{"type":"MultiPolygon","coordinates":[[[[122.099243,11.71886],[122.110802,11.72136],[122.112587,11.71736],[122.112053,11.71696],[122.110947,11.71668],[122.109756,11.71684],[122.108704,11.71711],[122.107941,11.71649],[122.107147,11.7157],[122.106903,11.71523],[122.106613,11.71456],[122.105362,11.71415],[122.104698,11.71353],[122.103813,11.7136],[122.103737,11.71355],[122.102913,11.71323],[122.101967,11.71338],[122.101196,11.7129],[122.100418,11.71271],[122.099678,11.71303],[122.0989,11.71366],[122.098328,11.71371],[122.097687,11.71349],[122.097504,11.71331],[122.097183,11.71312],[122.096458,11.71307],[122.095863,11.71317],[122.095772,11.71319],[122.095718,11.71327],[122.095642,11.71335],[122.095421,11.71367],[122.095207,11.71416],[122.094719,11.71472],[122.094383,11.71507],[122.09417,11.71528],[122.094177,11.71557],[122.094437,11.71583],[122.09417,11.71611],[122.09388,11.71629],[122.094276,11.7165],[122.095306,11.71716],[122.096268,11.71745],[122.097061,11.71791],[122.098106,11.71852],[122.099243,11.71886]]]]}},{"type":"Feature","properties":{"ID_0":177,"ISO":"PHL","NAME_0":"Philippines","ID_1":6006,"NAME_1":"Antique","ID_2":600611,"NAME_2":"Pandan","ID_3":600611032,"NAME_3":"Santo Rosario","NL_NAME_3":null,"VARNAME_3":null,"TYPE_3":"Barangay","ENGTYPE_3":"Village","PROVINCE":"Antique","REGION":"Region VI (Western Visayas)","id":"barangay-0600611032","name":"Santo Rosario","barangayCode":"0600611032","population":null,"formattedPop":null,"densityCategory":"No data","vulnerabilityRating":"No data","healthRiskLevel":"No data","areaKm2":1.430367,"centerLat":11.7522,"centerLng":122.066804,"geometrySource":"all_barangay-2.csv detailed WKT","geometryMatchMethod":"unique_official_admin_names","boundaryPointCount":12},"geometry":{"type":"MultiPolygon","coordinates":[[[[122.070511,11.76289],[122.070374,11.748],[122.069481,11.74739],[122.068657,11.74771],[122.067467,11.74789],[122.066483,11.74713],[122.064598,11.74676],[122.063477,11.74629],[122.062767,11.7454],[122.062309,11.7443],[122.059898,11.75533],[122.070511,11.76289]]]]}},{"type":"Feature","properties":{"ID_0":177,"ISO":"PHL","NAME_0":"Philippines","ID_1":6006,"NAME_1":"Antique","ID_2":600611,"NAME_2":"Pandan","ID_3":600611033,"NAME_3":"Talisay","NL_NAME_3":null,"VARNAME_3":null,"TYPE_3":"Barangay","ENGTYPE_3":"Village","PROVINCE":"Antique","REGION":"Region VI (Western Visayas)","id":"barangay-0600611033","name":"Talisay","barangayCode":"0600611033","population":null,"formattedPop":null,"densityCategory":"No data","vulnerabilityRating":"No data","healthRiskLevel":"No data","areaKm2":1.610294,"centerLat":11.727465,"centerLng":122.103866,"geometrySource":"all_barangay-2.csv detailed WKT","geometryMatchMethod":"unique_official_admin_names","boundaryPointCount":28},"geometry":{"type":"MultiPolygon","coordinates":[[[[122.101967,11.73548],[122.102448,11.73513],[122.103394,11.73502],[122.104317,11.73425],[122.104156,11.7336],[122.103844,11.73284],[122.104462,11.73228],[122.105003,11.73174],[122.105217,11.73086],[122.106194,11.72998],[122.106598,11.72982],[122.107094,11.72925],[122.107697,11.729],[122.110802,11.72136],[122.099243,11.71886],[122.096931,11.72325],[122.092148,11.72952],[122.093391,11.7299],[122.09417,11.73041],[122.095032,11.73096],[122.095947,11.73168],[122.096809,11.73238],[122.098022,11.7332],[122.098686,11.73339],[122.099663,11.73376],[122.100777,11.7345],[122.10144,11.73529],[122.101967,11.73548]]]]}},{"type":"Feature","properties":{"ID_0":177,"ISO":"PHL","NAME_0":"Philippines","ID_1":6006,"NAME_1":"Antique","ID_2":600611,"NAME_2":"Pandan","ID_3":600611034,"NAME_3":"Tingib","NL_NAME_3":null,"VARNAME_3":null,"TYPE_3":"Barangay","ENGTYPE_3":"Village","PROVINCE":"Antique","REGION":"Region VI (Western Visayas)","id":"barangay-0600611034","name":"Tingib","barangayCode":"0600611034","population":null,"formattedPop":null,"densityCategory":"No data","vulnerabilityRating":"No data","healthRiskLevel":"No data","areaKm2":2.3561,"centerLat":11.745215,"centerLng":122.046015,"geometrySource":"all_barangay-2.csv detailed WKT","geometryMatchMethod":"unique_official_admin_names","boundaryPointCount":21},"geometry":{"type":"MultiPolygon","coordinates":[[[[122.052139,11.75737],[122.04586,11.73242],[122.045273,11.732246],[122.045181,11.73222],[122.044441,11.73222],[122.044167,11.7325],[122.043892,11.7325],[122.04361,11.73278],[122.043327,11.73278],[122.042503,11.73361],[122.042221,11.73361],[122.041389,11.73444],[122.041107,11.73444],[122.040833,11.73472],[122.040558,11.73472],[122.040001,11.73528],[122.039719,11.73528],[122.039413,11.73558],[122.03936,11.73563],[122.045563,11.75899],[122.052139,11.75737]]]]}},{"type":"Feature","properties":{"ID_0":177,"ISO":"PHL","NAME_0":"Philippines","ID_1":6006,"NAME_1":"Antique","ID_2":600611,"NAME_2":"Pandan","ID_3":600611035,"NAME_3":"Zaldivar","NL_NAME_3":null,"VARNAME_3":null,"TYPE_3":"Barangay","ENGTYPE_3":"Village","PROVINCE":"Antique","REGION":"Region VI (Western Visayas)","id":"barangay-0600611035","name":"Zaldivar","barangayCode":"0600611035","population":null,"formattedPop":null,"densityCategory":"No data","vulnerabilityRating":"No data","healthRiskLevel":"No data","areaKm2":0.484557,"centerLat":11.743025,"centerLng":122.066092,"geometrySource":"all_barangay-2.csv detailed WKT","geometryMatchMethod":"unique_official_admin_names","boundaryPointCount":51},"geometry":{"type":"MultiPolygon","coordinates":[[[[122.070374,11.748],[122.07093,11.74758],[122.072144,11.74639],[122.069023,11.73924],[122.068611,11.73944],[122.068336,11.73944],[122.068336,11.73927],[122.068336,11.73917],[122.068047,11.73917],[122.068047,11.73937],[122.068047,11.73944],[122.06778,11.73972],[122.066833,11.73991],[122.066391,11.74],[122.066177,11.7401],[122.065826,11.74028],[122.065552,11.74028],[122.065552,11.74023],[122.065552,11.74],[122.065002,11.74],[122.065002,11.74028],[122.064453,11.74028],[122.064453,11.74],[122.064163,11.74],[122.064163,11.74028],[122.063606,11.74028],[122.063606,11.74],[122.062767,11.74],[122.062767,11.74028],[122.063057,11.74056],[122.063057,11.74074],[122.063057,11.74111],[122.063889,11.74194],[122.063889,11.74209],[122.064247,11.74224],[122.063972,11.74264],[122.063698,11.74269],[122.063263,11.74276],[122.062737,11.74277],[122.062653,11.74305],[122.062424,11.74326],[122.062317,11.7441],[122.062309,11.7443],[122.062767,11.7454],[122.063477,11.74629],[122.064598,11.74676],[122.066483,11.74713],[122.067467,11.74789],[122.068657,11.74771],[122.069481,11.74739],[122.070374,11.748]]]]}},{"type":"Feature","properties":{"ID_0":177,"ISO":"PHL","NAME_0":"Philippines","ID_1":6006,"NAME_1":"Antique","ID_2":600612,"NAME_2":"Patnongon","ID_3":600612001,"NAME_3":"Alvañiz","NL_NAME_3":null,"VARNAME_3":"Alvaniz","TYPE_3":"Barangay","ENGTYPE_3":"Village","PROVINCE":"Antique","REGION":"Region VI (Western Visayas)","id":"barangay-0600612001","name":"Alvañiz","barangayCode":"0600612001","population":null,"formattedPop":null,"densityCategory":"No data","vulnerabilityRating":"No data","healthRiskLevel":"No data","areaKm2":4.880164,"centerLat":10.91701,"centerLng":122.079548,"geometrySource":"barangays.geojson simplified fallback","geometryMatchMethod":"simplified_fallback","boundaryPointCount":5},"geometry":{"type":"Polygon","coordinates":[[[122.09416297500002,10.926547815000049],[122.08619789000011,10.906910202000063],[122.0739132860001,10.90645495700005],[122.06129546300008,10.918117438000024],[122.09416297500002,10.926547815000049]]]}},{"type":"Feature","properties":{"ID_0":177,"ISO":"PHL","NAME_0":"Philippines","ID_1":6006,"NAME_1":"Antique","ID_2":600612,"NAME_2":"Patnongon","ID_3":600612002,"NAME_3":"Amparo","NL_NAME_3":null,"VARNAME_3":null,"TYPE_3":"Barangay","ENGTYPE_3":"Village","PROVINCE":"Antique","REGION":"Region VI (Western Visayas)","id":"barangay-0600612002","name":"Amparo","barangayCode":"0600612002","population":null,"formattedPop":null,"densityCategory":"No data","vulnerabilityRating":"No data","healthRiskLevel":"No data","areaKm2":0.847276,"centerLat":10.931824,"centerLng":121.988572,"geometrySource":"all_barangay-2.csv detailed WKT","geometryMatchMethod":"unique_official_admin_names","boundaryPointCount":38},"geometry":{"type":"MultiPolygon","coordinates":[[[[121.995659,10.93797],[121.988998,10.9258],[121.988564,10.9268],[121.98819,10.92728],[121.986778,10.92835],[121.986023,10.92829],[121.985733,10.92795],[121.985207,10.92747],[121.984177,10.92673],[121.983101,10.92638],[121.983063,10.9275],[121.98333,10.92778],[121.98333,10.92806],[121.983597,10.92869],[121.983879,10.92945],[121.984016,10.93028],[121.984299,10.93083],[121.984329,10.93086],[121.984718,10.93125],[121.985138,10.93159],[121.985481,10.93194],[121.985832,10.93263],[121.98597,10.93283],[121.986252,10.93318],[121.988052,10.935],[121.988052,10.93528],[121.988609,10.93583],[121.988609,10.93611],[121.989441,10.93694],[121.989441,10.93722],[121.99028,10.93806],[121.99028,10.93833],[121.990837,10.93889],[121.990837,10.93917],[121.991112,10.93944],[121.991112,10.94],[121.991943,10.94083],[121.995659,10.93797]]]]}},{"type":"Feature","properties":{"ID_0":177,"ISO":"PHL","NAME_0":"Philippines","ID_1":6006,"NAME_1":"Antique","ID_2":600612,"NAME_2":"Patnongon","ID_3":600612003,"NAME_3":"Apgahan","NL_NAME_3":null,"VARNAME_3":null,"TYPE_3":"Barangay","ENGTYPE_3":"Village","PROVINCE":"Antique","REGION":"Region VI (Western Visayas)","id":"barangay-0600612003","name":"Apgahan","barangayCode":"0600612003","population":null,"formattedPop":null,"densityCategory":"No data","vulnerabilityRating":"No data","healthRiskLevel":"No data","areaKm2":2.091634,"centerLat":10.894723,"centerLng":121.983592,"geometrySource":"all_barangay-2.csv detailed WKT","geometryMatchMethod":"unique_official_admin_names","boundaryPointCount":23},"geometry":{"type":"MultiPolygon","coordinates":[[[[121.985428,10.90283],[121.990936,10.89882],[121.992706,10.89455],[121.992203,10.89115],[121.987396,10.88813],[121.978462,10.89298],[121.975632,10.89623],[121.975723,10.89644],[121.975838,10.89666],[121.975883,10.89696],[121.975906,10.89736],[121.97599,10.89784],[121.976212,10.89837],[121.976517,10.89892],[121.976669,10.89954],[121.977074,10.90012],[121.977272,10.9006],[121.977318,10.90073],[121.980911,10.89973],[121.98188,10.90079],[121.983223,10.90224],[121.984207,10.90344],[121.985428,10.90283]]]]}},{"type":"Feature","properties":{"ID_0":177,"ISO":"PHL","NAME_0":"Philippines","ID_1":6006,"NAME_1":"Antique","ID_2":600612,"NAME_2":"Patnongon","ID_3":600612004,"NAME_3":"Aureliana","NL_NAME_3":null,"VARNAME_3":null,"TYPE_3":"Barangay","ENGTYPE_3":"Village","PROVINCE":"Antique","REGION":"Region VI (Western Visayas)","id":"barangay-0600612004","name":"Aureliana","barangayCode":"0600612004","population":null,"formattedPop":null,"densityCategory":"No data","vulnerabilityRating":"No data","healthRiskLevel":"No data","areaKm2":5.397734,"centerLat":10.8818,"centerLng":121.989525,"geometrySource":"all_barangay-2.csv detailed WKT","geometryMatchMethod":"unique_official_admin_names","boundaryPointCount":95},"geometry":{"type":"MultiPolygon","coordinates":[[[[121.992203,10.89115],[122.000977,10.88765],[122.004517,10.8853],[122.004723,10.88472],[122.005814,10.88355],[122.005943,10.88335],[122.006157,10.88306],[122.006081,10.88237],[122.003822,10.87262],[121.994164,10.8708],[121.99398,10.87207],[121.993401,10.8731],[121.992699,10.87365],[121.99234,10.87395],[121.992012,10.87435],[121.991539,10.87518],[121.991051,10.87507],[121.990692,10.87453],[121.990372,10.87486],[121.989594,10.87514],[121.989059,10.87589],[121.9888,10.87621],[121.98819,10.87679],[121.987518,10.87725],[121.987312,10.87791],[121.986763,10.87824],[121.985703,10.8786],[121.985046,10.87867],[121.984016,10.87866],[121.983368,10.87858],[121.982773,10.87932],[121.982391,10.8792],[121.98185,10.88025],[121.981323,10.88116],[121.980637,10.88191],[121.980377,10.8824],[121.979668,10.88294],[121.979286,10.88273],[121.978882,10.8828],[121.978073,10.88295],[121.977592,10.88222],[121.977173,10.88197],[121.977043,10.88216],[121.976898,10.88247],[121.976486,10.88248],[121.976089,10.88225],[121.976021,10.88171],[121.975853,10.88126],[121.975578,10.88067],[121.975227,10.88037],[121.974838,10.88075],[121.973846,10.88143],[121.972977,10.88175],[121.971443,10.8823],[121.971611,10.88303],[121.971863,10.88351],[121.971817,10.88404],[121.97155,10.88405],[121.971237,10.88418],[121.97113,10.88452],[121.97123,10.88466],[121.971451,10.88491],[121.971657,10.88516],[121.971817,10.88544],[121.97197,10.88575],[121.972122,10.88608],[121.972282,10.88641],[121.972427,10.88673],[121.972473,10.88711],[121.972443,10.88756],[121.972542,10.88793],[121.972717,10.88826],[121.972893,10.88859],[121.973061,10.88894],[121.973213,10.88935],[121.973297,10.88986],[121.973358,10.89045],[121.973457,10.89104],[121.97361,10.89164],[121.973801,10.89216],[121.973923,10.89264],[121.974007,10.89308],[121.974243,10.89342],[121.974533,10.8937],[121.974808,10.89396],[121.975014,10.89427],[121.975159,10.89463],[121.975304,10.89503],[121.97541,10.89544],[121.975479,10.89585],[121.975609,10.89617],[121.975632,10.89623],[121.978462,10.89298],[121.987396,10.88813],[121.992203,10.89115]]]]}},{"type":"Feature","properties":{"ID_0":177,"ISO":"PHL","NAME_0":"Philippines","ID_1":6006,"NAME_1":"Antique","ID_2":600612,"NAME_2":"Patnongon","ID_3":600612005,"NAME_3":"Badiangan","NL_NAME_3":null,"VARNAME_3":null,"TYPE_3":"Barangay","ENGTYPE_3":"Village","PROVINCE":"Antique","REGION":"Region VI (Western Visayas)","id":"barangay-0600612005","name":"Badiangan","barangayCode":"0600612005","population":null,"formattedPop":null,"densityCategory":"No data","vulnerabilityRating":"No data","healthRiskLevel":"No data","areaKm2":3.374874,"centerLat":10.949722,"centerLng":122.044629,"geometrySource":"all_barangay-2.csv detailed WKT","geometryMatchMethod":"unique_official_admin_names","boundaryPointCount":58},"geometry":{"type":"MultiPolygon","coordinates":[[[[122.049423,10.96592],[122.049133,10.96384],[122.048393,10.96234],[122.048248,10.962114],[122.047867,10.96153],[122.04808,10.95984],[122.047821,10.95904],[122.047417,10.95826],[122.046768,10.95738],[122.046753,10.95677],[122.047028,10.95624],[122.047737,10.95561],[122.047897,10.95478],[122.047089,10.95429],[122.046082,10.95464],[122.044823,10.95534],[122.043747,10.95567],[122.043327,10.9546],[122.043739,10.9538],[122.043312,10.95321],[122.044647,10.95305],[122.045227,10.95307],[122.046379,10.95292],[122.046722,10.95237],[122.046837,10.95173],[122.047279,10.95082],[122.047684,10.95051],[122.048302,10.94972],[122.048637,10.94857],[122.04921,10.94745],[122.049232,10.9462],[122.049896,10.94564],[122.050873,10.94519],[122.052116,10.94473],[122.052727,10.94415],[122.057426,10.93779],[122.054581,10.9362],[122.046066,10.9371],[122.03598,10.95213],[122.036819,10.95262],[122.037598,10.95352],[122.038094,10.95465],[122.038544,10.95509],[122.038834,10.95552],[122.039787,10.95636],[122.040024,10.957],[122.0392,10.95739],[122.038643,10.95828],[122.038437,10.959],[122.038681,10.95998],[122.039742,10.96107],[122.040337,10.96116],[122.041443,10.96135],[122.042374,10.96213],[122.042503,10.9631],[122.042,10.96421],[122.041779,10.96534],[122.049423,10.96592]]]]}},{"type":"Feature","properties":{"ID_0":177,"ISO":"PHL","NAME_0":"Philippines","ID_1":6006,"NAME_1":"Antique","ID_2":600612,"NAME_2":"Patnongon","ID_3":600612006,"NAME_3":"Bernaldo A. Julagting","NL_NAME_3":null,"VARNAME_3":null,"TYPE_3":"Barangay","ENGTYPE_3":"Village","PROVINCE":"Antique","REGION":"Region VI (Western Visayas)","id":"barangay-0600612006","name":"Bernaldo A. Julagting","barangayCode":"0600612006","population":null,"formattedPop":null,"densityCategory":"No data","vulnerabilityRating":"No data","healthRiskLevel":"No data","areaKm2":3.857887,"centerLat":10.886426,"centerLng":122.055482,"geometrySource":"all_barangay-2.csv detailed WKT","geometryMatchMethod":"unique_official_admin_names","boundaryPointCount":5},"geometry":{"type":"MultiPolygon","coordinates":[[[[122.057152,10.88336],[122.061272,10.87578],[122.043823,10.87908],[122.045242,10.8848],[122.057152,10.88336]]]]}},{"type":"Feature","properties":{"ID_0":177,"ISO":"PHL","NAME_0":"Philippines","ID_1":6006,"NAME_1":"Antique","ID_2":600612,"NAME_2":"Patnongon","ID_3":600612007,"NAME_3":"Carit-an","NL_NAME_3":null,"VARNAME_3":null,"TYPE_3":"Barangay","ENGTYPE_3":"Village","PROVINCE":"Antique","REGION":"Region VI (Western Visayas)","id":"barangay-0600612007","name":"Carit-an","barangayCode":"0600612007","population":null,"formattedPop":null,"densityCategory":"No data","vulnerabilityRating":"No data","healthRiskLevel":"No data","areaKm2":3.28202,"centerLat":10.955932,"centerLng":122.011038,"geometrySource":"all_barangay-2.csv detailed WKT","geometryMatchMethod":"unique_official_admin_names","boundaryPointCount":81},"geometry":{"type":"MultiPolygon","coordinates":[[[[122.022652,10.96394],[122.022171,10.962114],[122.019043,10.95009],[122.018044,10.95054],[122.016838,10.95047],[122.015678,10.95043],[122.014923,10.95088],[122.014214,10.95065],[122.013634,10.95006],[122.012604,10.94931],[122.011681,10.94851],[122.01046,10.94892],[122.009354,10.94922],[122.008453,10.94897],[122.007759,10.94845],[122.007339,10.94813],[122.005966,10.94738],[122.00515,10.94675],[122.004578,10.94636],[122.003868,10.94617],[122.002899,10.94649],[122.001671,10.94694],[122.000702,10.94727],[122.000107,10.94796],[121.999672,10.94876],[121.99894,10.94929],[121.998573,10.94961],[121.998131,10.95035],[121.998337,10.95056],[121.998543,10.95132],[121.999008,10.95189],[121.999168,10.95208],[121.999237,10.9521],[122.0,10.95222],[122.000252,10.95274],[122.000267,10.95279],[122.000687,10.95342],[122.000816,10.95358],[122.001083,10.95406],[122.001328,10.95438],[122.001511,10.95456],[122.001587,10.95479],[122.001961,10.95509],[122.002357,10.9554],[122.002724,10.95565],[122.003052,10.9559],[122.003326,10.95615],[122.003616,10.95642],[122.003906,10.95673],[122.004288,10.95702],[122.004784,10.95725],[122.005241,10.95755],[122.005562,10.95796],[122.00589,10.95841],[122.006271,10.95882],[122.006363,10.95889],[122.006554,10.95905],[122.006683,10.95915],[122.00708,10.95943],[122.007446,10.9597],[122.007767,10.96],[122.008057,10.96029],[122.008331,10.96056],[122.008583,10.9608],[122.008812,10.96103],[122.009048,10.96129],[122.00927,10.96163],[122.009537,10.96198],[122.009628,10.962114],[122.009804,10.96237],[122.010223,10.96271],[122.010681,10.96304],[122.011139,10.96337],[122.011513,10.96373],[122.013039,10.96503],[122.013107,10.96492],[122.013588,10.96427],[122.014198,10.96385],[122.014717,10.96385],[122.019997,10.9636],[122.022652,10.96394]]]]}},{"type":"Feature","properties":{"ID_0":177,"ISO":"PHL","NAME_0":"Philippines","ID_1":6006,"NAME_1":"Antique","ID_2":600612,"NAME_2":"Patnongon","ID_3":600612008,"NAME_3":"Cuyapiao","NL_NAME_3":null,"VARNAME_3":null,"TYPE_3":"Barangay","ENGTYPE_3":"Village","PROVINCE":"Antique","REGION":"Region VI (Western Visayas)","id":"barangay-0600612008","name":"Cuyapiao","barangayCode":"0600612008","population":null,"formattedPop":null,"densityCategory":"No data","vulnerabilityRating":"No data","healthRiskLevel":"No data","areaKm2":4.047069,"centerLat":10.901883,"centerLng":122.070798,"geometrySource":"all_barangay-2.csv detailed WKT","geometryMatchMethod":"unique_official_admin_names","boundaryPointCount":6},"geometry":{"type":"MultiPolygon","coordinates":[[[[122.061127,10.89907],[122.059517,10.89337],[122.057152,10.88336],[122.045242,10.8848],[122.050377,10.90245],[122.061127,10.89907]]]]}},{"type":"Feature","properties":{"ID_0":177,"ISO":"PHL","NAME_0":"Philippines","ID_1":6006,"NAME_1":"Antique","ID_2":600612,"NAME_2":"Patnongon","ID_3":600612009,"NAME_3":"Villa Elio","NL_NAME_3":null,"VARNAME_3":null,"TYPE_3":"Barangay","ENGTYPE_3":"Village","PROVINCE":"Antique","REGION":"Region VI (Western Visayas)","id":"barangay-0600612009","name":"Villa Elio","barangayCode":"0600612009","population":null,"formattedPop":null,"densityCategory":"No data","vulnerabilityRating":"No data","healthRiskLevel":"No data","areaKm2":3.597899,"centerLat":10.907132,"centerLng":122.05361,"geometrySource":"all_barangay-2.csv detailed WKT","geometryMatchMethod":"unique_official_admin_names","boundaryPointCount":22},"geometry":{"type":"MultiPolygon","coordinates":[[[[122.08802,10.90648],[122.086563,10.90186],[122.084511,10.89609],[122.08181,10.88857],[122.078758,10.8891],[122.076912,10.88971],[122.074142,10.89028],[122.070702,10.89147],[122.068443,10.8923],[122.066063,10.89284],[122.063133,10.8936],[122.059517,10.89337],[122.061127,10.89907],[122.064636,10.90479],[122.068291,10.91019],[122.074387,10.9058],[122.08654,10.91265],[122.085854,10.91087],[122.085907,10.90965],[122.08625,10.90851],[122.086906,10.90714],[122.08802,10.90648]]]]}},{"type":"Feature","properties":{"ID_0":177,"ISO":"PHL","NAME_0":"Philippines","ID_1":6006,"NAME_1":"Antique","ID_2":600612,"NAME_2":"Patnongon","ID_3":600612010,"NAME_3":"Gella","NL_NAME_3":null,"VARNAME_3":null,"TYPE_3":"Barangay","ENGTYPE_3":"Village","PROVINCE":"Antique","REGION":"Region VI (Western Visayas)","id":"barangay-0600612010","name":"Gella","barangayCode":"0600612010","population":null,"formattedPop":null,"densityCategory":"No data","vulnerabilityRating":"No data","healthRiskLevel":"No data","areaKm2":5.644044,"centerLat":10.95428,"centerLng":122.073104,"geometrySource":"all_barangay-2.csv detailed WKT","geometryMatchMethod":"unique_official_admin_names","boundaryPointCount":9},"geometry":{"type":"MultiPolygon","coordinates":[[[[122.078506,10.97135],[122.083,10.962114],[122.088028,10.95178],[122.079697,10.94604],[122.063904,10.93842],[122.061958,10.95732],[122.062767,10.95947],[122.066277,10.962114],[122.078506,10.97135]]]]}},{"type":"Feature","properties":{"ID_0":177,"ISO":"PHL","NAME_0":"Philippines","ID_1":6006,"NAME_1":"Antique","ID_2":600612,"NAME_2":"Patnongon","ID_3":600612011,"NAME_3":"Igbarawan","NL_NAME_3":null,"VARNAME_3":null,"TYPE_3":"Barangay","ENGTYPE_3":"Village","PROVINCE":"Antique","REGION":"Region VI (Western Visayas)","id":"barangay-0600612011","name":"Igbarawan","barangayCode":"0600612011","population":null,"formattedPop":null,"densityCategory":"No data","vulnerabilityRating":"No data","healthRiskLevel":"No data","areaKm2":2.163328,"centerLat":10.973078,"centerLng":122.025159,"geometrySource":"all_barangay-2.csv detailed WKT","geometryMatchMethod":"unique_official_admin_names","boundaryPointCount":64},"geometry":{"type":"MultiPolygon","coordinates":[[[[122.033318,10.98098],[122.031921,10.9744],[122.027748,10.96488],[122.022652,10.96394],[122.019997,10.9636],[122.014717,10.96385],[122.014198,10.96385],[122.013588,10.96427],[122.013107,10.96492],[122.013039,10.96503],[122.013184,10.96515],[122.013512,10.96554],[122.014389,10.96704],[122.014702,10.96733],[122.016777,10.96964],[122.017303,10.96985],[122.017723,10.9701],[122.018044,10.97037],[122.018288,10.97066],[122.018478,10.971],[122.018646,10.97142],[122.018898,10.97178],[122.019173,10.97212],[122.019463,10.97244],[122.019768,10.97276],[122.020081,10.97309],[122.020332,10.97351],[122.020607,10.97388],[122.020889,10.97423],[122.021118,10.97456],[122.021347,10.97486],[122.021553,10.97517],[122.021713,10.97546],[122.021919,10.97571],[122.022079,10.97597],[122.022278,10.97624],[122.022568,10.9765],[122.022728,10.97689],[122.022751,10.9774],[122.022949,10.97779],[122.02317,10.97815],[122.023453,10.97845],[122.023712,10.97873],[122.023903,10.97906],[122.024094,10.97939],[122.024208,10.97982],[122.024406,10.98026],[122.024521,10.98075],[122.024689,10.98117],[122.024788,10.98156],[122.024963,10.98187],[122.025032,10.98218],[122.0252,10.98245],[122.025307,10.98275],[122.025543,10.98305],[122.025787,10.98329],[122.026688,10.98311],[122.028053,10.9823],[122.029137,10.98152],[122.029747,10.98082],[122.03064,10.98057],[122.031487,10.98087],[122.032417,10.98137],[122.033318,10.98098]]]]}},{"type":"Feature","properties":{"ID_0":177,"ISO":"PHL","NAME_0":"Philippines","ID_1":6006,"NAME_1":"Antique","ID_2":600612,"NAME_2":"Patnongon","ID_3":600612012,"NAME_3":"Igbobon","NL_NAME_3":null,"VARNAME_3":null,"TYPE_3":"Barangay","ENGTYPE_3":"Village","PROVINCE":"Antique","REGION":"Region VI (Western Visayas)","id":"barangay-0600612012","name":"Igbobon","barangayCode":"0600612012","population":null,"formattedPop":null,"densityCategory":"No data","vulnerabilityRating":"No data","healthRiskLevel":"No data","areaKm2":2.330977,"centerLat":10.927294,"centerLng":121.997835,"geometrySource":"all_barangay-2.csv detailed WKT","geometryMatchMethod":"unique_official_admin_names","boundaryPointCount":5},"geometry":{"type":"MultiPolygon","coordinates":[[[[122.008827,10.92941],[122.003311,10.92154],[121.988998,10.9258],[121.995659,10.93797],[122.008827,10.92941]]]]}},{"type":"Feature","properties":{"ID_0":177,"ISO":"PHL","NAME_0":"Philippines","ID_1":6006,"NAME_1":"Antique","ID_2":600612,"NAME_2":"Patnongon","ID_3":600612013,"NAME_3":"Igburi","NL_NAME_3":null,"VARNAME_3":null,"TYPE_3":"Barangay","ENGTYPE_3":"Village","PROVINCE":"Antique","REGION":"Region VI (Western Visayas)","id":"barangay-0600612013","name":"Igburi","barangayCode":"0600612013","population":null,"formattedPop":null,"densityCategory":"No data","vulnerabilityRating":"No data","healthRiskLevel":"No data","areaKm2":3.297787,"centerLat":10.899507,"centerLng":122.040058,"geometrySource":"all_barangay-2.csv detailed WKT","geometryMatchMethod":"unique_official_admin_names","boundaryPointCount":6},"geometry":{"type":"MultiPolygon","coordinates":[[[[122.050377,10.90245],[122.045242,10.8848],[122.034889,10.88881],[122.037643,10.89205],[122.038757,10.90619],[122.050377,10.90245]]]]}},{"type":"Feature","properties":{"ID_0":177,"ISO":"PHL","NAME_0":"Philippines","ID_1":6006,"NAME_1":"Antique","ID_2":600612,"NAME_2":"Patnongon","ID_3":600612014,"NAME_3":"La Rioja","NL_NAME_3":null,"VARNAME_3":null,"TYPE_3":"Barangay","ENGTYPE_3":"Village","PROVINCE":"Antique","REGION":"Region VI (Western Visayas)","id":"barangay-0600612014","name":"La Rioja","barangayCode":"0600612014","population":null,"formattedPop":null,"densityCategory":"No data","vulnerabilityRating":"No data","healthRiskLevel":"No data","areaKm2":5.257818,"centerLat":10.93947,"centerLng":122.007133,"geometrySource":"all_barangay-2.csv detailed WKT","geometryMatchMethod":"unique_official_admin_names","boundaryPointCount":58},"geometry":{"type":"MultiPolygon","coordinates":[[[[122.019043,10.95009],[122.019577,10.95033],[122.020447,10.95079],[122.021561,10.95074],[122.022377,10.94928],[122.022263,10.94819],[122.021606,10.94764],[122.021858,10.94682],[122.01786,10.93543],[122.015121,10.92531],[122.008827,10.92941],[121.995659,10.93797],[121.991943,10.94083],[121.992233,10.94111],[121.992233,10.94139],[121.9925,10.94167],[121.9925,10.94194],[121.993332,10.94278],[121.993332,10.94306],[121.993889,10.94361],[121.993889,10.94394],[121.993889,10.94417],[121.994431,10.94471],[121.995827,10.94611],[121.996193,10.94667],[121.996246,10.94694],[121.996391,10.94778],[121.996674,10.94854],[121.997147,10.94917],[121.997498,10.94944],[121.998047,10.95],[121.998047,10.95028],[121.998131,10.95035],[121.998573,10.94961],[121.99894,10.94929],[121.999672,10.94876],[122.000107,10.94796],[122.000702,10.94727],[122.001671,10.94694],[122.002899,10.94649],[122.003868,10.94617],[122.004578,10.94636],[122.00515,10.94675],[122.005966,10.94738],[122.007339,10.94813],[122.007759,10.94845],[122.008453,10.94897],[122.009354,10.94922],[122.01046,10.94892],[122.011681,10.94851],[122.012604,10.94931],[122.013634,10.95006],[122.014214,10.95065],[122.014923,10.95088],[122.015678,10.95043],[122.016838,10.95047],[122.018044,10.95054],[122.019043,10.95009]]]]}},{"type":"Feature","properties":{"ID_0":177,"ISO":"PHL","NAME_0":"Philippines","ID_1":6006,"NAME_1":"Antique","ID_2":600612,"NAME_2":"Patnongon","ID_3":600612015,"NAME_3":"Mabasa","NL_NAME_3":null,"VARNAME_3":null,"TYPE_3":"Barangay","ENGTYPE_3":"Village","PROVINCE":"Antique","REGION":"Region VI (Western Visayas)","id":"barangay-0600612015","name":"Mabasa","barangayCode":"0600612015","population":null,"formattedPop":null,"densityCategory":"No data","vulnerabilityRating":"No data","healthRiskLevel":"No data","areaKm2":2.789274,"centerLat":10.987091,"centerLng":122.038271,"geometrySource":"all_barangay-2.csv detailed WKT","geometryMatchMethod":"unique_official_admin_names","boundaryPointCount":72},"geometry":{"type":"MultiPolygon","coordinates":[[[[122.039436,11.00101],[122.039574,11.00112],[122.04702,10.99721],[122.047348,10.98508],[122.046593,10.97766],[122.033318,10.98098],[122.032417,10.98137],[122.031487,10.98087],[122.03064,10.98057],[122.029747,10.98082],[122.029137,10.98152],[122.028053,10.9823],[122.026688,10.98311],[122.025787,10.98329],[122.025871,10.98338],[122.026207,10.9837],[122.02655,10.98397],[122.026802,10.98427],[122.027069,10.98452],[122.027199,10.98484],[122.027267,10.98521],[122.027451,10.98551],[122.027657,10.98579],[122.027946,10.98601],[122.02829,10.98621],[122.028603,10.9865],[122.028893,10.98682],[122.029167,10.98715],[122.029449,10.98747],[122.029716,10.9878],[122.029961,10.98816],[122.030151,10.98859],[122.030373,10.98898],[122.030586,10.98934],[122.03083,10.98966],[122.031082,10.98998],[122.031311,10.99031],[122.031517,10.99069],[122.031723,10.99111],[122.03196,10.99155],[122.032227,10.99197],[122.032501,10.99233],[122.032784,10.99262],[122.033043,10.99286],[122.033287,10.99309],[122.033539,10.99335],[122.033813,10.99367],[122.034081,10.99406],[122.034409,10.99443],[122.034714,10.99482],[122.035004,10.99519],[122.035278,10.99554],[122.035606,10.99586],[122.035942,10.99622],[122.036301,10.99658],[122.036659,10.99694],[122.03698,10.99727],[122.037239,10.99761],[122.037514,10.99789],[122.037773,10.99815],[122.037979,10.99845],[122.038094,10.99883],[122.038383,10.99914],[122.038643,10.99924],[122.038887,10.99945],[122.03907,10.99951],[122.039261,10.99972],[122.039436,11.0],[122.039169,11.00028],[122.039169,11.00056],[122.039436,11.00083],[122.039436,11.00101]]]]}},{"type":"Feature","properties":{"ID_0":177,"ISO":"PHL","NAME_0":"Philippines","ID_1":6006,"NAME_1":"Antique","ID_2":600612,"NAME_2":"Patnongon","ID_3":600612016,"NAME_3":"Macarina","NL_NAME_3":null,"VARNAME_3":null,"TYPE_3":"Barangay","ENGTYPE_3":"Village","PROVINCE":"Antique","REGION":"Region VI (Western Visayas)","id":"barangay-0600612016","name":"Macarina","barangayCode":"0600612016","population":null,"formattedPop":null,"densityCategory":"No data","vulnerabilityRating":"No data","healthRiskLevel":"No data","areaKm2":3.360102,"centerLat":10.93079,"centerLng":122.029196,"geometrySource":"all_barangay-2.csv detailed WKT","geometryMatchMethod":"unique_official_admin_names","boundaryPointCount":6},"geometry":{"type":"MultiPolygon","coordinates":[[[[122.034126,10.93635],[122.039291,10.92577],[122.028122,10.92558],[122.015121,10.92531],[122.01786,10.93543],[122.034126,10.93635]]]]}},{"type":"Feature","properties":{"ID_0":177,"ISO":"PHL","NAME_0":"Philippines","ID_1":6006,"NAME_1":"Antique","ID_2":600612,"NAME_2":"Patnongon","ID_3":600612017,"NAME_3":"Magarang","NL_NAME_3":null,"VARNAME_3":null,"TYPE_3":"Barangay","ENGTYPE_3":"Village","PROVINCE":"Antique","REGION":"Region VI (Western Visayas)","id":"barangay-0600612017","name":"Magarang","barangayCode":"0600612017","population":null,"formattedPop":null,"densityCategory":"No data","vulnerabilityRating":"No data","healthRiskLevel":"No data","areaKm2":3.383949,"centerLat":10.982686,"centerLng":122.056054,"geometrySource":"all_barangay-2.csv detailed WKT","geometryMatchMethod":"unique_official_admin_names","boundaryPointCount":9},"geometry":{"type":"MultiPolygon","coordinates":[[[[122.067596,10.98551],[122.069992,10.98425],[122.072952,10.98016],[122.058289,10.97598],[122.053368,10.97582],[122.046593,10.97766],[122.047348,10.98508],[122.04702,10.99721],[122.067596,10.98551]]]]}},{"type":"Feature","properties":{"ID_0":177,"ISO":"PHL","NAME_0":"Philippines","ID_1":6006,"NAME_1":"Antique","ID_2":600612,"NAME_2":"Patnongon","ID_3":600612018,"NAME_3":"Magsaysay","NL_NAME_3":null,"VARNAME_3":null,"TYPE_3":"Barangay","ENGTYPE_3":"Village","PROVINCE":"Antique","REGION":"Region VI (Western Visayas)","id":"barangay-0600612018","name":"Magsaysay","barangayCode":"0600612018","population":null,"formattedPop":null,"densityCategory":"No data","vulnerabilityRating":"No data","healthRiskLevel":"No data","areaKm2":2.512469,"centerLat":10.874263,"centerLng":121.978883,"geometrySource":"all_barangay-2.csv detailed WKT","geometryMatchMethod":"unique_official_admin_names","boundaryPointCount":98},"geometry":{"type":"MultiPolygon","coordinates":[[[[121.966812,10.87264],[121.966942,10.87278],[121.966942,10.87301],[121.966942,10.87306],[121.96698,10.87309],[121.967216,10.87333],[121.967216,10.87361],[121.967499,10.87389],[121.967499,10.87415],[121.967499,10.87472],[121.967751,10.87497],[121.967781,10.875],[121.967781,10.87509],[121.967781,10.87528],[121.967842,10.87534],[121.968063,10.87556],[121.968063,10.87583],[121.968063,10.8759],[121.968246,10.87622],[121.968338,10.87655],[121.968399,10.8769],[121.968521,10.87721],[121.968674,10.87752],[121.968857,10.8778],[121.968887,10.87806],[121.969162,10.87861],[121.969437,10.87972],[121.969414,10.87985],[121.969383,10.88],[121.969437,10.88028],[121.969437,10.88056],[121.969719,10.88083],[121.969719,10.88111],[121.969917,10.88132],[121.970284,10.88167],[121.970284,10.88209],[121.970284,10.88222],[121.970383,10.88233],[121.970558,10.8825],[121.970901,10.88313],[121.971039,10.88382],[121.971039,10.88421],[121.971039,10.88438],[121.971077,10.88443],[121.97113,10.88452],[121.971237,10.88418],[121.97155,10.88405],[121.971817,10.88404],[121.971863,10.88351],[121.971611,10.88303],[121.971443,10.8823],[121.972977,10.88175],[121.973846,10.88143],[121.974838,10.88075],[121.975227,10.88037],[121.975578,10.88067],[121.975853,10.88126],[121.976021,10.88171],[121.976089,10.88225],[121.976486,10.88248],[121.976898,10.88247],[121.977043,10.88216],[121.977173,10.88197],[121.977592,10.88222],[121.978073,10.88295],[121.978882,10.8828],[121.979286,10.88273],[121.979668,10.88294],[121.980377,10.8824],[121.980637,10.88191],[121.981323,10.88116],[121.98185,10.88025],[121.982391,10.8792],[121.982773,10.87932],[121.983368,10.87858],[121.984016,10.87866],[121.985046,10.87867],[121.985703,10.8786],[121.986763,10.87824],[121.987312,10.87791],[121.987518,10.87725],[121.98819,10.87679],[121.9888,10.87621],[121.989059,10.87589],[121.989594,10.87514],[121.990372,10.87486],[121.990692,10.87453],[121.991051,10.87507],[121.991539,10.87518],[121.992012,10.87435],[121.99234,10.87395],[121.992699,10.87365],[121.993401,10.8731],[121.99398,10.87207],[121.994164,10.8708],[121.980522,10.86879],[121.978477,10.86838],[121.966812,10.87264]]]]}},{"type":"Feature","properties":{"ID_0":177,"ISO":"PHL","NAME_0":"Philippines","ID_1":6006,"NAME_1":"Antique","ID_2":600612,"NAME_2":"Patnongon","ID_3":600612019,"NAME_3":"Padang","NL_NAME_3":null,"VARNAME_3":null,"TYPE_3":"Barangay","ENGTYPE_3":"Village","PROVINCE":"Antique","REGION":"Region VI (Western Visayas)","id":"barangay-0600612019","name":"Padang","barangayCode":"0600612019","population":null,"formattedPop":null,"densityCategory":"No data","vulnerabilityRating":"No data","healthRiskLevel":"No data","areaKm2":1.975359,"centerLat":10.905534,"centerLng":121.985983,"geometrySource":"all_barangay-2.csv detailed WKT","geometryMatchMethod":"unique_official_admin_names","boundaryPointCount":50},"geometry":{"type":"MultiPolygon","coordinates":[[[[121.991493,10.9102],[121.985428,10.90283],[121.984207,10.90344],[121.983223,10.90224],[121.98188,10.90079],[121.980911,10.89973],[121.977318,10.90073],[121.977409,10.90101],[121.977547,10.90163],[121.977623,10.90198],[121.97789,10.90268],[121.97805,10.90305],[121.978172,10.90345],[121.978287,10.90387],[121.978394,10.90434],[121.978531,10.90483],[121.978661,10.90536],[121.978844,10.9059],[121.978958,10.90644],[121.979141,10.90689],[121.979317,10.90727],[121.979431,10.90763],[121.979446,10.908],[121.979523,10.90912],[121.97966,10.91002],[121.979668,10.91009],[121.979729,10.91064],[121.980171,10.911706],[121.980743,10.91183],[121.981522,10.91225],[121.982201,10.91253],[121.983177,10.91246],[121.98365,10.91188],[121.984047,10.91124],[121.984444,10.91101],[121.984703,10.91092],[121.984894,10.9114],[121.985573,10.91179],[121.986633,10.91169],[121.987213,10.91155],[121.987663,10.91175],[121.988113,10.91179],[121.988533,10.91176],[121.98912,10.91152],[121.989418,10.9114],[121.989883,10.91139],[121.990288,10.91163],[121.991203,10.9116],[121.991676,10.91093],[121.991493,10.9102]]]]}},{"type":"Feature","properties":{"ID_0":177,"ISO":"PHL","NAME_0":"Philippines","ID_1":6006,"NAME_1":"Antique","ID_2":600612,"NAME_2":"Patnongon","ID_3":600612020,"NAME_3":"Pandanan","NL_NAME_3":null,"VARNAME_3":null,"TYPE_3":"Barangay","ENGTYPE_3":"Village","PROVINCE":"Antique","REGION":"Region VI (Western Visayas)","id":"barangay-0600612020","name":"Pandanan","barangayCode":"0600612020","population":null,"formattedPop":null,"densityCategory":"No data","vulnerabilityRating":"No data","healthRiskLevel":"No data","areaKm2":3.175867,"centerLat":10.941682,"centerLng":122.031322,"geometrySource":"all_barangay-2.csv detailed WKT","geometryMatchMethod":"unique_official_admin_names","boundaryPointCount":25},"geometry":{"type":"MultiPolygon","coordinates":[[[[122.021858,10.94682],[122.022408,10.94715],[122.023338,10.94762],[122.024513,10.9477],[122.02565,10.94713],[122.026421,10.94686],[122.026756,10.94646],[122.0271,10.94662],[122.027527,10.94702],[122.028221,10.94742],[122.029037,10.94746],[122.029732,10.94808],[122.030273,10.94896],[122.031097,10.94946],[122.032043,10.94928],[122.033142,10.94931],[122.033707,10.94976],[122.034172,10.95101],[122.034798,10.95206],[122.03569,10.95228],[122.03598,10.95213],[122.046066,10.9371],[122.034126,10.93635],[122.01786,10.93543],[122.021858,10.94682]]]]}},{"type":"Feature","properties":{"ID_0":177,"ISO":"PHL","NAME_0":"Philippines","ID_1":6006,"NAME_1":"Antique","ID_2":600612,"NAME_2":"Patnongon","ID_3":600612021,"NAME_3":"Patlabawon","NL_NAME_3":null,"VARNAME_3":null,"TYPE_3":"Barangay","ENGTYPE_3":"Village","PROVINCE":"Antique","REGION":"Region VI (Western Visayas)","id":"barangay-0600612021","name":"Patlabawon","barangayCode":"0600612021","population":null,"formattedPop":null,"densityCategory":"No data","vulnerabilityRating":"No data","healthRiskLevel":"No data","areaKm2":5.619366,"centerLat":10.887285,"centerLng":122.024489,"geometrySource":"all_barangay-2.csv detailed WKT","geometryMatchMethod":"unique_official_admin_names","boundaryPointCount":14},"geometry":{"type":"MultiPolygon","coordinates":[[[[122.012787,10.89855],[122.024849,10.89313],[122.034889,10.88881],[122.045242,10.8848],[122.043823,10.87908],[122.034554,10.88095],[122.017906,10.88256],[122.006081,10.88237],[122.006157,10.88306],[122.005943,10.88335],[122.005814,10.88355],[122.004723,10.88472],[122.004517,10.8853],[122.012787,10.89855]]]]}},{"type":"Feature","properties":{"ID_0":177,"ISO":"PHL","NAME_0":"Philippines","ID_1":6006,"NAME_1":"Antique","ID_2":600612,"NAME_2":"Patnongon","ID_3":600612022,"NAME_3":"Poblacion","NL_NAME_3":null,"VARNAME_3":null,"TYPE_3":"Barangay","ENGTYPE_3":"Village","PROVINCE":"Antique","REGION":"Region VI (Western Visayas)","id":"barangay-0600612022","name":"Poblacion","barangayCode":"0600612022","population":null,"formattedPop":null,"densityCategory":"No data","vulnerabilityRating":"No data","healthRiskLevel":"No data","areaKm2":3.28086,"centerLat":10.916481,"centerLng":121.991078,"geometrySource":"all_barangay-2.csv detailed WKT","geometryMatchMethod":"unique_official_admin_names","boundaryPointCount":76},"geometry":{"type":"MultiPolygon","coordinates":[[[[121.983101,10.92638],[121.984177,10.92673],[121.985207,10.92747],[121.985733,10.92795],[121.986023,10.92829],[121.986778,10.92835],[121.98819,10.92728],[121.988564,10.9268],[121.988998,10.9258],[122.003311,10.92154],[121.995201,10.91104],[121.99511,10.91097],[121.994347,10.91037],[121.993591,10.9101],[121.993233,10.90996],[121.992897,10.9099],[121.992561,10.90991],[121.992317,10.90996],[121.991669,10.90997],[121.991493,10.9102],[121.991676,10.91093],[121.991203,10.9116],[121.990288,10.91163],[121.989883,10.91139],[121.989418,10.9114],[121.98912,10.91152],[121.988533,10.91176],[121.988113,10.91179],[121.987663,10.91175],[121.987213,10.91155],[121.986633,10.91169],[121.985573,10.91179],[121.984894,10.9114],[121.984703,10.91092],[121.984444,10.91101],[121.984047,10.91124],[121.98365,10.91188],[121.983177,10.91246],[121.982201,10.91253],[121.981522,10.91225],[121.980743,10.91183],[121.980171,10.911706],[121.98024,10.91187],[121.980301,10.912087],[121.980362,10.91232],[121.980637,10.91313],[121.980782,10.91375],[121.981194,10.91534],[121.981163,10.9155],[121.981056,10.91589],[121.980988,10.91665],[121.98127,10.91734],[121.981537,10.91797],[121.981537,10.91921],[121.981483,10.91955],[121.981483,10.9199],[121.981453,10.92018],[121.981392,10.92083],[121.981392,10.92167],[121.981178,10.92194],[121.981392,10.92222],[121.981392,10.92278],[121.981667,10.92306],[121.981667,10.92333],[121.981911,10.92358],[121.981941,10.92361],[121.981941,10.92385],[121.981941,10.92389],[121.982224,10.92417],[121.982224,10.92444],[121.982498,10.92472],[121.982498,10.92528],[121.98278,10.92556],[121.98278,10.92611],[121.983017,10.92635],[121.983101,10.92638]]]]}},{"type":"Feature","properties":{"ID_0":177,"ISO":"PHL","NAME_0":"Philippines","ID_1":6006,"NAME_1":"Antique","ID_2":600612,"NAME_2":"Patnongon","ID_3":600612023,"NAME_3":"Quezon","NL_NAME_3":null,"VARNAME_3":null,"TYPE_3":"Barangay","ENGTYPE_3":"Village","PROVINCE":"Antique","REGION":"Region VI (Western Visayas)","id":"barangay-0600612023","name":"Quezon","barangayCode":"0600612023","population":null,"formattedPop":null,"densityCategory":"No data","vulnerabilityRating":"No data","healthRiskLevel":"No data","areaKm2":3.807686,"centerLat":10.938754,"centerLng":122.085442,"geometrySource":"all_barangay-2.csv detailed WKT","geometryMatchMethod":"unique_official_admin_names","boundaryPointCount":30},"geometry":{"type":"MultiPolygon","coordinates":[[[[122.079697,10.94604],[122.088028,10.95178],[122.089798,10.94962],[122.0914,10.94758],[122.092957,10.94416],[122.093979,10.94104],[122.095352,10.93708],[122.095596,10.92963],[122.085327,10.92861],[122.084923,10.92888],[122.084167,10.92935],[122.084648,10.93021],[122.084801,10.93105],[122.084068,10.93132],[122.083511,10.93124],[122.083214,10.93107],[122.082733,10.93097],[122.082207,10.93151],[122.081589,10.93163],[122.081146,10.9321],[122.080482,10.9328],[122.080009,10.93309],[122.079376,10.93474],[122.078163,10.93595],[122.078232,10.93768],[122.07814,10.93894],[122.077988,10.94106],[122.078728,10.94272],[122.078979,10.94337],[122.079697,10.94604]]]]}},{"type":"Feature","properties":{"ID_0":177,"ISO":"PHL","NAME_0":"Philippines","ID_1":6006,"NAME_1":"Antique","ID_2":600612,"NAME_2":"Patnongon","ID_3":600612024,"NAME_3":"Salaguiawan","NL_NAME_3":null,"VARNAME_3":null,"TYPE_3":"Barangay","ENGTYPE_3":"Village","PROVINCE":"Antique","REGION":"Region VI (Western Visayas)","id":"barangay-0600612024","name":"Salaguiawan","barangayCode":"0600612024","population":null,"formattedPop":null,"densityCategory":"No data","vulnerabilityRating":"No data","healthRiskLevel":"No data","areaKm2":3.929269,"centerLat":10.971774,"centerLng":122.041639,"geometrySource":"all_barangay-2.csv detailed WKT","geometryMatchMethod":"unique_official_admin_names","boundaryPointCount":10},"geometry":{"type":"MultiPolygon","coordinates":[[[[122.046593,10.97766],[122.053368,10.97582],[122.058289,10.97598],[122.053528,10.96518],[122.049423,10.96592],[122.041779,10.96534],[122.027748,10.96488],[122.031921,10.9744],[122.033318,10.98098],[122.046593,10.97766]]]]}},{"type":"Feature","properties":{"ID_0":177,"ISO":"PHL","NAME_0":"Philippines","ID_1":6006,"NAME_1":"Antique","ID_2":600612,"NAME_2":"Patnongon","ID_3":600612025,"NAME_3":"Samalague","NL_NAME_3":null,"VARNAME_3":null,"TYPE_3":"Barangay","ENGTYPE_3":"Village","PROVINCE":"Antique","REGION":"Region VI (Western Visayas)","id":"barangay-0600612025","name":"Samalague","barangayCode":"0600612025","population":null,"formattedPop":null,"densityCategory":"No data","vulnerabilityRating":"No data","healthRiskLevel":"No data","areaKm2":3.396592,"centerLat":10.95087,"centerLng":122.05423,"geometrySource":"all_barangay-2.csv detailed WKT","geometryMatchMethod":"unique_official_admin_names","boundaryPointCount":43},"geometry":{"type":"MultiPolygon","coordinates":[[[[122.053528,10.96518],[122.053574,10.962114],[122.053627,10.95802],[122.061958,10.95732],[122.063904,10.93842],[122.061569,10.93922],[122.057426,10.93779],[122.052727,10.94415],[122.052116,10.94473],[122.050873,10.94519],[122.049896,10.94564],[122.049232,10.9462],[122.04921,10.94745],[122.048637,10.94857],[122.048302,10.94972],[122.047684,10.95051],[122.047279,10.95082],[122.046837,10.95173],[122.046722,10.95237],[122.046379,10.95292],[122.045227,10.95307],[122.044647,10.95305],[122.043312,10.95321],[122.043739,10.9538],[122.043327,10.9546],[122.043747,10.95567],[122.044823,10.95534],[122.046082,10.95464],[122.047089,10.95429],[122.047897,10.95478],[122.047737,10.95561],[122.047028,10.95624],[122.046753,10.95677],[122.046768,10.95738],[122.047417,10.95826],[122.047821,10.95904],[122.04808,10.95984],[122.047867,10.96153],[122.048248,10.962114],[122.048393,10.96234],[122.049133,10.96384],[122.049423,10.96592],[122.053528,10.96518]]]]}},{"type":"Feature","properties":{"ID_0":177,"ISO":"PHL","NAME_0":"Philippines","ID_1":6006,"NAME_1":"Antique","ID_2":600612,"NAME_2":"Patnongon","ID_3":600612026,"NAME_3":"San Rafael","NL_NAME_3":null,"VARNAME_3":null,"TYPE_3":"Barangay","ENGTYPE_3":"Village","PROVINCE":"Antique","REGION":"Region VI (Western Visayas)","id":"barangay-0600612026","name":"San Rafael","barangayCode":"0600612026","population":null,"formattedPop":null,"densityCategory":"No data","vulnerabilityRating":"No data","healthRiskLevel":"No data","areaKm2":3.747032,"centerLat":10.896799,"centerLng":122.00041,"geometrySource":"all_barangay-2.csv detailed WKT","geometryMatchMethod":"unique_official_admin_names","boundaryPointCount":18},"geometry":{"type":"MultiPolygon","coordinates":[[[[121.995201,10.91104],[122.012787,10.89855],[122.004517,10.8853],[122.000977,10.88765],[121.992203,10.89115],[121.992706,10.89455],[121.990936,10.89882],[121.985428,10.90283],[121.991493,10.9102],[121.991669,10.90997],[121.992317,10.90996],[121.992561,10.90991],[121.992897,10.9099],[121.993233,10.90996],[121.993591,10.9101],[121.994347,10.91037],[121.99511,10.91097],[121.995201,10.91104]]]]}},{"type":"Feature","properties":{"ID_0":177,"ISO":"PHL","NAME_0":"Philippines","ID_1":6006,"NAME_1":"Antique","ID_2":600612,"NAME_2":"Patnongon","ID_3":600612027,"NAME_3":"Tobias Fornier","NL_NAME_3":null,"VARNAME_3":null,"TYPE_3":"Barangay","ENGTYPE_3":"Village","PROVINCE":"Antique","REGION":"Region VI (Western Visayas)","id":"barangay-0600612027","name":"Tobias Fornier","barangayCode":"0600612027","population":null,"formattedPop":null,"densityCategory":"No data","vulnerabilityRating":"No data","healthRiskLevel":"No data","areaKm2":7.395865,"centerLat":10.874322,"centerLng":122.037071,"geometrySource":"all_barangay-2.csv detailed WKT","geometryMatchMethod":"unique_official_admin_names","boundaryPointCount":19},"geometry":{"type":"MultiPolygon","coordinates":[[[[122.006081,10.88237],[122.017906,10.88256],[122.034554,10.88095],[122.043823,10.87908],[122.061272,10.87578],[122.066948,10.86386],[122.064667,10.86193],[122.052437,10.86239],[122.050941,10.86369],[122.046257,10.86558],[122.041344,10.86817],[122.039322,10.86987],[122.034752,10.87259],[122.031914,10.8743],[122.027946,10.87572],[122.024582,10.87612],[122.020416,10.87603],[122.003822,10.87262],[122.006081,10.88237]]]]}},{"type":"Feature","properties":{"ID_0":177,"ISO":"PHL","NAME_0":"Philippines","ID_1":6006,"NAME_1":"Antique","ID_2":600612,"NAME_2":"Patnongon","ID_3":600612028,"NAME_3":"Tamayoc","NL_NAME_3":null,"VARNAME_3":null,"TYPE_3":"Barangay","ENGTYPE_3":"Village","PROVINCE":"Antique","REGION":"Region VI (Western Visayas)","id":"barangay-0600612028","name":"Tamayoc","barangayCode":"0600612028","population":null,"formattedPop":null,"densityCategory":"No data","vulnerabilityRating":"No data","healthRiskLevel":"No data","areaKm2":7.313842,"centerLat":10.914788,"centerLng":122.015279,"geometrySource":"all_barangay-2.csv detailed WKT","geometryMatchMethod":"unique_official_admin_names","boundaryPointCount":9},"geometry":{"type":"MultiPolygon","coordinates":[[[[122.028122,10.92558],[122.020981,10.91595],[122.020554,10.91031],[122.012787,10.89855],[121.995201,10.91104],[122.003311,10.92154],[122.008827,10.92941],[122.015121,10.92531],[122.028122,10.92558]]]]}},{"type":"Feature","properties":{"ID_0":177,"ISO":"PHL","NAME_0":"Philippines","ID_1":6006,"NAME_1":"Antique","ID_2":600612,"NAME_2":"Patnongon","ID_3":600612029,"NAME_3":"Tigbalogo","NL_NAME_3":null,"VARNAME_3":null,"TYPE_3":"Barangay","ENGTYPE_3":"Village","PROVINCE":"Antique","REGION":"Region VI (Western Visayas)","id":"barangay-0600612029","name":"Tigbalogo","barangayCode":"0600612029","population":null,"formattedPop":null,"densityCategory":"No data","vulnerabilityRating":"No data","healthRiskLevel":"No data","areaKm2":4.325814,"centerLat":10.968295,"centerLng":122.063744,"geometrySource":"all_barangay-2.csv detailed WKT","geometryMatchMethod":"unique_official_admin_names","boundaryPointCount":11},"geometry":{"type":"MultiPolygon","coordinates":[[[[122.072952,10.98016],[122.077179,10.97313],[122.078506,10.97135],[122.066277,10.962114],[122.062767,10.95947],[122.061958,10.95732],[122.053627,10.95802],[122.053574,10.962114],[122.053528,10.96518],[122.058289,10.97598],[122.072952,10.98016]]]]}},{"type":"Feature","properties":{"ID_0":177,"ISO":"PHL","NAME_0":"Philippines","ID_1":6006,"NAME_1":"Antique","ID_2":600612,"NAME_2":"Patnongon","ID_3":600612030,"NAME_3":"Villa Crespo","NL_NAME_3":null,"VARNAME_3":null,"TYPE_3":"Barangay","ENGTYPE_3":"Village","PROVINCE":"Antique","REGION":"Region VI (Western Visayas)","id":"barangay-0600612030","name":"Villa Crespo","barangayCode":"0600612030","population":null,"formattedPop":null,"densityCategory":"No data","vulnerabilityRating":"No data","healthRiskLevel":"No data","areaKm2":2.666144,"centerLat":10.899832,"centerLng":122.024171,"geometrySource":"all_barangay-2.csv detailed WKT","geometryMatchMethod":"unique_official_admin_names","boundaryPointCount":14},"geometry":{"type":"MultiPolygon","coordinates":[[[[122.038757,10.90619],[122.037643,10.89205],[122.034889,10.88881],[122.024849,10.89313],[122.012787,10.89855],[122.020554,10.91031],[122.028793,10.91101],[122.027817,10.90671],[122.029716,10.90724],[122.03093,10.9081],[122.032448,10.90828],[122.033997,10.90738],[122.035057,10.90706],[122.038757,10.90619]]]]}},{"type":"Feature","properties":{"ID_0":177,"ISO":"PHL","NAME_0":"Philippines","ID_1":6006,"NAME_1":"Antique","ID_2":600612,"NAME_2":"Patnongon","ID_3":600612031,"NAME_3":"Villa Cruz","NL_NAME_3":null,"VARNAME_3":null,"TYPE_3":"Barangay","ENGTYPE_3":"Village","PROVINCE":"Antique","REGION":"Region VI (Western Visayas)","id":"barangay-0600612031","name":"Villa Cruz","barangayCode":"0600612031","population":null,"formattedPop":null,"densityCategory":"No data","vulnerabilityRating":"No data","healthRiskLevel":"No data","areaKm2":3.868058,"centerLat":10.95591,"centerLng":122.028159,"geometrySource":"all_barangay-2.csv detailed WKT","geometryMatchMethod":"unique_official_admin_names","boundaryPointCount":50},"geometry":{"type":"MultiPolygon","coordinates":[[[[122.041779,10.96534],[122.042,10.96421],[122.042503,10.9631],[122.042374,10.96213],[122.041443,10.96135],[122.040337,10.96116],[122.039742,10.96107],[122.038681,10.95998],[122.038437,10.959],[122.038643,10.95828],[122.0392,10.95739],[122.040024,10.957],[122.039787,10.95636],[122.038834,10.95552],[122.038544,10.95509],[122.038094,10.95465],[122.037598,10.95352],[122.036819,10.95262],[122.03598,10.95213],[122.03569,10.95228],[122.034798,10.95206],[122.034172,10.95101],[122.033707,10.94976],[122.033142,10.94931],[122.032043,10.94928],[122.031097,10.94946],[122.030273,10.94896],[122.029732,10.94808],[122.029037,10.94746],[122.028221,10.94742],[122.027527,10.94702],[122.0271,10.94662],[122.026756,10.94646],[122.026421,10.94686],[122.02565,10.94713],[122.024513,10.9477],[122.023338,10.94762],[122.022408,10.94715],[122.021858,10.94682],[122.021606,10.94764],[122.022263,10.94819],[122.022377,10.94928],[122.021561,10.95074],[122.020447,10.95079],[122.019577,10.95033],[122.019043,10.95009],[122.022171,10.962114],[122.022652,10.96394],[122.027748,10.96488],[122.041779,10.96534]]]]}},{"type":"Feature","properties":{"ID_0":177,"ISO":"PHL","NAME_0":"Philippines","ID_1":6006,"NAME_1":"Antique","ID_2":600612,"NAME_2":"Patnongon","ID_3":600612032,"NAME_3":"Villa Flores","NL_NAME_3":null,"VARNAME_3":null,"TYPE_3":"Barangay","ENGTYPE_3":"Village","PROVINCE":"Antique","REGION":"Region VI (Western Visayas)","id":"barangay-0600612032","name":"Villa Flores","barangayCode":"0600612032","population":null,"formattedPop":null,"densityCategory":"No data","vulnerabilityRating":"No data","healthRiskLevel":"No data","areaKm2":3.134891,"centerLat":10.932891,"centerLng":122.072129,"geometrySource":"all_barangay-2.csv detailed WKT","geometryMatchMethod":"unique_official_admin_names","boundaryPointCount":44},"geometry":{"type":"MultiPolygon","coordinates":[[[[122.063904,10.93842],[122.079697,10.94604],[122.078979,10.94337],[122.078728,10.94272],[122.077988,10.94106],[122.07814,10.93894],[122.078232,10.93768],[122.078163,10.93595],[122.079376,10.93474],[122.080009,10.93309],[122.080482,10.9328],[122.081146,10.9321],[122.081589,10.93163],[122.082207,10.93151],[122.082733,10.93097],[122.083214,10.93107],[122.083511,10.93124],[122.084068,10.93132],[122.084801,10.93105],[122.084648,10.93021],[122.084167,10.92935],[122.084923,10.92888],[122.084633,10.92831],[122.083817,10.92836],[122.08255,10.92742],[122.082069,10.92658],[122.081787,10.92622],[122.081146,10.92582],[122.080856,10.92515],[122.081284,10.92457],[122.081444,10.92396],[122.081367,10.92327],[122.0812,10.923],[122.080498,10.92314],[122.07991,10.92294],[122.080116,10.92174],[122.0774,10.92307],[122.068314,10.92691],[122.065277,10.93226],[122.066467,10.933],[122.067253,10.93344],[122.0672,10.93399],[122.066521,10.93452],[122.063904,10.93842]]]]}},{"type":"Feature","properties":{"ID_0":177,"ISO":"PHL","NAME_0":"Philippines","ID_1":6006,"NAME_1":"Antique","ID_2":600612,"NAME_2":"Patnongon","ID_3":600612033,"NAME_3":"Villa Laua-an","NL_NAME_3":null,"VARNAME_3":null,"TYPE_3":"Barangay","ENGTYPE_3":"Village","PROVINCE":"Antique","REGION":"Region VI (Western Visayas)","id":"barangay-0600612033","name":"Villa Laua-an","barangayCode":"0600612033","population":null,"formattedPop":null,"densityCategory":"No data","vulnerabilityRating":"No data","healthRiskLevel":"No data","areaKm2":2.642033,"centerLat":10.923975,"centerLng":122.04857,"geometrySource":"all_barangay-2.csv detailed WKT","geometryMatchMethod":"unique_official_admin_names","boundaryPointCount":16},"geometry":{"type":"MultiPolygon","coordinates":[[[[122.039291,10.92577],[122.043327,10.91299],[122.040222,10.91183],[122.039017,10.91013],[122.038757,10.90619],[122.035057,10.90706],[122.033997,10.90738],[122.032448,10.90828],[122.03093,10.9081],[122.029716,10.90724],[122.027817,10.90671],[122.028793,10.91101],[122.020554,10.91031],[122.020981,10.91595],[122.028122,10.92558],[122.039291,10.92577]]]]}},{"type":"Feature","properties":{"ID_0":177,"ISO":"PHL","NAME_0":"Philippines","ID_1":6006,"NAME_1":"Antique","ID_2":600612,"NAME_2":"Patnongon","ID_3":600612034,"NAME_3":"Villa Sal","NL_NAME_3":null,"VARNAME_3":null,"TYPE_3":"Barangay","ENGTYPE_3":"Village","PROVINCE":"Antique","REGION":"Region VI (Western Visayas)","id":"barangay-0600612034","name":"Villa Sal","barangayCode":"0600612034","population":null,"formattedPop":null,"densityCategory":"No data","vulnerabilityRating":"No data","healthRiskLevel":"No data","areaKm2":3.640502,"centerLat":10.92773,"centerLng":122.060588,"geometrySource":"all_barangay-2.csv detailed WKT","geometryMatchMethod":"unique_official_admin_names","boundaryPointCount":17},"geometry":{"type":"MultiPolygon","coordinates":[[[[122.057426,10.93779],[122.061569,10.93922],[122.063904,10.93842],[122.066521,10.93452],[122.0672,10.93399],[122.067253,10.93344],[122.066467,10.933],[122.065277,10.93226],[122.068314,10.92691],[122.0774,10.92307],[122.072029,10.91865],[122.064018,10.91355],[122.039291,10.92577],[122.034126,10.93635],[122.046066,10.9371],[122.054581,10.9362],[122.057426,10.93779]]]]}},{"type":"Feature","properties":{"ID_0":177,"ISO":"PHL","NAME_0":"Philippines","ID_1":6006,"NAME_1":"Antique","ID_2":600612,"NAME_2":"Patnongon","ID_3":600612035,"NAME_3":"Villa Salomon","NL_NAME_3":null,"VARNAME_3":null,"TYPE_3":"Barangay","ENGTYPE_3":"Village","PROVINCE":"Antique","REGION":"Region VI (Western Visayas)","id":"barangay-0600612035","name":"Villa Salomon","barangayCode":"0600612035","population":null,"formattedPop":null,"densityCategory":"No data","vulnerabilityRating":"No data","healthRiskLevel":"No data","areaKm2":2.9167,"centerLat":10.916026,"centerLng":122.036903,"geometrySource":"all_barangay-2.csv detailed WKT","geometryMatchMethod":"unique_official_admin_names","boundaryPointCount":11},"geometry":{"type":"MultiPolygon","coordinates":[[[[122.064018,10.91355],[122.068291,10.91019],[122.064636,10.90479],[122.061127,10.89907],[122.050377,10.90245],[122.038757,10.90619],[122.039017,10.91013],[122.040222,10.91183],[122.043327,10.91299],[122.039291,10.92577],[122.064018,10.91355]]]]}},{"type":"Feature","properties":{"ID_0":177,"ISO":"PHL","NAME_0":"Philippines","ID_1":6006,"NAME_1":"Antique","ID_2":600612,"NAME_2":"Patnongon","ID_3":600612036,"NAME_3":"Vista Alegre","NL_NAME_3":null,"VARNAME_3":null,"TYPE_3":"Barangay","ENGTYPE_3":"Village","PROVINCE":"Antique","REGION":"Region VI (Western Visayas)","id":"barangay-0600612036","name":"Vista Alegre","barangayCode":"0600612036","population":null,"formattedPop":null,"densityCategory":"No data","vulnerabilityRating":"No data","healthRiskLevel":"No data","areaKm2":4.335507,"centerLat":10.884765,"centerLng":122.07195,"geometrySource":"all_barangay-2.csv detailed WKT","geometryMatchMethod":"unique_official_admin_names","boundaryPointCount":15},"geometry":{"type":"MultiPolygon","coordinates":[[[[122.059517,10.89337],[122.063133,10.8936],[122.066063,10.89284],[122.068443,10.8923],[122.070702,10.89147],[122.074142,10.89028],[122.076912,10.88971],[122.078758,10.8891],[122.08181,10.88857],[122.070442,10.86773],[122.06881,10.86546],[122.066948,10.86386],[122.061272,10.87578],[122.057152,10.88336],[122.059517,10.89337]]]]}},{"type":"Feature","properties":{"ID_0":177,"ISO":"PHL","NAME_0":"Philippines","ID_1":6006,"NAME_1":"Antique","ID_2":600613,"NAME_2":"San Jose (Capital)","ID_3":600613001,"NAME_3":"Atabay","NL_NAME_3":null,"VARNAME_3":null,"TYPE_3":"Barangay","ENGTYPE_3":"Village","PROVINCE":"Antique","REGION":"Region VI (Western Visayas)","id":"barangay-0600613001","name":"Atabay","barangayCode":"0600613001","population":null,"formattedPop":null,"densityCategory":"No data","vulnerabilityRating":"No data","healthRiskLevel":"No data","areaKm2":0.935071,"centerLat":10.756819,"centerLng":121.944758,"geometrySource":"all_barangay-2.csv detailed WKT","geometryMatchMethod":"psgc_coordinate_bridge","boundaryPointCount":25},"geometry":{"type":"MultiPolygon","coordinates":[[[[121.955544,10.7596],[121.94339,10.75173],[121.942863,10.75105],[121.941162,10.7509],[121.941223,10.75165],[121.94014,10.75157],[121.938522,10.75597],[121.940491,10.7573],[121.940536,10.75833],[121.941162,10.75843],[121.941948,10.75953],[121.943192,10.7594],[121.943703,10.76218],[121.945953,10.76258],[121.947029,10.76565],[121.947472,10.76567],[121.947662,10.7663],[121.948578,10.76621],[121.948891,10.76375],[121.950104,10.7626],[121.955177,10.76543],[121.956558,10.7627],[121.95594,10.76158],[121.956444,10.7606],[121.955544,10.7596]]]]}},{"type":"Feature","properties":{"ID_0":177,"ISO":"PHL","NAME_0":"Philippines","ID_1":6006,"NAME_1":"Antique","ID_2":600613,"NAME_2":"San Jose (Capital)","ID_3":600613002,"NAME_3":"Badiang","NL_NAME_3":null,"VARNAME_3":null,"TYPE_3":"Barangay","ENGTYPE_3":"Village","PROVINCE":"Antique","REGION":"Region VI (Western Visayas)","id":"barangay-0600613002","name":"Badiang","barangayCode":"0600613002","population":null,"formattedPop":null,"densityCategory":"No data","vulnerabilityRating":"No data","healthRiskLevel":"No data","areaKm2":1.835465,"centerLat":10.766335,"centerLng":121.94678,"geometrySource":"all_barangay-2.csv detailed WKT","geometryMatchMethod":"psgc_coordinate_bridge","boundaryPointCount":28},"geometry":{"type":"MultiPolygon","coordinates":[[[[121.941544,10.77179],[121.949333,10.77187],[121.950043,10.77253],[121.9506,10.77214],[121.951134,10.77264],[121.952171,10.77245],[121.951828,10.77111],[121.952171,10.77034],[121.952591,10.76883],[121.953331,10.76932],[121.953842,10.76807],[121.954453,10.76798],[121.954933,10.76699],[121.954407,10.76632],[121.955177,10.76543],[121.950104,10.7626],[121.948891,10.76375],[121.948578,10.76621],[121.947662,10.7663],[121.947472,10.76567],[121.947029,10.76565],[121.945953,10.76258],[121.943703,10.76218],[121.943192,10.7594],[121.941948,10.75953],[121.94239,10.76054],[121.941391,10.76238],[121.941544,10.77179]]]]}},{"type":"Feature","properties":{"ID_0":177,"ISO":"PHL","NAME_0":"Philippines","ID_1":6006,"NAME_1":"Antique","ID_2":600613,"NAME_2":"San Jose (Capital)","ID_3":600613003,"NAME_3":"Barangay 1","NL_NAME_3":null,"VARNAME_3":null,"TYPE_3":"Barangay","ENGTYPE_3":"Village","PROVINCE":"Antique","REGION":"Region VI (Western Visayas)","id":"barangay-0600613003","name":"Barangay 1","barangayCode":"0600613003","population":null,"formattedPop":null,"densityCategory":"No data","vulnerabilityRating":"No data","healthRiskLevel":"No data","areaKm2":0.242337,"centerLat":10.749173,"centerLng":121.943521,"geometrySource":"barangays.geojson simplified fallback","geometryMatchMethod":"simplified_fallback","boundaryPointCount":4},"geometry":{"type":"Polygon","coordinates":[[[121.94144442400011,10.750907841000071],[121.94631393300006,10.748878585000057],[121.94121800900007,10.746470423000062],[121.94144442400011,10.750907841000071]]]}},{"type":"Feature","properties":{"ID_0":177,"ISO":"PHL","NAME_0":"Philippines","ID_1":6006,"NAME_1":"Antique","ID_2":600613,"NAME_2":"San Jose (Capital)","ID_3":600613004,"NAME_3":"Barangay 2","NL_NAME_3":null,"VARNAME_3":null,"TYPE_3":"Barangay","ENGTYPE_3":"Village","PROVINCE":"Antique","REGION":"Region VI (Western Visayas)","id":"barangay-0600613004","name":"Barangay 2","barangayCode":"0600613004","population":null,"formattedPop":null,"densityCategory":"No data","vulnerabilityRating":"No data","healthRiskLevel":"No data","areaKm2":0.270129,"centerLat":10.750974,"centerLng":121.938448,"geometrySource":"barangays.geojson simplified fallback","geometryMatchMethod":"simplified_fallback","boundaryPointCount":4},"geometry":{"type":"Polygon","coordinates":[[[121.93405914800007,10.75207503200005],[121.94148920700002,10.751828603000035],[121.9412142870001,10.74698025400005],[121.93405914800007,10.75207503200005]]]}},{"type":"Feature","properties":{"ID_0":177,"ISO":"PHL","NAME_0":"Philippines","ID_1":6006,"NAME_1":"Antique","ID_2":600613,"NAME_2":"San Jose (Capital)","ID_3":600613005,"NAME_3":"Barangay 3","NL_NAME_3":null,"VARNAME_3":null,"TYPE_3":"Barangay","ENGTYPE_3":"Village","PROVINCE":"Antique","REGION":"Region VI (Western Visayas)","id":"barangay-0600613005","name":"Barangay 3","barangayCode":"0600613005","population":null,"formattedPop":null,"densityCategory":"No data","vulnerabilityRating":"No data","healthRiskLevel":"No data","areaKm2":0.453275,"centerLat":10.743553,"centerLng":121.935211,"geometrySource":"barangays.geojson simplified fallback","geometryMatchMethod":"simplified_fallback","boundaryPointCount":4},"geometry":{"type":"Polygon","coordinates":[[[121.93089874300006,10.74594567400004],[121.9390910190001,10.743126399000062],[121.93448864800007,10.739439744000038],[121.93089874300006,10.74594567400004]]]}},{"type":"Feature","properties":{"ID_0":177,"ISO":"PHL","NAME_0":"Philippines","ID_1":6006,"NAME_1":"Antique","ID_2":600613,"NAME_2":"San Jose (Capital)","ID_3":600613006,"NAME_3":"Barangay 4","NL_NAME_3":null,"VARNAME_3":null,"TYPE_3":"Barangay","ENGTYPE_3":"Village","PROVINCE":"Antique","REGION":"Region VI (Western Visayas)","id":"barangay-0600613006","name":"Barangay 4","barangayCode":"0600613006","population":null,"formattedPop":null,"densityCategory":"No data","vulnerabilityRating":"No data","healthRiskLevel":"No data","areaKm2":0.261474,"centerLat":10.740442,"centerLng":121.938329,"geometrySource":"barangays.geojson simplified fallback","geometryMatchMethod":"simplified_fallback","boundaryPointCount":4},"geometry":{"type":"Polygon","coordinates":[[[121.93448864800007,10.739439744000038],[121.94165312100006,10.742952332000073],[121.93816181400007,10.736707204000027],[121.93448864800007,10.739439744000038]]]}},{"type":"Feature","properties":{"ID_0":177,"ISO":"PHL","NAME_0":"Philippines","ID_1":6006,"NAME_1":"Antique","ID_2":600613,"NAME_2":"San Jose (Capital)","ID_3":600613007,"NAME_3":"Barangay 5","NL_NAME_3":null,"VARNAME_3":null,"TYPE_3":"Barangay","ENGTYPE_3":"Village","PROVINCE":"Antique","REGION":"Region VI (Western Visayas)","id":"barangay-0600613007","name":"Barangay 5","barangayCode":"0600613007","population":null,"formattedPop":null,"densityCategory":"No data","vulnerabilityRating":"No data","healthRiskLevel":"No data","areaKm2":0.21454,"centerLat":10.746585,"centerLng":121.945493,"geometrySource":"barangays.geojson simplified fallback","geometryMatchMethod":"simplified_fallback","boundaryPointCount":4},"geometry":{"type":"Polygon","coordinates":[[[121.94522958900006,10.748731328000076],[121.94709034100003,10.744705277000037],[121.94195112400007,10.745123276000072],[121.94522958900006,10.748731328000076]]]}},{"type":"Feature","properties":{"ID_0":177,"ISO":"PHL","NAME_0":"Philippines","ID_1":6006,"NAME_1":"Antique","ID_2":600613,"NAME_2":"San Jose (Capital)","ID_3":600613008,"NAME_3":"Barangay 6","NL_NAME_3":null,"VARNAME_3":null,"TYPE_3":"Barangay","ENGTYPE_3":"Village","PROVINCE":"Antique","REGION":"Region VI (Western Visayas)","id":"barangay-0600613008","name":"Barangay 6","barangayCode":"0600613008","population":null,"formattedPop":null,"densityCategory":"No data","vulnerabilityRating":"No data","healthRiskLevel":"No data","areaKm2":0.092518,"centerLat":10.746409,"centerLng":121.939702,"geometrySource":"barangays.geojson simplified fallback","geometryMatchMethod":"simplified_fallback","boundaryPointCount":4},"geometry":{"type":"Polygon","coordinates":[[[121.93744056100002,10.746313808000025],[121.9412142870001,10.74698025400005],[121.94195112400007,10.745123276000072],[121.93744056100002,10.746313808000025]]]}},{"type":"Feature","properties":{"ID_0":177,"ISO":"PHL","NAME_0":"Philippines","ID_1":6006,"NAME_1":"Antique","ID_2":600613,"NAME_2":"San Jose (Capital)","ID_3":600613009,"NAME_3":"Barangay 7","NL_NAME_3":null,"VARNAME_3":null,"TYPE_3":"Barangay","ENGTYPE_3":"Village","PROVINCE":"Antique","REGION":"Region VI (Western Visayas)","id":"barangay-0600613009","name":"Barangay 7","barangayCode":"0600613009","population":null,"formattedPop":null,"densityCategory":"No data","vulnerabilityRating":"No data","healthRiskLevel":"No data","areaKm2":0.065798,"centerLat":10.744314,"centerLng":121.940498,"geometrySource":"barangays.geojson simplified fallback","geometryMatchMethod":"simplified_fallback","boundaryPointCount":4},"geometry":{"type":"Polygon","coordinates":[[[121.93911392100006,10.743865244000062],[121.94195112400007,10.745123276000072],[121.94165312100006,10.742952332000073],[121.93911392100006,10.743865244000062]]]}},{"type":"Feature","properties":{"ID_0":177,"ISO":"PHL","NAME_0":"Philippines","ID_1":6006,"NAME_1":"Antique","ID_2":600613,"NAME_2":"San Jose (Capital)","ID_3":600613010,"NAME_3":"Barangay 8","NL_NAME_3":null,"VARNAME_3":null,"TYPE_3":"Barangay","ENGTYPE_3":"Village","PROVINCE":"Antique","REGION":"Region VI (Western Visayas)","id":"barangay-0600613010","name":"Barangay 8","barangayCode":"0600613010","population":null,"formattedPop":null,"densityCategory":"No data","vulnerabilityRating":"No data","healthRiskLevel":"No data","areaKm2":1.446055,"centerLat":10.742957,"centerLng":121.951448,"geometrySource":"barangays.geojson simplified fallback","geometryMatchMethod":"simplified_fallback","boundaryPointCount":5},"geometry":{"type":"Polygon","coordinates":[[[121.95009800900004,10.751234772000032],[121.95948735700006,10.742409633000022],[121.96045150500004,10.736692186000028],[121.94087426200008,10.739851047000059],[121.95009800900004,10.751234772000032]]]}},{"type":"Feature","properties":{"ID_0":177,"ISO":"PHL","NAME_0":"Philippines","ID_1":6006,"NAME_1":"Antique","ID_2":600613,"NAME_2":"San Jose (Capital)","ID_3":600613011,"NAME_3":"Bariri","NL_NAME_3":null,"VARNAME_3":null,"TYPE_3":"Barangay","ENGTYPE_3":"Village","PROVINCE":"Antique","REGION":"Region VI (Western Visayas)","id":"barangay-0600613011","name":"Bariri","barangayCode":"0600613011","population":null,"formattedPop":null,"densityCategory":"No data","vulnerabilityRating":"No data","healthRiskLevel":"No data","areaKm2":1.782351,"centerLat":10.741725,"centerLng":121.965803,"geometrySource":"all_barangay-2.csv detailed WKT","geometryMatchMethod":"psgc_coordinate_bridge","boundaryPointCount":68},"geometry":{"type":"MultiPolygon","coordinates":[[[[121.960381,10.74862],[121.962868,10.74832],[121.964401,10.74858],[121.966087,10.74863],[121.969917,10.74782],[121.970383,10.74779],[121.974854,10.74519],[121.974258,10.745],[121.97364,10.74484],[121.973221,10.74432],[121.972839,10.74343],[121.972557,10.74265],[121.971733,10.74187],[121.970787,10.74162],[121.970207,10.74187],[121.969872,10.74172],[121.969719,10.7412],[121.969688,10.74114],[121.969208,10.74117],[121.968903,10.74119],[121.968491,10.74078],[121.967819,10.7408],[121.96756,10.74018],[121.967163,10.73989],[121.966621,10.73928],[121.966537,10.73856],[121.966583,10.73786],[121.966362,10.7374],[121.966362,10.73699],[121.966293,10.73666],[121.966164,10.73637],[121.965973,10.73605],[121.965797,10.73578],[121.965477,10.73555],[121.965202,10.73554],[121.964729,10.73576],[121.964241,10.73607],[121.963753,10.73597],[121.963181,10.73553],[121.962624,10.73529],[121.962242,10.73498],[121.961937,10.73444],[121.961327,10.73325],[121.961304,10.73253],[121.961021,10.73194],[121.954369,10.73666],[121.948158,10.74451],[121.94854,10.74494],[121.949074,10.74551],[121.951431,10.74506],[121.952888,10.74343],[121.954208,10.74431],[121.954353,10.74519],[121.955322,10.74519],[121.955757,10.74554],[121.958008,10.74355],[121.958344,10.74427],[121.958908,10.7447],[121.958488,10.74456],[121.95845,10.74522],[121.958748,10.74554],[121.959023,10.74624],[121.958794,10.74688],[121.958397,10.74743],[121.958557,10.7475],[121.958893,10.74797],[121.959488,10.74806],[121.960381,10.74862]]]]}},{"type":"Feature","properties":{"ID_0":177,"ISO":"PHL","NAME_0":"Philippines","ID_1":6006,"NAME_1":"Antique","ID_2":600613,"NAME_2":"San Jose (Capital)","ID_3":600613014,"NAME_3":"Bugarot","NL_NAME_3":null,"VARNAME_3":null,"TYPE_3":"Barangay","ENGTYPE_3":"Village","PROVINCE":"Antique","REGION":"Region VI (Western Visayas)","id":"barangay-0600613014","name":"Bugarot","barangayCode":"0600613014","population":null,"formattedPop":null,"densityCategory":"No data","vulnerabilityRating":"No data","healthRiskLevel":"No data","areaKm2":2.74038,"centerLat":10.754525,"centerLng":121.971731,"geometrySource":"all_barangay-2.csv detailed WKT","geometryMatchMethod":"psgc_coordinate_bridge","boundaryPointCount":53},"geometry":{"type":"MultiPolygon","coordinates":[[[[121.981812,10.7622],[121.977592,10.75903],[121.977287,10.75872],[121.976196,10.75838],[121.975937,10.75753],[121.976471,10.75669],[121.975998,10.75583],[121.975578,10.75554],[121.974991,10.75511],[121.974586,10.75388],[121.974709,10.75344],[121.974663,10.7527],[121.974327,10.75195],[121.983017,10.74695],[121.981079,10.74732],[121.979607,10.74776],[121.978607,10.74772],[121.977402,10.74743],[121.976791,10.7468],[121.975723,10.74628],[121.97538,10.74573],[121.974854,10.74519],[121.970383,10.74779],[121.969917,10.74782],[121.966087,10.74863],[121.964401,10.74858],[121.962868,10.74832],[121.960381,10.74862],[121.964073,10.75129],[121.964653,10.75194],[121.964119,10.75192],[121.964256,10.75264],[121.964752,10.75312],[121.965851,10.75331],[121.966522,10.75382],[121.966003,10.75392],[121.965538,10.754],[121.965408,10.75493],[121.966072,10.7554],[121.965927,10.75697],[121.96476,10.75736],[121.966904,10.75916],[121.967216,10.75981],[121.968658,10.76033],[121.969139,10.76216],[121.969673,10.76238],[121.970039,10.76167],[121.970901,10.76196],[121.97036,10.76434],[121.971672,10.76546],[121.972076,10.76491],[121.980057,10.76515],[121.981812,10.7622]]]]}},{"type":"Feature","properties":{"ID_0":177,"ISO":"PHL","NAME_0":"Philippines","ID_1":6006,"NAME_1":"Antique","ID_2":600613,"NAME_2":"San Jose (Capital)","ID_3":600613015,"NAME_3":"Cansadan","NL_NAME_3":null,"VARNAME_3":null,"TYPE_3":"Barangay","ENGTYPE_3":"Village","PROVINCE":"Antique","REGION":"Region VI (Western Visayas)","id":"barangay-0600613015","name":"Cansadan","barangayCode":"0600613015","population":null,"formattedPop":null,"densityCategory":"No data","vulnerabilityRating":"No data","healthRiskLevel":"No data","areaKm2":2.247658,"centerLat":10.752592,"centerLng":121.955358,"geometrySource":"all_barangay-2.csv detailed WKT","geometryMatchMethod":"psgc_coordinate_bridge","boundaryPointCount":47},"geometry":{"type":"MultiPolygon","coordinates":[[[[121.96476,10.75736],[121.965927,10.75697],[121.966072,10.7554],[121.965408,10.75493],[121.965538,10.754],[121.966003,10.75392],[121.966522,10.75382],[121.965851,10.75331],[121.964752,10.75312],[121.964256,10.75264],[121.964119,10.75192],[121.964653,10.75194],[121.964073,10.75129],[121.960381,10.74862],[121.959488,10.74806],[121.958893,10.74797],[121.958557,10.7475],[121.958397,10.74743],[121.958794,10.74688],[121.959023,10.74624],[121.958748,10.74554],[121.95845,10.74522],[121.958488,10.74456],[121.958908,10.7447],[121.958344,10.74427],[121.958008,10.74355],[121.955757,10.74554],[121.955322,10.74519],[121.954353,10.74519],[121.954208,10.74431],[121.952888,10.74343],[121.951431,10.74506],[121.949074,10.74551],[121.94854,10.74494],[121.945869,10.74864],[121.94339,10.75173],[121.955544,10.7596],[121.956818,10.75814],[121.957443,10.75723],[121.957718,10.75865],[121.958542,10.75849],[121.958817,10.75895],[121.960701,10.75929],[121.961166,10.75852],[121.962227,10.75854],[121.962608,10.75809],[121.96476,10.75736]]]]}},{"type":"Feature","properties":{"ID_0":177,"ISO":"PHL","NAME_0":"Philippines","ID_1":6006,"NAME_1":"Antique","ID_2":600613,"NAME_2":"San Jose (Capital)","ID_3":600613016,"NAME_3":"Durog","NL_NAME_3":null,"VARNAME_3":null,"TYPE_3":"Barangay","ENGTYPE_3":"Village","PROVINCE":"Antique","REGION":"Region VI (Western Visayas)","id":"barangay-0600613016","name":"Durog","barangayCode":"0600613016","population":null,"formattedPop":null,"densityCategory":"No data","vulnerabilityRating":"No data","healthRiskLevel":"No data","areaKm2":3.162526,"centerLat":10.815727,"centerLng":121.958546,"geometrySource":"all_barangay-2.csv detailed WKT","geometryMatchMethod":"psgc_coordinate_bridge","boundaryPointCount":96},"geometry":{"type":"MultiPolygon","coordinates":[[[[121.957207,10.82346],[121.95771,10.82287],[121.958603,10.82273],[121.959503,10.82211],[121.960388,10.8217],[121.960876,10.82147],[121.961662,10.82111],[121.962334,10.82002],[121.962639,10.81965],[121.963593,10.81935],[121.96434,10.81879],[121.965233,10.8187],[121.965691,10.81853],[121.966301,10.81853],[121.966614,10.81856],[121.967087,10.81817],[121.967598,10.81775],[121.968048,10.81748],[121.96859,10.81716],[121.969276,10.81717],[121.97023,10.81703],[121.971657,10.81637],[121.972778,10.81355],[121.972069,10.81127],[121.970459,10.81008],[121.968567,10.80896],[121.968292,10.80848],[121.966972,10.80855],[121.965446,10.80782],[121.963463,10.80738],[121.961769,10.80789],[121.960892,10.80806],[121.958847,10.80878],[121.957153,10.80921],[121.955833,10.811],[121.954292,10.81182],[121.95417,10.81148],[121.953438,10.81154],[121.952713,10.81138],[121.951912,10.81084],[121.951431,10.81075],[121.950157,10.8109],[121.949203,10.81166],[121.948914,10.8117],[121.948647,10.81201],[121.948578,10.8122],[121.948517,10.81235],[121.948723,10.81311],[121.94886,10.81346],[121.948723,10.8138],[121.948471,10.8138],[121.947884,10.8138],[121.947441,10.81425],[121.947159,10.8145],[121.94709,10.81506],[121.947021,10.81561],[121.947067,10.81623],[121.947144,10.81671],[121.947197,10.81699],[121.947487,10.81768],[121.947487,10.81837],[121.947563,10.81865],[121.94783,10.81872],[121.948174,10.81868],[121.948486,10.81872],[121.949043,10.81934],[121.949112,10.81975],[121.949181,10.82024],[121.949112,10.82038],[121.948624,10.82052],[121.948486,10.82128],[121.948486,10.82176],[121.948761,10.82224],[121.948753,10.82261],[121.94902,10.8236],[121.949226,10.82443],[121.949371,10.82477],[121.949654,10.82491],[121.950127,10.82491],[121.95034,10.82477],[121.95076,10.8247],[121.95076,10.82509],[121.950691,10.82523],[121.950668,10.8253],[121.950798,10.82548],[121.950943,10.82527],[121.95137,10.82525],[121.951843,10.82535],[121.952011,10.82532],[121.95282,10.82555],[121.953537,10.82567],[121.954674,10.82538],[121.955589,10.82496],[121.956032,10.82459],[121.956413,10.82387],[121.957207,10.82346]]]]}},{"type":"Feature","properties":{"ID_0":177,"ISO":"PHL","NAME_0":"Philippines","ID_1":6006,"NAME_1":"Antique","ID_2":600613,"NAME_2":"San Jose (Capital)","ID_3":600613017,"NAME_3":"Funda-Dalipe","NL_NAME_3":null,"VARNAME_3":null,"TYPE_3":"Barangay","ENGTYPE_3":"Village","PROVINCE":"Antique","REGION":"Region VI (Western Visayas)","id":"barangay-0600613017","name":"Funda-Dalipe","barangayCode":"0600613017","population":null,"formattedPop":null,"densityCategory":"No data","vulnerabilityRating":"No data","healthRiskLevel":"No data","areaKm2":3.371833,"centerLat":10.763324,"centerLng":121.932825,"geometrySource":"all_barangay-2.csv detailed WKT","geometryMatchMethod":"psgc_coordinate_bridge","boundaryPointCount":68},"geometry":{"type":"MultiPolygon","coordinates":[[[[121.93145,10.77799],[121.931976,10.77764],[121.932152,10.77815],[121.9328,10.77311],[121.933952,10.77311],[121.93412,10.77181],[121.937424,10.77164],[121.937317,10.77064],[121.937698,10.77025],[121.93882,10.77039],[121.941544,10.77179],[121.941391,10.76238],[121.94239,10.76054],[121.941948,10.75953],[121.941162,10.75843],[121.940536,10.75833],[121.940491,10.7573],[121.938522,10.75597],[121.925201,10.75898],[121.9244,10.75961],[121.92437,10.75966],[121.924339,10.75971],[121.924171,10.76024],[121.924026,10.76081],[121.923943,10.76108],[121.923859,10.76134],[121.923637,10.7618],[121.923431,10.76225],[121.92337,10.76276],[121.923347,10.76304],[121.923332,10.7633],[121.923317,10.76365],[121.923309,10.76384],[121.923531,10.76442],[121.92382,10.76494],[121.924156,10.76532],[121.924538,10.76555],[121.92498,10.76573],[121.925407,10.76595],[121.925797,10.76621],[121.926109,10.76654],[121.926376,10.76692],[121.926628,10.76731],[121.926826,10.7677],[121.927063,10.76805],[121.92717,10.76824],[121.927261,10.7684],[121.927437,10.76874],[121.92749,10.76886],[121.927582,10.76913],[121.927773,10.76952],[121.92794,10.76996],[121.928131,10.77043],[121.928352,10.7709],[121.928574,10.77137],[121.928726,10.77182],[121.928909,10.77217],[121.929092,10.77246],[121.929222,10.77278],[121.929382,10.77307],[121.929451,10.77343],[121.929527,10.77381],[121.929733,10.77417],[121.93,10.77456],[121.930267,10.77499],[121.930946,10.77625],[121.931297,10.7775],[121.93145,10.77799]]]]}},{"type":"Feature","properties":{"ID_0":177,"ISO":"PHL","NAME_0":"Philippines","ID_1":6006,"NAME_1":"Antique","ID_2":600613,"NAME_2":"San Jose (Capital)","ID_3":600613018,"NAME_3":"Igbonglo","NL_NAME_3":null,"VARNAME_3":null,"TYPE_3":"Barangay","ENGTYPE_3":"Village","PROVINCE":"Antique","REGION":"Region VI (Western Visayas)","id":"barangay-0600613018","name":"Igbonglo","barangayCode":"0600613018","population":null,"formattedPop":null,"densityCategory":"No data","vulnerabilityRating":"No data","healthRiskLevel":"No data","areaKm2":3.555476,"centerLat":10.783594,"centerLng":121.969866,"geometrySource":"all_barangay-2.csv detailed WKT","geometryMatchMethod":"psgc_coordinate_bridge","boundaryPointCount":25},"geometry":{"type":"MultiPolygon","coordinates":[[[[121.964706,10.79566],[121.967201,10.78906],[121.969612,10.79256],[121.970657,10.7923],[121.972527,10.79351],[121.97348,10.78904],[121.975014,10.77948],[121.975517,10.77684],[121.976028,10.7734],[121.975113,10.77308],[121.968063,10.77504],[121.967499,10.77497],[121.96701,10.77548],[121.966141,10.77524],[121.964684,10.77607],[121.963959,10.77578],[121.963478,10.77709],[121.964882,10.77987],[121.961838,10.78357],[121.961502,10.78475],[121.960854,10.78516],[121.960251,10.79192],[121.961891,10.79213],[121.961906,10.79436],[121.964706,10.79566]]]]}},{"type":"Feature","properties":{"ID_0":177,"ISO":"PHL","NAME_0":"Philippines","ID_1":6006,"NAME_1":"Antique","ID_2":600613,"NAME_2":"San Jose (Capital)","ID_3":600613019,"NAME_3":"Inabasan","NL_NAME_3":null,"VARNAME_3":null,"TYPE_3":"Barangay","ENGTYPE_3":"Village","PROVINCE":"Antique","REGION":"Region VI (Western Visayas)","id":"barangay-0600613019","name":"Inabasan","barangayCode":"0600613019","population":null,"formattedPop":null,"densityCategory":"No data","vulnerabilityRating":"No data","healthRiskLevel":"No data","areaKm2":2.431315,"centerLat":10.75325,"centerLng":121.984576,"geometrySource":"all_barangay-2.csv detailed WKT","geometryMatchMethod":"psgc_coordinate_bridge","boundaryPointCount":27},"geometry":{"type":"MultiPolygon","coordinates":[[[[121.986649,10.76032],[121.993698,10.75741],[122.001556,10.7542],[122.007217,10.75162],[121.997322,10.74526],[121.994499,10.74458],[121.993797,10.74527],[121.992821,10.74567],[121.987343,10.74597],[121.986351,10.74653],[121.984657,10.74694],[121.983818,10.74694],[121.983017,10.74695],[121.974327,10.75195],[121.974663,10.7527],[121.974709,10.75344],[121.974586,10.75388],[121.974991,10.75511],[121.975578,10.75554],[121.975998,10.75583],[121.976471,10.75669],[121.975937,10.75753],[121.976196,10.75838],[121.977287,10.75872],[121.977592,10.75903],[121.981812,10.7622],[121.986649,10.76032]]]]}},{"type":"Feature","properties":{"ID_0":177,"ISO":"PHL","NAME_0":"Philippines","ID_1":6006,"NAME_1":"Antique","ID_2":600613,"NAME_2":"San Jose (Capital)","ID_3":600613020,"NAME_3":"Madrangca","NL_NAME_3":null,"VARNAME_3":null,"TYPE_3":"Barangay","ENGTYPE_3":"Village","PROVINCE":"Antique","REGION":"Region VI (Western Visayas)","id":"barangay-0600613020","name":"Madrangca","barangayCode":"0600613020","population":null,"formattedPop":null,"densityCategory":"No data","vulnerabilityRating":"No data","healthRiskLevel":"No data","areaKm2":0.557814,"centerLat":10.749214,"centerLng":121.934071,"geometrySource":"all_barangay-2.csv detailed WKT","geometryMatchMethod":"psgc_coordinate_bridge","boundaryPointCount":49},"geometry":{"type":"MultiPolygon","coordinates":[[[[121.938522,10.75597],[121.94014,10.75157],[121.9366,10.7514],[121.936394,10.74743],[121.936127,10.74442],[121.931473,10.7441],[121.931351,10.74408],[121.931122,10.74447],[121.930893,10.7449],[121.930717,10.74534],[121.930611,10.74578],[121.93058,10.74624],[121.93058,10.7467],[121.93058,10.74717],[121.930557,10.74762],[121.930557,10.74771],[121.930527,10.74804],[121.930428,10.74841],[121.930481,10.74877],[121.930542,10.74908],[121.93055,10.74937],[121.930183,10.75069],[121.930038,10.75145],[121.929764,10.75193],[121.929413,10.75255],[121.929283,10.75283],[121.928864,10.75311],[121.928581,10.75359],[121.928551,10.75375],[121.928413,10.75406],[121.928307,10.75438],[121.928162,10.7547],[121.928093,10.75481],[121.927963,10.755],[121.927696,10.75531],[121.927406,10.75565],[121.927109,10.75598],[121.926933,10.75642],[121.926727,10.75681],[121.926567,10.75719],[121.926361,10.75751],[121.926109,10.75778],[121.925827,10.75806],[121.925491,10.75836],[121.92511,10.75871],[121.924721,10.75915],[121.9244,10.75961],[121.925201,10.75898],[121.938522,10.75597]]]]}},{"type":"Feature","properties":{"ID_0":177,"ISO":"PHL","NAME_0":"Philippines","ID_1":6006,"NAME_1":"Antique","ID_2":600613,"NAME_2":"San Jose (Capital)","ID_3":600613021,"NAME_3":"Magcalon","NL_NAME_3":null,"VARNAME_3":null,"TYPE_3":"Barangay","ENGTYPE_3":"Village","PROVINCE":"Antique","REGION":"Region VI (Western Visayas)","id":"barangay-0600613021","name":"Magcalon","barangayCode":"0600613021","population":null,"formattedPop":null,"densityCategory":"No data","vulnerabilityRating":"No data","healthRiskLevel":"No data","areaKm2":1.69375,"centerLat":10.782731,"centerLng":121.945449,"geometrySource":"all_barangay-2.csv detailed WKT","geometryMatchMethod":"psgc_coordinate_bridge","boundaryPointCount":59},"geometry":{"type":"MultiPolygon","coordinates":[[[[121.960854,10.78516],[121.961502,10.78475],[121.961838,10.78357],[121.964882,10.77987],[121.963478,10.77709],[121.962692,10.77637],[121.961922,10.77671],[121.961388,10.77671],[121.960587,10.77612],[121.960167,10.77674],[121.95916,10.77692],[121.958427,10.77641],[121.95797,10.77672],[121.957581,10.77766],[121.95681,10.77801],[121.955757,10.77828],[121.954582,10.77719],[121.954247,10.77678],[121.953667,10.77581],[121.953011,10.77555],[121.95134,10.77524],[121.947029,10.77542],[121.943222,10.77988],[121.933296,10.78035],[121.932198,10.78042],[121.932213,10.78049],[121.932358,10.78101],[121.932549,10.78154],[121.932793,10.78212],[121.933037,10.78275],[121.93325,10.78339],[121.933594,10.78389],[121.93383,10.7843],[121.934593,10.78529],[121.935081,10.7857],[121.93557,10.78639],[121.935982,10.78722],[121.936401,10.78784],[121.936958,10.78819],[121.937309,10.78888],[121.937523,10.78936],[121.937866,10.78978],[121.937958,10.78988],[121.938858,10.78977],[121.939323,10.78975],[121.943901,10.7883],[121.945213,10.78683],[121.946503,10.78646],[121.946243,10.78469],[121.946274,10.78403],[121.947403,10.78335],[121.94825,10.78342],[121.950813,10.78255],[121.951927,10.7828],[121.952957,10.78249],[121.954391,10.78242],[121.955757,10.78368],[121.956367,10.78416],[121.960854,10.78516]]]]}},{"type":"Feature","properties":{"ID_0":177,"ISO":"PHL","NAME_0":"Philippines","ID_1":6006,"NAME_1":"Antique","ID_2":600613,"NAME_2":"San Jose (Capital)","ID_3":600613022,"NAME_3":"Malaiba","NL_NAME_3":null,"VARNAME_3":null,"TYPE_3":"Barangay","ENGTYPE_3":"Village","PROVINCE":"Antique","REGION":"Region VI (Western Visayas)","id":"barangay-0600613022","name":"Malaiba","barangayCode":"0600613022","population":null,"formattedPop":null,"densityCategory":"No data","vulnerabilityRating":"No data","healthRiskLevel":"No data","areaKm2":0.14763,"centerLat":10.739964,"centerLng":121.945981,"geometrySource":"all_barangay-2.csv detailed WKT","geometryMatchMethod":"psgc_coordinate_bridge","boundaryPointCount":17},"geometry":{"type":"MultiPolygon","coordinates":[[[[121.943626,10.7396],[121.94368,10.73994],[121.944481,10.74076],[121.945709,10.74137],[121.946701,10.74145],[121.946907,10.74145],[121.949013,10.73844],[121.947433,10.73712],[121.947311,10.73719],[121.947006,10.73736],[121.946854,10.73757],[121.946388,10.73813],[121.9459,10.7384],[121.945198,10.73875],[121.945099,10.73879],[121.944366,10.73909],[121.943626,10.7396]]]]}},{"type":"Feature","properties":{"ID_0":177,"ISO":"PHL","NAME_0":"Philippines","ID_1":6006,"NAME_1":"Antique","ID_2":600613,"NAME_2":"San Jose (Capital)","ID_3":600613023,"NAME_3":"Maybato Norte","NL_NAME_3":null,"VARNAME_3":null,"TYPE_3":"Barangay","ENGTYPE_3":"Village","PROVINCE":"Antique","REGION":"Region VI (Western Visayas)","id":"barangay-0600613023","name":"Maybato Norte","barangayCode":"0600613023","population":null,"formattedPop":null,"densityCategory":"No data","vulnerabilityRating":"No data","healthRiskLevel":"No data","areaKm2":0.869152,"centerLat":10.732184,"centerLng":121.957208,"geometrySource":"all_barangay-2.csv detailed WKT","geometryMatchMethod":"psgc_coordinate_bridge","boundaryPointCount":20},"geometry":{"type":"MultiPolygon","coordinates":[[[[121.954369,10.73666],[121.961021,10.73194],[121.960648,10.73116],[121.960762,10.73075],[121.956673,10.72907],[121.955833,10.72962],[121.95546,10.7292],[121.956734,10.72785],[121.955833,10.72701],[121.955276,10.72746],[121.954788,10.72822],[121.954437,10.72877],[121.954193,10.72905],[121.953499,10.72976],[121.952797,10.73052],[121.952522,10.73107],[121.951828,10.73177],[121.950783,10.73301],[121.950653,10.7333],[121.954369,10.73666]]]]}},{"type":"Feature","properties":{"ID_0":177,"ISO":"PHL","NAME_0":"Philippines","ID_1":6006,"NAME_1":"Antique","ID_2":600613,"NAME_2":"San Jose (Capital)","ID_3":600613024,"NAME_3":"Maybato Sur","NL_NAME_3":null,"VARNAME_3":null,"TYPE_3":"Barangay","ENGTYPE_3":"Village","PROVINCE":"Antique","REGION":"Region VI (Western Visayas)","id":"barangay-0600613024","name":"Maybato Sur","barangayCode":"0600613024","population":null,"formattedPop":null,"densityCategory":"No data","vulnerabilityRating":"No data","healthRiskLevel":"No data","areaKm2":0.433922,"centerLat":10.725995,"centerLng":121.960637,"geometrySource":"all_barangay-2.csv detailed WKT","geometryMatchMethod":"psgc_coordinate_bridge","boundaryPointCount":36},"geometry":{"type":"MultiPolygon","coordinates":[[[[121.955833,10.72701],[121.956734,10.72785],[121.95546,10.7292],[121.955833,10.72962],[121.956673,10.72907],[121.960762,10.73075],[121.959938,10.72817],[121.960381,10.72768],[121.961082,10.72649],[121.96125,10.72601],[121.961441,10.72552],[121.961678,10.72493],[121.9618,10.72432],[121.961937,10.72347],[121.961983,10.72317],[121.96196,10.72242],[121.961769,10.72202],[121.961868,10.72136],[121.961884,10.72063],[121.961739,10.72088],[121.960831,10.72178],[121.960327,10.72228],[121.960022,10.72257],[121.959702,10.72293],[121.959358,10.72329],[121.959,10.72361],[121.958656,10.72391],[121.958351,10.72421],[121.958061,10.72452],[121.957779,10.72482],[121.957497,10.72513],[121.95723,10.72547],[121.956947,10.72584],[121.956657,10.72622],[121.956329,10.7266],[121.955833,10.72701]]]]}},{"type":"Feature","properties":{"ID_0":177,"ISO":"PHL","NAME_0":"Philippines","ID_1":6006,"NAME_1":"Antique","ID_2":600613,"NAME_2":"San Jose (Capital)","ID_3":600613025,"NAME_3":"Mojon","NL_NAME_3":null,"VARNAME_3":null,"TYPE_3":"Barangay","ENGTYPE_3":"Village","PROVINCE":"Antique","REGION":"Region VI (Western Visayas)","id":"barangay-0600613025","name":"Mojon","barangayCode":"0600613025","population":null,"formattedPop":null,"densityCategory":"No data","vulnerabilityRating":"No data","healthRiskLevel":"No data","areaKm2":2.049217,"centerLat":10.787466,"centerLng":121.952016,"geometrySource":"all_barangay-2.csv detailed WKT","geometryMatchMethod":"psgc_coordinate_bridge","boundaryPointCount":35},"geometry":{"type":"MultiPolygon","coordinates":[[[[121.941406,10.79452],[121.941757,10.79404],[121.944771,10.79081],[121.94593,10.79061],[121.949692,10.79192],[121.960251,10.79192],[121.960854,10.78516],[121.956367,10.78416],[121.955757,10.78368],[121.954391,10.78242],[121.952957,10.78249],[121.951927,10.7828],[121.950813,10.78255],[121.94825,10.78342],[121.947403,10.78335],[121.946274,10.78403],[121.946243,10.78469],[121.946503,10.78646],[121.945213,10.78683],[121.943901,10.7883],[121.939323,10.78975],[121.938858,10.78977],[121.937958,10.78988],[121.938713,10.79068],[121.938789,10.79093],[121.939171,10.79128],[121.939613,10.79155],[121.939934,10.7919],[121.940109,10.79229],[121.940277,10.79263],[121.940453,10.79296],[121.940613,10.79332],[121.940857,10.79368],[121.941116,10.79408],[121.941406,10.79452]]]]}},{"type":"Feature","properties":{"ID_0":177,"ISO":"PHL","NAME_0":"Philippines","ID_1":6006,"NAME_1":"Antique","ID_2":600613,"NAME_2":"San Jose (Capital)","ID_3":600613026,"NAME_3":"Pantao","NL_NAME_3":null,"VARNAME_3":null,"TYPE_3":"Barangay","ENGTYPE_3":"Village","PROVINCE":"Antique","REGION":"Region VI (Western Visayas)","id":"barangay-0600613026","name":"Pantao","barangayCode":"0600613026","population":null,"formattedPop":null,"densityCategory":"No data","vulnerabilityRating":"No data","healthRiskLevel":"No data","areaKm2":2.489319,"centerLat":10.801491,"centerLng":121.969018,"geometrySource":"all_barangay-2.csv detailed WKT","geometryMatchMethod":"psgc_coordinate_bridge","boundaryPointCount":23},"geometry":{"type":"MultiPolygon","coordinates":[[[[121.972069,10.81127],[121.971626,10.80925],[121.971237,10.80667],[121.971382,10.80254],[121.971031,10.79859],[121.972527,10.79351],[121.970657,10.7923],[121.969612,10.79256],[121.967201,10.78906],[121.964706,10.79566],[121.964188,10.79788],[121.965477,10.79993],[121.964417,10.80298],[121.965347,10.804],[121.961952,10.80548],[121.961769,10.80789],[121.963463,10.80738],[121.965446,10.80782],[121.966972,10.80855],[121.968292,10.80848],[121.968567,10.80896],[121.970459,10.81008],[121.972069,10.81127]]]]}},{"type":"Feature","properties":{"ID_0":177,"ISO":"PHL","NAME_0":"Philippines","ID_1":6006,"NAME_1":"Antique","ID_2":600613,"NAME_2":"San Jose (Capital)","ID_3":600613027,"NAME_3":"San Angel","NL_NAME_3":null,"VARNAME_3":null,"TYPE_3":"Barangay","ENGTYPE_3":"Village","PROVINCE":"Antique","REGION":"Region VI (Western Visayas)","id":"barangay-0600613027","name":"San Angel","barangayCode":"0600613027","population":null,"formattedPop":null,"densityCategory":"No data","vulnerabilityRating":"No data","healthRiskLevel":"No data","areaKm2":61.450129,"centerLat":10.737152,"centerLng":121.951057,"geometrySource":"all_barangay-2.csv detailed WKT","geometryMatchMethod":"psgc_coordinate_bridge","boundaryPointCount":13},"geometry":{"type":"MultiPolygon","coordinates":[[[[121.948158,10.74451],[121.954369,10.73666],[121.950653,10.7333],[121.950233,10.73419],[121.949738,10.73474],[121.949318,10.73529],[121.948898,10.73598],[121.948059,10.73674],[121.947433,10.73712],[121.949013,10.73844],[121.946907,10.74145],[121.94796,10.7417],[121.948158,10.74451]]]]}},{"type":"Feature","properties":{"ID_0":177,"ISO":"PHL","NAME_0":"Philippines","ID_1":6006,"NAME_1":"Antique","ID_2":600613,"NAME_2":"San Jose (Capital)","ID_3":600613028,"NAME_3":"San Fernando","NL_NAME_3":null,"VARNAME_3":null,"TYPE_3":"Barangay","ENGTYPE_3":"Village","PROVINCE":"Antique","REGION":"Region VI (Western Visayas)","id":"barangay-0600613028","name":"San Fernando","barangayCode":"0600613028","population":null,"formattedPop":null,"densityCategory":"No data","vulnerabilityRating":"No data","healthRiskLevel":"No data","areaKm2":2.703603,"centerLat":10.775789,"centerLng":121.945393,"geometrySource":"all_barangay-2.csv detailed WKT","geometryMatchMethod":"psgc_coordinate_bridge","boundaryPointCount":60},"geometry":{"type":"MultiPolygon","coordinates":[[[[121.93145,10.77799],[121.931648,10.77867],[121.931793,10.77909],[121.931931,10.77929],[121.932083,10.77953],[121.932114,10.78001],[121.932198,10.78042],[121.933296,10.78035],[121.943222,10.77988],[121.947029,10.77542],[121.95134,10.77524],[121.953011,10.77555],[121.953667,10.77581],[121.954247,10.77678],[121.954582,10.77719],[121.955757,10.77828],[121.95681,10.77801],[121.957581,10.77766],[121.95797,10.77672],[121.958427,10.77641],[121.95916,10.77692],[121.960167,10.77674],[121.960587,10.77612],[121.961388,10.77671],[121.961922,10.77671],[121.962692,10.77637],[121.963478,10.77709],[121.963959,10.77578],[121.962151,10.77541],[121.96138,10.7751],[121.960457,10.77402],[121.959747,10.77312],[121.959633,10.77245],[121.958878,10.77198],[121.958473,10.77204],[121.957916,10.77175],[121.955994,10.7705],[121.955147,10.77031],[121.954613,10.7708],[121.954063,10.77038],[121.953598,10.77102],[121.953056,10.77071],[121.952171,10.77034],[121.951828,10.77111],[121.952171,10.77245],[121.951134,10.77264],[121.9506,10.77214],[121.950043,10.77253],[121.949333,10.77187],[121.941544,10.77179],[121.93882,10.77039],[121.937698,10.77025],[121.937317,10.77064],[121.937424,10.77164],[121.93412,10.77181],[121.933952,10.77311],[121.9328,10.77311],[121.932152,10.77815],[121.931976,10.77764],[121.93145,10.77799]]]]}},{"type":"Feature","properties":{"ID_0":177,"ISO":"PHL","NAME_0":"Philippines","ID_1":6006,"NAME_1":"Antique","ID_2":600613,"NAME_2":"San Jose (Capital)","ID_3":600613029,"NAME_3":"San Pedro","NL_NAME_3":null,"VARNAME_3":null,"TYPE_3":"Barangay","ENGTYPE_3":"Village","PROVINCE":"Antique","REGION":"Region VI (Western Visayas)","id":"barangay-0600613029","name":"San Pedro","barangayCode":"0600613029","population":null,"formattedPop":null,"densityCategory":"No data","vulnerabilityRating":"No data","healthRiskLevel":"No data","areaKm2":4.42111,"centerLat":10.80005,"centerLng":121.953415,"geometrySource":"all_barangay-2.csv detailed WKT","geometryMatchMethod":"psgc_coordinate_bridge","boundaryPointCount":72},"geometry":{"type":"MultiPolygon","coordinates":[[[[121.948914,10.8117],[121.949203,10.81166],[121.950157,10.8109],[121.951431,10.81075],[121.951912,10.81084],[121.952713,10.81138],[121.953438,10.81154],[121.95417,10.81148],[121.954292,10.81182],[121.955833,10.811],[121.957153,10.80921],[121.958847,10.80878],[121.960892,10.80806],[121.961769,10.80789],[121.961952,10.80548],[121.965347,10.804],[121.964417,10.80298],[121.965477,10.79993],[121.964188,10.79788],[121.964706,10.79566],[121.961906,10.79436],[121.961891,10.79213],[121.960251,10.79192],[121.949692,10.79192],[121.94593,10.79061],[121.944771,10.79081],[121.941757,10.79404],[121.941406,10.79452],[121.941681,10.79499],[121.941948,10.79549],[121.942192,10.796],[121.942482,10.79645],[121.943527,10.79846],[121.944023,10.79929],[121.944092,10.79998],[121.944511,10.8004],[121.944862,10.80095],[121.944862,10.80185],[121.945,10.80268],[121.945557,10.80323],[121.945686,10.80372],[121.945908,10.80413],[121.946037,10.80462],[121.946136,10.80539],[121.946167,10.80578],[121.946312,10.80618],[121.946411,10.80663],[121.946602,10.80766],[121.947021,10.80828],[121.947159,10.80939],[121.947159,10.80966],[121.947403,10.80993],[121.947403,10.81021],[121.947189,10.81056],[121.946983,10.81097],[121.946701,10.81145],[121.946701,10.8118],[121.946983,10.81173],[121.947327,10.81132],[121.947746,10.81097],[121.947968,10.8108],[121.948097,10.81069],[121.948441,10.81049],[121.94886,10.81021],[121.949142,10.80973],[121.949211,10.80952],[121.949982,10.80945],[121.950188,10.8098],[121.949913,10.81056],[121.949631,10.81111],[121.949013,10.81159],[121.948914,10.8117]]]]}},{"type":"Feature","properties":{"ID_0":177,"ISO":"PHL","NAME_0":"Philippines","ID_1":6006,"NAME_1":"Antique","ID_2":600613,"NAME_2":"San Jose (Capital)","ID_3":600613030,"NAME_3":"Supa","NL_NAME_3":null,"VARNAME_3":null,"TYPE_3":"Barangay","ENGTYPE_3":"Village","PROVINCE":"Antique","REGION":"Region VI (Western Visayas)","id":"barangay-0600613030","name":"Supa","barangayCode":"0600613030","population":null,"formattedPop":null,"densityCategory":"No data","vulnerabilityRating":"No data","healthRiskLevel":"No data","areaKm2":3.706855,"centerLat":10.76635,"centerLng":121.964196,"geometrySource":"all_barangay-2.csv detailed WKT","geometryMatchMethod":"psgc_coordinate_bridge","boundaryPointCount":57},"geometry":{"type":"MultiPolygon","coordinates":[[[[121.963959,10.77578],[121.964684,10.77607],[121.966141,10.77524],[121.96701,10.77548],[121.967499,10.77497],[121.968063,10.77504],[121.975113,10.77308],[121.976028,10.7734],[121.976082,10.77296],[121.980057,10.76515],[121.972076,10.76491],[121.971672,10.76546],[121.97036,10.76434],[121.970901,10.76196],[121.970039,10.76167],[121.969673,10.76238],[121.969139,10.76216],[121.968658,10.76033],[121.967216,10.75981],[121.966904,10.75916],[121.96476,10.75736],[121.962608,10.75809],[121.962227,10.75854],[121.961166,10.75852],[121.960701,10.75929],[121.958817,10.75895],[121.958542,10.75849],[121.957718,10.75865],[121.957443,10.75723],[121.956818,10.75814],[121.955544,10.7596],[121.956444,10.7606],[121.95594,10.76158],[121.956558,10.7627],[121.955177,10.76543],[121.954407,10.76632],[121.954933,10.76699],[121.954453,10.76798],[121.953842,10.76807],[121.953331,10.76932],[121.952591,10.76883],[121.952171,10.77034],[121.953056,10.77071],[121.953598,10.77102],[121.954063,10.77038],[121.954613,10.7708],[121.955147,10.77031],[121.955994,10.7705],[121.957916,10.77175],[121.958473,10.77204],[121.958878,10.77198],[121.959633,10.77245],[121.959747,10.77312],[121.960457,10.77402],[121.96138,10.7751],[121.962151,10.77541],[121.963959,10.77578]]]]}},{"type":"Feature","properties":{"ID_0":177,"ISO":"PHL","NAME_0":"Philippines","ID_1":6006,"NAME_1":"Antique","ID_2":600614,"NAME_2":"San Remigio","ID_3":600614001,"NAME_3":"Agricula","NL_NAME_3":null,"VARNAME_3":null,"TYPE_3":"Barangay","ENGTYPE_3":"Village","PROVINCE":"Antique","REGION":"Region VI (Western Visayas)","id":"barangay-0600614001","name":"Agricula","barangayCode":"0600614001","population":null,"formattedPop":null,"densityCategory":"No data","vulnerabilityRating":"No data","healthRiskLevel":"No data","areaKm2":2.918863,"centerLat":10.849657,"centerLng":122.132838,"geometrySource":"all_barangay-2.csv detailed WKT","geometryMatchMethod":"unique_official_admin_names","boundaryPointCount":22},"geometry":{"type":"MultiPolygon","coordinates":[[[[122.122887,10.85087],[122.127647,10.86088],[122.136757,10.84927],[122.142151,10.84216],[122.139,10.83817],[122.137917,10.83842],[122.136063,10.83982],[122.13475,10.84079],[122.133698,10.8415],[122.132767,10.84264],[122.131653,10.84286],[122.130814,10.84311],[122.130241,10.84393],[122.128723,10.8452],[122.127861,10.84653],[122.128059,10.84773],[122.127541,10.84838],[122.126694,10.84889],[122.125969,10.84946],[122.124481,10.84987],[122.123901,10.85061],[122.122887,10.85087]]]]}},{"type":"Feature","properties":{"ID_0":177,"ISO":"PHL","NAME_0":"Philippines","ID_1":6006,"NAME_1":"Antique","ID_2":600614,"NAME_2":"San Remigio","ID_3":600614002,"NAME_3":"Alegria","NL_NAME_3":null,"VARNAME_3":null,"TYPE_3":"Barangay","ENGTYPE_3":"Village","PROVINCE":"Antique","REGION":"Region VI (Western Visayas)","id":"barangay-0600614002","name":"Alegria","barangayCode":"0600614002","population":null,"formattedPop":null,"densityCategory":"No data","vulnerabilityRating":"No data","healthRiskLevel":"No data","areaKm2":16.741287,"centerLat":10.867652,"centerLng":122.186733,"geometrySource":"all_barangay-2.csv detailed WKT","geometryMatchMethod":"unique_official_admin_names","boundaryPointCount":24},"geometry":{"type":"MultiPolygon","coordinates":[[[[122.163116,10.88454],[122.168213,10.8872],[122.169243,10.88745],[122.170341,10.88731],[122.171593,10.88731],[122.172157,10.88687],[122.173477,10.88706],[122.17511,10.88718],[122.176117,10.88691],[122.177467,10.88688],[122.179733,10.88654],[122.181381,10.88642],[122.183311,10.88614],[122.185181,10.88523],[122.186752,10.88435],[122.18853,10.88262],[122.189659,10.88183],[122.190689,10.88096],[122.226273,10.85174],[122.216232,10.84478],[122.168167,10.86475],[122.150101,10.87507],[122.151604,10.87659],[122.163116,10.88454]]]]}},{"type":"Feature","properties":{"ID_0":177,"ISO":"PHL","NAME_0":"Philippines","ID_1":6006,"NAME_1":"Antique","ID_2":600614,"NAME_2":"San Remigio","ID_3":600614003,"NAME_3":"Aningalan","NL_NAME_3":null,"VARNAME_3":null,"TYPE_3":"Barangay","ENGTYPE_3":"Village","PROVINCE":"Antique","REGION":"Region VI (Western Visayas)","id":"barangay-0600614003","name":"Aningalan","barangayCode":"0600614003","population":null,"formattedPop":null,"densityCategory":"No data","vulnerabilityRating":"No data","healthRiskLevel":"No data","areaKm2":17.242029,"centerLat":10.82196,"centerLng":122.178894,"geometrySource":"all_barangay-2.csv detailed WKT","geometryMatchMethod":"unique_official_admin_names","boundaryPointCount":11},"geometry":{"type":"MultiPolygon","coordinates":[[[[122.216232,10.84478],[122.20089,10.83418],[122.199966,10.81631],[122.167824,10.82041],[122.151817,10.82082],[122.146141,10.82073],[122.15052,10.82329],[122.174622,10.8335],[122.177681,10.83552],[122.180389,10.83813],[122.216232,10.84478]]]]}},{"type":"Feature","properties":{"ID_0":177,"ISO":"PHL","NAME_0":"Philippines","ID_1":6006,"NAME_1":"Antique","ID_2":600614,"NAME_2":"San Remigio","ID_3":600614004,"NAME_3":"Atabay","NL_NAME_3":null,"VARNAME_3":null,"TYPE_3":"Barangay","ENGTYPE_3":"Village","PROVINCE":"Antique","REGION":"Region VI (Western Visayas)","id":"barangay-0600614004","name":"Atabay","barangayCode":"0600614004","population":null,"formattedPop":null,"densityCategory":"No data","vulnerabilityRating":"No data","healthRiskLevel":"No data","areaKm2":6.861578,"centerLat":10.93011,"centerLng":122.130953,"geometrySource":"all_barangay-2.csv detailed WKT","geometryMatchMethod":"unique_official_admin_names","boundaryPointCount":13},"geometry":{"type":"MultiPolygon","coordinates":[[[[122.122681,10.94115],[122.126343,10.94656],[122.12925,10.94919],[122.147377,10.92659],[122.141907,10.91939],[122.130661,10.91294],[122.131119,10.91761],[122.116997,10.92716],[122.118156,10.92955],[122.118896,10.93275],[122.119728,10.9353],[122.12072,10.93746],[122.122681,10.94115]]]]}},{"type":"Feature","properties":{"ID_0":177,"ISO":"PHL","NAME_0":"Philippines","ID_1":6006,"NAME_1":"Antique","ID_2":600614,"NAME_2":"San Remigio","ID_3":600614005,"NAME_3":"Bagumbayan","NL_NAME_3":null,"VARNAME_3":null,"TYPE_3":"Barangay","ENGTYPE_3":"Village","PROVINCE":"Antique","REGION":"Region VI (Western Visayas)","id":"barangay-0600614005","name":"Bagumbayan","barangayCode":"0600614005","population":null,"formattedPop":null,"densityCategory":"No data","vulnerabilityRating":"No data","healthRiskLevel":"No data","areaKm2":1.958827,"centerLat":10.869016,"centerLng":122.128917,"geometrySource":"all_barangay-2.csv detailed WKT","geometryMatchMethod":"unique_official_admin_names","boundaryPointCount":47},"geometry":{"type":"MultiPolygon","coordinates":[[[[122.128822,10.87712],[122.145416,10.87066],[122.144974,10.87003],[122.144234,10.86966],[122.143173,10.86925],[122.14254,10.8687],[122.142067,10.86849],[122.141701,10.86766],[122.141006,10.86713],[122.140251,10.86688],[122.136658,10.85949],[122.141563,10.85469],[122.136757,10.84927],[122.127647,10.86088],[122.132477,10.87002],[122.131577,10.87044],[122.13073,10.87057],[122.128952,10.87122],[122.127083,10.87188],[122.12487,10.87231],[122.122337,10.87226],[122.12075,10.87179],[122.119057,10.87157],[122.116867,10.87132],[122.115578,10.87135],[122.113983,10.87137],[122.11203,10.87148],[122.112122,10.87207],[122.112671,10.87235],[122.113182,10.87253],[122.113678,10.87272],[122.113831,10.873],[122.114594,10.87351],[122.115494,10.87426],[122.116364,10.87478],[122.118149,10.87593],[122.119331,10.87635],[122.120491,10.87598],[122.122093,10.87515],[122.123062,10.87469],[122.12397,10.87479],[122.124542,10.87442],[122.125473,10.87473],[122.126678,10.87513],[122.127777,10.87558],[122.128502,10.87604],[122.128822,10.87712]]]]}},{"type":"Feature","properties":{"ID_0":177,"ISO":"PHL","NAME_0":"Philippines","ID_1":6006,"NAME_1":"Antique","ID_2":600614,"NAME_2":"San Remigio","ID_3":600614006,"NAME_3":"Baladjay","NL_NAME_3":null,"VARNAME_3":null,"TYPE_3":"Barangay","ENGTYPE_3":"Village","PROVINCE":"Antique","REGION":"Region VI (Western Visayas)","id":"barangay-0600614006","name":"Baladjay","barangayCode":"0600614006","population":null,"formattedPop":null,"densityCategory":"No data","vulnerabilityRating":"No data","healthRiskLevel":"No data","areaKm2":0.908886,"centerLat":10.846851,"centerLng":122.08267,"geometrySource":"all_barangay-2.csv detailed WKT","geometryMatchMethod":"unique_official_admin_names","boundaryPointCount":19},"geometry":{"type":"MultiPolygon","coordinates":[[[[122.078148,10.8478],[122.085938,10.85548],[122.08503,10.85058],[122.091003,10.84546],[122.089371,10.84569],[122.088448,10.84565],[122.08728,10.84514],[122.086433,10.84452],[122.085426,10.84373],[122.085114,10.84307],[122.084534,10.84247],[122.084053,10.84226],[122.083763,10.84158],[122.082863,10.84124],[122.082314,10.84091],[122.081718,10.84052],[122.080971,10.83998],[122.079979,10.83915],[122.078148,10.8478]]]]}},{"type":"Feature","properties":{"ID_0":177,"ISO":"PHL","NAME_0":"Philippines","ID_1":6006,"NAME_1":"Antique","ID_2":600614,"NAME_2":"San Remigio","ID_3":600614007,"NAME_3":"Banbanan","NL_NAME_3":null,"VARNAME_3":null,"TYPE_3":"Barangay","ENGTYPE_3":"Village","PROVINCE":"Antique","REGION":"Region VI (Western Visayas)","id":"barangay-0600614007","name":"Banbanan","barangayCode":"0600614007","population":null,"formattedPop":null,"densityCategory":"No data","vulnerabilityRating":"No data","healthRiskLevel":"No data","areaKm2":19.838235,"centerLat":10.960521,"centerLng":122.1867,"geometrySource":"all_barangay-2.csv detailed WKT","geometryMatchMethod":"unique_official_admin_names","boundaryPointCount":42},"geometry":{"type":"MultiPolygon","coordinates":[[[[122.163567,10.97886],[122.17247,10.98521],[122.19722,10.962114],[122.206543,10.95342],[122.206902,10.94102],[122.195427,10.93515],[122.195587,10.92975],[122.195183,10.92926],[122.19458,10.92901],[122.193527,10.92912],[122.192734,10.9293],[122.191566,10.92949],[122.191139,10.92948],[122.190353,10.93002],[122.189911,10.93048],[122.189041,10.93125],[122.188072,10.93152],[122.187309,10.93194],[122.187027,10.93269],[122.187271,10.93351],[122.187447,10.93401],[122.18737,10.93496],[122.187149,10.93588],[122.186638,10.93616],[122.18602,10.93584],[122.18602,10.93528],[122.185753,10.93466],[122.185127,10.93387],[122.184517,10.93311],[122.183746,10.93253],[122.183113,10.93195],[122.182167,10.93135],[122.181671,10.93148],[122.181519,10.93219],[122.180771,10.93246],[122.178596,10.93443],[122.174973,10.93775],[122.174507,10.93816],[122.172577,10.93993],[122.17691,10.95588],[122.173294,10.962114],[122.163567,10.97886]]]]}},{"type":"Feature","properties":{"ID_0":177,"ISO":"PHL","NAME_0":"Philippines","ID_1":6006,"NAME_1":"Antique","ID_2":600614,"NAME_2":"San Remigio","ID_3":600614008,"NAME_3":"Barangbang","NL_NAME_3":null,"VARNAME_3":null,"TYPE_3":"Barangay","ENGTYPE_3":"Village","PROVINCE":"Antique","REGION":"Region VI (Western Visayas)","id":"barangay-0600614008","name":"Barangbang","barangayCode":"0600614008","population":null,"formattedPop":null,"densityCategory":"No data","vulnerabilityRating":"No data","healthRiskLevel":"No data","areaKm2":2.211831,"centerLat":10.826542,"centerLng":122.061428,"geometrySource":"all_barangay-2.csv detailed WKT","geometryMatchMethod":"unique_official_admin_names","boundaryPointCount":18},"geometry":{"type":"MultiPolygon","coordinates":[[[[122.075546,10.82741],[122.063293,10.81954],[122.052177,10.82623],[122.052711,10.82697],[122.052856,10.82753],[122.053352,10.82824],[122.053879,10.82888],[122.054031,10.82978],[122.055,10.83139],[122.056282,10.83238],[122.057716,10.83257],[122.060272,10.83362],[122.062012,10.83418],[122.063652,10.83502],[122.065536,10.83593],[122.067787,10.83688],[122.070084,10.83772],[122.075546,10.82741]]]]}},{"type":"Feature","properties":{"ID_0":177,"ISO":"PHL","NAME_0":"Philippines","ID_1":6006,"NAME_1":"Antique","ID_2":600614,"NAME_2":"San Remigio","ID_3":600614009,"NAME_3":"Bawang","NL_NAME_3":null,"VARNAME_3":null,"TYPE_3":"Barangay","ENGTYPE_3":"Village","PROVINCE":"Antique","REGION":"Region VI (Western Visayas)","id":"barangay-0600614009","name":"Bawang","barangayCode":"0600614009","population":null,"formattedPop":null,"densityCategory":"No data","vulnerabilityRating":"No data","healthRiskLevel":"No data","areaKm2":17.5833,"centerLat":10.951266,"centerLng":122.153752,"geometrySource":"all_barangay-2.csv detailed WKT","geometryMatchMethod":"unique_official_admin_names","boundaryPointCount":18},"geometry":{"type":"MultiPolygon","coordinates":[[[[122.15448,10.97203],[122.159767,10.9758],[122.163567,10.97886],[122.173294,10.962114],[122.17691,10.95588],[122.172577,10.93993],[122.147377,10.92659],[122.12925,10.94919],[122.130318,10.95055],[122.131653,10.95438],[122.132057,10.95671],[122.132683,10.95745],[122.133247,10.95894],[122.136299,10.96142],[122.137398,10.962114],[122.139732,10.96359],[122.151299,10.969],[122.15448,10.97203]]]]}},{"type":"Feature","properties":{"ID_0":177,"ISO":"PHL","NAME_0":"Philippines","ID_1":6006,"NAME_1":"Antique","ID_2":600614,"NAME_2":"San Remigio","ID_3":600614010,"NAME_3":"Bugo","NL_NAME_3":null,"VARNAME_3":null,"TYPE_3":"Barangay","ENGTYPE_3":"Village","PROVINCE":"Antique","REGION":"Region VI (Western Visayas)","id":"barangay-0600614010","name":"Bugo","barangayCode":"0600614010","population":null,"formattedPop":null,"densityCategory":"No data","vulnerabilityRating":"No data","healthRiskLevel":"No data","areaKm2":7.351522,"centerLat":10.88474,"centerLng":122.11887,"geometrySource":"all_barangay-2.csv detailed WKT","geometryMatchMethod":"unique_official_admin_names","boundaryPointCount":46},"geometry":{"type":"MultiPolygon","coordinates":[[[[122.127457,10.90486],[122.144142,10.89534],[122.141983,10.88991],[122.133743,10.8881],[122.133728,10.88696],[122.133057,10.88431],[122.133049,10.88242],[122.132599,10.8809],[122.130608,10.87844],[122.128822,10.87712],[122.128502,10.87604],[122.127777,10.87558],[122.126678,10.87513],[122.125473,10.87473],[122.124542,10.87442],[122.12397,10.87479],[122.123062,10.87469],[122.122093,10.87515],[122.120491,10.87598],[122.119331,10.87635],[122.118149,10.87593],[122.116364,10.87478],[122.115494,10.87426],[122.114594,10.87351],[122.113831,10.873],[122.113678,10.87272],[122.113182,10.87253],[122.112671,10.87235],[122.112122,10.87207],[122.11171,10.87187],[122.110611,10.87211],[122.109192,10.87262],[122.108078,10.87368],[122.108383,10.87486],[122.107727,10.87549],[122.107147,10.87665],[122.106171,10.87766],[122.105049,10.87903],[122.104172,10.88073],[122.103233,10.88198],[122.102364,10.88444],[122.102158,10.88783],[122.105942,10.89123],[122.111267,10.8952],[122.124802,10.9022],[122.127457,10.90486]]]]}},{"type":"Feature","properties":{"ID_0":177,"ISO":"PHL","NAME_0":"Philippines","ID_1":6006,"NAME_1":"Antique","ID_2":600614,"NAME_2":"San Remigio","ID_3":600614011,"NAME_3":"Bulan-bulan","NL_NAME_3":null,"VARNAME_3":null,"TYPE_3":"Barangay","ENGTYPE_3":"Village","PROVINCE":"Antique","REGION":"Region VI (Western Visayas)","id":"barangay-0600614011","name":"Bulan-bulan","barangayCode":"0600614011","population":null,"formattedPop":null,"densityCategory":"No data","vulnerabilityRating":"No data","healthRiskLevel":"No data","areaKm2":11.892256,"centerLat":10.887625,"centerLng":122.198792,"geometrySource":"all_barangay-2.csv detailed WKT","geometryMatchMethod":"unique_official_admin_names","boundaryPointCount":79},"geometry":{"type":"MultiPolygon","coordinates":[[[[122.197258,10.90819],[122.20903,10.90933],[122.209137,10.90874],[122.209244,10.90809],[122.209663,10.908],[122.21022,10.90848],[122.210693,10.90856],[122.211197,10.9084],[122.211273,10.90776],[122.211838,10.90754],[122.212982,10.90712],[122.213188,10.90582],[122.213463,10.90502],[122.21386,10.90475],[122.214478,10.90407],[122.214722,10.90396],[122.215202,10.90321],[122.214767,10.90257],[122.214439,10.90198],[122.21389,10.90159],[122.213158,10.90135],[122.212921,10.90105],[122.212883,10.90079],[122.213463,10.90042],[122.214172,10.90048],[122.214561,10.9003],[122.214607,10.89916],[122.214363,10.89846],[122.214333,10.89761],[122.214157,10.89724],[122.214127,10.89666],[122.214127,10.89539],[122.214073,10.89456],[122.213997,10.89392],[122.214432,10.89215],[122.21479,10.89094],[122.214981,10.88949],[122.214653,10.88871],[122.21434,10.88822],[122.214417,10.88743],[122.21418,10.88628],[122.213737,10.88618],[122.213257,10.88556],[122.212486,10.88507],[122.211746,10.88456],[122.211128,10.88353],[122.210869,10.88272],[122.210747,10.88164],[122.21067,10.88081],[122.210876,10.87983],[122.211441,10.8783],[122.211884,10.87795],[122.212334,10.87704],[122.212608,10.87575],[122.213608,10.87498],[122.214272,10.87428],[122.214417,10.87329],[122.214157,10.87248],[122.213943,10.87119],[122.226273,10.85174],[122.190689,10.88096],[122.189659,10.88183],[122.18853,10.88262],[122.186752,10.88435],[122.185181,10.88523],[122.183311,10.88614],[122.181381,10.88642],[122.179733,10.88654],[122.177467,10.88688],[122.176117,10.88691],[122.17511,10.88718],[122.173477,10.88706],[122.172157,10.88687],[122.171593,10.88731],[122.170341,10.88731],[122.169243,10.88745],[122.168213,10.8872],[122.179169,10.89368],[122.197258,10.90819]]]]}},{"type":"Feature","properties":{"ID_0":177,"ISO":"PHL","NAME_0":"Philippines","ID_1":6006,"NAME_1":"Antique","ID_2":600614,"NAME_2":"San Remigio","ID_3":600614012,"NAME_3":"Cabiawan","NL_NAME_3":null,"VARNAME_3":null,"TYPE_3":"Barangay","ENGTYPE_3":"Village","PROVINCE":"Antique","REGION":"Region VI (Western Visayas)","id":"barangay-0600614012","name":"Cabiawan","barangayCode":"0600614012","population":null,"formattedPop":null,"densityCategory":"No data","vulnerabilityRating":"No data","healthRiskLevel":"No data","areaKm2":1.355862,"centerLat":10.849733,"centerLng":122.110268,"geometrySource":"all_barangay-2.csv detailed WKT","geometryMatchMethod":"unique_official_admin_names","boundaryPointCount":22},"geometry":{"type":"MultiPolygon","coordinates":[[[[122.103241,10.85547],[122.103706,10.85536],[122.104607,10.85551],[122.105667,10.85578],[122.106827,10.85635],[122.107384,10.85712],[122.10804,10.85776],[122.108948,10.85784],[122.10952,10.85757],[122.110207,10.85584],[122.110786,10.85339],[122.11142,10.85152],[122.112793,10.84993],[122.113937,10.8496],[122.115196,10.84902],[122.116478,10.84813],[122.118294,10.8454],[122.11937,10.84449],[122.121643,10.84822],[122.125557,10.84426],[122.118584,10.83845],[122.103241,10.85547]]]]}},{"type":"Feature","properties":{"ID_0":177,"ISO":"PHL","NAME_0":"Philippines","ID_1":6006,"NAME_1":"Antique","ID_2":600614,"NAME_2":"San Remigio","ID_3":600614013,"NAME_3":"Cabunga-an","NL_NAME_3":null,"VARNAME_3":null,"TYPE_3":"Barangay","ENGTYPE_3":"Village","PROVINCE":"Antique","REGION":"Region VI (Western Visayas)","id":"barangay-0600614013","name":"Cabunga-an","barangayCode":"0600614013","population":null,"formattedPop":null,"densityCategory":"No data","vulnerabilityRating":"No data","healthRiskLevel":"No data","areaKm2":5.0644,"centerLat":10.863168,"centerLng":122.14953,"geometrySource":"all_barangay-2.csv detailed WKT","geometryMatchMethod":"unique_official_admin_names","boundaryPointCount":22},"geometry":{"type":"MultiPolygon","coordinates":[[[[122.150101,10.87507],[122.168167,10.86475],[122.159683,10.85888],[122.156647,10.857],[122.152496,10.85465],[122.146042,10.85074],[122.141563,10.85469],[122.136658,10.85949],[122.140251,10.86688],[122.141006,10.86713],[122.141701,10.86766],[122.142067,10.86849],[122.14254,10.8687],[122.143173,10.86925],[122.144234,10.86966],[122.144974,10.87003],[122.145416,10.87066],[122.146103,10.87108],[122.147179,10.87201],[122.148087,10.87341],[122.149307,10.8746],[122.150101,10.87507]]]]}},{"type":"Feature","properties":{"ID_0":177,"ISO":"PHL","NAME_0":"Philippines","ID_1":6006,"NAME_1":"Antique","ID_2":600614,"NAME_2":"San Remigio","ID_3":600614014,"NAME_3":"Cadolonan","NL_NAME_3":null,"VARNAME_3":null,"TYPE_3":"Barangay","ENGTYPE_3":"Village","PROVINCE":"Antique","REGION":"Region VI (Western Visayas)","id":"barangay-0600614014","name":"Cadolonan","barangayCode":"0600614014","population":null,"formattedPop":null,"densityCategory":"No data","vulnerabilityRating":"No data","healthRiskLevel":"No data","areaKm2":2.949902,"centerLat":10.81707,"centerLng":122.05373,"geometrySource":"all_barangay-2.csv detailed WKT","geometryMatchMethod":"unique_official_admin_names","boundaryPointCount":14},"geometry":{"type":"MultiPolygon","coordinates":[[[[122.042503,10.82038],[122.042801,10.82106],[122.0439,10.8215],[122.045883,10.82238],[122.04776,10.82349],[122.048683,10.82403],[122.050034,10.82467],[122.051331,10.82549],[122.052177,10.82623],[122.063293,10.81954],[122.06485,10.81066],[122.060913,10.81238],[122.05854,10.81361],[122.042503,10.82038]]]]}},{"type":"Feature","properties":{"ID_0":177,"ISO":"PHL","NAME_0":"Philippines","ID_1":6006,"NAME_1":"Antique","ID_2":600614,"NAME_2":"San Remigio","ID_3":600614015,"NAME_3":"Poblacion","NL_NAME_3":null,"VARNAME_3":null,"TYPE_3":"Barangay","ENGTYPE_3":"Village","PROVINCE":"Antique","REGION":"Region VI (Western Visayas)","id":"barangay-0600614015","name":"Poblacion","barangayCode":"0600614015","population":null,"formattedPop":null,"densityCategory":"No data","vulnerabilityRating":"No data","healthRiskLevel":"No data","areaKm2":6.876771,"centerLat":10.823779,"centerLng":122.094043,"geometrySource":"barangays.geojson simplified fallback","geometryMatchMethod":"simplified_fallback","boundaryPointCount":7},"geometry":{"type":"Polygon","coordinates":[[[122.08362358800002,10.841922684000053],[122.0935945120001,10.82748863200004],[122.11073051100004,10.830434351000065],[122.1174284650001,10.821921907000046],[122.08853042900012,10.808629954000025],[122.08039703200006,10.826648223000063],[122.08362358800002,10.841922684000053]]]}},{"type":"Feature","properties":{"ID_0":177,"ISO":"PHL","NAME_0":"Philippines","ID_1":6006,"NAME_1":"Antique","ID_2":600614,"NAME_2":"San Remigio","ID_3":600614016,"NAME_3":"Carawisan I","NL_NAME_3":null,"VARNAME_3":null,"TYPE_3":"Barangay","ENGTYPE_3":"Village","PROVINCE":"Antique","REGION":"Region VI (Western Visayas)","id":"barangay-0600614016","name":"Carawisan I","barangayCode":"0600614016","population":null,"formattedPop":null,"densityCategory":"No data","vulnerabilityRating":"No data","healthRiskLevel":"No data","areaKm2":6.219864,"centerLat":10.850041,"centerLng":122.051173,"geometrySource":"all_barangay-2.csv detailed WKT","geometryMatchMethod":"unique_official_admin_names","boundaryPointCount":87},"geometry":{"type":"MultiPolygon","coordinates":[[[[122.064667,10.86193],[122.065063,10.85746],[122.063766,10.8568],[122.063057,10.85566],[122.062424,10.85461],[122.062187,10.85356],[122.061394,10.85217],[122.060753,10.85155],[122.060471,10.85036],[122.059853,10.84989],[122.058701,10.84954],[122.05825,10.84876],[122.057671,10.84809],[122.05735,10.84746],[122.057541,10.84652],[122.057472,10.84568],[122.056671,10.84464],[122.056572,10.84393],[122.055832,10.84334],[122.055809,10.84278],[122.055634,10.8417],[122.055077,10.84122],[122.054199,10.84034],[122.053993,10.8397],[122.053299,10.83953],[122.052872,10.83817],[122.052193,10.83748],[122.051338,10.83732],[122.050728,10.83663],[122.050377,10.83624],[122.049629,10.83563],[122.048523,10.83456],[122.047913,10.83316],[122.048058,10.8312],[122.048172,10.83031],[122.047958,10.82922],[122.048843,10.82812],[122.048759,10.82693],[122.047684,10.82601],[122.046097,10.82565],[122.044662,10.82521],[122.044258,10.82438],[122.043022,10.82381],[122.042519,10.82221],[122.042038,10.8215],[122.041748,10.82069],[122.041183,10.82109],[122.04023,10.82144],[122.039818,10.82206],[122.039551,10.82257],[122.038551,10.82305],[122.038521,10.8236],[122.038254,10.82401],[122.037323,10.82471],[122.036583,10.82543],[122.03656,10.82614],[122.036942,10.82681],[122.037407,10.82784],[122.036797,10.82875],[122.035873,10.82877],[122.035103,10.82865],[122.034157,10.82907],[122.033363,10.82975],[122.03228,10.83144],[122.031929,10.8327],[122.031853,10.83401],[122.031029,10.83558],[122.028526,10.83825],[122.029297,10.83899],[122.029068,10.83972],[122.028557,10.84014],[122.028168,10.84068],[122.028633,10.84136],[122.029167,10.84061],[122.029869,10.84069],[122.030052,10.84115],[122.030251,10.84156],[122.031128,10.84181],[122.031738,10.84201],[122.031937,10.84227],[122.031914,10.84272],[122.041458,10.84366],[122.042503,10.85036],[122.045151,10.85206],[122.050179,10.85683],[122.052437,10.86239],[122.064667,10.86193]]]]}},{"type":"Feature","properties":{"ID_0":177,"ISO":"PHL","NAME_0":"Philippines","ID_1":6006,"NAME_1":"Antique","ID_2":600614,"NAME_2":"San Remigio","ID_3":600614017,"NAME_3":"Carawisan II","NL_NAME_3":null,"VARNAME_3":null,"TYPE_3":"Barangay","ENGTYPE_3":"Village","PROVINCE":"Antique","REGION":"Region VI (Western Visayas)","id":"barangay-0600614017","name":"Carawisan II","barangayCode":"0600614017","population":null,"formattedPop":null,"densityCategory":"No data","vulnerabilityRating":"No data","healthRiskLevel":"No data","areaKm2":4.347749,"centerLat":10.835674,"centerLng":122.054053,"geometrySource":"all_barangay-2.csv detailed WKT","geometryMatchMethod":"unique_official_admin_names","boundaryPointCount":72},"geometry":{"type":"MultiPolygon","coordinates":[[[[122.065063,10.85746],[122.069237,10.84398],[122.070374,10.83865],[122.070686,10.83797],[122.070084,10.83772],[122.067787,10.83688],[122.065536,10.83593],[122.063652,10.83502],[122.062012,10.83418],[122.060272,10.83362],[122.057716,10.83257],[122.056282,10.83238],[122.055,10.83139],[122.054031,10.82978],[122.053879,10.82888],[122.053352,10.82824],[122.052856,10.82753],[122.052711,10.82697],[122.052177,10.82623],[122.051331,10.82549],[122.050034,10.82467],[122.048683,10.82403],[122.04776,10.82349],[122.045883,10.82238],[122.0439,10.8215],[122.042801,10.82106],[122.042503,10.82038],[122.041748,10.82069],[122.042038,10.8215],[122.042519,10.82221],[122.043022,10.82381],[122.044258,10.82438],[122.044662,10.82521],[122.046097,10.82565],[122.047684,10.82601],[122.048759,10.82693],[122.048843,10.82812],[122.047958,10.82922],[122.048172,10.83031],[122.048058,10.8312],[122.047913,10.83316],[122.048523,10.83456],[122.049629,10.83563],[122.050377,10.83624],[122.050728,10.83663],[122.051338,10.83732],[122.052193,10.83748],[122.052872,10.83817],[122.053299,10.83953],[122.053993,10.8397],[122.054199,10.84034],[122.055077,10.84122],[122.055634,10.8417],[122.055809,10.84278],[122.055832,10.84334],[122.056572,10.84393],[122.056671,10.84464],[122.057472,10.84568],[122.057541,10.84652],[122.05735,10.84746],[122.057671,10.84809],[122.05825,10.84876],[122.058701,10.84954],[122.059853,10.84989],[122.060471,10.85036],[122.060753,10.85155],[122.061394,10.85217],[122.062187,10.85356],[122.062424,10.85461],[122.063057,10.85566],[122.063766,10.8568],[122.065063,10.85746]]]]}},{"type":"Feature","properties":{"ID_0":177,"ISO":"PHL","NAME_0":"Philippines","ID_1":6006,"NAME_1":"Antique","ID_2":600614,"NAME_2":"San Remigio","ID_3":600614018,"NAME_3":"Carmelo I","NL_NAME_3":null,"VARNAME_3":null,"TYPE_3":"Barangay","ENGTYPE_3":"Village","PROVINCE":"Antique","REGION":"Region VI (Western Visayas)","id":"barangay-0600614018","name":"Carmelo I","barangayCode":"0600614018","population":null,"formattedPop":null,"densityCategory":"No data","vulnerabilityRating":"No data","healthRiskLevel":"No data","areaKm2":3.169397,"centerLat":10.854578,"centerLng":122.029544,"geometrySource":"all_barangay-2.csv detailed WKT","geometryMatchMethod":"unique_official_admin_names","boundaryPointCount":39},"geometry":{"type":"MultiPolygon","coordinates":[[[[122.045151,10.85206],[122.042503,10.85036],[122.041458,10.84366],[122.031914,10.84272],[122.031258,10.84351],[122.031097,10.84454],[122.031403,10.84501],[122.032204,10.84534],[122.032661,10.84554],[122.033012,10.84586],[122.032951,10.84626],[122.032181,10.84668],[122.031517,10.84738],[122.031273,10.84815],[122.031326,10.84855],[122.031349,10.84924],[122.030579,10.85032],[122.030457,10.851],[122.03054,10.85167],[122.030724,10.85224],[122.031097,10.85343],[122.030586,10.85365],[122.030067,10.85415],[122.029762,10.85467],[122.029404,10.85542],[122.029678,10.85591],[122.030296,10.85611],[122.030998,10.85662],[122.0308,10.85723],[122.030937,10.85764],[122.031647,10.85818],[122.032127,10.85907],[122.032806,10.8598],[122.033577,10.85967],[122.034447,10.85991],[122.035332,10.85983],[122.035744,10.8599],[122.040077,10.85623],[122.045151,10.85206]]]]}},{"type":"Feature","properties":{"ID_0":177,"ISO":"PHL","NAME_0":"Philippines","ID_1":6006,"NAME_1":"Antique","ID_2":600614,"NAME_2":"San Remigio","ID_3":600614019,"NAME_3":"Carmelo II","NL_NAME_3":null,"VARNAME_3":null,"TYPE_3":"Barangay","ENGTYPE_3":"Village","PROVINCE":"Antique","REGION":"Region VI (Western Visayas)","id":"barangay-0600614019","name":"Carmelo II","barangayCode":"0600614019","population":null,"formattedPop":null,"densityCategory":"No data","vulnerabilityRating":"No data","healthRiskLevel":"No data","areaKm2":3.952875,"centerLat":10.863765,"centerLng":122.035362,"geometrySource":"all_barangay-2.csv detailed WKT","geometryMatchMethod":"unique_official_admin_names","boundaryPointCount":23},"geometry":{"type":"MultiPolygon","coordinates":[[[[122.052437,10.86239],[122.050179,10.85683],[122.045151,10.85206],[122.040077,10.85623],[122.035744,10.8599],[122.036217,10.86033],[122.036461,10.86094],[122.036461,10.86114],[122.036423,10.86183],[122.036903,10.86243],[122.037437,10.8629],[122.037819,10.86357],[122.037827,10.86438],[122.038147,10.86479],[122.038048,10.8658],[122.038383,10.86624],[122.039063,10.86679],[122.039558,10.86731],[122.039864,10.86808],[122.041344,10.86817],[122.046257,10.86558],[122.050941,10.86369],[122.052437,10.86239]]]]}},{"type":"Feature","properties":{"ID_0":177,"ISO":"PHL","NAME_0":"Philippines","ID_1":6006,"NAME_1":"Antique","ID_2":600614,"NAME_2":"San Remigio","ID_3":600614020,"NAME_3":"General Fullon","NL_NAME_3":null,"VARNAME_3":null,"TYPE_3":"Barangay","ENGTYPE_3":"Village","PROVINCE":"Antique","REGION":"Region VI (Western Visayas)","id":"barangay-0600614020","name":"General Fullon","barangayCode":"0600614020","population":null,"formattedPop":null,"densityCategory":"No data","vulnerabilityRating":"No data","healthRiskLevel":"No data","areaKm2":22.574092,"centerLat":10.985776,"centerLng":122.215669,"geometrySource":"all_barangay-2.csv detailed WKT","geometryMatchMethod":"unique_official_admin_names","boundaryPointCount":17},"geometry":{"type":"MultiPolygon","coordinates":[[[[122.193047,11.00121],[122.19648,11.00346],[122.199471,11.00542],[122.20462,11.0079],[122.208214,11.00908],[122.211067,11.00935],[122.213463,11.00929],[122.216072,11.00852],[122.222343,11.00424],[122.257294,10.98346],[122.231857,10.97432],[122.217072,10.962114],[122.206543,10.95342],[122.19722,10.962114],[122.17247,10.98521],[122.17778,10.98959],[122.193047,11.00121]]]]}},{"type":"Feature","properties":{"ID_0":177,"ISO":"PHL","NAME_0":"Philippines","ID_1":6006,"NAME_1":"Antique","ID_2":600614,"NAME_2":"San Remigio","ID_3":600614021,"NAME_3":"General Luna","NL_NAME_3":null,"VARNAME_3":null,"TYPE_3":"Barangay","ENGTYPE_3":"Village","PROVINCE":"Antique","REGION":"Region VI (Western Visayas)","id":"barangay-0600614021","name":"General Luna","barangayCode":"0600614021","population":null,"formattedPop":null,"densityCategory":"No data","vulnerabilityRating":"No data","healthRiskLevel":"No data","areaKm2":7.6124,"centerLat":10.865584,"centerLng":122.076829,"geometrySource":"all_barangay-2.csv detailed WKT","geometryMatchMethod":"unique_official_admin_names","boundaryPointCount":12},"geometry":{"type":"MultiPolygon","coordinates":[[[[122.084511,10.89609],[122.087982,10.86648],[122.085938,10.85548],[122.078148,10.8478],[122.069237,10.84398],[122.065063,10.85746],[122.064667,10.86193],[122.066948,10.86386],[122.06881,10.86546],[122.070442,10.86773],[122.08181,10.88857],[122.084511,10.89609]]]]}},{"type":"Feature","properties":{"ID_0":177,"ISO":"PHL","NAME_0":"Philippines","ID_1":6006,"NAME_1":"Antique","ID_2":600614,"NAME_2":"San Remigio","ID_3":600614022,"NAME_3":"Orquia","NL_NAME_3":null,"VARNAME_3":null,"TYPE_3":"Barangay","ENGTYPE_3":"Village","PROVINCE":"Antique","REGION":"Region VI (Western Visayas)","id":"barangay-0600614022","name":"Orquia","barangayCode":"0600614022","population":null,"formattedPop":null,"densityCategory":"No data","vulnerabilityRating":"No data","healthRiskLevel":"No data","areaKm2":7.059083,"centerLat":10.924126,"centerLng":122.163019,"geometrySource":"all_barangay-2.csv detailed WKT","geometryMatchMethod":"unique_official_admin_names","boundaryPointCount":51},"geometry":{"type":"MultiPolygon","coordinates":[[[[122.172577,10.93993],[122.174507,10.93816],[122.174973,10.93775],[122.178596,10.93443],[122.180771,10.93246],[122.180344,10.93205],[122.180183,10.93155],[122.179832,10.93079],[122.179588,10.92992],[122.179039,10.92915],[122.178543,10.92941],[122.177971,10.92963],[122.177391,10.92918],[122.177277,10.92854],[122.177483,10.92793],[122.177353,10.92733],[122.176697,10.9271],[122.176132,10.92729],[122.175369,10.92785],[122.174896,10.92773],[122.174133,10.92751],[122.174301,10.92633],[122.174927,10.9258],[122.175369,10.92535],[122.175484,10.92442],[122.174896,10.92392],[122.174294,10.92335],[122.17382,10.9222],[122.173409,10.92153],[122.172531,10.92064],[122.17218,10.91957],[122.171867,10.91874],[122.1707,10.91819],[122.16935,10.91801],[122.168892,10.91676],[122.168472,10.91561],[122.167549,10.91461],[122.166603,10.91365],[122.16555,10.9127],[122.164597,10.91187],[122.163933,10.91084],[122.162872,10.90992],[122.161972,10.90914],[122.160881,10.90856],[122.159492,10.90869],[122.157944,10.90898],[122.157059,10.90942],[122.15564,10.91032],[122.154266,10.91089],[122.147377,10.92659],[122.172577,10.93993]]]]}},{"type":"Feature","properties":{"ID_0":177,"ISO":"PHL","NAME_0":"Philippines","ID_1":6006,"NAME_1":"Antique","ID_2":600614,"NAME_2":"San Remigio","ID_3":600614023,"NAME_3":"Iguirindon","NL_NAME_3":null,"VARNAME_3":null,"TYPE_3":"Barangay","ENGTYPE_3":"Village","PROVINCE":"Antique","REGION":"Region VI (Western Visayas)","id":"barangay-0600614023","name":"Iguirindon","barangayCode":"0600614023","population":null,"formattedPop":null,"densityCategory":"No data","vulnerabilityRating":"No data","healthRiskLevel":"No data","areaKm2":3.048623,"centerLat":10.837357,"centerLng":122.094039,"geometrySource":"all_barangay-2.csv detailed WKT","geometryMatchMethod":"unique_official_admin_names","boundaryPointCount":36},"geometry":{"type":"MultiPolygon","coordinates":[[[[122.091003,10.84546],[122.091667,10.8457],[122.092728,10.84623],[122.093292,10.84677],[122.094131,10.84764],[122.094833,10.84857],[122.095322,10.84948],[122.111214,10.8307],[122.117081,10.82437],[122.117889,10.82218],[122.116081,10.82123],[122.113319,10.81959],[122.111214,10.81845],[122.109779,10.81751],[122.10865,10.81737],[122.106758,10.81683],[122.105591,10.81613],[122.104553,10.81542],[122.103287,10.81384],[122.099289,10.81962],[122.093987,10.82783],[122.086746,10.83823],[122.085571,10.83862],[122.084862,10.83803],[122.083778,10.83988],[122.083656,10.84051],[122.083923,10.84106],[122.084053,10.84226],[122.084534,10.84247],[122.085114,10.84307],[122.085426,10.84373],[122.086433,10.84452],[122.08728,10.84514],[122.088448,10.84565],[122.089371,10.84569],[122.091003,10.84546]]]]}},{"type":"Feature","properties":{"ID_0":177,"ISO":"PHL","NAME_0":"Philippines","ID_1":6006,"NAME_1":"Antique","ID_2":600614,"NAME_2":"San Remigio","ID_3":600614024,"NAME_3":"Insubuan","NL_NAME_3":null,"VARNAME_3":null,"TYPE_3":"Barangay","ENGTYPE_3":"Village","PROVINCE":"Antique","REGION":"Region VI (Western Visayas)","id":"barangay-0600614024","name":"Insubuan","barangayCode":"0600614024","population":null,"formattedPop":null,"densityCategory":"No data","vulnerabilityRating":"No data","healthRiskLevel":"No data","areaKm2":24.642049,"centerLat":10.883927,"centerLng":122.230006,"geometrySource":"all_barangay-2.csv detailed WKT","geometryMatchMethod":"unique_official_admin_names","boundaryPointCount":118},"geometry":{"type":"MultiPolygon","coordinates":[[[[122.22802,10.91783],[122.241127,10.91896],[122.241524,10.91829],[122.241768,10.91694],[122.242363,10.91491],[122.242943,10.91386],[122.243637,10.91239],[122.243622,10.91151],[122.243561,10.91146],[122.24395,10.91049],[122.245453,10.90982],[122.246246,10.90868],[122.246773,10.90753],[122.246964,10.90616],[122.246941,10.90544],[122.247803,10.90382],[122.248756,10.90258],[122.248779,10.902],[122.248657,10.901],[122.248802,10.89978],[122.248703,10.89812],[122.248161,10.89757],[122.247597,10.89724],[122.247177,10.89671],[122.247147,10.89615],[122.246742,10.89584],[122.246193,10.89545],[122.245667,10.89454],[122.245903,10.89388],[122.245506,10.8935],[122.245132,10.89285],[122.244652,10.89247],[122.243713,10.89204],[122.243263,10.89152],[122.243683,10.89049],[122.244293,10.89024],[122.244492,10.88943],[122.244743,10.88867],[122.244759,10.88804],[122.244713,10.88706],[122.244331,10.88687],[122.243507,10.88643],[122.243088,10.88618],[122.242577,10.8855],[122.242897,10.88494],[122.242928,10.88445],[122.242813,10.88326],[122.243027,10.88202],[122.243317,10.88025],[122.243843,10.87938],[122.243843,10.87856],[122.243568,10.87798],[122.243767,10.87684],[122.24379,10.87563],[122.244324,10.87424],[122.241707,10.87065],[122.233124,10.86677],[122.226273,10.85174],[122.213943,10.87119],[122.214157,10.87248],[122.214417,10.87329],[122.214272,10.87428],[122.213608,10.87498],[122.212608,10.87575],[122.212334,10.87704],[122.211884,10.87795],[122.211441,10.8783],[122.210876,10.87983],[122.21067,10.88081],[122.210747,10.88164],[122.210869,10.88272],[122.211128,10.88353],[122.211746,10.88456],[122.212486,10.88507],[122.213257,10.88556],[122.213737,10.88618],[122.21418,10.88628],[122.214417,10.88743],[122.21434,10.88822],[122.214653,10.88871],[122.214981,10.88949],[122.21479,10.89094],[122.214432,10.89215],[122.213997,10.89392],[122.214073,10.89456],[122.214127,10.89539],[122.214127,10.89666],[122.214157,10.89724],[122.214333,10.89761],[122.214363,10.89846],[122.214607,10.89916],[122.214561,10.9003],[122.214172,10.90048],[122.213463,10.90042],[122.212883,10.90079],[122.212921,10.90105],[122.213158,10.90135],[122.21389,10.90159],[122.214439,10.90198],[122.214767,10.90257],[122.215202,10.90321],[122.214722,10.90396],[122.214478,10.90407],[122.21386,10.90475],[122.213463,10.90502],[122.213188,10.90582],[122.212982,10.90712],[122.211838,10.90754],[122.211273,10.90776],[122.211197,10.9084],[122.210693,10.90856],[122.21022,10.90848],[122.209663,10.908],[122.209244,10.90809],[122.209137,10.90874],[122.20903,10.90933],[122.228073,10.91092],[122.22802,10.91783]]]]}},{"type":"Feature","properties":{"ID_0":177,"ISO":"PHL","NAME_0":"Philippines","ID_1":6006,"NAME_1":"Antique","ID_2":600614,"NAME_2":"San Remigio","ID_3":600614025,"NAME_3":"La Union","NL_NAME_3":null,"VARNAME_3":null,"TYPE_3":"Barangay","ENGTYPE_3":"Village","PROVINCE":"Antique","REGION":"Region VI (Western Visayas)","id":"barangay-0600614025","name":"La Union","barangayCode":"0600614025","population":null,"formattedPop":null,"densityCategory":"No data","vulnerabilityRating":"No data","healthRiskLevel":"No data","areaKm2":2.815022,"centerLat":10.812349,"centerLng":122.107032,"geometrySource":"all_barangay-2.csv detailed WKT","geometryMatchMethod":"unique_official_admin_names","boundaryPointCount":28},"geometry":{"type":"MultiPolygon","coordinates":[[[[122.133972,10.82059],[122.140533,10.81497],[122.137917,10.81018],[122.136703,10.80907],[122.135338,10.80801],[122.134354,10.80745],[122.133057,10.80734],[122.131126,10.80701],[122.11364,10.81404],[122.105133,10.81095],[122.103287,10.81384],[122.104553,10.81542],[122.105591,10.81613],[122.106758,10.81683],[122.10865,10.81737],[122.109779,10.81751],[122.111214,10.81845],[122.113319,10.81959],[122.116081,10.82123],[122.117889,10.82218],[122.119812,10.82185],[122.1222,10.82261],[122.124184,10.82348],[122.126587,10.82426],[122.128792,10.82278],[122.131088,10.82187],[122.132759,10.82146],[122.133972,10.82059]]]]}},{"type":"Feature","properties":{"ID_0":177,"ISO":"PHL","NAME_0":"Philippines","ID_1":6006,"NAME_1":"Antique","ID_2":600614,"NAME_2":"San Remigio","ID_3":600614026,"NAME_3":"Lapak","NL_NAME_3":null,"VARNAME_3":null,"TYPE_3":"Barangay","ENGTYPE_3":"Village","PROVINCE":"Antique","REGION":"Region VI (Western Visayas)","id":"barangay-0600614026","name":"Lapak","barangayCode":"0600614026","population":null,"formattedPop":null,"densityCategory":"No data","vulnerabilityRating":"No data","healthRiskLevel":"No data","areaKm2":5.206115,"centerLat":10.8986,"centerLng":122.164882,"geometrySource":"all_barangay-2.csv detailed WKT","geometryMatchMethod":"unique_official_admin_names","boundaryPointCount":55},"geometry":{"type":"MultiPolygon","coordinates":[[[[122.166603,10.91365],[122.166473,10.91347],[122.167007,10.91298],[122.167664,10.9129],[122.168839,10.91263],[122.169693,10.91163],[122.169724,10.91129],[122.179169,10.89368],[122.168213,10.8872],[122.167107,10.88777],[122.16613,10.88875],[122.164993,10.88932],[122.162827,10.89001],[122.161484,10.89113],[122.160843,10.89219],[122.159843,10.89381],[122.158897,10.89464],[122.158943,10.89586],[122.159012,10.89679],[122.158508,10.89782],[122.157623,10.89801],[122.157043,10.89863],[122.156853,10.89962],[122.155922,10.90065],[122.155273,10.90096],[122.154793,10.90133],[122.154617,10.90196],[122.153587,10.90267],[122.152733,10.90353],[122.151978,10.90394],[122.151268,10.90385],[122.150421,10.90448],[122.150352,10.90508],[122.150177,10.90614],[122.150146,10.90637],[122.15065,10.90723],[122.151047,10.90787],[122.151581,10.90888],[122.151909,10.90897],[122.152252,10.90868],[122.153152,10.90912],[122.153252,10.90984],[122.153763,10.91061],[122.154266,10.91089],[122.15564,10.91032],[122.157059,10.90942],[122.157944,10.90898],[122.159492,10.90869],[122.160881,10.90856],[122.161972,10.90914],[122.162872,10.90992],[122.163933,10.91084],[122.164597,10.91187],[122.16555,10.9127],[122.166603,10.91365]]]]}},{"type":"Feature","properties":{"ID_0":177,"ISO":"PHL","NAME_0":"Philippines","ID_1":6006,"NAME_1":"Antique","ID_2":600614,"NAME_2":"San Remigio","ID_3":600614027,"NAME_3":"Lumpatan","NL_NAME_3":null,"VARNAME_3":null,"TYPE_3":"Barangay","ENGTYPE_3":"Village","PROVINCE":"Antique","REGION":"Region VI (Western Visayas)","id":"barangay-0600614027","name":"Lumpatan","barangayCode":"0600614027","population":null,"formattedPop":null,"densityCategory":"No data","vulnerabilityRating":"No data","healthRiskLevel":"No data","areaKm2":8.054138,"centerLat":10.903393,"centerLng":122.144569,"geometrySource":"all_barangay-2.csv detailed WKT","geometryMatchMethod":"unique_official_admin_names","boundaryPointCount":43},"geometry":{"type":"MultiPolygon","coordinates":[[[[122.147377,10.92659],[122.154266,10.91089],[122.153763,10.91061],[122.153252,10.90984],[122.153152,10.90912],[122.152252,10.90868],[122.151909,10.90897],[122.151581,10.90888],[122.151047,10.90787],[122.15065,10.90723],[122.150146,10.90637],[122.150177,10.90614],[122.150352,10.90508],[122.150421,10.90448],[122.151268,10.90385],[122.151978,10.90394],[122.152733,10.90353],[122.153587,10.90267],[122.154617,10.90196],[122.154793,10.90133],[122.155273,10.90096],[122.155922,10.90065],[122.156853,10.89962],[122.157043,10.89863],[122.157623,10.89801],[122.158508,10.89782],[122.159012,10.89679],[122.158943,10.89586],[122.158897,10.89464],[122.159843,10.89381],[122.160843,10.89219],[122.161484,10.89113],[122.162827,10.89001],[122.164993,10.88932],[122.16613,10.88875],[122.167107,10.88777],[122.168213,10.8872],[122.163116,10.88454],[122.144142,10.89534],[122.127457,10.90486],[122.130661,10.91294],[122.141907,10.91939],[122.147377,10.92659]]]]}},{"type":"Feature","properties":{"ID_0":177,"ISO":"PHL","NAME_0":"Philippines","ID_1":6006,"NAME_1":"Antique","ID_2":600614,"NAME_2":"San Remigio","ID_3":600614028,"NAME_3":"Magdalena","NL_NAME_3":null,"VARNAME_3":null,"TYPE_3":"Barangay","ENGTYPE_3":"Village","PROVINCE":"Antique","REGION":"Region VI (Western Visayas)","id":"barangay-0600614028","name":"Magdalena","barangayCode":"0600614028","population":null,"formattedPop":null,"densityCategory":"No data","vulnerabilityRating":"No data","healthRiskLevel":"No data","areaKm2":11.972034,"centerLat":10.876727,"centerLng":122.094731,"geometrySource":"all_barangay-2.csv detailed WKT","geometryMatchMethod":"unique_official_admin_names","boundaryPointCount":58},"geometry":{"type":"MultiPolygon","coordinates":[[[[122.097633,10.91038],[122.102158,10.88783],[122.102364,10.88444],[122.103233,10.88198],[122.104172,10.88073],[122.105049,10.87903],[122.106171,10.87766],[122.107147,10.87665],[122.107727,10.87549],[122.108383,10.87486],[122.108078,10.87368],[122.109192,10.87262],[122.110611,10.87211],[122.11171,10.87187],[122.112122,10.87207],[122.11203,10.87148],[122.110443,10.87061],[122.109299,10.86991],[122.108253,10.86914],[122.10743,10.86855],[122.106743,10.86755],[122.106056,10.86636],[122.10553,10.86566],[122.10482,10.86498],[122.104088,10.86444],[122.103287,10.8633],[122.102623,10.86159],[122.102829,10.86069],[122.103523,10.85917],[122.103859,10.858],[122.10379,10.85689],[122.103607,10.85599],[122.103241,10.85547],[122.102966,10.85514],[122.101402,10.85436],[122.100197,10.85408],[122.099609,10.85376],[122.098907,10.85297],[122.098328,10.85244],[122.097366,10.85135],[122.096603,10.85064],[122.096069,10.85019],[122.095322,10.84948],[122.094833,10.84857],[122.094131,10.84764],[122.093292,10.84677],[122.092728,10.84623],[122.091667,10.8457],[122.091003,10.84546],[122.08503,10.85058],[122.085938,10.85548],[122.087982,10.86648],[122.084511,10.89609],[122.086563,10.90186],[122.08802,10.90648],[122.089127,10.9075],[122.091263,10.90784],[122.097633,10.91038]]]]}},{"type":"Feature","properties":{"ID_0":177,"ISO":"PHL","NAME_0":"Philippines","ID_1":6006,"NAME_1":"Antique","ID_2":600614,"NAME_2":"San Remigio","ID_3":600614029,"NAME_3":"Maragubdub","NL_NAME_3":null,"VARNAME_3":null,"TYPE_3":"Barangay","ENGTYPE_3":"Village","PROVINCE":"Antique","REGION":"Region VI (Western Visayas)","id":"barangay-0600614029","name":"Maragubdub","barangayCode":"0600614029","population":null,"formattedPop":null,"densityCategory":"No data","vulnerabilityRating":"No data","healthRiskLevel":"No data","areaKm2":5.434565,"centerLat":10.837128,"centerLng":122.110366,"geometrySource":"all_barangay-2.csv detailed WKT","geometryMatchMethod":"unique_official_admin_names","boundaryPointCount":27},"geometry":{"type":"MultiPolygon","coordinates":[[[[122.095322,10.84948],[122.096069,10.85019],[122.096603,10.85064],[122.097366,10.85135],[122.098328,10.85244],[122.098907,10.85297],[122.099609,10.85376],[122.100197,10.85408],[122.101402,10.85436],[122.102966,10.85514],[122.103241,10.85547],[122.118584,10.83845],[122.121452,10.83511],[122.126694,10.83177],[122.130882,10.82552],[122.133972,10.82059],[122.132759,10.82146],[122.131088,10.82187],[122.128792,10.82278],[122.126587,10.82426],[122.124184,10.82348],[122.1222,10.82261],[122.119812,10.82185],[122.117889,10.82218],[122.117081,10.82437],[122.111214,10.8307],[122.095322,10.84948]]]]}},{"type":"Feature","properties":{"ID_0":177,"ISO":"PHL","NAME_0":"Philippines","ID_1":6006,"NAME_1":"Antique","ID_2":600614,"NAME_2":"San Remigio","ID_3":600614030,"NAME_3":"Nagbangi I","NL_NAME_3":null,"VARNAME_3":null,"TYPE_3":"Barangay","ENGTYPE_3":"Village","PROVINCE":"Antique","REGION":"Region VI (Western Visayas)","id":"barangay-0600614030","name":"Nagbangi I","barangayCode":"0600614030","population":null,"formattedPop":null,"densityCategory":"No data","vulnerabilityRating":"No data","healthRiskLevel":"No data","areaKm2":2.885876,"centerLat":10.833609,"centerLng":122.132711,"geometrySource":"all_barangay-2.csv detailed WKT","geometryMatchMethod":"unique_official_admin_names","boundaryPointCount":14},"geometry":{"type":"MultiPolygon","coordinates":[[[[122.139,10.83817],[122.139809,10.8381],[122.141029,10.83712],[122.142227,10.83671],[122.143997,10.83626],[122.145416,10.83614],[122.147583,10.83508],[122.147438,10.82841],[122.138649,10.82946],[122.130882,10.82552],[122.126694,10.83177],[122.136063,10.83982],[122.137917,10.83842],[122.139,10.83817]]]]}},{"type":"Feature","properties":{"ID_0":177,"ISO":"PHL","NAME_0":"Philippines","ID_1":6006,"NAME_1":"Antique","ID_2":600614,"NAME_2":"San Remigio","ID_3":600614031,"NAME_3":"Nagbangi II","NL_NAME_3":null,"VARNAME_3":null,"TYPE_3":"Barangay","ENGTYPE_3":"Village","PROVINCE":"Antique","REGION":"Region VI (Western Visayas)","id":"barangay-0600614031","name":"Nagbangi II","barangayCode":"0600614031","population":null,"formattedPop":null,"densityCategory":"No data","vulnerabilityRating":"No data","healthRiskLevel":"No data","areaKm2":1.430033,"centerLat":10.843153,"centerLng":122.120367,"geometrySource":"all_barangay-2.csv detailed WKT","geometryMatchMethod":"unique_official_admin_names","boundaryPointCount":22},"geometry":{"type":"MultiPolygon","coordinates":[[[[122.121643,10.84822],[122.122887,10.85087],[122.123901,10.85061],[122.124481,10.84987],[122.125969,10.84946],[122.126694,10.84889],[122.127541,10.84838],[122.128059,10.84773],[122.127861,10.84653],[122.128723,10.8452],[122.130241,10.84393],[122.130814,10.84311],[122.131653,10.84286],[122.132767,10.84264],[122.133698,10.8415],[122.13475,10.84079],[122.136063,10.83982],[122.126694,10.83177],[122.121452,10.83511],[122.118584,10.83845],[122.125557,10.84426],[122.121643,10.84822]]]]}},{"type":"Feature","properties":{"ID_0":177,"ISO":"PHL","NAME_0":"Philippines","ID_1":6006,"NAME_1":"Antique","ID_2":600614,"NAME_2":"San Remigio","ID_3":600614033,"NAME_3":"Nasuli","NL_NAME_3":null,"VARNAME_3":null,"TYPE_3":"Barangay","ENGTYPE_3":"Village","PROVINCE":"Antique","REGION":"Region VI (Western Visayas)","id":"barangay-0600614033","name":"Nasuli","barangayCode":"0600614033","population":null,"formattedPop":null,"densityCategory":"No data","vulnerabilityRating":"No data","healthRiskLevel":"No data","areaKm2":2.376976,"centerLat":10.831822,"centerLng":122.072861,"geometrySource":"all_barangay-2.csv detailed WKT","geometryMatchMethod":"unique_official_admin_names","boundaryPointCount":19},"geometry":{"type":"MultiPolygon","coordinates":[[[[122.070686,10.83797],[122.071983,10.83767],[122.073059,10.8372],[122.073631,10.83659],[122.073921,10.83616],[122.073883,10.83559],[122.073753,10.83459],[122.074226,10.83435],[122.07502,10.83444],[122.076103,10.83465],[122.07708,10.83511],[122.077477,10.83556],[122.078201,10.83657],[122.078697,10.83711],[122.082573,10.82828],[122.080566,10.82809],[122.075546,10.82741],[122.070084,10.83772],[122.070686,10.83797]]]]}},{"type":"Feature","properties":{"ID_0":177,"ISO":"PHL","NAME_0":"Philippines","ID_1":6006,"NAME_1":"Antique","ID_2":600614,"NAME_2":"San Remigio","ID_3":600614034,"NAME_3":"Osorio I","NL_NAME_3":null,"VARNAME_3":null,"TYPE_3":"Barangay","ENGTYPE_3":"Village","PROVINCE":"Antique","REGION":"Region VI (Western Visayas)","id":"barangay-0600614034","name":"Osorio I","barangayCode":"0600614034","population":null,"formattedPop":null,"densityCategory":"No data","vulnerabilityRating":"No data","healthRiskLevel":"No data","areaKm2":6.113342,"centerLat":10.839347,"centerLng":122.150729,"geometrySource":"all_barangay-2.csv detailed WKT","geometryMatchMethod":"unique_official_admin_names","boundaryPointCount":45},"geometry":{"type":"MultiPolygon","coordinates":[[[[122.141563,10.85469],[122.146042,10.85074],[122.152496,10.85465],[122.156647,10.857],[122.156914,10.85581],[122.158096,10.85483],[122.158501,10.85336],[122.158707,10.85261],[122.159729,10.85228],[122.161118,10.85214],[122.162529,10.85108],[122.162903,10.84968],[122.164291,10.84945],[122.166382,10.8495],[122.167297,10.84938],[122.16761,10.84958],[122.168137,10.84965],[122.16877,10.84935],[122.169434,10.84877],[122.169777,10.84854],[122.169807,10.84822],[122.169746,10.84764],[122.170708,10.84576],[122.171661,10.84403],[122.173126,10.84347],[122.175133,10.84236],[122.17572,10.84184],[122.17662,10.84105],[122.177147,10.83942],[122.179123,10.83855],[122.180389,10.83813],[122.177681,10.83552],[122.174622,10.8335],[122.15052,10.82329],[122.147438,10.82841],[122.147583,10.83508],[122.145416,10.83614],[122.143997,10.83626],[122.142227,10.83671],[122.141029,10.83712],[122.139809,10.8381],[122.139,10.83817],[122.142151,10.84216],[122.136757,10.84927],[122.141563,10.85469]]]]}},{"type":"Feature","properties":{"ID_0":177,"ISO":"PHL","NAME_0":"Philippines","ID_1":6006,"NAME_1":"Antique","ID_2":600614,"NAME_2":"San Remigio","ID_3":600614035,"NAME_3":"Osorio II","NL_NAME_3":null,"VARNAME_3":null,"TYPE_3":"Barangay","ENGTYPE_3":"Village","PROVINCE":"Antique","REGION":"Region VI (Western Visayas)","id":"barangay-0600614035","name":"Osorio II","barangayCode":"0600614035","population":null,"formattedPop":null,"densityCategory":"No data","vulnerabilityRating":"No data","healthRiskLevel":"No data","areaKm2":12.110896,"centerLat":10.848095,"centerLng":122.177515,"geometrySource":"all_barangay-2.csv detailed WKT","geometryMatchMethod":"unique_official_admin_names","boundaryPointCount":32},"geometry":{"type":"MultiPolygon","coordinates":[[[[122.156647,10.857],[122.159683,10.85888],[122.168167,10.86475],[122.216232,10.84478],[122.180389,10.83813],[122.179123,10.83855],[122.177147,10.83942],[122.17662,10.84105],[122.17572,10.84184],[122.175133,10.84236],[122.173126,10.84347],[122.171661,10.84403],[122.170708,10.84576],[122.169746,10.84764],[122.169807,10.84822],[122.169777,10.84854],[122.169434,10.84877],[122.16877,10.84935],[122.168137,10.84965],[122.16761,10.84958],[122.167297,10.84938],[122.166382,10.8495],[122.164291,10.84945],[122.162903,10.84968],[122.162529,10.85108],[122.161118,10.85214],[122.159729,10.85228],[122.158707,10.85261],[122.158501,10.85336],[122.158096,10.85483],[122.156914,10.85581],[122.156647,10.857]]]]}},{"type":"Feature","properties":{"ID_0":177,"ISO":"PHL","NAME_0":"Philippines","ID_1":6006,"NAME_1":"Antique","ID_2":600614,"NAME_2":"San Remigio","ID_3":600614036,"NAME_3":"Panpanan I","NL_NAME_3":null,"VARNAME_3":null,"TYPE_3":"Barangay","ENGTYPE_3":"Village","PROVINCE":"Antique","REGION":"Region VI (Western Visayas)","id":"barangay-0600614036","name":"Panpanan I","barangayCode":"0600614036","population":null,"formattedPop":null,"densityCategory":"No data","vulnerabilityRating":"No data","healthRiskLevel":"No data","areaKm2":59.75329,"centerLat":10.948446,"centerLng":122.259794,"geometrySource":"all_barangay-2.csv detailed WKT","geometryMatchMethod":"unique_official_admin_names","boundaryPointCount":53},"geometry":{"type":"MultiPolygon","coordinates":[[[[122.309669,10.95932],[122.313919,10.95622],[122.314819,10.95419],[122.316391,10.95223],[122.318169,10.94918],[122.319572,10.94803],[122.32103,10.94751],[122.321838,10.94519],[122.322479,10.94386],[122.323334,10.94308],[122.324898,10.94195],[122.325302,10.9409],[122.324997,10.93945],[122.324806,10.93854],[122.323837,10.93751],[122.32373,10.93638],[122.323723,10.93468],[122.315826,10.9364],[122.313141,10.93622],[122.309578,10.93546],[122.307838,10.935],[122.304657,10.93358],[122.297707,10.93543],[122.296013,10.93547],[122.294724,10.93521],[122.293663,10.93548],[122.292221,10.93535],[122.291283,10.93534],[122.290268,10.9358],[122.289223,10.93692],[122.288567,10.93768],[122.287521,10.93796],[122.286438,10.93739],[122.285454,10.93697],[122.284302,10.93662],[122.284058,10.937],[122.283821,10.9377],[122.283783,10.93784],[122.275017,10.92829],[122.267632,10.9223],[122.241127,10.91896],[122.22802,10.91783],[122.214653,10.9335],[122.213966,10.93448],[122.212891,10.93634],[122.211693,10.93664],[122.206902,10.94102],[122.206543,10.95342],[122.217072,10.962114],[122.231857,10.97432],[122.257294,10.98346],[122.303604,10.962114],[122.309669,10.95932]]]]}},{"type":"Feature","properties":{"ID_0":177,"ISO":"PHL","NAME_0":"Philippines","ID_1":6006,"NAME_1":"Antique","ID_2":600614,"NAME_2":"San Remigio","ID_3":600614037,"NAME_3":"Panpanan II","NL_NAME_3":null,"VARNAME_3":null,"TYPE_3":"Barangay","ENGTYPE_3":"Village","PROVINCE":"Antique","REGION":"Region VI (Western Visayas)","id":"barangay-0600614037","name":"Panpanan II","barangayCode":"0600614037","population":null,"formattedPop":null,"densityCategory":"No data","vulnerabilityRating":"No data","healthRiskLevel":"No data","areaKm2":25.234277,"centerLat":10.905154,"centerLng":122.266563,"geometrySource":"all_barangay-2.csv detailed WKT","geometryMatchMethod":"unique_official_admin_names","boundaryPointCount":86},"geometry":{"type":"MultiPolygon","coordinates":[[[[122.304657,10.93358],[122.301193,10.93188],[122.29818,10.92996],[122.295128,10.92805],[122.293488,10.92182],[122.29071,10.9188],[122.288933,10.91697],[122.283669,10.91133],[122.279327,10.89273],[122.274384,10.89347],[122.273933,10.89354],[122.261307,10.89543],[122.250793,10.88205],[122.244324,10.87424],[122.24379,10.87563],[122.243767,10.87684],[122.243568,10.87798],[122.243843,10.87856],[122.243843,10.87938],[122.243317,10.88025],[122.243027,10.88202],[122.242813,10.88326],[122.242928,10.88445],[122.242897,10.88494],[122.242577,10.8855],[122.243088,10.88618],[122.243507,10.88643],[122.244331,10.88687],[122.244713,10.88706],[122.244759,10.88804],[122.244743,10.88867],[122.244492,10.88943],[122.244293,10.89024],[122.243683,10.89049],[122.243263,10.89152],[122.243713,10.89204],[122.244652,10.89247],[122.245132,10.89285],[122.245506,10.8935],[122.245903,10.89388],[122.245667,10.89454],[122.246193,10.89545],[122.246742,10.89584],[122.247147,10.89615],[122.247177,10.89671],[122.247597,10.89724],[122.248161,10.89757],[122.248703,10.89812],[122.248802,10.89978],[122.248657,10.901],[122.248779,10.902],[122.248756,10.90258],[122.247803,10.90382],[122.246941,10.90544],[122.246964,10.90616],[122.246773,10.90753],[122.246246,10.90868],[122.245453,10.90982],[122.24395,10.91049],[122.243561,10.91146],[122.243622,10.91151],[122.243637,10.91239],[122.242943,10.91386],[122.242363,10.91491],[122.241768,10.91694],[122.241524,10.91829],[122.241127,10.91896],[122.267632,10.9223],[122.275017,10.92829],[122.283783,10.93784],[122.283821,10.9377],[122.284058,10.937],[122.284302,10.93662],[122.285454,10.93697],[122.286438,10.93739],[122.287521,10.93796],[122.288567,10.93768],[122.289223,10.93692],[122.290268,10.9358],[122.291283,10.93534],[122.292221,10.93535],[122.293663,10.93548],[122.294724,10.93521],[122.296013,10.93547],[122.297707,10.93543],[122.304657,10.93358]]]]}},{"type":"Feature","properties":{"ID_0":177,"ISO":"PHL","NAME_0":"Philippines","ID_1":6006,"NAME_1":"Antique","ID_2":600614,"NAME_2":"San Remigio","ID_3":600614039,"NAME_3":"Ramon Magsaysay","NL_NAME_3":null,"VARNAME_3":null,"TYPE_3":"Barangay","ENGTYPE_3":"Village","PROVINCE":"Antique","REGION":"Region VI (Western Visayas)","id":"barangay-0600614039","name":"Ramon Magsaysay","barangayCode":"0600614039","population":null,"formattedPop":null,"densityCategory":"No data","vulnerabilityRating":"No data","healthRiskLevel":"No data","areaKm2":3.530868,"centerLat":10.816358,"centerLng":122.075571,"geometrySource":"all_barangay-2.csv detailed WKT","geometryMatchMethod":"unique_official_admin_names","boundaryPointCount":7},"geometry":{"type":"MultiPolygon","coordinates":[[[[122.080566,10.82809],[122.088814,10.80905],[122.074829,10.81002],[122.06485,10.81066],[122.063293,10.81954],[122.075546,10.82741],[122.080566,10.82809]]]]}},{"type":"Feature","properties":{"ID_0":177,"ISO":"PHL","NAME_0":"Philippines","ID_1":6006,"NAME_1":"Antique","ID_2":600614,"NAME_2":"San Remigio","ID_3":600614040,"NAME_3":"Rizal","NL_NAME_3":null,"VARNAME_3":null,"TYPE_3":"Barangay","ENGTYPE_3":"Village","PROVINCE":"Antique","REGION":"Region VI (Western Visayas)","id":"barangay-0600614040","name":"Rizal","barangayCode":"0600614040","population":null,"formattedPop":null,"densityCategory":"No data","vulnerabilityRating":"No data","healthRiskLevel":"No data","areaKm2":4.938675,"centerLat":10.924462,"centerLng":122.1884,"geometrySource":"all_barangay-2.csv detailed WKT","geometryMatchMethod":"unique_official_admin_names","boundaryPointCount":64},"geometry":{"type":"MultiPolygon","coordinates":[[[[122.195587,10.92975],[122.196167,10.92359],[122.197258,10.90819],[122.182762,10.9172],[122.181953,10.91839],[122.181847,10.91857],[122.181808,10.91965],[122.18074,10.92037],[122.180763,10.92113],[122.179939,10.92182],[122.179291,10.92196],[122.178497,10.92208],[122.177467,10.92291],[122.17701,10.9237],[122.17585,10.92429],[122.175484,10.92442],[122.175369,10.92535],[122.174927,10.9258],[122.174301,10.92633],[122.174133,10.92751],[122.174896,10.92773],[122.175369,10.92785],[122.176132,10.92729],[122.176697,10.9271],[122.177353,10.92733],[122.177483,10.92793],[122.177277,10.92854],[122.177391,10.92918],[122.177971,10.92963],[122.178543,10.92941],[122.179039,10.92915],[122.179588,10.92992],[122.179832,10.93079],[122.180183,10.93155],[122.180344,10.93205],[122.180771,10.93246],[122.181519,10.93219],[122.181671,10.93148],[122.182167,10.93135],[122.183113,10.93195],[122.183746,10.93253],[122.184517,10.93311],[122.185127,10.93387],[122.185753,10.93466],[122.18602,10.93528],[122.18602,10.93584],[122.186638,10.93616],[122.187149,10.93588],[122.18737,10.93496],[122.187447,10.93401],[122.187271,10.93351],[122.187027,10.93269],[122.187309,10.93194],[122.188072,10.93152],[122.189041,10.93125],[122.189911,10.93048],[122.190353,10.93002],[122.191139,10.92948],[122.191566,10.92949],[122.192734,10.9293],[122.193527,10.92912],[122.19458,10.92901],[122.195183,10.92926],[122.195587,10.92975]]]]}},{"type":"Feature","properties":{"ID_0":177,"ISO":"PHL","NAME_0":"Philippines","ID_1":6006,"NAME_1":"Antique","ID_2":600614,"NAME_2":"San Remigio","ID_3":600614041,"NAME_3":"San Rafael","NL_NAME_3":null,"VARNAME_3":null,"TYPE_3":"Barangay","ENGTYPE_3":"Village","PROVINCE":"Antique","REGION":"Region VI (Western Visayas)","id":"barangay-0600614041","name":"San Rafael","barangayCode":"0600614041","population":null,"formattedPop":null,"densityCategory":"No data","vulnerabilityRating":"No data","healthRiskLevel":"No data","areaKm2":4.850117,"centerLat":10.879763,"centerLng":122.142629,"geometrySource":"all_barangay-2.csv detailed WKT","geometryMatchMethod":"unique_official_admin_names","boundaryPointCount":18},"geometry":{"type":"MultiPolygon","coordinates":[[[[122.144142,10.89534],[122.163116,10.88454],[122.151604,10.87659],[122.150101,10.87507],[122.149307,10.8746],[122.148087,10.87341],[122.147179,10.87201],[122.146103,10.87108],[122.145416,10.87066],[122.128822,10.87712],[122.130608,10.87844],[122.132599,10.8809],[122.133049,10.88242],[122.133057,10.88431],[122.133728,10.88696],[122.133743,10.8881],[122.141983,10.88991],[122.144142,10.89534]]]]}},{"type":"Feature","properties":{"ID_0":177,"ISO":"PHL","NAME_0":"Philippines","ID_1":6006,"NAME_1":"Antique","ID_2":600614,"NAME_2":"San Remigio","ID_3":600614042,"NAME_3":"Sinundolan","NL_NAME_3":null,"VARNAME_3":null,"TYPE_3":"Barangay","ENGTYPE_3":"Village","PROVINCE":"Antique","REGION":"Region VI (Western Visayas)","id":"barangay-0600614042","name":"Sinundolan","barangayCode":"0600614042","population":null,"formattedPop":null,"densityCategory":"No data","vulnerabilityRating":"No data","healthRiskLevel":"No data","areaKm2":10.271223,"centerLat":10.907116,"centerLng":122.115019,"geometrySource":"all_barangay-2.csv detailed WKT","geometryMatchMethod":"unique_official_admin_names","boundaryPointCount":14},"geometry":{"type":"MultiPolygon","coordinates":[[[[122.130661,10.91294],[122.127457,10.90486],[122.124802,10.9022],[122.111267,10.8952],[122.105942,10.89123],[122.102158,10.88783],[122.097633,10.91038],[122.102692,10.91322],[122.109756,10.91837],[122.111717,10.9204],[122.114243,10.9233],[122.116997,10.92716],[122.131119,10.91761],[122.130661,10.91294]]]]}},{"type":"Feature","properties":{"ID_0":177,"ISO":"PHL","NAME_0":"Philippines","ID_1":6006,"NAME_1":"Antique","ID_2":600614,"NAME_2":"San Remigio","ID_3":600614043,"NAME_3":"Sumaray","NL_NAME_3":null,"VARNAME_3":null,"TYPE_3":"Barangay","ENGTYPE_3":"Village","PROVINCE":"Antique","REGION":"Region VI (Western Visayas)","id":"barangay-0600614043","name":"Sumaray","barangayCode":"0600614043","population":null,"formattedPop":null,"densityCategory":"No data","vulnerabilityRating":"No data","healthRiskLevel":"No data","areaKm2":4.982203,"centerLat":10.908814,"centerLng":122.179276,"geometrySource":"all_barangay-2.csv detailed WKT","geometryMatchMethod":"unique_official_admin_names","boundaryPointCount":35},"geometry":{"type":"MultiPolygon","coordinates":[[[[122.175484,10.92442],[122.17585,10.92429],[122.17701,10.9237],[122.177467,10.92291],[122.178497,10.92208],[122.179291,10.92196],[122.179939,10.92182],[122.180763,10.92113],[122.18074,10.92037],[122.181808,10.91965],[122.181847,10.91857],[122.181953,10.91839],[122.182762,10.9172],[122.197258,10.90819],[122.179169,10.89368],[122.169724,10.91129],[122.169693,10.91163],[122.168839,10.91263],[122.167664,10.9129],[122.167007,10.91298],[122.166473,10.91347],[122.166603,10.91365],[122.167549,10.91461],[122.168472,10.91561],[122.168892,10.91676],[122.16935,10.91801],[122.1707,10.91819],[122.171867,10.91874],[122.17218,10.91957],[122.172531,10.92064],[122.173409,10.92153],[122.17382,10.9222],[122.174294,10.92335],[122.174896,10.92392],[122.175484,10.92442]]]]}},{"type":"Feature","properties":{"ID_0":177,"ISO":"PHL","NAME_0":"Philippines","ID_1":6006,"NAME_1":"Antique","ID_2":600614,"NAME_2":"San Remigio","ID_3":600614044,"NAME_3":"Trinidad","NL_NAME_3":null,"VARNAME_3":null,"TYPE_3":"Barangay","ENGTYPE_3":"Village","PROVINCE":"Antique","REGION":"Region VI (Western Visayas)","id":"barangay-0600614044","name":"Trinidad","barangayCode":"0600614044","population":null,"formattedPop":null,"densityCategory":"No data","vulnerabilityRating":"No data","healthRiskLevel":"No data","areaKm2":5.029809,"centerLat":10.860419,"centerLng":122.11712,"geometrySource":"all_barangay-2.csv detailed WKT","geometryMatchMethod":"unique_official_admin_names","boundaryPointCount":51},"geometry":{"type":"MultiPolygon","coordinates":[[[[122.127647,10.86088],[122.122887,10.85087],[122.121643,10.84822],[122.11937,10.84449],[122.118294,10.8454],[122.116478,10.84813],[122.115196,10.84902],[122.113937,10.8496],[122.112793,10.84993],[122.11142,10.85152],[122.110786,10.85339],[122.110207,10.85584],[122.10952,10.85757],[122.108948,10.85784],[122.10804,10.85776],[122.107384,10.85712],[122.106827,10.85635],[122.105667,10.85578],[122.104607,10.85551],[122.103706,10.85536],[122.103241,10.85547],[122.103607,10.85599],[122.10379,10.85689],[122.103859,10.858],[122.103523,10.85917],[122.102829,10.86069],[122.102623,10.86159],[122.103287,10.8633],[122.104088,10.86444],[122.10482,10.86498],[122.10553,10.86566],[122.106056,10.86636],[122.106743,10.86755],[122.10743,10.86855],[122.108253,10.86914],[122.109299,10.86991],[122.110443,10.87061],[122.11203,10.87148],[122.113983,10.87137],[122.115578,10.87135],[122.116867,10.87132],[122.119057,10.87157],[122.12075,10.87179],[122.122337,10.87226],[122.12487,10.87231],[122.127083,10.87188],[122.128952,10.87122],[122.13073,10.87057],[122.131577,10.87044],[122.132477,10.87002],[122.127647,10.86088]]]]}},{"type":"Feature","properties":{"ID_0":177,"ISO":"PHL","NAME_0":"Philippines","ID_1":6006,"NAME_1":"Antique","ID_2":600614,"NAME_2":"San Remigio","ID_3":600614045,"NAME_3":"Tubudan","NL_NAME_3":null,"VARNAME_3":null,"TYPE_3":"Barangay","ENGTYPE_3":"Village","PROVINCE":"Antique","REGION":"Region VI (Western Visayas)","id":"barangay-0600614045","name":"Tubudan","barangayCode":"0600614045","population":null,"formattedPop":null,"densityCategory":"No data","vulnerabilityRating":"No data","healthRiskLevel":"No data","areaKm2":3.753896,"centerLat":10.820534,"centerLng":122.132674,"geometrySource":"all_barangay-2.csv detailed WKT","geometryMatchMethod":"unique_official_admin_names","boundaryPointCount":11},"geometry":{"type":"MultiPolygon","coordinates":[[[[122.147438,10.82841],[122.15052,10.82329],[122.146141,10.82073],[122.144241,10.81927],[122.14296,10.81822],[122.141953,10.81721],[122.140533,10.81497],[122.133972,10.82059],[122.130882,10.82552],[122.138649,10.82946],[122.147438,10.82841]]]]}},{"type":"Feature","properties":{"ID_0":177,"ISO":"PHL","NAME_0":"Philippines","ID_1":6006,"NAME_1":"Antique","ID_2":600614,"NAME_2":"San Remigio","ID_3":600614046,"NAME_3":"Vilvar","NL_NAME_3":null,"VARNAME_3":null,"TYPE_3":"Barangay","ENGTYPE_3":"Village","PROVINCE":"Antique","REGION":"Region VI (Western Visayas)","id":"barangay-0600614046","name":"Vilvar","barangayCode":"0600614046","population":null,"formattedPop":null,"densityCategory":"No data","vulnerabilityRating":"No data","healthRiskLevel":"No data","areaKm2":1.407799,"centerLat":10.842915,"centerLng":122.073917,"geometrySource":"all_barangay-2.csv detailed WKT","geometryMatchMethod":"unique_official_admin_names","boundaryPointCount":22},"geometry":{"type":"MultiPolygon","coordinates":[[[[122.069237,10.84398],[122.078148,10.8478],[122.079979,10.83915],[122.079147,10.83806],[122.078796,10.83793],[122.078957,10.8376],[122.078697,10.83711],[122.078201,10.83657],[122.077477,10.83556],[122.07708,10.83511],[122.076103,10.83465],[122.07502,10.83444],[122.074226,10.83435],[122.073753,10.83459],[122.073883,10.83559],[122.073921,10.83616],[122.073631,10.83659],[122.073059,10.8372],[122.071983,10.83767],[122.070686,10.83797],[122.070374,10.83865],[122.069237,10.84398]]]]}},{"type":"Feature","properties":{"ID_0":177,"ISO":"PHL","NAME_0":"Philippines","ID_1":6006,"NAME_1":"Antique","ID_2":600614,"NAME_2":"San Remigio","ID_3":600614047,"NAME_3":"Walker","NL_NAME_3":null,"VARNAME_3":null,"TYPE_3":"Barangay","ENGTYPE_3":"Village","PROVINCE":"Antique","REGION":"Region VI (Western Visayas)","id":"barangay-0600614047","name":"Walker","barangayCode":"0600614047","population":null,"formattedPop":null,"densityCategory":"No data","vulnerabilityRating":"No data","healthRiskLevel":"No data","areaKm2":8.122169,"centerLat":10.921316,"centerLng":122.208604,"geometrySource":"all_barangay-2.csv detailed WKT","geometryMatchMethod":"unique_official_admin_names","boundaryPointCount":13},"geometry":{"type":"MultiPolygon","coordinates":[[[[122.206902,10.94102],[122.211693,10.93664],[122.212891,10.93634],[122.213966,10.93448],[122.214653,10.9335],[122.22802,10.91783],[122.228073,10.91092],[122.20903,10.90933],[122.197258,10.90819],[122.196167,10.92359],[122.195587,10.92975],[122.195427,10.93515],[122.206902,10.94102]]]]}},{"type":"Feature","properties":{"ID_0":177,"ISO":"PHL","NAME_0":"Philippines","ID_1":6006,"NAME_1":"Antique","ID_2":600615,"NAME_2":"Sebaste","ID_3":600615001,"NAME_3":"Abiera","NL_NAME_3":null,"VARNAME_3":null,"TYPE_3":"Barangay","ENGTYPE_3":"Village","PROVINCE":"Antique","REGION":"Region VI (Western Visayas)","id":"barangay-0600615001","name":"Abiera","barangayCode":"0600615001","population":null,"formattedPop":null,"densityCategory":"No data","vulnerabilityRating":"No data","healthRiskLevel":"No data","areaKm2":15.027782,"centerLat":11.5722,"centerLng":122.11289,"geometrySource":"all_barangay-2.csv detailed WKT","geometryMatchMethod":"unique_official_admin_names","boundaryPointCount":99},"geometry":{"type":"MultiPolygon","coordinates":[[[[122.091942,11.58584],[122.092079,11.58583],[122.09227,11.58598],[122.092682,11.586],[122.093193,11.58587],[122.093681,11.5854],[122.094337,11.5851],[122.09481,11.5853],[122.095047,11.58573],[122.095581,11.5859],[122.096352,11.58571],[122.096764,11.58528],[122.097183,11.58515],[122.097931,11.58515],[122.098518,11.58567],[122.099297,11.58575],[122.100067,11.58529],[122.100677,11.58564],[122.101692,11.58576],[122.102448,11.58599],[122.103111,11.58646],[122.104263,11.58685],[122.105339,11.58675],[122.106438,11.58649],[122.106934,11.58684],[122.107193,11.58714],[122.107567,11.5874],[122.109009,11.58718],[122.109993,11.58752],[122.110619,11.58678],[122.112167,11.58678],[122.113487,11.58685],[122.114433,11.58641],[122.11557,11.58541],[122.116173,11.58442],[122.117622,11.58418],[122.118378,11.58344],[122.119148,11.5832],[122.11937,11.58308],[122.121307,11.5827],[122.143822,11.57975],[122.143021,11.57364],[122.141609,11.56943],[122.140823,11.56668],[122.14035,11.5636],[122.14016,11.5612],[122.107498,11.56024],[122.099564,11.55906],[122.09729,11.55889],[122.096107,11.55867],[122.094711,11.55864],[122.093353,11.55803],[122.091423,11.55827],[122.090233,11.55806],[122.08918,11.55913],[122.087921,11.56021],[122.086746,11.56052],[122.086578,11.56018],[122.086617,11.56091],[122.086647,11.56124],[122.086662,11.5613],[122.08667,11.56194],[122.08667,11.56472],[122.086388,11.565],[122.086388,11.56534],[122.086388,11.56556],[122.086304,11.56564],[122.086113,11.56583],[122.08622,11.56594],[122.086388,11.56611],[122.086388,11.56667],[122.086113,11.56694],[122.086113,11.56833],[122.086014,11.56844],[122.085831,11.56861],[122.085831,11.57194],[122.085953,11.57206],[122.086113,11.57222],[122.086113,11.57333],[122.086388,11.57361],[122.086388,11.57694],[122.08667,11.57722],[122.08667,11.57861],[122.086937,11.57889],[122.087219,11.57889],[122.088608,11.58028],[122.089722,11.58056],[122.089722,11.58083],[122.090279,11.58139],[122.090279,11.58222],[122.090843,11.5825],[122.090553,11.58278],[122.090553,11.58306],[122.090843,11.58333],[122.090843,11.58389],[122.09111,11.58417],[122.09111,11.58433],[122.09111,11.58556],[122.091942,11.58584]]]]}},{"type":"Feature","properties":{"ID_0":177,"ISO":"PHL","NAME_0":"Philippines","ID_1":6006,"NAME_1":"Antique","ID_2":600615,"NAME_2":"Sebaste","ID_3":600615002,"NAME_3":"Aguila","NL_NAME_3":null,"VARNAME_3":null,"TYPE_3":"Barangay","ENGTYPE_3":"Village","PROVINCE":"Antique","REGION":"Region VI (Western Visayas)","id":"barangay-0600615002","name":"Aguila","barangayCode":"0600615002","population":null,"formattedPop":null,"densityCategory":"No data","vulnerabilityRating":"No data","healthRiskLevel":"No data","areaKm2":4.239297,"centerLat":11.513871,"centerLng":122.094328,"geometrySource":"all_barangay-2.csv detailed WKT","geometryMatchMethod":"unique_official_admin_names","boundaryPointCount":61},"geometry":{"type":"MultiPolygon","coordinates":[[[[122.098137,11.52638],[122.102272,11.52469],[122.104691,11.52241],[122.106071,11.5209],[122.107384,11.51868],[122.102539,11.51515],[122.101883,11.5146],[122.086052,11.50455],[122.085281,11.50404],[122.085281,11.50444],[122.085564,11.50472],[122.085564,11.5075],[122.085281,11.50778],[122.085281,11.51167],[122.085564,11.51194],[122.085564,11.51278],[122.085281,11.51306],[122.085281,11.51361],[122.084999,11.51389],[122.084999,11.51444],[122.084717,11.51472],[122.084717,11.51695],[122.084167,11.5175],[122.084167,11.51917],[122.083893,11.51944],[122.083893,11.52],[122.083611,11.52028],[122.083611,11.52111],[122.083344,11.52139],[122.083344,11.52278],[122.083054,11.52306],[122.083054,11.52333],[122.082779,11.52361],[122.082779,11.52389],[122.082497,11.52417],[122.082497,11.52521],[122.083138,11.52535],[122.083832,11.52549],[122.083893,11.52555],[122.084213,11.5256],[122.084747,11.52579],[122.085243,11.52597],[122.086166,11.52595],[122.086708,11.52605],[122.087173,11.52662],[122.087418,11.52673],[122.087883,11.52655],[122.088547,11.52657],[122.088852,11.52701],[122.089523,11.52701],[122.089943,11.52786],[122.090347,11.52786],[122.091133,11.52785],[122.091682,11.52842],[122.092346,11.52846],[122.093292,11.52725],[122.093948,11.52659],[122.0951,11.52585],[122.096786,11.52556],[122.097092,11.52611],[122.098137,11.52638]]]]}},{"type":"Feature","properties":{"ID_0":177,"ISO":"PHL","NAME_0":"Philippines","ID_1":6006,"NAME_1":"Antique","ID_2":600615,"NAME_2":"Sebaste","ID_3":600615003,"NAME_3":"Alegre","NL_NAME_3":null,"VARNAME_3":null,"TYPE_3":"Barangay","ENGTYPE_3":"Village","PROVINCE":"Antique","REGION":"Region VI (Western Visayas)","id":"barangay-0600615003","name":"Alegre","barangayCode":"0600615003","population":null,"formattedPop":null,"densityCategory":"No data","vulnerabilityRating":"No data","healthRiskLevel":"No data","areaKm2":16.227463,"centerLat":11.545848,"centerLng":122.122087,"geometrySource":"all_barangay-2.csv detailed WKT","geometryMatchMethod":"unique_official_admin_names","boundaryPointCount":21},"geometry":{"type":"MultiPolygon","coordinates":[[[[122.099564,11.55906],[122.107498,11.56024],[122.14016,11.5612],[122.140343,11.55812],[122.141029,11.55555],[122.142097,11.55327],[122.14373,11.5512],[122.14534,11.54879],[122.147377,11.5466],[122.149162,11.54445],[122.151352,11.54159],[122.152344,11.53954],[122.153503,11.537],[122.154099,11.53569],[122.15416,11.53556],[122.15464,11.53482],[122.15477,11.53315],[122.154572,11.53194],[122.097054,11.53153],[122.094978,11.54049],[122.099564,11.55906]]]]}},{"type":"Feature","properties":{"ID_0":177,"ISO":"PHL","NAME_0":"Philippines","ID_1":6006,"NAME_1":"Antique","ID_2":600615,"NAME_2":"Sebaste","ID_3":600615004,"NAME_3":"Aras-Asan","NL_NAME_3":null,"VARNAME_3":null,"TYPE_3":"Barangay","ENGTYPE_3":"Village","PROVINCE":"Antique","REGION":"Region VI (Western Visayas)","id":"barangay-0600615004","name":"Aras-Asan","barangayCode":"0600615004","population":null,"formattedPop":null,"densityCategory":"No data","vulnerabilityRating":"No data","healthRiskLevel":"No data","areaKm2":2.283246,"centerLat":11.531572,"centerLng":122.086042,"geometrySource":"all_barangay-2.csv detailed WKT","geometryMatchMethod":"unique_official_admin_names","boundaryPointCount":73},"geometry":{"type":"MultiPolygon","coordinates":[[[[122.094978,11.54049],[122.097054,11.53153],[122.098137,11.52638],[122.097092,11.52611],[122.096786,11.52556],[122.0951,11.52585],[122.093948,11.52659],[122.093292,11.52725],[122.092346,11.52846],[122.091682,11.52842],[122.091133,11.52785],[122.090347,11.52786],[122.089943,11.52786],[122.089523,11.52701],[122.088852,11.52701],[122.088547,11.52657],[122.087883,11.52655],[122.087418,11.52673],[122.087173,11.52662],[122.086708,11.52605],[122.086166,11.52595],[122.085243,11.52597],[122.084747,11.52579],[122.084213,11.5256],[122.083893,11.52555],[122.083832,11.52549],[122.083138,11.52535],[122.082497,11.52521],[122.082497,11.52528],[122.082222,11.52556],[122.082222,11.52583],[122.081947,11.52611],[122.081947,11.52639],[122.081657,11.52667],[122.081657,11.52722],[122.08139,11.5275],[122.08139,11.52778],[122.081108,11.52806],[122.081108,11.52833],[122.080833,11.52861],[122.080833,11.52889],[122.07972,11.53],[122.07972,11.53056],[122.079437,11.53083],[122.079437,11.53194],[122.07917,11.53222],[122.07917,11.5325],[122.078613,11.53306],[122.078613,11.53333],[122.078056,11.53389],[122.078056,11.53444],[122.078346,11.534751],[122.079033,11.53436],[122.080009,11.53405],[122.080368,11.53393],[122.080383,11.534],[122.080841,11.534],[122.080994,11.5338],[122.081627,11.53352],[122.082863,11.53307],[122.083572,11.53364],[122.084427,11.53473],[122.085312,11.53545],[122.086533,11.53729],[122.086998,11.53785],[122.087608,11.53895],[122.088203,11.53984],[122.089317,11.54066],[122.090218,11.54099],[122.091927,11.54016],[122.093353,11.54013],[122.094261,11.54043],[122.094978,11.54049]]]]}},{"type":"Feature","properties":{"ID_0":177,"ISO":"PHL","NAME_0":"Philippines","ID_1":6006,"NAME_1":"Antique","ID_2":600615,"NAME_2":"Sebaste","ID_3":600615005,"NAME_3":"Bacalan","NL_NAME_3":null,"VARNAME_3":null,"TYPE_3":"Barangay","ENGTYPE_3":"Village","PROVINCE":"Antique","REGION":"Region VI (Western Visayas)","id":"barangay-0600615005","name":"Bacalan","barangayCode":"0600615005","population":null,"formattedPop":null,"densityCategory":"No data","vulnerabilityRating":"No data","healthRiskLevel":"No data","areaKm2":3.750517,"centerLat":11.549833,"centerLng":122.089259,"geometrySource":"all_barangay-2.csv detailed WKT","geometryMatchMethod":"unique_official_admin_names","boundaryPointCount":80},"geometry":{"type":"MultiPolygon","coordinates":[[[[122.099564,11.55906],[122.094978,11.54049],[122.094261,11.54043],[122.093353,11.54013],[122.091927,11.54016],[122.090218,11.54099],[122.089317,11.54066],[122.088203,11.53984],[122.087608,11.53895],[122.086998,11.53785],[122.086533,11.53729],[122.085312,11.53545],[122.084427,11.53473],[122.083572,11.53364],[122.082863,11.53307],[122.081627,11.53352],[122.080994,11.5338],[122.080841,11.534],[122.080383,11.534],[122.080368,11.53393],[122.080009,11.53405],[122.079033,11.53436],[122.078346,11.534751],[122.078331,11.535],[122.078056,11.53528],[122.078056,11.53556],[122.078331,11.53583],[122.078331,11.53611],[122.078613,11.53639],[122.078613,11.53944],[122.078056,11.54],[122.078056,11.54139],[122.078331,11.54167],[122.078331,11.54194],[122.078056,11.54222],[122.078056,11.5425],[122.078613,11.54306],[122.078613,11.54333],[122.078888,11.54361],[122.078888,11.54389],[122.079437,11.54444],[122.079437,11.54472],[122.07972,11.545],[122.07972,11.54528],[122.080002,11.54556],[122.080002,11.54611],[122.080276,11.54639],[122.080276,11.54667],[122.080559,11.54694],[122.080559,11.54722],[122.081108,11.54778],[122.081108,11.54806],[122.082222,11.54917],[122.082497,11.54917],[122.083054,11.54972],[122.083237,11.55074],[122.083588,11.55122],[122.083733,11.55163],[122.084084,11.55239],[122.084641,11.55343],[122.084923,11.55398],[122.085197,11.55495],[122.085411,11.55584],[122.085617,11.55688],[122.085693,11.55764],[122.085899,11.5584],[122.086243,11.55936],[122.086517,11.56005],[122.086617,11.56091],[122.086578,11.56018],[122.086746,11.56052],[122.087921,11.56021],[122.08918,11.55913],[122.090233,11.55806],[122.091423,11.55827],[122.093353,11.55803],[122.094711,11.55864],[122.096107,11.55867],[122.09729,11.55889],[122.099564,11.55906]]]]}},{"type":"Feature","properties":{"ID_0":177,"ISO":"PHL","NAME_0":"Philippines","ID_1":6006,"NAME_1":"Antique","ID_2":600615,"NAME_2":"Sebaste","ID_3":600615006,"NAME_3":"Callan","NL_NAME_3":null,"VARNAME_3":null,"TYPE_3":"Barangay","ENGTYPE_3":"Village","PROVINCE":"Antique","REGION":"Region VI (Western Visayas)","id":"barangay-0600615006","name":"Callan","barangayCode":"0600615006","population":null,"formattedPop":null,"densityCategory":"No data","vulnerabilityRating":"No data","healthRiskLevel":"No data","areaKm2":12.059539,"centerLat":11.666916,"centerLng":122.127245,"geometrySource":"all_barangay-2.csv detailed WKT","geometryMatchMethod":"unique_official_admin_names","boundaryPointCount":123},"geometry":{"type":"MultiPolygon","coordinates":[[[[122.162354,11.67634],[122.162003,11.67574],[122.161789,11.67538],[122.161552,11.67501],[122.160744,11.67372],[122.15847,11.67097],[122.15596,11.66827],[122.152328,11.66418],[122.14994,11.66183],[122.141273,11.66158],[122.122559,11.65988],[122.117241,11.65869],[122.116379,11.65832],[122.115387,11.65789],[122.114838,11.65777],[122.114212,11.65755],[122.11293,11.65701],[122.11216,11.65695],[122.111191,11.65661],[122.110184,11.65611],[122.108688,11.65606],[122.107452,11.65616],[122.106537,11.65581],[122.105743,11.65615],[122.105186,11.65593],[122.104607,11.65523],[122.103828,11.65468],[122.103203,11.65513],[122.102966,11.65561],[122.102699,11.65612],[122.102287,11.65623],[122.102173,11.65626],[122.101097,11.65638],[122.100838,11.65734],[122.100563,11.65833],[122.100281,11.65833],[122.099998,11.65861],[122.099998,11.65889],[122.099716,11.65917],[122.099716,11.65972],[122.099167,11.66028],[122.099167,11.66083],[122.098892,11.66111],[122.098892,11.66167],[122.098343,11.66222],[122.098343,11.66333],[122.098053,11.66361],[122.098053,11.66389],[122.097778,11.66417],[122.097778,11.66444],[122.097504,11.66472],[122.097504,11.665],[122.097221,11.66528],[122.097221,11.66556],[122.096947,11.66583],[122.096947,11.66611],[122.096657,11.66639],[122.096657,11.6675],[122.09639,11.66778],[122.09639,11.66806],[122.096107,11.66833],[122.096107,11.66861],[122.095833,11.66889],[122.095833,11.67],[122.095558,11.67028],[122.095558,11.67167],[122.096161,11.67141],[122.097099,11.67113],[122.098457,11.67175],[122.100388,11.67231],[122.10157,11.6722],[122.10289,11.67178],[122.104027,11.67235],[122.10482,11.67305],[122.106033,11.67324],[122.107239,11.67274],[122.108177,11.6724],[122.10952,11.67224],[122.109917,11.67124],[122.110641,11.6704],[122.111267,11.66994],[122.111588,11.66903],[122.112503,11.66806],[122.113869,11.66792],[122.114738,11.66841],[122.115044,11.66894],[122.115341,11.67024],[122.115738,11.67122],[122.1166,11.67167],[122.116989,11.67183],[122.117439,11.6728],[122.117027,11.67385],[122.117218,11.67615],[122.117844,11.67648],[122.119217,11.67571],[122.121094,11.67555],[122.12162,11.67628],[122.122147,11.67694],[122.122627,11.67731],[122.123207,11.67813],[122.124474,11.67737],[122.125008,11.6774],[122.125633,11.67769],[122.126266,11.6784],[122.126534,11.67933],[122.128471,11.67967],[122.128822,11.68036],[122.128937,11.68069],[122.129211,11.68088],[122.129852,11.68107],[122.131233,11.67984],[122.132118,11.67976],[122.133423,11.6798],[122.134949,11.67996],[122.135674,11.68038],[122.136703,11.68088],[122.137192,11.68088],[122.137497,11.68087],[122.13797,11.68045],[122.14016,11.68093],[122.14164,11.68039],[122.142601,11.68036],[122.162354,11.67634]]]]}},{"type":"Feature","properties":{"ID_0":177,"ISO":"PHL","NAME_0":"Philippines","ID_1":6006,"NAME_1":"Antique","ID_2":600615,"NAME_2":"Sebaste","ID_3":600615007,"NAME_3":"Nauhon","NL_NAME_3":null,"VARNAME_3":null,"TYPE_3":"Barangay","ENGTYPE_3":"Village","PROVINCE":"Antique","REGION":"Region VI (Western Visayas)","id":"barangay-0600615007","name":"Nauhon","barangayCode":"0600615007","population":null,"formattedPop":null,"densityCategory":"No data","vulnerabilityRating":"No data","healthRiskLevel":"No data","areaKm2":7.728508,"centerLat":11.6504,"centerLng":122.123802,"geometrySource":"all_barangay-2.csv detailed WKT","geometryMatchMethod":"unique_official_admin_names","boundaryPointCount":95},"geometry":{"type":"MultiPolygon","coordinates":[[[[122.146439,11.65721],[122.145554,11.65571],[122.1446,11.65337],[122.143433,11.64987],[122.141693,11.64697],[122.141617,11.64638],[122.141563,11.64609],[122.129593,11.64627],[122.118317,11.64595],[122.117821,11.6458],[122.117104,11.64497],[122.115959,11.64339],[122.11483,11.64274],[122.113899,11.64183],[122.112877,11.64188],[122.112167,11.64103],[122.111366,11.64051],[122.110733,11.6397],[122.110123,11.63968],[122.109337,11.63891],[122.108963,11.6383],[122.108383,11.63711],[122.107521,11.63692],[122.106552,11.63658],[122.106102,11.63616],[122.105423,11.63627],[122.104897,11.63621],[122.104233,11.63667],[122.103783,11.63678],[122.10347,11.63716],[122.103027,11.63742],[122.102531,11.63705],[122.102013,11.6368],[122.101593,11.63754],[122.100937,11.6381],[122.100037,11.63805],[122.099693,11.6379],[122.099136,11.6378],[122.098892,11.63778],[122.098892,11.63806],[122.09861,11.63833],[122.098892,11.63861],[122.098892,11.63917],[122.099167,11.63944],[122.099167,11.63972],[122.099716,11.64028],[122.099716,11.64056],[122.099998,11.64083],[122.099998,11.64111],[122.100281,11.64139],[122.100281,11.64167],[122.100563,11.64195],[122.100563,11.64306],[122.10083,11.64333],[122.10083,11.645],[122.101112,11.64528],[122.101112,11.64639],[122.101387,11.64667],[122.101669,11.64639],[122.101936,11.64667],[122.101936,11.64889],[122.101753,11.64961],[122.101669,11.65086],[122.101669,11.65203],[122.101601,11.65313],[122.101532,11.65424],[122.101257,11.65527],[122.101112,11.65631],[122.101097,11.65638],[122.102173,11.65626],[122.102287,11.65623],[122.102699,11.65612],[122.102966,11.65561],[122.103203,11.65513],[122.103828,11.65468],[122.104607,11.65523],[122.105186,11.65593],[122.105743,11.65615],[122.106537,11.65581],[122.107452,11.65616],[122.108688,11.65606],[122.110184,11.65611],[122.111191,11.65661],[122.11216,11.65695],[122.11293,11.65701],[122.114212,11.65755],[122.114838,11.65777],[122.115387,11.65789],[122.116379,11.65832],[122.117241,11.65869],[122.122559,11.65988],[122.141273,11.66158],[122.14994,11.66183],[122.148453,11.65983],[122.146439,11.65721]]]]}},{"type":"Feature","properties":{"ID_0":177,"ISO":"PHL","NAME_0":"Philippines","ID_1":6006,"NAME_1":"Antique","ID_2":600615,"NAME_2":"Sebaste","ID_3":600615008,"NAME_3":"P. Javier","NL_NAME_3":null,"VARNAME_3":null,"TYPE_3":"Barangay","ENGTYPE_3":"Village","PROVINCE":"Antique","REGION":"Region VI (Western Visayas)","id":"barangay-0600615008","name":"P. Javier","barangayCode":"0600615008","population":null,"formattedPop":null,"densityCategory":"No data","vulnerabilityRating":"No data","healthRiskLevel":"No data","areaKm2":10.186131,"centerLat":11.526878,"centerLng":122.121486,"geometrySource":"all_barangay-2.csv detailed WKT","geometryMatchMethod":"unique_official_admin_names","boundaryPointCount":16},"geometry":{"type":"MultiPolygon","coordinates":[[[[122.154572,11.53194],[122.154198,11.53013],[122.153397,11.52828],[122.15139,11.52585],[122.148743,11.52281],[122.146179,11.5207],[122.145157,11.51976],[122.124786,11.51915],[122.123917,11.51929],[122.107384,11.51868],[122.106071,11.5209],[122.104691,11.52241],[122.102272,11.52469],[122.098137,11.52638],[122.097054,11.53153],[122.154572,11.53194]]]]}},{"type":"Feature","properties":{"ID_0":177,"ISO":"PHL","NAME_0":"Philippines","ID_1":6006,"NAME_1":"Antique","ID_2":600615,"NAME_2":"Sebaste","ID_3":600615009,"NAME_3":"Poblacion","NL_NAME_3":null,"VARNAME_3":null,"TYPE_3":"Barangay","ENGTYPE_3":"Village","PROVINCE":"Antique","REGION":"Region VI (Western Visayas)","id":"barangay-0600615009","name":"Poblacion","barangayCode":"0600615009","population":null,"formattedPop":null,"densityCategory":"No data","vulnerabilityRating":"No data","healthRiskLevel":"No data","areaKm2":18.582994,"centerLat":11.597566,"centerLng":122.120797,"geometrySource":"all_barangay-2.csv detailed WKT","geometryMatchMethod":"unique_official_admin_names","boundaryPointCount":165},"geometry":{"type":"MultiPolygon","coordinates":[[[[122.095284,11.61611],[122.096008,11.61598],[122.096184,11.61635],[122.096497,11.61672],[122.096779,11.61685],[122.096977,11.6168],[122.097191,11.61672],[122.098007,11.61685],[122.098602,11.61667],[122.099487,11.61658],[122.099983,11.61625],[122.100327,11.61582],[122.100563,11.61543],[122.100906,11.61508],[122.101677,11.61522],[122.102417,11.61589],[122.103088,11.61589],[122.103668,11.61652],[122.104027,11.61709],[122.105019,11.61774],[122.106033,11.61753],[122.106407,11.61663],[122.106934,11.61608],[122.107597,11.61522],[122.108368,11.61528],[122.10862,11.61498],[122.109177,11.61447],[122.109619,11.61331],[122.110168,11.61346],[122.110939,11.61289],[122.11132,11.61203],[122.111801,11.61139],[122.112389,11.61129],[122.113426,11.61079],[122.113869,11.61118],[122.114777,11.61099],[122.11525,11.6109],[122.115959,11.61098],[122.116409,11.61142],[122.116997,11.61251],[122.117538,11.61278],[122.117973,11.61292],[122.119324,11.61269],[122.120392,11.61294],[122.120888,11.61277],[122.121597,11.61285],[122.122627,11.61266],[122.123268,11.61286],[122.124031,11.6125],[122.124298,11.61214],[122.124336,11.6115],[122.124962,11.61098],[122.125633,11.61066],[122.126167,11.61069],[122.126808,11.60985],[122.127533,11.60991],[122.128891,11.61069],[122.130013,11.61141],[122.131126,11.6116],[122.131767,11.61211],[122.132858,11.61222],[122.133972,11.61255],[122.134697,11.61317],[122.135567,11.61383],[122.136513,11.61388],[122.137398,11.61388],[122.138557,11.61383],[122.139679,11.61323],[122.140556,11.61228],[122.141472,11.61175],[122.142326,11.6118],[122.142708,11.6116],[122.143356,11.61184],[122.144524,11.61177],[122.14505,11.60947],[122.145859,11.6073],[122.146606,11.60429],[122.14859,11.59963],[122.149841,11.5967],[122.150124,11.59589],[122.149841,11.59263],[122.147789,11.58795],[122.145729,11.5835],[122.144417,11.58087],[122.143822,11.57975],[122.121307,11.5827],[122.11937,11.58308],[122.119148,11.5832],[122.118378,11.58344],[122.117622,11.58418],[122.116173,11.58442],[122.11557,11.58541],[122.114433,11.58641],[122.113487,11.58685],[122.112167,11.58678],[122.110619,11.58678],[122.109993,11.58752],[122.109009,11.58718],[122.107567,11.5874],[122.107193,11.58714],[122.106934,11.58684],[122.106438,11.58649],[122.105339,11.58675],[122.104263,11.58685],[122.103111,11.58646],[122.102448,11.58599],[122.101692,11.58576],[122.100677,11.58564],[122.100067,11.58529],[122.099297,11.58575],[122.098518,11.58567],[122.097931,11.58515],[122.097183,11.58515],[122.096764,11.58528],[122.096352,11.58571],[122.095581,11.5859],[122.095047,11.58573],[122.09481,11.5853],[122.094337,11.5851],[122.093681,11.5854],[122.093193,11.58587],[122.092682,11.586],[122.09227,11.58598],[122.092079,11.58583],[122.091942,11.58584],[122.091942,11.58611],[122.091667,11.58639],[122.091942,11.58667],[122.091942,11.58694],[122.092209,11.58721],[122.092781,11.58778],[122.092781,11.58833],[122.09333,11.58889],[122.09333,11.59056],[122.093613,11.59083],[122.09333,11.59338],[122.093193,11.59428],[122.093193,11.59586],[122.09333,11.59738],[122.093597,11.59862],[122.093681,11.59966],[122.093887,11.60021],[122.093964,11.60038],[122.09417,11.60083],[122.094261,11.60088],[122.094719,11.60111],[122.094719,11.60165],[122.094719,11.60194],[122.095123,11.60234],[122.095284,11.6025],[122.095284,11.60262],[122.095284,11.60333],[122.095558,11.60361],[122.095558,11.60417],[122.095001,11.60472],[122.095001,11.605],[122.095284,11.60528],[122.095284,11.60611],[122.095558,11.60639],[122.095558,11.60833],[122.095284,11.60861],[122.095284,11.6125],[122.095001,11.61278],[122.095001,11.61583],[122.095284,11.61611]]]]}},{"type":"Feature","properties":{"ID_0":177,"ISO":"PHL","NAME_0":"Philippines","ID_1":6006,"NAME_1":"Antique","ID_2":600615,"NAME_2":"Sebaste","ID_3":600615010,"NAME_3":"Idio","NL_NAME_3":null,"VARNAME_3":null,"TYPE_3":"Barangay","ENGTYPE_3":"Village","PROVINCE":"Antique","REGION":"Region VI (Western Visayas)","id":"barangay-0600615010","name":"Idio","barangayCode":"0600615010","population":null,"formattedPop":null,"densityCategory":"No data","vulnerabilityRating":"No data","healthRiskLevel":"No data","areaKm2":16.501334,"centerLat":11.627602,"centerLng":122.121816,"geometrySource":"all_barangay-2.csv detailed WKT","geometryMatchMethod":"unique_official_admin_names","boundaryPointCount":152},"geometry":{"type":"MultiPolygon","coordinates":[[[[122.141563,11.64609],[122.141243,11.64472],[122.140938,11.64216],[122.140991,11.63987],[122.141472,11.63779],[122.141907,11.63525],[122.142326,11.63347],[122.142632,11.63167],[122.142967,11.62951],[122.14325,11.62807],[122.143356,11.62412],[122.143227,11.62142],[122.143242,11.61926],[122.143494,11.61793],[122.143761,11.61603],[122.14415,11.61401],[122.144524,11.61177],[122.143356,11.61184],[122.142708,11.6116],[122.142326,11.6118],[122.141472,11.61175],[122.140556,11.61228],[122.139679,11.61323],[122.138557,11.61383],[122.137398,11.61388],[122.136513,11.61388],[122.135567,11.61383],[122.134697,11.61317],[122.133972,11.61255],[122.132858,11.61222],[122.131767,11.61211],[122.131126,11.6116],[122.130013,11.61141],[122.128891,11.61069],[122.127533,11.60991],[122.126808,11.60985],[122.126167,11.61069],[122.125633,11.61066],[122.124962,11.61098],[122.124336,11.6115],[122.124298,11.61214],[122.124031,11.6125],[122.123268,11.61286],[122.122627,11.61266],[122.121597,11.61285],[122.120888,11.61277],[122.120392,11.61294],[122.119324,11.61269],[122.117973,11.61292],[122.117538,11.61278],[122.116997,11.61251],[122.116409,11.61142],[122.115959,11.61098],[122.11525,11.6109],[122.114777,11.61099],[122.113869,11.61118],[122.113426,11.61079],[122.112389,11.61129],[122.111801,11.61139],[122.11132,11.61203],[122.110939,11.61289],[122.110168,11.61346],[122.109619,11.61331],[122.109177,11.61447],[122.10862,11.61498],[122.108368,11.61528],[122.107597,11.61522],[122.106934,11.61608],[122.106407,11.61663],[122.106033,11.61753],[122.105019,11.61774],[122.104027,11.61709],[122.103668,11.61652],[122.103088,11.61589],[122.102417,11.61589],[122.101677,11.61522],[122.100906,11.61508],[122.100563,11.61543],[122.100327,11.61582],[122.099983,11.61625],[122.099487,11.61658],[122.098602,11.61667],[122.098007,11.61685],[122.097191,11.61672],[122.096977,11.6168],[122.096779,11.61685],[122.096497,11.61672],[122.096184,11.61635],[122.096008,11.61598],[122.095284,11.61611],[122.095284,11.61806],[122.095558,11.61833],[122.095558,11.61889],[122.095833,11.61917],[122.095833,11.61972],[122.096107,11.62],[122.096107,11.62028],[122.09639,11.62056],[122.09639,11.62083],[122.096657,11.62111],[122.096657,11.62306],[122.096947,11.62333],[122.096947,11.62389],[122.096657,11.62417],[122.096657,11.62944],[122.096947,11.62972],[122.096947,11.63083],[122.097221,11.63111],[122.097221,11.63139],[122.097504,11.63167],[122.097504,11.63278],[122.097778,11.63306],[122.097778,11.63333],[122.098053,11.63361],[122.098053,11.63417],[122.098343,11.63444],[122.098343,11.63556],[122.09861,11.63583],[122.09861,11.6375],[122.098892,11.63778],[122.099136,11.6378],[122.099693,11.6379],[122.100037,11.63805],[122.100937,11.6381],[122.101593,11.63754],[122.102013,11.6368],[122.102531,11.63705],[122.103027,11.63742],[122.10347,11.63716],[122.103783,11.63678],[122.104233,11.63667],[122.104897,11.63621],[122.105423,11.63627],[122.106102,11.63616],[122.106552,11.63658],[122.107521,11.63692],[122.108383,11.63711],[122.108963,11.6383],[122.109337,11.63891],[122.110123,11.63968],[122.110733,11.6397],[122.111366,11.64051],[122.112167,11.64103],[122.112877,11.64188],[122.113899,11.64183],[122.11483,11.64274],[122.115959,11.64339],[122.117104,11.64497],[122.117821,11.6458],[122.118317,11.64595],[122.129593,11.64627],[122.141563,11.64609]]]]}},{"type":"Feature","properties":{"ID_0":177,"ISO":"PHL","NAME_0":"Philippines","ID_1":6006,"NAME_1":"Antique","ID_2":600616,"NAME_2":"Sibalom","ID_3":600616002,"NAME_3":"Alangan","NL_NAME_3":null,"VARNAME_3":null,"TYPE_3":"Barangay","ENGTYPE_3":"Village","PROVINCE":"Antique","REGION":"Region VI (Western Visayas)","id":"barangay-0600616002","name":"Alangan","barangayCode":"0600616002","population":null,"formattedPop":null,"densityCategory":"No data","vulnerabilityRating":"No data","healthRiskLevel":"No data","areaKm2":1.528887,"centerLat":10.80344,"centerLng":121.996384,"geometrySource":"all_barangay-2.csv detailed WKT","geometryMatchMethod":"unique_official_admin_names","boundaryPointCount":24},"geometry":{"type":"MultiPolygon","coordinates":[[[[122.0,10.80875],[122.001053,10.80847],[122.001694,10.80836],[122.002571,10.80771],[122.002487,10.80732],[122.000977,10.80018],[121.990082,10.80017],[121.989853,10.81089],[121.989853,10.8115],[121.990257,10.81181],[121.990517,10.81212],[121.991043,10.81227],[121.991493,10.81243],[121.992157,10.81248],[121.992889,10.81224],[121.993301,10.81188],[121.993782,10.81112],[121.994293,10.8106],[121.995323,10.80999],[121.996071,10.80965],[121.997017,10.80938],[121.998123,10.80907],[121.998932,10.80889],[122.0,10.80875]]]]}},{"type":"Feature","properties":{"ID_0":177,"ISO":"PHL","NAME_0":"Philippines","ID_1":6006,"NAME_1":"Antique","ID_2":600616,"NAME_2":"Sibalom","ID_3":600616003,"NAME_3":"Valentin Grasparil","NL_NAME_3":null,"VARNAME_3":null,"TYPE_3":"Barangay","ENGTYPE_3":"Village","PROVINCE":"Antique","REGION":"Region VI (Western Visayas)","id":"barangay-0600616003","name":"Valentin Grasparil","barangayCode":"0600616003","population":null,"formattedPop":null,"densityCategory":"No data","vulnerabilityRating":"No data","healthRiskLevel":"No data","areaKm2":7.950883,"centerLat":10.715362,"centerLng":122.095522,"geometrySource":"all_barangay-2.csv detailed WKT","geometryMatchMethod":"unique_official_admin_names","boundaryPointCount":24},"geometry":{"type":"MultiPolygon","coordinates":[[[[122.106071,10.72488],[122.113831,10.71798],[122.113228,10.71696],[122.112869,10.7162],[122.111214,10.71561],[122.109543,10.71557],[122.10511,10.71458],[122.101059,10.71329],[122.096977,10.71171],[122.091721,10.70964],[122.086502,10.70758],[122.084702,10.70709],[122.082802,10.70607],[122.084663,10.72235],[122.086998,10.72144],[122.089149,10.72071],[122.091293,10.72045],[122.093643,10.72011],[122.095993,10.7201],[122.09861,10.72047],[122.100403,10.72099],[122.103111,10.7225],[122.105011,10.72402],[122.106071,10.72488]]]]}},{"type":"Feature","properties":{"ID_0":177,"ISO":"PHL","NAME_0":"Philippines","ID_1":6006,"NAME_1":"Antique","ID_2":600616,"NAME_2":"Sibalom","ID_3":600616004,"NAME_3":"Bari","NL_NAME_3":null,"VARNAME_3":null,"TYPE_3":"Barangay","ENGTYPE_3":"Village","PROVINCE":"Antique","REGION":"Region VI (Western Visayas)","id":"barangay-0600616004","name":"Bari","barangayCode":"0600616004","population":null,"formattedPop":null,"densityCategory":"No data","vulnerabilityRating":"No data","healthRiskLevel":"No data","areaKm2":0.696383,"centerLat":10.797295,"centerLng":122.005094,"geometrySource":"all_barangay-2.csv detailed WKT","geometryMatchMethod":"unique_official_admin_names","boundaryPointCount":20},"geometry":{"type":"MultiPolygon","coordinates":[[[[122.002571,10.80771],[122.003662,10.80709],[122.004532,10.80643],[122.005379,10.8057],[122.006248,10.8048],[122.006813,10.80402],[122.00737,10.80319],[122.008003,10.80211],[122.008362,10.8011],[122.008812,10.80043],[122.009506,10.80012],[122.010658,10.80016],[122.010681,10.79954],[122.009811,10.79581],[122.008347,10.7927],[122.007957,10.79276],[122.00045,10.7941],[122.000977,10.80018],[122.002487,10.80732],[122.002571,10.80771]]]]}},{"type":"Feature","properties":{"ID_0":177,"ISO":"PHL","NAME_0":"Philippines","ID_1":6006,"NAME_1":"Antique","ID_2":600616,"NAME_2":"Sibalom","ID_3":600616005,"NAME_3":"Biga-a","NL_NAME_3":null,"VARNAME_3":null,"TYPE_3":"Barangay","ENGTYPE_3":"Village","PROVINCE":"Antique","REGION":"Region VI (Western Visayas)","id":"barangay-0600616005","name":"Biga-a","barangayCode":"0600616005","population":null,"formattedPop":null,"densityCategory":"No data","vulnerabilityRating":"No data","healthRiskLevel":"No data","areaKm2":0.941245,"centerLat":10.816541,"centerLng":121.997531,"geometrySource":"all_barangay-2.csv detailed WKT","geometryMatchMethod":"unique_official_admin_names","boundaryPointCount":8},"geometry":{"type":"MultiPolygon","coordinates":[[[[122.000183,10.8235],[121.99942,10.82274],[121.999046,10.82214],[121.998756,10.8205],[121.998642,10.8167],[121.987038,10.82001],[121.993896,10.82723],[122.000183,10.8235]]]]}},{"type":"Feature","properties":{"ID_0":177,"ISO":"PHL","NAME_0":"Philippines","ID_1":6006,"NAME_1":"Antique","ID_2":600616,"NAME_2":"Sibalom","ID_3":600616006,"NAME_3":"Bongbongan I","NL_NAME_3":null,"VARNAME_3":null,"TYPE_3":"Barangay","ENGTYPE_3":"Village","PROVINCE":"Antique","REGION":"Region VI (Western Visayas)","id":"barangay-0600616006","name":"Bongbongan I","barangayCode":"0600616006","population":null,"formattedPop":null,"densityCategory":"No data","vulnerabilityRating":"No data","healthRiskLevel":"No data","areaKm2":2.553358,"centerLat":10.842951,"centerLng":122.027649,"geometrySource":"all_barangay-2.csv detailed WKT","geometryMatchMethod":"unique_official_admin_names","boundaryPointCount":20},"geometry":{"type":"MultiPolygon","coordinates":[[[[122.028526,10.83825],[122.031029,10.83558],[122.031853,10.83401],[122.031929,10.8327],[122.03228,10.83144],[122.033363,10.82975],[122.034157,10.82907],[122.035103,10.82865],[122.035873,10.82877],[122.036797,10.82875],[122.037407,10.82784],[122.036942,10.82681],[122.03656,10.82614],[122.036583,10.82543],[122.037323,10.82471],[122.038254,10.82401],[122.026962,10.82329],[122.018929,10.83393],[122.019073,10.83842],[122.028526,10.83825]]]]}},{"type":"Feature","properties":{"ID_0":177,"ISO":"PHL","NAME_0":"Philippines","ID_1":6006,"NAME_1":"Antique","ID_2":600616,"NAME_2":"Sibalom","ID_3":600616007,"NAME_3":"Bongbongan II","NL_NAME_3":null,"VARNAME_3":null,"TYPE_3":"Barangay","ENGTYPE_3":"Village","PROVINCE":"Antique","REGION":"Region VI (Western Visayas)","id":"barangay-0600616007","name":"Bongbongan II","barangayCode":"0600616007","population":null,"formattedPop":null,"densityCategory":"No data","vulnerabilityRating":"No data","healthRiskLevel":"No data","areaKm2":5.656129,"centerLat":10.821602,"centerLng":122.030453,"geometrySource":"all_barangay-2.csv detailed WKT","geometryMatchMethod":"unique_official_admin_names","boundaryPointCount":25},"geometry":{"type":"MultiPolygon","coordinates":[[[[122.038254,10.82401],[122.038521,10.8236],[122.038551,10.82305],[122.039551,10.82257],[122.039818,10.82206],[122.039268,10.8212],[122.038727,10.82063],[122.037888,10.81973],[122.037598,10.81909],[122.037376,10.81794],[122.036797,10.81719],[122.036469,10.8164],[122.036087,10.81568],[122.035797,10.81496],[122.036118,10.81407],[122.036362,10.81345],[122.036346,10.81281],[122.036346,10.81209],[122.036346,10.81116],[122.036339,10.81026],[122.036331,10.80947],[122.035713,10.80947],[122.025284,10.81146],[122.026962,10.82329],[122.038254,10.82401]]]]}},{"type":"Feature","properties":{"ID_0":177,"ISO":"PHL","NAME_0":"Philippines","ID_1":6006,"NAME_1":"Antique","ID_2":600616,"NAME_2":"Sibalom","ID_3":600616008,"NAME_3":"Bongsod","NL_NAME_3":null,"VARNAME_3":null,"TYPE_3":"Barangay","ENGTYPE_3":"Village","PROVINCE":"Antique","REGION":"Region VI (Western Visayas)","id":"barangay-0600616008","name":"Bongsod","barangayCode":"0600616008","population":null,"formattedPop":null,"densityCategory":"No data","vulnerabilityRating":"No data","healthRiskLevel":"No data","areaKm2":1.048004,"centerLat":10.800859,"centerLng":121.986496,"geometrySource":"all_barangay-2.csv detailed WKT","geometryMatchMethod":"unique_official_admin_names","boundaryPointCount":23},"geometry":{"type":"MultiPolygon","coordinates":[[[[121.979233,10.8061],[121.980164,10.80596],[121.981033,10.80591],[121.982048,10.80591],[121.983009,10.80617],[121.983597,10.80672],[121.984131,10.80712],[121.984734,10.80749],[121.985321,10.80791],[121.986137,10.80854],[121.986847,10.80907],[121.987381,10.80949],[121.987877,10.80994],[121.98835,10.81026],[121.988731,10.81078],[121.989273,10.8111],[121.989853,10.8115],[121.989853,10.81089],[121.990082,10.80017],[121.985947,10.80028],[121.978127,10.79993],[121.979103,10.80571],[121.979233,10.8061]]]]}},{"type":"Feature","properties":{"ID_0":177,"ISO":"PHL","NAME_0":"Philippines","ID_1":6006,"NAME_1":"Antique","ID_2":600616,"NAME_2":"Sibalom","ID_3":600616009,"NAME_3":"Bontol","NL_NAME_3":null,"VARNAME_3":null,"TYPE_3":"Barangay","ENGTYPE_3":"Village","PROVINCE":"Antique","REGION":"Region VI (Western Visayas)","id":"barangay-0600616009","name":"Bontol","barangayCode":"0600616009","population":null,"formattedPop":null,"densityCategory":"No data","vulnerabilityRating":"No data","healthRiskLevel":"No data","areaKm2":2.299203,"centerLat":10.758481,"centerLng":122.091657,"geometrySource":"all_barangay-2.csv detailed WKT","geometryMatchMethod":"unique_official_admin_names","boundaryPointCount":22},"geometry":{"type":"MultiPolygon","coordinates":[[[[122.098953,10.76267],[122.098389,10.75756],[122.096832,10.75009],[122.086617,10.75423],[122.078789,10.75597],[122.078407,10.76235],[122.079262,10.76315],[122.080276,10.7637],[122.082497,10.76363],[122.084213,10.76326],[122.085709,10.76407],[122.086594,10.76473],[122.087959,10.76558],[122.089081,10.76619],[122.089882,10.76651],[122.091522,10.76644],[122.092667,10.76612],[122.094276,10.76555],[122.095741,10.76446],[122.096817,10.76357],[122.097672,10.76316],[122.098953,10.76267]]]]}},{"type":"Feature","properties":{"ID_0":177,"ISO":"PHL","NAME_0":"Philippines","ID_1":6006,"NAME_1":"Antique","ID_2":600616,"NAME_2":"Sibalom","ID_3":600616010,"NAME_3":"Bugnay","NL_NAME_3":null,"VARNAME_3":null,"TYPE_3":"Barangay","ENGTYPE_3":"Village","PROVINCE":"Antique","REGION":"Region VI (Western Visayas)","id":"barangay-0600616010","name":"Bugnay","barangayCode":"0600616010","population":null,"formattedPop":null,"densityCategory":"No data","vulnerabilityRating":"No data","healthRiskLevel":"No data","areaKm2":5.667368,"centerLat":10.794878,"centerLng":122.098149,"geometrySource":"all_barangay-2.csv detailed WKT","geometryMatchMethod":"unique_official_admin_names","boundaryPointCount":46},"geometry":{"type":"MultiPolygon","coordinates":[[[[122.094902,10.80872],[122.105133,10.81095],[122.11364,10.81404],[122.131126,10.80701],[122.130417,10.80672],[122.130051,10.80628],[122.129959,10.80587],[122.129913,10.8054],[122.129791,10.80481],[122.129066,10.80445],[122.127831,10.80466],[122.126068,10.80505],[122.124641,10.80508],[122.123871,10.80473],[122.122757,10.80444],[122.121277,10.80385],[122.120453,10.80292],[122.119453,10.80268],[122.118889,10.80214],[122.117973,10.80189],[122.117218,10.80213],[122.116013,10.8019],[122.115028,10.80158],[122.113899,10.80145],[122.112251,10.80088],[122.110741,10.80013],[122.109306,10.79937],[122.108398,10.79856],[122.099792,10.79192],[122.099388,10.79292],[122.099213,10.79312],[122.098824,10.79417],[122.09861,10.7954],[122.098541,10.79632],[122.097977,10.79724],[122.097343,10.79792],[122.097313,10.79949],[122.097198,10.7996],[122.097031,10.79985],[122.097061,10.80076],[122.09655,10.80275],[122.096092,10.80433],[122.095833,10.80568],[122.095177,10.80686],[122.094803,10.80778],[122.094902,10.80872]]]]}},{"type":"Feature","properties":{"ID_0":177,"ISO":"PHL","NAME_0":"Philippines","ID_1":6006,"NAME_1":"Antique","ID_2":600616,"NAME_2":"Sibalom","ID_3":600616011,"NAME_3":"Bululacao","NL_NAME_3":null,"VARNAME_3":null,"TYPE_3":"Barangay","ENGTYPE_3":"Village","PROVINCE":"Antique","REGION":"Region VI (Western Visayas)","id":"barangay-0600616011","name":"Bululacao","barangayCode":"0600616011","population":null,"formattedPop":null,"densityCategory":"No data","vulnerabilityRating":"No data","healthRiskLevel":"No data","areaKm2":2.306538,"centerLat":10.742183,"centerLng":122.102633,"geometrySource":"all_barangay-2.csv detailed WKT","geometryMatchMethod":"unique_official_admin_names","boundaryPointCount":16},"geometry":{"type":"MultiPolygon","coordinates":[[[[122.098389,10.75756],[122.100471,10.7553],[122.101822,10.75385],[122.10302,10.75275],[122.107803,10.74986],[122.112251,10.74701],[122.112923,10.74691],[122.113159,10.7456],[122.112984,10.74437],[122.112427,10.74289],[122.111893,10.74095],[122.112373,10.74061],[122.097092,10.73297],[122.096161,10.74021],[122.096832,10.75009],[122.098389,10.75756]]]]}},{"type":"Feature","properties":{"ID_0":177,"ISO":"PHL","NAME_0":"Philippines","ID_1":6006,"NAME_1":"Antique","ID_2":600616,"NAME_2":"Sibalom","ID_3":600616012,"NAME_3":"Cabanbanan","NL_NAME_3":null,"VARNAME_3":null,"TYPE_3":"Barangay","ENGTYPE_3":"Village","PROVINCE":"Antique","REGION":"Region VI (Western Visayas)","id":"barangay-0600616012","name":"Cabanbanan","barangayCode":"0600616012","population":null,"formattedPop":null,"densityCategory":"No data","vulnerabilityRating":"No data","healthRiskLevel":"No data","areaKm2":7.878182,"centerLat":10.799278,"centerLng":122.128665,"geometrySource":"all_barangay-2.csv detailed WKT","geometryMatchMethod":"unique_official_admin_names","boundaryPointCount":44},"geometry":{"type":"MultiPolygon","coordinates":[[[[122.146141,10.82073],[122.151817,10.82082],[122.167824,10.82041],[122.199966,10.81631],[122.193024,10.79883],[122.158447,10.80555],[122.157333,10.80568],[122.156288,10.80634],[122.155167,10.80694],[122.153938,10.80709],[122.152428,10.80675],[122.151039,10.80637],[122.149406,10.80667],[122.148109,10.80707],[122.147476,10.8071],[122.146011,10.80705],[122.145142,10.80645],[122.143661,10.80562],[122.142921,10.80572],[122.141838,10.80597],[122.140244,10.80602],[122.138344,10.80584],[122.136917,10.80559],[122.135437,10.80573],[122.133781,10.80528],[122.132477,10.80475],[122.130707,10.80437],[122.130234,10.80463],[122.129791,10.80481],[122.129913,10.8054],[122.129959,10.80587],[122.130051,10.80628],[122.130417,10.80672],[122.131126,10.80701],[122.133057,10.80734],[122.134354,10.80745],[122.135338,10.80801],[122.136703,10.80907],[122.137917,10.81018],[122.140533,10.81497],[122.141953,10.81721],[122.14296,10.81822],[122.144241,10.81927],[122.146141,10.82073]]]]}},{"type":"Feature","properties":{"ID_0":177,"ISO":"PHL","NAME_0":"Philippines","ID_1":6006,"NAME_1":"Antique","ID_2":600616,"NAME_2":"Sibalom","ID_3":600616013,"NAME_3":"Cabariuan","NL_NAME_3":null,"VARNAME_3":null,"TYPE_3":"Barangay","ENGTYPE_3":"Village","PROVINCE":"Antique","REGION":"Region VI (Western Visayas)","id":"barangay-0600616013","name":"Cabariuan","barangayCode":"0600616013","population":null,"formattedPop":null,"densityCategory":"No data","vulnerabilityRating":"No data","healthRiskLevel":"No data","areaKm2":1.969858,"centerLat":10.830175,"centerLng":122.002167,"geometrySource":"all_barangay-2.csv detailed WKT","geometryMatchMethod":"unique_official_admin_names","boundaryPointCount":7},"geometry":{"type":"MultiPolygon","coordinates":[[[[122.003754,10.83879],[122.008118,10.83208],[122.002342,10.82218],[122.000183,10.8235],[121.993896,10.82723],[121.997498,10.83868],[122.003754,10.83879]]]]}},{"type":"Feature","properties":{"ID_0":177,"ISO":"PHL","NAME_0":"Philippines","ID_1":6006,"NAME_1":"Antique","ID_2":600616,"NAME_2":"Sibalom","ID_3":600616014,"NAME_3":"Cabladan","NL_NAME_3":null,"VARNAME_3":null,"TYPE_3":"Barangay","ENGTYPE_3":"Village","PROVINCE":"Antique","REGION":"Region VI (Western Visayas)","id":"barangay-0600616014","name":"Cabladan","barangayCode":"0600616014","population":null,"formattedPop":null,"densityCategory":"No data","vulnerabilityRating":"No data","healthRiskLevel":"No data","areaKm2":15.939093,"centerLat":10.796618,"centerLng":122.162365,"geometrySource":"all_barangay-2.csv detailed WKT","geometryMatchMethod":"unique_official_admin_names","boundaryPointCount":41},"geometry":{"type":"MultiPolygon","coordinates":[[[[122.129791,10.80481],[122.130234,10.80463],[122.130707,10.80437],[122.132477,10.80475],[122.133781,10.80528],[122.135437,10.80573],[122.136917,10.80559],[122.138344,10.80584],[122.140244,10.80602],[122.141838,10.80597],[122.142921,10.80572],[122.143661,10.80562],[122.145142,10.80645],[122.146011,10.80705],[122.147476,10.8071],[122.148109,10.80707],[122.149406,10.80667],[122.151039,10.80637],[122.152428,10.80675],[122.153938,10.80709],[122.155167,10.80694],[122.156288,10.80634],[122.157333,10.80568],[122.158447,10.80555],[122.193024,10.79883],[122.186867,10.78339],[122.128563,10.7786],[122.120491,10.78079],[122.119583,10.78672],[122.117973,10.80189],[122.118889,10.80214],[122.119453,10.80268],[122.120453,10.80292],[122.121277,10.80385],[122.122757,10.80444],[122.123871,10.80473],[122.124641,10.80508],[122.126068,10.80505],[122.127831,10.80466],[122.129066,10.80445],[122.129791,10.80481]]]]}},{"type":"Feature","properties":{"ID_0":177,"ISO":"PHL","NAME_0":"Philippines","ID_1":6006,"NAME_1":"Antique","ID_2":600616,"NAME_2":"Sibalom","ID_3":600616015,"NAME_3":"Cadoldolan","NL_NAME_3":null,"VARNAME_3":null,"TYPE_3":"Barangay","ENGTYPE_3":"Village","PROVINCE":"Antique","REGION":"Region VI (Western Visayas)","id":"barangay-0600616015","name":"Cadoldolan","barangayCode":"0600616015","population":null,"formattedPop":null,"densityCategory":"No data","vulnerabilityRating":"No data","healthRiskLevel":"No data","areaKm2":2.933673,"centerLat":10.82694,"centerLng":122.015617,"geometrySource":"all_barangay-2.csv detailed WKT","geometryMatchMethod":"unique_official_admin_names","boundaryPointCount":5},"geometry":{"type":"MultiPolygon","coordinates":[[[[122.016228,10.83059],[122.009628,10.82254],[122.002342,10.82218],[122.008118,10.83208],[122.016228,10.83059]]]]}},{"type":"Feature","properties":{"ID_0":177,"ISO":"PHL","NAME_0":"Philippines","ID_1":6006,"NAME_1":"Antique","ID_2":600616,"NAME_2":"Sibalom","ID_3":600616016,"NAME_3":"Calo-oy","NL_NAME_3":null,"VARNAME_3":null,"TYPE_3":"Barangay","ENGTYPE_3":"Village","PROVINCE":"Antique","REGION":"Region VI (Western Visayas)","id":"barangay-0600616016","name":"Calo-oy","barangayCode":"0600616016","population":null,"formattedPop":null,"densityCategory":"No data","vulnerabilityRating":"No data","healthRiskLevel":"No data","areaKm2":1.387892,"centerLat":10.735508,"centerLng":122.090967,"geometrySource":"all_barangay-2.csv detailed WKT","geometryMatchMethod":"unique_official_admin_names","boundaryPointCount":29},"geometry":{"type":"MultiPolygon","coordinates":[[[[122.084427,10.74336],[122.080254,10.73407],[122.079597,10.73256],[122.07933,10.73215],[122.078941,10.73195],[122.073898,10.73217],[122.073936,10.73437],[122.074791,10.73645],[122.074432,10.73722],[122.074783,10.73817],[122.075348,10.73913],[122.076057,10.74004],[122.076851,10.74105],[122.077454,10.74168],[122.077927,10.74256],[122.078003,10.74301],[122.077637,10.74478],[122.078362,10.74442],[122.079002,10.74442],[122.079567,10.74445],[122.079781,10.74422],[122.080353,10.744],[122.081703,10.74401],[122.082481,10.74385],[122.082626,10.74369],[122.082832,10.74331],[122.083443,10.74303],[122.084084,10.7433],[122.084427,10.74336]]]]}},{"type":"Feature","properties":{"ID_0":177,"ISO":"PHL","NAME_0":"Philippines","ID_1":6006,"NAME_1":"Antique","ID_2":600616,"NAME_2":"Sibalom","ID_3":600616017,"NAME_3":"Calog","NL_NAME_3":null,"VARNAME_3":null,"TYPE_3":"Barangay","ENGTYPE_3":"Village","PROVINCE":"Antique","REGION":"Region VI (Western Visayas)","id":"barangay-0600616017","name":"Calog","barangayCode":"0600616017","population":null,"formattedPop":null,"densityCategory":"No data","vulnerabilityRating":"No data","healthRiskLevel":"No data","areaKm2":4.906309,"centerLat":10.742107,"centerLng":122.047786,"geometrySource":"all_barangay-2.csv detailed WKT","geometryMatchMethod":"unique_official_admin_names","boundaryPointCount":28},"geometry":{"type":"MultiPolygon","coordinates":[[[[122.058029,10.75239],[122.058006,10.7514],[122.058296,10.75036],[122.059341,10.74996],[122.058937,10.74853],[122.057747,10.73561],[122.056824,10.73093],[122.056503,10.73163],[122.056053,10.73165],[122.055573,10.73147],[122.054337,10.73176],[122.053543,10.73164],[122.052231,10.73193],[122.051758,10.73264],[122.050743,10.73299],[122.049377,10.73375],[122.048264,10.73473],[122.046631,10.73521],[122.045372,10.73521],[122.044456,10.73487],[122.043373,10.73473],[122.041496,10.73464],[122.039688,10.73447],[122.038719,10.73399],[122.037514,10.73384],[122.036926,10.73376],[122.034988,10.74874],[122.058029,10.75239]]]]}},{"type":"Feature","properties":{"ID_0":177,"ISO":"PHL","NAME_0":"Philippines","ID_1":6006,"NAME_1":"Antique","ID_2":600616,"NAME_2":"Sibalom","ID_3":600616018,"NAME_3":"Catmon","NL_NAME_3":null,"VARNAME_3":null,"TYPE_3":"Barangay","ENGTYPE_3":"Village","PROVINCE":"Antique","REGION":"Region VI (Western Visayas)","id":"barangay-0600616018","name":"Catmon","barangayCode":"0600616018","population":null,"formattedPop":null,"densityCategory":"No data","vulnerabilityRating":"No data","healthRiskLevel":"No data","areaKm2":1.132487,"centerLat":10.778548,"centerLng":122.026526,"geometrySource":"all_barangay-2.csv detailed WKT","geometryMatchMethod":"unique_official_admin_names","boundaryPointCount":6},"geometry":{"type":"MultiPolygon","coordinates":[[[[122.025383,10.78474],[122.032608,10.77609],[122.028587,10.77638],[122.016739,10.77289],[122.016891,10.77779],[122.025383,10.78474]]]]}},{"type":"Feature","properties":{"ID_0":177,"ISO":"PHL","NAME_0":"Philippines","ID_1":6006,"NAME_1":"Antique","ID_2":600616,"NAME_2":"Sibalom","ID_3":600616019,"NAME_3":"Catungan I","NL_NAME_3":null,"VARNAME_3":null,"TYPE_3":"Barangay","ENGTYPE_3":"Village","PROVINCE":"Antique","REGION":"Region VI (Western Visayas)","id":"barangay-0600616019","name":"Catungan I","barangayCode":"0600616019","population":null,"formattedPop":null,"densityCategory":"No data","vulnerabilityRating":"No data","healthRiskLevel":"No data","areaKm2":1.360156,"centerLat":10.767031,"centerLng":122.015577,"geometrySource":"all_barangay-2.csv detailed WKT","geometryMatchMethod":"unique_official_admin_names","boundaryPointCount":37},"geometry":{"type":"MultiPolygon","coordinates":[[[[122.016724,10.77074],[122.016708,10.76887],[122.016808,10.76363],[122.012993,10.75173],[122.012253,10.74802],[122.011543,10.74766],[122.010857,10.74746],[122.010223,10.74701],[122.009483,10.7466],[122.008369,10.74631],[122.007309,10.74659],[122.00634,10.74606],[122.005287,10.74641],[122.003838,10.74617],[122.003258,10.74506],[122.002136,10.74421],[122.001106,10.74361],[121.999847,10.74342],[121.998848,10.74391],[121.99678,10.743],[121.995377,10.74331],[121.994904,10.74385],[121.994499,10.74458],[121.997322,10.74526],[122.007217,10.75162],[122.001556,10.7542],[122.007698,10.77025],[122.009064,10.77013],[122.009712,10.77053],[122.011299,10.77176],[122.012932,10.77204],[122.013557,10.77178],[122.01342,10.77136],[122.013817,10.77083],[122.014557,10.77047],[122.015327,10.77077],[122.016724,10.77074]]]]}},{"type":"Feature","properties":{"ID_0":177,"ISO":"PHL","NAME_0":"Philippines","ID_1":6006,"NAME_1":"Antique","ID_2":600616,"NAME_2":"Sibalom","ID_3":600616020,"NAME_3":"Catungan II","NL_NAME_3":null,"VARNAME_3":null,"TYPE_3":"Barangay","ENGTYPE_3":"Village","PROVINCE":"Antique","REGION":"Region VI (Western Visayas)","id":"barangay-0600616020","name":"Catungan II","barangayCode":"0600616020","population":null,"formattedPop":null,"densityCategory":"No data","vulnerabilityRating":"No data","healthRiskLevel":"No data","areaKm2":1.758888,"centerLat":10.762551,"centerLng":122.002863,"geometrySource":"all_barangay-2.csv detailed WKT","geometryMatchMethod":"unique_official_admin_names","boundaryPointCount":21},"geometry":{"type":"MultiPolygon","coordinates":[[[[121.995117,10.77044],[121.995987,10.77107],[121.997551,10.77139],[121.998009,10.77148],[121.998894,10.7714],[122.000504,10.77086],[122.00148,10.7707],[122.00251,10.77022],[122.003212,10.77058],[122.004387,10.77067],[122.004967,10.77017],[122.006149,10.76955],[122.00676,10.76978],[122.007698,10.77025],[122.001556,10.7542],[121.993698,10.75741],[121.993584,10.7611],[121.993858,10.76413],[121.994408,10.76764],[121.994743,10.7697],[121.995117,10.77044]]]]}},{"type":"Feature","properties":{"ID_0":177,"ISO":"PHL","NAME_0":"Philippines","ID_1":6006,"NAME_1":"Antique","ID_2":600616,"NAME_2":"Sibalom","ID_3":600616021,"NAME_3":"Catungan III","NL_NAME_3":null,"VARNAME_3":null,"TYPE_3":"Barangay","ENGTYPE_3":"Village","PROVINCE":"Antique","REGION":"Region VI (Western Visayas)","id":"barangay-0600616021","name":"Catungan III","barangayCode":"0600616021","population":null,"formattedPop":null,"densityCategory":"No data","vulnerabilityRating":"No data","healthRiskLevel":"No data","areaKm2":1.363928,"centerLat":10.765108,"centerLng":121.995346,"geometrySource":"all_barangay-2.csv detailed WKT","geometryMatchMethod":"unique_official_admin_names","boundaryPointCount":19},"geometry":{"type":"MultiPolygon","coordinates":[[[[121.997192,10.78569],[121.997337,10.78464],[121.996849,10.77822],[121.995117,10.77044],[121.994743,10.7697],[121.994408,10.76764],[121.993858,10.76413],[121.993584,10.7611],[121.993698,10.75741],[121.986649,10.76032],[121.986267,10.77626],[121.986237,10.78027],[121.986877,10.78418],[121.987617,10.78406],[121.989471,10.7846],[121.991142,10.78467],[121.99379,10.78496],[121.995399,10.78533],[121.997192,10.78569]]]]}},{"type":"Feature","properties":{"ID_0":177,"ISO":"PHL","NAME_0":"Philippines","ID_1":6006,"NAME_1":"Antique","ID_2":600616,"NAME_2":"Sibalom","ID_3":600616022,"NAME_3":"Catungan IV","NL_NAME_3":null,"VARNAME_3":null,"TYPE_3":"Barangay","ENGTYPE_3":"Village","PROVINCE":"Antique","REGION":"Region VI (Western Visayas)","id":"barangay-0600616022","name":"Catungan IV","barangayCode":"0600616022","population":null,"formattedPop":null,"densityCategory":"No data","vulnerabilityRating":"No data","healthRiskLevel":"No data","areaKm2":2.195859,"centerLat":10.766598,"centerLng":121.985327,"geometrySource":"all_barangay-2.csv detailed WKT","geometryMatchMethod":"unique_official_admin_names","boundaryPointCount":12},"geometry":{"type":"MultiPolygon","coordinates":[[[[121.976028,10.7734],[121.976624,10.77399],[121.977242,10.77423],[121.977638,10.77443],[121.978073,10.77502],[121.978394,10.77611],[121.986267,10.77626],[121.986649,10.76032],[121.981812,10.7622],[121.980057,10.76515],[121.976082,10.77296],[121.976028,10.7734]]]]}},{"type":"Feature","properties":{"ID_0":177,"ISO":"PHL","NAME_0":"Philippines","ID_1":6006,"NAME_1":"Antique","ID_2":600616,"NAME_2":"Sibalom","ID_3":600616023,"NAME_3":"Cubay-Sermon","NL_NAME_3":null,"VARNAME_3":null,"TYPE_3":"Barangay","ENGTYPE_3":"Village","PROVINCE":"Antique","REGION":"Region VI (Western Visayas)","id":"barangay-0600616023","name":"Cubay-Sermon","barangayCode":"0600616023","population":null,"formattedPop":null,"densityCategory":"No data","vulnerabilityRating":"No data","healthRiskLevel":"No data","areaKm2":1.043611,"centerLat":10.783333,"centerLng":122.025706,"geometrySource":"all_barangay-2.csv detailed WKT","geometryMatchMethod":"unique_official_admin_names","boundaryPointCount":20},"geometry":{"type":"MultiPolygon","coordinates":[[[[122.027206,10.79423],[122.027328,10.79352],[122.027931,10.79295],[122.028793,10.79279],[122.029099,10.79191],[122.029984,10.79092],[122.030907,10.79064],[122.032143,10.79011],[122.025383,10.78474],[122.016891,10.77779],[122.017014,10.78046],[122.020233,10.78907],[122.020638,10.78939],[122.020828,10.78994],[122.021591,10.79033],[122.023659,10.79119],[122.025352,10.79185],[122.026314,10.79235],[122.027,10.79322],[122.027206,10.79423]]]]}},{"type":"Feature","properties":{"ID_0":177,"ISO":"PHL","NAME_0":"Philippines","ID_1":6006,"NAME_1":"Antique","ID_2":600616,"NAME_2":"Sibalom","ID_3":600616024,"NAME_3":"Egaña","NL_NAME_3":null,"VARNAME_3":"Egana","TYPE_3":"Barangay","ENGTYPE_3":"Village","PROVINCE":"Antique","REGION":"Region VI (Western Visayas)","id":"barangay-0600616024","name":"Egaña","barangayCode":"0600616024","population":null,"formattedPop":null,"densityCategory":"No data","vulnerabilityRating":"No data","healthRiskLevel":"No data","areaKm2":4.022587,"centerLat":10.74861,"centerLng":122.004872,"geometrySource":"barangays.geojson simplified fallback","geometryMatchMethod":"simplified_fallback","boundaryPointCount":5},"geometry":{"type":"Polygon","coordinates":[[[122.01161736000006,10.75830736000006],[122.01859687700005,10.744793943000047],[122.01002511600007,10.740536559000077],[121.9898270000001,10.748362],[122.01161736000006,10.75830736000006]]]}},{"type":"Feature","properties":{"ID_0":177,"ISO":"PHL","NAME_0":"Philippines","ID_1":6006,"NAME_1":"Antique","ID_2":600616,"NAME_2":"Sibalom","ID_3":600616025,"NAME_3":"Esperanza I","NL_NAME_3":null,"VARNAME_3":null,"TYPE_3":"Barangay","ENGTYPE_3":"Village","PROVINCE":"Antique","REGION":"Region VI (Western Visayas)","id":"barangay-0600616025","name":"Esperanza I","barangayCode":"0600616025","population":null,"formattedPop":null,"densityCategory":"No data","vulnerabilityRating":"No data","healthRiskLevel":"No data","areaKm2":0.961335,"centerLat":10.803426,"centerLng":122.008695,"geometrySource":"all_barangay-2.csv detailed WKT","geometryMatchMethod":"unique_official_admin_names","boundaryPointCount":7},"geometry":{"type":"MultiPolygon","coordinates":[[[[122.026962,10.82329],[122.025284,10.81146],[122.018852,10.81294],[122.009666,10.81474],[122.009628,10.82254],[122.018181,10.82154],[122.026962,10.82329]]]]}},{"type":"Feature","properties":{"ID_0":177,"ISO":"PHL","NAME_0":"Philippines","ID_1":6006,"NAME_1":"Antique","ID_2":600616,"NAME_2":"Sibalom","ID_3":600616026,"NAME_3":"Esperanza II","NL_NAME_3":null,"VARNAME_3":null,"TYPE_3":"Barangay","ENGTYPE_3":"Village","PROVINCE":"Antique","REGION":"Region VI (Western Visayas)","id":"barangay-0600616026","name":"Esperanza II","barangayCode":"0600616026","population":null,"formattedPop":null,"densityCategory":"No data","vulnerabilityRating":"No data","healthRiskLevel":"No data","areaKm2":0.790352,"centerLat":10.808302,"centerLng":122.018127,"geometrySource":"all_barangay-2.csv detailed WKT","geometryMatchMethod":"unique_official_admin_names","boundaryPointCount":24},"geometry":{"type":"MultiPolygon","coordinates":[[[[122.009666,10.81474],[122.009499,10.81361],[122.009232,10.81246],[122.0093,10.81063],[122.009651,10.80869],[122.00988,10.80758],[122.009697,10.80619],[122.009087,10.80421],[122.008621,10.80296],[122.008057,10.80216],[122.008003,10.80211],[122.00737,10.80319],[122.006813,10.80402],[122.006248,10.8048],[122.005379,10.8057],[122.004532,10.80643],[122.003662,10.80709],[122.002571,10.80771],[122.001694,10.80836],[122.001053,10.80847],[122.0,10.80875],[121.999977,10.80909],[121.998772,10.81358],[122.009666,10.81474]]]]}},{"type":"Feature","properties":{"ID_0":177,"ISO":"PHL","NAME_0":"Philippines","ID_1":6006,"NAME_1":"Antique","ID_2":600616,"NAME_2":"Sibalom","ID_3":600616027,"NAME_3":"Esperanza III","NL_NAME_3":null,"VARNAME_3":null,"TYPE_3":"Barangay","ENGTYPE_3":"Village","PROVINCE":"Antique","REGION":"Region VI (Western Visayas)","id":"barangay-0600616027","name":"Esperanza III","barangayCode":"0600616027","population":null,"formattedPop":null,"densityCategory":"No data","vulnerabilityRating":"No data","healthRiskLevel":"No data","areaKm2":0.730237,"centerLat":10.810039,"centerLng":122.010424,"geometrySource":"all_barangay-2.csv detailed WKT","geometryMatchMethod":"unique_official_admin_names","boundaryPointCount":23},"geometry":{"type":"MultiPolygon","coordinates":[[[[122.018852,10.81294],[122.014076,10.80126],[122.014008,10.80056],[122.013199,10.80048],[122.01239,10.80043],[122.011757,10.80026],[122.011177,10.80015],[122.010658,10.80016],[122.009506,10.80012],[122.008812,10.80043],[122.008362,10.8011],[122.008003,10.80211],[122.008057,10.80216],[122.008621,10.80296],[122.009087,10.80421],[122.009697,10.80619],[122.00988,10.80758],[122.009651,10.80869],[122.0093,10.81063],[122.009232,10.81246],[122.009499,10.81361],[122.009666,10.81474],[122.018852,10.81294]]]]}},{"type":"Feature","properties":{"ID_0":177,"ISO":"PHL","NAME_0":"Philippines","ID_1":6006,"NAME_1":"Antique","ID_2":600616,"NAME_2":"Sibalom","ID_3":600616028,"NAME_3":"Igcococ","NL_NAME_3":null,"VARNAME_3":null,"TYPE_3":"Barangay","ENGTYPE_3":"Village","PROVINCE":"Antique","REGION":"Region VI (Western Visayas)","id":"barangay-0600616028","name":"Igcococ","barangayCode":"0600616028","population":null,"formattedPop":null,"densityCategory":"No data","vulnerabilityRating":"No data","healthRiskLevel":"No data","areaKm2":3.885499,"centerLat":10.728807,"centerLng":122.06388,"geometrySource":"all_barangay-2.csv detailed WKT","geometryMatchMethod":"unique_official_admin_names","boundaryPointCount":21},"geometry":{"type":"MultiPolygon","coordinates":[[[[122.073936,10.73437],[122.073898,10.73217],[122.072868,10.72273],[122.072304,10.71936],[122.051559,10.72093],[122.052116,10.72154],[122.052452,10.72199],[122.05275,10.72317],[122.052757,10.72412],[122.052902,10.72478],[122.053047,10.72513],[122.053879,10.72598],[122.054604,10.72683],[122.054817,10.72719],[122.054878,10.72778],[122.055161,10.72879],[122.055527,10.72959],[122.056061,10.73047],[122.056824,10.73093],[122.057747,10.73561],[122.073936,10.73437]]]]}},{"type":"Feature","properties":{"ID_0":177,"ISO":"PHL","NAME_0":"Philippines","ID_1":6006,"NAME_1":"Antique","ID_2":600616,"NAME_2":"Sibalom","ID_3":600616029,"NAME_3":"Igdalaquit","NL_NAME_3":null,"VARNAME_3":null,"TYPE_3":"Barangay","ENGTYPE_3":"Village","PROVINCE":"Antique","REGION":"Region VI (Western Visayas)","id":"barangay-0600616029","name":"Igdalaquit","barangayCode":"0600616029","population":null,"formattedPop":null,"densityCategory":"No data","vulnerabilityRating":"No data","healthRiskLevel":"No data","areaKm2":3.138807,"centerLat":10.787331,"centerLng":122.060009,"geometrySource":"all_barangay-2.csv detailed WKT","geometryMatchMethod":"unique_official_admin_names","boundaryPointCount":42},"geometry":{"type":"MultiPolygon","coordinates":[[[[122.063889,10.80135],[122.077141,10.79293],[122.073547,10.79235],[122.0728,10.79225],[122.071709,10.79274],[122.0709,10.79225],[122.07106,10.79128],[122.071182,10.79068],[122.070808,10.7899],[122.071381,10.78929],[122.072258,10.78921],[122.072853,10.78902],[122.07309,10.78842],[122.071861,10.78699],[122.071709,10.78586],[122.071342,10.78511],[122.070732,10.7847],[122.069893,10.78469],[122.069199,10.78499],[122.068283,10.78496],[122.067413,10.78458],[122.06678,10.78413],[122.066452,10.78349],[122.066673,10.78297],[122.065651,10.78231],[122.064827,10.78129],[122.064049,10.78036],[122.062462,10.77938],[122.061371,10.7789],[122.059723,10.77968],[122.05835,10.78024],[122.05677,10.78132],[122.055397,10.78221],[122.053413,10.78247],[122.051758,10.7823],[122.050781,10.78171],[122.049812,10.78205],[122.049377,10.78229],[122.051353,10.79042],[122.051743,10.79334],[122.060867,10.79939],[122.063889,10.80135]]]]}},{"type":"Feature","properties":{"ID_0":177,"ISO":"PHL","NAME_0":"Philippines","ID_1":6006,"NAME_1":"Antique","ID_2":600616,"NAME_2":"Sibalom","ID_3":600616030,"NAME_3":"Igdagmay","NL_NAME_3":null,"VARNAME_3":null,"TYPE_3":"Barangay","ENGTYPE_3":"Village","PROVINCE":"Antique","REGION":"Region VI (Western Visayas)","id":"barangay-0600616030","name":"Igdagmay","barangayCode":"0600616030","population":null,"formattedPop":null,"densityCategory":"No data","vulnerabilityRating":"No data","healthRiskLevel":"No data","areaKm2":0.480236,"centerLat":10.833912,"centerLng":122.024988,"geometrySource":"all_barangay-2.csv detailed WKT","geometryMatchMethod":"unique_official_admin_names","boundaryPointCount":6},"geometry":{"type":"MultiPolygon","coordinates":[[[[122.016228,10.83059],[122.018929,10.83393],[122.026962,10.82329],[122.018181,10.82154],[122.009628,10.82254],[122.016228,10.83059]]]]}},{"type":"Feature","properties":{"ID_0":177,"ISO":"PHL","NAME_0":"Philippines","ID_1":6006,"NAME_1":"Antique","ID_2":600616,"NAME_2":"Sibalom","ID_3":600616031,"NAME_3":"Iglanot","NL_NAME_3":null,"VARNAME_3":null,"TYPE_3":"Barangay","ENGTYPE_3":"Village","PROVINCE":"Antique","REGION":"Region VI (Western Visayas)","id":"barangay-0600616031","name":"Iglanot","barangayCode":"0600616031","population":null,"formattedPop":null,"densityCategory":"No data","vulnerabilityRating":"No data","healthRiskLevel":"No data","areaKm2":1.326574,"centerLat":10.787576,"centerLng":122.046545,"geometrySource":"all_barangay-2.csv detailed WKT","geometryMatchMethod":"unique_official_admin_names","boundaryPointCount":27},"geometry":{"type":"MultiPolygon","coordinates":[[[[122.051743,10.79334],[122.051353,10.79042],[122.049377,10.78229],[122.048347,10.78257],[122.047073,10.78273],[122.046043,10.7831],[122.044243,10.78405],[122.042587,10.78432],[122.041382,10.78423],[122.039993,10.78407],[122.038788,10.78364],[122.037613,10.78318],[122.037117,10.78344],[122.036537,10.78384],[122.035843,10.78485],[122.035278,10.78642],[122.034683,10.78796],[122.033607,10.7891],[122.032143,10.79011],[122.030907,10.79064],[122.029984,10.79092],[122.029099,10.79191],[122.028793,10.79279],[122.030006,10.79303],[122.032768,10.79336],[122.036186,10.79351],[122.051743,10.79334]]]]}},{"type":"Feature","properties":{"ID_0":177,"ISO":"PHL","NAME_0":"Philippines","ID_1":6006,"NAME_1":"Antique","ID_2":600616,"NAME_2":"Sibalom","ID_3":600616032,"NAME_3":"Igpanolong","NL_NAME_3":null,"VARNAME_3":null,"TYPE_3":"Barangay","ENGTYPE_3":"Village","PROVINCE":"Antique","REGION":"Region VI (Western Visayas)","id":"barangay-0600616032","name":"Igpanolong","barangayCode":"0600616032","population":null,"formattedPop":null,"densityCategory":"No data","vulnerabilityRating":"No data","healthRiskLevel":"No data","areaKm2":1.691384,"centerLat":10.773431,"centerLng":122.092395,"geometrySource":"all_barangay-2.csv detailed WKT","geometryMatchMethod":"unique_official_admin_names","boundaryPointCount":30},"geometry":{"type":"MultiPolygon","coordinates":[[[[122.099792,10.79192],[122.103607,10.78476],[122.103783,10.7835],[122.104561,10.78343],[122.10511,10.78326],[122.1045,10.78195],[122.103439,10.78098],[122.10247,10.78082],[122.101158,10.77996],[122.100754,10.77928],[122.099564,10.77876],[122.098808,10.77778],[122.098396,10.7768],[122.098373,10.77574],[122.097832,10.77504],[122.096962,10.7738],[122.095863,10.77281],[122.094582,10.77222],[122.093163,10.77187],[122.092323,10.77174],[122.090446,10.77147],[122.088692,10.77223],[122.087387,10.77302],[122.086861,10.77426],[122.086952,10.77572],[122.086479,10.77679],[122.085587,10.77721],[122.085518,10.77827],[122.085114,10.77954],[122.099792,10.79192]]]]}},{"type":"Feature","properties":{"ID_0":177,"ISO":"PHL","NAME_0":"Philippines","ID_1":6006,"NAME_1":"Antique","ID_2":600616,"NAME_2":"Sibalom","ID_3":600616033,"NAME_3":"Igparas","NL_NAME_3":null,"VARNAME_3":null,"TYPE_3":"Barangay","ENGTYPE_3":"Village","PROVINCE":"Antique","REGION":"Region VI (Western Visayas)","id":"barangay-0600616033","name":"Igparas","barangayCode":"0600616033","population":null,"formattedPop":null,"densityCategory":"No data","vulnerabilityRating":"No data","healthRiskLevel":"No data","areaKm2":4.143382,"centerLat":10.707397,"centerLng":122.077084,"geometrySource":"all_barangay-2.csv detailed WKT","geometryMatchMethod":"unique_official_admin_names","boundaryPointCount":13},"geometry":{"type":"MultiPolygon","coordinates":[[[[122.072868,10.72273],[122.084663,10.72235],[122.082802,10.70607],[122.081749,10.70299],[122.08107,10.70031],[122.08017,10.69762],[122.079613,10.69633],[122.078873,10.69462],[122.078362,10.69334],[122.077164,10.69389],[122.069023,10.6976],[122.072304,10.71936],[122.072868,10.72273]]]]}},{"type":"Feature","properties":{"ID_0":177,"ISO":"PHL","NAME_0":"Philippines","ID_1":6006,"NAME_1":"Antique","ID_2":600616,"NAME_2":"Sibalom","ID_3":600616034,"NAME_3":"Igsuming","NL_NAME_3":null,"VARNAME_3":null,"TYPE_3":"Barangay","ENGTYPE_3":"Village","PROVINCE":"Antique","REGION":"Region VI (Western Visayas)","id":"barangay-0600616034","name":"Igsuming","barangayCode":"0600616034","population":null,"formattedPop":null,"densityCategory":"No data","vulnerabilityRating":"No data","healthRiskLevel":"No data","areaKm2":4.162043,"centerLat":10.803384,"centerLng":122.081357,"geometrySource":"all_barangay-2.csv detailed WKT","geometryMatchMethod":"unique_official_admin_names","boundaryPointCount":13},"geometry":{"type":"MultiPolygon","coordinates":[[[[122.074829,10.81002],[122.088814,10.80905],[122.094902,10.80872],[122.094803,10.80778],[122.095177,10.80686],[122.095833,10.80568],[122.096092,10.80433],[122.09655,10.80275],[122.097061,10.80076],[122.097031,10.79985],[122.097198,10.7996],[122.0802,10.79408],[122.074829,10.81002]]]]}},{"type":"Feature","properties":{"ID_0":177,"ISO":"PHL","NAME_0":"Philippines","ID_1":6006,"NAME_1":"Antique","ID_2":600616,"NAME_2":"Sibalom","ID_3":600616035,"NAME_3":"Ilabas","NL_NAME_3":null,"VARNAME_3":null,"TYPE_3":"Barangay","ENGTYPE_3":"Village","PROVINCE":"Antique","REGION":"Region VI (Western Visayas)","id":"barangay-0600616035","name":"Ilabas","barangayCode":"0600616035","population":null,"formattedPop":null,"densityCategory":"No data","vulnerabilityRating":"No data","healthRiskLevel":"No data","areaKm2":1.94525,"centerLat":10.788958,"centerLng":121.983207,"geometrySource":"all_barangay-2.csv detailed WKT","geometryMatchMethod":"unique_official_admin_names","boundaryPointCount":8},"geometry":{"type":"MultiPolygon","coordinates":[[[[121.985947,10.80028],[121.986877,10.78418],[121.984596,10.78336],[121.982826,10.7829],[121.980927,10.78234],[121.980148,10.78171],[121.978127,10.79993],[121.985947,10.80028]]]]}},{"type":"Feature","properties":{"ID_0":177,"ISO":"PHL","NAME_0":"Philippines","ID_1":6006,"NAME_1":"Antique","ID_2":600616,"NAME_2":"Sibalom","ID_3":600616036,"NAME_3":"Imparayan","NL_NAME_3":null,"VARNAME_3":null,"TYPE_3":"Barangay","ENGTYPE_3":"Village","PROVINCE":"Antique","REGION":"Region VI (Western Visayas)","id":"barangay-0600616036","name":"Imparayan","barangayCode":"0600616036","population":null,"formattedPop":null,"densityCategory":"No data","vulnerabilityRating":"No data","healthRiskLevel":"No data","areaKm2":5.381934,"centerLat":10.786988,"centerLng":122.108239,"geometrySource":"all_barangay-2.csv detailed WKT","geometryMatchMethod":"unique_official_admin_names","boundaryPointCount":16},"geometry":{"type":"MultiPolygon","coordinates":[[[[122.117973,10.80189],[122.119583,10.78672],[122.10511,10.78326],[122.104561,10.78343],[122.103783,10.7835],[122.103607,10.78476],[122.099792,10.79192],[122.108398,10.79856],[122.109306,10.79937],[122.110741,10.80013],[122.112251,10.80088],[122.113899,10.80145],[122.115028,10.80158],[122.116013,10.8019],[122.117218,10.80213],[122.117973,10.80189]]]]}},{"type":"Feature","properties":{"ID_0":177,"ISO":"PHL","NAME_0":"Philippines","ID_1":6006,"NAME_1":"Antique","ID_2":600616,"NAME_2":"Sibalom","ID_3":600616037,"NAME_3":"Inabasan","NL_NAME_3":null,"VARNAME_3":null,"TYPE_3":"Barangay","ENGTYPE_3":"Village","PROVINCE":"Antique","REGION":"Region VI (Western Visayas)","id":"barangay-0600616037","name":"Inabasan","barangayCode":"0600616037","population":null,"formattedPop":null,"densityCategory":"No data","vulnerabilityRating":"No data","healthRiskLevel":"No data","areaKm2":8.853267,"centerLat":10.73356,"centerLng":122.024219,"geometrySource":"all_barangay-2.csv detailed WKT","geometryMatchMethod":"unique_official_admin_names","boundaryPointCount":31},"geometry":{"type":"MultiPolygon","coordinates":[[[[122.034988,10.74874],[122.036926,10.73376],[122.03627,10.72571],[122.03524,10.71038],[122.006462,10.73357],[122.000778,10.7377],[122.000214,10.73814],[122.000107,10.73887],[121.999939,10.73959],[121.999977,10.74023],[121.999184,10.74057],[121.99678,10.743],[121.998848,10.74391],[121.999847,10.74342],[122.001106,10.74361],[122.002136,10.74421],[122.003258,10.74506],[122.003838,10.74617],[122.005287,10.74641],[122.00634,10.74606],[122.007309,10.74659],[122.008369,10.74631],[122.009483,10.7466],[122.010223,10.74701],[122.010857,10.74746],[122.011543,10.74766],[122.012253,10.74802],[122.012993,10.75173],[122.018753,10.7507],[122.019112,10.75087],[122.034988,10.74874]]]]}},{"type":"Feature","properties":{"ID_0":177,"ISO":"PHL","NAME_0":"Philippines","ID_1":6006,"NAME_1":"Antique","ID_2":600616,"NAME_2":"Sibalom","ID_3":600616038,"NAME_3":"Indag-an","NL_NAME_3":null,"VARNAME_3":null,"TYPE_3":"Barangay","ENGTYPE_3":"Village","PROVINCE":"Antique","REGION":"Region VI (Western Visayas)","id":"barangay-0600616038","name":"Indag-an","barangayCode":"0600616038","population":null,"formattedPop":null,"densityCategory":"No data","vulnerabilityRating":"No data","healthRiskLevel":"No data","areaKm2":2.274177,"centerLat":10.770692,"centerLng":122.081421,"geometrySource":"all_barangay-2.csv detailed WKT","geometryMatchMethod":"unique_official_admin_names","boundaryPointCount":48},"geometry":{"type":"MultiPolygon","coordinates":[[[[122.085114,10.77954],[122.085518,10.77827],[122.085587,10.77721],[122.086479,10.77679],[122.086952,10.77572],[122.086861,10.77426],[122.087387,10.77302],[122.088692,10.77223],[122.090446,10.77147],[122.092323,10.77174],[122.093163,10.77187],[122.089882,10.76651],[122.089081,10.76619],[122.087959,10.76558],[122.086594,10.76473],[122.085709,10.76407],[122.084213,10.76326],[122.082497,10.76363],[122.080276,10.7637],[122.079262,10.76315],[122.078407,10.76235],[122.077362,10.76264],[122.076859,10.76288],[122.076019,10.76355],[122.074638,10.76454],[122.074341,10.765],[122.073921,10.76609],[122.073929,10.76723],[122.073967,10.76793],[122.074181,10.76901],[122.073952,10.76981],[122.073402,10.77067],[122.073174,10.77237],[122.073212,10.77339],[122.072998,10.77432],[122.073189,10.7751],[122.072777,10.77609],[122.072868,10.77714],[122.073563,10.77828],[122.074501,10.77918],[122.074211,10.77987],[122.076889,10.77957],[122.0784,10.78],[122.079727,10.78053],[122.080719,10.7802],[122.082138,10.78032],[122.083527,10.78017],[122.085114,10.77954]]]]}},{"type":"Feature","properties":{"ID_0":177,"ISO":"PHL","NAME_0":"Philippines","ID_1":6006,"NAME_1":"Antique","ID_2":600616,"NAME_2":"Sibalom","ID_3":600616039,"NAME_3":"Initan","NL_NAME_3":null,"VARNAME_3":null,"TYPE_3":"Barangay","ENGTYPE_3":"Village","PROVINCE":"Antique","REGION":"Region VI (Western Visayas)","id":"barangay-0600616039","name":"Initan","barangayCode":"0600616039","population":null,"formattedPop":null,"densityCategory":"No data","vulnerabilityRating":"No data","healthRiskLevel":"No data","areaKm2":1.523704,"centerLat":10.743947,"centerLng":122.066955,"geometrySource":"all_barangay-2.csv detailed WKT","geometryMatchMethod":"unique_official_admin_names","boundaryPointCount":16},"geometry":{"type":"MultiPolygon","coordinates":[[[[122.058937,10.74853],[122.076569,10.74884],[122.0756,10.74517],[122.077637,10.74478],[122.078003,10.74301],[122.077927,10.74256],[122.077454,10.74168],[122.076851,10.74105],[122.076057,10.74004],[122.075348,10.73913],[122.074783,10.73817],[122.074432,10.73722],[122.074791,10.73645],[122.073936,10.73437],[122.057747,10.73561],[122.058937,10.74853]]]]}},{"type":"Feature","properties":{"ID_0":177,"ISO":"PHL","NAME_0":"Philippines","ID_1":6006,"NAME_1":"Antique","ID_2":600616,"NAME_2":"Sibalom","ID_3":600616040,"NAME_3":"Insarayan","NL_NAME_3":null,"VARNAME_3":null,"TYPE_3":"Barangay","ENGTYPE_3":"Village","PROVINCE":"Antique","REGION":"Region VI (Western Visayas)","id":"barangay-0600616040","name":"Insarayan","barangayCode":"0600616040","population":null,"formattedPop":null,"densityCategory":"No data","vulnerabilityRating":"No data","healthRiskLevel":"No data","areaKm2":2.306571,"centerLat":10.754299,"centerLng":122.021397,"geometrySource":"all_barangay-2.csv detailed WKT","geometryMatchMethod":"unique_official_admin_names","boundaryPointCount":8},"geometry":{"type":"MultiPolygon","coordinates":[[[[122.025917,10.76034],[122.035721,10.75675],[122.034988,10.74874],[122.019112,10.75087],[122.018753,10.7507],[122.012993,10.75173],[122.016808,10.76363],[122.025917,10.76034]]]]}},{"type":"Feature","properties":{"ID_0":177,"ISO":"PHL","NAME_0":"Philippines","ID_1":6006,"NAME_1":"Antique","ID_2":600616,"NAME_2":"Sibalom","ID_3":600616041,"NAME_3":"Lacaron","NL_NAME_3":null,"VARNAME_3":null,"TYPE_3":"Barangay","ENGTYPE_3":"Village","PROVINCE":"Antique","REGION":"Region VI (Western Visayas)","id":"barangay-0600616041","name":"Lacaron","barangayCode":"0600616041","population":null,"formattedPop":null,"densityCategory":"No data","vulnerabilityRating":"No data","healthRiskLevel":"No data","areaKm2":2.322629,"centerLat":10.828541,"centerLng":121.990852,"geometrySource":"all_barangay-2.csv detailed WKT","geometryMatchMethod":"unique_official_admin_names","boundaryPointCount":10},"geometry":{"type":"MultiPolygon","coordinates":[[[[121.997498,10.83868],[121.993896,10.82723],[121.987038,10.82001],[121.986359,10.81931],[121.986031,10.820551],[121.985573,10.8208],[121.98423,10.82161],[121.981201,10.82292],[121.988724,10.83844],[121.997498,10.83868]]]]}},{"type":"Feature","properties":{"ID_0":177,"ISO":"PHL","NAME_0":"Philippines","ID_1":6006,"NAME_1":"Antique","ID_2":600616,"NAME_2":"Sibalom","ID_3":600616042,"NAME_3":"Lagdo","NL_NAME_3":null,"VARNAME_3":null,"TYPE_3":"Barangay","ENGTYPE_3":"Village","PROVINCE":"Antique","REGION":"Region VI (Western Visayas)","id":"barangay-0600616042","name":"Lagdo","barangayCode":"0600616042","population":null,"formattedPop":null,"densityCategory":"No data","vulnerabilityRating":"No data","healthRiskLevel":"No data","areaKm2":2.291607,"centerLat":10.841942,"centerLng":122.012624,"geometrySource":"all_barangay-2.csv detailed WKT","geometryMatchMethod":"unique_official_admin_names","boundaryPointCount":6},"geometry":{"type":"MultiPolygon","coordinates":[[[[122.019073,10.83842],[122.018929,10.83393],[122.016228,10.83059],[122.008118,10.83208],[122.003754,10.83879],[122.019073,10.83842]]]]}},{"type":"Feature","properties":{"ID_0":177,"ISO":"PHL","NAME_0":"Philippines","ID_1":6006,"NAME_1":"Antique","ID_2":600616,"NAME_2":"Sibalom","ID_3":600616043,"NAME_3":"Lambayagan","NL_NAME_3":null,"VARNAME_3":null,"TYPE_3":"Barangay","ENGTYPE_3":"Village","PROVINCE":"Antique","REGION":"Region VI (Western Visayas)","id":"barangay-0600616043","name":"Lambayagan","barangayCode":"0600616043","population":null,"formattedPop":null,"densityCategory":"No data","vulnerabilityRating":"No data","healthRiskLevel":"No data","areaKm2":1.93182,"centerLat":10.728237,"centerLng":122.0787,"geometrySource":"all_barangay-2.csv detailed WKT","geometryMatchMethod":"unique_official_admin_names","boundaryPointCount":13},"geometry":{"type":"MultiPolygon","coordinates":[[[[122.084427,10.74336],[122.08503,10.74349],[122.085953,10.74335],[122.086571,10.74296],[122.087227,10.74219],[122.087799,10.74173],[122.088943,10.74176],[122.089851,10.74146],[122.090797,10.74111],[122.096161,10.74021],[122.097092,10.73297],[122.080254,10.73407],[122.084427,10.74336]]]]}},{"type":"Feature","properties":{"ID_0":177,"ISO":"PHL","NAME_0":"Philippines","ID_1":6006,"NAME_1":"Antique","ID_2":600616,"NAME_2":"Sibalom","ID_3":600616044,"NAME_3":"Luna","NL_NAME_3":null,"VARNAME_3":null,"TYPE_3":"Barangay","ENGTYPE_3":"Village","PROVINCE":"Antique","REGION":"Region VI (Western Visayas)","id":"barangay-0600616044","name":"Luna","barangayCode":"0600616044","population":null,"formattedPop":null,"densityCategory":"No data","vulnerabilityRating":"No data","healthRiskLevel":"No data","areaKm2":4.433705,"centerLat":10.76859,"centerLng":122.107707,"geometrySource":"all_barangay-2.csv detailed WKT","geometryMatchMethod":"unique_official_admin_names","boundaryPointCount":39},"geometry":{"type":"MultiPolygon","coordinates":[[[[122.10511,10.78326],[122.119583,10.78672],[122.120491,10.78079],[122.120537,10.77888],[122.120651,10.77785],[122.120567,10.77669],[122.120323,10.77595],[122.119843,10.77493],[122.119293,10.7741],[122.118187,10.77322],[122.117073,10.77239],[122.105469,10.76449],[122.103912,10.76355],[122.102722,10.76286],[122.101151,10.76256],[122.099968,10.76242],[122.098953,10.76267],[122.097672,10.76316],[122.096817,10.76357],[122.095741,10.76446],[122.094276,10.76555],[122.092667,10.76612],[122.091522,10.76644],[122.089882,10.76651],[122.093163,10.77187],[122.094582,10.77222],[122.095863,10.77281],[122.096962,10.7738],[122.097832,10.77504],[122.098373,10.77574],[122.098396,10.7768],[122.098808,10.77778],[122.099564,10.77876],[122.100754,10.77928],[122.101158,10.77996],[122.10247,10.78082],[122.103439,10.78098],[122.1045,10.78195],[122.10511,10.78326]]]]}},{"type":"Feature","properties":{"ID_0":177,"ISO":"PHL","NAME_0":"Philippines","ID_1":6006,"NAME_1":"Antique","ID_2":600616,"NAME_2":"Sibalom","ID_3":600616045,"NAME_3":"Luyang","NL_NAME_3":null,"VARNAME_3":null,"TYPE_3":"Barangay","ENGTYPE_3":"Village","PROVINCE":"Antique","REGION":"Region VI (Western Visayas)","id":"barangay-0600616045","name":"Luyang","barangayCode":"0600616045","population":null,"formattedPop":null,"densityCategory":"No data","vulnerabilityRating":"No data","healthRiskLevel":"No data","areaKm2":1.694666,"centerLat":10.737989,"centerLng":122.07899,"geometrySource":"all_barangay-2.csv detailed WKT","geometryMatchMethod":"unique_official_admin_names","boundaryPointCount":28},"geometry":{"type":"MultiPolygon","coordinates":[[[[122.096832,10.75009],[122.096161,10.74021],[122.090797,10.74111],[122.089851,10.74146],[122.088943,10.74176],[122.087799,10.74173],[122.087227,10.74219],[122.086571,10.74296],[122.085953,10.74335],[122.08503,10.74349],[122.084427,10.74336],[122.084084,10.7433],[122.083443,10.74303],[122.082832,10.74331],[122.082626,10.74369],[122.082481,10.74385],[122.081703,10.74401],[122.080353,10.744],[122.079781,10.74422],[122.079567,10.74445],[122.079002,10.74442],[122.078362,10.74442],[122.077637,10.74478],[122.0756,10.74517],[122.076569,10.74884],[122.078789,10.75597],[122.086617,10.75423],[122.096832,10.75009]]]]}},{"type":"Feature","properties":{"ID_0":177,"ISO":"PHL","NAME_0":"Philippines","ID_1":6006,"NAME_1":"Antique","ID_2":600616,"NAME_2":"Sibalom","ID_3":600616046,"NAME_3":"Maasin","NL_NAME_3":null,"VARNAME_3":null,"TYPE_3":"Barangay","ENGTYPE_3":"Village","PROVINCE":"Antique","REGION":"Region VI (Western Visayas)","id":"barangay-0600616046","name":"Maasin","barangayCode":"0600616046","population":null,"formattedPop":null,"densityCategory":"No data","vulnerabilityRating":"No data","healthRiskLevel":"No data","areaKm2":2.524475,"centerLat":10.800022,"centerLng":122.066113,"geometrySource":"all_barangay-2.csv detailed WKT","geometryMatchMethod":"unique_official_admin_names","boundaryPointCount":9},"geometry":{"type":"MultiPolygon","coordinates":[[[[122.06485,10.81066],[122.074829,10.81002],[122.0802,10.79408],[122.077141,10.79293],[122.063889,10.80135],[122.054428,10.80682],[122.05854,10.81361],[122.060913,10.81238],[122.06485,10.81066]]]]}},{"type":"Feature","properties":{"ID_0":177,"ISO":"PHL","NAME_0":"Philippines","ID_1":6006,"NAME_1":"Antique","ID_2":600616,"NAME_2":"Sibalom","ID_3":600616047,"NAME_3":"Mabini","NL_NAME_3":null,"VARNAME_3":null,"TYPE_3":"Barangay","ENGTYPE_3":"Village","PROVINCE":"Antique","REGION":"Region VI (Western Visayas)","id":"barangay-0600616047","name":"Mabini","barangayCode":"0600616047","population":null,"formattedPop":null,"densityCategory":"No data","vulnerabilityRating":"No data","healthRiskLevel":"No data","areaKm2":3.856453,"centerLat":10.75753,"centerLng":122.045832,"geometrySource":"all_barangay-2.csv detailed WKT","geometryMatchMethod":"unique_official_admin_names","boundaryPointCount":10},"geometry":{"type":"MultiPolygon","coordinates":[[[[122.041061,10.76658],[122.052551,10.76521],[122.054268,10.75827],[122.059242,10.75553],[122.05851,10.75397],[122.058029,10.75239],[122.034988,10.74874],[122.035721,10.75675],[122.036186,10.76701],[122.041061,10.76658]]]]}},{"type":"Feature","properties":{"ID_0":177,"ISO":"PHL","NAME_0":"Philippines","ID_1":6006,"NAME_1":"Antique","ID_2":600616,"NAME_2":"Sibalom","ID_3":600616048,"NAME_3":"Millamena","NL_NAME_3":null,"VARNAME_3":null,"TYPE_3":"Barangay","ENGTYPE_3":"Village","PROVINCE":"Antique","REGION":"Region VI (Western Visayas)","id":"barangay-0600616048","name":"Millamena","barangayCode":"0600616048","population":null,"formattedPop":null,"densityCategory":"No data","vulnerabilityRating":"No data","healthRiskLevel":"No data","areaKm2":2.048078,"centerLat":10.752485,"centerLng":122.066654,"geometrySource":"all_barangay-2.csv detailed WKT","geometryMatchMethod":"unique_official_admin_names","boundaryPointCount":14},"geometry":{"type":"MultiPolygon","coordinates":[[[[122.052551,10.76521],[122.056473,10.76495],[122.078407,10.76235],[122.078789,10.75597],[122.076569,10.74884],[122.058937,10.74853],[122.059341,10.74996],[122.058296,10.75036],[122.058006,10.7514],[122.058029,10.75239],[122.05851,10.75397],[122.059242,10.75553],[122.054268,10.75827],[122.052551,10.76521]]]]}},{"type":"Feature","properties":{"ID_0":177,"ISO":"PHL","NAME_0":"Philippines","ID_1":6006,"NAME_1":"Antique","ID_2":600616,"NAME_2":"Sibalom","ID_3":600616049,"NAME_3":"Mojon","NL_NAME_3":null,"VARNAME_3":null,"TYPE_3":"Barangay","ENGTYPE_3":"Village","PROVINCE":"Antique","REGION":"Region VI (Western Visayas)","id":"barangay-0600616049","name":"Mojon","barangayCode":"0600616049","population":null,"formattedPop":null,"densityCategory":"No data","vulnerabilityRating":"No data","healthRiskLevel":"No data","areaKm2":0.836148,"centerLat":10.83146,"centerLng":121.984128,"geometrySource":"all_barangay-2.csv detailed WKT","geometryMatchMethod":"unique_official_admin_names","boundaryPointCount":11},"geometry":{"type":"MultiPolygon","coordinates":[[[[121.988724,10.83844],[121.981201,10.82292],[121.978897,10.8237],[121.979568,10.82759],[121.981438,10.83094],[121.982323,10.83308],[121.9832,10.8355],[121.984512,10.83661],[121.985588,10.83717],[121.986778,10.83744],[121.988724,10.83844]]]]}},{"type":"Feature","properties":{"ID_0":177,"ISO":"PHL","NAME_0":"Philippines","ID_1":6006,"NAME_1":"Antique","ID_2":600616,"NAME_2":"Sibalom","ID_3":600616050,"NAME_3":"Nagdayao","NL_NAME_3":null,"VARNAME_3":null,"TYPE_3":"Barangay","ENGTYPE_3":"Village","PROVINCE":"Antique","REGION":"Region VI (Western Visayas)","id":"barangay-0600616050","name":"Nagdayao","barangayCode":"0600616050","population":null,"formattedPop":null,"densityCategory":"No data","vulnerabilityRating":"No data","healthRiskLevel":"No data","areaKm2":3.548595,"centerLat":10.773397,"centerLng":122.045709,"geometrySource":"all_barangay-2.csv detailed WKT","geometryMatchMethod":"unique_official_admin_names","boundaryPointCount":16},"geometry":{"type":"MultiPolygon","coordinates":[[[[122.049377,10.78229],[122.049812,10.78205],[122.056473,10.76495],[122.052551,10.76521],[122.041061,10.76658],[122.038719,10.77696],[122.037613,10.78318],[122.038788,10.78364],[122.039993,10.78407],[122.041382,10.78423],[122.042587,10.78432],[122.044243,10.78405],[122.046043,10.7831],[122.047073,10.78273],[122.048347,10.78257],[122.049377,10.78229]]]]}},{"type":"Feature","properties":{"ID_0":177,"ISO":"PHL","NAME_0":"Philippines","ID_1":6006,"NAME_1":"Antique","ID_2":600616,"NAME_2":"Sibalom","ID_3":600616051,"NAME_3":"Cubay-Napultan","NL_NAME_3":null,"VARNAME_3":null,"TYPE_3":"Barangay","ENGTYPE_3":"Village","PROVINCE":"Antique","REGION":"Region VI (Western Visayas)","id":"barangay-0600616051","name":"Cubay-Napultan","barangayCode":"0600616051","population":null,"formattedPop":null,"densityCategory":"No data","vulnerabilityRating":"No data","healthRiskLevel":"No data","areaKm2":1.748149,"centerLat":10.790079,"centerLng":121.992779,"geometrySource":"all_barangay-2.csv detailed WKT","geometryMatchMethod":"unique_official_admin_names","boundaryPointCount":14},"geometry":{"type":"MultiPolygon","coordinates":[[[[122.000977,10.80018],[122.00045,10.7941],[121.998123,10.79012],[121.997528,10.78694],[121.997192,10.78569],[121.995399,10.78533],[121.99379,10.78496],[121.991142,10.78467],[121.989471,10.7846],[121.987617,10.78406],[121.986877,10.78418],[121.985947,10.80028],[121.990082,10.80017],[122.000977,10.80018]]]]}},{"type":"Feature","properties":{"ID_0":177,"ISO":"PHL","NAME_0":"Philippines","ID_1":6006,"NAME_1":"Antique","ID_2":600616,"NAME_2":"Sibalom","ID_3":600616053,"NAME_3":"Nazareth","NL_NAME_3":null,"VARNAME_3":null,"TYPE_3":"Barangay","ENGTYPE_3":"Village","PROVINCE":"Antique","REGION":"Region VI (Western Visayas)","id":"barangay-0600616053","name":"Nazareth","barangayCode":"0600616053","population":null,"formattedPop":null,"densityCategory":"No data","vulnerabilityRating":"No data","healthRiskLevel":"No data","areaKm2":1.860569,"centerLat":10.769718,"centerLng":122.030041,"geometrySource":"all_barangay-2.csv detailed WKT","geometryMatchMethod":"unique_official_admin_names","boundaryPointCount":10},"geometry":{"type":"MultiPolygon","coordinates":[[[[122.038719,10.77696],[122.041061,10.76658],[122.036186,10.76701],[122.026672,10.768],[122.016708,10.76887],[122.016724,10.77074],[122.016739,10.77289],[122.028587,10.77638],[122.032608,10.77609],[122.038719,10.77696]]]]}},{"type":"Feature","properties":{"ID_0":177,"ISO":"PHL","NAME_0":"Philippines","ID_1":6006,"NAME_1":"Antique","ID_2":600616,"NAME_2":"Sibalom","ID_3":600616054,"NAME_3":"Odiong","NL_NAME_3":null,"VARNAME_3":null,"TYPE_3":"Barangay","ENGTYPE_3":"Village","PROVINCE":"Antique","REGION":"Region VI (Western Visayas)","id":"barangay-0600616054","name":"Odiong","barangayCode":"0600616054","population":null,"formattedPop":null,"densityCategory":"No data","vulnerabilityRating":"No data","healthRiskLevel":"No data","areaKm2":1.734242,"centerLat":10.776618,"centerLng":121.985124,"geometrySource":"all_barangay-2.csv detailed WKT","geometryMatchMethod":"unique_official_admin_names","boundaryPointCount":18},"geometry":{"type":"MultiPolygon","coordinates":[[[[121.986877,10.78418],[121.986237,10.78027],[121.986267,10.77626],[121.978394,10.77611],[121.978073,10.77502],[121.977638,10.77443],[121.977242,10.77423],[121.976624,10.77399],[121.976028,10.7734],[121.975517,10.77684],[121.975014,10.77948],[121.979492,10.78023],[121.97982,10.78096],[121.980148,10.78171],[121.980927,10.78234],[121.982826,10.7829],[121.984596,10.78336],[121.986877,10.78418]]]]}},{"type":"Feature","properties":{"ID_0":177,"ISO":"PHL","NAME_0":"Philippines","ID_1":6006,"NAME_1":"Antique","ID_2":600616,"NAME_2":"Sibalom","ID_3":600616055,"NAME_3":"Olaga","NL_NAME_3":null,"VARNAME_3":null,"TYPE_3":"Barangay","ENGTYPE_3":"Village","PROVINCE":"Antique","REGION":"Region VI (Western Visayas)","id":"barangay-0600616055","name":"Olaga","barangayCode":"0600616055","population":null,"formattedPop":null,"densityCategory":"No data","vulnerabilityRating":"No data","healthRiskLevel":"No data","areaKm2":0.813942,"centerLat":10.81409,"centerLng":121.992669,"geometrySource":"all_barangay-2.csv detailed WKT","geometryMatchMethod":"unique_official_admin_names","boundaryPointCount":22},"geometry":{"type":"MultiPolygon","coordinates":[[[[121.998642,10.8167],[121.998772,10.81358],[121.999977,10.80909],[122.0,10.80875],[121.998932,10.80889],[121.998123,10.80907],[121.997017,10.80938],[121.996071,10.80965],[121.995323,10.80999],[121.994293,10.8106],[121.993782,10.81112],[121.993301,10.81188],[121.992889,10.81224],[121.992157,10.81248],[121.991493,10.81243],[121.991043,10.81227],[121.990517,10.81212],[121.990257,10.81181],[121.989853,10.8115],[121.989723,10.81189],[121.987038,10.82001],[121.998642,10.8167]]]]}},{"type":"Feature","properties":{"ID_0":177,"ISO":"PHL","NAME_0":"Philippines","ID_1":6006,"NAME_1":"Antique","ID_2":600616,"NAME_2":"Sibalom","ID_3":600616056,"NAME_3":"Pangpang","NL_NAME_3":null,"VARNAME_3":null,"TYPE_3":"Barangay","ENGTYPE_3":"Village","PROVINCE":"Antique","REGION":"Region VI (Western Visayas)","id":"barangay-0600616056","name":"Pangpang","barangayCode":"0600616056","population":null,"formattedPop":null,"densityCategory":"No data","vulnerabilityRating":"No data","healthRiskLevel":"No data","areaKm2":0.9254,"centerLat":10.809025,"centerLng":121.985724,"geometrySource":"all_barangay-2.csv detailed WKT","geometryMatchMethod":"unique_official_admin_names","boundaryPointCount":34},"geometry":{"type":"MultiPolygon","coordinates":[[[[121.987038,10.82001],[121.989723,10.81189],[121.989853,10.8115],[121.989273,10.8111],[121.988731,10.81078],[121.98835,10.81026],[121.987877,10.80994],[121.987381,10.80949],[121.986847,10.80907],[121.986137,10.80854],[121.985321,10.80791],[121.984734,10.80749],[121.984131,10.80712],[121.983597,10.80672],[121.983009,10.80617],[121.982048,10.80591],[121.981033,10.80591],[121.980164,10.80596],[121.979233,10.8061],[121.978523,10.8066],[121.978073,10.80716],[121.977493,10.80761],[121.977074,10.80814],[121.976624,10.80862],[121.975983,10.80942],[121.9757,10.81022],[121.975471,10.81065],[121.975082,10.81106],[121.975227,10.81137],[121.97506,10.81164],[121.975143,10.81223],[121.976044,10.81255],[121.986359,10.81931],[121.987038,10.82001]]]]}},{"type":"Feature","properties":{"ID_0":177,"ISO":"PHL","NAME_0":"Philippines","ID_1":6006,"NAME_1":"Antique","ID_2":600616,"NAME_2":"Sibalom","ID_3":600616057,"NAME_3":"Panlagangan","NL_NAME_3":null,"VARNAME_3":null,"TYPE_3":"Barangay","ENGTYPE_3":"Village","PROVINCE":"Antique","REGION":"Region VI (Western Visayas)","id":"barangay-0600616057","name":"Panlagangan","barangayCode":"0600616057","population":null,"formattedPop":null,"densityCategory":"No data","vulnerabilityRating":"No data","healthRiskLevel":"No data","areaKm2":1.25976,"centerLat":10.765939,"centerLng":122.058804,"geometrySource":"all_barangay-2.csv detailed WKT","geometryMatchMethod":"unique_official_admin_names","boundaryPointCount":41},"geometry":{"type":"MultiPolygon","coordinates":[[[[122.097092,10.73297],[122.112373,10.74061],[122.113663,10.74045],[122.115044,10.74135],[122.116241,10.74183],[122.117844,10.74123],[122.119293,10.74019],[122.120438,10.74032],[122.121658,10.73943],[122.122253,10.73834],[122.122917,10.73779],[122.123573,10.73742],[122.12429,10.7371],[122.125366,10.73645],[122.126213,10.73537],[122.12677,10.73451],[122.126823,10.7337],[122.126541,10.73309],[122.125908,10.73277],[122.125443,10.73232],[122.12532,10.73189],[122.125191,10.7315],[122.125023,10.7305],[122.124496,10.73009],[122.123894,10.72973],[122.123299,10.72902],[122.122391,10.72825],[122.122238,10.72777],[122.122017,10.72697],[122.121674,10.72612],[122.120956,10.72476],[122.120338,10.72427],[122.119667,10.7235],[122.118591,10.72269],[122.117668,10.72167],[122.116737,10.72105],[122.115738,10.7202],[122.114357,10.71869],[122.113831,10.71798],[122.106071,10.72488],[122.097092,10.73297]]]]}},{"type":"Feature","properties":{"ID_0":177,"ISO":"PHL","NAME_0":"Philippines","ID_1":6006,"NAME_1":"Antique","ID_2":600616,"NAME_2":"Sibalom","ID_3":600616058,"NAME_3":"Pantao","NL_NAME_3":null,"VARNAME_3":null,"TYPE_3":"Barangay","ENGTYPE_3":"Village","PROVINCE":"Antique","REGION":"Region VI (Western Visayas)","id":"barangay-0600616058","name":"Pantao","barangayCode":"0600616058","population":null,"formattedPop":null,"densityCategory":"No data","vulnerabilityRating":"No data","healthRiskLevel":"No data","areaKm2":1.246121,"centerLat":10.80281,"centerLng":121.977545,"geometrySource":"all_barangay-2.csv detailed WKT","geometryMatchMethod":"unique_official_admin_names","boundaryPointCount":27},"geometry":{"type":"MultiPolygon","coordinates":[[[[121.974586,10.81403],[121.974876,10.81358],[121.975021,10.81331],[121.975197,10.81307],[121.97522,10.81271],[121.975143,10.81223],[121.97506,10.81164],[121.975227,10.81137],[121.975082,10.81106],[121.975471,10.81065],[121.9757,10.81022],[121.975983,10.80942],[121.976624,10.80862],[121.977074,10.80814],[121.977493,10.80761],[121.978073,10.80716],[121.978523,10.8066],[121.979233,10.8061],[121.979103,10.80571],[121.978127,10.79993],[121.971031,10.79859],[121.971382,10.80254],[121.971237,10.80667],[121.971626,10.80925],[121.972069,10.81127],[121.972778,10.81355],[121.974586,10.81403]]]]}},{"type":"Feature","properties":{"ID_0":177,"ISO":"PHL","NAME_0":"Philippines","ID_1":6006,"NAME_1":"Antique","ID_2":600616,"NAME_2":"Sibalom","ID_3":600616059,"NAME_3":"Pasong","NL_NAME_3":null,"VARNAME_3":null,"TYPE_3":"Barangay","ENGTYPE_3":"Village","PROVINCE":"Antique","REGION":"Region VI (Western Visayas)","id":"barangay-0600616059","name":"Pasong","barangayCode":"0600616059","population":null,"formattedPop":null,"densityCategory":"No data","vulnerabilityRating":"No data","healthRiskLevel":"No data","areaKm2":0.829129,"centerLat":10.780593,"centerLng":122.035455,"geometrySource":"all_barangay-2.csv detailed WKT","geometryMatchMethod":"unique_official_admin_names","boundaryPointCount":12},"geometry":{"type":"MultiPolygon","coordinates":[[[[122.032143,10.79011],[122.033607,10.7891],[122.034683,10.78796],[122.035278,10.78642],[122.035843,10.78485],[122.036537,10.78384],[122.037117,10.78344],[122.037613,10.78318],[122.038719,10.77696],[122.032608,10.77609],[122.025383,10.78474],[122.032143,10.79011]]]]}},{"type":"Feature","properties":{"ID_0":177,"ISO":"PHL","NAME_0":"Philippines","ID_1":6006,"NAME_1":"Antique","ID_2":600616,"NAME_2":"Sibalom","ID_3":600616060,"NAME_3":"Pis-anan","NL_NAME_3":null,"VARNAME_3":null,"TYPE_3":"Barangay","ENGTYPE_3":"Village","PROVINCE":"Antique","REGION":"Region VI (Western Visayas)","id":"barangay-0600616060","name":"Pis-anan","barangayCode":"0600616060","population":null,"formattedPop":null,"densityCategory":"No data","vulnerabilityRating":"No data","healthRiskLevel":"No data","areaKm2":4.685536,"centerLat":10.766039,"centerLng":122.06976,"geometrySource":"all_barangay-2.csv detailed WKT","geometryMatchMethod":"unique_official_admin_names","boundaryPointCount":49},"geometry":{"type":"MultiPolygon","coordinates":[[[[122.074211,10.77987],[122.074501,10.77918],[122.073563,10.77828],[122.072868,10.77714],[122.072777,10.77609],[122.073189,10.7751],[122.072998,10.77432],[122.073212,10.77339],[122.073174,10.77237],[122.073402,10.77067],[122.073952,10.76981],[122.074181,10.76901],[122.073967,10.76793],[122.073929,10.76723],[122.073921,10.76609],[122.074341,10.765],[122.074638,10.76454],[122.076019,10.76355],[122.076859,10.76288],[122.077362,10.76264],[122.078407,10.76235],[122.056473,10.76495],[122.049812,10.78205],[122.050781,10.78171],[122.051758,10.7823],[122.053413,10.78247],[122.055397,10.78221],[122.05677,10.78132],[122.05835,10.78024],[122.059723,10.77968],[122.061371,10.7789],[122.062462,10.77938],[122.064049,10.78036],[122.064827,10.78129],[122.065651,10.78231],[122.066673,10.78297],[122.067703,10.78291],[122.068268,10.78239],[122.069321,10.78152],[122.070793,10.78208],[122.071587,10.78276],[122.07196,10.78311],[122.072098,10.78379],[122.072708,10.7845],[122.074013,10.78367],[122.074898,10.78196],[122.074692,10.78153],[122.074257,10.78078],[122.074211,10.77987]]]]}},{"type":"Feature","properties":{"ID_0":177,"ISO":"PHL","NAME_0":"Philippines","ID_1":6006,"NAME_1":"Antique","ID_2":600616,"NAME_2":"Sibalom","ID_3":600616061,"NAME_3":"District I","NL_NAME_3":null,"VARNAME_3":null,"TYPE_3":"Barangay","ENGTYPE_3":"Village","PROVINCE":"Antique","REGION":"Region VI (Western Visayas)","id":"barangay-0600616061","name":"District I","barangayCode":"0600616061","population":null,"formattedPop":null,"densityCategory":"No data","vulnerabilityRating":"No data","healthRiskLevel":"No data","areaKm2":1.625672,"centerLat":10.791289,"centerLng":122.007085,"geometrySource":"all_barangay-2.csv detailed WKT","geometryMatchMethod":"unique_official_admin_names","boundaryPointCount":9},"geometry":{"type":"MultiPolygon","coordinates":[[[[122.009811,10.79581],[122.012466,10.79365],[122.013908,10.79072],[121.997528,10.78694],[121.998123,10.79012],[122.00045,10.7941],[122.007957,10.79276],[122.008347,10.7927],[122.009811,10.79581]]]]}},{"type":"Feature","properties":{"ID_0":177,"ISO":"PHL","NAME_0":"Philippines","ID_1":6006,"NAME_1":"Antique","ID_2":600616,"NAME_2":"Sibalom","ID_3":600616062,"NAME_3":"District II","NL_NAME_3":null,"VARNAME_3":null,"TYPE_3":"Barangay","ENGTYPE_3":"Village","PROVINCE":"Antique","REGION":"Region VI (Western Visayas)","id":"barangay-0600616062","name":"District II","barangayCode":"0600616062","population":null,"formattedPop":null,"densityCategory":"No data","vulnerabilityRating":"No data","healthRiskLevel":"No data","areaKm2":0.563943,"centerLat":10.79292,"centerLng":122.017595,"geometrySource":"all_barangay-2.csv detailed WKT","geometryMatchMethod":"unique_official_admin_names","boundaryPointCount":17},"geometry":{"type":"MultiPolygon","coordinates":[[[[122.014008,10.80056],[122.014549,10.80058],[122.015053,10.80064],[122.015678,10.80071],[122.015717,10.80046],[122.01606,10.79383],[122.016731,10.7911],[122.013908,10.79072],[122.012466,10.79365],[122.009811,10.79581],[122.010681,10.79954],[122.010658,10.80016],[122.011177,10.80015],[122.011757,10.80026],[122.01239,10.80043],[122.013199,10.80048],[122.014008,10.80056]]]]}},{"type":"Feature","properties":{"ID_0":177,"ISO":"PHL","NAME_0":"Philippines","ID_1":6006,"NAME_1":"Antique","ID_2":600616,"NAME_2":"Sibalom","ID_3":600616063,"NAME_3":"District III","NL_NAME_3":null,"VARNAME_3":null,"TYPE_3":"Barangay","ENGTYPE_3":"Village","PROVINCE":"Antique","REGION":"Region VI (Western Visayas)","id":"barangay-0600616063","name":"District III","barangayCode":"0600616063","population":null,"formattedPop":null,"densityCategory":"No data","vulnerabilityRating":"No data","healthRiskLevel":"No data","areaKm2":4.934096,"centerLat":10.779418,"centerLng":122.007247,"geometrySource":"all_barangay-2.csv detailed WKT","geometryMatchMethod":"unique_official_admin_names","boundaryPointCount":37},"geometry":{"type":"MultiPolygon","coordinates":[[[[122.013908,10.79072],[122.016731,10.7911],[122.017921,10.79135],[122.018509,10.79008],[122.020233,10.78907],[122.017014,10.78046],[122.016891,10.77779],[122.016739,10.77289],[122.016724,10.77074],[122.015327,10.77077],[122.014557,10.77047],[122.013817,10.77083],[122.01342,10.77136],[122.013557,10.77178],[122.012932,10.77204],[122.011299,10.77176],[122.009712,10.77053],[122.009064,10.77013],[122.007698,10.77025],[122.00676,10.76978],[122.006149,10.76955],[122.004967,10.77017],[122.004387,10.77067],[122.003212,10.77058],[122.00251,10.77022],[122.00148,10.7707],[122.000504,10.77086],[121.998894,10.7714],[121.998009,10.77148],[121.997551,10.77139],[121.995987,10.77107],[121.995117,10.77044],[121.996849,10.77822],[121.997337,10.78464],[121.997192,10.78569],[121.997528,10.78694],[122.013908,10.79072]]]]}},{"type":"Feature","properties":{"ID_0":177,"ISO":"PHL","NAME_0":"Philippines","ID_1":6006,"NAME_1":"Antique","ID_2":600616,"NAME_2":"Sibalom","ID_3":600616064,"NAME_3":"District IV","NL_NAME_3":null,"VARNAME_3":null,"TYPE_3":"Barangay","ENGTYPE_3":"Village","PROVINCE":"Antique","REGION":"Region VI (Western Visayas)","id":"barangay-0600616064","name":"District IV","barangayCode":"0600616064","population":null,"formattedPop":null,"densityCategory":"No data","vulnerabilityRating":"No data","healthRiskLevel":"No data","areaKm2":1.108069,"centerLat":10.791367,"centerLng":122.025639,"geometrySource":"all_barangay-2.csv detailed WKT","geometryMatchMethod":"unique_official_admin_names","boundaryPointCount":35},"geometry":{"type":"MultiPolygon","coordinates":[[[[122.015678,10.80071],[122.017029,10.80066],[122.018204,10.80062],[122.019119,10.80074],[122.019836,10.80111],[122.020912,10.80136],[122.021889,10.80177],[122.023148,10.80185],[122.023979,10.80193],[122.02475,10.80173],[122.025284,10.80136],[122.025612,10.80082],[122.025841,10.80003],[122.026016,10.79912],[122.026451,10.79803],[122.027122,10.79684],[122.027313,10.79639],[122.028374,10.79581],[122.028252,10.79547],[122.027496,10.79497],[122.027206,10.79423],[122.027,10.79322],[122.026314,10.79235],[122.025352,10.79185],[122.023659,10.79119],[122.021591,10.79033],[122.020828,10.78994],[122.020638,10.78939],[122.020233,10.78907],[122.018509,10.79008],[122.017921,10.79135],[122.016731,10.7911],[122.01606,10.79383],[122.015717,10.80046],[122.015678,10.80071]]]]}},{"type":"Feature","properties":{"ID_0":177,"ISO":"PHL","NAME_0":"Philippines","ID_1":6006,"NAME_1":"Antique","ID_2":600616,"NAME_2":"Sibalom","ID_3":600616065,"NAME_3":"Rombang","NL_NAME_3":null,"VARNAME_3":null,"TYPE_3":"Barangay","ENGTYPE_3":"Village","PROVINCE":"Antique","REGION":"Region VI (Western Visayas)","id":"barangay-0600616065","name":"Rombang","barangayCode":"0600616065","population":null,"formattedPop":null,"densityCategory":"No data","vulnerabilityRating":"No data","healthRiskLevel":"No data","areaKm2":1.065275,"centerLat":10.816907,"centerLng":121.983357,"geometrySource":"all_barangay-2.csv detailed WKT","geometryMatchMethod":"unique_official_admin_names","boundaryPointCount":17},"geometry":{"type":"MultiPolygon","coordinates":[[[[121.981201,10.82292],[121.98423,10.82161],[121.985573,10.8208],[121.986031,10.820551],[121.986359,10.81931],[121.976044,10.81255],[121.975143,10.81223],[121.97522,10.81271],[121.975197,10.81307],[121.975021,10.81331],[121.974876,10.81358],[121.974586,10.81403],[121.975708,10.81601],[121.9776,10.81827],[121.978317,10.82035],[121.978897,10.8237],[121.981201,10.82292]]]]}},{"type":"Feature","properties":{"ID_0":177,"ISO":"PHL","NAME_0":"Philippines","ID_1":6006,"NAME_1":"Antique","ID_2":600616,"NAME_2":"Sibalom","ID_3":600616066,"NAME_3":"Salvacion","NL_NAME_3":null,"VARNAME_3":null,"TYPE_3":"Barangay","ENGTYPE_3":"Village","PROVINCE":"Antique","REGION":"Region VI (Western Visayas)","id":"barangay-0600616066","name":"Salvacion","barangayCode":"0600616066","population":null,"formattedPop":null,"densityCategory":"No data","vulnerabilityRating":"No data","healthRiskLevel":"No data","areaKm2":1.792325,"centerLat":10.782881,"centerLng":122.072244,"geometrySource":"all_barangay-2.csv detailed WKT","geometryMatchMethod":"unique_official_admin_names","boundaryPointCount":45},"geometry":{"type":"MultiPolygon","coordinates":[[[[122.077141,10.79293],[122.0802,10.79408],[122.085114,10.77954],[122.083527,10.78017],[122.082138,10.78032],[122.080719,10.7802],[122.079727,10.78053],[122.0784,10.78],[122.076889,10.77957],[122.074211,10.77987],[122.074257,10.78078],[122.074692,10.78153],[122.074898,10.78196],[122.074013,10.78367],[122.072708,10.7845],[122.072098,10.78379],[122.07196,10.78311],[122.071587,10.78276],[122.070793,10.78208],[122.069321,10.78152],[122.068268,10.78239],[122.067703,10.78291],[122.066673,10.78297],[122.066452,10.78349],[122.06678,10.78413],[122.067413,10.78458],[122.068283,10.78496],[122.069199,10.78499],[122.069893,10.78469],[122.070732,10.7847],[122.071342,10.78511],[122.071709,10.78586],[122.071861,10.78699],[122.07309,10.78842],[122.072853,10.78902],[122.072258,10.78921],[122.071381,10.78929],[122.070808,10.7899],[122.071182,10.79068],[122.07106,10.79128],[122.0709,10.79225],[122.071709,10.79274],[122.0728,10.79225],[122.073547,10.79235],[122.077141,10.79293]]]]}},{"type":"Feature","properties":{"ID_0":177,"ISO":"PHL","NAME_0":"Philippines","ID_1":6006,"NAME_1":"Antique","ID_2":600616,"NAME_2":"Sibalom","ID_3":600616067,"NAME_3":"San Juan","NL_NAME_3":null,"VARNAME_3":null,"TYPE_3":"Barangay","ENGTYPE_3":"Village","PROVINCE":"Antique","REGION":"Region VI (Western Visayas)","id":"barangay-0600616067","name":"San Juan","barangayCode":"0600616067","population":null,"formattedPop":null,"densityCategory":"No data","vulnerabilityRating":"No data","healthRiskLevel":"No data","areaKm2":2.555476,"centerLat":10.798719,"centerLng":122.048166,"geometrySource":"all_barangay-2.csv detailed WKT","geometryMatchMethod":"unique_official_admin_names","boundaryPointCount":12},"geometry":{"type":"MultiPolygon","coordinates":[[[[122.054428,10.80682],[122.063889,10.80135],[122.060867,10.79939],[122.040298,10.80189],[122.03978,10.80298],[122.039398,10.80382],[122.038719,10.80473],[122.038094,10.80547],[122.037811,10.80613],[122.037331,10.80679],[122.036957,10.80761],[122.054428,10.80682]]]]}},{"type":"Feature","properties":{"ID_0":177,"ISO":"PHL","NAME_0":"Philippines","ID_1":6006,"NAME_1":"Antique","ID_2":600616,"NAME_2":"Sibalom","ID_3":600616068,"NAME_3":"Sido","NL_NAME_3":null,"VARNAME_3":null,"TYPE_3":"Barangay","ENGTYPE_3":"Village","PROVINCE":"Antique","REGION":"Region VI (Western Visayas)","id":"barangay-0600616068","name":"Sido","barangayCode":"0600616068","population":null,"formattedPop":null,"densityCategory":"No data","vulnerabilityRating":"No data","healthRiskLevel":"No data","areaKm2":1.775306,"centerLat":10.808622,"centerLng":122.045872,"geometrySource":"all_barangay-2.csv detailed WKT","geometryMatchMethod":"unique_official_admin_names","boundaryPointCount":26},"geometry":{"type":"MultiPolygon","coordinates":[[[[122.041748,10.82069],[122.042503,10.82038],[122.05854,10.81361],[122.054428,10.80682],[122.036957,10.80761],[122.036613,10.80856],[122.036331,10.80947],[122.036339,10.81026],[122.036346,10.81116],[122.036346,10.81209],[122.036346,10.81281],[122.036362,10.81345],[122.036118,10.81407],[122.035797,10.81496],[122.036087,10.81568],[122.036469,10.8164],[122.036797,10.81719],[122.037376,10.81794],[122.037598,10.81909],[122.037888,10.81973],[122.038727,10.82063],[122.039268,10.8212],[122.039818,10.82206],[122.04023,10.82144],[122.041183,10.82109],[122.041748,10.82069]]]]}},{"type":"Feature","properties":{"ID_0":177,"ISO":"PHL","NAME_0":"Philippines","ID_1":6006,"NAME_1":"Antique","ID_2":600616,"NAME_2":"Sibalom","ID_3":600616069,"NAME_3":"Solong","NL_NAME_3":null,"VARNAME_3":null,"TYPE_3":"Barangay","ENGTYPE_3":"Village","PROVINCE":"Antique","REGION":"Region VI (Western Visayas)","id":"barangay-0600616069","name":"Solong","barangayCode":"0600616069","population":null,"formattedPop":null,"densityCategory":"No data","vulnerabilityRating":"No data","healthRiskLevel":"No data","areaKm2":3.410543,"centerLat":10.802381,"centerLng":122.026652,"geometrySource":"all_barangay-2.csv detailed WKT","geometryMatchMethod":"unique_official_admin_names","boundaryPointCount":51},"geometry":{"type":"MultiPolygon","coordinates":[[[[122.025284,10.81146],[122.035713,10.80947],[122.036331,10.80947],[122.036613,10.80856],[122.036957,10.80761],[122.037331,10.80679],[122.037811,10.80613],[122.038094,10.80547],[122.038719,10.80473],[122.039398,10.80382],[122.03978,10.80298],[122.040298,10.80189],[122.040413,10.80146],[122.040154,10.80047],[122.039902,10.79964],[122.039574,10.79902],[122.039078,10.79836],[122.038391,10.79778],[122.037621,10.79746],[122.036697,10.79705],[122.035431,10.79672],[122.033958,10.7963],[122.032799,10.79605],[122.031868,10.79581],[122.030739,10.79573],[122.030067,10.79565],[122.029289,10.79556],[122.028374,10.79581],[122.027313,10.79639],[122.027122,10.79684],[122.026451,10.79803],[122.026016,10.79912],[122.025841,10.80003],[122.025612,10.80082],[122.025284,10.80136],[122.02475,10.80173],[122.023979,10.80193],[122.023148,10.80185],[122.021889,10.80177],[122.020912,10.80136],[122.019836,10.80111],[122.019119,10.80074],[122.018204,10.80062],[122.017029,10.80066],[122.015678,10.80071],[122.015053,10.80064],[122.014549,10.80058],[122.014008,10.80056],[122.014076,10.80126],[122.018852,10.81294],[122.025284,10.81146]]]]}},{"type":"Feature","properties":{"ID_0":177,"ISO":"PHL","NAME_0":"Philippines","ID_1":6006,"NAME_1":"Antique","ID_2":600616,"NAME_2":"Sibalom","ID_3":600616070,"NAME_3":"Tabongtabong","NL_NAME_3":null,"VARNAME_3":null,"TYPE_3":"Barangay","ENGTYPE_3":"Village","PROVINCE":"Antique","REGION":"Region VI (Western Visayas)","id":"barangay-0600616070","name":"Tabongtabong","barangayCode":"0600616070","population":null,"formattedPop":null,"densityCategory":"No data","vulnerabilityRating":"No data","healthRiskLevel":"No data","areaKm2":3.753639,"centerLat":10.713099,"centerLng":122.060296,"geometrySource":"all_barangay-2.csv detailed WKT","geometryMatchMethod":"unique_official_admin_names","boundaryPointCount":20},"geometry":{"type":"MultiPolygon","coordinates":[[[[122.051559,10.72093],[122.072304,10.71936],[122.069023,10.6976],[122.059013,10.70141],[122.048843,10.70545],[122.040947,10.70835],[122.044144,10.71351],[122.044403,10.71441],[122.04451,10.71501],[122.04422,10.71585],[122.044472,10.71654],[122.044907,10.71689],[122.045197,10.71738],[122.045448,10.71864],[122.046417,10.71991],[122.047234,10.72001],[122.047974,10.71988],[122.049278,10.71985],[122.050217,10.7199],[122.051559,10.72093]]]]}},{"type":"Feature","properties":{"ID_0":177,"ISO":"PHL","NAME_0":"Philippines","ID_1":6006,"NAME_1":"Antique","ID_2":600616,"NAME_2":"Sibalom","ID_3":600616071,"NAME_3":"Tig-ohot","NL_NAME_3":null,"VARNAME_3":null,"TYPE_3":"Barangay","ENGTYPE_3":"Village","PROVINCE":"Antique","REGION":"Region VI (Western Visayas)","id":"barangay-0600616071","name":"Tig-ohot","barangayCode":"0600616071","population":null,"formattedPop":null,"densityCategory":"No data","vulnerabilityRating":"No data","healthRiskLevel":"No data","areaKm2":3.707926,"centerLat":10.724419,"centerLng":122.044698,"geometrySource":"all_barangay-2.csv detailed WKT","geometryMatchMethod":"unique_official_admin_names","boundaryPointCount":51},"geometry":{"type":"MultiPolygon","coordinates":[[[[122.056824,10.73093],[122.056061,10.73047],[122.055527,10.72959],[122.055161,10.72879],[122.054878,10.72778],[122.054817,10.72719],[122.054604,10.72683],[122.053879,10.72598],[122.053047,10.72513],[122.052902,10.72478],[122.052757,10.72412],[122.05275,10.72317],[122.052452,10.72199],[122.052116,10.72154],[122.051559,10.72093],[122.050217,10.7199],[122.049278,10.71985],[122.047974,10.71988],[122.047234,10.72001],[122.046417,10.71991],[122.045448,10.71864],[122.045197,10.71738],[122.044907,10.71689],[122.044472,10.71654],[122.04422,10.71585],[122.04451,10.71501],[122.044403,10.71441],[122.044144,10.71351],[122.040947,10.70835],[122.03524,10.71038],[122.03627,10.72571],[122.036926,10.73376],[122.037514,10.73384],[122.038719,10.73399],[122.039688,10.73447],[122.041496,10.73464],[122.043373,10.73473],[122.044456,10.73487],[122.045372,10.73521],[122.046631,10.73521],[122.048264,10.73473],[122.049377,10.73375],[122.050743,10.73299],[122.051758,10.73264],[122.052231,10.73193],[122.053543,10.73164],[122.054337,10.73176],[122.055573,10.73147],[122.056053,10.73165],[122.056503,10.73163],[122.056824,10.73093]]]]}},{"type":"Feature","properties":{"ID_0":177,"ISO":"PHL","NAME_0":"Philippines","ID_1":6006,"NAME_1":"Antique","ID_2":600616,"NAME_2":"Sibalom","ID_3":600616073,"NAME_3":"Tigbalua I","NL_NAME_3":null,"VARNAME_3":null,"TYPE_3":"Barangay","ENGTYPE_3":"Village","PROVINCE":"Antique","REGION":"Region VI (Western Visayas)","id":"barangay-0600616073","name":"Tigbalua I","barangayCode":"0600616073","population":null,"formattedPop":null,"densityCategory":"No data","vulnerabilityRating":"No data","healthRiskLevel":"No data","areaKm2":0.471967,"centerLat":10.762094,"centerLng":122.020552,"geometrySource":"all_barangay-2.csv detailed WKT","geometryMatchMethod":"unique_official_admin_names","boundaryPointCount":5},"geometry":{"type":"MultiPolygon","coordinates":[[[[122.026672,10.768],[122.025917,10.76034],[122.016808,10.76363],[122.016708,10.76887],[122.026672,10.768]]]]}},{"type":"Feature","properties":{"ID_0":177,"ISO":"PHL","NAME_0":"Philippines","ID_1":6006,"NAME_1":"Antique","ID_2":600616,"NAME_2":"Sibalom","ID_3":600616074,"NAME_3":"Tordesillas","NL_NAME_3":null,"VARNAME_3":null,"TYPE_3":"Barangay","ENGTYPE_3":"Village","PROVINCE":"Antique","REGION":"Region VI (Western Visayas)","id":"barangay-0600616074","name":"Tordesillas","barangayCode":"0600616074","population":null,"formattedPop":null,"densityCategory":"No data","vulnerabilityRating":"No data","healthRiskLevel":"No data","areaKm2":37.41971,"centerLat":10.757373,"centerLng":122.138096,"geometrySource":"all_barangay-2.csv detailed WKT","geometryMatchMethod":"unique_official_admin_names","boundaryPointCount":89},"geometry":{"type":"MultiPolygon","coordinates":[[[[122.186867,10.78339],[122.1754,10.75622],[122.153648,10.7518],[122.134209,10.73411],[122.114059,10.71548],[122.093697,10.70055],[122.083847,10.70099],[122.080452,10.69717],[122.079613,10.69633],[122.08017,10.69762],[122.08107,10.70031],[122.081749,10.70299],[122.082802,10.70607],[122.084702,10.70709],[122.086502,10.70758],[122.091721,10.70964],[122.096977,10.71171],[122.101059,10.71329],[122.10511,10.71458],[122.109543,10.71557],[122.111214,10.71561],[122.112869,10.7162],[122.113228,10.71696],[122.113831,10.71798],[122.114357,10.71869],[122.115738,10.7202],[122.116737,10.72105],[122.117668,10.72167],[122.118591,10.72269],[122.119667,10.7235],[122.120338,10.72427],[122.120956,10.72476],[122.121674,10.72612],[122.122017,10.72697],[122.122238,10.72777],[122.122391,10.72825],[122.123299,10.72902],[122.123894,10.72973],[122.124496,10.73009],[122.125023,10.7305],[122.125191,10.7315],[122.12532,10.73189],[122.125443,10.73232],[122.125908,10.73277],[122.126541,10.73309],[122.126823,10.7337],[122.12677,10.73451],[122.126213,10.73537],[122.125366,10.73645],[122.12429,10.7371],[122.123573,10.73742],[122.122917,10.73779],[122.122253,10.73834],[122.121658,10.73943],[122.120438,10.74032],[122.119293,10.74019],[122.117844,10.74123],[122.116241,10.74183],[122.115044,10.74135],[122.113663,10.74045],[122.112373,10.74061],[122.111893,10.74095],[122.112427,10.74289],[122.112984,10.74437],[122.113159,10.7456],[122.112923,10.74691],[122.112251,10.74701],[122.107803,10.74986],[122.10302,10.75275],[122.101822,10.75385],[122.100471,10.7553],[122.098389,10.75756],[122.098953,10.76267],[122.099968,10.76242],[122.101151,10.76256],[122.102722,10.76286],[122.103912,10.76355],[122.105469,10.76449],[122.117073,10.77239],[122.118187,10.77322],[122.119293,10.7741],[122.119843,10.77493],[122.120323,10.77595],[122.120567,10.77669],[122.120651,10.77785],[122.120537,10.77888],[122.120491,10.78079],[122.128563,10.7786],[122.186867,10.78339]]]]}},{"type":"Feature","properties":{"ID_0":177,"ISO":"PHL","NAME_0":"Philippines","ID_1":6006,"NAME_1":"Antique","ID_2":600616,"NAME_2":"Sibalom","ID_3":600616075,"NAME_3":"Tulatula","NL_NAME_3":null,"VARNAME_3":null,"TYPE_3":"Barangay","ENGTYPE_3":"Village","PROVINCE":"Antique","REGION":"Region VI (Western Visayas)","id":"barangay-0600616075","name":"Tulatula","barangayCode":"0600616075","population":null,"formattedPop":null,"densityCategory":"No data","vulnerabilityRating":"No data","healthRiskLevel":"No data","areaKm2":2.5722,"centerLat":10.747411,"centerLng":122.086717,"geometrySource":"all_barangay-2.csv detailed WKT","geometryMatchMethod":"unique_official_admin_names","boundaryPointCount":19},"geometry":{"type":"MultiPolygon","coordinates":[[[[122.097092,10.73297],[122.106071,10.72488],[122.105011,10.72402],[122.103111,10.7225],[122.100403,10.72099],[122.09861,10.72047],[122.095993,10.7201],[122.093643,10.72011],[122.091293,10.72045],[122.089149,10.72071],[122.086998,10.72144],[122.084663,10.72235],[122.072868,10.72273],[122.073898,10.73217],[122.078941,10.73195],[122.07933,10.73215],[122.079597,10.73256],[122.080254,10.73407],[122.097092,10.73297]]]]}},{"type":"Feature","properties":{"ID_0":177,"ISO":"PHL","NAME_0":"Philippines","ID_1":6006,"NAME_1":"Antique","ID_2":600616,"NAME_2":"Sibalom","ID_3":600616076,"NAME_3":"Villafont","NL_NAME_3":null,"VARNAME_3":null,"TYPE_3":"Barangay","ENGTYPE_3":"Village","PROVINCE":"Antique","REGION":"Region VI (Western Visayas)","id":"barangay-0600616076","name":"Villafont","barangayCode":"0600616076","population":null,"formattedPop":null,"densityCategory":"No data","vulnerabilityRating":"No data","healthRiskLevel":"No data","areaKm2":1.087359,"centerLat":10.788928,"centerLng":122.081005,"geometrySource":"all_barangay-2.csv detailed WKT","geometryMatchMethod":"unique_official_admin_names","boundaryPointCount":13},"geometry":{"type":"MultiPolygon","coordinates":[[[[122.097198,10.7996],[122.097313,10.79949],[122.097343,10.79792],[122.097977,10.79724],[122.098541,10.79632],[122.09861,10.7954],[122.098824,10.79417],[122.099213,10.79312],[122.099388,10.79292],[122.099792,10.79192],[122.085114,10.77954],[122.0802,10.79408],[122.097198,10.7996]]]]}},{"type":"Feature","properties":{"ID_0":177,"ISO":"PHL","NAME_0":"Philippines","ID_1":6006,"NAME_1":"Antique","ID_2":600616,"NAME_2":"Sibalom","ID_3":600616077,"NAME_3":"Villahermosa","NL_NAME_3":null,"VARNAME_3":null,"TYPE_3":"Barangay","ENGTYPE_3":"Village","PROVINCE":"Antique","REGION":"Region VI (Western Visayas)","id":"barangay-0600616077","name":"Villahermosa","barangayCode":"0600616077","population":null,"formattedPop":null,"densityCategory":"No data","vulnerabilityRating":"No data","healthRiskLevel":"No data","areaKm2":1.129704,"centerLat":10.79264,"centerLng":122.037458,"geometrySource":"all_barangay-2.csv detailed WKT","geometryMatchMethod":"unique_official_admin_names","boundaryPointCount":29},"geometry":{"type":"MultiPolygon","coordinates":[[[[122.060867,10.79939],[122.051743,10.79334],[122.036186,10.79351],[122.032768,10.79336],[122.030006,10.79303],[122.028793,10.79279],[122.027931,10.79295],[122.027328,10.79352],[122.027206,10.79423],[122.027496,10.79497],[122.028252,10.79547],[122.028374,10.79581],[122.029289,10.79556],[122.030067,10.79565],[122.030739,10.79573],[122.031868,10.79581],[122.032799,10.79605],[122.033958,10.7963],[122.035431,10.79672],[122.036697,10.79705],[122.037621,10.79746],[122.038391,10.79778],[122.039078,10.79836],[122.039574,10.79902],[122.039902,10.79964],[122.040154,10.80047],[122.040413,10.80146],[122.040298,10.80189],[122.060867,10.79939]]]]}},{"type":"Feature","properties":{"ID_0":177,"ISO":"PHL","NAME_0":"Philippines","ID_1":6006,"NAME_1":"Antique","ID_2":600616,"NAME_2":"Sibalom","ID_3":600616078,"NAME_3":"Villar","NL_NAME_3":null,"VARNAME_3":null,"TYPE_3":"Barangay","ENGTYPE_3":"Village","PROVINCE":"Antique","REGION":"Region VI (Western Visayas)","id":"barangay-0600616078","name":"Villar","barangayCode":"0600616078","population":null,"formattedPop":null,"densityCategory":"No data","vulnerabilityRating":"No data","healthRiskLevel":"No data","areaKm2":1.581571,"centerLat":10.816272,"centerLng":122.0056,"geometrySource":"all_barangay-2.csv detailed WKT","geometryMatchMethod":"unique_official_admin_names","boundaryPointCount":10},"geometry":{"type":"MultiPolygon","coordinates":[[[[122.009628,10.82254],[122.009666,10.81474],[121.998772,10.81358],[121.998642,10.8167],[121.998756,10.8205],[121.999046,10.82214],[121.99942,10.82274],[122.000183,10.8235],[122.002342,10.82218],[122.009628,10.82254]]]]}},{"type":"Feature","properties":{"ID_0":177,"ISO":"PHL","NAME_0":"Philippines","ID_1":6006,"NAME_1":"Antique","ID_2":600616,"NAME_2":"Sibalom","ID_3":600616079,"NAME_3":"Tigbalua II","NL_NAME_3":null,"VARNAME_3":null,"TYPE_3":"Barangay","ENGTYPE_3":"Village","PROVINCE":"Antique","REGION":"Region VI (Western Visayas)","id":"barangay-0600616079","name":"Tigbalua II","barangayCode":"0600616079","population":null,"formattedPop":null,"densityCategory":"No data","vulnerabilityRating":"No data","healthRiskLevel":"No data","areaKm2":1.366313,"centerLat":10.759698,"centerLng":122.02907,"geometrySource":"all_barangay-2.csv detailed WKT","geometryMatchMethod":"unique_official_admin_names","boundaryPointCount":5},"geometry":{"type":"MultiPolygon","coordinates":[[[[122.036186,10.76701],[122.035721,10.75675],[122.025917,10.76034],[122.026672,10.768],[122.036186,10.76701]]]]}},{"type":"Feature","properties":{"ID_0":177,"ISO":"PHL","NAME_0":"Philippines","ID_1":6006,"NAME_1":"Antique","ID_2":600617,"NAME_2":"Tibiao","ID_3":600617001,"NAME_3":"Alegre","NL_NAME_3":null,"VARNAME_3":null,"TYPE_3":"Barangay","ENGTYPE_3":"Village","PROVINCE":"Antique","REGION":"Region VI (Western Visayas)","id":"barangay-0600617001","name":"Alegre","barangayCode":"0600617001","population":null,"formattedPop":null,"densityCategory":"No data","vulnerabilityRating":"No data","healthRiskLevel":"No data","areaKm2":3.285318,"centerLat":11.27518,"centerLng":122.067533,"geometrySource":"all_barangay-2.csv detailed WKT","geometryMatchMethod":"unique_official_admin_names","boundaryPointCount":20},"geometry":{"type":"MultiPolygon","coordinates":[[[[122.078773,11.28263],[122.079514,11.27146],[122.063454,11.26606],[122.063538,11.26873],[122.060722,11.27363],[122.060379,11.27373],[122.060059,11.27404],[122.058937,11.27307],[122.057953,11.27276],[122.05719,11.27309],[122.05658,11.27369],[122.055946,11.27396],[122.055367,11.27413],[122.055519,11.27456],[122.055458,11.27547],[122.055573,11.27599],[122.055893,11.27651],[122.055031,11.28125],[122.061691,11.28354],[122.078773,11.28263]]]]}},{"type":"Feature","properties":{"ID_0":177,"ISO":"PHL","NAME_0":"Philippines","ID_1":6006,"NAME_1":"Antique","ID_2":600617,"NAME_2":"Tibiao","ID_3":600617002,"NAME_3":"Amar","NL_NAME_3":null,"VARNAME_3":null,"TYPE_3":"Barangay","ENGTYPE_3":"Village","PROVINCE":"Antique","REGION":"Region VI (Western Visayas)","id":"barangay-0600617002","name":"Amar","barangayCode":"0600617002","population":null,"formattedPop":null,"densityCategory":"No data","vulnerabilityRating":"No data","healthRiskLevel":"No data","areaKm2":4.822381,"centerLat":11.287802,"centerLng":122.062985,"geometrySource":"all_barangay-2.csv detailed WKT","geometryMatchMethod":"unique_official_admin_names","boundaryPointCount":8},"geometry":{"type":"MultiPolygon","coordinates":[[[[122.081947,11.29395],[122.079582,11.28678],[122.078773,11.28263],[122.061691,11.28354],[122.055031,11.28125],[122.04615,11.28716],[122.063904,11.29322],[122.081947,11.29395]]]]}},{"type":"Feature","properties":{"ID_0":177,"ISO":"PHL","NAME_0":"Philippines","ID_1":6006,"NAME_1":"Antique","ID_2":600617,"NAME_2":"Tibiao","ID_3":600617003,"NAME_3":"Bandoja","NL_NAME_3":null,"VARNAME_3":null,"TYPE_3":"Barangay","ENGTYPE_3":"Village","PROVINCE":"Antique","REGION":"Region VI (Western Visayas)","id":"barangay-0600617003","name":"Bandoja","barangayCode":"0600617003","population":null,"formattedPop":null,"densityCategory":"No data","vulnerabilityRating":"No data","healthRiskLevel":"No data","areaKm2":1.020557,"centerLat":11.308875,"centerLng":122.058608,"geometrySource":"all_barangay-2.csv detailed WKT","geometryMatchMethod":"unique_official_admin_names","boundaryPointCount":17},"geometry":{"type":"MultiPolygon","coordinates":[[[[122.067886,11.31166],[122.066658,11.31064],[122.065277,11.3101],[122.064034,11.31034],[122.063019,11.31004],[122.06292,11.30851],[122.062592,11.30729],[122.062149,11.30674],[122.061272,11.30573],[122.060181,11.30493],[122.058708,11.30492],[122.057373,11.30482],[122.056572,11.30484],[122.056198,11.30458],[122.056877,11.30933],[122.059113,11.31628],[122.067886,11.31166]]]]}},{"type":"Feature","properties":{"ID_0":177,"ISO":"PHL","NAME_0":"Philippines","ID_1":6006,"NAME_1":"Antique","ID_2":600617,"NAME_2":"Tibiao","ID_3":600617004,"NAME_3":"Castillo","NL_NAME_3":null,"VARNAME_3":null,"TYPE_3":"Barangay","ENGTYPE_3":"Village","PROVINCE":"Antique","REGION":"Region VI (Western Visayas)","id":"barangay-0600617004","name":"Castillo","barangayCode":"0600617004","population":null,"formattedPop":null,"densityCategory":"No data","vulnerabilityRating":"No data","healthRiskLevel":"No data","areaKm2":0.606212,"centerLat":11.264028,"centerLng":122.075195,"geometrySource":"all_barangay-2.csv detailed WKT","geometryMatchMethod":"unique_official_admin_names","boundaryPointCount":52},"geometry":{"type":"MultiPolygon","coordinates":[[[[122.104538,11.28433],[122.105598,11.28416],[122.106407,11.28366],[122.1064,11.28244],[122.107071,11.28139],[122.108063,11.28184],[122.108841,11.28161],[122.10791,11.28028],[122.107964,11.27938],[122.107368,11.27884],[122.106613,11.279],[122.105911,11.27837],[122.105583,11.27736],[122.105133,11.27669],[122.104401,11.27612],[122.104286,11.2757],[122.104538,11.27558],[122.104919,11.27521],[122.105522,11.27436],[122.105766,11.27409],[122.105423,11.27384],[122.103081,11.27277],[122.100929,11.27166],[122.098442,11.27062],[122.096138,11.27],[122.093941,11.26914],[122.09288,11.268],[122.091904,11.26727],[122.090103,11.267],[122.088364,11.26698],[122.087067,11.26622],[122.085823,11.26634],[122.085411,11.26637],[122.084267,11.26589],[122.082947,11.26587],[122.082069,11.26596],[122.081146,11.26535],[122.080887,11.26533],[122.081146,11.26547],[122.081192,11.26613],[122.081062,11.26658],[122.080627,11.26739],[122.080139,11.26766],[122.079826,11.26776],[122.079193,11.26876],[122.079361,11.26949],[122.079781,11.27009],[122.079514,11.27146],[122.078773,11.28263],[122.079582,11.28678],[122.09391,11.28653],[122.104538,11.28433]]]]}},{"type":"Feature","properties":{"ID_0":177,"ISO":"PHL","NAME_0":"Philippines","ID_1":6006,"NAME_1":"Antique","ID_2":600617,"NAME_2":"Tibiao","ID_3":600617005,"NAME_3":"Esparagoza","NL_NAME_3":null,"VARNAME_3":null,"TYPE_3":"Barangay","ENGTYPE_3":"Village","PROVINCE":"Antique","REGION":"Region VI (Western Visayas)","id":"barangay-0600617005","name":"Esparagoza","barangayCode":"0600617005","population":null,"formattedPop":null,"densityCategory":"No data","vulnerabilityRating":"No data","healthRiskLevel":"No data","areaKm2":1.849022,"centerLat":11.257049,"centerLng":122.070179,"geometrySource":"all_barangay-2.csv detailed WKT","geometryMatchMethod":"unique_official_admin_names","boundaryPointCount":39},"geometry":{"type":"MultiPolygon","coordinates":[[[[122.063454,11.26606],[122.079514,11.27146],[122.079781,11.27009],[122.079361,11.26949],[122.079193,11.26876],[122.079826,11.26776],[122.080139,11.26766],[122.080627,11.26739],[122.081062,11.26658],[122.081192,11.26613],[122.081146,11.26547],[122.080887,11.26533],[122.080193,11.26508],[122.079376,11.26416],[122.078659,11.26322],[122.07756,11.26277],[122.076668,11.26227],[122.075996,11.26102],[122.075912,11.25959],[122.075996,11.25949],[122.07473,11.25864],[122.073853,11.25745],[122.073967,11.25567],[122.074287,11.25345],[122.073891,11.25132],[122.07267,11.25064],[122.071632,11.24965],[122.070213,11.24891],[122.06881,11.24899],[122.067879,11.24839],[122.066643,11.24841],[122.065857,11.2487],[122.064621,11.24895],[122.063972,11.24871],[122.063629,11.24916],[122.06295,11.24975],[122.062088,11.25009],[122.063011,11.26165],[122.063454,11.26606]]]]}},{"type":"Feature","properties":{"ID_0":177,"ISO":"PHL","NAME_0":"Philippines","ID_1":6006,"NAME_1":"Antique","ID_2":600617,"NAME_2":"Tibiao","ID_3":600617006,"NAME_3":"Importante","NL_NAME_3":null,"VARNAME_3":null,"TYPE_3":"Barangay","ENGTYPE_3":"Village","PROVINCE":"Antique","REGION":"Region VI (Western Visayas)","id":"barangay-0600617006","name":"Importante","barangayCode":"0600617006","population":null,"formattedPop":null,"densityCategory":"No data","vulnerabilityRating":"No data","healthRiskLevel":"No data","areaKm2":5.456309,"centerLat":11.29912,"centerLng":122.06641,"geometrySource":"all_barangay-2.csv detailed WKT","geometryMatchMethod":"unique_official_admin_names","boundaryPointCount":35},"geometry":{"type":"MultiPolygon","coordinates":[[[[122.067886,11.31166],[122.082176,11.30476],[122.084793,11.3002],[122.081947,11.29395],[122.063904,11.29322],[122.04615,11.28716],[122.04081,11.29814],[122.041412,11.29844],[122.04245,11.29848],[122.043541,11.29874],[122.044327,11.29925],[122.045067,11.29982],[122.045479,11.29996],[122.046623,11.29971],[122.047813,11.2999],[122.049347,11.30051],[122.050377,11.30097],[122.051437,11.30177],[122.053642,11.30325],[122.054703,11.30369],[122.055313,11.30421],[122.056198,11.30458],[122.056572,11.30484],[122.057373,11.30482],[122.058708,11.30492],[122.060181,11.30493],[122.061272,11.30573],[122.062149,11.30674],[122.062592,11.30729],[122.06292,11.30851],[122.063019,11.31004],[122.064034,11.31034],[122.065277,11.3101],[122.066658,11.31064],[122.067886,11.31166]]]]}},{"type":"Feature","properties":{"ID_0":177,"ISO":"PHL","NAME_0":"Philippines","ID_1":6006,"NAME_1":"Antique","ID_2":600617,"NAME_2":"Tibiao","ID_3":600617007,"NAME_3":"La Paz","NL_NAME_3":null,"VARNAME_3":null,"TYPE_3":"Barangay","ENGTYPE_3":"Village","PROVINCE":"Antique","REGION":"Region VI (Western Visayas)","id":"barangay-0600617007","name":"La Paz","barangayCode":"0600617007","population":null,"formattedPop":null,"densityCategory":"No data","vulnerabilityRating":"No data","healthRiskLevel":"No data","areaKm2":7.207355,"centerLat":11.343767,"centerLng":122.068516,"geometrySource":"all_barangay-2.csv detailed WKT","geometryMatchMethod":"unique_official_admin_names","boundaryPointCount":48},"geometry":{"type":"MultiPolygon","coordinates":[[[[122.067307,11.35824],[122.079887,11.35754],[122.081818,11.35562],[122.080917,11.33227],[122.066528,11.33035],[122.057777,11.33162],[122.052223,11.3342],[122.052223,11.33444],[122.053047,11.33528],[122.053337,11.33528],[122.053612,11.33556],[122.053612,11.33583],[122.054733,11.33694],[122.054733,11.33722],[122.055832,11.33833],[122.055832,11.33861],[122.056107,11.33889],[122.056107,11.33917],[122.056389,11.33944],[122.056389,11.33972],[122.056664,11.34],[122.056664,11.34028],[122.056953,11.34056],[122.056953,11.34083],[122.05722,11.34111],[122.05722,11.34139],[122.057503,11.34167],[122.057503,11.34222],[122.057777,11.3425],[122.057777,11.34278],[122.058052,11.34306],[122.058052,11.34444],[122.058327,11.34472],[122.058327,11.34667],[122.058052,11.34694],[122.058052,11.34806],[122.058327,11.34833],[122.058327,11.34917],[122.058609,11.34944],[122.058609,11.35556],[122.058891,11.35583],[122.058891,11.35667],[122.058609,11.35694],[122.058609,11.35722],[122.059174,11.35778],[122.059174,11.35833],[122.059959,11.35913],[122.067307,11.35824]]]]}},{"type":"Feature","properties":{"ID_0":177,"ISO":"PHL","NAME_0":"Philippines","ID_1":6006,"NAME_1":"Antique","ID_2":600617,"NAME_2":"Tibiao","ID_3":600617008,"NAME_3":"Malabor","NL_NAME_3":null,"VARNAME_3":null,"TYPE_3":"Barangay","ENGTYPE_3":"Village","PROVINCE":"Antique","REGION":"Region VI (Western Visayas)","id":"barangay-0600617008","name":"Malabor","barangayCode":"0600617008","population":null,"formattedPop":null,"densityCategory":"No data","vulnerabilityRating":"No data","healthRiskLevel":"No data","areaKm2":2.029832,"centerLat":11.276704,"centerLng":122.049209,"geometrySource":"all_barangay-2.csv detailed WKT","geometryMatchMethod":"unique_official_admin_names","boundaryPointCount":40},"geometry":{"type":"MultiPolygon","coordinates":[[[[122.04615,11.28716],[122.055031,11.28125],[122.055893,11.27651],[122.055573,11.27599],[122.055458,11.27547],[122.055519,11.27456],[122.055367,11.27413],[122.054703,11.27406],[122.053619,11.27342],[122.052559,11.2734],[122.051537,11.27267],[122.051086,11.27172],[122.050667,11.27137],[122.050102,11.27153],[122.049507,11.27054],[122.04892,11.26955],[122.048233,11.26911],[122.048012,11.26894],[122.046669,11.27028],[122.046669,11.27056],[122.044937,11.27228],[122.044441,11.27278],[122.044441,11.27286],[122.044441,11.27306],[122.044144,11.27336],[122.043053,11.27444],[122.043053,11.27472],[122.042221,11.27556],[122.042221,11.27583],[122.041389,11.27667],[122.041389,11.27694],[122.040001,11.27833],[122.040001,11.27861],[122.03833,11.28028],[122.03833,11.28056],[122.036667,11.28222],[122.036667,11.2825],[122.035622,11.28355],[122.037193,11.28392],[122.04615,11.28716]]]]}},{"type":"Feature","properties":{"ID_0":177,"ISO":"PHL","NAME_0":"Philippines","ID_1":6006,"NAME_1":"Antique","ID_2":600617,"NAME_2":"Tibiao","ID_3":600617009,"NAME_3":"Martinez","NL_NAME_3":null,"VARNAME_3":null,"TYPE_3":"Barangay","ENGTYPE_3":"Village","PROVINCE":"Antique","REGION":"Region VI (Western Visayas)","id":"barangay-0600617009","name":"Martinez","barangayCode":"0600617009","population":null,"formattedPop":null,"densityCategory":"No data","vulnerabilityRating":"No data","healthRiskLevel":"No data","areaKm2":2.313341,"centerLat":11.307583,"centerLng":122.035362,"geometrySource":"all_barangay-2.csv detailed WKT","geometryMatchMethod":"unique_official_admin_names","boundaryPointCount":73},"geometry":{"type":"MultiPolygon","coordinates":[[[[122.041267,11.30939],[122.040741,11.30825],[122.04081,11.29814],[122.040039,11.2977],[122.039322,11.29771],[122.038437,11.29809],[122.037361,11.29846],[122.036362,11.29789],[122.0354,11.29676],[122.034859,11.29586],[122.03373,11.29491],[122.031662,11.29515],[122.030861,11.29495],[122.0299,11.29431],[122.029404,11.29397],[122.029358,11.29379],[122.028923,11.2937],[122.028603,11.29362],[122.028343,11.29389],[122.028343,11.29444],[122.028053,11.29472],[122.028053,11.29528],[122.027779,11.29556],[122.027779,11.29583],[122.027496,11.29611],[122.027496,11.29639],[122.027222,11.29667],[122.027222,11.2975],[122.027496,11.29778],[122.027496,11.29806],[122.027222,11.29833],[122.027222,11.3],[122.026947,11.30028],[122.026947,11.30056],[122.027222,11.30083],[122.027222,11.30111],[122.027496,11.30139],[122.027496,11.30167],[122.027779,11.30194],[122.027779,11.3025],[122.028053,11.30278],[122.028053,11.30361],[122.028343,11.30389],[122.028343,11.30472],[122.02861,11.305],[122.02861,11.30528],[122.028893,11.30556],[122.028893,11.30583],[122.029167,11.30611],[122.029167,11.30639],[122.029442,11.30667],[122.029442,11.30722],[122.029999,11.30778],[122.029999,11.30806],[122.030373,11.30843],[122.030563,11.30861],[122.030563,11.30889],[122.03083,11.30917],[122.03083,11.30972],[122.031387,11.31028],[122.031387,11.31056],[122.03167,11.31083],[122.03167,11.31111],[122.032219,11.31167],[122.032219,11.31216],[122.032219,11.3123],[122.032219,11.31245],[122.032227,11.31251],[122.032501,11.31278],[122.032501,11.31333],[122.03273,11.31357],[122.035431,11.31143],[122.041267,11.30939]]]]}},{"type":"Feature","properties":{"ID_0":177,"ISO":"PHL","NAME_0":"Philippines","ID_1":6006,"NAME_1":"Antique","ID_2":600617,"NAME_2":"Tibiao","ID_3":600617010,"NAME_3":"Natividad","NL_NAME_3":null,"VARNAME_3":null,"TYPE_3":"Barangay","ENGTYPE_3":"Village","PROVINCE":"Antique","REGION":"Region VI (Western Visayas)","id":"barangay-0600617010","name":"Natividad","barangayCode":"0600617010","population":null,"formattedPop":null,"densityCategory":"No data","vulnerabilityRating":"No data","healthRiskLevel":"No data","areaKm2":0.893831,"centerLat":11.268269,"centerLng":122.055914,"geometrySource":"all_barangay-2.csv detailed WKT","geometryMatchMethod":"unique_official_admin_names","boundaryPointCount":31},"geometry":{"type":"MultiPolygon","coordinates":[[[[122.055367,11.27413],[122.055946,11.27396],[122.05658,11.27369],[122.05719,11.27309],[122.057953,11.27276],[122.058937,11.27307],[122.060059,11.27404],[122.060379,11.27373],[122.060722,11.27363],[122.063538,11.26873],[122.049591,11.26624],[122.049454,11.26639],[122.049454,11.26667],[122.048889,11.26722],[122.048889,11.2675],[122.048607,11.26778],[122.048607,11.26806],[122.048058,11.26861],[122.048058,11.26889],[122.048012,11.26894],[122.048233,11.26911],[122.04892,11.26955],[122.049507,11.27054],[122.050102,11.27153],[122.050667,11.27137],[122.051086,11.27172],[122.051537,11.27267],[122.052559,11.2734],[122.053619,11.27342],[122.054703,11.27406],[122.055367,11.27413]]]]}},{"type":"Feature","properties":{"ID_0":177,"ISO":"PHL","NAME_0":"Philippines","ID_1":6006,"NAME_1":"Antique","ID_2":600617,"NAME_2":"Tibiao","ID_3":600617011,"NAME_3":"Pitac","NL_NAME_3":null,"VARNAME_3":null,"TYPE_3":"Barangay","ENGTYPE_3":"Village","PROVINCE":"Antique","REGION":"Region VI (Western Visayas)","id":"barangay-0600617011","name":"Pitac","barangayCode":"0600617011","population":null,"formattedPop":null,"densityCategory":"No data","vulnerabilityRating":"No data","healthRiskLevel":"No data","areaKm2":14.174848,"centerLat":11.346384,"centerLng":122.098391,"geometrySource":"all_barangay-2.csv detailed WKT","geometryMatchMethod":"unique_official_admin_names","boundaryPointCount":6},"geometry":{"type":"MultiPolygon","coordinates":[[[[122.094704,11.35626],[122.121559,11.35254],[122.120033,11.33237],[122.080917,11.33227],[122.081818,11.35562],[122.094704,11.35626]]]]}},{"type":"Feature","properties":{"ID_0":177,"ISO":"PHL","NAME_0":"Philippines","ID_1":6006,"NAME_1":"Antique","ID_2":600617,"NAME_2":"Tibiao","ID_3":600617012,"NAME_3":"Poblacion","NL_NAME_3":null,"VARNAME_3":null,"TYPE_3":"Barangay","ENGTYPE_3":"Village","PROVINCE":"Antique","REGION":"Region VI (Western Visayas)","id":"barangay-0600617012","name":"Poblacion","barangayCode":"0600617012","population":null,"formattedPop":null,"densityCategory":"No data","vulnerabilityRating":"No data","healthRiskLevel":"No data","areaKm2":3.104083,"centerLat":11.290897,"centerLng":122.03812,"geometrySource":"all_barangay-2.csv detailed WKT","geometryMatchMethod":"unique_official_admin_names","boundaryPointCount":41},"geometry":{"type":"MultiPolygon","coordinates":[[[[122.028603,11.29362],[122.028923,11.2937],[122.029358,11.29379],[122.029404,11.29397],[122.0299,11.29431],[122.030861,11.29495],[122.031662,11.29515],[122.03373,11.29491],[122.034859,11.29586],[122.0354,11.29676],[122.036362,11.29789],[122.037361,11.29846],[122.038437,11.29809],[122.039322,11.29771],[122.040039,11.2977],[122.04081,11.29814],[122.04615,11.28716],[122.037193,11.28392],[122.035622,11.28355],[122.035004,11.28417],[122.035004,11.28444],[122.033333,11.28611],[122.033333,11.28639],[122.032784,11.28694],[122.032784,11.28722],[122.032219,11.28778],[122.032219,11.28806],[122.03167,11.28861],[122.03167,11.28889],[122.03083,11.28972],[122.030563,11.28972],[122.030281,11.29],[122.030281,11.29056],[122.029999,11.29083],[122.029999,11.29111],[122.029442,11.29167],[122.029442,11.29194],[122.029167,11.29222],[122.029167,11.29278],[122.02861,11.29333],[122.028603,11.29362]]]]}},{"type":"Feature","properties":{"ID_0":177,"ISO":"PHL","NAME_0":"Philippines","ID_1":6006,"NAME_1":"Antique","ID_2":600617,"NAME_2":"Tibiao","ID_3":600617013,"NAME_3":"Salazar","NL_NAME_3":null,"VARNAME_3":null,"TYPE_3":"Barangay","ENGTYPE_3":"Village","PROVINCE":"Antique","REGION":"Region VI (Western Visayas)","id":"barangay-0600617013","name":"Salazar","barangayCode":"0600617013","population":null,"formattedPop":null,"densityCategory":"No data","vulnerabilityRating":"No data","healthRiskLevel":"No data","areaKm2":9.684117,"centerLat":11.282116,"centerLng":122.091589,"geometrySource":"all_barangay-2.csv detailed WKT","geometryMatchMethod":"unique_official_admin_names","boundaryPointCount":29},"geometry":{"type":"MultiPolygon","coordinates":[[[[122.082176,11.30476],[122.086563,11.31167],[122.090736,11.30853],[122.101753,11.29843],[122.109871,11.29915],[122.110779,11.2984],[122.111862,11.29824],[122.112679,11.29791],[122.112267,11.29715],[122.111526,11.29699],[122.110863,11.29664],[122.109703,11.29596],[122.109261,11.29556],[122.108368,11.2947],[122.108772,11.29328],[122.108009,11.29257],[122.107872,11.29058],[122.107491,11.28979],[122.106743,11.28897],[122.105469,11.28797],[122.103867,11.28673],[122.10318,11.28548],[122.104149,11.28464],[122.104538,11.28433],[122.09391,11.28653],[122.079582,11.28678],[122.081947,11.29395],[122.084793,11.3002],[122.082176,11.30476]]]]}},{"type":"Feature","properties":{"ID_0":177,"ISO":"PHL","NAME_0":"Philippines","ID_1":6006,"NAME_1":"Antique","ID_2":600617,"NAME_2":"Tibiao","ID_3":600617014,"NAME_3":"San Francisco Norte","NL_NAME_3":null,"VARNAME_3":null,"TYPE_3":"Barangay","ENGTYPE_3":"Village","PROVINCE":"Antique","REGION":"Region VI (Western Visayas)","id":"barangay-0600617014","name":"San Francisco Norte","barangayCode":"0600617014","population":null,"formattedPop":null,"densityCategory":"No data","vulnerabilityRating":"No data","healthRiskLevel":"No data","areaKm2":2.157636,"centerLat":11.328406,"centerLng":122.056398,"geometrySource":"all_barangay-2.csv detailed WKT","geometryMatchMethod":"unique_official_admin_names","boundaryPointCount":23},"geometry":{"type":"MultiPolygon","coordinates":[[[[122.052223,11.3342],[122.057777,11.33162],[122.066528,11.33035],[122.060753,11.3219],[122.048813,11.32575],[122.048073,11.32538],[122.044533,11.32772],[122.043716,11.32733],[122.044724,11.32833],[122.044998,11.32833],[122.045563,11.32889],[122.04583,11.32889],[122.046112,11.32917],[122.046387,11.32917],[122.046669,11.32945],[122.046944,11.32945],[122.048019,11.33052],[122.049454,11.33194],[122.049721,11.33194],[122.050003,11.33222],[122.050278,11.33222],[122.050873,11.33281],[122.052223,11.3342]]]]}},{"type":"Feature","properties":{"ID_0":177,"ISO":"PHL","NAME_0":"Philippines","ID_1":6006,"NAME_1":"Antique","ID_2":600617,"NAME_2":"Tibiao","ID_3":600617015,"NAME_3":"San Francisco Sur","NL_NAME_3":null,"VARNAME_3":null,"TYPE_3":"Barangay","ENGTYPE_3":"Village","PROVINCE":"Antique","REGION":"Region VI (Western Visayas)","id":"barangay-0600617015","name":"San Francisco Sur","barangayCode":"0600617015","population":null,"formattedPop":null,"densityCategory":"No data","vulnerabilityRating":"No data","healthRiskLevel":"No data","areaKm2":2.365015,"centerLat":11.316548,"centerLng":122.051305,"geometrySource":"all_barangay-2.csv detailed WKT","geometryMatchMethod":"unique_official_admin_names","boundaryPointCount":7},"geometry":{"type":"MultiPolygon","coordinates":[[[[122.048073,11.32538],[122.048813,11.32575],[122.060753,11.3219],[122.059113,11.31628],[122.056877,11.30933],[122.043663,11.31483],[122.048073,11.32538]]]]}},{"type":"Feature","properties":{"ID_0":177,"ISO":"PHL","NAME_0":"Philippines","ID_1":6006,"NAME_1":"Antique","ID_2":600617,"NAME_2":"Tibiao","ID_3":600617016,"NAME_3":"San Isidro","NL_NAME_3":null,"VARNAME_3":null,"TYPE_3":"Barangay","ENGTYPE_3":"Village","PROVINCE":"Antique","REGION":"Region VI (Western Visayas)","id":"barangay-0600617016","name":"San Isidro","barangayCode":"0600617016","population":null,"formattedPop":null,"densityCategory":"No data","vulnerabilityRating":"No data","healthRiskLevel":"No data","areaKm2":1.145394,"centerLat":11.321669,"centerLng":122.04228,"geometrySource":"all_barangay-2.csv detailed WKT","geometryMatchMethod":"unique_official_admin_names","boundaryPointCount":59},"geometry":{"type":"MultiPolygon","coordinates":[[[[122.043716,11.32733],[122.044533,11.32772],[122.048073,11.32538],[122.043663,11.31483],[122.041267,11.30939],[122.035431,11.31143],[122.03273,11.31357],[122.032784,11.31361],[122.032784,11.31389],[122.033058,11.31417],[122.033058,11.31472],[122.033333,11.315],[122.033333,11.31528],[122.033607,11.31556],[122.033607,11.31583],[122.03389,11.31611],[122.033897,11.3164],[122.034447,11.31694],[122.034447,11.31801],[122.034447,11.31806],[122.034531,11.31814],[122.035004,11.31861],[122.035004,11.31889],[122.035278,11.31917],[122.035278,11.31936],[122.035278,11.31944],[122.035393,11.31956],[122.035553,11.31972],[122.035553,11.31984],[122.035553,11.32],[122.035767,11.32021],[122.035843,11.32028],[122.035843,11.32033],[122.035843,11.32056],[122.03611,11.32083],[122.03611,11.32111],[122.036392,11.32139],[122.036392,11.32167],[122.036797,11.32207],[122.037498,11.32278],[122.037498,11.32305],[122.037537,11.32309],[122.039047,11.32461],[122.040001,11.32556],[122.040283,11.32556],[122.040558,11.32583],[122.040894,11.32583],[122.041107,11.32583],[122.041389,11.32611],[122.041656,11.32611],[122.041946,11.32639],[122.042221,11.32639],[122.042503,11.32667],[122.042778,11.32667],[122.04319,11.32708],[122.043327,11.32722],[122.043503,11.32722],[122.04361,11.32722],[122.043716,11.32733]]]]}},{"type":"Feature","properties":{"ID_0":177,"ISO":"PHL","NAME_0":"Philippines","ID_1":6006,"NAME_1":"Antique","ID_2":600617,"NAME_2":"Tibiao","ID_3":600617017,"NAME_3":"Sta. Ana","NL_NAME_3":null,"VARNAME_3":null,"TYPE_3":"Barangay","ENGTYPE_3":"Village","PROVINCE":"Antique","REGION":"Region VI (Western Visayas)","id":"barangay-0600617017","name":"Sta. Ana","barangayCode":"0600617017","population":null,"formattedPop":null,"densityCategory":"No data","vulnerabilityRating":"No data","healthRiskLevel":"No data","areaKm2":1.386826,"centerLat":11.252511,"centerLng":122.059941,"geometrySource":"all_barangay-2.csv detailed WKT","geometryMatchMethod":"unique_official_admin_names","boundaryPointCount":29},"geometry":{"type":"MultiPolygon","coordinates":[[[[122.063011,11.26165],[122.062088,11.25009],[122.06295,11.24975],[122.063629,11.24916],[122.063972,11.24871],[122.061569,11.24777],[122.060837,11.2477],[122.060127,11.24696],[122.058563,11.24697],[122.057243,11.24726],[122.055481,11.24847],[122.054482,11.24929],[122.053627,11.25011],[122.053162,11.25023],[122.051971,11.25047],[122.05069,11.2506],[122.049316,11.25041],[122.049454,11.25056],[122.049454,11.25439],[122.049454,11.25444],[122.049721,11.25472],[122.049721,11.25528],[122.050003,11.25556],[122.050003,11.25596],[122.050194,11.25591],[122.050743,11.2557],[122.050941,11.25549],[122.055923,11.25629],[122.063011,11.26165]]]]}},{"type":"Feature","properties":{"ID_0":177,"ISO":"PHL","NAME_0":"Philippines","ID_1":6006,"NAME_1":"Antique","ID_2":600617,"NAME_2":"Tibiao","ID_3":600617018,"NAME_3":"Sta. Justa","NL_NAME_3":null,"VARNAME_3":null,"TYPE_3":"Barangay","ENGTYPE_3":"Village","PROVINCE":"Antique","REGION":"Region VI (Western Visayas)","id":"barangay-0600617018","name":"Sta. Justa","barangayCode":"0600617018","population":null,"formattedPop":null,"densityCategory":"No data","vulnerabilityRating":"No data","healthRiskLevel":"No data","areaKm2":1.522234,"centerLat":11.305261,"centerLng":122.047335,"geometrySource":"all_barangay-2.csv detailed WKT","geometryMatchMethod":"unique_official_admin_names","boundaryPointCount":21},"geometry":{"type":"MultiPolygon","coordinates":[[[[122.043663,11.31483],[122.056877,11.30933],[122.056198,11.30458],[122.055313,11.30421],[122.054703,11.30369],[122.053642,11.30325],[122.051437,11.30177],[122.050377,11.30097],[122.049347,11.30051],[122.047813,11.2999],[122.046623,11.29971],[122.045479,11.29996],[122.045067,11.29982],[122.044327,11.29925],[122.043541,11.29874],[122.04245,11.29848],[122.041412,11.29844],[122.04081,11.29814],[122.040741,11.30825],[122.041267,11.30939],[122.043663,11.31483]]]]}},{"type":"Feature","properties":{"ID_0":177,"ISO":"PHL","NAME_0":"Philippines","ID_1":6006,"NAME_1":"Antique","ID_2":600617,"NAME_2":"Tibiao","ID_3":600617019,"NAME_3":"Sto. Rosario","NL_NAME_3":null,"VARNAME_3":null,"TYPE_3":"Barangay","ENGTYPE_3":"Village","PROVINCE":"Antique","REGION":"Region VI (Western Visayas)","id":"barangay-0600617019","name":"Sto. Rosario","barangayCode":"0600617019","population":null,"formattedPop":null,"densityCategory":"No data","vulnerabilityRating":"No data","healthRiskLevel":"No data","areaKm2":1.659953,"centerLat":11.260449,"centerLng":122.057645,"geometrySource":"all_barangay-2.csv detailed WKT","geometryMatchMethod":"unique_official_admin_names","boundaryPointCount":31},"geometry":{"type":"MultiPolygon","coordinates":[[[[122.063538,11.26873],[122.063454,11.26606],[122.063011,11.26165],[122.055923,11.25629],[122.050941,11.25549],[122.050743,11.2557],[122.050194,11.25591],[122.050003,11.25596],[122.050003,11.25611],[122.050278,11.25639],[122.050278,11.25667],[122.050552,11.25694],[122.050552,11.25722],[122.050827,11.2575],[122.050827,11.25778],[122.051109,11.25806],[122.051109,11.25861],[122.051392,11.25889],[122.051392,11.25944],[122.051666,11.25972],[122.051666,11.2625],[122.051392,11.26278],[122.051392,11.26361],[122.051109,11.26389],[122.051109,11.26417],[122.050552,11.26472],[122.050552,11.265],[122.050278,11.26528],[122.050278,11.26556],[122.049591,11.26624],[122.063538,11.26873]]]]}},{"type":"Feature","properties":{"ID_0":177,"ISO":"PHL","NAME_0":"Philippines","ID_1":6006,"NAME_1":"Antique","ID_2":600617,"NAME_2":"Tibiao","ID_3":600617020,"NAME_3":"Tigbaboy","NL_NAME_3":null,"VARNAME_3":null,"TYPE_3":"Barangay","ENGTYPE_3":"Village","PROVINCE":"Antique","REGION":"Region VI (Western Visayas)","id":"barangay-0600617020","name":"Tigbaboy","barangayCode":"0600617020","population":null,"formattedPop":null,"densityCategory":"No data","vulnerabilityRating":"No data","healthRiskLevel":"No data","areaKm2":2.87613,"centerLat":11.317692,"centerLng":122.067939,"geometrySource":"all_barangay-2.csv detailed WKT","geometryMatchMethod":"unique_official_admin_names","boundaryPointCount":8},"geometry":{"type":"MultiPolygon","coordinates":[[[[122.080917,11.33227],[122.086563,11.31167],[122.082176,11.30476],[122.067886,11.31166],[122.059113,11.31628],[122.060753,11.3219],[122.066528,11.33035],[122.080917,11.33227]]]]}},{"type":"Feature","properties":{"ID_0":177,"ISO":"PHL","NAME_0":"Philippines","ID_1":6006,"NAME_1":"Antique","ID_2":600617,"NAME_2":"Tibiao","ID_3":600617021,"NAME_3":"Tuno","NL_NAME_3":null,"VARNAME_3":null,"TYPE_3":"Barangay","ENGTYPE_3":"Village","PROVINCE":"Antique","REGION":"Region VI (Western Visayas)","id":"barangay-0600617021","name":"Tuno","barangayCode":"0600617021","population":null,"formattedPop":null,"densityCategory":"No data","vulnerabilityRating":"No data","healthRiskLevel":"No data","areaKm2":29.362104,"centerLat":11.324666,"centerLng":122.114294,"geometrySource":"all_barangay-2.csv detailed WKT","geometryMatchMethod":"unique_official_admin_names","boundaryPointCount":122},"geometry":{"type":"MultiPolygon","coordinates":[[[[122.164398,11.34616],[122.163513,11.34542],[122.163208,11.34482],[122.162666,11.34411],[122.161926,11.34333],[122.160622,11.34291],[122.159607,11.34251],[122.157951,11.34082],[122.158539,11.34016],[122.159233,11.33891],[122.159973,11.33823],[122.160072,11.33728],[122.160599,11.33524],[122.160583,11.33376],[122.160439,11.33206],[122.159843,11.33083],[122.15966,11.32893],[122.159111,11.3276],[122.158989,11.32636],[122.158592,11.3254],[122.15757,11.32556],[122.156761,11.32567],[122.155502,11.32545],[122.154343,11.32491],[122.154129,11.32597],[122.153481,11.32666],[122.152611,11.32683],[122.151802,11.32678],[122.150192,11.32791],[122.148857,11.32913],[122.148521,11.32879],[122.147629,11.32906],[122.147209,11.32943],[122.146103,11.32993],[122.145477,11.33049],[122.144653,11.33081],[122.144081,11.33029],[122.142883,11.32945],[122.142372,11.33038],[122.141479,11.33155],[122.140587,11.33117],[122.140068,11.3301],[122.139297,11.33039],[122.138412,11.33035],[122.138039,11.32916],[122.137413,11.32885],[122.136574,11.32911],[122.135872,11.32951],[122.134941,11.3308],[122.134018,11.33096],[122.132713,11.33062],[122.131683,11.33017],[122.131012,11.32976],[122.130447,11.32851],[122.12986,11.3271],[122.129288,11.32624],[122.128448,11.32624],[122.12764,11.32638],[122.127281,11.32671],[122.126579,11.32617],[122.126472,11.32541],[122.127037,11.3248],[122.126678,11.32397],[122.125977,11.32341],[122.125908,11.32241],[122.126823,11.32174],[122.127724,11.32156],[122.128899,11.32109],[122.128677,11.31943],[122.128761,11.31877],[122.128571,11.31795],[122.127861,11.31784],[122.127434,11.31726],[122.12735,11.31656],[122.126358,11.31592],[122.126038,11.31478],[122.126083,11.31378],[122.126266,11.31285],[122.125549,11.31289],[122.124893,11.3127],[122.123878,11.31318],[122.122879,11.31407],[122.122559,11.31412],[122.122047,11.31337],[122.121941,11.31219],[122.121239,11.31223],[122.120407,11.31281],[122.119324,11.31307],[122.118874,11.31262],[122.118042,11.31218],[122.117043,11.31247],[122.116043,11.31261],[122.115501,11.3126],[122.115158,11.3123],[122.115402,11.31113],[122.116119,11.31036],[122.116997,11.30926],[122.117668,11.30757],[122.118683,11.30646],[122.118637,11.30579],[122.117729,11.30556],[122.117287,11.30509],[122.116631,11.30462],[122.115768,11.30505],[122.114906,11.30404],[122.114441,11.3025],[122.113647,11.3025],[122.111992,11.30312],[122.111328,11.30239],[122.110802,11.30108],[122.110313,11.30072],[122.109871,11.30008],[122.109894,11.29951],[122.109871,11.29915],[122.101753,11.29843],[122.090736,11.30853],[122.086563,11.31167],[122.080917,11.33227],[122.120033,11.33237],[122.121559,11.35254],[122.136597,11.35286],[122.164398,11.34616]]]]}},{"type":"Feature","properties":{"ID_0":177,"ISO":"PHL","NAME_0":"Philippines","ID_1":6006,"NAME_1":"Antique","ID_2":600618,"NAME_2":"Valderrama","ID_3":600618001,"NAME_3":"Bakiang","NL_NAME_3":null,"VARNAME_3":null,"TYPE_3":"Barangay","ENGTYPE_3":"Village","PROVINCE":"Antique","REGION":"Region VI (Western Visayas)","id":"barangay-0600618001","name":"Bakiang","barangayCode":"0600618001","population":null,"formattedPop":null,"densityCategory":"No data","vulnerabilityRating":"No data","healthRiskLevel":"No data","areaKm2":7.277289,"centerLat":11.08884,"centerLng":122.178377,"geometrySource":"all_barangay-2.csv detailed WKT","geometryMatchMethod":"unique_official_admin_names","boundaryPointCount":18},"geometry":{"type":"MultiPolygon","coordinates":[[[[122.185944,11.11582],[122.188141,11.09319],[122.187698,11.07862],[122.186203,11.08007],[122.185257,11.0817],[122.184647,11.0827],[122.178177,11.08848],[122.17495,11.08964],[122.172256,11.08942],[122.169296,11.08942],[122.168243,11.09091],[122.171494,11.09515],[122.173286,11.09766],[122.176132,11.10164],[122.17939,11.10644],[122.180817,11.10855],[122.184837,11.11411],[122.185944,11.11582]]]]}},{"type":"Feature","properties":{"ID_0":177,"ISO":"PHL","NAME_0":"Philippines","ID_1":6006,"NAME_1":"Antique","ID_2":600618,"NAME_2":"Valderrama","ID_3":600618002,"NAME_3":"Binanogan","NL_NAME_3":null,"VARNAME_3":null,"TYPE_3":"Barangay","ENGTYPE_3":"Village","PROVINCE":"Antique","REGION":"Region VI (Western Visayas)","id":"barangay-0600618002","name":"Binanogan","barangayCode":"0600618002","population":null,"formattedPop":null,"densityCategory":"No data","vulnerabilityRating":"No data","healthRiskLevel":"No data","areaKm2":6.202326,"centerLat":10.976326,"centerLng":122.138307,"geometrySource":"all_barangay-2.csv detailed WKT","geometryMatchMethod":"unique_official_admin_names","boundaryPointCount":21},"geometry":{"type":"MultiPolygon","coordinates":[[[[122.134666,10.99627],[122.135117,10.99502],[122.13562,10.99411],[122.137459,10.99248],[122.138428,10.99157],[122.138512,10.99149],[122.140053,10.99005],[122.14122,10.98895],[122.144211,10.98432],[122.15448,10.97203],[122.151299,10.969],[122.139732,10.96359],[122.137398,10.962114],[122.136299,10.96142],[122.133247,10.95894],[122.132683,10.95745],[122.129211,10.962114],[122.116882,10.97872],[122.12941,10.99304],[122.133797,10.99739],[122.134666,10.99627]]]]}},{"type":"Feature","properties":{"ID_0":177,"ISO":"PHL","NAME_0":"Philippines","ID_1":6006,"NAME_1":"Antique","ID_2":600618,"NAME_2":"Valderrama","ID_3":600618003,"NAME_3":"Borocboroc","NL_NAME_3":null,"VARNAME_3":null,"TYPE_3":"Barangay","ENGTYPE_3":"Village","PROVINCE":"Antique","REGION":"Region VI (Western Visayas)","id":"barangay-0600618003","name":"Borocboroc","barangayCode":"0600618003","population":null,"formattedPop":null,"densityCategory":"No data","vulnerabilityRating":"No data","healthRiskLevel":"No data","areaKm2":6.567359,"centerLat":11.047528,"centerLng":122.159583,"geometrySource":"all_barangay-2.csv detailed WKT","geometryMatchMethod":"unique_official_admin_names","boundaryPointCount":45},"geometry":{"type":"MultiPolygon","coordinates":[[[[122.157944,11.07542],[122.15937,11.07288],[122.160767,11.0708],[122.162102,11.06821],[122.163498,11.06547],[122.166023,11.06171],[122.167847,11.06017],[122.168022,11.05898],[122.168327,11.05782],[122.167343,11.05668],[122.167183,11.05569],[122.167763,11.05425],[122.168488,11.05333],[122.168068,11.05142],[122.168579,11.0497],[122.168877,11.04842],[122.169746,11.04805],[122.169762,11.04684],[122.16993,11.04614],[122.170547,11.04515],[122.170937,11.04454],[122.170898,11.04337],[122.171753,11.0423],[122.172592,11.04144],[122.172897,11.04011],[122.172607,11.0384],[122.17186,11.03723],[122.171257,11.03604],[122.169807,11.03509],[122.168533,11.03485],[122.167839,11.03457],[122.166153,11.03477],[122.164803,11.03473],[122.162537,11.03368],[122.162178,11.03332],[122.161636,11.03283],[122.159981,11.03212],[122.158417,11.0318],[122.157127,11.03186],[122.155403,11.03115],[122.153961,11.03096],[122.153053,11.03042],[122.147636,11.06381],[122.151772,11.06822],[122.157944,11.07542]]]]}},{"type":"Feature","properties":{"ID_0":177,"ISO":"PHL","NAME_0":"Philippines","ID_1":6006,"NAME_1":"Antique","ID_2":600618,"NAME_2":"Valderrama","ID_3":600618004,"NAME_3":"Bugnay","NL_NAME_3":null,"VARNAME_3":null,"TYPE_3":"Barangay","ENGTYPE_3":"Village","PROVINCE":"Antique","REGION":"Region VI (Western Visayas)","id":"barangay-0600618004","name":"Bugnay","barangayCode":"0600618004","population":null,"formattedPop":null,"densityCategory":"No data","vulnerabilityRating":"No data","healthRiskLevel":"No data","areaKm2":20.457585,"centerLat":10.946947,"centerLng":122.101052,"geometrySource":"all_barangay-2.csv detailed WKT","geometryMatchMethod":"unique_official_admin_names","boundaryPointCount":39},"geometry":{"type":"MultiPolygon","coordinates":[[[[122.077179,10.97313],[122.100151,10.98228],[122.10804,10.97479],[122.113556,10.962114],[122.122681,10.94115],[122.12072,10.93746],[122.119728,10.9353],[122.118896,10.93275],[122.118156,10.92955],[122.116997,10.92716],[122.114243,10.9233],[122.111717,10.9204],[122.109756,10.91837],[122.102692,10.91322],[122.097633,10.91038],[122.091263,10.90784],[122.089127,10.9075],[122.08802,10.90648],[122.086906,10.90714],[122.08625,10.90851],[122.085907,10.90965],[122.085854,10.91087],[122.08654,10.91265],[122.088287,10.91406],[122.089684,10.91601],[122.091019,10.91819],[122.092628,10.92077],[122.09375,10.92337],[122.094971,10.92678],[122.095596,10.92963],[122.095352,10.93708],[122.093979,10.94104],[122.092957,10.94416],[122.0914,10.94758],[122.089798,10.94962],[122.088028,10.95178],[122.083,10.962114],[122.078506,10.97135],[122.077179,10.97313]]]]}},{"type":"Feature","properties":{"ID_0":177,"ISO":"PHL","NAME_0":"Philippines","ID_1":6006,"NAME_1":"Antique","ID_2":600618,"NAME_2":"Valderrama","ID_3":600618005,"NAME_3":"Buluangan I","NL_NAME_3":null,"VARNAME_3":null,"TYPE_3":"Barangay","ENGTYPE_3":"Village","PROVINCE":"Antique","REGION":"Region VI (Western Visayas)","id":"barangay-0600618005","name":"Buluangan I","barangayCode":"0600618005","population":null,"formattedPop":null,"densityCategory":"No data","vulnerabilityRating":"No data","healthRiskLevel":"No data","areaKm2":5.332002,"centerLat":11.01454,"centerLng":122.117214,"geometrySource":"all_barangay-2.csv detailed WKT","geometryMatchMethod":"unique_official_admin_names","boundaryPointCount":18},"geometry":{"type":"MultiPolygon","coordinates":[[[[122.125168,11.01976],[122.12851,11.01432],[122.127113,11.01275],[122.126442,11.01166],[122.125587,11.01069],[122.124527,11.00939],[122.12355,11.00878],[122.122398,11.00792],[122.121819,11.00725],[122.120934,11.00679],[122.120041,11.00616],[122.118103,11.00573],[122.117233,11.00554],[122.115997,11.00478],[122.115196,11.00432],[122.114151,11.00346],[122.111053,11.00866],[122.125168,11.01976]]]]}},{"type":"Feature","properties":{"ID_0":177,"ISO":"PHL","NAME_0":"Philippines","ID_1":6006,"NAME_1":"Antique","ID_2":600618,"NAME_2":"Valderrama","ID_3":600618006,"NAME_3":"Buluangan II","NL_NAME_3":null,"VARNAME_3":null,"TYPE_3":"Barangay","ENGTYPE_3":"Village","PROVINCE":"Antique","REGION":"Region VI (Western Visayas)","id":"barangay-0600618006","name":"Buluangan II","barangayCode":"0600618006","population":null,"formattedPop":null,"densityCategory":"No data","vulnerabilityRating":"No data","healthRiskLevel":"No data","areaKm2":3.672794,"centerLat":11.035288,"centerLng":122.114925,"geometrySource":"all_barangay-2.csv detailed WKT","geometryMatchMethod":"unique_official_admin_names","boundaryPointCount":9},"geometry":{"type":"MultiPolygon","coordinates":[[[[122.125168,11.01976],[122.111053,11.00866],[122.104286,11.01728],[122.105873,11.02097],[122.107681,11.02457],[122.109947,11.02852],[122.112648,11.03165],[122.115303,11.0342],[122.125168,11.01976]]]]}},{"type":"Feature","properties":{"ID_0":177,"ISO":"PHL","NAME_0":"Philippines","ID_1":6006,"NAME_1":"Antique","ID_2":600618,"NAME_2":"Valderrama","ID_3":600618007,"NAME_3":"Bunsod","NL_NAME_3":null,"VARNAME_3":null,"TYPE_3":"Barangay","ENGTYPE_3":"Village","PROVINCE":"Antique","REGION":"Region VI (Western Visayas)","id":"barangay-0600618007","name":"Bunsod","barangayCode":"0600618007","population":null,"formattedPop":null,"densityCategory":"No data","vulnerabilityRating":"No data","healthRiskLevel":"No data","areaKm2":5.050412,"centerLat":11.028593,"centerLng":122.132809,"geometrySource":"all_barangay-2.csv detailed WKT","geometryMatchMethod":"unique_official_admin_names","boundaryPointCount":22},"geometry":{"type":"MultiPolygon","coordinates":[[[[122.128189,11.04445],[122.14447,11.02498],[122.143227,11.02352],[122.142593,11.02225],[122.141792,11.02149],[122.140381,11.02116],[122.137482,11.0195],[122.135857,11.01907],[122.134804,11.01875],[122.133118,11.01762],[122.131638,11.01664],[122.130814,11.01596],[122.130257,11.01553],[122.12851,11.01432],[122.125168,11.01976],[122.115303,11.0342],[122.118271,11.03663],[122.120796,11.03853],[122.123466,11.04092],[122.124786,11.04264],[122.126122,11.04388],[122.128189,11.04445]]]]}},{"type":"Feature","properties":{"ID_0":177,"ISO":"PHL","NAME_0":"Philippines","ID_1":6006,"NAME_1":"Antique","ID_2":600618,"NAME_2":"Valderrama","ID_3":600618008,"NAME_3":"Busog","NL_NAME_3":null,"VARNAME_3":null,"TYPE_3":"Barangay","ENGTYPE_3":"Village","PROVINCE":"Antique","REGION":"Region VI (Western Visayas)","id":"barangay-0600618008","name":"Busog","barangayCode":"0600618008","population":null,"formattedPop":null,"densityCategory":"No data","vulnerabilityRating":"No data","healthRiskLevel":"No data","areaKm2":13.527496,"centerLat":11.079114,"centerLng":122.251684,"geometrySource":"all_barangay-2.csv detailed WKT","geometryMatchMethod":"unique_official_admin_names","boundaryPointCount":29},"geometry":{"type":"MultiPolygon","coordinates":[[[[122.281731,11.08264],[122.27906,11.08088],[122.277443,11.08012],[122.276192,11.07862],[122.275757,11.07948],[122.274933,11.07925],[122.273277,11.07952],[122.272034,11.07989],[122.2705,11.07997],[122.269363,11.07946],[122.26754,11.079],[122.266937,11.07761],[122.266037,11.07702],[122.265327,11.07784],[122.264664,11.07723],[122.264343,11.07625],[122.263878,11.07602],[122.26342,11.0758],[122.262192,11.07523],[122.262123,11.07331],[122.261276,11.072],[122.245667,11.04494],[122.24408,11.04641],[122.235931,11.05755],[122.22332,11.0738],[122.262627,11.09902],[122.262672,11.09898],[122.266823,11.10165],[122.281731,11.08264]]]]}},{"type":"Feature","properties":{"ID_0":177,"ISO":"PHL","NAME_0":"Philippines","ID_1":6006,"NAME_1":"Antique","ID_2":600618,"NAME_2":"Valderrama","ID_3":600618009,"NAME_3":"Cananghan","NL_NAME_3":null,"VARNAME_3":null,"TYPE_3":"Barangay","ENGTYPE_3":"Village","PROVINCE":"Antique","REGION":"Region VI (Western Visayas)","id":"barangay-0600618009","name":"Cananghan","barangayCode":"0600618009","population":null,"formattedPop":null,"densityCategory":"No data","vulnerabilityRating":"No data","healthRiskLevel":"No data","areaKm2":12.501642,"centerLat":11.021363,"centerLng":122.189968,"geometrySource":"all_barangay-2.csv detailed WKT","geometryMatchMethod":"unique_official_admin_names","boundaryPointCount":36},"geometry":{"type":"MultiPolygon","coordinates":[[[[122.186508,11.05003],[122.188873,11.04675],[122.193939,11.03963],[122.216072,11.00852],[122.213463,11.00929],[122.211067,11.00935],[122.208214,11.00908],[122.20462,11.0079],[122.199471,11.00542],[122.19648,11.00346],[122.193047,11.00121],[122.180359,11.01417],[122.179649,11.01386],[122.177788,11.01347],[122.175888,11.01367],[122.174187,11.01377],[122.172287,11.01366],[122.171257,11.01428],[122.170197,11.01676],[122.168182,11.01759],[122.168877,11.01922],[122.170189,11.01822],[122.171532,11.02001],[122.172318,11.02105],[122.169807,11.03509],[122.171257,11.03604],[122.17186,11.03723],[122.172607,11.0384],[122.172897,11.04011],[122.172592,11.04144],[122.171753,11.0423],[122.170898,11.04337],[122.170937,11.04454],[122.170547,11.04515],[122.183411,11.05123],[122.186508,11.05003]]]]}},{"type":"Feature","properties":{"ID_0":177,"ISO":"PHL","NAME_0":"Philippines","ID_1":6006,"NAME_1":"Antique","ID_2":600618,"NAME_2":"Valderrama","ID_3":600618010,"NAME_3":"Canipayan","NL_NAME_3":null,"VARNAME_3":null,"TYPE_3":"Barangay","ENGTYPE_3":"Village","PROVINCE":"Antique","REGION":"Region VI (Western Visayas)","id":"barangay-0600618010","name":"Canipayan","barangayCode":"0600618010","population":null,"formattedPop":null,"densityCategory":"No data","vulnerabilityRating":"No data","healthRiskLevel":"No data","areaKm2":4.416933,"centerLat":11.002557,"centerLng":122.101546,"geometrySource":"all_barangay-2.csv detailed WKT","geometryMatchMethod":"unique_official_admin_names","boundaryPointCount":24},"geometry":{"type":"MultiPolygon","coordinates":[[[[122.111053,11.00866],[122.114151,11.00346],[122.113777,11.00313],[122.112846,11.00255],[122.112106,11.00229],[122.110512,11.00078],[122.110008,10.99998],[122.10936,10.9993],[122.108559,10.99881],[122.106827,10.99703],[122.106102,10.99567],[122.105232,10.99433],[122.104088,10.99302],[122.10228,10.99287],[122.099968,10.99183],[122.099159,10.99081],[122.098228,10.98952],[122.097603,10.99629],[122.098251,11.00084],[122.100433,11.00543],[122.102074,11.01019],[122.103317,11.01478],[122.104286,11.01728],[122.111053,11.00866]]]]}},{"type":"Feature","properties":{"ID_0":177,"ISO":"PHL","NAME_0":"Philippines","ID_1":6006,"NAME_1":"Antique","ID_2":600618,"NAME_2":"Valderrama","ID_3":600618011,"NAME_3":"Cansilayan","NL_NAME_3":null,"VARNAME_3":null,"TYPE_3":"Barangay","ENGTYPE_3":"Village","PROVINCE":"Antique","REGION":"Region VI (Western Visayas)","id":"barangay-0600618011","name":"Cansilayan","barangayCode":"0600618011","population":null,"formattedPop":null,"densityCategory":"No data","vulnerabilityRating":"No data","healthRiskLevel":"No data","areaKm2":46.843749,"centerLat":11.008549,"centerLng":122.250284,"geometrySource":"all_barangay-2.csv detailed WKT","geometryMatchMethod":"unique_official_admin_names","boundaryPointCount":12},"geometry":{"type":"MultiPolygon","coordinates":[[[[122.24408,11.04641],[122.245667,11.04494],[122.308617,10.96386],[122.309021,10.962114],[122.309669,10.95932],[122.303604,10.962114],[122.257294,10.98346],[122.222343,11.00424],[122.216072,11.00852],[122.193939,11.03963],[122.188873,11.04675],[122.24408,11.04641]]]]}},{"type":"Feature","properties":{"ID_0":177,"ISO":"PHL","NAME_0":"Philippines","ID_1":6006,"NAME_1":"Antique","ID_2":600618,"NAME_2":"Valderrama","ID_3":600618012,"NAME_3":"Culyat","NL_NAME_3":null,"VARNAME_3":null,"TYPE_3":"Barangay","ENGTYPE_3":"Village","PROVINCE":"Antique","REGION":"Region VI (Western Visayas)","id":"barangay-0600618012","name":"Culyat","barangayCode":"0600618012","population":null,"formattedPop":null,"densityCategory":"No data","vulnerabilityRating":"No data","healthRiskLevel":"No data","areaKm2":58.734714,"centerLat":11.030995,"centerLng":122.286347,"geometrySource":"all_barangay-2.csv detailed WKT","geometryMatchMethod":"unique_official_admin_names","boundaryPointCount":44},"geometry":{"type":"MultiPolygon","coordinates":[[[[122.309113,11.04774],[122.320297,11.0292],[122.324432,11.01567],[122.323563,11.00837],[122.319847,10.99009],[122.320061,10.98572],[122.318779,10.9839],[122.318329,10.98192],[122.317139,10.97889],[122.315811,10.97519],[122.315224,10.97187],[122.314247,10.96873],[122.313927,10.96515],[122.313667,10.96311],[122.313614,10.962114],[122.313507,10.96031],[122.313164,10.95836],[122.313919,10.95622],[122.309669,10.95932],[122.309021,10.962114],[122.308617,10.96386],[122.245667,11.04494],[122.261276,11.072],[122.262123,11.07331],[122.262192,11.07523],[122.26342,11.0758],[122.263878,11.07602],[122.264343,11.07625],[122.264664,11.07723],[122.265327,11.07784],[122.266037,11.07702],[122.266937,11.07761],[122.26754,11.079],[122.269363,11.07946],[122.2705,11.07997],[122.272034,11.07989],[122.273277,11.07952],[122.274933,11.07925],[122.275757,11.07948],[122.276192,11.07862],[122.277443,11.08012],[122.27906,11.08088],[122.281731,11.08264],[122.309113,11.04774]]]]}},{"type":"Feature","properties":{"ID_0":177,"ISO":"PHL","NAME_0":"Philippines","ID_1":6006,"NAME_1":"Antique","ID_2":600618,"NAME_2":"Valderrama","ID_3":600618013,"NAME_3":"Iglinab","NL_NAME_3":null,"VARNAME_3":null,"TYPE_3":"Barangay","ENGTYPE_3":"Village","PROVINCE":"Antique","REGION":"Region VI (Western Visayas)","id":"barangay-0600618013","name":"Iglinab","barangayCode":"0600618013","population":null,"formattedPop":null,"densityCategory":"No data","vulnerabilityRating":"No data","healthRiskLevel":"No data","areaKm2":9.500774,"centerLat":10.991944,"centerLng":122.159436,"geometrySource":"all_barangay-2.csv detailed WKT","geometryMatchMethod":"unique_official_admin_names","boundaryPointCount":46},"geometry":{"type":"MultiPolygon","coordinates":[[[[122.134666,10.99627],[122.13562,10.99411],[122.135117,10.99502],[122.134666,10.99627]]],[[[122.157913,11.00317],[122.158684,11.00222],[122.160027,11.00239],[122.16156,11.00266],[122.163429,11.00246],[122.165047,11.0009],[122.166153,10.99994],[122.167343,10.99912],[122.169487,10.99875],[122.171089,10.99827],[122.17778,10.98959],[122.17247,10.98521],[122.163567,10.97886],[122.159767,10.9758],[122.15448,10.97203],[122.144211,10.98432],[122.149643,10.99502],[122.149178,10.99648],[122.150299,10.99742],[122.150368,10.99763],[122.150467,10.9984],[122.14975,11.00005],[122.149742,11.00134],[122.149353,11.00209],[122.148613,11.003],[122.148392,11.00416],[122.148491,11.005],[122.148087,11.00569],[122.14769,11.00631],[122.147591,11.00658],[122.147743,11.00726],[122.148216,11.00964],[122.150688,11.01011],[122.151421,11.00984],[122.152473,11.00938],[122.154114,11.00911],[122.155609,11.00871],[122.156517,11.00792],[122.157066,11.00676],[122.157852,11.00536],[122.157898,11.00447],[122.157913,11.00317]]]]}},{"type":"Feature","properties":{"ID_0":177,"ISO":"PHL","NAME_0":"Philippines","ID_1":6006,"NAME_1":"Antique","ID_2":600618,"NAME_2":"Valderrama","ID_3":600618014,"NAME_3":"Igmasandig","NL_NAME_3":null,"VARNAME_3":null,"TYPE_3":"Barangay","ENGTYPE_3":"Village","PROVINCE":"Antique","REGION":"Region VI (Western Visayas)","id":"barangay-0600618014","name":"Igmasandig","barangayCode":"0600618014","population":null,"formattedPop":null,"densityCategory":"No data","vulnerabilityRating":"No data","healthRiskLevel":"No data","areaKm2":13.623868,"centerLat":10.975272,"centerLng":122.118126,"geometrySource":"all_barangay-2.csv detailed WKT","geometryMatchMethod":"unique_official_admin_names","boundaryPointCount":35},"geometry":{"type":"MultiPolygon","coordinates":[[[[122.118103,11.00573],[122.123596,10.9998],[122.12941,10.99304],[122.116882,10.97872],[122.129211,10.962114],[122.132683,10.95745],[122.132057,10.95671],[122.131653,10.95438],[122.130318,10.95055],[122.12925,10.94919],[122.126343,10.94656],[122.122681,10.94115],[122.113556,10.962114],[122.10804,10.97479],[122.100151,10.98228],[122.098228,10.98952],[122.099159,10.99081],[122.099968,10.99183],[122.10228,10.99287],[122.104088,10.99302],[122.105232,10.99433],[122.106102,10.99567],[122.106827,10.99703],[122.108559,10.99881],[122.10936,10.9993],[122.110008,10.99998],[122.110512,11.00078],[122.112106,11.00229],[122.112846,11.00255],[122.113777,11.00313],[122.114151,11.00346],[122.115196,11.00432],[122.115997,11.00478],[122.117233,11.00554],[122.118103,11.00573]]]]}},{"type":"Feature","properties":{"ID_0":177,"ISO":"PHL","NAME_0":"Philippines","ID_1":6006,"NAME_1":"Antique","ID_2":600618,"NAME_2":"Valderrama","ID_3":600618015,"NAME_3":"Lublub","NL_NAME_3":null,"VARNAME_3":null,"TYPE_3":"Barangay","ENGTYPE_3":"Village","PROVINCE":"Antique","REGION":"Region VI (Western Visayas)","id":"barangay-0600618015","name":"Lublub","barangayCode":"0600618015","population":null,"formattedPop":null,"densityCategory":"No data","vulnerabilityRating":"No data","healthRiskLevel":"No data","areaKm2":9.196684,"centerLat":11.058266,"centerLng":122.175019,"geometrySource":"all_barangay-2.csv detailed WKT","geometryMatchMethod":"unique_official_admin_names","boundaryPointCount":33},"geometry":{"type":"MultiPolygon","coordinates":[[[[122.187698,11.07862],[122.183411,11.05123],[122.170547,11.04515],[122.16993,11.04614],[122.169762,11.04684],[122.169746,11.04805],[122.168877,11.04842],[122.168579,11.0497],[122.168068,11.05142],[122.168488,11.05333],[122.167763,11.05425],[122.167183,11.05569],[122.167343,11.05668],[122.168327,11.05782],[122.168022,11.05898],[122.167847,11.06017],[122.166023,11.06171],[122.163498,11.06547],[122.162102,11.06821],[122.160767,11.0708],[122.15937,11.07288],[122.157944,11.07542],[122.162323,11.08137],[122.166893,11.08862],[122.168243,11.09091],[122.169296,11.08942],[122.172256,11.08942],[122.17495,11.08964],[122.178177,11.08848],[122.184647,11.0827],[122.185257,11.0817],[122.186203,11.08007],[122.187698,11.07862]]]]}},{"type":"Feature","properties":{"ID_0":177,"ISO":"PHL","NAME_0":"Philippines","ID_1":6006,"NAME_1":"Antique","ID_2":600618,"NAME_2":"Valderrama","ID_3":600618016,"NAME_3":"Manlacbo","NL_NAME_3":null,"VARNAME_3":null,"TYPE_3":"Barangay","ENGTYPE_3":"Village","PROVINCE":"Antique","REGION":"Region VI (Western Visayas)","id":"barangay-0600618016","name":"Manlacbo","barangayCode":"0600618016","population":null,"formattedPop":null,"densityCategory":"No data","vulnerabilityRating":"No data","healthRiskLevel":"No data","areaKm2":3.865393,"centerLat":11.040145,"centerLng":122.142802,"geometrySource":"all_barangay-2.csv detailed WKT","geometryMatchMethod":"unique_official_admin_names","boundaryPointCount":11},"geometry":{"type":"MultiPolygon","coordinates":[[[[122.147636,11.06381],[122.153053,11.03042],[122.151619,11.02954],[122.150208,11.02873],[122.148743,11.02763],[122.14711,11.0263],[122.14534,11.02542],[122.14447,11.02498],[122.128189,11.04445],[122.132423,11.04853],[122.147636,11.06381]]]]}},{"type":"Feature","properties":{"ID_0":177,"ISO":"PHL","NAME_0":"Philippines","ID_1":6006,"NAME_1":"Antique","ID_2":600618,"NAME_2":"Valderrama","ID_3":600618017,"NAME_3":"Pandanan","NL_NAME_3":null,"VARNAME_3":null,"TYPE_3":"Barangay","ENGTYPE_3":"Village","PROVINCE":"Antique","REGION":"Region VI (Western Visayas)","id":"barangay-0600618017","name":"Pandanan","barangayCode":"0600618017","population":null,"formattedPop":null,"densityCategory":"No data","vulnerabilityRating":"No data","healthRiskLevel":"No data","areaKm2":10.821292,"centerLat":11.014114,"centerLng":122.166873,"geometrySource":"all_barangay-2.csv detailed WKT","geometryMatchMethod":"unique_official_admin_names","boundaryPointCount":67},"geometry":{"type":"MultiPolygon","coordinates":[[[[122.153053,11.03042],[122.153961,11.03096],[122.155403,11.03115],[122.157127,11.03186],[122.158417,11.0318],[122.159981,11.03212],[122.161636,11.03283],[122.162178,11.03332],[122.162537,11.03368],[122.164803,11.03473],[122.166153,11.03477],[122.167839,11.03457],[122.168533,11.03485],[122.169807,11.03509],[122.172318,11.02105],[122.171532,11.02001],[122.170189,11.01822],[122.168877,11.01922],[122.168182,11.01759],[122.170197,11.01676],[122.171257,11.01428],[122.172287,11.01366],[122.174187,11.01377],[122.175888,11.01367],[122.177788,11.01347],[122.179649,11.01386],[122.180359,11.01417],[122.193047,11.00121],[122.17778,10.98959],[122.171089,10.99827],[122.169487,10.99875],[122.167343,10.99912],[122.166153,10.99994],[122.165047,11.0009],[122.163429,11.00246],[122.16156,11.00266],[122.160027,11.00239],[122.158684,11.00222],[122.157913,11.00317],[122.157898,11.00447],[122.157852,11.00536],[122.157066,11.00676],[122.156517,11.00792],[122.155609,11.00871],[122.154114,11.00911],[122.152473,11.00938],[122.151421,11.00984],[122.150688,11.01011],[122.148216,11.00964],[122.147003,11.01018],[122.145363,11.0111],[122.143738,11.01284],[122.143898,11.01396],[122.142921,11.01646],[122.14093,11.01818],[122.139229,11.0199],[122.140381,11.02116],[122.141792,11.02149],[122.142593,11.02225],[122.143227,11.02352],[122.14447,11.02498],[122.14534,11.02542],[122.14711,11.0263],[122.148743,11.02763],[122.150208,11.02873],[122.151619,11.02954],[122.153053,11.03042]]]]}},{"type":"Feature","properties":{"ID_0":177,"ISO":"PHL","NAME_0":"Philippines","ID_1":6006,"NAME_1":"Antique","ID_2":600618,"NAME_2":"Valderrama","ID_3":600618018,"NAME_3":"San Agustin","NL_NAME_3":null,"VARNAME_3":null,"TYPE_3":"Barangay","ENGTYPE_3":"Village","PROVINCE":"Antique","REGION":"Region VI (Western Visayas)","id":"barangay-0600618018","name":"San Agustin","barangayCode":"0600618018","population":null,"formattedPop":null,"densityCategory":"No data","vulnerabilityRating":"No data","healthRiskLevel":"No data","areaKm2":46.323388,"centerLat":11.098017,"centerLng":122.218082,"geometrySource":"all_barangay-2.csv detailed WKT","geometryMatchMethod":"unique_official_admin_names","boundaryPointCount":24},"geometry":{"type":"MultiPolygon","coordinates":[[[[122.242104,11.13314],[122.266823,11.10165],[122.262672,11.09898],[122.262627,11.09902],[122.22332,11.0738],[122.198624,11.05789],[122.186508,11.05003],[122.183411,11.05123],[122.187698,11.07862],[122.188141,11.09319],[122.185944,11.11582],[122.187607,11.11736],[122.189163,11.11865],[122.193657,11.12203],[122.198563,11.12468],[122.204964,11.12692],[122.210876,11.12835],[122.217323,11.12988],[122.224747,11.13127],[122.229248,11.13182],[122.236298,11.13245],[122.236343,11.1324],[122.239517,11.1327],[122.242104,11.13314]]]]}},{"type":"Feature","properties":{"ID_0":177,"ISO":"PHL","NAME_0":"Philippines","ID_1":6006,"NAME_1":"Antique","ID_2":600618,"NAME_2":"Valderrama","ID_3":600618019,"NAME_3":"Takas","NL_NAME_3":null,"VARNAME_3":null,"TYPE_3":"Barangay","ENGTYPE_3":"Village","PROVINCE":"Antique","REGION":"Region VI (Western Visayas)","id":"barangay-0600618019","name":"Takas","barangayCode":"0600618019","population":null,"formattedPop":null,"densityCategory":"No data","vulnerabilityRating":"No data","healthRiskLevel":"No data","areaKm2":4.18637,"centerLat":10.998491,"centerLng":122.139636,"geometrySource":"all_barangay-2.csv detailed WKT","geometryMatchMethod":"unique_official_admin_names","boundaryPointCount":32},"geometry":{"type":"MultiPolygon","coordinates":[[[[122.143898,11.01396],[122.143738,11.01284],[122.145363,11.0111],[122.147003,11.01018],[122.148216,11.00964],[122.147743,11.00726],[122.147591,11.00658],[122.14769,11.00631],[122.148087,11.00569],[122.148491,11.005],[122.148392,11.00416],[122.148613,11.003],[122.149353,11.00209],[122.149742,11.00134],[122.14975,11.00005],[122.150467,10.9984],[122.150368,10.99763],[122.150299,10.99742],[122.149178,10.99648],[122.149643,10.99502],[122.144211,10.98432],[122.14122,10.98895],[122.140053,10.99005],[122.138512,10.99149],[122.138428,10.99157],[122.137459,10.99248],[122.13562,10.99411],[122.134666,10.99627],[122.133797,10.99739],[122.12941,10.99304],[122.123596,10.9998],[122.143898,11.01396]]]]}},{"type":"Feature","properties":{"ID_0":177,"ISO":"PHL","NAME_0":"Philippines","ID_1":6006,"NAME_1":"Antique","ID_2":600618,"NAME_2":"Valderrama","ID_3":600618020,"NAME_3":"Tigmamale","NL_NAME_3":null,"VARNAME_3":null,"TYPE_3":"Barangay","ENGTYPE_3":"Village","PROVINCE":"Antique","REGION":"Region VI (Western Visayas)","id":"barangay-0600618020","name":"Tigmamale","barangayCode":"0600618020","population":null,"formattedPop":null,"densityCategory":"No data","vulnerabilityRating":"No data","healthRiskLevel":"No data","areaKm2":5.087976,"centerLat":10.982347,"centerLng":122.086688,"geometrySource":"all_barangay-2.csv detailed WKT","geometryMatchMethod":"unique_official_admin_names","boundaryPointCount":9},"geometry":{"type":"MultiPolygon","coordinates":[[[[122.098228,10.98952],[122.100151,10.98228],[122.077179,10.97313],[122.072952,10.98016],[122.069992,10.98425],[122.081337,10.98877],[122.083168,10.98944],[122.097603,10.99629],[122.098228,10.98952]]]]}},{"type":"Feature","properties":{"ID_0":177,"ISO":"PHL","NAME_0":"Philippines","ID_1":6006,"NAME_1":"Antique","ID_2":600618,"NAME_2":"Valderrama","ID_3":600618021,"NAME_3":"Ubos","NL_NAME_3":null,"VARNAME_3":null,"TYPE_3":"Barangay","ENGTYPE_3":"Village","PROVINCE":"Antique","REGION":"Region VI (Western Visayas)","id":"barangay-0600618021","name":"Ubos","barangayCode":"0600618021","population":null,"formattedPop":null,"densityCategory":"No data","vulnerabilityRating":"No data","healthRiskLevel":"No data","areaKm2":3.088175,"centerLat":11.010534,"centerLng":122.135263,"geometrySource":"all_barangay-2.csv detailed WKT","geometryMatchMethod":"unique_official_admin_names","boundaryPointCount":25},"geometry":{"type":"MultiPolygon","coordinates":[[[[122.12851,11.01432],[122.130257,11.01553],[122.130814,11.01596],[122.131638,11.01664],[122.133118,11.01762],[122.134804,11.01875],[122.135857,11.01907],[122.137482,11.0195],[122.140381,11.02116],[122.139229,11.0199],[122.14093,11.01818],[122.142921,11.01646],[122.143898,11.01396],[122.123596,10.9998],[122.118103,11.00573],[122.120041,11.00616],[122.120934,11.00679],[122.121819,11.00725],[122.122398,11.00792],[122.12355,11.00878],[122.124527,11.00939],[122.125587,11.01069],[122.126442,11.01166],[122.127113,11.01275],[122.12851,11.01432]]]]}},{"type":"Feature","properties":{"ID_0":177,"ISO":"PHL","NAME_0":"Philippines","ID_1":6006,"NAME_1":"Antique","ID_2":600618,"NAME_2":"Valderrama","ID_3":600618022,"NAME_3":"Alon","NL_NAME_3":null,"VARNAME_3":null,"TYPE_3":"Barangay","ENGTYPE_3":"Village","PROVINCE":"Antique","REGION":"Region VI (Western Visayas)","id":"barangay-0600618022","name":"Alon","barangayCode":"0600618022","population":null,"formattedPop":null,"densityCategory":"No data","vulnerabilityRating":"No data","healthRiskLevel":"No data","areaKm2":12.338157,"centerLat":11.05325,"centerLng":122.213875,"geometrySource":"all_barangay-2.csv detailed WKT","geometryMatchMethod":"unique_official_admin_names","boundaryPointCount":7},"geometry":{"type":"MultiPolygon","coordinates":[[[[122.186508,11.05003],[122.198624,11.05789],[122.22332,11.0738],[122.235931,11.05755],[122.24408,11.04641],[122.188873,11.04675],[122.186508,11.05003]]]]}}]}
