{"type":"FeatureCollection","features":[{"type":"Feature","properties":{"ID_0":177,"ISO":"PHL","NAME_0":"Philippines","ID_1":2050,"NAME_1":"Nueva Vizcaya","ID_2":205001,"NAME_2":"Ambaguio","ID_3":205001001,"NAME_3":"Ammoweg","NL_NAME_3":null,"VARNAME_3":null,"TYPE_3":"Barangay","ENGTYPE_3":"Village","PROVINCE":"Nueva Vizcaya","REGION":"Region II (Cagayan Valley)","id":"barangay-0205001001","name":"Ammoweg","barangayCode":"0205001001","population":null,"formattedPop":null,"densityCategory":"No data","vulnerabilityRating":"No data","healthRiskLevel":"No data","areaKm2":10.332785,"centerLat":16.57747,"centerLng":121.028884,"geometrySource":"barangays.geojson simplified fallback","geometryMatchMethod":"simplified_fallback","boundaryPointCount":7},"geometry":{"type":"Polygon","coordinates":[[[121.03895303200011,16.607509236000055],[121.03397089000009,16.588223440000036],[121.03922565700009,16.554883613000072],[121.02356247700004,16.555860195000037],[121.01385973300012,16.565965929000072],[121.0279819970001,16.602152637000074],[121.03895303200011,16.607509236000055]]]}},{"type":"Feature","properties":{"ID_0":177,"ISO":"PHL","NAME_0":"Philippines","ID_1":2050,"NAME_1":"Nueva Vizcaya","ID_2":205001,"NAME_2":"Ambaguio","ID_3":205001004,"NAME_3":"Camandag","NL_NAME_3":null,"VARNAME_3":null,"TYPE_3":"Barangay","ENGTYPE_3":"Village","PROVINCE":"Nueva Vizcaya","REGION":"Region II (Cagayan Valley)","id":"barangay-0205001004","name":"Camandag","barangayCode":"0205001004","population":null,"formattedPop":null,"densityCategory":"No data","vulnerabilityRating":"No data","healthRiskLevel":"No data","areaKm2":26.34801,"centerLat":16.604127,"centerLng":121.065931,"geometrySource":"all_barangay-2.csv detailed WKT","geometryMatchMethod":"unique_official_admin_names","boundaryPointCount":64},"geometry":{"type":"MultiPolygon","coordinates":[[[[121.107292,16.63131],[121.111069,16.616301],[121.113777,16.599939],[121.099068,16.61319],[121.072403,16.599581],[121.07103,16.59907],[121.070808,16.59907],[121.069717,16.59902],[121.069344,16.598921],[121.068466,16.59824],[121.067749,16.59725],[121.067436,16.596201],[121.067047,16.5952],[121.066994,16.59428],[121.066628,16.593599],[121.06572,16.592991],[121.064751,16.592569],[121.064178,16.5924],[121.062912,16.59099],[121.062157,16.58963],[121.061592,16.588511],[121.061722,16.587481],[121.061707,16.587061],[121.060677,16.58674],[121.05909,16.58629],[121.057961,16.58567],[121.056763,16.58429],[121.056633,16.58292],[121.056709,16.581909],[121.056717,16.58078],[121.055847,16.579809],[121.055283,16.578951],[121.055153,16.578569],[121.054451,16.577909],[121.053833,16.577419],[121.053139,16.576429],[121.052757,16.574949],[121.052727,16.574051],[121.052544,16.573099],[121.052223,16.572611],[121.050987,16.571569],[121.050453,16.570841],[121.049232,16.56922],[121.047112,16.568951],[121.0438,16.569321],[121.039932,16.57056],[121.036667,16.575251],[121.037697,16.579241],[121.038643,16.583191],[121.036247,16.58602],[121.035316,16.588869],[121.036911,16.591249],[121.039642,16.59454],[121.042168,16.598289],[121.043617,16.60388],[121.04303,16.606661],[121.040871,16.608179],[121.040337,16.608179],[121.035919,16.60878],[121.037079,16.61067],[121.040001,16.61499],[121.039513,16.621861],[121.068718,16.626221],[121.107292,16.63131]]]]}},{"type":"Feature","properties":{"ID_0":177,"ISO":"PHL","NAME_0":"Philippines","ID_1":2050,"NAME_1":"Nueva Vizcaya","ID_2":205001,"NAME_2":"Ambaguio","ID_3":205001005,"NAME_3":"Labang","NL_NAME_3":null,"VARNAME_3":null,"TYPE_3":"Barangay","ENGTYPE_3":"Village","PROVINCE":"Nueva Vizcaya","REGION":"Region II (Cagayan Valley)","id":"barangay-0205001005","name":"Labang","barangayCode":"0205001005","population":null,"formattedPop":null,"densityCategory":"No data","vulnerabilityRating":"No data","healthRiskLevel":"No data","areaKm2":26.384266,"centerLat":16.480933,"centerLng":121.038089,"geometrySource":"all_barangay-2.csv detailed WKT","geometryMatchMethod":"unique_official_admin_names","boundaryPointCount":24},"geometry":{"type":"MultiPolygon","coordinates":[[[[121.046463,16.50132],[121.047234,16.50065],[121.048271,16.4984],[121.048477,16.49485],[121.048798,16.490761],[121.05072,16.48798],[121.053947,16.48621],[121.059059,16.48345],[121.062263,16.48078],[121.063141,16.478901],[121.063164,16.476],[121.062477,16.47261],[121.06221,16.469061],[121.063301,16.465139],[121.066528,16.45957],[121.068657,16.457161],[121.069504,16.45669],[121.071869,16.454901],[121.069687,16.447371],[121.032417,16.45219],[121.027908,16.45289],[121.002357,16.48703],[121.009041,16.504471],[121.046463,16.50132]]]]}},{"type":"Feature","properties":{"ID_0":177,"ISO":"PHL","NAME_0":"Philippines","ID_1":2050,"NAME_1":"Nueva Vizcaya","ID_2":205001,"NAME_2":"Ambaguio","ID_3":205001006,"NAME_3":"Napo","NL_NAME_3":null,"VARNAME_3":null,"TYPE_3":"Barangay","ENGTYPE_3":"Village","PROVINCE":"Nueva Vizcaya","REGION":"Region II (Cagayan Valley)","id":"barangay-0205001006","name":"Napo","barangayCode":"0205001006","population":null,"formattedPop":null,"densityCategory":"No data","vulnerabilityRating":"No data","healthRiskLevel":"No data","areaKm2":18.229107,"centerLat":16.561433,"centerLng":121.002882,"geometrySource":"all_barangay-2.csv detailed WKT","geometryMatchMethod":"unique_official_admin_names","boundaryPointCount":30},"geometry":{"type":"MultiPolygon","coordinates":[[[[121.039513,16.621861],[121.040001,16.61499],[121.037079,16.61067],[121.035919,16.60878],[121.034348,16.607321],[121.02932,16.6028],[121.025963,16.596371],[121.02462,16.59082],[121.023682,16.58753],[121.022247,16.584591],[121.020287,16.58046],[121.019112,16.576241],[121.017387,16.571449],[121.015091,16.56658],[121.014839,16.563021],[121.015694,16.56126],[121.017563,16.55942],[121.016602,16.55747],[121.016647,16.55546],[121.016617,16.554741],[121.016388,16.55291],[121.016327,16.55015],[121.013184,16.542009],[121.008087,16.53611],[121.000229,16.52932],[120.99321,16.523239],[120.987183,16.55471],[120.981163,16.610359],[120.999359,16.613831],[121.039513,16.621861]]]]}},{"type":"Feature","properties":{"ID_0":177,"ISO":"PHL","NAME_0":"Philippines","ID_1":2050,"NAME_1":"Nueva Vizcaya","ID_2":205001,"NAME_2":"Ambaguio","ID_3":205001007,"NAME_3":"Poblacion","NL_NAME_3":null,"VARNAME_3":null,"TYPE_3":"Barangay","ENGTYPE_3":"Village","PROVINCE":"Nueva Vizcaya","REGION":"Region II (Cagayan Valley)","id":"barangay-0205001007","name":"Poblacion","barangayCode":"0205001007","population":null,"formattedPop":null,"densityCategory":"No data","vulnerabilityRating":"No data","healthRiskLevel":"No data","areaKm2":13.051586,"centerLat":16.527388,"centerLng":121.036553,"geometrySource":"all_barangay-2.csv detailed WKT","geometryMatchMethod":"unique_official_admin_names","boundaryPointCount":69},"geometry":{"type":"MultiPolygon","coordinates":[[[[121.035667,16.556669],[121.036827,16.55574],[121.038307,16.55526],[121.040077,16.555269],[121.04306,16.55678],[121.044167,16.558201],[121.045128,16.55961],[121.046417,16.56097],[121.047508,16.56201],[121.04744,16.562691],[121.046997,16.563601],[121.047081,16.5646],[121.047768,16.56489],[121.048897,16.56468],[121.049454,16.563669],[121.050056,16.562639],[121.049957,16.56151],[121.049347,16.56078],[121.048508,16.560181],[121.047783,16.55912],[121.047089,16.557911],[121.046219,16.556589],[121.045853,16.55492],[121.046013,16.552071],[121.046013,16.550751],[121.045753,16.54887],[121.045692,16.54694],[121.046494,16.545549],[121.047684,16.54504],[121.049026,16.544649],[121.04837,16.54229],[121.047577,16.541189],[121.047607,16.539499],[121.048424,16.53694],[121.04937,16.53467],[121.050598,16.53228],[121.051933,16.530291],[121.053864,16.52578],[121.054024,16.52491],[121.054321,16.523279],[121.054291,16.52194],[121.054077,16.518721],[121.054062,16.51642],[121.054047,16.514191],[121.05423,16.512079],[121.055023,16.51034],[121.055649,16.509399],[121.055183,16.50876],[121.053917,16.50732],[121.052437,16.50485],[121.051308,16.50325],[121.050873,16.503099],[121.050682,16.50317],[121.046463,16.50132],[121.009041,16.504471],[121.011658,16.50708],[121.012611,16.508101],[121.015846,16.51086],[121.01973,16.514931],[121.021667,16.518089],[121.022217,16.522249],[121.022774,16.526369],[121.023987,16.53075],[121.026352,16.53546],[121.029228,16.53978],[121.03186,16.545111],[121.033363,16.54916],[121.03373,16.550449],[121.035667,16.556669]]]]}},{"type":"Feature","properties":{"ID_0":177,"ISO":"PHL","NAME_0":"Philippines","ID_1":2050,"NAME_1":"Nueva Vizcaya","ID_2":205001,"NAME_2":"Ambaguio","ID_3":205001008,"NAME_3":"Salingsingan","NL_NAME_3":null,"VARNAME_3":null,"TYPE_3":"Barangay","ENGTYPE_3":"Village","PROVINCE":"Nueva Vizcaya","REGION":"Region II (Cagayan Valley)","id":"barangay-0205001008","name":"Salingsingan","barangayCode":"0205001008","population":null,"formattedPop":null,"densityCategory":"No data","vulnerabilityRating":"No data","healthRiskLevel":"No data","areaKm2":15.177049,"centerLat":16.5253,"centerLng":121.010401,"geometrySource":"all_barangay-2.csv detailed WKT","geometryMatchMethod":"unique_official_admin_names","boundaryPointCount":38},"geometry":{"type":"MultiPolygon","coordinates":[[[[121.035667,16.556669],[121.03373,16.550449],[121.033363,16.54916],[121.03186,16.545111],[121.029228,16.53978],[121.026352,16.53546],[121.023987,16.53075],[121.022774,16.526369],[121.022217,16.522249],[121.021667,16.518089],[121.01973,16.514931],[121.015846,16.51086],[121.012611,16.508101],[121.011658,16.50708],[121.009041,16.504471],[121.002357,16.48703],[120.994072,16.497931],[120.99321,16.523239],[121.000229,16.52932],[121.008087,16.53611],[121.013184,16.542009],[121.016327,16.55015],[121.016388,16.55291],[121.016617,16.554741],[121.016647,16.55546],[121.016602,16.55747],[121.017563,16.55942],[121.018898,16.55928],[121.022118,16.559071],[121.02372,16.558491],[121.025101,16.557289],[121.025864,16.556499],[121.02681,16.55628],[121.02774,16.556299],[121.030792,16.55592],[121.032547,16.55575],[121.033501,16.55579],[121.035667,16.556669]]]]}},{"type":"Feature","properties":{"ID_0":177,"ISO":"PHL","NAME_0":"Philippines","ID_1":2050,"NAME_1":"Nueva Vizcaya","ID_2":205001,"NAME_2":"Ambaguio","ID_3":205001009,"NAME_3":"Tiblac","NL_NAME_3":null,"VARNAME_3":null,"TYPE_3":"Barangay","ENGTYPE_3":"Village","PROVINCE":"Nueva Vizcaya","REGION":"Region II (Cagayan Valley)","id":"barangay-0205001009","name":"Tiblac","barangayCode":"0205001009","population":null,"formattedPop":null,"densityCategory":"No data","vulnerabilityRating":"No data","healthRiskLevel":"No data","areaKm2":26.142402,"centerLat":16.507646,"centerLng":121.07247,"geometrySource":"all_barangay-2.csv detailed WKT","geometryMatchMethod":"unique_official_admin_names","boundaryPointCount":49},"geometry":{"type":"MultiPolygon","coordinates":[[[[121.085083,16.529631],[121.074753,16.5109],[121.073372,16.484289],[121.073189,16.471201],[121.071869,16.454901],[121.069504,16.45669],[121.068657,16.457161],[121.066528,16.45957],[121.063301,16.465139],[121.06221,16.469061],[121.062477,16.47261],[121.063164,16.476],[121.063141,16.478901],[121.062263,16.48078],[121.059059,16.48345],[121.053947,16.48621],[121.05072,16.48798],[121.048798,16.490761],[121.048477,16.49485],[121.048271,16.4984],[121.047234,16.50065],[121.046463,16.50132],[121.050682,16.50317],[121.050873,16.503099],[121.051308,16.50325],[121.052437,16.50485],[121.053917,16.50732],[121.055183,16.50876],[121.055649,16.509399],[121.055023,16.51034],[121.05423,16.512079],[121.054047,16.514191],[121.054062,16.51642],[121.054077,16.518721],[121.054291,16.52194],[121.054321,16.523279],[121.054024,16.52491],[121.053864,16.52578],[121.053726,16.526621],[121.054192,16.52779],[121.056038,16.529119],[121.059227,16.53018],[121.064987,16.5305],[121.069588,16.530491],[121.073471,16.530609],[121.078102,16.530951],[121.082047,16.531561],[121.084351,16.532129],[121.085083,16.529631]]]]}},{"type":"Feature","properties":{"ID_0":177,"ISO":"PHL","NAME_0":"Philippines","ID_1":2050,"NAME_1":"Nueva Vizcaya","ID_2":205001,"NAME_2":"Ambaguio","ID_3":205001010,"NAME_3":"Dulli","NL_NAME_3":null,"VARNAME_3":null,"TYPE_3":"Barangay","ENGTYPE_3":"Village","PROVINCE":"Nueva Vizcaya","REGION":"Region II (Cagayan Valley)","id":"barangay-0205001010","name":"Dulli","barangayCode":"0205001010","population":null,"formattedPop":null,"densityCategory":"No data","vulnerabilityRating":"No data","healthRiskLevel":"No data","areaKm2":41.805754,"centerLat":16.566764,"centerLng":121.076307,"geometrySource":"all_barangay-2.csv detailed WKT","geometryMatchMethod":"unique_official_admin_names","boundaryPointCount":86},"geometry":{"type":"MultiPolygon","coordinates":[[[[121.116913,16.57589],[121.122429,16.564541],[121.129112,16.557671],[121.117317,16.5513],[121.10675,16.544081],[121.091927,16.536421],[121.085083,16.529631],[121.084351,16.532129],[121.082047,16.531561],[121.078102,16.530951],[121.073471,16.530609],[121.069588,16.530491],[121.064987,16.5305],[121.059227,16.53018],[121.056038,16.529119],[121.054192,16.52779],[121.053726,16.526621],[121.053864,16.52578],[121.051933,16.530291],[121.050598,16.53228],[121.04937,16.53467],[121.048424,16.53694],[121.047607,16.539499],[121.047577,16.541189],[121.04837,16.54229],[121.049026,16.544649],[121.047684,16.54504],[121.046494,16.545549],[121.045692,16.54694],[121.045753,16.54887],[121.046013,16.550751],[121.046013,16.552071],[121.045853,16.55492],[121.046219,16.556589],[121.047089,16.557911],[121.047783,16.55912],[121.048508,16.560181],[121.049347,16.56078],[121.049957,16.56151],[121.050056,16.562639],[121.049454,16.563669],[121.048897,16.56468],[121.047768,16.56489],[121.048264,16.566231],[121.049232,16.56922],[121.050453,16.570841],[121.050987,16.571569],[121.052223,16.572611],[121.052544,16.573099],[121.052727,16.574051],[121.052757,16.574949],[121.053139,16.576429],[121.053833,16.577419],[121.054451,16.577909],[121.055153,16.578569],[121.055283,16.578951],[121.055847,16.579809],[121.056717,16.58078],[121.056709,16.581909],[121.056633,16.58292],[121.056763,16.58429],[121.057961,16.58567],[121.05909,16.58629],[121.060677,16.58674],[121.061707,16.587061],[121.061722,16.587481],[121.061592,16.588511],[121.062157,16.58963],[121.062912,16.59099],[121.064178,16.5924],[121.064751,16.592569],[121.06572,16.592991],[121.066628,16.593599],[121.066994,16.59428],[121.067047,16.5952],[121.067436,16.596201],[121.067749,16.59725],[121.068466,16.59824],[121.069344,16.598921],[121.069717,16.59902],[121.070808,16.59907],[121.07103,16.59907],[121.072403,16.599581],[121.099068,16.61319],[121.113777,16.599939],[121.116913,16.57589]]]]}},{"type":"Feature","properties":{"ID_0":177,"ISO":"PHL","NAME_0":"Philippines","ID_1":2050,"NAME_1":"Nueva Vizcaya","ID_2":205002,"NAME_2":"Aritao","ID_3":205002001,"NAME_3":"Banganan","NL_NAME_3":null,"VARNAME_3":null,"TYPE_3":"Barangay","ENGTYPE_3":"Village","PROVINCE":"Nueva Vizcaya","REGION":"Region II (Cagayan Valley)","id":"barangay-0205002001","name":"Banganan","barangayCode":"0205002001","population":null,"formattedPop":null,"densityCategory":"No data","vulnerabilityRating":"No data","healthRiskLevel":"No data","areaKm2":3.479302,"centerLat":16.305055,"centerLng":121.037998,"geometrySource":"all_barangay-2.csv detailed WKT","geometryMatchMethod":"unique_official_admin_names","boundaryPointCount":19},"geometry":{"type":"MultiPolygon","coordinates":[[[[121.053093,16.304581],[121.053482,16.303961],[121.053864,16.303659],[121.054527,16.302851],[121.054787,16.30134],[121.054657,16.30061],[121.054138,16.300091],[121.053391,16.30002],[121.052544,16.300301],[121.051529,16.300541],[121.050453,16.300131],[121.049187,16.299101],[121.048576,16.297689],[121.048027,16.296431],[121.047607,16.295521],[121.047447,16.29472],[121.047417,16.293711],[121.011879,16.31579],[121.053093,16.304581]]]]}},{"type":"Feature","properties":{"ID_0":177,"ISO":"PHL","NAME_0":"Philippines","ID_1":2050,"NAME_1":"Nueva Vizcaya","ID_2":205002,"NAME_2":"Aritao","ID_3":205002002,"NAME_3":"Beti","NL_NAME_3":null,"VARNAME_3":null,"TYPE_3":"Barangay","ENGTYPE_3":"Village","PROVINCE":"Nueva Vizcaya","REGION":"Region II (Cagayan Valley)","id":"barangay-0205002002","name":"Beti","barangayCode":"0205002002","population":null,"formattedPop":null,"densityCategory":"No data","vulnerabilityRating":"No data","healthRiskLevel":"No data","areaKm2":10.08927,"centerLat":16.228479,"centerLng":121.07105,"geometrySource":"all_barangay-2.csv detailed WKT","geometryMatchMethod":"unique_official_admin_names","boundaryPointCount":8},"geometry":{"type":"MultiPolygon","coordinates":[[[[121.053497,16.25251],[121.077637,16.234871],[121.097366,16.237391],[121.099426,16.22364],[121.08226,16.221491],[121.061394,16.218969],[121.046913,16.24962],[121.053497,16.25251]]]]}},{"type":"Feature","properties":{"ID_0":177,"ISO":"PHL","NAME_0":"Philippines","ID_1":2050,"NAME_1":"Nueva Vizcaya","ID_2":205002,"NAME_2":"Aritao","ID_3":205002003,"NAME_3":"Bone North","NL_NAME_3":null,"VARNAME_3":null,"TYPE_3":"Barangay","ENGTYPE_3":"Village","PROVINCE":"Nueva Vizcaya","REGION":"Region II (Cagayan Valley)","id":"barangay-0205002003","name":"Bone North","barangayCode":"0205002003","population":null,"formattedPop":null,"densityCategory":"No data","vulnerabilityRating":"No data","healthRiskLevel":"No data","areaKm2":11.846995,"centerLat":16.262366,"centerLng":121.00692,"geometrySource":"all_barangay-2.csv detailed WKT","geometryMatchMethod":"unique_official_admin_names","boundaryPointCount":26},"geometry":{"type":"MultiPolygon","coordinates":[[[[120.953667,16.28487],[120.957329,16.287001],[120.962196,16.289221],[120.965874,16.29076],[120.971077,16.29278],[120.975548,16.290689],[121.001167,16.277969],[121.02475,16.26598],[121.025177,16.264931],[121.025703,16.263901],[121.025848,16.26243],[121.025146,16.26063],[121.023956,16.259121],[121.023811,16.258209],[121.024261,16.25668],[121.024246,16.255051],[121.023933,16.254],[121.023689,16.253731],[121.023041,16.252819],[121.022583,16.252291],[121.021927,16.252211],[121.021042,16.252211],[121.020012,16.2519],[121.018852,16.251289],[121.01828,16.250879],[120.953667,16.28487]]]]}},{"type":"Feature","properties":{"ID_0":177,"ISO":"PHL","NAME_0":"Philippines","ID_1":2050,"NAME_1":"Nueva Vizcaya","ID_2":205002,"NAME_2":"Aritao","ID_3":205002004,"NAME_3":"Bone South","NL_NAME_3":null,"VARNAME_3":null,"TYPE_3":"Barangay","ENGTYPE_3":"Village","PROVINCE":"Nueva Vizcaya","REGION":"Region II (Cagayan Valley)","id":"barangay-0205002004","name":"Bone South","barangayCode":"0205002004","population":null,"formattedPop":null,"densityCategory":"No data","vulnerabilityRating":"No data","healthRiskLevel":"No data","areaKm2":26.141391,"centerLat":16.247943,"centerLng":120.986503,"geometrySource":"all_barangay-2.csv detailed WKT","geometryMatchMethod":"unique_official_admin_names","boundaryPointCount":10},"geometry":{"type":"MultiPolygon","coordinates":[[[[120.953667,16.28487],[121.01828,16.250879],[121.027603,16.241859],[121.000229,16.22813],[120.987991,16.235189],[120.924118,16.25783],[120.934448,16.26993],[120.941093,16.27634],[120.947548,16.281321],[120.953667,16.28487]]]]}},{"type":"Feature","properties":{"ID_0":177,"ISO":"PHL","NAME_0":"Philippines","ID_1":2050,"NAME_1":"Nueva Vizcaya","ID_2":205002,"NAME_2":"Aritao","ID_3":205002005,"NAME_3":"Calitlitan","NL_NAME_3":null,"VARNAME_3":null,"TYPE_3":"Barangay","ENGTYPE_3":"Village","PROVINCE":"Nueva Vizcaya","REGION":"Region II (Cagayan Valley)","id":"barangay-0205002005","name":"Calitlitan","barangayCode":"0205002005","population":null,"formattedPop":null,"densityCategory":"No data","vulnerabilityRating":"No data","healthRiskLevel":"No data","areaKm2":19.707208,"centerLat":16.230351,"centerLng":120.956616,"geometrySource":"all_barangay-2.csv detailed WKT","geometryMatchMethod":"unique_official_admin_names","boundaryPointCount":9},"geometry":{"type":"MultiPolygon","coordinates":[[[[120.924118,16.25783],[120.987991,16.235189],[121.000229,16.22813],[120.978233,16.21533],[120.957787,16.2185],[120.889816,16.23329],[120.902733,16.24111],[120.91552,16.247869],[120.924118,16.25783]]]]}},{"type":"Feature","properties":{"ID_0":177,"ISO":"PHL","NAME_0":"Philippines","ID_1":2050,"NAME_1":"Nueva Vizcaya","ID_2":205002,"NAME_2":"Aritao","ID_3":205002006,"NAME_3":"Comon","NL_NAME_3":null,"VARNAME_3":null,"TYPE_3":"Barangay","ENGTYPE_3":"Village","PROVINCE":"Nueva Vizcaya","REGION":"Region II (Cagayan Valley)","id":"barangay-0205002006","name":"Comon","barangayCode":"0205002006","population":null,"formattedPop":null,"densityCategory":"No data","vulnerabilityRating":"No data","healthRiskLevel":"No data","areaKm2":11.836219,"centerLat":16.269863,"centerLng":121.037606,"geometrySource":"all_barangay-2.csv detailed WKT","geometryMatchMethod":"unique_official_admin_names","boundaryPointCount":28},"geometry":{"type":"MultiPolygon","coordinates":[[[[121.06263,16.28442],[121.066277,16.28525],[121.074547,16.26326],[121.053497,16.25251],[121.046913,16.24962],[121.027603,16.241859],[121.01828,16.250879],[121.018852,16.251289],[121.020012,16.2519],[121.021042,16.252211],[121.021927,16.252211],[121.022583,16.252291],[121.023041,16.252819],[121.023689,16.253731],[121.023933,16.254],[121.024246,16.255051],[121.024261,16.25668],[121.023811,16.258209],[121.023956,16.259121],[121.025146,16.26063],[121.025848,16.26243],[121.025703,16.263901],[121.025177,16.264931],[121.02475,16.26598],[121.029877,16.263269],[121.035927,16.272409],[121.039963,16.27849],[121.06263,16.28442]]]]}},{"type":"Feature","properties":{"ID_0":177,"ISO":"PHL","NAME_0":"Philippines","ID_1":2050,"NAME_1":"Nueva Vizcaya","ID_2":205002,"NAME_2":"Aritao","ID_3":205002007,"NAME_3":"Cutar","NL_NAME_3":null,"VARNAME_3":null,"TYPE_3":"Barangay","ENGTYPE_3":"Village","PROVINCE":"Nueva Vizcaya","REGION":"Region II (Cagayan Valley)","id":"barangay-0205002007","name":"Cutar","barangayCode":"0205002007","population":null,"formattedPop":null,"densityCategory":"No data","vulnerabilityRating":"No data","healthRiskLevel":"No data","areaKm2":1.471442,"centerLat":16.287299,"centerLng":121.025505,"geometrySource":"all_barangay-2.csv detailed WKT","geometryMatchMethod":"unique_official_admin_names","boundaryPointCount":16},"geometry":{"type":"MultiPolygon","coordinates":[[[[121.033867,16.293791],[121.039963,16.27849],[121.035927,16.272409],[121.014732,16.28775],[121.01519,16.288321],[121.016586,16.289499],[121.01796,16.29047],[121.01947,16.29081],[121.02124,16.290779],[121.022903,16.290739],[121.025017,16.291901],[121.026741,16.292761],[121.028297,16.293051],[121.030273,16.29315],[121.031639,16.29332],[121.033867,16.293791]]]]}},{"type":"Feature","properties":{"ID_0":177,"ISO":"PHL","NAME_0":"Philippines","ID_1":2050,"NAME_1":"Nueva Vizcaya","ID_2":205002,"NAME_2":"Aritao","ID_3":205002008,"NAME_3":"Darapidap","NL_NAME_3":null,"VARNAME_3":null,"TYPE_3":"Barangay","ENGTYPE_3":"Village","PROVINCE":"Nueva Vizcaya","REGION":"Region II (Cagayan Valley)","id":"barangay-0205002008","name":"Darapidap","barangayCode":"0205002008","population":null,"formattedPop":null,"densityCategory":"No data","vulnerabilityRating":"No data","healthRiskLevel":"No data","areaKm2":18.706124,"centerLat":16.326689,"centerLng":121.025342,"geometrySource":"all_barangay-2.csv detailed WKT","geometryMatchMethod":"unique_official_admin_names","boundaryPointCount":26},"geometry":{"type":"MultiPolygon","coordinates":[[[[120.998161,16.34889],[121.002136,16.350639],[121.012917,16.357491],[121.023209,16.34561],[121.039711,16.33049],[121.043472,16.32744],[121.056229,16.314671],[121.055206,16.31386],[121.05452,16.313351],[121.05397,16.312321],[121.054382,16.31193],[121.055679,16.31152],[121.057373,16.31101],[121.058388,16.310011],[121.058273,16.30884],[121.057266,16.30785],[121.055389,16.307131],[121.053947,16.30681],[121.052757,16.30612],[121.052811,16.305],[121.053093,16.304581],[121.011879,16.31579],[121.005402,16.319771],[120.990334,16.32939],[120.996071,16.345921],[120.998161,16.34889]]]]}},{"type":"Feature","properties":{"ID_0":177,"ISO":"PHL","NAME_0":"Philippines","ID_1":2050,"NAME_1":"Nueva Vizcaya","ID_2":205002,"NAME_2":"Aritao","ID_3":205002009,"NAME_3":"Kirang","NL_NAME_3":null,"VARNAME_3":null,"TYPE_3":"Barangay","ENGTYPE_3":"Village","PROVINCE":"Nueva Vizcaya","REGION":"Region II (Cagayan Valley)","id":"barangay-0205002009","name":"Kirang","barangayCode":"0205002009","population":null,"formattedPop":null,"densityCategory":"No data","vulnerabilityRating":"No data","healthRiskLevel":"No data","areaKm2":13.362416,"centerLat":16.300003,"centerLng":121.008298,"geometrySource":"all_barangay-2.csv detailed WKT","geometryMatchMethod":"unique_official_admin_names","boundaryPointCount":28},"geometry":{"type":"MultiPolygon","coordinates":[[[[121.033867,16.293791],[121.031639,16.29332],[121.030273,16.29315],[121.028297,16.293051],[121.026741,16.292761],[121.025017,16.291901],[121.022903,16.290739],[121.02124,16.290779],[121.01947,16.29081],[121.01796,16.29047],[121.016586,16.289499],[121.01519,16.288321],[121.014732,16.28775],[121.013603,16.287109],[121.0131,16.286791],[121.011871,16.285959],[121.009872,16.2843],[121.00853,16.283979],[121.007217,16.283381],[121.005814,16.282681],[121.004128,16.282339],[121.002693,16.281891],[121.00177,16.28087],[121.001358,16.27939],[121.001167,16.277969],[120.975548,16.290689],[121.001747,16.315929],[121.033867,16.293791]]]]}},{"type":"Feature","properties":{"ID_0":177,"ISO":"PHL","NAME_0":"Philippines","ID_1":2050,"NAME_1":"Nueva Vizcaya","ID_2":205002,"NAME_2":"Aritao","ID_3":205002010,"NAME_3":"Nagcuartelan","NL_NAME_3":null,"VARNAME_3":null,"TYPE_3":"Barangay","ENGTYPE_3":"Village","PROVINCE":"Nueva Vizcaya","REGION":"Region II (Cagayan Valley)","id":"barangay-0205002010","name":"Nagcuartelan","barangayCode":"0205002010","population":null,"formattedPop":null,"densityCategory":"No data","vulnerabilityRating":"No data","healthRiskLevel":"No data","areaKm2":4.855311,"centerLat":16.277915,"centerLng":121.008879,"geometrySource":"all_barangay-2.csv detailed WKT","geometryMatchMethod":"unique_official_admin_names","boundaryPointCount":17},"geometry":{"type":"MultiPolygon","coordinates":[[[[121.001167,16.277969],[121.001358,16.27939],[121.00177,16.28087],[121.002693,16.281891],[121.004128,16.282339],[121.005814,16.282681],[121.007217,16.283381],[121.00853,16.283979],[121.009872,16.2843],[121.011871,16.285959],[121.0131,16.286791],[121.013603,16.287109],[121.014732,16.28775],[121.035927,16.272409],[121.029877,16.263269],[121.02475,16.26598],[121.001167,16.277969]]]]}},{"type":"Feature","properties":{"ID_0":177,"ISO":"PHL","NAME_0":"Philippines","ID_1":2050,"NAME_1":"Nueva Vizcaya","ID_2":205002,"NAME_2":"Aritao","ID_3":205002011,"NAME_3":"Poblacion","NL_NAME_3":null,"VARNAME_3":null,"TYPE_3":"Barangay","ENGTYPE_3":"Village","PROVINCE":"Nueva Vizcaya","REGION":"Region II (Cagayan Valley)","id":"barangay-0205002011","name":"Poblacion","barangayCode":"0205002011","population":null,"formattedPop":null,"densityCategory":"No data","vulnerabilityRating":"No data","healthRiskLevel":"No data","areaKm2":0.6753,"centerLat":16.296247,"centerLng":121.035039,"geometrySource":"all_barangay-2.csv detailed WKT","geometryMatchMethod":"unique_official_admin_names","boundaryPointCount":8},"geometry":{"type":"MultiPolygon","coordinates":[[[[121.005402,16.319771],[121.011879,16.31579],[121.047417,16.293711],[121.06263,16.28442],[121.039963,16.27849],[121.033867,16.293791],[121.001747,16.315929],[121.005402,16.319771]]]]}},{"type":"Feature","properties":{"ID_0":177,"ISO":"PHL","NAME_0":"Philippines","ID_1":2050,"NAME_1":"Nueva Vizcaya","ID_2":205002,"NAME_2":"Aritao","ID_3":205002012,"NAME_3":"Sta. Clara","NL_NAME_3":null,"VARNAME_3":null,"TYPE_3":"Barangay","ENGTYPE_3":"Village","PROVINCE":"Nueva Vizcaya","REGION":"Region II (Cagayan Valley)","id":"barangay-0205002012","name":"Sta. Clara","barangayCode":"0205002012","population":null,"formattedPop":null,"densityCategory":"No data","vulnerabilityRating":"No data","healthRiskLevel":"No data","areaKm2":5.854069,"centerLat":16.202055,"centerLng":121.058144,"geometrySource":"all_barangay-2.csv detailed WKT","geometryMatchMethod":"unique_official_admin_names","boundaryPointCount":6},"geometry":{"type":"MultiPolygon","coordinates":[[[[121.061394,16.218969],[121.08226,16.221491],[121.078079,16.20524],[121.053703,16.19887],[121.048378,16.21076],[121.061394,16.218969]]]]}},{"type":"Feature","properties":{"ID_0":177,"ISO":"PHL","NAME_0":"Philippines","ID_1":2050,"NAME_1":"Nueva Vizcaya","ID_2":205002,"NAME_2":"Aritao","ID_3":205002013,"NAME_3":"Tabueng","NL_NAME_3":null,"VARNAME_3":null,"TYPE_3":"Barangay","ENGTYPE_3":"Village","PROVINCE":"Nueva Vizcaya","REGION":"Region II (Cagayan Valley)","id":"barangay-0205002013","name":"Tabueng","barangayCode":"0205002013","population":null,"formattedPop":null,"densityCategory":"No data","vulnerabilityRating":"No data","healthRiskLevel":"No data","areaKm2":4.16306,"centerLat":16.267182,"centerLng":121.055819,"geometrySource":"all_barangay-2.csv detailed WKT","geometryMatchMethod":"unique_official_admin_names","boundaryPointCount":7},"geometry":{"type":"MultiPolygon","coordinates":[[[[121.066277,16.28525],[121.081673,16.28956],[121.088539,16.28241],[121.09874,16.27178],[121.10527,16.26598],[121.074547,16.26326],[121.066277,16.28525]]]]}},{"type":"Feature","properties":{"ID_0":177,"ISO":"PHL","NAME_0":"Philippines","ID_1":2050,"NAME_1":"Nueva Vizcaya","ID_2":205002,"NAME_2":"Aritao","ID_3":205002014,"NAME_3":"Tucanon","NL_NAME_3":null,"VARNAME_3":null,"TYPE_3":"Barangay","ENGTYPE_3":"Village","PROVINCE":"Nueva Vizcaya","REGION":"Region II (Cagayan Valley)","id":"barangay-0205002014","name":"Tucanon","barangayCode":"0205002014","population":null,"formattedPop":null,"densityCategory":"No data","vulnerabilityRating":"No data","healthRiskLevel":"No data","areaKm2":8.732885,"centerLat":16.287882,"centerLng":121.062147,"geometrySource":"all_barangay-2.csv detailed WKT","geometryMatchMethod":"unique_official_admin_names","boundaryPointCount":36},"geometry":{"type":"MultiPolygon","coordinates":[[[[121.056229,16.314671],[121.071663,16.29944],[121.081673,16.28956],[121.066277,16.28525],[121.06263,16.28442],[121.047417,16.293711],[121.047447,16.29472],[121.047607,16.295521],[121.048027,16.296431],[121.048576,16.297689],[121.049187,16.299101],[121.050453,16.300131],[121.051529,16.300541],[121.052544,16.300301],[121.053391,16.30002],[121.054138,16.300091],[121.054657,16.30061],[121.054787,16.30134],[121.054527,16.302851],[121.053864,16.303659],[121.053482,16.303961],[121.053093,16.304581],[121.052811,16.305],[121.052757,16.30612],[121.053947,16.30681],[121.055389,16.307131],[121.057266,16.30785],[121.058273,16.30884],[121.058388,16.310011],[121.057373,16.31101],[121.055679,16.31152],[121.054382,16.31193],[121.05397,16.312321],[121.05452,16.313351],[121.055206,16.31386],[121.056229,16.314671]]]]}},{"type":"Feature","properties":{"ID_0":177,"ISO":"PHL","NAME_0":"Philippines","ID_1":2050,"NAME_1":"Nueva Vizcaya","ID_2":205002,"NAME_2":"Aritao","ID_3":205002016,"NAME_3":"Anayo","NL_NAME_3":null,"VARNAME_3":null,"TYPE_3":"Barangay","ENGTYPE_3":"Village","PROVINCE":"Nueva Vizcaya","REGION":"Region II (Cagayan Valley)","id":"barangay-0205002016","name":"Anayo","barangayCode":"0205002016","population":null,"formattedPop":null,"densityCategory":"No data","vulnerabilityRating":"No data","healthRiskLevel":"No data","areaKm2":12.098602,"centerLat":16.208033,"centerLng":121.084738,"geometrySource":"all_barangay-2.csv detailed WKT","geometryMatchMethod":"unique_official_admin_names","boundaryPointCount":8},"geometry":{"type":"MultiPolygon","coordinates":[[[[121.097366,16.237391],[121.111443,16.239441],[121.116547,16.221359],[121.118042,16.208151],[121.078079,16.20524],[121.08226,16.221491],[121.099426,16.22364],[121.097366,16.237391]]]]}},{"type":"Feature","properties":{"ID_0":177,"ISO":"PHL","NAME_0":"Philippines","ID_1":2050,"NAME_1":"Nueva Vizcaya","ID_2":205002,"NAME_2":"Aritao","ID_3":205002017,"NAME_3":"Baan","NL_NAME_3":null,"VARNAME_3":null,"TYPE_3":"Barangay","ENGTYPE_3":"Village","PROVINCE":"Nueva Vizcaya","REGION":"Region II (Cagayan Valley)","id":"barangay-0205002017","name":"Baan","barangayCode":"0205002017","population":null,"formattedPop":null,"densityCategory":"No data","vulnerabilityRating":"No data","healthRiskLevel":"No data","areaKm2":25.826872,"centerLat":16.288183,"centerLng":120.962222,"geometrySource":"all_barangay-2.csv detailed WKT","geometryMatchMethod":"unique_official_admin_names","boundaryPointCount":35},"geometry":{"type":"MultiPolygon","coordinates":[[[[120.996071,16.345921],[120.990334,16.32939],[121.005402,16.319771],[121.001747,16.315929],[120.975548,16.290689],[120.971077,16.29278],[120.965874,16.29076],[120.962196,16.289221],[120.957329,16.287001],[120.953667,16.28487],[120.947548,16.281321],[120.941093,16.27634],[120.934448,16.26993],[120.924118,16.25783],[120.91552,16.247869],[120.927322,16.285959],[120.963226,16.316481],[120.964157,16.31674],[120.965332,16.31665],[120.966652,16.316839],[120.967247,16.318359],[120.9664,16.321301],[120.966019,16.32391],[120.967117,16.325399],[120.967819,16.32596],[120.968178,16.326929],[120.968536,16.329149],[120.969299,16.33176],[120.970863,16.33354],[120.974197,16.334379],[120.97821,16.334749],[120.98407,16.33596],[120.98587,16.33666],[120.986343,16.336981],[120.996071,16.345921]]]]}},{"type":"Feature","properties":{"ID_0":177,"ISO":"PHL","NAME_0":"Philippines","ID_1":2050,"NAME_1":"Nueva Vizcaya","ID_2":205002,"NAME_2":"Aritao","ID_3":205002018,"NAME_3":"Balite","NL_NAME_3":null,"VARNAME_3":null,"TYPE_3":"Barangay","ENGTYPE_3":"Village","PROVINCE":"Nueva Vizcaya","REGION":"Region II (Cagayan Valley)","id":"barangay-0205002018","name":"Balite","barangayCode":"0205002018","population":null,"formattedPop":null,"densityCategory":"No data","vulnerabilityRating":"No data","healthRiskLevel":"No data","areaKm2":15.044144,"centerLat":16.195439,"centerLng":120.99808,"geometrySource":"all_barangay-2.csv detailed WKT","geometryMatchMethod":"unique_official_admin_names","boundaryPointCount":7},"geometry":{"type":"MultiPolygon","coordinates":[[[[120.978233,16.21533],[121.000229,16.22813],[121.053703,16.19887],[121.059158,16.18783],[121.022614,16.20462],[121.002724,16.2089],[120.978233,16.21533]]]]}},{"type":"Feature","properties":{"ID_0":177,"ISO":"PHL","NAME_0":"Philippines","ID_1":2050,"NAME_1":"Nueva Vizcaya","ID_2":205002,"NAME_2":"Aritao","ID_3":205002019,"NAME_3":"Canabuan","NL_NAME_3":null,"VARNAME_3":null,"TYPE_3":"Barangay","ENGTYPE_3":"Village","PROVINCE":"Nueva Vizcaya","REGION":"Region II (Cagayan Valley)","id":"barangay-0205002019","name":"Canabuan","barangayCode":"0205002019","population":null,"formattedPop":null,"densityCategory":"No data","vulnerabilityRating":"No data","healthRiskLevel":"No data","areaKm2":37.140408,"centerLat":16.145197,"centerLng":121.088565,"geometrySource":"all_barangay-2.csv detailed WKT","geometryMatchMethod":"unique_official_admin_names","boundaryPointCount":15},"geometry":{"type":"MultiPolygon","coordinates":[[[[121.059158,16.18783],[121.116859,16.19729],[121.120232,16.15601],[121.119034,16.140381],[121.116524,16.106701],[121.109779,16.10602],[121.103607,16.106819],[121.09864,16.1077],[121.091873,16.109119],[121.088463,16.10985],[121.084244,16.110809],[121.080811,16.11183],[121.074883,16.114349],[121.074211,16.119551],[121.059158,16.18783]]]]}},{"type":"Feature","properties":{"ID_0":177,"ISO":"PHL","NAME_0":"Philippines","ID_1":2050,"NAME_1":"Nueva Vizcaya","ID_2":205002,"NAME_2":"Aritao","ID_3":205002020,"NAME_3":"Canarem","NL_NAME_3":null,"VARNAME_3":null,"TYPE_3":"Barangay","ENGTYPE_3":"Village","PROVINCE":"Nueva Vizcaya","REGION":"Region II (Cagayan Valley)","id":"barangay-0205002020","name":"Canarem","barangayCode":"0205002020","population":null,"formattedPop":null,"densityCategory":"No data","vulnerabilityRating":"No data","healthRiskLevel":"No data","areaKm2":10.350782,"centerLat":16.181049,"centerLng":121.081094,"geometrySource":"all_barangay-2.csv detailed WKT","geometryMatchMethod":"unique_official_admin_names","boundaryPointCount":6},"geometry":{"type":"MultiPolygon","coordinates":[[[[121.118042,16.208151],[121.116859,16.19729],[121.059158,16.18783],[121.053703,16.19887],[121.078079,16.20524],[121.118042,16.208151]]]]}},{"type":"Feature","properties":{"ID_0":177,"ISO":"PHL","NAME_0":"Philippines","ID_1":2050,"NAME_1":"Nueva Vizcaya","ID_2":205002,"NAME_2":"Aritao","ID_3":205002021,"NAME_3":"Latar-Nocnoc-San Francisco","NL_NAME_3":null,"VARNAME_3":null,"TYPE_3":"Barangay","ENGTYPE_3":"Village","PROVINCE":"Nueva Vizcaya","REGION":"Region II (Cagayan Valley)","id":"barangay-0205002021","name":"Latar-Nocnoc-San Francisco","barangayCode":"0205002021","population":null,"formattedPop":null,"densityCategory":"No data","vulnerabilityRating":"No data","healthRiskLevel":"No data","areaKm2":20.215469,"centerLat":16.254331,"centerLng":121.07778,"geometrySource":"all_barangay-2.csv detailed WKT","geometryMatchMethod":"unique_official_admin_names","boundaryPointCount":7},"geometry":{"type":"MultiPolygon","coordinates":[[[[121.10527,16.26598],[121.111443,16.239441],[121.097366,16.237391],[121.077637,16.234871],[121.053497,16.25251],[121.074547,16.26326],[121.10527,16.26598]]]]}},{"type":"Feature","properties":{"ID_0":177,"ISO":"PHL","NAME_0":"Philippines","ID_1":2050,"NAME_1":"Nueva Vizcaya","ID_2":205002,"NAME_2":"Aritao","ID_3":205002022,"NAME_3":"Ocao-Capiniaan","NL_NAME_3":null,"VARNAME_3":null,"TYPE_3":"Barangay","ENGTYPE_3":"Village","PROVINCE":"Nueva Vizcaya","REGION":"Region II (Cagayan Valley)","id":"barangay-0205002022","name":"Ocao-Capiniaan","barangayCode":"0205002022","population":null,"formattedPop":null,"densityCategory":"No data","vulnerabilityRating":"No data","healthRiskLevel":"No data","areaKm2":15.401821,"centerLat":16.202014,"centerLng":121.017666,"geometrySource":"all_barangay-2.csv detailed WKT","geometryMatchMethod":"unique_official_admin_names","boundaryPointCount":5},"geometry":{"type":"MultiPolygon","coordinates":[[[[121.027603,16.241859],[121.048378,16.21076],[121.053703,16.19887],[121.000229,16.22813],[121.027603,16.241859]]]]}},{"type":"Feature","properties":{"ID_0":177,"ISO":"PHL","NAME_0":"Philippines","ID_1":2050,"NAME_1":"Nueva Vizcaya","ID_2":205002,"NAME_2":"Aritao","ID_3":205002023,"NAME_3":"Yaway","NL_NAME_3":null,"VARNAME_3":null,"TYPE_3":"Barangay","ENGTYPE_3":"Village","PROVINCE":"Nueva Vizcaya","REGION":"Region II (Cagayan Valley)","id":"barangay-0205002023","name":"Yaway","barangayCode":"0205002023","population":null,"formattedPop":null,"densityCategory":"No data","vulnerabilityRating":"No data","healthRiskLevel":"No data","areaKm2":14.990748,"centerLat":16.2156,"centerLng":121.039225,"geometrySource":"all_barangay-2.csv detailed WKT","geometryMatchMethod":"unique_official_admin_names","boundaryPointCount":5},"geometry":{"type":"MultiPolygon","coordinates":[[[[121.046913,16.24962],[121.061394,16.218969],[121.048378,16.21076],[121.027603,16.241859],[121.046913,16.24962]]]]}},{"type":"Feature","properties":{"ID_0":177,"ISO":"PHL","NAME_0":"Philippines","ID_1":2050,"NAME_1":"Nueva Vizcaya","ID_2":205003,"NAME_2":"Bagabag","ID_3":205003001,"NAME_3":"Bakir","NL_NAME_3":null,"VARNAME_3":null,"TYPE_3":"Barangay","ENGTYPE_3":"Village","PROVINCE":"Nueva Vizcaya","REGION":"Region II (Cagayan Valley)","id":"barangay-0205003001","name":"Bakir","barangayCode":"0205003001","population":null,"formattedPop":null,"densityCategory":"No data","vulnerabilityRating":"No data","healthRiskLevel":"No data","areaKm2":3.385274,"centerLat":16.645037,"centerLng":121.235611,"geometrySource":"all_barangay-2.csv detailed WKT","geometryMatchMethod":"unique_official_admin_names","boundaryPointCount":86},"geometry":{"type":"MultiPolygon","coordinates":[[[[121.252731,16.650419],[121.252563,16.65019],[121.25309,16.649771],[121.253563,16.64937],[121.254059,16.64892],[121.253929,16.64747],[121.252968,16.646339],[121.251381,16.645861],[121.250343,16.646219],[121.249359,16.645691],[121.248032,16.645281],[121.247307,16.64575],[121.247009,16.64653],[121.246002,16.64679],[121.245308,16.646561],[121.244347,16.64613],[121.24276,16.645929],[121.24131,16.6455],[121.239937,16.64567],[121.23896,16.64547],[121.238297,16.644819],[121.237991,16.644171],[121.23806,16.64352],[121.238487,16.64307],[121.23848,16.642139],[121.238808,16.641159],[121.239403,16.64052],[121.239883,16.63982],[121.239754,16.63908],[121.23925,16.63876],[121.238411,16.63883],[121.238083,16.639629],[121.237534,16.639721],[121.236992,16.63891],[121.236961,16.637609],[121.236862,16.637051],[121.236313,16.63673],[121.235893,16.63629],[121.235764,16.63431],[121.234818,16.633869],[121.233711,16.633881],[121.232803,16.633751],[121.232231,16.634081],[121.228439,16.63891],[121.226997,16.646139],[121.226273,16.647051],[121.226448,16.64826],[121.227333,16.648279],[121.228706,16.64843],[121.229858,16.649031],[121.231087,16.65033],[121.231461,16.650909],[121.231529,16.651331],[121.231392,16.65167],[121.230873,16.652149],[121.230324,16.65259],[121.230492,16.653521],[121.230881,16.653799],[121.232117,16.65444],[121.23262,16.654949],[121.23394,16.65554],[121.234901,16.655689],[121.235687,16.65588],[121.236427,16.655809],[121.236923,16.655781],[121.237473,16.65546],[121.237717,16.65531],[121.238419,16.65506],[121.239403,16.65473],[121.240082,16.654619],[121.241249,16.65431],[121.241837,16.65398],[121.242554,16.653669],[121.24321,16.653299],[121.244347,16.65377],[121.245033,16.65448],[121.24585,16.654791],[121.246643,16.654539],[121.246986,16.65399],[121.247177,16.6537],[121.247917,16.652599],[121.247963,16.65254],[121.248131,16.65225],[121.248962,16.650749],[121.25071,16.650249],[121.252731,16.650419]]]]}},{"type":"Feature","properties":{"ID_0":177,"ISO":"PHL","NAME_0":"Philippines","ID_1":2050,"NAME_1":"Nueva Vizcaya","ID_2":205003,"NAME_2":"Bagabag","ID_3":205003002,"NAME_3":"Baretbet","NL_NAME_3":null,"VARNAME_3":null,"TYPE_3":"Barangay","ENGTYPE_3":"Village","PROVINCE":"Nueva Vizcaya","REGION":"Region II (Cagayan Valley)","id":"barangay-0205003002","name":"Baretbet","barangayCode":"0205003002","population":null,"formattedPop":null,"densityCategory":"No data","vulnerabilityRating":"No data","healthRiskLevel":"No data","areaKm2":35.074576,"centerLat":16.577945,"centerLng":121.296089,"geometrySource":"all_barangay-2.csv detailed WKT","geometryMatchMethod":"unique_official_admin_names","boundaryPointCount":34},"geometry":{"type":"MultiPolygon","coordinates":[[[[121.271027,16.61721],[121.299538,16.583019],[121.321167,16.585039],[121.32666,16.56727],[121.332947,16.5443],[121.341148,16.500481],[121.283638,16.51984],[121.288132,16.554529],[121.285927,16.566111],[121.282516,16.58297],[121.271156,16.58239],[121.270111,16.585239],[121.269524,16.586849],[121.269272,16.588461],[121.269653,16.590191],[121.270447,16.59186],[121.270737,16.593161],[121.270653,16.59572],[121.271202,16.596889],[121.271553,16.5977],[121.271477,16.60059],[121.271408,16.601271],[121.272491,16.602449],[121.272476,16.604361],[121.271744,16.60541],[121.270409,16.606541],[121.269478,16.60778],[121.269447,16.60939],[121.2696,16.61125],[121.269234,16.613171],[121.268517,16.6145],[121.268478,16.615179],[121.268822,16.616579],[121.271027,16.61721]]]]}},{"type":"Feature","properties":{"ID_0":177,"ISO":"PHL","NAME_0":"Philippines","ID_1":2050,"NAME_1":"Nueva Vizcaya","ID_2":205003,"NAME_2":"Bagabag","ID_3":205003003,"NAME_3":"Careb","NL_NAME_3":null,"VARNAME_3":null,"TYPE_3":"Barangay","ENGTYPE_3":"Village","PROVINCE":"Nueva Vizcaya","REGION":"Region II (Cagayan Valley)","id":"barangay-0205003003","name":"Careb","barangayCode":"0205003003","population":null,"formattedPop":null,"densityCategory":"No data","vulnerabilityRating":"No data","healthRiskLevel":"No data","areaKm2":6.426115,"centerLat":16.597867,"centerLng":121.210163,"geometrySource":"all_barangay-2.csv detailed WKT","geometryMatchMethod":"unique_official_admin_names","boundaryPointCount":9},"geometry":{"type":"MultiPolygon","coordinates":[[[[121.219437,16.616631],[121.224319,16.599449],[121.224693,16.597561],[121.216721,16.584949],[121.208923,16.596939],[121.204552,16.60463],[121.20282,16.608351],[121.20311,16.61557],[121.219437,16.616631]]]]}},{"type":"Feature","properties":{"ID_0":177,"ISO":"PHL","NAME_0":"Philippines","ID_1":2050,"NAME_1":"Nueva Vizcaya","ID_2":205003,"NAME_2":"Bagabag","ID_3":205003004,"NAME_3":"Lantap","NL_NAME_3":null,"VARNAME_3":null,"TYPE_3":"Barangay","ENGTYPE_3":"Village","PROVINCE":"Nueva Vizcaya","REGION":"Region II (Cagayan Valley)","id":"barangay-0205003004","name":"Lantap","barangayCode":"0205003004","population":null,"formattedPop":null,"densityCategory":"No data","vulnerabilityRating":"No data","healthRiskLevel":"No data","areaKm2":3.57352,"centerLat":16.628975,"centerLng":121.23565,"geometrySource":"all_barangay-2.csv detailed WKT","geometryMatchMethod":"unique_official_admin_names","boundaryPointCount":54},"geometry":{"type":"MultiPolygon","coordinates":[[[[121.250343,16.646219],[121.250633,16.64543],[121.250893,16.64496],[121.25132,16.644211],[121.251404,16.643089],[121.251518,16.641689],[121.251579,16.64053],[121.251549,16.63969],[121.251358,16.63899],[121.250923,16.638359],[121.24971,16.63707],[121.247963,16.635099],[121.245689,16.632629],[121.24511,16.631651],[121.244713,16.62958],[121.244598,16.62788],[121.244469,16.626789],[121.240997,16.62446],[121.232353,16.631701],[121.232231,16.634081],[121.232803,16.633751],[121.233711,16.633881],[121.234818,16.633869],[121.235764,16.63431],[121.235893,16.63629],[121.236313,16.63673],[121.236862,16.637051],[121.236961,16.637609],[121.236992,16.63891],[121.237534,16.639721],[121.238083,16.639629],[121.238411,16.63883],[121.23925,16.63876],[121.239754,16.63908],[121.239883,16.63982],[121.239403,16.64052],[121.238808,16.641159],[121.23848,16.642139],[121.238487,16.64307],[121.23806,16.64352],[121.237991,16.644171],[121.238297,16.644819],[121.23896,16.64547],[121.239937,16.64567],[121.24131,16.6455],[121.24276,16.645929],[121.244347,16.64613],[121.245308,16.646561],[121.246002,16.64679],[121.247009,16.64653],[121.247307,16.64575],[121.248032,16.645281],[121.249359,16.645691],[121.250343,16.646219]]]]}},{"type":"Feature","properties":{"ID_0":177,"ISO":"PHL","NAME_0":"Philippines","ID_1":2050,"NAME_1":"Nueva Vizcaya","ID_2":205003,"NAME_2":"Bagabag","ID_3":205003005,"NAME_3":"Murong","NL_NAME_3":null,"VARNAME_3":null,"TYPE_3":"Barangay","ENGTYPE_3":"Village","PROVINCE":"Nueva Vizcaya","REGION":"Region II (Cagayan Valley)","id":"barangay-0205003005","name":"Murong","barangayCode":"0205003005","population":null,"formattedPop":null,"densityCategory":"No data","vulnerabilityRating":"No data","healthRiskLevel":"No data","areaKm2":4.836176,"centerLat":16.608443,"centerLng":121.231199,"geometrySource":"all_barangay-2.csv detailed WKT","geometryMatchMethod":"unique_official_admin_names","boundaryPointCount":9},"geometry":{"type":"MultiPolygon","coordinates":[[[[121.229897,16.61697],[121.234993,16.60973],[121.233513,16.60774],[121.232536,16.60668],[121.231567,16.605591],[121.230164,16.604111],[121.224319,16.599449],[121.219437,16.616631],[121.229897,16.61697]]]]}},{"type":"Feature","properties":{"ID_0":177,"ISO":"PHL","NAME_0":"Philippines","ID_1":2050,"NAME_1":"Nueva Vizcaya","ID_2":205003,"NAME_2":"Bagabag","ID_3":205003006,"NAME_3":"Nangalisan","NL_NAME_3":null,"VARNAME_3":null,"TYPE_3":"Barangay","ENGTYPE_3":"Village","PROVINCE":"Nueva Vizcaya","REGION":"Region II (Cagayan Valley)","id":"barangay-0205003006","name":"Nangalisan","barangayCode":"0205003006","population":null,"formattedPop":null,"densityCategory":"No data","vulnerabilityRating":"No data","healthRiskLevel":"No data","areaKm2":7.398002,"centerLat":16.627279,"centerLng":121.196396,"geometrySource":"all_barangay-2.csv detailed WKT","geometryMatchMethod":"unique_official_admin_names","boundaryPointCount":17},"geometry":{"type":"MultiPolygon","coordinates":[[[[121.211853,16.645041],[121.219437,16.616631],[121.20311,16.61557],[121.203308,16.6255],[121.203613,16.637211],[121.206299,16.638189],[121.20723,16.638491],[121.207817,16.63883],[121.208076,16.63969],[121.208092,16.640619],[121.208191,16.641041],[121.208427,16.64114],[121.20916,16.64143],[121.210037,16.643801],[121.210159,16.64399],[121.210541,16.644581],[121.211853,16.645041]]]]}},{"type":"Feature","properties":{"ID_0":177,"ISO":"PHL","NAME_0":"Philippines","ID_1":2050,"NAME_1":"Nueva Vizcaya","ID_2":205003,"NAME_2":"Bagabag","ID_3":205003007,"NAME_3":"Paniki","NL_NAME_3":null,"VARNAME_3":null,"TYPE_3":"Barangay","ENGTYPE_3":"Village","PROVINCE":"Nueva Vizcaya","REGION":"Region II (Cagayan Valley)","id":"barangay-0205003007","name":"Paniki","barangayCode":"0205003007","population":null,"formattedPop":null,"densityCategory":"No data","vulnerabilityRating":"No data","healthRiskLevel":"No data","areaKm2":6.596843,"centerLat":16.630061,"centerLng":121.21691,"geometrySource":"all_barangay-2.csv detailed WKT","geometryMatchMethod":"unique_official_admin_names","boundaryPointCount":32},"geometry":{"type":"MultiPolygon","coordinates":[[[[121.226448,16.64826],[121.226273,16.647051],[121.226997,16.646139],[121.228439,16.63891],[121.232231,16.634081],[121.232353,16.631701],[121.240997,16.62446],[121.229897,16.61697],[121.219437,16.616631],[121.211853,16.645041],[121.213257,16.64529],[121.214203,16.645729],[121.214996,16.646021],[121.215714,16.64595],[121.216003,16.64595],[121.216637,16.645941],[121.217079,16.645929],[121.21859,16.646391],[121.219658,16.646709],[121.21978,16.646681],[121.220459,16.6465],[121.221359,16.646231],[121.222183,16.646629],[121.222412,16.647039],[121.222458,16.647711],[121.222832,16.648149],[121.22316,16.64842],[121.223534,16.64851],[121.223808,16.648581],[121.224548,16.64846],[121.225578,16.64827],[121.226448,16.64826]]]]}},{"type":"Feature","properties":{"ID_0":177,"ISO":"PHL","NAME_0":"Philippines","ID_1":2050,"NAME_1":"Nueva Vizcaya","ID_2":205003,"NAME_2":"Bagabag","ID_3":205003008,"NAME_3":"Pogonsino","NL_NAME_3":null,"VARNAME_3":null,"TYPE_3":"Barangay","ENGTYPE_3":"Village","PROVINCE":"Nueva Vizcaya","REGION":"Region II (Cagayan Valley)","id":"barangay-0205003008","name":"Pogonsino","barangayCode":"0205003008","population":null,"formattedPop":null,"densityCategory":"No data","vulnerabilityRating":"No data","healthRiskLevel":"No data","areaKm2":15.263369,"centerLat":16.547681,"centerLng":121.264619,"geometrySource":"all_barangay-2.csv detailed WKT","geometryMatchMethod":"unique_official_admin_names","boundaryPointCount":10},"geometry":{"type":"MultiPolygon","coordinates":[[[[121.223503,16.555799],[121.288132,16.554529],[121.283638,16.51984],[121.2537,16.5305],[121.235489,16.537491],[121.235443,16.53751],[121.225708,16.5417],[121.225616,16.54311],[121.226021,16.54912],[121.223503,16.555799]]]]}},{"type":"Feature","properties":{"ID_0":177,"ISO":"PHL","NAME_0":"Philippines","ID_1":2050,"NAME_1":"Nueva Vizcaya","ID_2":205003,"NAME_2":"Bagabag","ID_3":205003009,"NAME_3":"San Geronimo","NL_NAME_3":null,"VARNAME_3":null,"TYPE_3":"Barangay","ENGTYPE_3":"Village","PROVINCE":"Nueva Vizcaya","REGION":"Region II (Cagayan Valley)","id":"barangay-0205003009","name":"San Geronimo","barangayCode":"0205003009","population":null,"formattedPop":null,"densityCategory":"No data","vulnerabilityRating":"No data","healthRiskLevel":"No data","areaKm2":0.836358,"centerLat":16.606958,"centerLng":121.248095,"geometrySource":"all_barangay-2.csv detailed WKT","geometryMatchMethod":"unique_official_admin_names","boundaryPointCount":14},"geometry":{"type":"MultiPolygon","coordinates":[[[[121.2547,16.61293],[121.257431,16.611839],[121.256363,16.610609],[121.255783,16.609921],[121.254356,16.607969],[121.253113,16.60626],[121.252586,16.60523],[121.252083,16.604469],[121.25174,16.60318],[121.237419,16.603559],[121.234993,16.60973],[121.229897,16.61697],[121.247993,16.61129],[121.2547,16.61293]]]]}},{"type":"Feature","properties":{"ID_0":177,"ISO":"PHL","NAME_0":"Philippines","ID_1":2050,"NAME_1":"Nueva Vizcaya","ID_2":205003,"NAME_2":"Bagabag","ID_3":205003010,"NAME_3":"San Pedro","NL_NAME_3":null,"VARNAME_3":null,"TYPE_3":"Barangay","ENGTYPE_3":"Village","PROVINCE":"Nueva Vizcaya","REGION":"Region II (Cagayan Valley)","id":"barangay-0205003010","name":"San Pedro","barangayCode":"0205003010","population":null,"formattedPop":null,"densityCategory":"No data","vulnerabilityRating":"No data","healthRiskLevel":"No data","areaKm2":2.336147,"centerLat":16.600991,"centerLng":121.261518,"geometrySource":"all_barangay-2.csv detailed WKT","geometryMatchMethod":"unique_official_admin_names","boundaryPointCount":21},"geometry":{"type":"MultiPolygon","coordinates":[[[[121.268822,16.616579],[121.268478,16.615179],[121.268517,16.6145],[121.269234,16.613171],[121.2696,16.61125],[121.269447,16.60939],[121.269478,16.60778],[121.270409,16.606541],[121.271744,16.60541],[121.272476,16.604361],[121.272491,16.602449],[121.25174,16.60318],[121.252083,16.604469],[121.252586,16.60523],[121.253113,16.60626],[121.254356,16.607969],[121.255783,16.609921],[121.256363,16.610609],[121.257431,16.611839],[121.2547,16.61293],[121.268822,16.616579]]]]}},{"type":"Feature","properties":{"ID_0":177,"ISO":"PHL","NAME_0":"Philippines","ID_1":2050,"NAME_1":"Nueva Vizcaya","ID_2":205003,"NAME_2":"Bagabag","ID_3":205003011,"NAME_3":"Sta. Cruz","NL_NAME_3":null,"VARNAME_3":null,"TYPE_3":"Barangay","ENGTYPE_3":"Village","PROVINCE":"Nueva Vizcaya","REGION":"Region II (Cagayan Valley)","id":"barangay-0205003011","name":"Sta. Cruz","barangayCode":"0205003011","population":null,"formattedPop":null,"densityCategory":"No data","vulnerabilityRating":"No data","healthRiskLevel":"No data","areaKm2":2.965994,"centerLat":16.587851,"centerLng":121.224012,"geometrySource":"all_barangay-2.csv detailed WKT","geometryMatchMethod":"unique_official_admin_names","boundaryPointCount":12},"geometry":{"type":"MultiPolygon","coordinates":[[[[121.237419,16.603559],[121.227867,16.581829],[121.223717,16.57324],[121.216721,16.584949],[121.224693,16.597561],[121.224319,16.599449],[121.230164,16.604111],[121.231567,16.605591],[121.232536,16.60668],[121.233513,16.60774],[121.234993,16.60973],[121.237419,16.603559]]]]}},{"type":"Feature","properties":{"ID_0":177,"ISO":"PHL","NAME_0":"Philippines","ID_1":2050,"NAME_1":"Nueva Vizcaya","ID_2":205003,"NAME_2":"Bagabag","ID_3":205003012,"NAME_3":"Sta. Lucia","NL_NAME_3":null,"VARNAME_3":null,"TYPE_3":"Barangay","ENGTYPE_3":"Village","PROVINCE":"Nueva Vizcaya","REGION":"Region II (Cagayan Valley)","id":"barangay-0205003012","name":"Sta. Lucia","barangayCode":"0205003012","population":null,"formattedPop":null,"densityCategory":"No data","vulnerabilityRating":"No data","healthRiskLevel":"No data","areaKm2":5.920039,"centerLat":16.640603,"centerLng":121.255363,"geometrySource":"all_barangay-2.csv detailed WKT","geometryMatchMethod":"unique_official_admin_names","boundaryPointCount":78},"geometry":{"type":"MultiPolygon","coordinates":[[[[121.288467,16.657841],[121.28846,16.65766],[121.288353,16.656891],[121.288597,16.656],[121.289688,16.654711],[121.291359,16.65358],[121.292122,16.65271],[121.292503,16.651751],[121.293663,16.652031],[121.294434,16.65214],[121.29528,16.651251],[121.296982,16.650299],[121.298973,16.650869],[121.299652,16.65119],[121.300133,16.650789],[121.300133,16.65037],[121.299843,16.650021],[121.299507,16.64949],[121.299683,16.64879],[121.300247,16.647499],[121.301178,16.64642],[121.301193,16.64472],[121.301193,16.64365],[121.272308,16.627041],[121.244469,16.626789],[121.244598,16.62788],[121.244713,16.62958],[121.24511,16.631651],[121.245689,16.632629],[121.247963,16.635099],[121.24971,16.63707],[121.250923,16.638359],[121.251358,16.63899],[121.251549,16.63969],[121.251579,16.64053],[121.251518,16.641689],[121.251404,16.643089],[121.25132,16.644211],[121.250893,16.64496],[121.250633,16.64543],[121.250343,16.646219],[121.251381,16.645861],[121.252968,16.646339],[121.253929,16.64747],[121.254059,16.64892],[121.253563,16.64937],[121.25309,16.649771],[121.252563,16.65019],[121.252731,16.650419],[121.252983,16.651369],[121.253357,16.652069],[121.254112,16.653391],[121.254753,16.65439],[121.255638,16.654409],[121.256851,16.653891],[121.258102,16.6532],[121.259132,16.6528],[121.260742,16.653231],[121.261177,16.654131],[121.262047,16.655569],[121.263123,16.65703],[121.265556,16.65913],[121.267097,16.65991],[121.268692,16.660139],[121.271294,16.66033],[121.272079,16.66116],[121.272774,16.66227],[121.273712,16.664391],[121.274689,16.66596],[121.275993,16.667561],[121.276993,16.66865],[121.278343,16.669359],[121.280319,16.66814],[121.281937,16.665791],[121.283073,16.66357],[121.283569,16.66259],[121.286789,16.659401],[121.288467,16.657841]]]]}},{"type":"Feature","properties":{"ID_0":177,"ISO":"PHL","NAME_0":"Philippines","ID_1":2050,"NAME_1":"Nueva Vizcaya","ID_2":205003,"NAME_2":"Bagabag","ID_3":205003014,"NAME_3":"Tuao North","NL_NAME_3":null,"VARNAME_3":null,"TYPE_3":"Barangay","ENGTYPE_3":"Village","PROVINCE":"Nueva Vizcaya","REGION":"Region II (Cagayan Valley)","id":"barangay-0205003014","name":"Tuao North","barangayCode":"0205003014","population":null,"formattedPop":null,"densityCategory":"No data","vulnerabilityRating":"No data","healthRiskLevel":"No data","areaKm2":5.277841,"centerLat":16.57893,"centerLng":121.247613,"geometrySource":"all_barangay-2.csv detailed WKT","geometryMatchMethod":"unique_official_admin_names","boundaryPointCount":7},"geometry":{"type":"MultiPolygon","coordinates":[[[[121.271156,16.58239],[121.282516,16.58297],[121.285927,16.566111],[121.223579,16.566999],[121.223717,16.57324],[121.227867,16.581829],[121.271156,16.58239]]]]}},{"type":"Feature","properties":{"ID_0":177,"ISO":"PHL","NAME_0":"Philippines","ID_1":2050,"NAME_1":"Nueva Vizcaya","ID_2":205003,"NAME_2":"Bagabag","ID_3":205003015,"NAME_3":"Villa Coloma","NL_NAME_3":null,"VARNAME_3":null,"TYPE_3":"Barangay","ENGTYPE_3":"Village","PROVINCE":"Nueva Vizcaya","REGION":"Region II (Cagayan Valley)","id":"barangay-0205003015","name":"Villa Coloma","barangayCode":"0205003015","population":null,"formattedPop":null,"densityCategory":"No data","vulnerabilityRating":"No data","healthRiskLevel":"No data","areaKm2":6.643565,"centerLat":16.619567,"centerLng":121.256313,"geometrySource":"all_barangay-2.csv detailed WKT","geometryMatchMethod":"unique_official_admin_names","boundaryPointCount":26},"geometry":{"type":"MultiPolygon","coordinates":[[[[121.244469,16.626789],[121.272308,16.627041],[121.301193,16.64365],[121.301376,16.643181],[121.303543,16.64333],[121.305962,16.644011],[121.307693,16.64304],[121.307823,16.64187],[121.307007,16.64081],[121.306473,16.639641],[121.306549,16.638901],[121.307343,16.63756],[121.308807,16.635969],[121.309769,16.635071],[121.31041,16.63385],[121.310333,16.63201],[121.310921,16.63117],[121.311127,16.63051],[121.312202,16.625731],[121.271027,16.61721],[121.268822,16.616579],[121.2547,16.61293],[121.247993,16.61129],[121.229897,16.61697],[121.240997,16.62446],[121.244469,16.626789]]]]}},{"type":"Feature","properties":{"ID_0":177,"ISO":"PHL","NAME_0":"Philippines","ID_1":2050,"NAME_1":"Nueva Vizcaya","ID_2":205003,"NAME_2":"Bagabag","ID_3":205003016,"NAME_3":"Quirino","NL_NAME_3":null,"VARNAME_3":null,"TYPE_3":"Barangay","ENGTYPE_3":"Village","PROVINCE":"Nueva Vizcaya","REGION":"Region II (Cagayan Valley)","id":"barangay-0205003016","name":"Quirino","barangayCode":"0205003016","population":null,"formattedPop":null,"densityCategory":"No data","vulnerabilityRating":"No data","healthRiskLevel":"No data","areaKm2":4.887982,"centerLat":16.593637,"centerLng":121.245318,"geometrySource":"all_barangay-2.csv detailed WKT","geometryMatchMethod":"unique_official_admin_names","boundaryPointCount":17},"geometry":{"type":"MultiPolygon","coordinates":[[[[121.237419,16.603559],[121.25174,16.60318],[121.272491,16.602449],[121.271408,16.601271],[121.271477,16.60059],[121.271553,16.5977],[121.271202,16.596889],[121.270653,16.59572],[121.270737,16.593161],[121.270447,16.59186],[121.269653,16.590191],[121.269272,16.588461],[121.269524,16.586849],[121.270111,16.585239],[121.271156,16.58239],[121.227867,16.581829],[121.237419,16.603559]]]]}},{"type":"Feature","properties":{"ID_0":177,"ISO":"PHL","NAME_0":"Philippines","ID_1":2050,"NAME_1":"Nueva Vizcaya","ID_2":205003,"NAME_2":"Bagabag","ID_3":205003017,"NAME_3":"Villaros","NL_NAME_3":null,"VARNAME_3":null,"TYPE_3":"Barangay","ENGTYPE_3":"Village","PROVINCE":"Nueva Vizcaya","REGION":"Region II (Cagayan Valley)","id":"barangay-0205003017","name":"Villaros","barangayCode":"0205003017","population":null,"formattedPop":null,"densityCategory":"No data","vulnerabilityRating":"No data","healthRiskLevel":"No data","areaKm2":24.796482,"centerLat":16.63059,"centerLng":121.288393,"geometrySource":"all_barangay-2.csv detailed WKT","geometryMatchMethod":"unique_official_admin_names","boundaryPointCount":7},"geometry":{"type":"MultiPolygon","coordinates":[[[[121.312202,16.625731],[121.316452,16.607479],[121.319199,16.601589],[121.321167,16.585039],[121.299538,16.583019],[121.271027,16.61721],[121.312202,16.625731]]]]}},{"type":"Feature","properties":{"ID_0":177,"ISO":"PHL","NAME_0":"Philippines","ID_1":2050,"NAME_1":"Nueva Vizcaya","ID_2":205003,"NAME_2":"Bagabag","ID_3":205003018,"NAME_3":"Tuao South","NL_NAME_3":null,"VARNAME_3":null,"TYPE_3":"Barangay","ENGTYPE_3":"Village","PROVINCE":"Nueva Vizcaya","REGION":"Region II (Cagayan Valley)","id":"barangay-0205003018","name":"Tuao South","barangayCode":"0205003018","population":null,"formattedPop":null,"densityCategory":"No data","vulnerabilityRating":"No data","healthRiskLevel":"No data","areaKm2":10.614474,"centerLat":16.5657,"centerLng":121.249472,"geometrySource":"all_barangay-2.csv detailed WKT","geometryMatchMethod":"unique_official_admin_names","boundaryPointCount":5},"geometry":{"type":"MultiPolygon","coordinates":[[[[121.285927,16.566111],[121.288132,16.554529],[121.223503,16.555799],[121.223579,16.566999],[121.285927,16.566111]]]]}},{"type":"Feature","properties":{"ID_0":177,"ISO":"PHL","NAME_0":"Philippines","ID_1":2050,"NAME_1":"Nueva Vizcaya","ID_2":205004,"NAME_2":"Bambang","ID_3":205004001,"NAME_3":"Abian","NL_NAME_3":null,"VARNAME_3":null,"TYPE_3":"Barangay","ENGTYPE_3":"Village","PROVINCE":"Nueva Vizcaya","REGION":"Region II (Cagayan Valley)","id":"barangay-0205004001","name":"Abian","barangayCode":"0205004001","population":null,"formattedPop":null,"densityCategory":"No data","vulnerabilityRating":"No data","healthRiskLevel":"No data","areaKm2":4.133285,"centerLat":16.429861,"centerLng":121.132483,"geometrySource":"all_barangay-2.csv detailed WKT","geometryMatchMethod":"unique_official_admin_names","boundaryPointCount":26},"geometry":{"type":"MultiPolygon","coordinates":[[[[121.114067,16.441931],[121.144997,16.438141],[121.143806,16.42462],[121.134857,16.417139],[121.117012,16.41732],[121.117363,16.418409],[121.11808,16.41964],[121.119263,16.421221],[121.119797,16.422501],[121.119186,16.42338],[121.117943,16.42403],[121.116241,16.42487],[121.115189,16.42544],[121.114182,16.426081],[121.113731,16.426649],[121.113197,16.42808],[121.1129,16.429461],[121.112823,16.43049],[121.112823,16.432249],[121.113029,16.43375],[121.113197,16.434311],[121.113571,16.435209],[121.114014,16.436359],[121.114349,16.437731],[121.114441,16.438959],[121.114067,16.441931]]]]}},{"type":"Feature","properties":{"ID_0":177,"ISO":"PHL","NAME_0":"Philippines","ID_1":2050,"NAME_1":"Nueva Vizcaya","ID_2":205004,"NAME_2":"Bambang","ID_3":205004002,"NAME_3":"Abinganan","NL_NAME_3":null,"VARNAME_3":null,"TYPE_3":"Barangay","ENGTYPE_3":"Village","PROVINCE":"Nueva Vizcaya","REGION":"Region II (Cagayan Valley)","id":"barangay-0205004002","name":"Abinganan","barangayCode":"0205004002","population":null,"formattedPop":null,"densityCategory":"No data","vulnerabilityRating":"No data","healthRiskLevel":"No data","areaKm2":27.35118,"centerLat":16.417868,"centerLng":121.170364,"geometrySource":"all_barangay-2.csv detailed WKT","geometryMatchMethod":"unique_official_admin_names","boundaryPointCount":14},"geometry":{"type":"MultiPolygon","coordinates":[[[[121.182213,16.43384],[121.215637,16.42906],[121.225868,16.427151],[121.244812,16.42515],[121.255623,16.4251],[121.262306,16.424009],[121.273247,16.415199],[121.206863,16.40346],[121.133614,16.404869],[121.136917,16.410139],[121.134857,16.417139],[121.143806,16.42462],[121.144997,16.438141],[121.182213,16.43384]]]]}},{"type":"Feature","properties":{"ID_0":177,"ISO":"PHL","NAME_0":"Philippines","ID_1":2050,"NAME_1":"Nueva Vizcaya","ID_2":205004,"NAME_2":"Bambang","ID_3":205004003,"NAME_3":"Aliaga","NL_NAME_3":null,"VARNAME_3":null,"TYPE_3":"Barangay","ENGTYPE_3":"Village","PROVINCE":"Nueva Vizcaya","REGION":"Region II (Cagayan Valley)","id":"barangay-0205004003","name":"Aliaga","barangayCode":"0205004003","population":null,"formattedPop":null,"densityCategory":"No data","vulnerabilityRating":"No data","healthRiskLevel":"No data","areaKm2":9.028225,"centerLat":16.369385,"centerLng":121.073678,"geometrySource":"all_barangay-2.csv detailed WKT","geometryMatchMethod":"unique_official_admin_names","boundaryPointCount":31},"geometry":{"type":"MultiPolygon","coordinates":[[[[121.084793,16.376699],[121.085373,16.37566],[121.085442,16.375071],[121.086273,16.37365],[121.087257,16.372549],[121.087624,16.371481],[121.086967,16.37001],[121.086082,16.368561],[121.086037,16.366859],[121.086746,16.36475],[121.087143,16.36301],[121.086639,16.36125],[121.085312,16.359819],[121.083969,16.359119],[121.082657,16.358931],[121.081711,16.359079],[121.080994,16.359091],[121.079391,16.357121],[121.079193,16.35495],[121.078262,16.353621],[121.077087,16.352949],[121.075912,16.35243],[121.074707,16.35218],[121.073601,16.351601],[121.072037,16.35067],[121.070602,16.35042],[121.068626,16.350719],[121.067734,16.35088],[121.067291,16.3508],[121.061073,16.36846],[121.084793,16.376699]]]]}},{"type":"Feature","properties":{"ID_0":177,"ISO":"PHL","NAME_0":"Philippines","ID_1":2050,"NAME_1":"Nueva Vizcaya","ID_2":205004,"NAME_2":"Bambang","ID_3":205004005,"NAME_3":"Almaguer North","NL_NAME_3":null,"VARNAME_3":null,"TYPE_3":"Barangay","ENGTYPE_3":"Village","PROVINCE":"Nueva Vizcaya","REGION":"Region II (Cagayan Valley)","id":"barangay-0205004005","name":"Almaguer North","barangayCode":"0205004005","population":null,"formattedPop":null,"densityCategory":"No data","vulnerabilityRating":"No data","healthRiskLevel":"No data","areaKm2":5.158147,"centerLat":16.368151,"centerLng":121.092966,"geometrySource":"all_barangay-2.csv detailed WKT","geometryMatchMethod":"unique_official_admin_names","boundaryPointCount":23},"geometry":{"type":"MultiPolygon","coordinates":[[[[121.100677,16.37328],[121.106842,16.353861],[121.087967,16.35623],[121.08017,16.35745],[121.079391,16.357121],[121.080994,16.359091],[121.081711,16.359079],[121.082657,16.358931],[121.083969,16.359119],[121.085312,16.359819],[121.086639,16.36125],[121.087143,16.36301],[121.086746,16.36475],[121.086037,16.366859],[121.086082,16.368561],[121.086967,16.37001],[121.087624,16.371481],[121.087257,16.372549],[121.086273,16.37365],[121.085442,16.375071],[121.085373,16.37566],[121.084793,16.376699],[121.100677,16.37328]]]]}},{"type":"Feature","properties":{"ID_0":177,"ISO":"PHL","NAME_0":"Philippines","ID_1":2050,"NAME_1":"Nueva Vizcaya","ID_2":205004,"NAME_2":"Bambang","ID_3":205004006,"NAME_3":"Almaguer South","NL_NAME_3":null,"VARNAME_3":null,"TYPE_3":"Barangay","ENGTYPE_3":"Village","PROVINCE":"Nueva Vizcaya","REGION":"Region II (Cagayan Valley)","id":"barangay-0205004006","name":"Almaguer South","barangayCode":"0205004006","population":null,"formattedPop":null,"densityCategory":"No data","vulnerabilityRating":"No data","healthRiskLevel":"No data","areaKm2":5.669215,"centerLat":16.340578,"centerLng":121.091315,"geometrySource":"all_barangay-2.csv detailed WKT","geometryMatchMethod":"unique_official_admin_names","boundaryPointCount":34},"geometry":{"type":"MultiPolygon","coordinates":[[[[121.106842,16.353861],[121.10759,16.33279],[121.098289,16.332331],[121.087044,16.32967],[121.086197,16.33078],[121.086617,16.3314],[121.087914,16.33201],[121.089767,16.33238],[121.09111,16.3326],[121.092453,16.33304],[121.093742,16.33404],[121.09417,16.33497],[121.09388,16.33606],[121.09301,16.336611],[121.091629,16.33675],[121.089577,16.337259],[121.089073,16.3388],[121.089798,16.340981],[121.090408,16.342939],[121.090698,16.345341],[121.090973,16.34753],[121.091057,16.34943],[121.090317,16.35108],[121.088676,16.35124],[121.086937,16.35071],[121.085159,16.350349],[121.083862,16.350439],[121.083389,16.351009],[121.083366,16.35161],[121.08474,16.352671],[121.086823,16.354111],[121.087624,16.355181],[121.087967,16.35623],[121.106842,16.353861]]]]}},{"type":"Feature","properties":{"ID_0":177,"ISO":"PHL","NAME_0":"Philippines","ID_1":2050,"NAME_1":"Nueva Vizcaya","ID_2":205004,"NAME_2":"Bambang","ID_3":205004007,"NAME_3":"Banggot","NL_NAME_3":null,"VARNAME_3":null,"TYPE_3":"Barangay","ENGTYPE_3":"Village","PROVINCE":"Nueva Vizcaya","REGION":"Region II (Cagayan Valley)","id":"barangay-0205004007","name":"Banggot","barangayCode":"0205004007","population":null,"formattedPop":null,"densityCategory":"No data","vulnerabilityRating":"No data","healthRiskLevel":"No data","areaKm2":0.600905,"centerLat":16.384619,"centerLng":121.109412,"geometrySource":"all_barangay-2.csv detailed WKT","geometryMatchMethod":"unique_official_admin_names","boundaryPointCount":5},"geometry":{"type":"MultiPolygon","coordinates":[[[[121.100121,16.393999],[121.111603,16.39613],[121.11821,16.386169],[121.100418,16.38615],[121.100121,16.393999]]]]}},{"type":"Feature","properties":{"ID_0":177,"ISO":"PHL","NAME_0":"Philippines","ID_1":2050,"NAME_1":"Nueva Vizcaya","ID_2":205004,"NAME_2":"Bambang","ID_3":205004008,"NAME_3":"Barat","NL_NAME_3":null,"VARNAME_3":null,"TYPE_3":"Barangay","ENGTYPE_3":"Village","PROVINCE":"Nueva Vizcaya","REGION":"Region II (Cagayan Valley)","id":"barangay-0205004008","name":"Barat","barangayCode":"0205004008","population":null,"formattedPop":null,"densityCategory":"No data","vulnerabilityRating":"No data","healthRiskLevel":"No data","areaKm2":5.623663,"centerLat":16.376345,"centerLng":121.055019,"geometrySource":"all_barangay-2.csv detailed WKT","geometryMatchMethod":"unique_official_admin_names","boundaryPointCount":27},"geometry":{"type":"MultiPolygon","coordinates":[[[[121.032356,16.428909],[121.035919,16.422979],[121.041321,16.412201],[121.051178,16.396839],[121.05426,16.39333],[121.058098,16.390961],[121.059479,16.389521],[121.061508,16.38895],[121.06427,16.38883],[121.067039,16.3894],[121.069687,16.391029],[121.072021,16.39216],[121.074982,16.39292],[121.077759,16.393579],[121.079453,16.394421],[121.08033,16.395861],[121.081169,16.397791],[121.08223,16.39966],[121.083511,16.40093],[121.085182,16.40234],[121.08503,16.3927],[121.084793,16.376699],[121.061073,16.36846],[121.044838,16.365129],[121.043991,16.3885],[121.032188,16.40251],[121.032356,16.428909]]]]}},{"type":"Feature","properties":{"ID_0":177,"ISO":"PHL","NAME_0":"Philippines","ID_1":2050,"NAME_1":"Nueva Vizcaya","ID_2":205004,"NAME_2":"Bambang","ID_3":205004009,"NAME_3":"Buag","NL_NAME_3":null,"VARNAME_3":null,"TYPE_3":"Barangay","ENGTYPE_3":"Village","PROVINCE":"Nueva Vizcaya","REGION":"Region II (Cagayan Valley)","id":"barangay-0205004009","name":"Buag","barangayCode":"0205004009","population":null,"formattedPop":null,"densityCategory":"No data","vulnerabilityRating":"No data","healthRiskLevel":"No data","areaKm2":1.023255,"centerLat":16.383227,"centerLng":121.100337,"geometrySource":"all_barangay-2.csv detailed WKT","geometryMatchMethod":"unique_official_admin_names","boundaryPointCount":5},"geometry":{"type":"MultiPolygon","coordinates":[[[[121.11821,16.386169],[121.110741,16.371861],[121.100677,16.37328],[121.100418,16.38615],[121.11821,16.386169]]]]}},{"type":"Feature","properties":{"ID_0":177,"ISO":"PHL","NAME_0":"Philippines","ID_1":2050,"NAME_1":"Nueva Vizcaya","ID_2":205004,"NAME_2":"Bambang","ID_3":205004010,"NAME_3":"Calaocan","NL_NAME_3":null,"VARNAME_3":null,"TYPE_3":"Barangay","ENGTYPE_3":"Village","PROVINCE":"Nueva Vizcaya","REGION":"Region II (Cagayan Valley)","id":"barangay-0205004010","name":"Calaocan","barangayCode":"0205004010","population":null,"formattedPop":null,"densityCategory":"No data","vulnerabilityRating":"No data","healthRiskLevel":"No data","areaKm2":1.863596,"centerLat":16.392378,"centerLng":121.116402,"geometrySource":"all_barangay-2.csv detailed WKT","geometryMatchMethod":"unique_official_admin_names","boundaryPointCount":12},"geometry":{"type":"MultiPolygon","coordinates":[[[[121.099701,16.406191],[121.100121,16.393999],[121.08503,16.3927],[121.085182,16.40234],[121.087082,16.403669],[121.088219,16.403681],[121.089737,16.40312],[121.091629,16.40271],[121.093964,16.402809],[121.096512,16.40373],[121.09832,16.404961],[121.099701,16.406191]]]]}},{"type":"Feature","properties":{"ID_0":177,"ISO":"PHL","NAME_0":"Philippines","ID_1":2050,"NAME_1":"Nueva Vizcaya","ID_2":205004,"NAME_2":"Bambang","ID_3":205004011,"NAME_3":"Dullao","NL_NAME_3":null,"VARNAME_3":null,"TYPE_3":"Barangay","ENGTYPE_3":"Village","PROVINCE":"Nueva Vizcaya","REGION":"Region II (Cagayan Valley)","id":"barangay-0205004011","name":"Dullao","barangayCode":"0205004011","population":null,"formattedPop":null,"densityCategory":"No data","vulnerabilityRating":"No data","healthRiskLevel":"No data","areaKm2":23.879659,"centerLat":16.355714,"centerLng":121.14819,"geometrySource":"all_barangay-2.csv detailed WKT","geometryMatchMethod":"unique_official_admin_names","boundaryPointCount":29},"geometry":{"type":"MultiPolygon","coordinates":[[[[121.160538,16.37208],[121.160957,16.37151],[121.161339,16.37108],[121.16291,16.37055],[121.164574,16.370331],[121.166191,16.370581],[121.166733,16.370951],[121.167397,16.371929],[121.167686,16.37248],[121.168541,16.37253],[121.16925,16.371031],[121.170097,16.369341],[121.17186,16.36763],[121.17321,16.36714],[121.174492,16.36668],[121.175041,16.366289],[121.175262,16.365511],[121.174454,16.36537],[121.172836,16.365191],[121.171989,16.36455],[121.172623,16.36278],[121.172989,16.361549],[121.173424,16.360399],[121.173637,16.359501],[121.173103,16.35807],[121.128853,16.35556],[121.127609,16.368099],[121.1287,16.370581],[121.160538,16.37208]]]]}},{"type":"Feature","properties":{"ID_0":177,"ISO":"PHL","NAME_0":"Philippines","ID_1":2050,"NAME_1":"Nueva Vizcaya","ID_2":205004,"NAME_2":"Bambang","ID_3":205004012,"NAME_3":"Homestead","NL_NAME_3":null,"VARNAME_3":null,"TYPE_3":"Barangay","ENGTYPE_3":"Village","PROVINCE":"Nueva Vizcaya","REGION":"Region II (Cagayan Valley)","id":"barangay-0205004012","name":"Homestead","barangayCode":"0205004012","population":null,"formattedPop":null,"densityCategory":"No data","vulnerabilityRating":"No data","healthRiskLevel":"No data","areaKm2":1.421497,"centerLat":16.392677,"centerLng":121.105852,"geometrySource":"all_barangay-2.csv detailed WKT","geometryMatchMethod":"unique_official_admin_names","boundaryPointCount":13},"geometry":{"type":"MultiPolygon","coordinates":[[[[121.111847,16.410089],[121.111649,16.404449],[121.111603,16.39613],[121.100121,16.393999],[121.099701,16.406191],[121.100639,16.40667],[121.102074,16.40737],[121.103233,16.407539],[121.104462,16.407181],[121.106171,16.40696],[121.107903,16.407379],[121.109688,16.40836],[121.111847,16.410089]]]]}},{"type":"Feature","properties":{"ID_0":177,"ISO":"PHL","NAME_0":"Philippines","ID_1":2050,"NAME_1":"Nueva Vizcaya","ID_2":205004,"NAME_2":"Bambang","ID_3":205004013,"NAME_3":"Indiana","NL_NAME_3":null,"VARNAME_3":null,"TYPE_3":"Barangay","ENGTYPE_3":"Village","PROVINCE":"Nueva Vizcaya","REGION":"Region II (Cagayan Valley)","id":"barangay-0205004013","name":"Indiana","barangayCode":"0205004013","population":null,"formattedPop":null,"densityCategory":"No data","vulnerabilityRating":"No data","healthRiskLevel":"No data","areaKm2":8.578909,"centerLat":16.339704,"centerLng":121.066521,"geometrySource":"all_barangay-2.csv detailed WKT","geometryMatchMethod":"unique_official_admin_names","boundaryPointCount":72},"geometry":{"type":"MultiPolygon","coordinates":[[[[121.087967,16.35623],[121.087624,16.355181],[121.086823,16.354111],[121.08474,16.352671],[121.083366,16.35161],[121.083389,16.351009],[121.083862,16.350439],[121.085159,16.350349],[121.086937,16.35071],[121.088676,16.35124],[121.090317,16.35108],[121.091057,16.34943],[121.090973,16.34753],[121.090698,16.345341],[121.090408,16.342939],[121.089798,16.340981],[121.089073,16.3388],[121.089577,16.337259],[121.091629,16.33675],[121.09301,16.336611],[121.09388,16.33606],[121.09417,16.33497],[121.093742,16.33404],[121.092453,16.33304],[121.09111,16.3326],[121.089767,16.33238],[121.087914,16.33201],[121.086617,16.3314],[121.086197,16.33078],[121.087044,16.32967],[121.057129,16.3298],[121.055069,16.329041],[121.054901,16.328991],[121.053322,16.32902],[121.052116,16.329571],[121.050987,16.32955],[121.050323,16.328421],[121.049667,16.32815],[121.047661,16.32852],[121.04673,16.328449],[121.045509,16.327921],[121.045097,16.32774],[121.043472,16.32744],[121.039711,16.33049],[121.047173,16.342291],[121.047859,16.342369],[121.0494,16.342079],[121.051628,16.341761],[121.053284,16.342159],[121.054123,16.343281],[121.055367,16.34371],[121.056557,16.343361],[121.058342,16.343821],[121.060097,16.345051],[121.0616,16.345869],[121.063469,16.34734],[121.064529,16.34951],[121.065178,16.349779],[121.067291,16.3508],[121.067734,16.35088],[121.068626,16.350719],[121.070602,16.35042],[121.072037,16.35067],[121.073601,16.351601],[121.074707,16.35218],[121.075912,16.35243],[121.077087,16.352949],[121.078262,16.353621],[121.079193,16.35495],[121.079391,16.357121],[121.08017,16.35745],[121.087967,16.35623]]]]}},{"type":"Feature","properties":{"ID_0":177,"ISO":"PHL","NAME_0":"Philippines","ID_1":2050,"NAME_1":"Nueva Vizcaya","ID_2":205004,"NAME_2":"Bambang","ID_3":205004014,"NAME_3":"Mabuslo","NL_NAME_3":null,"VARNAME_3":null,"TYPE_3":"Barangay","ENGTYPE_3":"Village","PROVINCE":"Nueva Vizcaya","REGION":"Region II (Cagayan Valley)","id":"barangay-0205004014","name":"Mabuslo","barangayCode":"0205004014","population":null,"formattedPop":null,"densityCategory":"No data","vulnerabilityRating":"No data","healthRiskLevel":"No data","areaKm2":8.881067,"centerLat":16.390126,"centerLng":121.170694,"geometrySource":"all_barangay-2.csv detailed WKT","geometryMatchMethod":"unique_official_admin_names","boundaryPointCount":36},"geometry":{"type":"MultiPolygon","coordinates":[[[[121.273247,16.415199],[121.290657,16.3999],[121.2369,16.37005],[121.181282,16.339239],[121.176941,16.345699],[121.177017,16.347589],[121.173424,16.35684],[121.173103,16.35807],[121.173637,16.359501],[121.173424,16.360399],[121.172989,16.361549],[121.172623,16.36278],[121.171989,16.36455],[121.172836,16.365191],[121.174454,16.36537],[121.175262,16.365511],[121.175041,16.366289],[121.174492,16.36668],[121.17321,16.36714],[121.17186,16.36763],[121.170097,16.369341],[121.16925,16.371031],[121.168541,16.37253],[121.167686,16.37248],[121.167397,16.371929],[121.166733,16.370951],[121.166191,16.370581],[121.164574,16.370331],[121.16291,16.37055],[121.161339,16.37108],[121.160957,16.37151],[121.160538,16.37208],[121.191002,16.381849],[121.206818,16.400391],[121.206863,16.40346],[121.273247,16.415199]]]]}},{"type":"Feature","properties":{"ID_0":177,"ISO":"PHL","NAME_0":"Philippines","ID_1":2050,"NAME_1":"Nueva Vizcaya","ID_2":205004,"NAME_2":"Bambang","ID_3":205004015,"NAME_3":"Macate","NL_NAME_3":null,"VARNAME_3":null,"TYPE_3":"Barangay","ENGTYPE_3":"Village","PROVINCE":"Nueva Vizcaya","REGION":"Region II (Cagayan Valley)","id":"barangay-0205004015","name":"Macate","barangayCode":"0205004015","population":null,"formattedPop":null,"densityCategory":"No data","vulnerabilityRating":"No data","healthRiskLevel":"No data","areaKm2":4.965158,"centerLat":16.412897,"centerLng":121.118869,"geometrySource":"all_barangay-2.csv detailed WKT","geometryMatchMethod":"unique_official_admin_names","boundaryPointCount":11},"geometry":{"type":"MultiPolygon","coordinates":[[[[121.134857,16.417139],[121.136917,16.410139],[121.133614,16.404869],[121.111649,16.404449],[121.111847,16.410089],[121.11203,16.41032],[121.113068,16.411699],[121.115089,16.41424],[121.11676,16.41675],[121.117012,16.41732],[121.134857,16.417139]]]]}},{"type":"Feature","properties":{"ID_0":177,"ISO":"PHL","NAME_0":"Philippines","ID_1":2050,"NAME_1":"Nueva Vizcaya","ID_2":205004,"NAME_2":"Bambang","ID_3":205004016,"NAME_3":"Manamtam","NL_NAME_3":null,"VARNAME_3":null,"TYPE_3":"Barangay","ENGTYPE_3":"Village","PROVINCE":"Nueva Vizcaya","REGION":"Region II (Cagayan Valley)","id":"barangay-0205004016","name":"Manamtam","barangayCode":"0205004016","population":null,"formattedPop":null,"densityCategory":"No data","vulnerabilityRating":"No data","healthRiskLevel":"No data","areaKm2":8.707285,"centerLat":16.405842,"centerLng":121.066201,"geometrySource":"all_barangay-2.csv detailed WKT","geometryMatchMethod":"unique_official_admin_names","boundaryPointCount":33},"geometry":{"type":"MultiPolygon","coordinates":[[[[121.0672,16.434811],[121.077606,16.420481],[121.083191,16.413441],[121.090584,16.40877],[121.099701,16.406191],[121.09832,16.404961],[121.096512,16.40373],[121.093964,16.402809],[121.091629,16.40271],[121.089737,16.40312],[121.088219,16.403681],[121.087082,16.403669],[121.085182,16.40234],[121.083511,16.40093],[121.08223,16.39966],[121.081169,16.397791],[121.08033,16.395861],[121.079453,16.394421],[121.077759,16.393579],[121.074982,16.39292],[121.072021,16.39216],[121.069687,16.391029],[121.067039,16.3894],[121.06427,16.38883],[121.061508,16.38895],[121.059479,16.389521],[121.058098,16.390961],[121.05426,16.39333],[121.051178,16.396839],[121.041321,16.412201],[121.035919,16.422979],[121.032356,16.428909],[121.0672,16.434811]]]]}},{"type":"Feature","properties":{"ID_0":177,"ISO":"PHL","NAME_0":"Philippines","ID_1":2050,"NAME_1":"Nueva Vizcaya","ID_2":205004,"NAME_2":"Bambang","ID_3":205004017,"NAME_3":"Mauan","NL_NAME_3":null,"VARNAME_3":null,"TYPE_3":"Barangay","ENGTYPE_3":"Village","PROVINCE":"Nueva Vizcaya","REGION":"Region II (Cagayan Valley)","id":"barangay-0205004017","name":"Mauan","barangayCode":"0205004017","population":null,"formattedPop":null,"densityCategory":"No data","vulnerabilityRating":"No data","healthRiskLevel":"No data","areaKm2":11.132441,"centerLat":16.349678,"centerLng":121.040464,"geometrySource":"all_barangay-2.csv detailed WKT","geometryMatchMethod":"unique_official_admin_names","boundaryPointCount":21},"geometry":{"type":"MultiPolygon","coordinates":[[[[121.044838,16.365129],[121.061073,16.36846],[121.067291,16.3508],[121.065178,16.349779],[121.064529,16.34951],[121.063469,16.34734],[121.0616,16.345869],[121.060097,16.345051],[121.058342,16.343821],[121.056557,16.343361],[121.055367,16.34371],[121.054123,16.343281],[121.053284,16.342159],[121.051628,16.341761],[121.0494,16.342079],[121.047859,16.342369],[121.047173,16.342291],[121.039711,16.33049],[121.023209,16.34561],[121.045311,16.35894],[121.044838,16.365129]]]]}},{"type":"Feature","properties":{"ID_0":177,"ISO":"PHL","NAME_0":"Philippines","ID_1":2050,"NAME_1":"Nueva Vizcaya","ID_2":205004,"NAME_2":"Bambang","ID_3":205004018,"NAME_3":"Salinas","NL_NAME_3":null,"VARNAME_3":null,"TYPE_3":"Barangay","ENGTYPE_3":"Village","PROVINCE":"Nueva Vizcaya","REGION":"Region II (Cagayan Valley)","id":"barangay-0205004018","name":"Salinas","barangayCode":"0205004018","population":null,"formattedPop":null,"densityCategory":"No data","vulnerabilityRating":"No data","healthRiskLevel":"No data","areaKm2":15.643329,"centerLat":16.369536,"centerLng":121.015562,"geometrySource":"all_barangay-2.csv detailed WKT","geometryMatchMethod":"unique_official_admin_names","boundaryPointCount":9},"geometry":{"type":"MultiPolygon","coordinates":[[[[120.97242,16.392851],[121.032188,16.40251],[121.043991,16.3885],[121.044838,16.365129],[121.045311,16.35894],[121.023209,16.34561],[121.012917,16.357491],[120.997887,16.36813],[120.97242,16.392851]]]]}},{"type":"Feature","properties":{"ID_0":177,"ISO":"PHL","NAME_0":"Philippines","ID_1":2050,"NAME_1":"Nueva Vizcaya","ID_2":205004,"NAME_2":"Bambang","ID_3":205004020,"NAME_3":"San Antonio North","NL_NAME_3":null,"VARNAME_3":null,"TYPE_3":"Barangay","ENGTYPE_3":"Village","PROVINCE":"Nueva Vizcaya","REGION":"Region II (Cagayan Valley)","id":"barangay-0205004020","name":"San Antonio North","barangayCode":"0205004020","population":null,"formattedPop":null,"densityCategory":"No data","vulnerabilityRating":"No data","healthRiskLevel":"No data","areaKm2":4.968982,"centerLat":16.363015,"centerLng":121.114202,"geometrySource":"all_barangay-2.csv detailed WKT","geometryMatchMethod":"unique_official_admin_names","boundaryPointCount":8},"geometry":{"type":"MultiPolygon","coordinates":[[[[121.110741,16.371861],[121.121368,16.37281],[121.1287,16.370581],[121.127609,16.368099],[121.128853,16.35556],[121.106842,16.353861],[121.100677,16.37328],[121.110741,16.371861]]]]}},{"type":"Feature","properties":{"ID_0":177,"ISO":"PHL","NAME_0":"Philippines","ID_1":2050,"NAME_1":"Nueva Vizcaya","ID_2":205004,"NAME_2":"Bambang","ID_3":205004021,"NAME_3":"San Antonio South","NL_NAME_3":null,"VARNAME_3":null,"TYPE_3":"Barangay","ENGTYPE_3":"Village","PROVINCE":"Nueva Vizcaya","REGION":"Region II (Cagayan Valley)","id":"barangay-0205004021","name":"San Antonio South","barangayCode":"0205004021","population":null,"formattedPop":null,"densityCategory":"No data","vulnerabilityRating":"No data","healthRiskLevel":"No data","areaKm2":4.442664,"centerLat":16.347861,"centerLng":121.111734,"geometrySource":"all_barangay-2.csv detailed WKT","geometryMatchMethod":"unique_official_admin_names","boundaryPointCount":10},"geometry":{"type":"MultiPolygon","coordinates":[[[[121.128853,16.35556],[121.173103,16.35807],[121.173424,16.35684],[121.177017,16.347589],[121.176941,16.345699],[121.181282,16.339239],[121.132111,16.334459],[121.10759,16.33279],[121.106842,16.353861],[121.128853,16.35556]]]]}},{"type":"Feature","properties":{"ID_0":177,"ISO":"PHL","NAME_0":"Philippines","ID_1":2050,"NAME_1":"Nueva Vizcaya","ID_2":205004,"NAME_2":"Bambang","ID_3":205004022,"NAME_3":"San Fernando","NL_NAME_3":null,"VARNAME_3":null,"TYPE_3":"Barangay","ENGTYPE_3":"Village","PROVINCE":"Nueva Vizcaya","REGION":"Region II (Cagayan Valley)","id":"barangay-0205004022","name":"San Fernando","barangayCode":"0205004022","population":null,"formattedPop":null,"densityCategory":"No data","vulnerabilityRating":"No data","healthRiskLevel":"No data","areaKm2":9.140706,"centerLat":16.389933,"centerLng":121.142103,"geometrySource":"all_barangay-2.csv detailed WKT","geometryMatchMethod":"unique_official_admin_names","boundaryPointCount":12},"geometry":{"type":"MultiPolygon","coordinates":[[[[121.133614,16.404869],[121.206863,16.40346],[121.206818,16.400391],[121.191002,16.381849],[121.160538,16.37208],[121.1287,16.370581],[121.121368,16.37281],[121.110741,16.371861],[121.11821,16.386169],[121.111603,16.39613],[121.111649,16.404449],[121.133614,16.404869]]]]}},{"type":"Feature","properties":{"ID_0":177,"ISO":"PHL","NAME_0":"Philippines","ID_1":2050,"NAME_1":"Nueva Vizcaya","ID_2":205004,"NAME_2":"Bambang","ID_3":205004023,"NAME_3":"San Leonardo","NL_NAME_3":null,"VARNAME_3":null,"TYPE_3":"Barangay","ENGTYPE_3":"Village","PROVINCE":"Nueva Vizcaya","REGION":"Region II (Cagayan Valley)","id":"barangay-0205004023","name":"San Leonardo","barangayCode":"0205004023","population":null,"formattedPop":null,"densityCategory":"No data","vulnerabilityRating":"No data","healthRiskLevel":"No data","areaKm2":4.717533,"centerLat":16.393561,"centerLng":121.088164,"geometrySource":"all_barangay-2.csv detailed WKT","geometryMatchMethod":"unique_official_admin_names","boundaryPointCount":6},"geometry":{"type":"MultiPolygon","coordinates":[[[[121.100121,16.393999],[121.100418,16.38615],[121.100677,16.37328],[121.084793,16.376699],[121.08503,16.3927],[121.100121,16.393999]]]]}},{"type":"Feature","properties":{"ID_0":177,"ISO":"PHL","NAME_0":"Philippines","ID_1":2050,"NAME_1":"Nueva Vizcaya","ID_2":205004,"NAME_2":"Bambang","ID_3":205004024,"NAME_3":"Santo Domingo","NL_NAME_3":null,"VARNAME_3":null,"TYPE_3":"Barangay","ENGTYPE_3":"Village","PROVINCE":"Nueva Vizcaya","REGION":"Region II (Cagayan Valley)","id":"barangay-0205004024","name":"Santo Domingo","barangayCode":"0205004024","population":null,"formattedPop":null,"densityCategory":"No data","vulnerabilityRating":"No data","healthRiskLevel":"No data","areaKm2":10.843905,"centerLat":16.416142,"centerLng":121.097707,"geometrySource":"all_barangay-2.csv detailed WKT","geometryMatchMethod":"unique_official_admin_names","boundaryPointCount":35},"geometry":{"type":"MultiPolygon","coordinates":[[[[121.113029,16.43375],[121.112823,16.432249],[121.112823,16.43049],[121.1129,16.429461],[121.113197,16.42808],[121.113731,16.426649],[121.114182,16.426081],[121.115189,16.42544],[121.116241,16.42487],[121.117943,16.42403],[121.119186,16.42338],[121.119797,16.422501],[121.119263,16.421221],[121.11808,16.41964],[121.117363,16.418409],[121.117012,16.41732],[121.11676,16.41675],[121.115089,16.41424],[121.113068,16.411699],[121.11203,16.41032],[121.111847,16.410089],[121.109688,16.40836],[121.107903,16.407379],[121.106171,16.40696],[121.104462,16.407181],[121.103233,16.407539],[121.102074,16.40737],[121.100639,16.40667],[121.099701,16.406191],[121.090584,16.40877],[121.083191,16.413441],[121.077606,16.420481],[121.0672,16.434811],[121.091209,16.434641],[121.113029,16.43375]]]]}},{"type":"Feature","properties":{"ID_0":177,"ISO":"PHL","NAME_0":"Philippines","ID_1":2050,"NAME_1":"Nueva Vizcaya","ID_2":205004,"NAME_2":"Bambang","ID_3":205004025,"NAME_3":"Pallas","NL_NAME_3":null,"VARNAME_3":null,"TYPE_3":"Barangay","ENGTYPE_3":"Village","PROVINCE":"Nueva Vizcaya","REGION":"Region II (Cagayan Valley)","id":"barangay-0205004025","name":"Pallas","barangayCode":"0205004025","population":null,"formattedPop":null,"densityCategory":"No data","vulnerabilityRating":"No data","healthRiskLevel":"No data","areaKm2":39.429092,"centerLat":16.413212,"centerLng":121.030575,"geometrySource":"all_barangay-2.csv detailed WKT","geometryMatchMethod":"unique_official_admin_names","boundaryPointCount":7},"geometry":{"type":"MultiPolygon","coordinates":[[[[121.032417,16.45219],[121.032356,16.428909],[121.032188,16.40251],[120.97242,16.392851],[121.001053,16.437901],[121.027908,16.45289],[121.032417,16.45219]]]]}},{"type":"Feature","properties":{"ID_0":177,"ISO":"PHL","NAME_0":"Philippines","ID_1":2050,"NAME_1":"Nueva Vizcaya","ID_2":205004,"NAME_2":"Bambang","ID_3":205004026,"NAME_3":"Magsaysay Hills","NL_NAME_3":null,"VARNAME_3":null,"TYPE_3":"Barangay","ENGTYPE_3":"Village","PROVINCE":"Nueva Vizcaya","REGION":"Region II (Cagayan Valley)","id":"barangay-0205004026","name":"Magsaysay Hills","barangayCode":"0205004026","population":null,"formattedPop":null,"densityCategory":"No data","vulnerabilityRating":"No data","healthRiskLevel":"No data","areaKm2":2.853668,"centerLat":16.37723,"centerLng":121.115042,"geometrySource":"all_barangay-2.csv detailed WKT","geometryMatchMethod":"unique_official_admin_names","boundaryPointCount":11},"geometry":{"type":"MultiPolygon","coordinates":[[[[121.114067,16.441931],[121.114441,16.438959],[121.114349,16.437731],[121.114014,16.436359],[121.113571,16.435209],[121.113197,16.434311],[121.113029,16.43375],[121.091209,16.434641],[121.0672,16.434811],[121.069687,16.447371],[121.114067,16.441931]]]]}},{"type":"Feature","properties":{"ID_0":177,"ISO":"PHL","NAME_0":"Philippines","ID_1":2050,"NAME_1":"Nueva Vizcaya","ID_2":205004,"NAME_2":"Bambang","ID_3":205004027,"NAME_3":"Santo Domingo West","NL_NAME_3":null,"VARNAME_3":null,"TYPE_3":"Barangay","ENGTYPE_3":"Village","PROVINCE":"Nueva Vizcaya","REGION":"Region II (Cagayan Valley)","id":"barangay-0205004027","name":"Santo Domingo West","barangayCode":"0205004027","population":null,"formattedPop":null,"densityCategory":"No data","vulnerabilityRating":"No data","healthRiskLevel":"No data","areaKm2":9.745547,"centerLat":16.432598,"centerLng":121.072623,"geometrySource":"all_barangay-2.csv detailed WKT","geometryMatchMethod":"unique_official_admin_names","boundaryPointCount":5},"geometry":{"type":"MultiPolygon","coordinates":[[[[121.069687,16.447371],[121.0672,16.434811],[121.032356,16.428909],[121.032417,16.45219],[121.069687,16.447371]]]]}},{"type":"Feature","properties":{"ID_0":177,"ISO":"PHL","NAME_0":"Philippines","ID_1":2050,"NAME_1":"Nueva Vizcaya","ID_2":205005,"NAME_2":"Bayombong (Capital)","ID_3":205005001,"NAME_3":"Bonfal East","NL_NAME_3":null,"VARNAME_3":null,"TYPE_3":"Barangay","ENGTYPE_3":"Village","PROVINCE":"Nueva Vizcaya","REGION":"Region II (Cagayan Valley)","id":"barangay-0205005001","name":"Bonfal East","barangayCode":"0205005001","population":null,"formattedPop":null,"densityCategory":"No data","vulnerabilityRating":"No data","healthRiskLevel":"No data","areaKm2":21.086166,"centerLat":16.462378,"centerLng":121.20384,"geometrySource":"all_barangay-2.csv detailed WKT","geometryMatchMethod":"psgc_coordinate_bridge","boundaryPointCount":54},"geometry":{"type":"MultiPolygon","coordinates":[[[[121.17086,16.49943],[121.183609,16.499149],[121.184647,16.497869],[121.191643,16.489269],[121.192734,16.486509],[121.234299,16.45392],[121.236847,16.442659],[121.225868,16.427151],[121.215637,16.42906],[121.216911,16.43289],[121.216599,16.43466],[121.216179,16.436081],[121.214928,16.436489],[121.212517,16.436621],[121.210091,16.43858],[121.207733,16.441099],[121.205688,16.442921],[121.20472,16.444111],[121.204376,16.44482],[121.203239,16.446051],[121.201843,16.447571],[121.201118,16.45047],[121.199867,16.452339],[121.198433,16.453979],[121.197487,16.45565],[121.197258,16.456169],[121.196907,16.45715],[121.196564,16.459],[121.195992,16.46117],[121.194763,16.463249],[121.193237,16.464621],[121.190941,16.46546],[121.188477,16.466681],[121.188133,16.468161],[121.188248,16.46924],[121.18821,16.46957],[121.187897,16.47051],[121.186729,16.470791],[121.185219,16.470671],[121.183983,16.471861],[121.182487,16.47415],[121.181259,16.476351],[121.180717,16.478161],[121.180237,16.479561],[121.178833,16.48052],[121.17672,16.48111],[121.175011,16.48205],[121.173882,16.483141],[121.172882,16.483709],[121.172493,16.48382],[121.172096,16.483641],[121.171249,16.485081],[121.170029,16.486019],[121.17086,16.49943]]]]}},{"type":"Feature","properties":{"ID_0":177,"ISO":"PHL","NAME_0":"Philippines","ID_1":2050,"NAME_1":"Nueva Vizcaya","ID_2":205005,"NAME_2":"Bayombong (Capital)","ID_3":205005002,"NAME_3":"Bonfal Proper","NL_NAME_3":null,"VARNAME_3":null,"TYPE_3":"Barangay","ENGTYPE_3":"Village","PROVINCE":"Nueva Vizcaya","REGION":"Region II (Cagayan Valley)","id":"barangay-0205005002","name":"Bonfal Proper","barangayCode":"0205005002","population":null,"formattedPop":null,"densityCategory":"No data","vulnerabilityRating":"No data","healthRiskLevel":"No data","areaKm2":4.228352,"centerLat":16.50272,"centerLng":121.178651,"geometrySource":"all_barangay-2.csv detailed WKT","geometryMatchMethod":"psgc_coordinate_bridge","boundaryPointCount":8},"geometry":{"type":"MultiPolygon","coordinates":[[[[121.177094,16.508249],[121.183609,16.499149],[121.17086,16.49943],[121.154213,16.500151],[121.155006,16.505899],[121.156448,16.508221],[121.161293,16.513861],[121.177094,16.508249]]]]}},{"type":"Feature","properties":{"ID_0":177,"ISO":"PHL","NAME_0":"Philippines","ID_1":2050,"NAME_1":"Nueva Vizcaya","ID_2":205005,"NAME_2":"Bayombong (Capital)","ID_3":205005003,"NAME_3":"Bonfal West","NL_NAME_3":null,"VARNAME_3":null,"TYPE_3":"Barangay","ENGTYPE_3":"Village","PROVINCE":"Nueva Vizcaya","REGION":"Region II (Cagayan Valley)","id":"barangay-0205005003","name":"Bonfal West","barangayCode":"0205005003","population":null,"formattedPop":null,"densityCategory":"No data","vulnerabilityRating":"No data","healthRiskLevel":"No data","areaKm2":2.303946,"centerLat":16.500654,"centerLng":121.163839,"geometrySource":"all_barangay-2.csv detailed WKT","geometryMatchMethod":"psgc_coordinate_bridge","boundaryPointCount":17},"geometry":{"type":"MultiPolygon","coordinates":[[[[121.17086,16.49943],[121.170029,16.486019],[121.171249,16.485081],[121.172096,16.483641],[121.171059,16.48292],[121.16909,16.482559],[121.167862,16.482309],[121.165863,16.480961],[121.163803,16.480801],[121.16111,16.485821],[121.160316,16.48731],[121.15976,16.488211],[121.159409,16.488951],[121.158287,16.49095],[121.154823,16.49741],[121.154213,16.500151],[121.17086,16.49943]]]]}},{"type":"Feature","properties":{"ID_0":177,"ISO":"PHL","NAME_0":"Philippines","ID_1":2050,"NAME_1":"Nueva Vizcaya","ID_2":205005,"NAME_2":"Bayombong (Capital)","ID_3":205005004,"NAME_3":"Buenavista","NL_NAME_3":null,"VARNAME_3":null,"TYPE_3":"Barangay","ENGTYPE_3":"Village","PROVINCE":"Nueva Vizcaya","REGION":"Region II (Cagayan Valley)","id":"barangay-0205005004","name":"Buenavista","barangayCode":"0205005004","population":null,"formattedPop":null,"densityCategory":"No data","vulnerabilityRating":"No data","healthRiskLevel":"No data","areaKm2":9.922504,"centerLat":16.447852,"centerLng":121.091178,"geometrySource":"all_barangay-2.csv detailed WKT","geometryMatchMethod":"psgc_coordinate_bridge","boundaryPointCount":19},"geometry":{"type":"MultiPolygon","coordinates":[[[[121.125122,16.46249],[121.124031,16.46174],[121.122414,16.460581],[121.120621,16.45812],[121.119637,16.45599],[121.119186,16.454121],[121.118927,16.45215],[121.118622,16.45093],[121.117851,16.45068],[121.116096,16.4503],[121.114609,16.449711],[121.113342,16.448271],[121.112648,16.44655],[121.114067,16.441931],[121.069687,16.447371],[121.071869,16.454901],[121.073189,16.471201],[121.108978,16.469601],[121.125122,16.46249]]]]}},{"type":"Feature","properties":{"ID_0":177,"ISO":"PHL","NAME_0":"Philippines","ID_1":2050,"NAME_1":"Nueva Vizcaya","ID_2":205005,"NAME_2":"Bayombong (Capital)","ID_3":205005005,"NAME_3":"Busilac","NL_NAME_3":null,"VARNAME_3":null,"TYPE_3":"Barangay","ENGTYPE_3":"Village","PROVINCE":"Nueva Vizcaya","REGION":"Region II (Cagayan Valley)","id":"barangay-0205005005","name":"Busilac","barangayCode":"0205005005","population":null,"formattedPop":null,"densityCategory":"No data","vulnerabilityRating":"No data","healthRiskLevel":"No data","areaKm2":15.162693,"centerLat":16.471158,"centerLng":121.096609,"geometrySource":"all_barangay-2.csv detailed WKT","geometryMatchMethod":"psgc_coordinate_bridge","boundaryPointCount":19},"geometry":{"type":"MultiPolygon","coordinates":[[[[121.10495,16.48394],[121.129883,16.483049],[121.143013,16.482719],[121.144203,16.475121],[121.143188,16.474199],[121.142509,16.473089],[121.141983,16.47193],[121.140022,16.469761],[121.139732,16.46977],[121.138802,16.469589],[121.137367,16.468809],[121.132393,16.465231],[121.130836,16.464991],[121.128464,16.46417],[121.125122,16.46249],[121.108978,16.469601],[121.073189,16.471201],[121.073372,16.484289],[121.10495,16.48394]]]]}},{"type":"Feature","properties":{"ID_0":177,"ISO":"PHL","NAME_0":"Philippines","ID_1":2050,"NAME_1":"Nueva Vizcaya","ID_2":205005,"NAME_2":"Bayombong (Capital)","ID_3":205005006,"NAME_3":"Casat","NL_NAME_3":null,"VARNAME_3":null,"TYPE_3":"Barangay","ENGTYPE_3":"Village","PROVINCE":"Nueva Vizcaya","REGION":"Region II (Cagayan Valley)","id":"barangay-0205005006","name":"Casat","barangayCode":"0205005006","population":null,"formattedPop":null,"densityCategory":"No data","vulnerabilityRating":"No data","healthRiskLevel":"No data","areaKm2":6.103348,"centerLat":16.52139,"centerLng":121.139786,"geometrySource":"all_barangay-2.csv detailed WKT","geometryMatchMethod":"psgc_coordinate_bridge","boundaryPointCount":9},"geometry":{"type":"MultiPolygon","coordinates":[[[[121.145531,16.52006],[121.138802,16.510361],[121.131599,16.492331],[121.102608,16.502501],[121.110046,16.520901],[121.112503,16.52809],[121.113861,16.52754],[121.129784,16.52079],[121.145531,16.52006]]]]}},{"type":"Feature","properties":{"ID_0":177,"ISO":"PHL","NAME_0":"Philippines","ID_1":2050,"NAME_1":"Nueva Vizcaya","ID_2":205005,"NAME_2":"Bayombong (Capital)","ID_3":205005008,"NAME_3":"La Torre North","NL_NAME_3":null,"VARNAME_3":null,"TYPE_3":"Barangay","ENGTYPE_3":"Village","PROVINCE":"Nueva Vizcaya","REGION":"Region II (Cagayan Valley)","id":"barangay-0205005008","name":"La Torre North","barangayCode":"0205005008","population":null,"formattedPop":null,"densityCategory":"No data","vulnerabilityRating":"No data","healthRiskLevel":"No data","areaKm2":7.139103,"centerLat":16.510156,"centerLng":121.134255,"geometrySource":"all_barangay-2.csv detailed WKT","geometryMatchMethod":"psgc_coordinate_bridge","boundaryPointCount":10},"geometry":{"type":"MultiPolygon","coordinates":[[[[121.149483,16.51844],[121.147583,16.508421],[121.14579,16.492929],[121.144188,16.49193],[121.142754,16.49073],[121.141586,16.488951],[121.131599,16.492331],[121.138802,16.510361],[121.145531,16.52006],[121.149483,16.51844]]]]}},{"type":"Feature","properties":{"ID_0":177,"ISO":"PHL","NAME_0":"Philippines","ID_1":2050,"NAME_1":"Nueva Vizcaya","ID_2":205005,"NAME_2":"Bayombong (Capital)","ID_3":205005009,"NAME_3":"Magapuy","NL_NAME_3":null,"VARNAME_3":null,"TYPE_3":"Barangay","ENGTYPE_3":"Village","PROVINCE":"Nueva Vizcaya","REGION":"Region II (Cagayan Valley)","id":"barangay-0205005009","name":"Magapuy","barangayCode":"0205005009","population":null,"formattedPop":null,"densityCategory":"No data","vulnerabilityRating":"No data","healthRiskLevel":"No data","areaKm2":15.35851,"centerLat":16.446245,"centerLng":121.136861,"geometrySource":"all_barangay-2.csv detailed WKT","geometryMatchMethod":"psgc_coordinate_bridge","boundaryPointCount":30},"geometry":{"type":"MultiPolygon","coordinates":[[[[121.132393,16.465231],[121.147812,16.464069],[121.14547,16.45915],[121.175018,16.448509],[121.174889,16.4452],[121.175583,16.44286],[121.17643,16.44031],[121.177559,16.438049],[121.179237,16.436701],[121.18055,16.436069],[121.181473,16.43545],[121.182213,16.43384],[121.144997,16.438141],[121.114067,16.441931],[121.112648,16.44655],[121.113342,16.448271],[121.114609,16.449711],[121.116096,16.4503],[121.117851,16.45068],[121.118622,16.45093],[121.118927,16.45215],[121.119186,16.454121],[121.119637,16.45599],[121.120621,16.45812],[121.122414,16.460581],[121.124031,16.46174],[121.125122,16.46249],[121.128464,16.46417],[121.130836,16.464991],[121.132393,16.465231]]]]}},{"type":"Feature","properties":{"ID_0":177,"ISO":"PHL","NAME_0":"Philippines","ID_1":2050,"NAME_1":"Nueva Vizcaya","ID_2":205005,"NAME_2":"Bayombong (Capital)","ID_3":205005010,"NAME_3":"Magsaysay","NL_NAME_3":null,"VARNAME_3":null,"TYPE_3":"Barangay","ENGTYPE_3":"Village","PROVINCE":"Nueva Vizcaya","REGION":"Region II (Cagayan Valley)","id":"barangay-0205005010","name":"Magsaysay","barangayCode":"0205005010","population":null,"formattedPop":null,"densityCategory":"No data","vulnerabilityRating":"No data","healthRiskLevel":"No data","areaKm2":10.378162,"centerLat":16.488011,"centerLng":121.108721,"geometrySource":"all_barangay-2.csv detailed WKT","geometryMatchMethod":"psgc_coordinate_bridge","boundaryPointCount":6},"geometry":{"type":"MultiPolygon","coordinates":[[[[121.102608,16.502501],[121.10495,16.48394],[121.073372,16.484289],[121.074753,16.5109],[121.086304,16.507021],[121.102608,16.502501]]]]}},{"type":"Feature","properties":{"ID_0":177,"ISO":"PHL","NAME_0":"Philippines","ID_1":2050,"NAME_1":"Nueva Vizcaya","ID_2":205005,"NAME_2":"Bayombong (Capital)","ID_3":205005011,"NAME_3":"Masoc","NL_NAME_3":null,"VARNAME_3":null,"TYPE_3":"Barangay","ENGTYPE_3":"Village","PROVINCE":"Nueva Vizcaya","REGION":"Region II (Cagayan Valley)","id":"barangay-0205005011","name":"Masoc","barangayCode":"0205005011","population":null,"formattedPop":null,"densityCategory":"No data","vulnerabilityRating":"No data","healthRiskLevel":"No data","areaKm2":5.122585,"centerLat":16.502056,"centerLng":121.10949,"geometrySource":"all_barangay-2.csv detailed WKT","geometryMatchMethod":"psgc_coordinate_bridge","boundaryPointCount":5},"geometry":{"type":"MultiPolygon","coordinates":[[[[121.131599,16.492331],[121.129883,16.483049],[121.10495,16.48394],[121.102608,16.502501],[121.131599,16.492331]]]]}},{"type":"Feature","properties":{"ID_0":177,"ISO":"PHL","NAME_0":"Philippines","ID_1":2050,"NAME_1":"Nueva Vizcaya","ID_2":205005,"NAME_2":"Bayombong (Capital)","ID_3":205005012,"NAME_3":"Paitan","NL_NAME_3":null,"VARNAME_3":null,"TYPE_3":"Barangay","ENGTYPE_3":"Village","PROVINCE":"Nueva Vizcaya","REGION":"Region II (Cagayan Valley)","id":"barangay-0205005012","name":"Paitan","barangayCode":"0205005012","population":null,"formattedPop":null,"densityCategory":"No data","vulnerabilityRating":"No data","healthRiskLevel":"No data","areaKm2":7.495408,"centerLat":16.467276,"centerLng":121.15175,"geometrySource":"all_barangay-2.csv detailed WKT","geometryMatchMethod":"psgc_coordinate_bridge","boundaryPointCount":56},"geometry":{"type":"MultiPolygon","coordinates":[[[[121.16024,16.48155],[121.163803,16.480801],[121.165863,16.480961],[121.167862,16.482309],[121.16909,16.482559],[121.171059,16.48292],[121.172096,16.483641],[121.172493,16.48382],[121.172882,16.483709],[121.173882,16.483141],[121.175011,16.48205],[121.17672,16.48111],[121.178833,16.48052],[121.180237,16.479561],[121.180717,16.478161],[121.181259,16.476351],[121.182487,16.47415],[121.183983,16.471861],[121.185219,16.470671],[121.186729,16.470791],[121.187897,16.47051],[121.18821,16.46957],[121.188248,16.46924],[121.188133,16.468161],[121.188477,16.466681],[121.190941,16.46546],[121.193237,16.464621],[121.194763,16.463249],[121.195992,16.46117],[121.196564,16.459],[121.196907,16.45715],[121.197258,16.456169],[121.197487,16.45565],[121.198433,16.453979],[121.189796,16.45216],[121.181,16.45192],[121.175018,16.448509],[121.14547,16.45915],[121.147812,16.464069],[121.132393,16.465231],[121.137367,16.468809],[121.138802,16.469589],[121.139732,16.46977],[121.140022,16.469761],[121.141983,16.47193],[121.142509,16.473089],[121.143188,16.474199],[121.144203,16.475121],[121.14547,16.475229],[121.148537,16.47551],[121.150787,16.476049],[121.152649,16.47723],[121.154778,16.479469],[121.157257,16.481449],[121.159081,16.481791],[121.16024,16.48155]]]]}},{"type":"Feature","properties":{"ID_0":177,"ISO":"PHL","NAME_0":"Philippines","ID_1":2050,"NAME_1":"Nueva Vizcaya","ID_2":205005,"NAME_2":"Bayombong (Capital)","ID_3":205005014,"NAME_3":"Don Domingo Maddela Pob.","NL_NAME_3":null,"VARNAME_3":null,"TYPE_3":"Barangay","ENGTYPE_3":"Village","PROVINCE":"Nueva Vizcaya","REGION":"Region II (Cagayan Valley)","id":"barangay-0205005014","name":"Don Domingo Maddela Pob.","barangayCode":"0205005014","population":null,"formattedPop":null,"densityCategory":"No data","vulnerabilityRating":"No data","healthRiskLevel":"No data","areaKm2":0.1159,"centerLat":16.48459,"centerLng":121.151154,"geometrySource":"all_barangay-2.csv detailed WKT","geometryMatchMethod":"psgc_coordinate_bridge","boundaryPointCount":21},"geometry":{"type":"MultiPolygon","coordinates":[[[[121.150757,16.495661],[121.152061,16.48955],[121.150284,16.48826],[121.149353,16.487471],[121.148804,16.486959],[121.148697,16.486309],[121.148277,16.48591],[121.147911,16.4855],[121.147377,16.48502],[121.146782,16.484421],[121.146011,16.483641],[121.145813,16.48387],[121.145653,16.484039],[121.144524,16.48517],[121.143494,16.4862],[121.141586,16.488951],[121.142754,16.49073],[121.144188,16.49193],[121.14579,16.492929],[121.149261,16.49497],[121.150757,16.495661]]]]}},{"type":"Feature","properties":{"ID_0":177,"ISO":"PHL","NAME_0":"Philippines","ID_1":2050,"NAME_1":"Nueva Vizcaya","ID_2":205005,"NAME_2":"Bayombong (Capital)","ID_3":205005015,"NAME_3":"Don Tomas Maddela Pob.","NL_NAME_3":null,"VARNAME_3":null,"TYPE_3":"Barangay","ENGTYPE_3":"Village","PROVINCE":"Nueva Vizcaya","REGION":"Region II (Cagayan Valley)","id":"barangay-0205005015","name":"Don Tomas Maddela Pob.","barangayCode":"0205005015","population":null,"formattedPop":null,"densityCategory":"No data","vulnerabilityRating":"No data","healthRiskLevel":"No data","areaKm2":0.226387,"centerLat":16.480756,"centerLng":121.146907,"geometrySource":"all_barangay-2.csv detailed WKT","geometryMatchMethod":"psgc_coordinate_bridge","boundaryPointCount":20},"geometry":{"type":"MultiPolygon","coordinates":[[[[121.150284,16.48568],[121.152924,16.48472],[121.150871,16.482281],[121.150146,16.48138],[121.149696,16.48094],[121.148537,16.48004],[121.147636,16.479349],[121.147621,16.479401],[121.146988,16.482121],[121.146858,16.48267],[121.146011,16.483641],[121.146782,16.484421],[121.147377,16.48502],[121.147911,16.4855],[121.148277,16.48591],[121.148697,16.486309],[121.148804,16.486959],[121.149384,16.486259],[121.149696,16.485769],[121.150284,16.48568]]]]}},{"type":"Feature","properties":{"ID_0":177,"ISO":"PHL","NAME_0":"Philippines","ID_1":2050,"NAME_1":"Nueva Vizcaya","ID_2":205005,"NAME_2":"Bayombong (Capital)","ID_3":205005016,"NAME_3":"District III Pob.","NL_NAME_3":null,"VARNAME_3":null,"TYPE_3":"Barangay","ENGTYPE_3":"Village","PROVINCE":"Nueva Vizcaya","REGION":"Region II (Cagayan Valley)","id":"barangay-0205005016","name":"District III Pob.","barangayCode":"0205005016","population":null,"formattedPop":null,"densityCategory":"No data","vulnerabilityRating":"No data","healthRiskLevel":"No data","areaKm2":0.991968,"centerLat":16.483921,"centerLng":121.142642,"geometrySource":"all_barangay-2.csv detailed WKT","geometryMatchMethod":"psgc_coordinate_bridge","boundaryPointCount":17},"geometry":{"type":"MultiPolygon","coordinates":[[[[121.155357,16.48946],[121.153969,16.48871],[121.153351,16.488159],[121.152046,16.486931],[121.151016,16.486259],[121.150284,16.48568],[121.149696,16.485769],[121.149384,16.486259],[121.148804,16.486959],[121.149353,16.487471],[121.150284,16.48826],[121.152061,16.48955],[121.152473,16.49015],[121.152832,16.49069],[121.153252,16.491381],[121.154182,16.49086],[121.155357,16.48946]]]]}},{"type":"Feature","properties":{"ID_0":177,"ISO":"PHL","NAME_0":"Philippines","ID_1":2050,"NAME_1":"Nueva Vizcaya","ID_2":205005,"NAME_2":"Bayombong (Capital)","ID_3":205005017,"NAME_3":"District IV","NL_NAME_3":null,"VARNAME_3":null,"TYPE_3":"Barangay","ENGTYPE_3":"Village","PROVINCE":"Nueva Vizcaya","REGION":"Region II (Cagayan Valley)","id":"barangay-0205005017","name":"District IV","barangayCode":"0205005017","population":null,"formattedPop":null,"densityCategory":"No data","vulnerabilityRating":"No data","healthRiskLevel":"No data","areaKm2":1.176868,"centerLat":16.482552,"centerLng":121.161796,"geometrySource":"all_barangay-2.csv detailed WKT","geometryMatchMethod":"psgc_coordinate_bridge","boundaryPointCount":12},"geometry":{"type":"MultiPolygon","coordinates":[[[[121.157043,16.48741],[121.155342,16.486771],[121.154739,16.486561],[121.153389,16.48595],[121.152924,16.48472],[121.150284,16.48568],[121.151016,16.486259],[121.152046,16.486931],[121.153351,16.488159],[121.153969,16.48871],[121.155357,16.48946],[121.157043,16.48741]]]]}},{"type":"Feature","properties":{"ID_0":177,"ISO":"PHL","NAME_0":"Philippines","ID_1":2050,"NAME_1":"Nueva Vizcaya","ID_2":205005,"NAME_2":"Bayombong (Capital)","ID_3":205005019,"NAME_3":"Bansing","NL_NAME_3":null,"VARNAME_3":null,"TYPE_3":"Barangay","ENGTYPE_3":"Village","PROVINCE":"Nueva Vizcaya","REGION":"Region II (Cagayan Valley)","id":"barangay-0205005019","name":"Bansing","barangayCode":"0205005019","population":null,"formattedPop":null,"densityCategory":"No data","vulnerabilityRating":"No data","healthRiskLevel":"No data","areaKm2":16.460761,"centerLat":16.450104,"centerLng":121.181538,"geometrySource":"all_barangay-2.csv detailed WKT","geometryMatchMethod":"psgc_coordinate_bridge","boundaryPointCount":28},"geometry":{"type":"MultiPolygon","coordinates":[[[[121.198433,16.453979],[121.199867,16.452339],[121.201118,16.45047],[121.201843,16.447571],[121.203239,16.446051],[121.204376,16.44482],[121.20472,16.444111],[121.205688,16.442921],[121.207733,16.441099],[121.210091,16.43858],[121.212517,16.436621],[121.214928,16.436489],[121.216179,16.436081],[121.216599,16.43466],[121.216911,16.43289],[121.215637,16.42906],[121.182213,16.43384],[121.181473,16.43545],[121.18055,16.436069],[121.179237,16.436701],[121.177559,16.438049],[121.17643,16.44031],[121.175583,16.44286],[121.174889,16.4452],[121.175018,16.448509],[121.181,16.45192],[121.189796,16.45216],[121.198433,16.453979]]]]}},{"type":"Feature","properties":{"ID_0":177,"ISO":"PHL","NAME_0":"Philippines","ID_1":2050,"NAME_1":"Nueva Vizcaya","ID_2":205005,"NAME_2":"Bayombong (Capital)","ID_3":205005020,"NAME_3":"Cabuaan","NL_NAME_3":null,"VARNAME_3":null,"TYPE_3":"Barangay","ENGTYPE_3":"Village","PROVINCE":"Nueva Vizcaya","REGION":"Region II (Cagayan Valley)","id":"barangay-0205005020","name":"Cabuaan","barangayCode":"0205005020","population":null,"formattedPop":null,"densityCategory":"No data","vulnerabilityRating":"No data","healthRiskLevel":"No data","areaKm2":6.248108,"centerLat":16.538225,"centerLng":121.114446,"geometrySource":"all_barangay-2.csv detailed WKT","geometryMatchMethod":"psgc_coordinate_bridge","boundaryPointCount":8},"geometry":{"type":"MultiPolygon","coordinates":[[[[121.091927,16.536421],[121.112503,16.52809],[121.110046,16.520901],[121.102608,16.502501],[121.086304,16.507021],[121.074753,16.5109],[121.085083,16.529631],[121.091927,16.536421]]]]}},{"type":"Feature","properties":{"ID_0":177,"ISO":"PHL","NAME_0":"Philippines","ID_1":2050,"NAME_1":"Nueva Vizcaya","ID_2":205005,"NAME_2":"Bayombong (Capital)","ID_3":205005021,"NAME_3":"Don Mariano Marcos","NL_NAME_3":null,"VARNAME_3":null,"TYPE_3":"Barangay","ENGTYPE_3":"Village","PROVINCE":"Nueva Vizcaya","REGION":"Region II (Cagayan Valley)","id":"barangay-0205005021","name":"Don Mariano Marcos","barangayCode":"0205005021","population":null,"formattedPop":null,"densityCategory":"No data","vulnerabilityRating":"No data","healthRiskLevel":"No data","areaKm2":0.652426,"centerLat":16.479558,"centerLng":121.157399,"geometrySource":"all_barangay-2.csv detailed WKT","geometryMatchMethod":"psgc_coordinate_bridge","boundaryPointCount":9},"geometry":{"type":"MultiPolygon","coordinates":[[[[121.157043,16.48741],[121.157806,16.486429],[121.16024,16.48155],[121.159081,16.481791],[121.157257,16.481449],[121.153389,16.48595],[121.154739,16.486561],[121.155342,16.486771],[121.157043,16.48741]]]]}},{"type":"Feature","properties":{"ID_0":177,"ISO":"PHL","NAME_0":"Philippines","ID_1":2050,"NAME_1":"Nueva Vizcaya","ID_2":205005,"NAME_2":"Bayombong (Capital)","ID_3":205005022,"NAME_3":"Ipil-Cuneg","NL_NAME_3":null,"VARNAME_3":null,"TYPE_3":"Barangay","ENGTYPE_3":"Village","PROVINCE":"Nueva Vizcaya","REGION":"Region II (Cagayan Valley)","id":"barangay-0205005022","name":"Ipil-Cuneg","barangayCode":"0205005022","population":null,"formattedPop":null,"densityCategory":"No data","vulnerabilityRating":"No data","healthRiskLevel":"No data","areaKm2":4.424517,"centerLat":16.520016,"centerLng":121.103746,"geometrySource":"all_barangay-2.csv detailed WKT","geometryMatchMethod":"psgc_coordinate_bridge","boundaryPointCount":11},"geometry":{"type":"MultiPolygon","coordinates":[[[[121.139313,16.538639],[121.145531,16.52006],[121.129784,16.52079],[121.113861,16.52754],[121.112503,16.52809],[121.091927,16.536421],[121.10675,16.544081],[121.117317,16.5513],[121.129112,16.557671],[121.133049,16.55073],[121.139313,16.538639]]]]}},{"type":"Feature","properties":{"ID_0":177,"ISO":"PHL","NAME_0":"Philippines","ID_1":2050,"NAME_1":"Nueva Vizcaya","ID_2":205005,"NAME_2":"Bayombong (Capital)","ID_3":205005023,"NAME_3":"La Torre South","NL_NAME_3":null,"VARNAME_3":null,"TYPE_3":"Barangay","ENGTYPE_3":"Village","PROVINCE":"Nueva Vizcaya","REGION":"Region II (Cagayan Valley)","id":"barangay-0205005023","name":"La Torre South","barangayCode":"0205005023","population":null,"formattedPop":null,"densityCategory":"No data","vulnerabilityRating":"No data","healthRiskLevel":"No data","areaKm2":2.566259,"centerLat":16.500083,"centerLng":121.129712,"geometrySource":"all_barangay-2.csv detailed WKT","geometryMatchMethod":"psgc_coordinate_bridge","boundaryPointCount":11},"geometry":{"type":"MultiPolygon","coordinates":[[[[121.141586,16.488951],[121.143494,16.4862],[121.144524,16.48517],[121.145653,16.484039],[121.145813,16.48387],[121.146011,16.483641],[121.146858,16.48267],[121.143013,16.482719],[121.129883,16.483049],[121.131599,16.492331],[121.141586,16.488951]]]]}},{"type":"Feature","properties":{"ID_0":177,"ISO":"PHL","NAME_0":"Philippines","ID_1":2050,"NAME_1":"Nueva Vizcaya","ID_2":205005,"NAME_2":"Bayombong (Capital)","ID_3":205005024,"NAME_3":"Luyang","NL_NAME_3":null,"VARNAME_3":null,"TYPE_3":"Barangay","ENGTYPE_3":"Village","PROVINCE":"Nueva Vizcaya","REGION":"Region II (Cagayan Valley)","id":"barangay-0205005024","name":"Luyang","barangayCode":"0205005024","population":null,"formattedPop":null,"densityCategory":"No data","vulnerabilityRating":"No data","healthRiskLevel":"No data","areaKm2":1.424544,"centerLat":16.49373,"centerLng":121.148153,"geometrySource":"all_barangay-2.csv detailed WKT","geometryMatchMethod":"psgc_coordinate_bridge","boundaryPointCount":11},"geometry":{"type":"MultiPolygon","coordinates":[[[[121.161293,16.513861],[121.156448,16.508221],[121.155006,16.505899],[121.154213,16.500151],[121.154823,16.49741],[121.150757,16.495661],[121.149261,16.49497],[121.14579,16.492929],[121.147583,16.508421],[121.149483,16.51844],[121.161293,16.513861]]]]}},{"type":"Feature","properties":{"ID_0":177,"ISO":"PHL","NAME_0":"Philippines","ID_1":2050,"NAME_1":"Nueva Vizcaya","ID_2":205005,"NAME_2":"Bayombong (Capital)","ID_3":205005025,"NAME_3":"Salvacion","NL_NAME_3":null,"VARNAME_3":null,"TYPE_3":"Barangay","ENGTYPE_3":"Village","PROVINCE":"Nueva Vizcaya","REGION":"Region II (Cagayan Valley)","id":"barangay-0205005025","name":"Salvacion","barangayCode":"0205005025","population":null,"formattedPop":null,"densityCategory":"No data","vulnerabilityRating":"No data","healthRiskLevel":"No data","areaKm2":0.932773,"centerLat":16.476735,"centerLng":121.152951,"geometrySource":"all_barangay-2.csv detailed WKT","geometryMatchMethod":"psgc_coordinate_bridge","boundaryPointCount":13},"geometry":{"type":"MultiPolygon","coordinates":[[[[121.152924,16.48472],[121.153389,16.48595],[121.157257,16.481449],[121.154778,16.479469],[121.152649,16.47723],[121.150787,16.476049],[121.148537,16.47551],[121.147636,16.479349],[121.148537,16.48004],[121.149696,16.48094],[121.150146,16.48138],[121.150871,16.482281],[121.152924,16.48472]]]]}},{"type":"Feature","properties":{"ID_0":177,"ISO":"PHL","NAME_0":"Philippines","ID_1":2050,"NAME_1":"Nueva Vizcaya","ID_2":205005,"NAME_2":"Bayombong (Capital)","ID_3":205005026,"NAME_3":"San Nicolas North","NL_NAME_3":null,"VARNAME_3":null,"TYPE_3":"Barangay","ENGTYPE_3":"Village","PROVINCE":"Nueva Vizcaya","REGION":"Region II (Cagayan Valley)","id":"barangay-0205005026","name":"San Nicolas North","barangayCode":"0205005026","population":null,"formattedPop":null,"densityCategory":"No data","vulnerabilityRating":"No data","healthRiskLevel":"No data","areaKm2":0.496298,"centerLat":16.488977,"centerLng":121.15327,"geometrySource":"all_barangay-2.csv detailed WKT","geometryMatchMethod":"psgc_coordinate_bridge","boundaryPointCount":11},"geometry":{"type":"MultiPolygon","coordinates":[[[[121.150757,16.495661],[121.154823,16.49741],[121.158287,16.49095],[121.156616,16.490021],[121.155357,16.48946],[121.154182,16.49086],[121.153252,16.491381],[121.152832,16.49069],[121.152473,16.49015],[121.152061,16.48955],[121.150757,16.495661]]]]}},{"type":"Feature","properties":{"ID_0":177,"ISO":"PHL","NAME_0":"Philippines","ID_1":2050,"NAME_1":"Nueva Vizcaya","ID_2":205005,"NAME_2":"Bayombong (Capital)","ID_3":205005027,"NAME_3":"Santa Rosa","NL_NAME_3":null,"VARNAME_3":null,"TYPE_3":"Barangay","ENGTYPE_3":"Village","PROVINCE":"Nueva Vizcaya","REGION":"Region II (Cagayan Valley)","id":"barangay-0205005027","name":"Santa Rosa","barangayCode":"0205005027","population":null,"formattedPop":null,"densityCategory":"No data","vulnerabilityRating":"No data","healthRiskLevel":"No data","areaKm2":1.354566,"centerLat":16.487241,"centerLng":121.165434,"geometrySource":"all_barangay-2.csv detailed WKT","geometryMatchMethod":"psgc_coordinate_bridge","boundaryPointCount":12},"geometry":{"type":"MultiPolygon","coordinates":[[[[121.158287,16.49095],[121.159409,16.488951],[121.15976,16.488211],[121.160316,16.48731],[121.16111,16.485821],[121.163803,16.480801],[121.16024,16.48155],[121.157806,16.486429],[121.157043,16.48741],[121.155357,16.48946],[121.156616,16.490021],[121.158287,16.49095]]]]}},{"type":"Feature","properties":{"ID_0":177,"ISO":"PHL","NAME_0":"Philippines","ID_1":2050,"NAME_1":"Nueva Vizcaya","ID_2":205005,"NAME_2":"Bayombong (Capital)","ID_3":205005028,"NAME_3":"Vista Alegre","NL_NAME_3":null,"VARNAME_3":null,"TYPE_3":"Barangay","ENGTYPE_3":"Village","PROVINCE":"Nueva Vizcaya","REGION":"Region II (Cagayan Valley)","id":"barangay-0205005028","name":"Vista Alegre","barangayCode":"0205005028","population":null,"formattedPop":null,"densityCategory":"No data","vulnerabilityRating":"No data","healthRiskLevel":"No data","areaKm2":1.153884,"centerLat":16.476257,"centerLng":121.140419,"geometrySource":"all_barangay-2.csv detailed WKT","geometryMatchMethod":"psgc_coordinate_bridge","boundaryPointCount":9},"geometry":{"type":"MultiPolygon","coordinates":[[[[121.146858,16.48267],[121.146988,16.482121],[121.147621,16.479401],[121.147636,16.479349],[121.148537,16.47551],[121.14547,16.475229],[121.144203,16.475121],[121.143013,16.482719],[121.146858,16.48267]]]]}},{"type":"Feature","properties":{"ID_0":177,"ISO":"PHL","NAME_0":"Philippines","ID_1":2050,"NAME_1":"Nueva Vizcaya","ID_2":205006,"NAME_2":"Diadi","ID_3":205006001,"NAME_3":"Arwas","NL_NAME_3":null,"VARNAME_3":null,"TYPE_3":"Barangay","ENGTYPE_3":"Village","PROVINCE":"Nueva Vizcaya","REGION":"Region II (Cagayan Valley)","id":"barangay-0205006001","name":"Arwas","barangayCode":"0205006001","population":null,"formattedPop":null,"densityCategory":"No data","vulnerabilityRating":"No data","healthRiskLevel":"No data","areaKm2":6.684189,"centerLat":16.724758,"centerLng":121.365076,"geometrySource":"all_barangay-2.csv detailed WKT","geometryMatchMethod":"unique_official_admin_names","boundaryPointCount":32},"geometry":{"type":"MultiPolygon","coordinates":[[[[121.329247,16.734383],[121.329857,16.734039],[121.340446,16.728161],[121.345444,16.727329],[121.345451,16.727421],[121.347099,16.72657],[121.347939,16.725929],[121.3489,16.725929],[121.350151,16.726299],[121.35128,16.72724],[121.352577,16.72818],[121.353859,16.729],[121.354752,16.729839],[121.3564,16.73077],[121.356903,16.73082],[121.378647,16.70821],[121.372192,16.706261],[121.365936,16.70516],[121.364883,16.70306],[121.361656,16.70244],[121.318298,16.718981],[121.320923,16.721991],[121.3218,16.7225],[121.322861,16.723669],[121.323723,16.725531],[121.325943,16.7288],[121.326576,16.730101],[121.326813,16.731529],[121.327553,16.73308],[121.327446,16.733143],[121.328796,16.734289],[121.329247,16.734383]]]]}},{"type":"Feature","properties":{"ID_0":177,"ISO":"PHL","NAME_0":"Philippines","ID_1":2050,"NAME_1":"Nueva Vizcaya","ID_2":205006,"NAME_2":"Diadi","ID_3":205006002,"NAME_3":"Balete","NL_NAME_3":null,"VARNAME_3":null,"TYPE_3":"Barangay","ENGTYPE_3":"Village","PROVINCE":"Nueva Vizcaya","REGION":"Region II (Cagayan Valley)","id":"barangay-0205006002","name":"Balete","barangayCode":"0205006002","population":null,"formattedPop":null,"densityCategory":"No data","vulnerabilityRating":"No data","healthRiskLevel":"No data","areaKm2":4.164059,"centerLat":16.633416,"centerLng":121.350988,"geometrySource":"all_barangay-2.csv detailed WKT","geometryMatchMethod":"unique_official_admin_names","boundaryPointCount":5},"geometry":{"type":"MultiPolygon","coordinates":[[[[121.367111,16.640409],[121.364357,16.62636],[121.339127,16.63101],[121.33886,16.63727],[121.367111,16.640409]]]]}},{"type":"Feature","properties":{"ID_0":177,"ISO":"PHL","NAME_0":"Philippines","ID_1":2050,"NAME_1":"Nueva Vizcaya","ID_2":205006,"NAME_2":"Diadi","ID_3":205006003,"NAME_3":"Bugnay","NL_NAME_3":null,"VARNAME_3":null,"TYPE_3":"Barangay","ENGTYPE_3":"Village","PROVINCE":"Nueva Vizcaya","REGION":"Region II (Cagayan Valley)","id":"barangay-0205006003","name":"Bugnay","barangayCode":"0205006003","population":null,"formattedPop":null,"densityCategory":"No data","vulnerabilityRating":"No data","healthRiskLevel":"No data","areaKm2":7.152783,"centerLat":16.668354,"centerLng":121.380234,"geometrySource":"all_barangay-2.csv detailed WKT","geometryMatchMethod":"unique_official_admin_names","boundaryPointCount":14},"geometry":{"type":"MultiPolygon","coordinates":[[[[121.39135,16.69504],[121.393227,16.69348],[121.400497,16.687441],[121.400581,16.685261],[121.400681,16.682751],[121.39521,16.680849],[121.395203,16.680901],[121.385941,16.677799],[121.384239,16.643089],[121.374634,16.64411],[121.375748,16.646271],[121.376701,16.65383],[121.373642,16.68899],[121.39135,16.69504]]]]}},{"type":"Feature","properties":{"ID_0":177,"ISO":"PHL","NAME_0":"Philippines","ID_1":2050,"NAME_1":"Nueva Vizcaya","ID_2":205006,"NAME_2":"Diadi","ID_3":205006004,"NAME_3":"Decabacan","NL_NAME_3":null,"VARNAME_3":null,"TYPE_3":"Barangay","ENGTYPE_3":"Village","PROVINCE":"Nueva Vizcaya","REGION":"Region II (Cagayan Valley)","id":"barangay-0205006004","name":"Decabacan","barangayCode":"0205006004","population":null,"formattedPop":null,"densityCategory":"No data","vulnerabilityRating":"No data","healthRiskLevel":"No data","areaKm2":13.058275,"centerLat":16.587082,"centerLng":121.338565,"geometrySource":"all_barangay-2.csv detailed WKT","geometryMatchMethod":"unique_official_admin_names","boundaryPointCount":6},"geometry":{"type":"MultiPolygon","coordinates":[[[[121.319199,16.601589],[121.359131,16.60671],[121.358818,16.56687],[121.32666,16.56727],[121.321167,16.585039],[121.319199,16.601589]]]]}},{"type":"Feature","properties":{"ID_0":177,"ISO":"PHL","NAME_0":"Philippines","ID_1":2050,"NAME_1":"Nueva Vizcaya","ID_2":205006,"NAME_2":"Diadi","ID_3":205006005,"NAME_3":"Duruarog","NL_NAME_3":null,"VARNAME_3":null,"TYPE_3":"Barangay","ENGTYPE_3":"Village","PROVINCE":"Nueva Vizcaya","REGION":"Region II (Cagayan Valley)","id":"barangay-0205006005","name":"Duruarog","barangayCode":"0205006005","population":null,"formattedPop":null,"densityCategory":"No data","vulnerabilityRating":"No data","healthRiskLevel":"No data","areaKm2":3.58116,"centerLat":16.628758,"centerLng":121.368536,"geometrySource":"all_barangay-2.csv detailed WKT","geometryMatchMethod":"unique_official_admin_names","boundaryPointCount":11},"geometry":{"type":"MultiPolygon","coordinates":[[[[121.374634,16.64411],[121.382713,16.619659],[121.37896,16.61907],[121.371773,16.62232],[121.369888,16.62281],[121.367867,16.62361],[121.367157,16.624411],[121.364357,16.62636],[121.367111,16.640409],[121.373108,16.64296],[121.374634,16.64411]]]]}},{"type":"Feature","properties":{"ID_0":177,"ISO":"PHL","NAME_0":"Philippines","ID_1":2050,"NAME_1":"Nueva Vizcaya","ID_2":205006,"NAME_2":"Diadi","ID_3":205006006,"NAME_3":"Escoting","NL_NAME_3":null,"VARNAME_3":null,"TYPE_3":"Barangay","ENGTYPE_3":"Village","PROVINCE":"Nueva Vizcaya","REGION":"Region II (Cagayan Valley)","id":"barangay-0205006006","name":"Escoting","barangayCode":"0205006006","population":null,"formattedPop":null,"densityCategory":"No data","vulnerabilityRating":"No data","healthRiskLevel":"No data","areaKm2":15.283812,"centerLat":16.710118,"centerLng":121.337614,"geometrySource":"all_barangay-2.csv detailed WKT","geometryMatchMethod":"unique_official_admin_names","boundaryPointCount":13},"geometry":{"type":"MultiPolygon","coordinates":[[[[121.361656,16.70244],[121.362648,16.69272],[121.34063,16.694759],[121.327301,16.696251],[121.316147,16.69795],[121.316742,16.69923],[121.31781,16.702391],[121.317436,16.705521],[121.316963,16.70981],[121.316757,16.711651],[121.317001,16.71525],[121.318298,16.718981],[121.361656,16.70244]]]]}},{"type":"Feature","properties":{"ID_0":177,"ISO":"PHL","NAME_0":"Philippines","ID_1":2050,"NAME_1":"Nueva Vizcaya","ID_2":205006,"NAME_2":"Diadi","ID_3":205006007,"NAME_3":"Nagsabaran","NL_NAME_3":null,"VARNAME_3":null,"TYPE_3":"Barangay","ENGTYPE_3":"Village","PROVINCE":"Nueva Vizcaya","REGION":"Region II (Cagayan Valley)","id":"barangay-0205006007","name":"Nagsabaran","barangayCode":"0205006007","population":null,"formattedPop":null,"densityCategory":"No data","vulnerabilityRating":"No data","healthRiskLevel":"No data","areaKm2":7.977934,"centerLat":16.615044,"centerLng":121.337517,"geometrySource":"all_barangay-2.csv detailed WKT","geometryMatchMethod":"unique_official_admin_names","boundaryPointCount":7},"geometry":{"type":"MultiPolygon","coordinates":[[[[121.339127,16.63101],[121.364357,16.62636],[121.359131,16.60671],[121.319199,16.601589],[121.316452,16.607479],[121.331932,16.630791],[121.339127,16.63101]]]]}},{"type":"Feature","properties":{"ID_0":177,"ISO":"PHL","NAME_0":"Philippines","ID_1":2050,"NAME_1":"Nueva Vizcaya","ID_2":205006,"NAME_2":"Diadi","ID_3":205006008,"NAME_3":"Namamparan","NL_NAME_3":null,"VARNAME_3":null,"TYPE_3":"Barangay","ENGTYPE_3":"Village","PROVINCE":"Nueva Vizcaya","REGION":"Region II (Cagayan Valley)","id":"barangay-0205006008","name":"Namamparan","barangayCode":"0205006008","population":null,"formattedPop":null,"densityCategory":"No data","vulnerabilityRating":"No data","healthRiskLevel":"No data","areaKm2":4.763646,"centerLat":16.647648,"centerLng":121.349645,"geometrySource":"all_barangay-2.csv detailed WKT","geometryMatchMethod":"unique_official_admin_names","boundaryPointCount":6},"geometry":{"type":"MultiPolygon","coordinates":[[[[121.349968,16.65881],[121.363937,16.647989],[121.367111,16.640409],[121.33886,16.63727],[121.337822,16.65037],[121.349968,16.65881]]]]}},{"type":"Feature","properties":{"ID_0":177,"ISO":"PHL","NAME_0":"Philippines","ID_1":2050,"NAME_1":"Nueva Vizcaya","ID_2":205006,"NAME_2":"Diadi","ID_3":205006009,"NAME_3":"Pinya","NL_NAME_3":null,"VARNAME_3":null,"TYPE_3":"Barangay","ENGTYPE_3":"Village","PROVINCE":"Nueva Vizcaya","REGION":"Region II (Cagayan Valley)","id":"barangay-0205006009","name":"Pinya","barangayCode":"0205006009","population":null,"formattedPop":null,"densityCategory":"No data","vulnerabilityRating":"No data","healthRiskLevel":"No data","areaKm2":24.657327,"centerLat":16.669295,"centerLng":121.330578,"geometrySource":"all_barangay-2.csv detailed WKT","geometryMatchMethod":"unique_official_admin_names","boundaryPointCount":14},"geometry":{"type":"MultiPolygon","coordinates":[[[[121.34063,16.694759],[121.349968,16.65881],[121.337822,16.65037],[121.33886,16.63727],[121.339127,16.63101],[121.331932,16.630791],[121.331909,16.637581],[121.296478,16.6623],[121.297157,16.664249],[121.296913,16.665461],[121.29686,16.665621],[121.325241,16.66758],[121.327301,16.696251],[121.34063,16.694759]]]]}},{"type":"Feature","properties":{"ID_0":177,"ISO":"PHL","NAME_0":"Philippines","ID_1":2050,"NAME_1":"Nueva Vizcaya","ID_2":205006,"NAME_2":"Diadi","ID_3":205006010,"NAME_3":"Poblacion","NL_NAME_3":null,"VARNAME_3":null,"TYPE_3":"Barangay","ENGTYPE_3":"Village","PROVINCE":"Nueva Vizcaya","REGION":"Region II (Cagayan Valley)","id":"barangay-0205006010","name":"Poblacion","barangayCode":"0205006010","population":null,"formattedPop":null,"densityCategory":"No data","vulnerabilityRating":"No data","healthRiskLevel":"No data","areaKm2":9.757614,"centerLat":16.668897,"centerLng":121.364728,"geometrySource":"all_barangay-2.csv detailed WKT","geometryMatchMethod":"unique_official_admin_names","boundaryPointCount":11},"geometry":{"type":"MultiPolygon","coordinates":[[[[121.362648,16.69272],[121.373642,16.68899],[121.376701,16.65383],[121.375748,16.646271],[121.374634,16.64411],[121.373108,16.64296],[121.367111,16.640409],[121.363937,16.647989],[121.349968,16.65881],[121.34063,16.694759],[121.362648,16.69272]]]]}},{"type":"Feature","properties":{"ID_0":177,"ISO":"PHL","NAME_0":"Philippines","ID_1":2050,"NAME_1":"Nueva Vizcaya","ID_2":205006,"NAME_2":"Diadi","ID_3":205006011,"NAME_3":"Ampakleng","NL_NAME_3":null,"VARNAME_3":null,"TYPE_3":"Barangay","ENGTYPE_3":"Village","PROVINCE":"Nueva Vizcaya","REGION":"Region II (Cagayan Valley)","id":"barangay-0205006011","name":"Ampakleng","barangayCode":"0205006011","population":null,"formattedPop":null,"densityCategory":"No data","vulnerabilityRating":"No data","healthRiskLevel":"No data","areaKm2":26.623888,"centerLat":16.554023,"centerLng":121.363631,"geometrySource":"barangays.geojson simplified fallback","geometryMatchMethod":"simplified_fallback","boundaryPointCount":7},"geometry":{"type":"Polygon","coordinates":[[[121.356021327,16.57539162000006],[121.39510053700008,16.565029352000067],[121.38564717600002,16.51560742600003],[121.36183776000007,16.545607073000042],[121.33074081500001,16.54134948600006],[121.32423158900008,16.56664874300003],[121.356021327,16.57539162000006]]]}},{"type":"Feature","properties":{"ID_0":177,"ISO":"PHL","NAME_0":"Philippines","ID_1":2050,"NAME_1":"Nueva Vizcaya","ID_2":205006,"NAME_2":"Diadi","ID_3":205006012,"NAME_3":"Butao","NL_NAME_3":null,"VARNAME_3":null,"TYPE_3":"Barangay","ENGTYPE_3":"Village","PROVINCE":"Nueva Vizcaya","REGION":"Region II (Cagayan Valley)","id":"barangay-0205006012","name":"Butao","barangayCode":"0205006012","population":null,"formattedPop":null,"densityCategory":"No data","vulnerabilityRating":"No data","healthRiskLevel":"No data","areaKm2":11.974134,"centerLat":16.740025,"centerLng":121.351481,"geometrySource":"all_barangay-2.csv detailed WKT","geometryMatchMethod":"unique_official_admin_names","boundaryPointCount":40},"geometry":{"type":"MultiPolygon","coordinates":[[[[121.335007,16.747271],[121.335983,16.74754],[121.337158,16.748341],[121.338783,16.74897],[121.339867,16.74884],[121.340286,16.748461],[121.340897,16.747931],[121.341431,16.746901],[121.356903,16.73082],[121.3564,16.73077],[121.354752,16.729839],[121.353859,16.729],[121.352577,16.72818],[121.35128,16.72724],[121.350151,16.726299],[121.3489,16.725929],[121.347939,16.725929],[121.347099,16.72657],[121.345451,16.727421],[121.345444,16.727329],[121.340446,16.728161],[121.329857,16.734039],[121.329247,16.734383],[121.330528,16.73465],[121.331703,16.73542],[121.332802,16.736641],[121.333389,16.73793],[121.333862,16.73872],[121.334129,16.73978],[121.334328,16.74124],[121.334717,16.742571],[121.335152,16.74324],[121.335487,16.743851],[121.335373,16.744341],[121.334976,16.744249],[121.334457,16.744089],[121.334343,16.744631],[121.33448,16.74544],[121.334923,16.746611],[121.335007,16.747271]]]]}},{"type":"Feature","properties":{"ID_0":177,"ISO":"PHL","NAME_0":"Philippines","ID_1":2050,"NAME_1":"Nueva Vizcaya","ID_2":205006,"NAME_2":"Diadi","ID_3":205006013,"NAME_3":"Langka","NL_NAME_3":null,"VARNAME_3":null,"TYPE_3":"Barangay","ENGTYPE_3":"Village","PROVINCE":"Nueva Vizcaya","REGION":"Region II (Cagayan Valley)","id":"barangay-0205006013","name":"Langka","barangayCode":"0205006013","population":null,"formattedPop":null,"densityCategory":"No data","vulnerabilityRating":"No data","healthRiskLevel":"No data","areaKm2":9.07378,"centerLat":16.679959,"centerLng":121.30498,"geometrySource":"barangays.geojson simplified fallback","geometryMatchMethod":"simplified_fallback","boundaryPointCount":5},"geometry":{"type":"Polygon","coordinates":[[[121.31376456600003,16.696882911000046],[121.32282033500007,16.666601684000057],[121.2945303360001,16.664668997000035],[121.28936552800008,16.690035496000064],[121.31376456600003,16.696882911000046]]]}},{"type":"Feature","properties":{"ID_0":177,"ISO":"PHL","NAME_0":"Philippines","ID_1":2050,"NAME_1":"Nueva Vizcaya","ID_2":205006,"NAME_2":"Diadi","ID_3":205006014,"NAME_3":"Lurad","NL_NAME_3":null,"VARNAME_3":null,"TYPE_3":"Barangay","ENGTYPE_3":"Village","PROVINCE":"Nueva Vizcaya","REGION":"Region II (Cagayan Valley)","id":"barangay-0205006014","name":"Lurad","barangayCode":"0205006014","population":null,"formattedPop":null,"densityCategory":"No data","vulnerabilityRating":"No data","healthRiskLevel":"No data","areaKm2":18.311385,"centerLat":16.593666,"centerLng":121.370736,"geometrySource":"all_barangay-2.csv detailed WKT","geometryMatchMethod":"unique_official_admin_names","boundaryPointCount":12},"geometry":{"type":"MultiPolygon","coordinates":[[[[121.364357,16.62636],[121.367157,16.624411],[121.367867,16.62361],[121.369888,16.62281],[121.371773,16.62232],[121.37896,16.61907],[121.382713,16.619659],[121.385727,16.58703],[121.397781,16.56562],[121.358818,16.56687],[121.359131,16.60671],[121.364357,16.62636]]]]}},{"type":"Feature","properties":{"ID_0":177,"ISO":"PHL","NAME_0":"Philippines","ID_1":2050,"NAME_1":"Nueva Vizcaya","ID_2":205006,"NAME_2":"Diadi","ID_3":205006015,"NAME_3":"Rosario","NL_NAME_3":null,"VARNAME_3":null,"TYPE_3":"Barangay","ENGTYPE_3":"Village","PROVINCE":"Nueva Vizcaya","REGION":"Region II (Cagayan Valley)","id":"barangay-0205006015","name":"Rosario","barangayCode":"0205006015","population":null,"formattedPop":null,"densityCategory":"No data","vulnerabilityRating":"No data","healthRiskLevel":"No data","areaKm2":10.240358,"centerLat":16.632555,"centerLng":121.316209,"geometrySource":"all_barangay-2.csv detailed WKT","geometryMatchMethod":"unique_official_admin_names","boundaryPointCount":47},"geometry":{"type":"MultiPolygon","coordinates":[[[[121.296478,16.6623],[121.331909,16.637581],[121.331932,16.630791],[121.316452,16.607479],[121.312202,16.625731],[121.311127,16.63051],[121.310921,16.63117],[121.310333,16.63201],[121.31041,16.63385],[121.309769,16.635071],[121.308807,16.635969],[121.307343,16.63756],[121.306549,16.638901],[121.306473,16.639641],[121.307007,16.64081],[121.307823,16.64187],[121.307693,16.64304],[121.305962,16.644011],[121.303543,16.64333],[121.301376,16.643181],[121.301193,16.64365],[121.301193,16.64472],[121.301178,16.64642],[121.300247,16.647499],[121.299683,16.64879],[121.299507,16.64949],[121.299843,16.650021],[121.300133,16.65037],[121.300133,16.650789],[121.299652,16.65119],[121.298973,16.650869],[121.296982,16.650299],[121.29528,16.651251],[121.294434,16.65214],[121.293663,16.652031],[121.292503,16.651751],[121.292122,16.65271],[121.291359,16.65358],[121.289688,16.654711],[121.288597,16.656],[121.288353,16.656891],[121.28846,16.65766],[121.288467,16.657841],[121.292198,16.65885],[121.294144,16.660139],[121.29641,16.662189],[121.296478,16.6623]]]]}},{"type":"Feature","properties":{"ID_0":177,"ISO":"PHL","NAME_0":"Philippines","ID_1":2050,"NAME_1":"Nueva Vizcaya","ID_2":205006,"NAME_2":"Diadi","ID_3":205006016,"NAME_3":"San Luis","NL_NAME_3":null,"VARNAME_3":null,"TYPE_3":"Barangay","ENGTYPE_3":"Village","PROVINCE":"Nueva Vizcaya","REGION":"Region II (Cagayan Valley)","id":"barangay-0205006016","name":"San Luis","barangayCode":"0205006016","population":null,"formattedPop":null,"densityCategory":"No data","vulnerabilityRating":"No data","healthRiskLevel":"No data","areaKm2":5.991038,"centerLat":16.658102,"centerLng":121.389842,"geometrySource":"all_barangay-2.csv detailed WKT","geometryMatchMethod":"unique_official_admin_names","boundaryPointCount":18},"geometry":{"type":"MultiPolygon","coordinates":[[[[121.401077,16.67272],[121.402023,16.66157],[121.40271,16.653351],[121.402634,16.651911],[121.402603,16.651569],[121.402443,16.6488],[121.404221,16.64715],[121.409088,16.641529],[121.407379,16.64082],[121.407387,16.6409],[121.40741,16.64101],[121.401192,16.641729],[121.384239,16.643089],[121.385941,16.677799],[121.395203,16.680901],[121.39521,16.680849],[121.400681,16.682751],[121.401077,16.67272]]]]}},{"type":"Feature","properties":{"ID_0":177,"ISO":"PHL","NAME_0":"Philippines","ID_1":2050,"NAME_1":"Nueva Vizcaya","ID_2":205006,"NAME_2":"Diadi","ID_3":205006017,"NAME_3":"San Pablo","NL_NAME_3":null,"VARNAME_3":null,"TYPE_3":"Barangay","ENGTYPE_3":"Village","PROVINCE":"Nueva Vizcaya","REGION":"Region II (Cagayan Valley)","id":"barangay-0205006017","name":"San Pablo","barangayCode":"0205006017","population":null,"formattedPop":null,"densityCategory":"No data","vulnerabilityRating":"No data","healthRiskLevel":"No data","areaKm2":7.682715,"centerLat":16.702455,"centerLng":121.374042,"geometrySource":"all_barangay-2.csv detailed WKT","geometryMatchMethod":"unique_official_admin_names","boundaryPointCount":10},"geometry":{"type":"MultiPolygon","coordinates":[[[[121.378647,16.70821],[121.391151,16.6952],[121.39135,16.69504],[121.373642,16.68899],[121.362648,16.69272],[121.361656,16.70244],[121.364883,16.70306],[121.365936,16.70516],[121.372192,16.706261],[121.378647,16.70821]]]]}},{"type":"Feature","properties":{"ID_0":177,"ISO":"PHL","NAME_0":"Philippines","ID_1":2050,"NAME_1":"Nueva Vizcaya","ID_2":205006,"NAME_2":"Diadi","ID_3":205006018,"NAME_3":"Villa Aurora","NL_NAME_3":null,"VARNAME_3":null,"TYPE_3":"Barangay","ENGTYPE_3":"Village","PROVINCE":"Nueva Vizcaya","REGION":"Region II (Cagayan Valley)","id":"barangay-0205006018","name":"Villa Aurora","barangayCode":"0205006018","population":null,"formattedPop":null,"densityCategory":"No data","vulnerabilityRating":"No data","healthRiskLevel":"No data","areaKm2":15.982335,"centerLat":16.617232,"centerLng":121.390243,"geometrySource":"all_barangay-2.csv detailed WKT","geometryMatchMethod":"unique_official_admin_names","boundaryPointCount":14},"geometry":{"type":"MultiPolygon","coordinates":[[[[121.374634,16.64411],[121.384239,16.643089],[121.401192,16.641729],[121.40741,16.64101],[121.407387,16.6409],[121.407379,16.64082],[121.403748,16.62052],[121.394203,16.620399],[121.393593,16.618],[121.391434,16.60857],[121.392227,16.595329],[121.385727,16.58703],[121.382713,16.619659],[121.374634,16.64411]]]]}},{"type":"Feature","properties":{"ID_0":177,"ISO":"PHL","NAME_0":"Philippines","ID_1":2050,"NAME_1":"Nueva Vizcaya","ID_2":205006,"NAME_2":"Diadi","ID_3":205006019,"NAME_3":"Villa Florentino","NL_NAME_3":null,"VARNAME_3":null,"TYPE_3":"Barangay","ENGTYPE_3":"Village","PROVINCE":"Nueva Vizcaya","REGION":"Region II (Cagayan Valley)","id":"barangay-0205006019","name":"Villa Florentino","barangayCode":"0205006019","population":null,"formattedPop":null,"densityCategory":"No data","vulnerabilityRating":"No data","healthRiskLevel":"No data","areaKm2":7.705835,"centerLat":16.628352,"centerLng":121.419172,"geometrySource":"all_barangay-2.csv detailed WKT","geometryMatchMethod":"unique_official_admin_names","boundaryPointCount":9},"geometry":{"type":"MultiPolygon","coordinates":[[[[121.385727,16.58703],[121.392227,16.595329],[121.391434,16.60857],[121.393593,16.618],[121.394203,16.620399],[121.403748,16.62052],[121.399803,16.581631],[121.397781,16.56562],[121.385727,16.58703]]]]}},{"type":"Feature","properties":{"ID_0":177,"ISO":"PHL","NAME_0":"Philippines","ID_1":2050,"NAME_1":"Nueva Vizcaya","ID_2":205007,"NAME_2":"Dupax del Norte","ID_3":205007002,"NAME_3":"Belance","NL_NAME_3":null,"VARNAME_3":null,"TYPE_3":"Barangay","ENGTYPE_3":"Village","PROVINCE":"Nueva Vizcaya","REGION":"Region II (Cagayan Valley)","id":"barangay-0205007002","name":"Belance","barangayCode":"0205007002","population":null,"formattedPop":null,"densityCategory":"No data","vulnerabilityRating":"No data","healthRiskLevel":"No data","areaKm2":11.78319,"centerLat":16.197065,"centerLng":121.249507,"geometrySource":"all_barangay-2.csv detailed WKT","geometryMatchMethod":"unique_official_admin_names","boundaryPointCount":6},"geometry":{"type":"MultiPolygon","coordinates":[[[[121.272453,16.2157],[121.275093,16.190201],[121.268761,16.191771],[121.219879,16.170679],[121.23317,16.207109],[121.272453,16.2157]]]]}},{"type":"Feature","properties":{"ID_0":177,"ISO":"PHL","NAME_0":"Philippines","ID_1":2050,"NAME_1":"Nueva Vizcaya","ID_2":205007,"NAME_2":"Dupax del Norte","ID_3":205007003,"NAME_3":"Bulala","NL_NAME_3":null,"VARNAME_3":null,"TYPE_3":"Barangay","ENGTYPE_3":"Village","PROVINCE":"Nueva Vizcaya","REGION":"Region II (Cagayan Valley)","id":"barangay-0205007003","name":"Bulala","barangayCode":"0205007003","population":null,"formattedPop":null,"densityCategory":"No data","vulnerabilityRating":"No data","healthRiskLevel":"No data","areaKm2":39.449472,"centerLat":16.243605,"centerLng":121.261285,"geometrySource":"all_barangay-2.csv detailed WKT","geometryMatchMethod":"unique_official_admin_names","boundaryPointCount":10},"geometry":{"type":"MultiPolygon","coordinates":[[[[121.289497,16.27903],[121.293709,16.280861],[121.299507,16.23645],[121.302002,16.20927],[121.275322,16.216351],[121.237579,16.226231],[121.222702,16.230209],[121.244186,16.28091],[121.261337,16.267281],[121.289497,16.27903]]]]}},{"type":"Feature","properties":{"ID_0":177,"ISO":"PHL","NAME_0":"Philippines","ID_1":2050,"NAME_1":"Nueva Vizcaya","ID_2":205007,"NAME_2":"Dupax del Norte","ID_3":205007009,"NAME_3":"Inaban","NL_NAME_3":null,"VARNAME_3":null,"TYPE_3":"Barangay","ENGTYPE_3":"Village","PROVINCE":"Nueva Vizcaya","REGION":"Region II (Cagayan Valley)","id":"barangay-0205007009","name":"Inaban","barangayCode":"0205007009","population":null,"formattedPop":null,"densityCategory":"No data","vulnerabilityRating":"No data","healthRiskLevel":"No data","areaKm2":10.213025,"centerLat":16.289701,"centerLng":121.141511,"geometrySource":"all_barangay-2.csv detailed WKT","geometryMatchMethod":"unique_official_admin_names","boundaryPointCount":13},"geometry":{"type":"MultiPolygon","coordinates":[[[[121.140404,16.304831],[121.147141,16.297701],[121.17215,16.271351],[121.16848,16.2572],[121.16124,16.267719],[121.155602,16.27923],[121.1306,16.28842],[121.121979,16.291059],[121.123932,16.299841],[121.113808,16.305269],[121.110603,16.314751],[121.126373,16.318489],[121.140404,16.304831]]]]}},{"type":"Feature","properties":{"ID_0":177,"ISO":"PHL","NAME_0":"Philippines","ID_1":2050,"NAME_1":"Nueva Vizcaya","ID_2":205007,"NAME_2":"Dupax del Norte","ID_3":205007010,"NAME_3":"Ineangan","NL_NAME_3":null,"VARNAME_3":null,"TYPE_3":"Barangay","ENGTYPE_3":"Village","PROVINCE":"Nueva Vizcaya","REGION":"Region II (Cagayan Valley)","id":"barangay-0205007010","name":"Ineangan","barangayCode":"0205007010","population":null,"formattedPop":null,"densityCategory":"No data","vulnerabilityRating":"No data","healthRiskLevel":"No data","areaKm2":5.798159,"centerLat":16.317349,"centerLng":121.087205,"geometrySource":"all_barangay-2.csv detailed WKT","geometryMatchMethod":"unique_official_admin_names","boundaryPointCount":8},"geometry":{"type":"MultiPolygon","coordinates":[[[[121.087044,16.32967],[121.098289,16.332331],[121.102158,16.32192],[121.093437,16.309879],[121.088127,16.31245],[121.063766,16.32379],[121.057129,16.3298],[121.087044,16.32967]]]]}},{"type":"Feature","properties":{"ID_0":177,"ISO":"PHL","NAME_0":"Philippines","ID_1":2050,"NAME_1":"Nueva Vizcaya","ID_2":205007,"NAME_2":"Dupax del Norte","ID_3":205007011,"NAME_3":"Lamo","NL_NAME_3":null,"VARNAME_3":null,"TYPE_3":"Barangay","ENGTYPE_3":"Village","PROVINCE":"Nueva Vizcaya","REGION":"Region II (Cagayan Valley)","id":"barangay-0205007011","name":"Lamo","barangayCode":"0205007011","population":null,"formattedPop":null,"densityCategory":"No data","vulnerabilityRating":"No data","healthRiskLevel":"No data","areaKm2":5.323018,"centerLat":16.329958,"centerLng":121.110093,"geometrySource":"all_barangay-2.csv detailed WKT","geometryMatchMethod":"unique_official_admin_names","boundaryPointCount":7},"geometry":{"type":"MultiPolygon","coordinates":[[[[121.132111,16.334459],[121.114189,16.32424],[121.110603,16.314751],[121.102158,16.32192],[121.098289,16.332331],[121.10759,16.33279],[121.132111,16.334459]]]]}},{"type":"Feature","properties":{"ID_0":177,"ISO":"PHL","NAME_0":"Philippines","ID_1":2050,"NAME_1":"Nueva Vizcaya","ID_2":205007,"NAME_2":"Dupax del Norte","ID_3":205007012,"NAME_3":"Mabasa","NL_NAME_3":null,"VARNAME_3":null,"TYPE_3":"Barangay","ENGTYPE_3":"Village","PROVINCE":"Nueva Vizcaya","REGION":"Region II (Cagayan Valley)","id":"barangay-0205007012","name":"Mabasa","barangayCode":"0205007012","population":null,"formattedPop":null,"densityCategory":"No data","vulnerabilityRating":"No data","healthRiskLevel":"No data","areaKm2":13.985342,"centerLat":16.32152,"centerLng":121.139018,"geometrySource":"all_barangay-2.csv detailed WKT","geometryMatchMethod":"unique_official_admin_names","boundaryPointCount":7},"geometry":{"type":"MultiPolygon","coordinates":[[[[121.132111,16.334459],[121.181282,16.339239],[121.140404,16.304831],[121.126373,16.318489],[121.110603,16.314751],[121.114189,16.32424],[121.132111,16.334459]]]]}},{"type":"Feature","properties":{"ID_0":177,"ISO":"PHL","NAME_0":"Philippines","ID_1":2050,"NAME_1":"Nueva Vizcaya","ID_2":205007,"NAME_2":"Dupax del Norte","ID_3":205007013,"NAME_3":"Malasin","NL_NAME_3":null,"VARNAME_3":null,"TYPE_3":"Barangay","ENGTYPE_3":"Village","PROVINCE":"Nueva Vizcaya","REGION":"Region II (Cagayan Valley)","id":"barangay-0205007013","name":"Malasin","barangayCode":"0205007013","population":null,"formattedPop":null,"densityCategory":"No data","vulnerabilityRating":"No data","healthRiskLevel":"No data","areaKm2":5.825912,"centerLat":16.302765,"centerLng":121.107471,"geometrySource":"all_barangay-2.csv detailed WKT","geometryMatchMethod":"unique_official_admin_names","boundaryPointCount":8},"geometry":{"type":"MultiPolygon","coordinates":[[[[121.110603,16.314751],[121.113808,16.305269],[121.123932,16.299841],[121.121979,16.291059],[121.101517,16.303419],[121.093437,16.309879],[121.102158,16.32192],[121.110603,16.314751]]]]}},{"type":"Feature","properties":{"ID_0":177,"ISO":"PHL","NAME_0":"Philippines","ID_1":2050,"NAME_1":"Nueva Vizcaya","ID_2":205007,"NAME_2":"Dupax del Norte","ID_3":205007015,"NAME_3":"Munguia","NL_NAME_3":null,"VARNAME_3":null,"TYPE_3":"Barangay","ENGTYPE_3":"Village","PROVINCE":"Nueva Vizcaya","REGION":"Region II (Cagayan Valley)","id":"barangay-0205007015","name":"Munguia","barangayCode":"0205007015","population":null,"formattedPop":null,"densityCategory":"No data","vulnerabilityRating":"No data","healthRiskLevel":"No data","areaKm2":4.716202,"centerLat":16.298937,"centerLng":121.152917,"geometrySource":"all_barangay-2.csv detailed WKT","geometryMatchMethod":"unique_official_admin_names","boundaryPointCount":9},"geometry":{"type":"MultiPolygon","coordinates":[[[[121.210487,16.31757],[121.230141,16.295691],[121.238258,16.28664],[121.179962,16.285299],[121.17215,16.271351],[121.147141,16.297701],[121.156982,16.307699],[121.178902,16.304729],[121.210487,16.31757]]]]}},{"type":"Feature","properties":{"ID_0":177,"ISO":"PHL","NAME_0":"Philippines","ID_1":2050,"NAME_1":"Nueva Vizcaya","ID_2":205007,"NAME_2":"Dupax del Norte","ID_3":205007016,"NAME_3":"Oyao","NL_NAME_3":null,"VARNAME_3":null,"TYPE_3":"Barangay","ENGTYPE_3":"Village","PROVINCE":"Nueva Vizcaya","REGION":"Region II (Cagayan Valley)","id":"barangay-0205007016","name":"Oyao","barangayCode":"0205007016","population":null,"formattedPop":null,"densityCategory":"No data","vulnerabilityRating":"No data","healthRiskLevel":"No data","areaKm2":16.86949,"centerLat":16.232232,"centerLng":121.205353,"geometrySource":"all_barangay-2.csv detailed WKT","geometryMatchMethod":"unique_official_admin_names","boundaryPointCount":9},"geometry":{"type":"MultiPolygon","coordinates":[[[[121.222702,16.230209],[121.237579,16.226231],[121.23317,16.207109],[121.219879,16.170679],[121.209923,16.186661],[121.199852,16.202391],[121.193314,16.21489],[121.189178,16.222139],[121.222702,16.230209]]]]}},{"type":"Feature","properties":{"ID_0":177,"ISO":"PHL","NAME_0":"Philippines","ID_1":2050,"NAME_1":"Nueva Vizcaya","ID_2":205007,"NAME_2":"Dupax del Norte","ID_3":205007018,"NAME_3":"New Gumiad","NL_NAME_3":null,"VARNAME_3":null,"TYPE_3":"Barangay","ENGTYPE_3":"Village","PROVINCE":"Nueva Vizcaya","REGION":"Region II (Cagayan Valley)","id":"barangay-0205007018","name":"New Gumiad","barangayCode":"0205007018","population":null,"formattedPop":null,"densityCategory":"No data","vulnerabilityRating":"No data","healthRiskLevel":"No data","areaKm2":63.674313,"centerLat":16.070138,"centerLng":121.316983,"geometrySource":"all_barangay-2.csv detailed WKT","geometryMatchMethod":"unique_official_admin_names","boundaryPointCount":6},"geometry":{"type":"MultiPolygon","coordinates":[[[[121.27684,16.041349],[121.299728,16.047501],[121.322113,16.03941],[121.342682,16.021521],[121.285744,16.019159],[121.27684,16.041349]]]]}},{"type":"Feature","properties":{"ID_0":177,"ISO":"PHL","NAME_0":"Philippines","ID_1":2050,"NAME_1":"Nueva Vizcaya","ID_2":205007,"NAME_2":"Dupax del Norte","ID_3":205007019,"NAME_3":"Yabbi","NL_NAME_3":null,"VARNAME_3":null,"TYPE_3":"Barangay","ENGTYPE_3":"Village","PROVINCE":"Nueva Vizcaya","REGION":"Region II (Cagayan Valley)","id":"barangay-0205007019","name":"Yabbi","barangayCode":"0205007019","population":null,"formattedPop":null,"densityCategory":"No data","vulnerabilityRating":"No data","healthRiskLevel":"No data","areaKm2":23.842306,"centerLat":16.183698,"centerLng":121.29707,"geometrySource":"all_barangay-2.csv detailed WKT","geometryMatchMethod":"unique_official_admin_names","boundaryPointCount":9},"geometry":{"type":"MultiPolygon","coordinates":[[[[121.275322,16.216351],[121.302002,16.20927],[121.305893,16.175501],[121.318657,16.087879],[121.322113,16.03941],[121.299728,16.047501],[121.275093,16.190201],[121.272453,16.2157],[121.275322,16.216351]]]]}},{"type":"Feature","properties":{"ID_0":177,"ISO":"PHL","NAME_0":"Philippines","ID_1":2050,"NAME_1":"Nueva Vizcaya","ID_2":205007,"NAME_2":"Dupax del Norte","ID_3":205007020,"NAME_3":"Binuangan","NL_NAME_3":null,"VARNAME_3":null,"TYPE_3":"Barangay","ENGTYPE_3":"Village","PROVINCE":"Nueva Vizcaya","REGION":"Region II (Cagayan Valley)","id":"barangay-0205007020","name":"Binuangan","barangayCode":"0205007020","population":null,"formattedPop":null,"densityCategory":"No data","vulnerabilityRating":"No data","healthRiskLevel":"No data","areaKm2":30.905863,"centerLat":16.156102,"centerLng":121.264037,"geometrySource":"barangays.geojson simplified fallback","geometryMatchMethod":"simplified_fallback","boundaryPointCount":9},"geometry":{"type":"Polygon","coordinates":[[[121.26860503400007,16.18965795500003],[121.28687355400007,16.16680192800004],[121.27740099100004,16.161854126000037],[121.28692644500006,16.149512747000074],[121.2854885480001,16.137999210000032],[121.29531026400002,16.133466544000044],[121.271456854,16.112080442000035],[121.22906095400003,16.176433795000037],[121.26860503400007,16.18965795500003]]]}},{"type":"Feature","properties":{"ID_0":177,"ISO":"PHL","NAME_0":"Philippines","ID_1":2050,"NAME_1":"Nueva Vizcaya","ID_2":205007,"NAME_2":"Dupax del Norte","ID_3":205007021,"NAME_3":"Bitnong","NL_NAME_3":null,"VARNAME_3":null,"TYPE_3":"Barangay","ENGTYPE_3":"Village","PROVINCE":"Nueva Vizcaya","REGION":"Region II (Cagayan Valley)","id":"barangay-0205007021","name":"Bitnong","barangayCode":"0205007021","population":null,"formattedPop":null,"densityCategory":"No data","vulnerabilityRating":"No data","healthRiskLevel":"No data","areaKm2":35.639507,"centerLat":16.271715,"centerLng":121.194631,"geometrySource":"all_barangay-2.csv detailed WKT","geometryMatchMethod":"unique_official_admin_names","boundaryPointCount":8},"geometry":{"type":"MultiPolygon","coordinates":[[[[121.244186,16.28091],[121.222702,16.230209],[121.189178,16.222139],[121.16848,16.2572],[121.17215,16.271351],[121.179962,16.285299],[121.238258,16.28664],[121.244186,16.28091]]]]}},{"type":"Feature","properties":{"ID_0":177,"ISO":"PHL","NAME_0":"Philippines","ID_1":2050,"NAME_1":"Nueva Vizcaya","ID_2":205007,"NAME_2":"Dupax del Norte","ID_3":205007022,"NAME_3":"Macabenga","NL_NAME_3":null,"VARNAME_3":null,"TYPE_3":"Barangay","ENGTYPE_3":"Village","PROVINCE":"Nueva Vizcaya","REGION":"Region II (Cagayan Valley)","id":"barangay-0205007022","name":"Macabenga","barangayCode":"0205007022","population":null,"formattedPop":null,"densityCategory":"No data","vulnerabilityRating":"No data","healthRiskLevel":"No data","areaKm2":16.718571,"centerLat":16.208397,"centerLng":121.228205,"geometrySource":"all_barangay-2.csv detailed WKT","geometryMatchMethod":"unique_official_admin_names","boundaryPointCount":5},"geometry":{"type":"MultiPolygon","coordinates":[[[[121.275322,16.216351],[121.272453,16.2157],[121.23317,16.207109],[121.237579,16.226231],[121.275322,16.216351]]]]}},{"type":"Feature","properties":{"ID_0":177,"ISO":"PHL","NAME_0":"Philippines","ID_1":2050,"NAME_1":"Nueva Vizcaya","ID_2":205007,"NAME_2":"Dupax del Norte","ID_3":205007023,"NAME_3":"Parai","NL_NAME_3":null,"VARNAME_3":null,"TYPE_3":"Barangay","ENGTYPE_3":"Village","PROVINCE":"Nueva Vizcaya","REGION":"Region II (Cagayan Valley)","id":"barangay-0205007023","name":"Parai","barangayCode":"0205007023","population":null,"formattedPop":null,"densityCategory":"No data","vulnerabilityRating":"No data","healthRiskLevel":"No data","areaKm2":13.332912,"centerLat":16.307932,"centerLng":121.184932,"geometrySource":"all_barangay-2.csv detailed WKT","geometryMatchMethod":"unique_official_admin_names","boundaryPointCount":7},"geometry":{"type":"MultiPolygon","coordinates":[[[[121.181282,16.339239],[121.210487,16.31757],[121.178902,16.304729],[121.156982,16.307699],[121.147141,16.297701],[121.140404,16.304831],[121.181282,16.339239]]]]}},{"type":"Feature","properties":{"ID_0":177,"ISO":"PHL","NAME_0":"Philippines","ID_1":2050,"NAME_1":"Nueva Vizcaya","ID_2":205008,"NAME_2":"Dupax del Sur","ID_3":205008001,"NAME_3":"Abaca","NL_NAME_3":null,"VARNAME_3":null,"TYPE_3":"Barangay","ENGTYPE_3":"Village","PROVINCE":"Nueva Vizcaya","REGION":"Region II (Cagayan Valley)","id":"barangay-0205008001","name":"Abaca","barangayCode":"0205008001","population":null,"formattedPop":null,"densityCategory":"No data","vulnerabilityRating":"No data","healthRiskLevel":"No data","areaKm2":27.731924,"centerLat":15.997936,"centerLng":121.214289,"geometrySource":"all_barangay-2.csv detailed WKT","geometryMatchMethod":"unique_official_admin_names","boundaryPointCount":7},"geometry":{"type":"MultiPolygon","coordinates":[[[[121.219658,16.016781],[121.249687,15.99811],[121.243233,15.96473],[121.212883,15.95507],[121.197006,15.95625],[121.192703,16.0009],[121.219658,16.016781]]]]}},{"type":"Feature","properties":{"ID_0":177,"ISO":"PHL","NAME_0":"Philippines","ID_1":2050,"NAME_1":"Nueva Vizcaya","ID_2":205008,"NAME_2":"Dupax del Sur","ID_3":205008003,"NAME_3":"Banila","NL_NAME_3":null,"VARNAME_3":null,"TYPE_3":"Barangay","ENGTYPE_3":"Village","PROVINCE":"Nueva Vizcaya","REGION":"Region II (Cagayan Valley)","id":"barangay-0205008003","name":"Banila","barangayCode":"0205008003","population":null,"formattedPop":null,"densityCategory":"No data","vulnerabilityRating":"No data","healthRiskLevel":"No data","areaKm2":23.352294,"centerLat":16.200443,"centerLng":121.115144,"geometrySource":"all_barangay-2.csv detailed WKT","geometryMatchMethod":"unique_official_admin_names","boundaryPointCount":14},"geometry":{"type":"MultiPolygon","coordinates":[[[[121.128731,16.25325],[121.136833,16.250299],[121.157784,16.167259],[121.160881,16.15093],[121.146622,16.152109],[121.141739,16.14142],[121.130386,16.137621],[121.119034,16.140381],[121.120232,16.15601],[121.116859,16.19729],[121.118042,16.208151],[121.116547,16.221359],[121.111443,16.239441],[121.128731,16.25325]]]]}},{"type":"Feature","properties":{"ID_0":177,"ISO":"PHL","NAME_0":"Philippines","ID_1":2050,"NAME_1":"Nueva Vizcaya","ID_2":205008,"NAME_2":"Dupax del Sur","ID_3":205008004,"NAME_3":"Carolotan","NL_NAME_3":null,"VARNAME_3":null,"TYPE_3":"Barangay","ENGTYPE_3":"Village","PROVINCE":"Nueva Vizcaya","REGION":"Region II (Cagayan Valley)","id":"barangay-0205008004","name":"Carolotan","barangayCode":"0205008004","population":null,"formattedPop":null,"densityCategory":"No data","vulnerabilityRating":"No data","healthRiskLevel":"No data","areaKm2":11.132188,"centerLat":16.226655,"centerLng":121.132322,"geometrySource":"all_barangay-2.csv detailed WKT","geometryMatchMethod":"unique_official_admin_names","boundaryPointCount":6},"geometry":{"type":"MultiPolygon","coordinates":[[[[121.147209,16.2626],[121.136833,16.250299],[121.128731,16.25325],[121.126907,16.26314],[121.132858,16.27125],[121.147209,16.2626]]]]}},{"type":"Feature","properties":{"ID_0":177,"ISO":"PHL","NAME_0":"Philippines","ID_1":2050,"NAME_1":"Nueva Vizcaya","ID_2":205008,"NAME_2":"Dupax del Sur","ID_3":205008007,"NAME_3":"Gabut","NL_NAME_3":null,"VARNAME_3":null,"TYPE_3":"Barangay","ENGTYPE_3":"Village","PROVINCE":"Nueva Vizcaya","REGION":"Region II (Cagayan Valley)","id":"barangay-0205008007","name":"Gabut","barangayCode":"0205008007","population":null,"formattedPop":null,"densityCategory":"No data","vulnerabilityRating":"No data","healthRiskLevel":"No data","areaKm2":3.507371,"centerLat":16.323318,"centerLng":121.054953,"geometrySource":"all_barangay-2.csv detailed WKT","geometryMatchMethod":"unique_official_admin_names","boundaryPointCount":24},"geometry":{"type":"MultiPolygon","coordinates":[[[[121.043472,16.32744],[121.045097,16.32774],[121.045509,16.327921],[121.04673,16.328449],[121.047661,16.32852],[121.049667,16.32815],[121.050323,16.328421],[121.050987,16.32955],[121.052116,16.329571],[121.053322,16.32902],[121.054901,16.328991],[121.055069,16.329041],[121.057129,16.3298],[121.063766,16.32379],[121.06321,16.319731],[121.062691,16.31918],[121.060478,16.31867],[121.059647,16.318069],[121.05957,16.318029],[121.058884,16.317289],[121.058281,16.316271],[121.05793,16.315241],[121.056229,16.314671],[121.043472,16.32744]]]]}},{"type":"Feature","properties":{"ID_0":177,"ISO":"PHL","NAME_0":"Philippines","ID_1":2050,"NAME_1":"Nueva Vizcaya","ID_2":205008,"NAME_2":"Dupax del Sur","ID_3":205008008,"NAME_3":"Ganao","NL_NAME_3":null,"VARNAME_3":null,"TYPE_3":"Barangay","ENGTYPE_3":"Village","PROVINCE":"Nueva Vizcaya","REGION":"Region II (Cagayan Valley)","id":"barangay-0205008008","name":"Ganao","barangayCode":"0205008008","population":null,"formattedPop":null,"densityCategory":"No data","vulnerabilityRating":"No data","healthRiskLevel":"No data","areaKm2":27.010539,"centerLat":16.162368,"centerLng":121.186583,"geometrySource":"all_barangay-2.csv detailed WKT","geometryMatchMethod":"unique_official_admin_names","boundaryPointCount":13},"geometry":{"type":"MultiPolygon","coordinates":[[[[121.219879,16.170679],[121.228363,16.15686],[121.20504,16.146971],[121.18364,16.080099],[121.175392,16.090759],[121.167732,16.09366],[121.184639,16.134279],[121.187477,16.14974],[121.167183,16.17024],[121.170097,16.190479],[121.199852,16.202391],[121.209923,16.186661],[121.219879,16.170679]]]]}},{"type":"Feature","properties":{"ID_0":177,"ISO":"PHL","NAME_0":"Philippines","ID_1":2050,"NAME_1":"Nueva Vizcaya","ID_2":205008,"NAME_2":"Dupax del Sur","ID_3":205008010,"NAME_3":"Lukidnon","NL_NAME_3":null,"VARNAME_3":null,"TYPE_3":"Barangay","ENGTYPE_3":"Village","PROVINCE":"Nueva Vizcaya","REGION":"Region II (Cagayan Valley)","id":"barangay-0205008010","name":"Lukidnon","barangayCode":"0205008010","population":null,"formattedPop":null,"densityCategory":"No data","vulnerabilityRating":"No data","healthRiskLevel":"No data","areaKm2":42.556287,"centerLat":15.93895,"centerLng":121.215117,"geometrySource":"all_barangay-2.csv detailed WKT","geometryMatchMethod":"unique_official_admin_names","boundaryPointCount":12},"geometry":{"type":"MultiPolygon","coordinates":[[[[121.243233,15.96473],[121.223244,15.87755],[121.235359,15.85401],[121.22155,15.86631],[121.210732,15.88558],[121.205132,15.8948],[121.198021,15.90807],[121.195671,15.92848],[121.195068,15.93658],[121.197006,15.95625],[121.212883,15.95507],[121.243233,15.96473]]]]}},{"type":"Feature","properties":{"ID_0":177,"ISO":"PHL","NAME_0":"Philippines","ID_1":2050,"NAME_1":"Nueva Vizcaya","ID_2":205008,"NAME_2":"Dupax del Sur","ID_3":205008011,"NAME_3":"Mangayang","NL_NAME_3":null,"VARNAME_3":null,"TYPE_3":"Barangay","ENGTYPE_3":"Village","PROVINCE":"Nueva Vizcaya","REGION":"Region II (Cagayan Valley)","id":"barangay-0205008011","name":"Mangayang","barangayCode":"0205008011","population":null,"formattedPop":null,"densityCategory":"No data","vulnerabilityRating":"No data","healthRiskLevel":"No data","areaKm2":2.86334,"centerLat":16.309259,"centerLng":121.070566,"geometrySource":"all_barangay-2.csv detailed WKT","geometryMatchMethod":"unique_official_admin_names","boundaryPointCount":16},"geometry":{"type":"MultiPolygon","coordinates":[[[[121.063766,16.32379],[121.088127,16.31245],[121.079514,16.30814],[121.077347,16.30452],[121.073143,16.302679],[121.071663,16.29944],[121.056229,16.314671],[121.05793,16.315241],[121.058281,16.316271],[121.058884,16.317289],[121.05957,16.318029],[121.059647,16.318069],[121.060478,16.31867],[121.062691,16.31918],[121.06321,16.319731],[121.063766,16.32379]]]]}},{"type":"Feature","properties":{"ID_0":177,"ISO":"PHL","NAME_0":"Philippines","ID_1":2050,"NAME_1":"Nueva Vizcaya","ID_2":205008,"NAME_2":"Dupax del Sur","ID_3":205008012,"NAME_3":"Palabotan","NL_NAME_3":null,"VARNAME_3":null,"TYPE_3":"Barangay","ENGTYPE_3":"Village","PROVINCE":"Nueva Vizcaya","REGION":"Region II (Cagayan Valley)","id":"barangay-0205008012","name":"Palabotan","barangayCode":"0205008012","population":null,"formattedPop":null,"densityCategory":"No data","vulnerabilityRating":"No data","healthRiskLevel":"No data","areaKm2":10.515944,"centerLat":16.260691,"centerLng":121.108492,"geometrySource":"all_barangay-2.csv detailed WKT","geometryMatchMethod":"unique_official_admin_names","boundaryPointCount":11},"geometry":{"type":"MultiPolygon","coordinates":[[[[121.121979,16.291059],[121.1306,16.28842],[121.132858,16.27125],[121.126907,16.26314],[121.128731,16.25325],[121.111443,16.239441],[121.10527,16.26598],[121.09874,16.27178],[121.106354,16.27651],[121.108177,16.284901],[121.121979,16.291059]]]]}},{"type":"Feature","properties":{"ID_0":177,"ISO":"PHL","NAME_0":"Philippines","ID_1":2050,"NAME_1":"Nueva Vizcaya","ID_2":205008,"NAME_2":"Dupax del Sur","ID_3":205008013,"NAME_3":"Biruk","NL_NAME_3":null,"VARNAME_3":null,"TYPE_3":"Barangay","ENGTYPE_3":"Village","PROVINCE":"Nueva Vizcaya","REGION":"Region II (Cagayan Valley)","id":"barangay-0205008013","name":"Biruk","barangayCode":"0205008013","population":null,"formattedPop":null,"densityCategory":"No data","vulnerabilityRating":"No data","healthRiskLevel":"No data","areaKm2":68.369412,"centerLat":16.091894,"centerLng":121.220232,"geometrySource":"all_barangay-2.csv detailed WKT","geometryMatchMethod":"unique_official_admin_names","boundaryPointCount":11},"geometry":{"type":"MultiPolygon","coordinates":[[[[121.247864,16.12476],[121.261559,16.08749],[121.2332,16.064939],[121.230507,16.058531],[121.219658,16.016781],[121.192703,16.0009],[121.188454,16.04846],[121.199417,16.057831],[121.212807,16.071859],[121.214439,16.10998],[121.247864,16.12476]]]]}},{"type":"Feature","properties":{"ID_0":177,"ISO":"PHL","NAME_0":"Philippines","ID_1":2050,"NAME_1":"Nueva Vizcaya","ID_2":205008,"NAME_2":"Dupax del Sur","ID_3":205008014,"NAME_3":"Bagumbayan","NL_NAME_3":null,"VARNAME_3":null,"TYPE_3":"Barangay","ENGTYPE_3":"Village","PROVINCE":"Nueva Vizcaya","REGION":"Region II (Cagayan Valley)","id":"barangay-0205008014","name":"Bagumbayan","barangayCode":"0205008014","population":null,"formattedPop":null,"densityCategory":"No data","vulnerabilityRating":"No data","healthRiskLevel":"No data","areaKm2":2.888128,"centerLat":16.288374,"centerLng":121.1026,"geometrySource":"all_barangay-2.csv detailed WKT","geometryMatchMethod":"unique_official_admin_names","boundaryPointCount":6},"geometry":{"type":"MultiPolygon","coordinates":[[[[121.121979,16.291059],[121.108177,16.284901],[121.094543,16.287149],[121.098602,16.290791],[121.101517,16.303419],[121.121979,16.291059]]]]}},{"type":"Feature","properties":{"ID_0":177,"ISO":"PHL","NAME_0":"Philippines","ID_1":2050,"NAME_1":"Nueva Vizcaya","ID_2":205008,"NAME_2":"Dupax del Sur","ID_3":205008015,"NAME_3":"Balsain","NL_NAME_3":null,"VARNAME_3":null,"TYPE_3":"Barangay","ENGTYPE_3":"Village","PROVINCE":"Nueva Vizcaya","REGION":"Region II (Cagayan Valley)","id":"barangay-0205008015","name":"Balsain","barangayCode":"0205008015","population":null,"formattedPop":null,"densityCategory":"No data","vulnerabilityRating":"No data","healthRiskLevel":"No data","areaKm2":1.176319,"centerLat":16.294775,"centerLng":121.091966,"geometrySource":"all_barangay-2.csv detailed WKT","geometryMatchMethod":"unique_official_admin_names","boundaryPointCount":6},"geometry":{"type":"MultiPolygon","coordinates":[[[[121.101517,16.303419],[121.098602,16.290791],[121.094543,16.287149],[121.084534,16.296129],[121.084953,16.297859],[121.101517,16.303419]]]]}},{"type":"Feature","properties":{"ID_0":177,"ISO":"PHL","NAME_0":"Philippines","ID_1":2050,"NAME_1":"Nueva Vizcaya","ID_2":205008,"NAME_2":"Dupax del Sur","ID_3":205008016,"NAME_3":"Canabay","NL_NAME_3":null,"VARNAME_3":null,"TYPE_3":"Barangay","ENGTYPE_3":"Village","PROVINCE":"Nueva Vizcaya","REGION":"Region II (Cagayan Valley)","id":"barangay-0205008016","name":"Canabay","barangayCode":"0205008016","population":null,"formattedPop":null,"densityCategory":"No data","vulnerabilityRating":"No data","healthRiskLevel":"No data","areaKm2":27.378318,"centerLat":16.257364,"centerLng":121.142588,"geometrySource":"all_barangay-2.csv detailed WKT","geometryMatchMethod":"unique_official_admin_names","boundaryPointCount":6},"geometry":{"type":"MultiPolygon","coordinates":[[[[121.1306,16.28842],[121.155602,16.27923],[121.16124,16.267719],[121.147209,16.2626],[121.132858,16.27125],[121.1306,16.28842]]]]}},{"type":"Feature","properties":{"ID_0":177,"ISO":"PHL","NAME_0":"Philippines","ID_1":2050,"NAME_1":"Nueva Vizcaya","ID_2":205008,"NAME_2":"Dupax del Sur","ID_3":205008017,"NAME_3":"Domang","NL_NAME_3":null,"VARNAME_3":null,"TYPE_3":"Barangay","ENGTYPE_3":"Village","PROVINCE":"Nueva Vizcaya","REGION":"Region II (Cagayan Valley)","id":"barangay-0205008017","name":"Domang","barangayCode":"0205008017","population":null,"formattedPop":null,"densityCategory":"No data","vulnerabilityRating":"No data","healthRiskLevel":"No data","areaKm2":0.432242,"centerLat":16.283686,"centerLng":121.086832,"geometrySource":"all_barangay-2.csv detailed WKT","geometryMatchMethod":"unique_official_admin_names","boundaryPointCount":6},"geometry":{"type":"MultiPolygon","coordinates":[[[[121.084534,16.296129],[121.094543,16.287149],[121.088539,16.28241],[121.081673,16.28956],[121.083099,16.293501],[121.084534,16.296129]]]]}},{"type":"Feature","properties":{"ID_0":177,"ISO":"PHL","NAME_0":"Philippines","ID_1":2050,"NAME_1":"Nueva Vizcaya","ID_2":205008,"NAME_2":"Dupax del Sur","ID_3":205008018,"NAME_3":"Dopaj","NL_NAME_3":null,"VARNAME_3":null,"TYPE_3":"Barangay","ENGTYPE_3":"Village","PROVINCE":"Nueva Vizcaya","REGION":"Region II (Cagayan Valley)","id":"barangay-0205008018","name":"Dopaj","barangayCode":"0205008018","population":null,"formattedPop":null,"densityCategory":"No data","vulnerabilityRating":"No data","healthRiskLevel":"No data","areaKm2":1.104969,"centerLat":16.277141,"centerLng":121.091967,"geometrySource":"all_barangay-2.csv detailed WKT","geometryMatchMethod":"unique_official_admin_names","boundaryPointCount":6},"geometry":{"type":"MultiPolygon","coordinates":[[[[121.094543,16.287149],[121.108177,16.284901],[121.106354,16.27651],[121.09874,16.27178],[121.088539,16.28241],[121.094543,16.287149]]]]}},{"type":"Feature","properties":{"ID_0":177,"ISO":"PHL","NAME_0":"Philippines","ID_1":2050,"NAME_1":"Nueva Vizcaya","ID_2":205008,"NAME_2":"Dupax del Sur","ID_3":205008019,"NAME_3":"Kimbutan","NL_NAME_3":null,"VARNAME_3":null,"TYPE_3":"Barangay","ENGTYPE_3":"Village","PROVINCE":"Nueva Vizcaya","REGION":"Region II (Cagayan Valley)","id":"barangay-0205008019","name":"Kimbutan","barangayCode":"0205008019","population":null,"formattedPop":null,"densityCategory":"No data","vulnerabilityRating":"No data","healthRiskLevel":"No data","areaKm2":33.096094,"centerLat":16.14199,"centerLng":121.225177,"geometrySource":"all_barangay-2.csv detailed WKT","geometryMatchMethod":"unique_official_admin_names","boundaryPointCount":10},"geometry":{"type":"MultiPolygon","coordinates":[[[[121.247864,16.12476],[121.214439,16.10998],[121.212807,16.071859],[121.199417,16.057831],[121.188454,16.04846],[121.186188,16.072371],[121.18364,16.080099],[121.20504,16.146971],[121.228363,16.15686],[121.247864,16.12476]]]]}},{"type":"Feature","properties":{"ID_0":177,"ISO":"PHL","NAME_0":"Philippines","ID_1":2050,"NAME_1":"Nueva Vizcaya","ID_2":205008,"NAME_2":"Dupax del Sur","ID_3":205008020,"NAME_3":"Kinabuan","NL_NAME_3":null,"VARNAME_3":null,"TYPE_3":"Barangay","ENGTYPE_3":"Village","PROVINCE":"Nueva Vizcaya","REGION":"Region II (Cagayan Valley)","id":"barangay-0205008020","name":"Kinabuan","barangayCode":"0205008020","population":null,"formattedPop":null,"densityCategory":"No data","vulnerabilityRating":"No data","healthRiskLevel":"No data","areaKm2":26.54579,"centerLat":16.208336,"centerLng":121.17196,"geometrySource":"all_barangay-2.csv detailed WKT","geometryMatchMethod":"unique_official_admin_names","boundaryPointCount":13},"geometry":{"type":"MultiPolygon","coordinates":[[[[121.16124,16.267719],[121.16848,16.2572],[121.189178,16.222139],[121.193314,16.21489],[121.199852,16.202391],[121.170097,16.190479],[121.167183,16.17024],[121.187477,16.14974],[121.160881,16.15093],[121.157784,16.167259],[121.136833,16.250299],[121.147209,16.2626],[121.16124,16.267719]]]]}},{"type":"Feature","properties":{"ID_0":177,"ISO":"PHL","NAME_0":"Philippines","ID_1":2050,"NAME_1":"Nueva Vizcaya","ID_2":205008,"NAME_2":"Dupax del Sur","ID_3":205008021,"NAME_3":"Sanguit","NL_NAME_3":null,"VARNAME_3":null,"TYPE_3":"Barangay","ENGTYPE_3":"Village","PROVINCE":"Nueva Vizcaya","REGION":"Region II (Cagayan Valley)","id":"barangay-0205008021","name":"Sanguit","barangayCode":"0205008021","population":null,"formattedPop":null,"densityCategory":"No data","vulnerabilityRating":"No data","healthRiskLevel":"No data","areaKm2":47.149603,"centerLat":16.142817,"centerLng":121.146495,"geometrySource":"all_barangay-2.csv detailed WKT","geometryMatchMethod":"unique_official_admin_names","boundaryPointCount":15},"geometry":{"type":"MultiPolygon","coordinates":[[[[121.187477,16.14974],[121.184639,16.134279],[121.167732,16.09366],[121.161537,16.09572],[121.161453,16.095751],[121.157242,16.097151],[121.149567,16.101231],[121.135468,16.107161],[121.116524,16.106701],[121.119034,16.140381],[121.130386,16.137621],[121.141739,16.14142],[121.146622,16.152109],[121.160881,16.15093],[121.187477,16.14974]]]]}},{"type":"Feature","properties":{"ID_0":177,"ISO":"PHL","NAME_0":"Philippines","ID_1":2050,"NAME_1":"Nueva Vizcaya","ID_2":205008,"NAME_2":"Dupax del Sur","ID_3":205008022,"NAME_3":"Santa Maria","NL_NAME_3":null,"VARNAME_3":null,"TYPE_3":"Barangay","ENGTYPE_3":"Village","PROVINCE":"Nueva Vizcaya","REGION":"Region II (Cagayan Valley)","id":"barangay-0205008022","name":"Santa Maria","barangayCode":"0205008022","population":null,"formattedPop":null,"densityCategory":"No data","vulnerabilityRating":"No data","healthRiskLevel":"No data","areaKm2":3.034049,"centerLat":16.29614,"centerLng":121.082185,"geometrySource":"all_barangay-2.csv detailed WKT","geometryMatchMethod":"unique_official_admin_names","boundaryPointCount":12},"geometry":{"type":"MultiPolygon","coordinates":[[[[121.093437,16.309879],[121.101517,16.303419],[121.084953,16.297859],[121.084534,16.296129],[121.083099,16.293501],[121.081673,16.28956],[121.071663,16.29944],[121.073143,16.302679],[121.077347,16.30452],[121.079514,16.30814],[121.088127,16.31245],[121.093437,16.309879]]]]}},{"type":"Feature","properties":{"ID_0":177,"ISO":"PHL","NAME_0":"Philippines","ID_1":2050,"NAME_1":"Nueva Vizcaya","ID_2":205008,"NAME_2":"Dupax del Sur","ID_3":205008023,"NAME_3":"Talbek","NL_NAME_3":null,"VARNAME_3":null,"TYPE_3":"Barangay","ENGTYPE_3":"Village","PROVINCE":"Nueva Vizcaya","REGION":"Region II (Cagayan Valley)","id":"barangay-0205008023","name":"Talbek","barangayCode":"0205008023","population":null,"formattedPop":null,"densityCategory":"No data","vulnerabilityRating":"No data","healthRiskLevel":"No data","areaKm2":52.442244,"centerLat":16.04505,"centerLng":121.247004,"geometrySource":"all_barangay-2.csv detailed WKT","geometryMatchMethod":"unique_official_admin_names","boundaryPointCount":10},"geometry":{"type":"MultiPolygon","coordinates":[[[[121.27684,16.041349],[121.285744,16.019159],[121.270157,16.018021],[121.253479,16.01778],[121.249687,15.99811],[121.219658,16.016781],[121.230507,16.058531],[121.2332,16.064939],[121.261559,16.08749],[121.27684,16.041349]]]]}},{"type":"Feature","properties":{"ID_0":177,"ISO":"PHL","NAME_0":"Philippines","ID_1":2050,"NAME_1":"Nueva Vizcaya","ID_2":205009,"NAME_2":"Kasibu","ID_3":205009001,"NAME_3":"Antutot","NL_NAME_3":null,"VARNAME_3":null,"TYPE_3":"Barangay","ENGTYPE_3":"Village","PROVINCE":"Nueva Vizcaya","REGION":"Region II (Cagayan Valley)","id":"barangay-0205009001","name":"Antutot","barangayCode":"0205009001","population":null,"formattedPop":null,"densityCategory":"No data","vulnerabilityRating":"No data","healthRiskLevel":"No data","areaKm2":26.171501,"centerLat":16.390183,"centerLng":121.207478,"geometrySource":"all_barangay-2.csv detailed WKT","geometryMatchMethod":"unique_official_admin_names","boundaryPointCount":24},"geometry":{"type":"MultiPolygon","coordinates":[[[[121.239471,16.3557],[121.238838,16.35128],[121.237831,16.3503],[121.236359,16.346939],[121.234879,16.341311],[121.234039,16.33728],[121.232162,16.3337],[121.210487,16.31757],[121.181282,16.339239],[121.2369,16.37005],[121.237457,16.36973],[121.237839,16.369381],[121.23848,16.369261],[121.239479,16.36895],[121.23999,16.367161],[121.239433,16.36574],[121.239304,16.36413],[121.238998,16.36179],[121.238503,16.359961],[121.238693,16.358509],[121.238747,16.358141],[121.239014,16.35709],[121.239227,16.35626],[121.239471,16.3557]]]]}},{"type":"Feature","properties":{"ID_0":177,"ISO":"PHL","NAME_0":"Philippines","ID_1":2050,"NAME_1":"Nueva Vizcaya","ID_2":205009,"NAME_2":"Kasibu","ID_3":205009002,"NAME_3":"Alimit","NL_NAME_3":null,"VARNAME_3":null,"TYPE_3":"Barangay","ENGTYPE_3":"Village","PROVINCE":"Nueva Vizcaya","REGION":"Region II (Cagayan Valley)","id":"barangay-0205009002","name":"Alimit","barangayCode":"0205009002","population":null,"formattedPop":null,"densityCategory":"No data","vulnerabilityRating":"No data","healthRiskLevel":"No data","areaKm2":22.421514,"centerLat":16.305582,"centerLng":121.468587,"geometrySource":"all_barangay-2.csv detailed WKT","geometryMatchMethod":"unique_official_admin_names","boundaryPointCount":6},"geometry":{"type":"MultiPolygon","coordinates":[[[[121.431229,16.392599],[121.443764,16.399401],[121.440117,16.38591],[121.440018,16.382931],[121.430038,16.38208],[121.431229,16.392599]]]]}},{"type":"Feature","properties":{"ID_0":177,"ISO":"PHL","NAME_0":"Philippines","ID_1":2050,"NAME_1":"Nueva Vizcaya","ID_2":205009,"NAME_2":"Kasibu","ID_3":205009003,"NAME_3":"Poblacion","NL_NAME_3":null,"VARNAME_3":null,"TYPE_3":"Barangay","ENGTYPE_3":"Village","PROVINCE":"Nueva Vizcaya","REGION":"Region II (Cagayan Valley)","id":"barangay-0205009003","name":"Poblacion","barangayCode":"0205009003","population":null,"formattedPop":null,"densityCategory":"No data","vulnerabilityRating":"No data","healthRiskLevel":"No data","areaKm2":4.762307,"centerLat":16.314766,"centerLng":121.287752,"geometrySource":"all_barangay-2.csv detailed WKT","geometryMatchMethod":"unique_official_admin_names","boundaryPointCount":15},"geometry":{"type":"MultiPolygon","coordinates":[[[[121.297043,16.336809],[121.313904,16.341221],[121.31163,16.322241],[121.311256,16.32102],[121.309998,16.316099],[121.307533,16.312441],[121.304947,16.31065],[121.302017,16.30969],[121.298462,16.30938],[121.292236,16.30912],[121.287003,16.324699],[121.295677,16.33255],[121.296783,16.33419],[121.297096,16.33382],[121.297043,16.336809]]]]}},{"type":"Feature","properties":{"ID_0":177,"ISO":"PHL","NAME_0":"Philippines","ID_1":2050,"NAME_1":"Nueva Vizcaya","ID_2":205009,"NAME_2":"Kasibu","ID_3":205009004,"NAME_3":"Belet","NL_NAME_3":null,"VARNAME_3":null,"TYPE_3":"Barangay","ENGTYPE_3":"Village","PROVINCE":"Nueva Vizcaya","REGION":"Region II (Cagayan Valley)","id":"barangay-0205009004","name":"Belet","barangayCode":"0205009004","population":null,"formattedPop":null,"densityCategory":"No data","vulnerabilityRating":"No data","healthRiskLevel":"No data","areaKm2":14.17253,"centerLat":16.297402,"centerLng":121.395714,"geometrySource":"barangays.geojson simplified fallback","geometryMatchMethod":"simplified_fallback","boundaryPointCount":6},"geometry":{"type":"Polygon","coordinates":[[[121.41747957100006,16.300832728000046],[121.39820229600002,16.27376395500005],[121.36825099300006,16.29801489500005],[121.387630306,16.31466993500004],[121.40202493800007,16.317037620000065],[121.41747957100006,16.300832728000046]]]}},{"type":"Feature","properties":{"ID_0":177,"ISO":"PHL","NAME_0":"Philippines","ID_1":2050,"NAME_1":"Nueva Vizcaya","ID_2":205009,"NAME_2":"Kasibu","ID_3":205009005,"NAME_3":"Binogawan","NL_NAME_3":null,"VARNAME_3":null,"TYPE_3":"Barangay","ENGTYPE_3":"Village","PROVINCE":"Nueva Vizcaya","REGION":"Region II (Cagayan Valley)","id":"barangay-0205009005","name":"Binogawan","barangayCode":"0205009005","population":null,"formattedPop":null,"densityCategory":"No data","vulnerabilityRating":"No data","healthRiskLevel":"No data","areaKm2":11.284658,"centerLat":16.377385,"centerLng":121.393688,"geometrySource":"all_barangay-2.csv detailed WKT","geometryMatchMethod":"unique_official_admin_names","boundaryPointCount":24},"geometry":{"type":"MultiPolygon","coordinates":[[[[121.363693,16.41065],[121.362694,16.413521],[121.36409,16.418489],[121.366043,16.42445],[121.36779,16.428301],[121.370171,16.431021],[121.372368,16.432119],[121.378708,16.429859],[121.385147,16.42732],[121.39386,16.4233],[121.407158,16.41828],[121.407753,16.41708],[121.408836,16.41361],[121.40847,16.409069],[121.406738,16.404591],[121.402184,16.401951],[121.384369,16.4081],[121.383636,16.408739],[121.381287,16.410839],[121.377022,16.412519],[121.369949,16.411869],[121.367149,16.40962],[121.366943,16.40913],[121.363693,16.41065]]]]}},{"type":"Feature","properties":{"ID_0":177,"ISO":"PHL","NAME_0":"Philippines","ID_1":2050,"NAME_1":"Nueva Vizcaya","ID_2":205009,"NAME_2":"Kasibu","ID_3":205009006,"NAME_3":"Bua","NL_NAME_3":null,"VARNAME_3":null,"TYPE_3":"Barangay","ENGTYPE_3":"Village","PROVINCE":"Nueva Vizcaya","REGION":"Region II (Cagayan Valley)","id":"barangay-0205009006","name":"Bua","barangayCode":"0205009006","population":null,"formattedPop":null,"densityCategory":"No data","vulnerabilityRating":"No data","healthRiskLevel":"No data","areaKm2":12.90728,"centerLat":16.295233,"centerLng":121.232235,"geometrySource":"all_barangay-2.csv detailed WKT","geometryMatchMethod":"unique_official_admin_names","boundaryPointCount":33},"geometry":{"type":"MultiPolygon","coordinates":[[[[121.26239,16.32868],[121.266159,16.322041],[121.269119,16.31616],[121.270447,16.313681],[121.271713,16.31094],[121.273277,16.30883],[121.277367,16.306141],[121.282387,16.303869],[121.287773,16.302099],[121.28994,16.302361],[121.290527,16.302059],[121.289909,16.299351],[121.288803,16.29471],[121.287956,16.28886],[121.28804,16.286461],[121.288727,16.284],[121.289497,16.27903],[121.261337,16.267281],[121.244186,16.28091],[121.238258,16.28664],[121.243652,16.29022],[121.246696,16.2939],[121.250267,16.29845],[121.252281,16.302429],[121.252777,16.306499],[121.25164,16.30979],[121.249603,16.312469],[121.246964,16.31391],[121.243347,16.315479],[121.241982,16.31735],[121.241608,16.318569],[121.241531,16.318821],[121.26239,16.32868]]]]}},{"type":"Feature","properties":{"ID_0":177,"ISO":"PHL","NAME_0":"Philippines","ID_1":2050,"NAME_1":"Nueva Vizcaya","ID_2":205009,"NAME_2":"Kasibu","ID_3":205009007,"NAME_3":"Biyoy","NL_NAME_3":null,"VARNAME_3":null,"TYPE_3":"Barangay","ENGTYPE_3":"Village","PROVINCE":"Nueva Vizcaya","REGION":"Region II (Cagayan Valley)","id":"barangay-0205009007","name":"Biyoy","barangayCode":"0205009007","population":null,"formattedPop":null,"densityCategory":"No data","vulnerabilityRating":"No data","healthRiskLevel":"No data","areaKm2":13.44839,"centerLat":16.247354,"centerLng":121.414056,"geometrySource":"all_barangay-2.csv detailed WKT","geometryMatchMethod":"unique_official_admin_names","boundaryPointCount":7},"geometry":{"type":"MultiPolygon","coordinates":[[[[121.409828,16.36013],[121.439117,16.363291],[121.437973,16.338921],[121.425346,16.333929],[121.414413,16.34436],[121.413811,16.348499],[121.409828,16.36013]]]]}},{"type":"Feature","properties":{"ID_0":177,"ISO":"PHL","NAME_0":"Philippines","ID_1":2050,"NAME_1":"Nueva Vizcaya","ID_2":205009,"NAME_2":"Kasibu","ID_3":205009008,"NAME_3":"Capisaan","NL_NAME_3":null,"VARNAME_3":null,"TYPE_3":"Barangay","ENGTYPE_3":"Village","PROVINCE":"Nueva Vizcaya","REGION":"Region II (Cagayan Valley)","id":"barangay-0205009008","name":"Capisaan","barangayCode":"0205009008","population":null,"formattedPop":null,"densityCategory":"No data","vulnerabilityRating":"No data","healthRiskLevel":"No data","areaKm2":11.000412,"centerLat":16.330645,"centerLng":121.396553,"geometrySource":"all_barangay-2.csv detailed WKT","geometryMatchMethod":"unique_official_admin_names","boundaryPointCount":19},"geometry":{"type":"MultiPolygon","coordinates":[[[[121.409119,16.397961],[121.43129,16.410469],[121.431229,16.392599],[121.430038,16.38208],[121.411011,16.37002],[121.411293,16.370541],[121.411903,16.37252],[121.41198,16.374689],[121.411507,16.376511],[121.410728,16.37772],[121.41053,16.37793],[121.411903,16.380421],[121.412956,16.38269],[121.413582,16.385799],[121.413872,16.389059],[121.413383,16.39179],[121.411812,16.39411],[121.410309,16.396219],[121.409119,16.397961]]]]}},{"type":"Feature","properties":{"ID_0":177,"ISO":"PHL","NAME_0":"Philippines","ID_1":2050,"NAME_1":"Nueva Vizcaya","ID_2":205009,"NAME_2":"Kasibu","ID_3":205009009,"NAME_3":"Cordon","NL_NAME_3":null,"VARNAME_3":null,"TYPE_3":"Barangay","ENGTYPE_3":"Village","PROVINCE":"Nueva Vizcaya","REGION":"Region II (Cagayan Valley)","id":"barangay-0205009009","name":"Cordon","barangayCode":"0205009009","population":null,"formattedPop":null,"densityCategory":"No data","vulnerabilityRating":"No data","healthRiskLevel":"No data","areaKm2":47.848735,"centerLat":16.386555,"centerLng":121.260229,"geometrySource":"all_barangay-2.csv detailed WKT","geometryMatchMethod":"unique_official_admin_names","boundaryPointCount":52},"geometry":{"type":"MultiPolygon","coordinates":[[[[121.314507,16.41444],[121.331673,16.424049],[121.331253,16.41699],[121.32946,16.41362],[121.328011,16.410761],[121.326599,16.40905],[121.3237,16.407669],[121.319397,16.40583],[121.312927,16.40205],[121.306686,16.39756],[121.301323,16.391979],[121.297577,16.384911],[121.296204,16.38205],[121.296333,16.3813],[121.295502,16.38109],[121.28965,16.3757],[121.284767,16.370029],[121.281517,16.363001],[121.281143,16.3589],[121.280159,16.35741],[121.272507,16.35471],[121.263962,16.351999],[121.257133,16.34886],[121.254578,16.346769],[121.252327,16.3451],[121.251244,16.34642],[121.25061,16.34757],[121.249718,16.34873],[121.248596,16.349661],[121.246437,16.35129],[121.245331,16.35199],[121.244637,16.353239],[121.243797,16.35462],[121.242607,16.35553],[121.241364,16.355841],[121.239471,16.3557],[121.239227,16.35626],[121.239014,16.35709],[121.238747,16.358141],[121.238693,16.358509],[121.238503,16.359961],[121.238998,16.36179],[121.239304,16.36413],[121.239433,16.36574],[121.23999,16.367161],[121.239479,16.36895],[121.23848,16.369261],[121.237839,16.369381],[121.237457,16.36973],[121.2369,16.37005],[121.290657,16.3999],[121.314507,16.41444]]]]}},{"type":"Feature","properties":{"ID_0":177,"ISO":"PHL","NAME_0":"Philippines","ID_1":2050,"NAME_1":"Nueva Vizcaya","ID_2":205009,"NAME_2":"Kasibu","ID_3":205009010,"NAME_3":"Didipio","NL_NAME_3":null,"VARNAME_3":null,"TYPE_3":"Barangay","ENGTYPE_3":"Village","PROVINCE":"Nueva Vizcaya","REGION":"Region II (Cagayan Valley)","id":"barangay-0205009010","name":"Didipio","barangayCode":"0205009010","population":null,"formattedPop":null,"densityCategory":"No data","vulnerabilityRating":"No data","healthRiskLevel":"No data","areaKm2":50.085064,"centerLat":16.336271,"centerLng":121.453602,"geometrySource":"all_barangay-2.csv detailed WKT","geometryMatchMethod":"unique_official_admin_names","boundaryPointCount":5},"geometry":{"type":"MultiPolygon","coordinates":[[[[121.448486,16.417179],[121.443764,16.399401],[121.431229,16.392599],[121.43129,16.410469],[121.448486,16.417179]]]]}},{"type":"Feature","properties":{"ID_0":177,"ISO":"PHL","NAME_0":"Philippines","ID_1":2050,"NAME_1":"Nueva Vizcaya","ID_2":205009,"NAME_2":"Kasibu","ID_3":205009011,"NAME_3":"Dine","NL_NAME_3":null,"VARNAME_3":null,"TYPE_3":"Barangay","ENGTYPE_3":"Village","PROVINCE":"Nueva Vizcaya","REGION":"Region II (Cagayan Valley)","id":"barangay-0205009011","name":"Dine","barangayCode":"0205009011","population":null,"formattedPop":null,"densityCategory":"No data","vulnerabilityRating":"No data","healthRiskLevel":"No data","areaKm2":24.761418,"centerLat":16.287879,"centerLng":121.364015,"geometrySource":"all_barangay-2.csv detailed WKT","geometryMatchMethod":"unique_official_admin_names","boundaryPointCount":22},"geometry":{"type":"MultiPolygon","coordinates":[[[[121.356621,16.35829],[121.366287,16.35878],[121.371521,16.35866],[121.374649,16.357519],[121.376534,16.35611],[121.378319,16.354071],[121.380524,16.35104],[121.380524,16.347059],[121.382187,16.34288],[121.383568,16.33835],[121.364372,16.32468],[121.364143,16.324909],[121.361931,16.32621],[121.357849,16.32704],[121.3489,16.3304],[121.349419,16.33864],[121.349648,16.343399],[121.350761,16.34794],[121.352493,16.35223],[121.354393,16.354639],[121.356667,16.355989],[121.356621,16.35829]]]]}},{"type":"Feature","properties":{"ID_0":177,"ISO":"PHL","NAME_0":"Philippines","ID_1":2050,"NAME_1":"Nueva Vizcaya","ID_2":205009,"NAME_2":"Kasibu","ID_3":205009012,"NAME_3":"Kakiduguen","NL_NAME_3":null,"VARNAME_3":null,"TYPE_3":"Barangay","ENGTYPE_3":"Village","PROVINCE":"Nueva Vizcaya","REGION":"Region II (Cagayan Valley)","id":"barangay-0205009012","name":"Kakiduguen","barangayCode":"0205009012","population":null,"formattedPop":null,"densityCategory":"No data","vulnerabilityRating":"No data","healthRiskLevel":"No data","areaKm2":22.461181,"centerLat":16.222072,"centerLng":121.377225,"geometrySource":"all_barangay-2.csv detailed WKT","geometryMatchMethod":"unique_official_admin_names","boundaryPointCount":8},"geometry":{"type":"MultiPolygon","coordinates":[[[[121.425346,16.333929],[121.394112,16.32093],[121.393227,16.32341],[121.392517,16.325569],[121.390747,16.32826],[121.389473,16.330601],[121.414413,16.34436],[121.425346,16.333929]]]]}},{"type":"Feature","properties":{"ID_0":177,"ISO":"PHL","NAME_0":"Philippines","ID_1":2050,"NAME_1":"Nueva Vizcaya","ID_2":205009,"NAME_2":"Kasibu","ID_3":205009014,"NAME_3":"Lupa","NL_NAME_3":null,"VARNAME_3":null,"TYPE_3":"Barangay","ENGTYPE_3":"Village","PROVINCE":"Nueva Vizcaya","REGION":"Region II (Cagayan Valley)","id":"barangay-0205009014","name":"Lupa","barangayCode":"0205009014","population":null,"formattedPop":null,"densityCategory":"No data","vulnerabilityRating":"No data","healthRiskLevel":"No data","areaKm2":9.230857,"centerLat":16.295389,"centerLng":121.267901,"geometrySource":"all_barangay-2.csv detailed WKT","geometryMatchMethod":"unique_official_admin_names","boundaryPointCount":14},"geometry":{"type":"MultiPolygon","coordinates":[[[[121.287003,16.324699],[121.292236,16.30912],[121.291801,16.30773],[121.291481,16.30624],[121.290863,16.30418],[121.290443,16.30304],[121.28994,16.302361],[121.287773,16.302099],[121.282387,16.303869],[121.277367,16.306141],[121.273277,16.30883],[121.271713,16.31094],[121.270447,16.313681],[121.287003,16.324699]]]]}},{"type":"Feature","properties":{"ID_0":177,"ISO":"PHL","NAME_0":"Philippines","ID_1":2050,"NAME_1":"Nueva Vizcaya","ID_2":205009,"NAME_2":"Kasibu","ID_3":205009015,"NAME_3":"Macalong","NL_NAME_3":null,"VARNAME_3":null,"TYPE_3":"Barangay","ENGTYPE_3":"Village","PROVINCE":"Nueva Vizcaya","REGION":"Region II (Cagayan Valley)","id":"barangay-0205009015","name":"Macalong","barangayCode":"0205009015","population":null,"formattedPop":null,"densityCategory":"No data","vulnerabilityRating":"No data","healthRiskLevel":"No data","areaKm2":11.372857,"centerLat":16.348215,"centerLng":121.227883,"geometrySource":"all_barangay-2.csv detailed WKT","geometryMatchMethod":"unique_official_admin_names","boundaryPointCount":28},"geometry":{"type":"MultiPolygon","coordinates":[[[[121.252327,16.3451],[121.252213,16.343781],[121.252113,16.34259],[121.250862,16.339849],[121.249847,16.3379],[121.24707,16.334591],[121.243858,16.33205],[121.240593,16.329411],[121.237953,16.327709],[121.237297,16.32729],[121.232162,16.3337],[121.234039,16.33728],[121.234879,16.341311],[121.236359,16.346939],[121.237831,16.3503],[121.238838,16.35128],[121.239471,16.3557],[121.241364,16.355841],[121.242607,16.35553],[121.243797,16.35462],[121.244637,16.353239],[121.245331,16.35199],[121.246437,16.35129],[121.248596,16.349661],[121.249718,16.34873],[121.25061,16.34757],[121.251244,16.34642],[121.252327,16.3451]]]]}},{"type":"Feature","properties":{"ID_0":177,"ISO":"PHL","NAME_0":"Philippines","ID_1":2050,"NAME_1":"Nueva Vizcaya","ID_2":205009,"NAME_2":"Kasibu","ID_3":205009016,"NAME_3":"Malabing","NL_NAME_3":null,"VARNAME_3":null,"TYPE_3":"Barangay","ENGTYPE_3":"Village","PROVINCE":"Nueva Vizcaya","REGION":"Region II (Cagayan Valley)","id":"barangay-0205009016","name":"Malabing","barangayCode":"0205009016","population":null,"formattedPop":null,"densityCategory":"No data","vulnerabilityRating":"No data","healthRiskLevel":"No data","areaKm2":16.592781,"centerLat":16.341953,"centerLng":121.366894,"geometrySource":"all_barangay-2.csv detailed WKT","geometryMatchMethod":"unique_official_admin_names","boundaryPointCount":16},"geometry":{"type":"MultiPolygon","coordinates":[[[[121.402184,16.401951],[121.395401,16.38504],[121.378319,16.354071],[121.376534,16.35611],[121.374649,16.357519],[121.371521,16.35866],[121.366287,16.35878],[121.356621,16.35829],[121.360283,16.361971],[121.365677,16.366911],[121.376213,16.37886],[121.379761,16.387449],[121.381927,16.395069],[121.38427,16.40439],[121.384369,16.4081],[121.402184,16.401951]]]]}},{"type":"Feature","properties":{"ID_0":177,"ISO":"PHL","NAME_0":"Philippines","ID_1":2050,"NAME_1":"Nueva Vizcaya","ID_2":205009,"NAME_2":"Kasibu","ID_3":205009017,"NAME_3":"Muta","NL_NAME_3":null,"VARNAME_3":null,"TYPE_3":"Barangay","ENGTYPE_3":"Village","PROVINCE":"Nueva Vizcaya","REGION":"Region II (Cagayan Valley)","id":"barangay-0205009017","name":"Muta","barangayCode":"0205009017","population":null,"formattedPop":null,"densityCategory":"No data","vulnerabilityRating":"No data","healthRiskLevel":"No data","areaKm2":13.895239,"centerLat":16.266449,"centerLng":121.287452,"geometrySource":"all_barangay-2.csv detailed WKT","geometryMatchMethod":"unique_official_admin_names","boundaryPointCount":23},"geometry":{"type":"MultiPolygon","coordinates":[[[[121.304497,16.30374],[121.305397,16.30336],[121.306419,16.302429],[121.307617,16.301121],[121.308884,16.29837],[121.31031,16.2962],[121.312141,16.29446],[121.31411,16.292721],[121.316017,16.289169],[121.293709,16.280861],[121.289497,16.27903],[121.288727,16.284],[121.28804,16.286461],[121.287956,16.28886],[121.288803,16.29471],[121.289909,16.299351],[121.290527,16.302059],[121.293327,16.30213],[121.294693,16.302679],[121.296913,16.303101],[121.299011,16.30345],[121.301353,16.30389],[121.304497,16.30374]]]]}},{"type":"Feature","properties":{"ID_0":177,"ISO":"PHL","NAME_0":"Philippines","ID_1":2050,"NAME_1":"Nueva Vizcaya","ID_2":205009,"NAME_2":"Kasibu","ID_3":205009018,"NAME_3":"Pao","NL_NAME_3":null,"VARNAME_3":null,"TYPE_3":"Barangay","ENGTYPE_3":"Village","PROVINCE":"Nueva Vizcaya","REGION":"Region II (Cagayan Valley)","id":"barangay-0205009018","name":"Pao","barangayCode":"0205009018","population":null,"formattedPop":null,"densityCategory":"No data","vulnerabilityRating":"No data","healthRiskLevel":"No data","areaKm2":36.635526,"centerLat":16.229349,"centerLng":121.33253,"geometrySource":"all_barangay-2.csv detailed WKT","geometryMatchMethod":"unique_official_admin_names","boundaryPointCount":13},"geometry":{"type":"MultiPolygon","coordinates":[[[[121.394112,16.32093],[121.35685,16.30444],[121.354698,16.308241],[121.355133,16.30969],[121.355583,16.311119],[121.356773,16.313219],[121.359192,16.315821],[121.362953,16.320511],[121.389473,16.330601],[121.390747,16.32826],[121.392517,16.325569],[121.393227,16.32341],[121.394112,16.32093]]]]}},{"type":"Feature","properties":{"ID_0":177,"ISO":"PHL","NAME_0":"Philippines","ID_1":2050,"NAME_1":"Nueva Vizcaya","ID_2":205009,"NAME_2":"Kasibu","ID_3":205009019,"NAME_3":"Papaya","NL_NAME_3":null,"VARNAME_3":null,"TYPE_3":"Barangay","ENGTYPE_3":"Village","PROVINCE":"Nueva Vizcaya","REGION":"Region II (Cagayan Valley)","id":"barangay-0205009019","name":"Papaya","barangayCode":"0205009019","population":null,"formattedPop":null,"densityCategory":"No data","vulnerabilityRating":"No data","healthRiskLevel":"No data","areaKm2":43.222757,"centerLat":16.369804,"centerLng":121.33564,"geometrySource":"all_barangay-2.csv detailed WKT","geometryMatchMethod":"unique_official_admin_names","boundaryPointCount":28},"geometry":{"type":"MultiPolygon","coordinates":[[[[121.384369,16.4081],[121.38427,16.40439],[121.381927,16.395069],[121.379761,16.387449],[121.376213,16.37886],[121.365677,16.366911],[121.360283,16.361971],[121.356621,16.35829],[121.33152,16.34635],[121.330147,16.347231],[121.327133,16.348801],[121.323059,16.351259],[121.321518,16.35685],[121.322617,16.369261],[121.32534,16.38431],[121.329102,16.39938],[121.329102,16.40214],[121.333817,16.40518],[121.34642,16.408581],[121.344673,16.40797],[121.363693,16.41065],[121.366943,16.40913],[121.367149,16.40962],[121.369949,16.411869],[121.377022,16.412519],[121.381287,16.410839],[121.383636,16.408739],[121.384369,16.4081]]]]}},{"type":"Feature","properties":{"ID_0":177,"ISO":"PHL","NAME_0":"Philippines","ID_1":2050,"NAME_1":"Nueva Vizcaya","ID_2":205009,"NAME_2":"Kasibu","ID_3":205009020,"NAME_3":"Pudi","NL_NAME_3":null,"VARNAME_3":null,"TYPE_3":"Barangay","ENGTYPE_3":"Village","PROVINCE":"Nueva Vizcaya","REGION":"Region II (Cagayan Valley)","id":"barangay-0205009020","name":"Pudi","barangayCode":"0205009020","population":null,"formattedPop":null,"densityCategory":"No data","vulnerabilityRating":"No data","healthRiskLevel":"No data","areaKm2":21.80747,"centerLat":16.304264,"centerLng":121.31293,"geometrySource":"all_barangay-2.csv detailed WKT","geometryMatchMethod":"unique_official_admin_names","boundaryPointCount":41},"geometry":{"type":"MultiPolygon","coordinates":[[[[121.33152,16.34635],[121.356621,16.35829],[121.356667,16.355989],[121.354393,16.354639],[121.352493,16.35223],[121.350761,16.34794],[121.349648,16.343399],[121.349419,16.33864],[121.3489,16.3304],[121.331421,16.319349],[121.333183,16.308701],[121.327431,16.3074],[121.327957,16.310249],[121.327789,16.313219],[121.32531,16.31657],[121.321983,16.31637],[121.318451,16.31432],[121.313553,16.310949],[121.310913,16.308729],[121.304497,16.30374],[121.301353,16.30389],[121.299011,16.30345],[121.296913,16.303101],[121.294693,16.302679],[121.293327,16.30213],[121.290527,16.302059],[121.28994,16.302361],[121.290443,16.30304],[121.290863,16.30418],[121.291481,16.30624],[121.291801,16.30773],[121.292236,16.30912],[121.298462,16.30938],[121.302017,16.30969],[121.304947,16.31065],[121.307533,16.312441],[121.309998,16.316099],[121.311256,16.32102],[121.31163,16.322241],[121.313904,16.341221],[121.33152,16.34635]]]]}},{"type":"Feature","properties":{"ID_0":177,"ISO":"PHL","NAME_0":"Philippines","ID_1":2050,"NAME_1":"Nueva Vizcaya","ID_2":205009,"NAME_2":"Kasibu","ID_3":205009021,"NAME_3":"Tukod","NL_NAME_3":null,"VARNAME_3":null,"TYPE_3":"Barangay","ENGTYPE_3":"Village","PROVINCE":"Nueva Vizcaya","REGION":"Region II (Cagayan Valley)","id":"barangay-0205009021","name":"Tukod","barangayCode":"0205009021","population":null,"formattedPop":null,"densityCategory":"No data","vulnerabilityRating":"No data","healthRiskLevel":"No data","areaKm2":26.714353,"centerLat":16.393085,"centerLng":121.427769,"geometrySource":"barangays.geojson simplified fallback","geometryMatchMethod":"simplified_fallback","boundaryPointCount":9},"geometry":{"type":"Polygon","coordinates":[[[121.44860449300006,16.42811832900003],[121.43716017000008,16.383300146000067],[121.4583299730001,16.37114112000006],[121.42109765700002,16.356591687000048],[121.40519592800001,16.36107198700006],[121.41444456800002,16.375714809000044],[121.40652920600007,16.413426678000064],[121.42291650800007,16.428137504000063],[121.44860449300006,16.42811832900003]]]}},{"type":"Feature","properties":{"ID_0":177,"ISO":"PHL","NAME_0":"Philippines","ID_1":2050,"NAME_1":"Nueva Vizcaya","ID_2":205009,"NAME_2":"Kasibu","ID_3":205009022,"NAME_3":"Siguem","NL_NAME_3":null,"VARNAME_3":null,"TYPE_3":"Barangay","ENGTYPE_3":"Village","PROVINCE":"Nueva Vizcaya","REGION":"Region II (Cagayan Valley)","id":"barangay-0205009022","name":"Siguem","barangayCode":"0205009022","population":null,"formattedPop":null,"densityCategory":"No data","vulnerabilityRating":"No data","healthRiskLevel":"No data","areaKm2":10.540633,"centerLat":16.27054,"centerLng":121.31809,"geometrySource":"barangays.geojson simplified fallback","geometryMatchMethod":"simplified_fallback","boundaryPointCount":7},"geometry":{"type":"Polygon","coordinates":[[[121.33852106300003,16.294520807000026],[121.3256671040001,16.249102798000024],[121.30673961000002,16.250395981000054],[121.30673961000002,16.271909840000035],[121.29156750600009,16.28103939500005],[121.31575190800004,16.280292839000026],[121.33852106300003,16.294520807000026]]]}},{"type":"Feature","properties":{"ID_0":177,"ISO":"PHL","NAME_0":"Philippines","ID_1":2050,"NAME_1":"Nueva Vizcaya","ID_2":205009,"NAME_2":"Kasibu","ID_3":205009023,"NAME_3":"Tadji","NL_NAME_3":null,"VARNAME_3":null,"TYPE_3":"Barangay","ENGTYPE_3":"Village","PROVINCE":"Nueva Vizcaya","REGION":"Region II (Cagayan Valley)","id":"barangay-0205009023","name":"Tadji","barangayCode":"0205009023","population":null,"formattedPop":null,"densityCategory":"No data","vulnerabilityRating":"No data","healthRiskLevel":"No data","areaKm2":43.344624,"centerLat":16.416568,"centerLng":121.373888,"geometrySource":"all_barangay-2.csv detailed WKT","geometryMatchMethod":"unique_official_admin_names","boundaryPointCount":24},"geometry":{"type":"MultiPolygon","coordinates":[[[[121.419617,16.43001],[121.407158,16.41828],[121.39386,16.4233],[121.385147,16.42732],[121.378708,16.429859],[121.372368,16.432119],[121.370171,16.431021],[121.36779,16.428301],[121.366043,16.42445],[121.36409,16.418489],[121.362694,16.413521],[121.363693,16.41065],[121.344673,16.40797],[121.34642,16.408581],[121.333817,16.40518],[121.329102,16.40214],[121.326599,16.40905],[121.328011,16.410761],[121.32946,16.41362],[121.331253,16.41699],[121.331673,16.424049],[121.379471,16.45109],[121.402748,16.43512],[121.419617,16.43001]]]]}},{"type":"Feature","properties":{"ID_0":177,"ISO":"PHL","NAME_0":"Philippines","ID_1":2050,"NAME_1":"Nueva Vizcaya","ID_2":205009,"NAME_2":"Kasibu","ID_3":205009024,"NAME_3":"Wangal","NL_NAME_3":null,"VARNAME_3":null,"TYPE_3":"Barangay","ENGTYPE_3":"Village","PROVINCE":"Nueva Vizcaya","REGION":"Region II (Cagayan Valley)","id":"barangay-0205009024","name":"Wangal","barangayCode":"0205009024","population":null,"formattedPop":null,"densityCategory":"No data","vulnerabilityRating":"No data","healthRiskLevel":"No data","areaKm2":8.17177,"centerLat":16.347573,"centerLng":121.393382,"geometrySource":"all_barangay-2.csv detailed WKT","geometryMatchMethod":"unique_official_admin_names","boundaryPointCount":13},"geometry":{"type":"MultiPolygon","coordinates":[[[[121.406738,16.404591],[121.409119,16.397961],[121.410309,16.396219],[121.411812,16.39411],[121.413383,16.39179],[121.413872,16.389059],[121.413582,16.385799],[121.412956,16.38269],[121.411903,16.380421],[121.41053,16.37793],[121.395401,16.38504],[121.402184,16.401951],[121.406738,16.404591]]]]}},{"type":"Feature","properties":{"ID_0":177,"ISO":"PHL","NAME_0":"Philippines","ID_1":2050,"NAME_1":"Nueva Vizcaya","ID_2":205009,"NAME_2":"Kasibu","ID_3":205009025,"NAME_3":"Watwat","NL_NAME_3":null,"VARNAME_3":null,"TYPE_3":"Barangay","ENGTYPE_3":"Village","PROVINCE":"Nueva Vizcaya","REGION":"Region II (Cagayan Valley)","id":"barangay-0205009025","name":"Watwat","barangayCode":"0205009025","population":null,"formattedPop":null,"densityCategory":"No data","vulnerabilityRating":"No data","healthRiskLevel":"No data","areaKm2":16.096191,"centerLat":16.340307,"centerLng":121.280295,"geometrySource":"all_barangay-2.csv detailed WKT","geometryMatchMethod":"unique_official_admin_names","boundaryPointCount":39},"geometry":{"type":"MultiPolygon","coordinates":[[[[121.296333,16.3813],[121.297661,16.38096],[121.300293,16.379351],[121.303329,16.37569],[121.304489,16.371531],[121.304779,16.36764],[121.30426,16.36231],[121.30294,16.358351],[121.301613,16.35573],[121.298363,16.351299],[121.296402,16.347651],[121.296204,16.343861],[121.297043,16.336809],[121.297096,16.33382],[121.296783,16.33419],[121.295677,16.33255],[121.287003,16.324699],[121.270447,16.313681],[121.269119,16.31616],[121.266159,16.322041],[121.26239,16.32868],[121.265343,16.33049],[121.268097,16.332899],[121.269249,16.334841],[121.27037,16.33746],[121.271896,16.34111],[121.273804,16.34481],[121.276207,16.347691],[121.280006,16.35183],[121.281174,16.35376],[121.281403,16.35532],[121.28109,16.35708],[121.280159,16.35741],[121.281143,16.3589],[121.281517,16.363001],[121.284767,16.370029],[121.28965,16.3757],[121.295502,16.38109],[121.296333,16.3813]]]]}},{"type":"Feature","properties":{"ID_0":177,"ISO":"PHL","NAME_0":"Philippines","ID_1":2050,"NAME_1":"Nueva Vizcaya","ID_2":205009,"NAME_2":"Kasibu","ID_3":205009026,"NAME_3":"Camamasi","NL_NAME_3":null,"VARNAME_3":null,"TYPE_3":"Barangay","ENGTYPE_3":"Village","PROVINCE":"Nueva Vizcaya","REGION":"Region II (Cagayan Valley)","id":"barangay-0205009026","name":"Camamasi","barangayCode":"0205009026","population":null,"formattedPop":null,"densityCategory":"No data","vulnerabilityRating":"No data","healthRiskLevel":"No data","areaKm2":20.548356,"centerLat":16.278417,"centerLng":121.436282,"geometrySource":"all_barangay-2.csv detailed WKT","geometryMatchMethod":"unique_official_admin_names","boundaryPointCount":9},"geometry":{"type":"MultiPolygon","coordinates":[[[[121.440018,16.382931],[121.439117,16.363291],[121.409828,16.36013],[121.407204,16.363899],[121.408707,16.366211],[121.410271,16.368641],[121.411011,16.37002],[121.430038,16.38208],[121.440018,16.382931]]]]}},{"type":"Feature","properties":{"ID_0":177,"ISO":"PHL","NAME_0":"Philippines","ID_1":2050,"NAME_1":"Nueva Vizcaya","ID_2":205009,"NAME_2":"Kasibu","ID_3":205009027,"NAME_3":"Catarawan","NL_NAME_3":null,"VARNAME_3":null,"TYPE_3":"Barangay","ENGTYPE_3":"Village","PROVINCE":"Nueva Vizcaya","REGION":"Region II (Cagayan Valley)","id":"barangay-0205009027","name":"Catarawan","barangayCode":"0205009027","population":null,"formattedPop":null,"densityCategory":"No data","vulnerabilityRating":"No data","healthRiskLevel":"No data","areaKm2":6.424141,"centerLat":16.260474,"centerLng":121.394029,"geometrySource":"all_barangay-2.csv detailed WKT","geometryMatchMethod":"unique_official_admin_names","boundaryPointCount":15},"geometry":{"type":"MultiPolygon","coordinates":[[[[121.407204,16.363899],[121.409828,16.36013],[121.413811,16.348499],[121.414413,16.34436],[121.389473,16.330601],[121.362953,16.320511],[121.364372,16.32468],[121.383568,16.33835],[121.388023,16.343439],[121.38987,16.348631],[121.393494,16.35243],[121.398033,16.35548],[121.403084,16.35873],[121.406097,16.36216],[121.407204,16.363899]]]]}},{"type":"Feature","properties":{"ID_0":177,"ISO":"PHL","NAME_0":"Philippines","ID_1":2050,"NAME_1":"Nueva Vizcaya","ID_2":205009,"NAME_2":"Kasibu","ID_3":205009028,"NAME_3":"Nantawakan","NL_NAME_3":null,"VARNAME_3":null,"TYPE_3":"Barangay","ENGTYPE_3":"Village","PROVINCE":"Nueva Vizcaya","REGION":"Region II (Cagayan Valley)","id":"barangay-0205009028","name":"Nantawakan","barangayCode":"0205009028","population":null,"formattedPop":null,"densityCategory":"No data","vulnerabilityRating":"No data","healthRiskLevel":"No data","areaKm2":30.883371,"centerLat":16.339746,"centerLng":121.197936,"geometrySource":"barangays.geojson simplified fallback","geometryMatchMethod":"simplified_fallback","boundaryPointCount":7},"geometry":{"type":"Polygon","coordinates":[[[121.20857465600011,16.367827661000035],[121.21345133600005,16.35104857400006],[121.23513811400005,16.31301601200005],[121.20399027500002,16.310373087000073],[121.16974058700009,16.33230919600004],[121.1792972610001,16.373391549000075],[121.20857465600011,16.367827661000035]]]}},{"type":"Feature","properties":{"ID_0":177,"ISO":"PHL","NAME_0":"Philippines","ID_1":2050,"NAME_1":"Nueva Vizcaya","ID_2":205009,"NAME_2":"Kasibu","ID_3":205009029,"NAME_3":"Alloy","NL_NAME_3":null,"VARNAME_3":null,"TYPE_3":"Barangay","ENGTYPE_3":"Village","PROVINCE":"Nueva Vizcaya","REGION":"Region II (Cagayan Valley)","id":"barangay-0205009029","name":"Alloy","barangayCode":"0205009029","population":null,"formattedPop":null,"densityCategory":"No data","vulnerabilityRating":"No data","healthRiskLevel":"No data","areaKm2":13.163084,"centerLat":16.341452,"centerLng":121.304682,"geometrySource":"all_barangay-2.csv detailed WKT","geometryMatchMethod":"unique_official_admin_names","boundaryPointCount":32},"geometry":{"type":"MultiPolygon","coordinates":[[[[121.329102,16.40214],[121.329102,16.39938],[121.32534,16.38431],[121.322617,16.369261],[121.321518,16.35685],[121.323059,16.351259],[121.327133,16.348801],[121.330147,16.347231],[121.33152,16.34635],[121.313904,16.341221],[121.297043,16.336809],[121.296204,16.343861],[121.296402,16.347651],[121.298363,16.351299],[121.301613,16.35573],[121.30294,16.358351],[121.30426,16.36231],[121.304779,16.36764],[121.304489,16.371531],[121.303329,16.37569],[121.300293,16.379351],[121.297661,16.38096],[121.296333,16.3813],[121.296204,16.38205],[121.297577,16.384911],[121.301323,16.391979],[121.306686,16.39756],[121.312927,16.40205],[121.319397,16.40583],[121.3237,16.407669],[121.326599,16.40905],[121.329102,16.40214]]]]}},{"type":"Feature","properties":{"ID_0":177,"ISO":"PHL","NAME_0":"Philippines","ID_1":2050,"NAME_1":"Nueva Vizcaya","ID_2":205009,"NAME_2":"Kasibu","ID_3":205009030,"NAME_3":"Kongkong","NL_NAME_3":null,"VARNAME_3":null,"TYPE_3":"Barangay","ENGTYPE_3":"Village","PROVINCE":"Nueva Vizcaya","REGION":"Region II (Cagayan Valley)","id":"barangay-0205009030","name":"Kongkong","barangayCode":"0205009030","population":null,"formattedPop":null,"densityCategory":"No data","vulnerabilityRating":"No data","healthRiskLevel":"No data","areaKm2":14.692257,"centerLat":16.327913,"centerLng":121.253445,"geometrySource":"all_barangay-2.csv detailed WKT","geometryMatchMethod":"unique_official_admin_names","boundaryPointCount":35},"geometry":{"type":"MultiPolygon","coordinates":[[[[121.280159,16.35741],[121.28109,16.35708],[121.281403,16.35532],[121.281174,16.35376],[121.280006,16.35183],[121.276207,16.347691],[121.273804,16.34481],[121.271896,16.34111],[121.27037,16.33746],[121.269249,16.334841],[121.268097,16.332899],[121.265343,16.33049],[121.26239,16.32868],[121.241531,16.318821],[121.241371,16.319321],[121.241531,16.321341],[121.242302,16.32461],[121.241676,16.325991],[121.239433,16.32597],[121.237694,16.32613],[121.237297,16.32729],[121.237953,16.327709],[121.240593,16.329411],[121.243858,16.33205],[121.24707,16.334591],[121.249847,16.3379],[121.250862,16.339849],[121.252113,16.34259],[121.252213,16.343781],[121.252327,16.3451],[121.254578,16.346769],[121.257133,16.34886],[121.263962,16.351999],[121.272507,16.35471],[121.280159,16.35741]]]]}},{"type":"Feature","properties":{"ID_0":177,"ISO":"PHL","NAME_0":"Philippines","ID_1":2050,"NAME_1":"Nueva Vizcaya","ID_2":205009,"NAME_2":"Kasibu","ID_3":205009031,"NAME_3":"Paquet","NL_NAME_3":null,"VARNAME_3":null,"TYPE_3":"Barangay","ENGTYPE_3":"Village","PROVINCE":"Nueva Vizcaya","REGION":"Region II (Cagayan Valley)","id":"barangay-0205009031","name":"Paquet","barangayCode":"0205009031","population":null,"formattedPop":null,"densityCategory":"No data","vulnerabilityRating":"No data","healthRiskLevel":"No data","areaKm2":11.760124,"centerLat":16.271149,"centerLng":121.342112,"geometrySource":"barangays.geojson simplified fallback","geometryMatchMethod":"simplified_fallback","boundaryPointCount":5},"geometry":{"type":"Polygon","coordinates":[[[121.34976491300006,16.29425877600005],[121.36131047600009,16.260630208000066],[121.3256671040001,16.249102798000024],[121.33852106300003,16.294520807000026],[121.34976491300006,16.29425877600005]]]}},{"type":"Feature","properties":{"ID_0":177,"ISO":"PHL","NAME_0":"Philippines","ID_1":2050,"NAME_1":"Nueva Vizcaya","ID_2":205010,"NAME_2":"Kayapa","ID_3":205010001,"NAME_3":"Acacia","NL_NAME_3":null,"VARNAME_3":null,"TYPE_3":"Barangay","ENGTYPE_3":"Village","PROVINCE":"Nueva Vizcaya","REGION":"Region II (Cagayan Valley)","id":"barangay-0205010001","name":"Acacia","barangayCode":"0205010001","population":null,"formattedPop":null,"densityCategory":"No data","vulnerabilityRating":"No data","healthRiskLevel":"No data","areaKm2":15.523662,"centerLat":16.364663,"centerLng":120.965476,"geometrySource":"all_barangay-2.csv detailed WKT","geometryMatchMethod":"unique_official_admin_names","boundaryPointCount":6},"geometry":{"type":"MultiPolygon","coordinates":[[[[120.997887,16.36813],[120.948792,16.35573],[120.935173,16.36622],[120.951736,16.39016],[120.968437,16.37027],[120.997887,16.36813]]]]}},{"type":"Feature","properties":{"ID_0":177,"ISO":"PHL","NAME_0":"Philippines","ID_1":2050,"NAME_1":"Nueva Vizcaya","ID_2":205010,"NAME_2":"Kayapa","ID_3":205010002,"NAME_3":"Amelong Labeng","NL_NAME_3":null,"VARNAME_3":null,"TYPE_3":"Barangay","ENGTYPE_3":"Village","PROVINCE":"Nueva Vizcaya","REGION":"Region II (Cagayan Valley)","id":"barangay-0205010002","name":"Amelong Labeng","barangayCode":"0205010002","population":null,"formattedPop":null,"densityCategory":"No data","vulnerabilityRating":"No data","healthRiskLevel":"No data","areaKm2":8.088638,"centerLat":16.318012,"centerLng":120.909474,"geometrySource":"barangays.geojson simplified fallback","geometryMatchMethod":"simplified_fallback","boundaryPointCount":6},"geometry":{"type":"Polygon","coordinates":[[[120.92568512500009,16.311218648000022],[120.89752027800012,16.303219854000076],[120.88860593600009,16.31532204000007],[120.89889101900008,16.327256242000033],[120.92241726100008,16.328797502000043],[120.92568512500009,16.311218648000022]]]}},{"type":"Feature","properties":{"ID_0":177,"ISO":"PHL","NAME_0":"Philippines","ID_1":2050,"NAME_1":"Nueva Vizcaya","ID_2":205010,"NAME_2":"Kayapa","ID_3":205010003,"NAME_3":"Ansipsip","NL_NAME_3":null,"VARNAME_3":null,"TYPE_3":"Barangay","ENGTYPE_3":"Village","PROVINCE":"Nueva Vizcaya","REGION":"Region II (Cagayan Valley)","id":"barangay-0205010003","name":"Ansipsip","barangayCode":"0205010003","population":null,"formattedPop":null,"densityCategory":"No data","vulnerabilityRating":"No data","healthRiskLevel":"No data","areaKm2":12.735594,"centerLat":16.310888,"centerLng":120.842449,"geometrySource":"all_barangay-2.csv detailed WKT","geometryMatchMethod":"unique_official_admin_names","boundaryPointCount":8},"geometry":{"type":"MultiPolygon","coordinates":[[[[120.856743,16.34679],[120.879883,16.309441],[120.871117,16.30298],[120.840843,16.306561],[120.799141,16.311689],[120.805893,16.323071],[120.845467,16.32091],[120.856743,16.34679]]]]}},{"type":"Feature","properties":{"ID_0":177,"ISO":"PHL","NAME_0":"Philippines","ID_1":2050,"NAME_1":"Nueva Vizcaya","ID_2":205010,"NAME_2":"Kayapa","ID_3":205010004,"NAME_3":"Baan","NL_NAME_3":null,"VARNAME_3":null,"TYPE_3":"Barangay","ENGTYPE_3":"Village","PROVINCE":"Nueva Vizcaya","REGION":"Region II (Cagayan Valley)","id":"barangay-0205010004","name":"Baan","barangayCode":"0205010004","population":null,"formattedPop":null,"densityCategory":"No data","vulnerabilityRating":"No data","healthRiskLevel":"No data","areaKm2":5.445244,"centerLat":16.329242,"centerLng":120.986212,"geometrySource":"all_barangay-2.csv detailed WKT","geometryMatchMethod":"unique_official_admin_names","boundaryPointCount":19},"geometry":{"type":"MultiPolygon","coordinates":[[[[120.978668,16.35009],[120.998161,16.34889],[120.996071,16.345921],[120.986343,16.336981],[120.98587,16.33666],[120.98407,16.33596],[120.97821,16.334749],[120.974197,16.334379],[120.970863,16.33354],[120.969299,16.33176],[120.968536,16.329149],[120.968178,16.326929],[120.967819,16.32596],[120.967117,16.325399],[120.966019,16.32391],[120.958366,16.321239],[120.956207,16.333549],[120.964928,16.34054],[120.978668,16.35009]]]]}},{"type":"Feature","properties":{"ID_0":177,"ISO":"PHL","NAME_0":"Philippines","ID_1":2050,"NAME_1":"Nueva Vizcaya","ID_2":205010,"NAME_2":"Kayapa","ID_3":205010005,"NAME_3":"Babadi","NL_NAME_3":null,"VARNAME_3":null,"TYPE_3":"Barangay","ENGTYPE_3":"Village","PROVINCE":"Nueva Vizcaya","REGION":"Region II (Cagayan Valley)","id":"barangay-0205010005","name":"Babadi","barangayCode":"0205010005","population":null,"formattedPop":null,"densityCategory":"No data","vulnerabilityRating":"No data","healthRiskLevel":"No data","areaKm2":6.064724,"centerLat":16.408609,"centerLng":120.983814,"geometrySource":"all_barangay-2.csv detailed WKT","geometryMatchMethod":"unique_official_admin_names","boundaryPointCount":7},"geometry":{"type":"MultiPolygon","coordinates":[[[[121.001053,16.437901],[120.97242,16.392851],[120.951736,16.39016],[120.969322,16.42045],[120.977562,16.420589],[120.993248,16.44595],[121.001053,16.437901]]]]}},{"type":"Feature","properties":{"ID_0":177,"ISO":"PHL","NAME_0":"Philippines","ID_1":2050,"NAME_1":"Nueva Vizcaya","ID_2":205010,"NAME_2":"Kayapa","ID_3":205010006,"NAME_3":"Balangabang","NL_NAME_3":null,"VARNAME_3":null,"TYPE_3":"Barangay","ENGTYPE_3":"Village","PROVINCE":"Nueva Vizcaya","REGION":"Region II (Cagayan Valley)","id":"barangay-0205010006","name":"Balangabang","barangayCode":"0205010006","population":null,"formattedPop":null,"densityCategory":"No data","vulnerabilityRating":"No data","healthRiskLevel":"No data","areaKm2":10.327391,"centerLat":16.382181,"centerLng":120.893772,"geometrySource":"all_barangay-2.csv detailed WKT","geometryMatchMethod":"unique_official_admin_names","boundaryPointCount":5},"geometry":{"type":"MultiPolygon","coordinates":[[[[120.914627,16.390829],[120.898323,16.36622],[120.885223,16.365721],[120.891243,16.38763],[120.914627,16.390829]]]]}},{"type":"Feature","properties":{"ID_0":177,"ISO":"PHL","NAME_0":"Philippines","ID_1":2050,"NAME_1":"Nueva Vizcaya","ID_2":205010,"NAME_2":"Kayapa","ID_3":205010007,"NAME_3":"Banao","NL_NAME_3":null,"VARNAME_3":null,"TYPE_3":"Barangay","ENGTYPE_3":"Village","PROVINCE":"Nueva Vizcaya","REGION":"Region II (Cagayan Valley)","id":"barangay-0205010007","name":"Banao","barangayCode":"0205010007","population":null,"formattedPop":null,"densityCategory":"No data","vulnerabilityRating":"No data","healthRiskLevel":"No data","areaKm2":37.623941,"centerLat":16.432371,"centerLng":120.91553,"geometrySource":"all_barangay-2.csv detailed WKT","geometryMatchMethod":"unique_official_admin_names","boundaryPointCount":11},"geometry":{"type":"MultiPolygon","coordinates":[[[[120.941063,16.45569],[120.949837,16.436371],[120.922318,16.40106],[120.914627,16.390829],[120.891243,16.38763],[120.871399,16.38521],[120.88166,16.41073],[120.891342,16.433941],[120.891319,16.435209],[120.923752,16.48263],[120.941063,16.45569]]]]}},{"type":"Feature","properties":{"ID_0":177,"ISO":"PHL","NAME_0":"Philippines","ID_1":2050,"NAME_1":"Nueva Vizcaya","ID_2":205010,"NAME_2":"Kayapa","ID_3":205010008,"NAME_3":"Binalian","NL_NAME_3":null,"VARNAME_3":null,"TYPE_3":"Barangay","ENGTYPE_3":"Village","PROVINCE":"Nueva Vizcaya","REGION":"Region II (Cagayan Valley)","id":"barangay-0205010008","name":"Binalian","barangayCode":"0205010008","population":null,"formattedPop":null,"densityCategory":"No data","vulnerabilityRating":"No data","healthRiskLevel":"No data","areaKm2":22.8987,"centerLat":16.397542,"centerLng":120.938412,"geometrySource":"all_barangay-2.csv detailed WKT","geometryMatchMethod":"unique_official_admin_names","boundaryPointCount":8},"geometry":{"type":"MultiPolygon","coordinates":[[[[120.969322,16.42045],[120.951736,16.39016],[120.935173,16.36622],[120.931396,16.372971],[120.922318,16.40106],[120.949837,16.436371],[120.951607,16.43144],[120.969322,16.42045]]]]}},{"type":"Feature","properties":{"ID_0":177,"ISO":"PHL","NAME_0":"Philippines","ID_1":2050,"NAME_1":"Nueva Vizcaya","ID_2":205010,"NAME_2":"Kayapa","ID_3":205010009,"NAME_3":"Besong","NL_NAME_3":null,"VARNAME_3":null,"TYPE_3":"Barangay","ENGTYPE_3":"Village","PROVINCE":"Nueva Vizcaya","REGION":"Region II (Cagayan Valley)","id":"barangay-0205010009","name":"Besong","barangayCode":"0205010009","population":null,"formattedPop":null,"densityCategory":"No data","vulnerabilityRating":"No data","healthRiskLevel":"No data","areaKm2":8.385314,"centerLat":16.338631,"centerLng":120.884106,"geometrySource":"all_barangay-2.csv detailed WKT","geometryMatchMethod":"unique_official_admin_names","boundaryPointCount":6},"geometry":{"type":"MultiPolygon","coordinates":[[[[120.899803,16.34766],[120.899139,16.328449],[120.870079,16.33499],[120.856743,16.34679],[120.888817,16.34812],[120.899803,16.34766]]]]}},{"type":"Feature","properties":{"ID_0":177,"ISO":"PHL","NAME_0":"Philippines","ID_1":2050,"NAME_1":"Nueva Vizcaya","ID_2":205010,"NAME_2":"Kayapa","ID_3":205010010,"NAME_3":"Cabalatan Alang","NL_NAME_3":null,"VARNAME_3":null,"TYPE_3":"Barangay","ENGTYPE_3":"Village","PROVINCE":"Nueva Vizcaya","REGION":"Region II (Cagayan Valley)","id":"barangay-0205010010","name":"Cabalatan Alang","barangayCode":"0205010010","population":null,"formattedPop":null,"densityCategory":"No data","vulnerabilityRating":"No data","healthRiskLevel":"No data","areaKm2":15.275422,"centerLat":16.263463,"centerLng":120.892612,"geometrySource":"all_barangay-2.csv detailed WKT","geometryMatchMethod":"unique_official_admin_names","boundaryPointCount":9},"geometry":{"type":"MultiPolygon","coordinates":[[[[120.927322,16.285959],[120.91552,16.247869],[120.902733,16.24111],[120.894279,16.253731],[120.893547,16.25721],[120.890907,16.26223],[120.896767,16.292179],[120.910431,16.29649],[120.927322,16.285959]]]]}},{"type":"Feature","properties":{"ID_0":177,"ISO":"PHL","NAME_0":"Philippines","ID_1":2050,"NAME_1":"Nueva Vizcaya","ID_2":205010,"NAME_2":"Kayapa","ID_3":205010011,"NAME_3":"Cabanglasan","NL_NAME_3":null,"VARNAME_3":null,"TYPE_3":"Barangay","ENGTYPE_3":"Village","PROVINCE":"Nueva Vizcaya","REGION":"Region II (Cagayan Valley)","id":"barangay-0205010011","name":"Cabanglasan","barangayCode":"0205010011","population":null,"formattedPop":null,"densityCategory":"No data","vulnerabilityRating":"No data","healthRiskLevel":"No data","areaKm2":6.73884,"centerLat":16.353599,"centerLng":120.937058,"geometrySource":"all_barangay-2.csv detailed WKT","geometryMatchMethod":"unique_official_admin_names","boundaryPointCount":12},"geometry":{"type":"MultiPolygon","coordinates":[[[[120.935173,16.36622],[120.947151,16.3463],[120.943558,16.345659],[120.942993,16.34572],[120.938011,16.34593],[120.933723,16.34676],[120.929176,16.349751],[120.925346,16.354719],[120.922783,16.35836],[120.921341,16.365891],[120.931396,16.372971],[120.935173,16.36622]]]]}},{"type":"Feature","properties":{"ID_0":177,"ISO":"PHL","NAME_0":"Philippines","ID_1":2050,"NAME_1":"Nueva Vizcaya","ID_2":205010,"NAME_2":"Kayapa","ID_3":205010012,"NAME_3":"Kayapa Proper East","NL_NAME_3":null,"VARNAME_3":null,"TYPE_3":"Barangay","ENGTYPE_3":"Village","PROVINCE":"Nueva Vizcaya","REGION":"Region II (Cagayan Valley)","id":"barangay-0205010012","name":"Kayapa Proper East","barangayCode":"0205010012","population":null,"formattedPop":null,"densityCategory":"No data","vulnerabilityRating":"No data","healthRiskLevel":"No data","areaKm2":11.042049,"centerLat":16.293254,"centerLng":120.885826,"geometrySource":"all_barangay-2.csv detailed WKT","geometryMatchMethod":"unique_official_admin_names","boundaryPointCount":11},"geometry":{"type":"MultiPolygon","coordinates":[[[[120.939484,16.31249],[120.910431,16.29649],[120.896767,16.292179],[120.890907,16.26223],[120.876534,16.269609],[120.873711,16.293631],[120.893562,16.303989],[120.893349,16.30784],[120.944618,16.323351],[120.946426,16.32386],[120.939484,16.31249]]]]}},{"type":"Feature","properties":{"ID_0":177,"ISO":"PHL","NAME_0":"Philippines","ID_1":2050,"NAME_1":"Nueva Vizcaya","ID_2":205010,"NAME_2":"Kayapa","ID_3":205010013,"NAME_3":"Kayapa Proper West","NL_NAME_3":null,"VARNAME_3":null,"TYPE_3":"Barangay","ENGTYPE_3":"Village","PROVINCE":"Nueva Vizcaya","REGION":"Region II (Cagayan Valley)","id":"barangay-0205010013","name":"Kayapa Proper West","barangayCode":"0205010013","population":null,"formattedPop":null,"densityCategory":"No data","vulnerabilityRating":"No data","healthRiskLevel":"No data","areaKm2":10.390298,"centerLat":16.293726,"centerLng":120.859368,"geometrySource":"all_barangay-2.csv detailed WKT","geometryMatchMethod":"unique_official_admin_names","boundaryPointCount":13},"geometry":{"type":"MultiPolygon","coordinates":[[[[120.888771,16.31662],[120.893349,16.30784],[120.893562,16.303989],[120.873711,16.293631],[120.866318,16.295349],[120.854942,16.287741],[120.866623,16.256941],[120.865646,16.244181],[120.838814,16.2516],[120.840843,16.306561],[120.871117,16.30298],[120.879883,16.309441],[120.888771,16.31662]]]]}},{"type":"Feature","properties":{"ID_0":177,"ISO":"PHL","NAME_0":"Philippines","ID_1":2050,"NAME_1":"Nueva Vizcaya","ID_2":205010,"NAME_2":"Kayapa","ID_3":205010014,"NAME_3":"Mapayao","NL_NAME_3":null,"VARNAME_3":null,"TYPE_3":"Barangay","ENGTYPE_3":"Village","PROVINCE":"Nueva Vizcaya","REGION":"Region II (Cagayan Valley)","id":"barangay-0205010014","name":"Mapayao","barangayCode":"0205010014","population":null,"formattedPop":null,"densityCategory":"No data","vulnerabilityRating":"No data","healthRiskLevel":"No data","areaKm2":15.691554,"centerLat":16.386804,"centerLng":120.975628,"geometrySource":"all_barangay-2.csv detailed WKT","geometryMatchMethod":"unique_official_admin_names","boundaryPointCount":5},"geometry":{"type":"MultiPolygon","coordinates":[[[[120.97242,16.392851],[120.997887,16.36813],[120.968437,16.37027],[120.951736,16.39016],[120.97242,16.392851]]]]}},{"type":"Feature","properties":{"ID_0":177,"ISO":"PHL","NAME_0":"Philippines","ID_1":2050,"NAME_1":"Nueva Vizcaya","ID_2":205010,"NAME_2":"Kayapa","ID_3":205010015,"NAME_3":"Nansiakan","NL_NAME_3":null,"VARNAME_3":null,"TYPE_3":"Barangay","ENGTYPE_3":"Village","PROVINCE":"Nueva Vizcaya","REGION":"Region II (Cagayan Valley)","id":"barangay-0205010015","name":"Nansiakan","barangayCode":"0205010015","population":null,"formattedPop":null,"densityCategory":"No data","vulnerabilityRating":"No data","healthRiskLevel":"No data","areaKm2":32.946329,"centerLat":16.466334,"centerLng":121.000825,"geometrySource":"all_barangay-2.csv detailed WKT","geometryMatchMethod":"unique_official_admin_names","boundaryPointCount":17},"geometry":{"type":"MultiPolygon","coordinates":[[[[121.002357,16.48703],[121.027908,16.45289],[121.001053,16.437901],[120.993248,16.44595],[120.979218,16.46254],[120.982201,16.464081],[120.983948,16.465321],[120.985672,16.46653],[120.988068,16.468531],[120.989708,16.471189],[120.990784,16.473961],[120.991699,16.47752],[120.993317,16.480339],[120.995079,16.481871],[120.997757,16.483891],[120.999184,16.485001],[121.002357,16.48703]]]]}},{"type":"Feature","properties":{"ID_0":177,"ISO":"PHL","NAME_0":"Philippines","ID_1":2050,"NAME_1":"Nueva Vizcaya","ID_2":205010,"NAME_2":"Kayapa","ID_3":205010016,"NAME_3":"Pampang","NL_NAME_3":null,"VARNAME_3":null,"TYPE_3":"Barangay","ENGTYPE_3":"Village","PROVINCE":"Nueva Vizcaya","REGION":"Region II (Cagayan Valley)","id":"barangay-0205010016","name":"Pampang","barangayCode":"0205010016","population":null,"formattedPop":null,"densityCategory":"No data","vulnerabilityRating":"No data","healthRiskLevel":"No data","areaKm2":3.892168,"centerLat":16.353747,"centerLng":120.873547,"geometrySource":"all_barangay-2.csv detailed WKT","geometryMatchMethod":"unique_official_admin_names","boundaryPointCount":7},"geometry":{"type":"MultiPolygon","coordinates":[[[[120.898323,16.36622],[120.888817,16.34812],[120.856743,16.34679],[120.860458,16.35454],[120.862999,16.36442],[120.885223,16.365721],[120.898323,16.36622]]]]}},{"type":"Feature","properties":{"ID_0":177,"ISO":"PHL","NAME_0":"Philippines","ID_1":2050,"NAME_1":"Nueva Vizcaya","ID_2":205010,"NAME_2":"Kayapa","ID_3":205010017,"NAME_3":"Pangawan","NL_NAME_3":null,"VARNAME_3":null,"TYPE_3":"Barangay","ENGTYPE_3":"Village","PROVINCE":"Nueva Vizcaya","REGION":"Region II (Cagayan Valley)","id":"barangay-0205010017","name":"Pangawan","barangayCode":"0205010017","population":null,"formattedPop":null,"densityCategory":"No data","vulnerabilityRating":"No data","healthRiskLevel":"No data","areaKm2":9.176631,"centerLat":16.393329,"centerLng":120.877759,"geometrySource":"all_barangay-2.csv detailed WKT","geometryMatchMethod":"unique_official_admin_names","boundaryPointCount":5},"geometry":{"type":"MultiPolygon","coordinates":[[[[120.891243,16.38763],[120.885223,16.365721],[120.862999,16.36442],[120.871399,16.38521],[120.891243,16.38763]]]]}},{"type":"Feature","properties":{"ID_0":177,"ISO":"PHL","NAME_0":"Philippines","ID_1":2050,"NAME_1":"Nueva Vizcaya","ID_2":205010,"NAME_2":"Kayapa","ID_3":205010018,"NAME_3":"Pinayag","NL_NAME_3":null,"VARNAME_3":null,"TYPE_3":"Barangay","ENGTYPE_3":"Village","PROVINCE":"Nueva Vizcaya","REGION":"Region II (Cagayan Valley)","id":"barangay-0205010018","name":"Pinayag","barangayCode":"0205010018","population":null,"formattedPop":null,"densityCategory":"No data","vulnerabilityRating":"No data","healthRiskLevel":"No data","areaKm2":30.783181,"centerLat":16.446571,"centerLng":120.968442,"geometrySource":"all_barangay-2.csv detailed WKT","geometryMatchMethod":"unique_official_admin_names","boundaryPointCount":8},"geometry":{"type":"MultiPolygon","coordinates":[[[[120.979218,16.46254],[120.993248,16.44595],[120.977562,16.420589],[120.969322,16.42045],[120.951607,16.43144],[120.949837,16.436371],[120.941063,16.45569],[120.979218,16.46254]]]]}},{"type":"Feature","properties":{"ID_0":177,"ISO":"PHL","NAME_0":"Philippines","ID_1":2050,"NAME_1":"Nueva Vizcaya","ID_2":205010,"NAME_2":"Kayapa","ID_3":205010019,"NAME_3":"Pingkian","NL_NAME_3":null,"VARNAME_3":null,"TYPE_3":"Barangay","ENGTYPE_3":"Village","PROVINCE":"Nueva Vizcaya","REGION":"Region II (Cagayan Valley)","id":"barangay-0205010019","name":"Pingkian","barangayCode":"0205010019","population":null,"formattedPop":null,"densityCategory":"No data","vulnerabilityRating":"No data","healthRiskLevel":"No data","areaKm2":15.175571,"centerLat":16.318461,"centerLng":120.944703,"geometrySource":"all_barangay-2.csv detailed WKT","geometryMatchMethod":"unique_official_admin_names","boundaryPointCount":13},"geometry":{"type":"MultiPolygon","coordinates":[[[[120.948792,16.35573],[120.953819,16.351761],[120.978668,16.35009],[120.964928,16.34054],[120.956207,16.333549],[120.958366,16.321239],[120.939484,16.31249],[120.946426,16.32386],[120.944618,16.323351],[120.943352,16.33683],[120.947151,16.3463],[120.935173,16.36622],[120.948792,16.35573]]]]}},{"type":"Feature","properties":{"ID_0":177,"ISO":"PHL","NAME_0":"Philippines","ID_1":2050,"NAME_1":"Nueva Vizcaya","ID_2":205010,"NAME_2":"Kayapa","ID_3":205010020,"NAME_3":"San Fabian","NL_NAME_3":null,"VARNAME_3":null,"TYPE_3":"Barangay","ENGTYPE_3":"Village","PROVINCE":"Nueva Vizcaya","REGION":"Region II (Cagayan Valley)","id":"barangay-0205010020","name":"San Fabian","barangayCode":"0205010020","population":null,"formattedPop":null,"densityCategory":"No data","vulnerabilityRating":"No data","healthRiskLevel":"No data","areaKm2":10.873905,"centerLat":16.339919,"centerLng":120.969554,"geometrySource":"all_barangay-2.csv detailed WKT","geometryMatchMethod":"unique_official_admin_names","boundaryPointCount":8},"geometry":{"type":"MultiPolygon","coordinates":[[[[121.012917,16.357491],[121.002136,16.350639],[120.998161,16.34889],[120.978668,16.35009],[120.953819,16.351761],[120.948792,16.35573],[120.997887,16.36813],[121.012917,16.357491]]]]}},{"type":"Feature","properties":{"ID_0":177,"ISO":"PHL","NAME_0":"Philippines","ID_1":2050,"NAME_1":"Nueva Vizcaya","ID_2":205010,"NAME_2":"Kayapa","ID_3":205010021,"NAME_3":"Talicabcab","NL_NAME_3":null,"VARNAME_3":null,"TYPE_3":"Barangay","ENGTYPE_3":"Village","PROVINCE":"Nueva Vizcaya","REGION":"Region II (Cagayan Valley)","id":"barangay-0205010021","name":"Talicabcab","barangayCode":"0205010021","population":null,"formattedPop":null,"densityCategory":"No data","vulnerabilityRating":"No data","healthRiskLevel":"No data","areaKm2":7.748968,"centerLat":16.323583,"centerLng":120.871299,"geometrySource":"barangays.geojson simplified fallback","geometryMatchMethod":"simplified_fallback","boundaryPointCount":6},"geometry":{"type":"Polygon","coordinates":[[[120.85667016800005,16.345582412000056],[120.89388518300007,16.321343778000028],[120.87977888600005,16.308073542000045],[120.87495227500006,16.318220250000024],[120.8575430730001,16.312737515000038],[120.85667016800005,16.345582412000056]]]}},{"type":"Feature","properties":{"ID_0":177,"ISO":"PHL","NAME_0":"Philippines","ID_1":2050,"NAME_1":"Nueva Vizcaya","ID_2":205010,"NAME_2":"Kayapa","ID_3":205010022,"NAME_3":"Tubungan","NL_NAME_3":null,"VARNAME_3":null,"TYPE_3":"Barangay","ENGTYPE_3":"Village","PROVINCE":"Nueva Vizcaya","REGION":"Region II (Cagayan Valley)","id":"barangay-0205010022","name":"Tubungan","barangayCode":"0205010022","population":null,"formattedPop":null,"densityCategory":"No data","vulnerabilityRating":"No data","healthRiskLevel":"No data","areaKm2":2.071649,"centerLat":16.364275,"centerLng":120.873713,"geometrySource":"barangays.geojson simplified fallback","geometryMatchMethod":"simplified_fallback","boundaryPointCount":4},"geometry":{"type":"Polygon","coordinates":[[[120.8776694280001,16.372678244000042],[120.88451365300011,16.358440046000055],[120.86184298900002,16.359505759000058],[120.8776694280001,16.372678244000042]]]}},{"type":"Feature","properties":{"ID_0":177,"ISO":"PHL","NAME_0":"Philippines","ID_1":2050,"NAME_1":"Nueva Vizcaya","ID_2":205010,"NAME_2":"Kayapa","ID_3":205010023,"NAME_3":"Alang Salacsac","NL_NAME_3":null,"VARNAME_3":null,"TYPE_3":"Barangay","ENGTYPE_3":"Village","PROVINCE":"Nueva Vizcaya","REGION":"Region II (Cagayan Valley)","id":"barangay-0205010023","name":"Alang Salacsac","barangayCode":"0205010023","population":null,"formattedPop":null,"densityCategory":"No data","vulnerabilityRating":"No data","healthRiskLevel":"No data","areaKm2":21.107375,"centerLat":16.254602,"centerLng":120.861042,"geometrySource":"all_barangay-2.csv detailed WKT","geometryMatchMethod":"unique_official_admin_names","boundaryPointCount":14},"geometry":{"type":"MultiPolygon","coordinates":[[[[120.890907,16.26223],[120.893547,16.25721],[120.894279,16.253731],[120.902733,16.24111],[120.889816,16.23329],[120.884483,16.23455],[120.87867,16.235901],[120.865646,16.244181],[120.866623,16.256941],[120.854942,16.287741],[120.866318,16.295349],[120.873711,16.293631],[120.876534,16.269609],[120.890907,16.26223]]]]}},{"type":"Feature","properties":{"ID_0":177,"ISO":"PHL","NAME_0":"Philippines","ID_1":2050,"NAME_1":"Nueva Vizcaya","ID_2":205010,"NAME_2":"Kayapa","ID_3":205010024,"NAME_3":"Balete","NL_NAME_3":null,"VARNAME_3":null,"TYPE_3":"Barangay","ENGTYPE_3":"Village","PROVINCE":"Nueva Vizcaya","REGION":"Region II (Cagayan Valley)","id":"barangay-0205010024","name":"Balete","barangayCode":"0205010024","population":null,"formattedPop":null,"densityCategory":"No data","vulnerabilityRating":"No data","healthRiskLevel":"No data","areaKm2":38.901227,"centerLat":16.567135,"centerLng":120.936153,"geometrySource":"all_barangay-2.csv detailed WKT","geometryMatchMethod":"unique_official_admin_names","boundaryPointCount":6},"geometry":{"type":"MultiPolygon","coordinates":[[[[120.981163,16.610359],[120.987183,16.55471],[120.953568,16.539141],[120.898308,16.559401],[120.905243,16.595869],[120.981163,16.610359]]]]}},{"type":"Feature","properties":{"ID_0":177,"ISO":"PHL","NAME_0":"Philippines","ID_1":2050,"NAME_1":"Nueva Vizcaya","ID_2":205010,"NAME_2":"Kayapa","ID_3":205010025,"NAME_3":"Buyasyas","NL_NAME_3":null,"VARNAME_3":null,"TYPE_3":"Barangay","ENGTYPE_3":"Village","PROVINCE":"Nueva Vizcaya","REGION":"Region II (Cagayan Valley)","id":"barangay-0205010025","name":"Buyasyas","barangayCode":"0205010025","population":null,"formattedPop":null,"densityCategory":"No data","vulnerabilityRating":"No data","healthRiskLevel":"No data","areaKm2":24.371357,"centerLat":16.272096,"centerLng":120.919135,"geometrySource":"all_barangay-2.csv detailed WKT","geometryMatchMethod":"unique_official_admin_names","boundaryPointCount":12},"geometry":{"type":"MultiPolygon","coordinates":[[[[120.966019,16.32391],[120.9664,16.321301],[120.967247,16.318359],[120.966652,16.316839],[120.965332,16.31665],[120.964157,16.31674],[120.963226,16.316481],[120.927322,16.285959],[120.910431,16.29649],[120.939484,16.31249],[120.958366,16.321239],[120.966019,16.32391]]]]}},{"type":"Feature","properties":{"ID_0":177,"ISO":"PHL","NAME_0":"Philippines","ID_1":2050,"NAME_1":"Nueva Vizcaya","ID_2":205010,"NAME_2":"Kayapa","ID_3":205010026,"NAME_3":"Cabayo","NL_NAME_3":null,"VARNAME_3":null,"TYPE_3":"Barangay","ENGTYPE_3":"Village","PROVINCE":"Nueva Vizcaya","REGION":"Region II (Cagayan Valley)","id":"barangay-0205010026","name":"Cabayo","barangayCode":"0205010026","population":null,"formattedPop":null,"densityCategory":"No data","vulnerabilityRating":"No data","healthRiskLevel":"No data","areaKm2":55.51762,"centerLat":16.508691,"centerLng":120.911332,"geometrySource":"all_barangay-2.csv detailed WKT","geometryMatchMethod":"unique_official_admin_names","boundaryPointCount":12},"geometry":{"type":"MultiPolygon","coordinates":[[[[120.892807,16.558969],[120.905243,16.595869],[120.898308,16.559401],[120.953568,16.539141],[120.955658,16.52655],[120.940033,16.50592],[120.923752,16.48263],[120.891319,16.435209],[120.884193,16.49943],[120.883774,16.50596],[120.886711,16.519791],[120.892807,16.558969]]]]}},{"type":"Feature","properties":{"ID_0":177,"ISO":"PHL","NAME_0":"Philippines","ID_1":2050,"NAME_1":"Nueva Vizcaya","ID_2":205010,"NAME_2":"Kayapa","ID_3":205010027,"NAME_3":"Castillo Village","NL_NAME_3":null,"VARNAME_3":null,"TYPE_3":"Barangay","ENGTYPE_3":"Village","PROVINCE":"Nueva Vizcaya","REGION":"Region II (Cagayan Valley)","id":"barangay-0205010027","name":"Castillo Village","barangayCode":"0205010027","population":null,"formattedPop":null,"densityCategory":"No data","vulnerabilityRating":"No data","healthRiskLevel":"No data","areaKm2":5.263603,"centerLat":16.36163,"centerLng":120.903854,"geometrySource":"all_barangay-2.csv detailed WKT","geometryMatchMethod":"unique_official_admin_names","boundaryPointCount":10},"geometry":{"type":"MultiPolygon","coordinates":[[[[120.922318,16.40106],[120.931396,16.372971],[120.921341,16.365891],[120.922783,16.35836],[120.900543,16.35371],[120.899803,16.34766],[120.888817,16.34812],[120.898323,16.36622],[120.914627,16.390829],[120.922318,16.40106]]]]}},{"type":"Feature","properties":{"ID_0":177,"ISO":"PHL","NAME_0":"Philippines","ID_1":2050,"NAME_1":"Nueva Vizcaya","ID_2":205010,"NAME_2":"Kayapa","ID_3":205010028,"NAME_3":"Latbang","NL_NAME_3":null,"VARNAME_3":null,"TYPE_3":"Barangay","ENGTYPE_3":"Village","PROVINCE":"Nueva Vizcaya","REGION":"Region II (Cagayan Valley)","id":"barangay-0205010028","name":"Latbang","barangayCode":"0205010028","population":null,"formattedPop":null,"densityCategory":"No data","vulnerabilityRating":"No data","healthRiskLevel":"No data","areaKm2":35.617456,"centerLat":16.510073,"centerLng":120.963598,"geometrySource":"all_barangay-2.csv detailed WKT","geometryMatchMethod":"unique_official_admin_names","boundaryPointCount":8},"geometry":{"type":"MultiPolygon","coordinates":[[[[120.953568,16.539141],[120.987183,16.55471],[120.99321,16.523239],[120.994072,16.497931],[120.980438,16.492689],[120.940033,16.50592],[120.955658,16.52655],[120.953568,16.539141]]]]}},{"type":"Feature","properties":{"ID_0":177,"ISO":"PHL","NAME_0":"Philippines","ID_1":2050,"NAME_1":"Nueva Vizcaya","ID_2":205010,"NAME_2":"Kayapa","ID_3":205010029,"NAME_3":"Lawigan","NL_NAME_3":null,"VARNAME_3":null,"TYPE_3":"Barangay","ENGTYPE_3":"Village","PROVINCE":"Nueva Vizcaya","REGION":"Region II (Cagayan Valley)","id":"barangay-0205010029","name":"Lawigan","barangayCode":"0205010029","population":null,"formattedPop":null,"densityCategory":"No data","vulnerabilityRating":"No data","healthRiskLevel":"No data","areaKm2":25.957111,"centerLat":16.27677,"centerLng":120.815215,"geometrySource":"all_barangay-2.csv detailed WKT","geometryMatchMethod":"unique_official_admin_names","boundaryPointCount":6},"geometry":{"type":"MultiPolygon","coordinates":[[[[120.840843,16.306561],[120.838814,16.2516],[120.785294,16.258169],[120.764938,16.25386],[120.799141,16.311689],[120.840843,16.306561]]]]}},{"type":"Feature","properties":{"ID_0":177,"ISO":"PHL","NAME_0":"Philippines","ID_1":2050,"NAME_1":"Nueva Vizcaya","ID_2":205010,"NAME_2":"Kayapa","ID_3":205010030,"NAME_3":"Tidang Village","NL_NAME_3":null,"VARNAME_3":null,"TYPE_3":"Barangay","ENGTYPE_3":"Village","PROVINCE":"Nueva Vizcaya","REGION":"Region II (Cagayan Valley)","id":"barangay-0205010030","name":"Tidang Village","barangayCode":"0205010030","population":null,"formattedPop":null,"densityCategory":"No data","vulnerabilityRating":"No data","healthRiskLevel":"No data","areaKm2":11.878446,"centerLat":16.342581,"centerLng":120.918014,"geometrySource":"all_barangay-2.csv detailed WKT","geometryMatchMethod":"unique_official_admin_names","boundaryPointCount":13},"geometry":{"type":"MultiPolygon","coordinates":[[[[120.899803,16.34766],[120.900543,16.35371],[120.922783,16.35836],[120.925346,16.354719],[120.929176,16.349751],[120.933723,16.34676],[120.938011,16.34593],[120.942993,16.34572],[120.943558,16.345659],[120.947151,16.3463],[120.943352,16.33683],[120.899139,16.328449],[120.899803,16.34766]]]]}},{"type":"Feature","properties":{"ID_0":177,"ISO":"PHL","NAME_0":"Philippines","ID_1":2050,"NAME_1":"Nueva Vizcaya","ID_2":205011,"NAME_2":"Quezon","ID_3":205011001,"NAME_3":"Aurora","NL_NAME_3":null,"VARNAME_3":null,"TYPE_3":"Barangay","ENGTYPE_3":"Village","PROVINCE":"Nueva Vizcaya","REGION":"Region II (Cagayan Valley)","id":"barangay-0205011001","name":"Aurora","barangayCode":"0205011001","population":null,"formattedPop":null,"densityCategory":"No data","vulnerabilityRating":"No data","healthRiskLevel":"No data","areaKm2":6.591956,"centerLat":16.488656,"centerLng":121.26457,"geometrySource":"all_barangay-2.csv detailed WKT","geometryMatchMethod":"unique_official_admin_names","boundaryPointCount":6},"geometry":{"type":"MultiPolygon","coordinates":[[[[121.31076,16.486271],[121.29908,16.4655],[121.286491,16.45742],[121.27803,16.478371],[121.285217,16.48908],[121.31076,16.486271]]]]}},{"type":"Feature","properties":{"ID_0":177,"ISO":"PHL","NAME_0":"Philippines","ID_1":2050,"NAME_1":"Nueva Vizcaya","ID_2":205011,"NAME_2":"Quezon","ID_3":205011002,"NAME_3":"Baresbes","NL_NAME_3":null,"VARNAME_3":null,"TYPE_3":"Barangay","ENGTYPE_3":"Village","PROVINCE":"Nueva Vizcaya","REGION":"Region II (Cagayan Valley)","id":"barangay-0205011002","name":"Baresbes","barangayCode":"0205011002","population":null,"formattedPop":null,"densityCategory":"No data","vulnerabilityRating":"No data","healthRiskLevel":"No data","areaKm2":11.605063,"centerLat":16.472793,"centerLng":121.239389,"geometrySource":"all_barangay-2.csv detailed WKT","geometryMatchMethod":"unique_official_admin_names","boundaryPointCount":13},"geometry":{"type":"MultiPolygon","coordinates":[[[[121.23494,16.51483],[121.247383,16.50663],[121.251053,16.49045],[121.25132,16.46809],[121.259308,16.44957],[121.255623,16.4251],[121.244812,16.42515],[121.245697,16.445141],[121.223106,16.50609],[121.226334,16.50639],[121.230171,16.50844],[121.234062,16.51399],[121.23494,16.51483]]]]}},{"type":"Feature","properties":{"ID_0":177,"ISO":"PHL","NAME_0":"Philippines","ID_1":2050,"NAME_1":"Nueva Vizcaya","ID_2":205011,"NAME_2":"Quezon","ID_3":205011003,"NAME_3":"Buliwao","NL_NAME_3":null,"VARNAME_3":null,"TYPE_3":"Barangay","ENGTYPE_3":"Village","PROVINCE":"Nueva Vizcaya","REGION":"Region II (Cagayan Valley)","id":"barangay-0205011003","name":"Buliwao","barangayCode":"0205011003","population":null,"formattedPop":null,"densityCategory":"No data","vulnerabilityRating":"No data","healthRiskLevel":"No data","areaKm2":12.050347,"centerLat":16.469031,"centerLng":121.251406,"geometrySource":"all_barangay-2.csv detailed WKT","geometryMatchMethod":"unique_official_admin_names","boundaryPointCount":10},"geometry":{"type":"MultiPolygon","coordinates":[[[[121.286392,16.49115],[121.285217,16.48908],[121.27803,16.478371],[121.286491,16.45742],[121.262306,16.424009],[121.255623,16.4251],[121.259308,16.44957],[121.25132,16.46809],[121.251053,16.49045],[121.286392,16.49115]]]]}},{"type":"Feature","properties":{"ID_0":177,"ISO":"PHL","NAME_0":"Philippines","ID_1":2050,"NAME_1":"Nueva Vizcaya","ID_2":205011,"NAME_2":"Quezon","ID_3":205011004,"NAME_3":"Bonifacio","NL_NAME_3":null,"VARNAME_3":null,"TYPE_3":"Barangay","ENGTYPE_3":"Village","PROVINCE":"Nueva Vizcaya","REGION":"Region II (Cagayan Valley)","id":"barangay-0205011004","name":"Bonifacio","barangayCode":"0205011004","population":null,"formattedPop":null,"densityCategory":"No data","vulnerabilityRating":"No data","healthRiskLevel":"No data","areaKm2":18.089505,"centerLat":16.516608,"centerLng":121.307379,"geometrySource":"all_barangay-2.csv detailed WKT","geometryMatchMethod":"unique_official_admin_names","boundaryPointCount":8},"geometry":{"type":"MultiPolygon","coordinates":[[[[121.283638,16.51984],[121.341148,16.500481],[121.346024,16.50172],[121.343727,16.49007],[121.322823,16.48702],[121.31749,16.498541],[121.288788,16.50485],[121.283638,16.51984]]]]}},{"type":"Feature","properties":{"ID_0":177,"ISO":"PHL","NAME_0":"Philippines","ID_1":2050,"NAME_1":"Nueva Vizcaya","ID_2":205011,"NAME_2":"Quezon","ID_3":205011005,"NAME_3":"Calaocan","NL_NAME_3":null,"VARNAME_3":null,"TYPE_3":"Barangay","ENGTYPE_3":"Village","PROVINCE":"Nueva Vizcaya","REGION":"Region II (Cagayan Valley)","id":"barangay-0205011005","name":"Calaocan","barangayCode":"0205011005","population":null,"formattedPop":null,"densityCategory":"No data","vulnerabilityRating":"No data","healthRiskLevel":"No data","areaKm2":27.281415,"centerLat":16.475984,"centerLng":121.342738,"geometrySource":"all_barangay-2.csv detailed WKT","geometryMatchMethod":"unique_official_admin_names","boundaryPointCount":9},"geometry":{"type":"MultiPolygon","coordinates":[[[[121.384712,16.48719],[121.382088,16.47016],[121.381203,16.464451],[121.356522,16.4589],[121.356453,16.45779],[121.338707,16.456181],[121.342056,16.48093],[121.369324,16.478889],[121.384712,16.48719]]]]}},{"type":"Feature","properties":{"ID_0":177,"ISO":"PHL","NAME_0":"Philippines","ID_1":2050,"NAME_1":"Nueva Vizcaya","ID_2":205011,"NAME_2":"Quezon","ID_3":205011006,"NAME_3":"Caliat","NL_NAME_3":null,"VARNAME_3":null,"TYPE_3":"Barangay","ENGTYPE_3":"Village","PROVINCE":"Nueva Vizcaya","REGION":"Region II (Cagayan Valley)","id":"barangay-0205011006","name":"Caliat","barangayCode":"0205011006","population":null,"formattedPop":null,"densityCategory":"No data","vulnerabilityRating":"No data","healthRiskLevel":"No data","areaKm2":9.082239,"centerLat":16.504988,"centerLng":121.284126,"geometrySource":"all_barangay-2.csv detailed WKT","geometryMatchMethod":"unique_official_admin_names","boundaryPointCount":7},"geometry":{"type":"MultiPolygon","coordinates":[[[[121.31749,16.498541],[121.31076,16.486271],[121.285217,16.48908],[121.286392,16.49115],[121.284042,16.497499],[121.288788,16.50485],[121.31749,16.498541]]]]}},{"type":"Feature","properties":{"ID_0":177,"ISO":"PHL","NAME_0":"Philippines","ID_1":2050,"NAME_1":"Nueva Vizcaya","ID_2":205011,"NAME_2":"Quezon","ID_3":205011007,"NAME_3":"Darubba","NL_NAME_3":null,"VARNAME_3":null,"TYPE_3":"Barangay","ENGTYPE_3":"Village","PROVINCE":"Nueva Vizcaya","REGION":"Region II (Cagayan Valley)","id":"barangay-0205011007","name":"Darubba","barangayCode":"0205011007","population":null,"formattedPop":null,"densityCategory":"No data","vulnerabilityRating":"No data","healthRiskLevel":"No data","areaKm2":5.661493,"centerLat":16.484335,"centerLng":121.294348,"geometrySource":"all_barangay-2.csv detailed WKT","geometryMatchMethod":"unique_official_admin_names","boundaryPointCount":9},"geometry":{"type":"MultiPolygon","coordinates":[[[[121.31749,16.498541],[121.322823,16.48702],[121.343727,16.49007],[121.342056,16.48093],[121.338707,16.456181],[121.314697,16.454679],[121.29908,16.4655],[121.31076,16.486271],[121.31749,16.498541]]]]}},{"type":"Feature","properties":{"ID_0":177,"ISO":"PHL","NAME_0":"Philippines","ID_1":2050,"NAME_1":"Nueva Vizcaya","ID_2":205011,"NAME_2":"Quezon","ID_3":205011008,"NAME_3":"Maddiangat","NL_NAME_3":null,"VARNAME_3":null,"TYPE_3":"Barangay","ENGTYPE_3":"Village","PROVINCE":"Nueva Vizcaya","REGION":"Region II (Cagayan Valley)","id":"barangay-0205011008","name":"Maddiangat","barangayCode":"0205011008","population":null,"formattedPop":null,"densityCategory":"No data","vulnerabilityRating":"No data","healthRiskLevel":"No data","areaKm2":17.579511,"centerLat":16.471759,"centerLng":121.222239,"geometrySource":"all_barangay-2.csv detailed WKT","geometryMatchMethod":"unique_official_admin_names","boundaryPointCount":22},"geometry":{"type":"MultiPolygon","coordinates":[[[[121.223106,16.50609],[121.245697,16.445141],[121.244812,16.42515],[121.225868,16.427151],[121.236847,16.442659],[121.234299,16.45392],[121.192734,16.486509],[121.196373,16.48996],[121.197647,16.490919],[121.198051,16.491301],[121.199539,16.492479],[121.202049,16.493851],[121.204109,16.49547],[121.204849,16.49662],[121.205238,16.49799],[121.205551,16.5],[121.208237,16.50268],[121.210991,16.503389],[121.213814,16.50359],[121.216042,16.50388],[121.219704,16.50564],[121.223106,16.50609]]]]}},{"type":"Feature","properties":{"ID_0":177,"ISO":"PHL","NAME_0":"Philippines","ID_1":2050,"NAME_1":"Nueva Vizcaya","ID_2":205011,"NAME_2":"Quezon","ID_3":205011009,"NAME_3":"Nalubbunan","NL_NAME_3":null,"VARNAME_3":null,"TYPE_3":"Barangay","ENGTYPE_3":"Village","PROVINCE":"Nueva Vizcaya","REGION":"Region II (Cagayan Valley)","id":"barangay-0205011009","name":"Nalubbunan","barangayCode":"0205011009","population":null,"formattedPop":null,"densityCategory":"No data","vulnerabilityRating":"No data","healthRiskLevel":"No data","areaKm2":13.918001,"centerLat":16.520337,"centerLng":121.257779,"geometrySource":"all_barangay-2.csv detailed WKT","geometryMatchMethod":"unique_official_admin_names","boundaryPointCount":20},"geometry":{"type":"MultiPolygon","coordinates":[[[[121.283638,16.51984],[121.288788,16.50485],[121.284042,16.497499],[121.286392,16.49115],[121.251053,16.49045],[121.247383,16.50663],[121.23494,16.51483],[121.235603,16.515711],[121.23687,16.518551],[121.237617,16.519831],[121.238663,16.520321],[121.241577,16.519449],[121.244034,16.51992],[121.24498,16.52096],[121.246391,16.52368],[121.24675,16.524321],[121.249847,16.5264],[121.251503,16.52747],[121.2537,16.5305],[121.283638,16.51984]]]]}},{"type":"Feature","properties":{"ID_0":177,"ISO":"PHL","NAME_0":"Philippines","ID_1":2050,"NAME_1":"Nueva Vizcaya","ID_2":205011,"NAME_2":"Quezon","ID_3":205011010,"NAME_3":"Runruno","NL_NAME_3":null,"VARNAME_3":null,"TYPE_3":"Barangay","ENGTYPE_3":"Village","PROVINCE":"Nueva Vizcaya","REGION":"Region II (Cagayan Valley)","id":"barangay-0205011010","name":"Runruno","barangayCode":"0205011010","population":null,"formattedPop":null,"densityCategory":"No data","vulnerabilityRating":"No data","healthRiskLevel":"No data","areaKm2":41.803636,"centerLat":16.431157,"centerLng":121.309872,"geometrySource":"all_barangay-2.csv detailed WKT","geometryMatchMethod":"unique_official_admin_names","boundaryPointCount":9},"geometry":{"type":"MultiPolygon","coordinates":[[[[121.381203,16.464451],[121.379471,16.45109],[121.331673,16.424049],[121.314507,16.41444],[121.314697,16.454679],[121.338707,16.456181],[121.356453,16.45779],[121.356522,16.4589],[121.381203,16.464451]]]]}},{"type":"Feature","properties":{"ID_0":177,"ISO":"PHL","NAME_0":"Philippines","ID_1":2050,"NAME_1":"Nueva Vizcaya","ID_2":205011,"NAME_2":"Quezon","ID_3":205011011,"NAME_3":"Maasin","NL_NAME_3":null,"VARNAME_3":null,"TYPE_3":"Barangay","ENGTYPE_3":"Village","PROVINCE":"Nueva Vizcaya","REGION":"Region II (Cagayan Valley)","id":"barangay-0205011011","name":"Maasin","barangayCode":"0205011011","population":null,"formattedPop":null,"densityCategory":"No data","vulnerabilityRating":"No data","healthRiskLevel":"No data","areaKm2":21.474624,"centerLat":16.460515,"centerLng":121.286265,"geometrySource":"barangays.geojson simplified fallback","geometryMatchMethod":"simplified_fallback","boundaryPointCount":8},"geometry":{"type":"Polygon","coordinates":[[[121.25856022000005,16.477506721000054],[121.30481885000006,16.477267892000043],[121.32380055700003,16.470805814000073],[121.29383539000003,16.439321895000035],[121.26388791400007,16.44088186600004],[121.26630722000004,16.452013365000028],[121.25346510400004,16.467982937000045],[121.25856022000005,16.477506721000054]]]}},{"type":"Feature","properties":{"ID_0":177,"ISO":"PHL","NAME_0":"Philippines","ID_1":2050,"NAME_1":"Nueva Vizcaya","ID_2":205011,"NAME_2":"Quezon","ID_3":205011012,"NAME_3":"Dagupan","NL_NAME_3":null,"VARNAME_3":null,"TYPE_3":"Barangay","ENGTYPE_3":"Village","PROVINCE":"Nueva Vizcaya","REGION":"Region II (Cagayan Valley)","id":"barangay-0205011012","name":"Dagupan","barangayCode":"0205011012","population":null,"formattedPop":null,"densityCategory":"No data","vulnerabilityRating":"No data","healthRiskLevel":"No data","areaKm2":27.111201,"centerLat":16.5242,"centerLng":121.348098,"geometrySource":"all_barangay-2.csv detailed WKT","geometryMatchMethod":"unique_official_admin_names","boundaryPointCount":8},"geometry":{"type":"MultiPolygon","coordinates":[[[[121.387329,16.506821],[121.384712,16.48719],[121.369324,16.478889],[121.342056,16.48093],[121.343727,16.49007],[121.346024,16.50172],[121.388298,16.51598],[121.387329,16.506821]]]]}},{"type":"Feature","properties":{"ID_0":177,"ISO":"PHL","NAME_0":"Philippines","ID_1":2050,"NAME_1":"Nueva Vizcaya","ID_2":205012,"NAME_2":"Santa Fe","ID_3":205012002,"NAME_3":"Bacneng","NL_NAME_3":null,"VARNAME_3":null,"TYPE_3":"Barangay","ENGTYPE_3":"Village","PROVINCE":"Nueva Vizcaya","REGION":"Region II (Cagayan Valley)","id":"barangay-0205012002","name":"Bacneng","barangayCode":"0205012002","population":null,"formattedPop":null,"densityCategory":"No data","vulnerabilityRating":"No data","healthRiskLevel":"No data","areaKm2":16.808455,"centerLat":16.188783,"centerLng":120.921552,"geometrySource":"all_barangay-2.csv detailed WKT","geometryMatchMethod":"unique_official_admin_names","boundaryPointCount":12},"geometry":{"type":"MultiPolygon","coordinates":[[[[120.933128,16.196171],[120.93412,16.195009],[120.934937,16.19383],[120.93679,16.188709],[120.937431,16.185579],[120.937523,16.18166],[120.935493,16.17285],[120.934647,16.164351],[120.899429,16.156321],[120.890167,16.19339],[120.904427,16.21034],[120.933128,16.196171]]]]}},{"type":"Feature","properties":{"ID_0":177,"ISO":"PHL","NAME_0":"Philippines","ID_1":2050,"NAME_1":"Nueva Vizcaya","ID_2":205012,"NAME_2":"Santa Fe","ID_3":205012003,"NAME_3":"Baliling","NL_NAME_3":null,"VARNAME_3":null,"TYPE_3":"Barangay","ENGTYPE_3":"Village","PROVINCE":"Nueva Vizcaya","REGION":"Region II (Cagayan Valley)","id":"barangay-0205012003","name":"Baliling","barangayCode":"0205012003","population":null,"formattedPop":null,"densityCategory":"No data","vulnerabilityRating":"No data","healthRiskLevel":"No data","areaKm2":3.94824,"centerLat":16.181151,"centerLng":120.94438,"geometrySource":"all_barangay-2.csv detailed WKT","geometryMatchMethod":"unique_official_admin_names","boundaryPointCount":12},"geometry":{"type":"MultiPolygon","coordinates":[[[[120.933128,16.196171],[120.945747,16.191311],[120.961632,16.184311],[120.958344,16.16847],[120.947517,16.177059],[120.935493,16.17285],[120.937523,16.18166],[120.937431,16.185579],[120.93679,16.188709],[120.934937,16.19383],[120.93412,16.195009],[120.933128,16.196171]]]]}},{"type":"Feature","properties":{"ID_0":177,"ISO":"PHL","NAME_0":"Philippines","ID_1":2050,"NAME_1":"Nueva Vizcaya","ID_2":205012,"NAME_2":"Santa Fe","ID_3":205012004,"NAME_3":"Bantinan","NL_NAME_3":null,"VARNAME_3":null,"TYPE_3":"Barangay","ENGTYPE_3":"Village","PROVINCE":"Nueva Vizcaya","REGION":"Region II (Cagayan Valley)","id":"barangay-0205012004","name":"Bantinan","barangayCode":"0205012004","population":null,"formattedPop":null,"densityCategory":"No data","vulnerabilityRating":"No data","healthRiskLevel":"No data","areaKm2":25.61088,"centerLat":16.157327,"centerLng":121.002457,"geometrySource":"all_barangay-2.csv detailed WKT","geometryMatchMethod":"unique_official_admin_names","boundaryPointCount":5},"geometry":{"type":"MultiPolygon","coordinates":[[[[120.98214,16.15761],[120.995567,16.16761],[121.005722,16.14344],[120.988037,16.12756],[120.98214,16.15761]]]]}},{"type":"Feature","properties":{"ID_0":177,"ISO":"PHL","NAME_0":"Philippines","ID_1":2050,"NAME_1":"Nueva Vizcaya","ID_2":205012,"NAME_2":"Santa Fe","ID_3":205012005,"NAME_3":"Baracbac","NL_NAME_3":null,"VARNAME_3":null,"TYPE_3":"Barangay","ENGTYPE_3":"Village","PROVINCE":"Nueva Vizcaya","REGION":"Region II (Cagayan Valley)","id":"barangay-0205012005","name":"Baracbac","barangayCode":"0205012005","population":null,"formattedPop":null,"densityCategory":"No data","vulnerabilityRating":"No data","healthRiskLevel":"No data","areaKm2":6.573247,"centerLat":16.151672,"centerLng":120.922057,"geometrySource":"all_barangay-2.csv detailed WKT","geometryMatchMethod":"unique_official_admin_names","boundaryPointCount":8},"geometry":{"type":"MultiPolygon","coordinates":[[[[120.934647,16.164351],[120.929451,16.148529],[120.916222,16.133421],[120.909622,16.142679],[120.908333,16.14485],[120.900459,16.152479],[120.899429,16.156321],[120.934647,16.164351]]]]}},{"type":"Feature","properties":{"ID_0":177,"ISO":"PHL","NAME_0":"Philippines","ID_1":2050,"NAME_1":"Nueva Vizcaya","ID_2":205012,"NAME_2":"Santa Fe","ID_3":205012006,"NAME_3":"Buyasyas","NL_NAME_3":null,"VARNAME_3":null,"TYPE_3":"Barangay","ENGTYPE_3":"Village","PROVINCE":"Nueva Vizcaya","REGION":"Region II (Cagayan Valley)","id":"barangay-0205012006","name":"Buyasyas","barangayCode":"0205012006","population":null,"formattedPop":null,"densityCategory":"No data","vulnerabilityRating":"No data","healthRiskLevel":"No data","areaKm2":13.564576,"centerLat":16.218415,"centerLng":120.922212,"geometrySource":"all_barangay-2.csv detailed WKT","geometryMatchMethod":"unique_official_admin_names","boundaryPointCount":26},"geometry":{"type":"MultiPolygon","coordinates":[[[[120.889816,16.23329],[120.957787,16.2185],[120.954277,16.21677],[120.952049,16.21516],[120.950203,16.21348],[120.949333,16.21175],[120.949738,16.20932],[120.950638,16.207609],[120.951141,16.206091],[120.949898,16.20414],[120.94902,16.202499],[120.948807,16.201441],[120.94883,16.199789],[120.948578,16.19846],[120.947746,16.197491],[120.947037,16.19639],[120.946609,16.195641],[120.946388,16.19463],[120.946297,16.19356],[120.946121,16.192841],[120.9459,16.191931],[120.945747,16.191311],[120.933128,16.196171],[120.904427,16.21034],[120.884483,16.23455],[120.889816,16.23329]]]]}},{"type":"Feature","properties":{"ID_0":177,"ISO":"PHL","NAME_0":"Philippines","ID_1":2050,"NAME_1":"Nueva Vizcaya","ID_2":205012,"NAME_2":"Santa Fe","ID_3":205012008,"NAME_3":"Imugan","NL_NAME_3":null,"VARNAME_3":null,"TYPE_3":"Barangay","ENGTYPE_3":"Village","PROVINCE":"Nueva Vizcaya","REGION":"Region II (Cagayan Valley)","id":"barangay-0205012008","name":"Imugan","barangayCode":"0205012008","population":null,"formattedPop":null,"densityCategory":"No data","vulnerabilityRating":"No data","healthRiskLevel":"No data","areaKm2":23.281977,"centerLat":16.151774,"centerLng":120.891942,"geometrySource":"all_barangay-2.csv detailed WKT","geometryMatchMethod":"unique_official_admin_names","boundaryPointCount":14},"geometry":{"type":"MultiPolygon","coordinates":[[[[120.890167,16.19339],[120.899429,16.156321],[120.900459,16.152479],[120.908333,16.14485],[120.909622,16.142679],[120.916222,16.133421],[120.930809,16.12023],[120.879951,16.105921],[120.870415,16.120367],[120.871811,16.12344],[120.880676,16.14295],[120.869972,16.166439],[120.877823,16.18656],[120.890167,16.19339]]]]}},{"type":"Feature","properties":{"ID_0":177,"ISO":"PHL","NAME_0":"Philippines","ID_1":2050,"NAME_1":"Nueva Vizcaya","ID_2":205012,"NAME_2":"Santa Fe","ID_3":205012009,"NAME_3":"Poblacion","NL_NAME_3":null,"VARNAME_3":null,"TYPE_3":"Barangay","ENGTYPE_3":"Village","PROVINCE":"Nueva Vizcaya","REGION":"Region II (Cagayan Valley)","id":"barangay-0205012009","name":"Poblacion","barangayCode":"0205012009","population":null,"formattedPop":null,"densityCategory":"No data","vulnerabilityRating":"No data","healthRiskLevel":"No data","areaKm2":0.980465,"centerLat":16.155211,"centerLng":120.937742,"geometrySource":"barangays.geojson simplified fallback","geometryMatchMethod":"simplified_fallback","boundaryPointCount":5},"geometry":{"type":"Polygon","coordinates":[[[120.93920569400007,16.16040147700005],[120.94398673600006,16.152860600000054],[120.93859634000012,16.14850694300003],[120.93251782400012,16.153475060000062],[120.93920569400007,16.16040147700005]]]}},{"type":"Feature","properties":{"ID_0":177,"ISO":"PHL","NAME_0":"Philippines","ID_1":2050,"NAME_1":"Nueva Vizcaya","ID_2":205012,"NAME_2":"Santa Fe","ID_3":205012010,"NAME_3":"Sinapaoan","NL_NAME_3":null,"VARNAME_3":null,"TYPE_3":"Barangay","ENGTYPE_3":"Village","PROVINCE":"Nueva Vizcaya","REGION":"Region II (Cagayan Valley)","id":"barangay-0205012010","name":"Sinapaoan","barangayCode":"0205012010","population":null,"formattedPop":null,"densityCategory":"No data","vulnerabilityRating":"No data","healthRiskLevel":"No data","areaKm2":8.268382,"centerLat":16.169,"centerLng":120.964511,"geometrySource":"all_barangay-2.csv detailed WKT","geometryMatchMethod":"unique_official_admin_names","boundaryPointCount":7},"geometry":{"type":"MultiPolygon","coordinates":[[[[120.961632,16.184311],[120.977013,16.190229],[120.98214,16.15761],[120.95575,16.14279],[120.964561,16.15836],[120.958344,16.16847],[120.961632,16.184311]]]]}},{"type":"Feature","properties":{"ID_0":177,"ISO":"PHL","NAME_0":"Philippines","ID_1":2050,"NAME_1":"Nueva Vizcaya","ID_2":205012,"NAME_2":"Santa Fe","ID_3":205012011,"NAME_3":"Tactac","NL_NAME_3":null,"VARNAME_3":null,"TYPE_3":"Barangay","ENGTYPE_3":"Village","PROVINCE":"Nueva Vizcaya","REGION":"Region II (Cagayan Valley)","id":"barangay-0205012011","name":"Tactac","barangayCode":"0205012011","population":null,"formattedPop":null,"densityCategory":"No data","vulnerabilityRating":"No data","healthRiskLevel":"No data","areaKm2":4.474821,"centerLat":16.142165,"centerLng":120.93745,"geometrySource":"all_barangay-2.csv detailed WKT","geometryMatchMethod":"unique_official_admin_names","boundaryPointCount":8},"geometry":{"type":"MultiPolygon","coordinates":[[[[120.943962,16.154739],[120.95575,16.14279],[120.946472,16.122271],[120.930809,16.12023],[120.916222,16.133421],[120.929451,16.148529],[120.933327,16.14641],[120.943962,16.154739]]]]}},{"type":"Feature","properties":{"ID_0":177,"ISO":"PHL","NAME_0":"Philippines","ID_1":2050,"NAME_1":"Nueva Vizcaya","ID_2":205012,"NAME_2":"Santa Fe","ID_3":205012012,"NAME_3":"Villa Flores","NL_NAME_3":null,"VARNAME_3":null,"TYPE_3":"Barangay","ENGTYPE_3":"Village","PROVINCE":"Nueva Vizcaya","REGION":"Region II (Cagayan Valley)","id":"barangay-0205012012","name":"Villa Flores","barangayCode":"0205012012","population":null,"formattedPop":null,"densityCategory":"No data","vulnerabilityRating":"No data","healthRiskLevel":"No data","areaKm2":7.281474,"centerLat":16.16112,"centerLng":120.947087,"geometrySource":"all_barangay-2.csv detailed WKT","geometryMatchMethod":"unique_official_admin_names","boundaryPointCount":8},"geometry":{"type":"MultiPolygon","coordinates":[[[[120.958344,16.16847],[120.964561,16.15836],[120.95575,16.14279],[120.943962,16.154739],[120.934647,16.164351],[120.935493,16.17285],[120.947517,16.177059],[120.958344,16.16847]]]]}},{"type":"Feature","properties":{"ID_0":177,"ISO":"PHL","NAME_0":"Philippines","ID_1":2050,"NAME_1":"Nueva Vizcaya","ID_2":205012,"NAME_2":"Santa Fe","ID_3":205012013,"NAME_3":"Atbu","NL_NAME_3":null,"VARNAME_3":null,"TYPE_3":"Barangay","ENGTYPE_3":"Village","PROVINCE":"Nueva Vizcaya","REGION":"Region II (Cagayan Valley)","id":"barangay-0205012013","name":"Atbu","barangayCode":"0205012013","population":null,"formattedPop":null,"densityCategory":"No data","vulnerabilityRating":"No data","healthRiskLevel":"No data","areaKm2":7.949723,"centerLat":16.1387,"centerLng":120.969751,"geometrySource":"all_barangay-2.csv detailed WKT","geometryMatchMethod":"unique_official_admin_names","boundaryPointCount":5},"geometry":{"type":"MultiPolygon","coordinates":[[[[120.98214,16.15761],[120.988037,16.12756],[120.946472,16.122271],[120.95575,16.14279],[120.98214,16.15761]]]]}},{"type":"Feature","properties":{"ID_0":177,"ISO":"PHL","NAME_0":"Philippines","ID_1":2050,"NAME_1":"Nueva Vizcaya","ID_2":205012,"NAME_2":"Santa Fe","ID_3":205012014,"NAME_3":"Balete","NL_NAME_3":null,"VARNAME_3":null,"TYPE_3":"Barangay","ENGTYPE_3":"Village","PROVINCE":"Nueva Vizcaya","REGION":"Region II (Cagayan Valley)","id":"barangay-0205012014","name":"Balete","barangayCode":"0205012014","population":null,"formattedPop":null,"densityCategory":"No data","vulnerabilityRating":"No data","healthRiskLevel":"No data","areaKm2":8.658136,"centerLat":16.193634,"centerLng":120.969563,"geometrySource":"all_barangay-2.csv detailed WKT","geometryMatchMethod":"unique_official_admin_names","boundaryPointCount":28},"geometry":{"type":"MultiPolygon","coordinates":[[[[120.978233,16.21533],[121.002724,16.2089],[120.995567,16.16761],[120.98214,16.15761],[120.977013,16.190229],[120.961632,16.184311],[120.945747,16.191311],[120.9459,16.191931],[120.946121,16.192841],[120.946297,16.19356],[120.946388,16.19463],[120.946609,16.195641],[120.947037,16.19639],[120.947746,16.197491],[120.948578,16.19846],[120.94883,16.199789],[120.948807,16.201441],[120.94902,16.202499],[120.949898,16.20414],[120.951141,16.206091],[120.950638,16.207609],[120.949738,16.20932],[120.949333,16.21175],[120.950203,16.21348],[120.952049,16.21516],[120.954277,16.21677],[120.957787,16.2185],[120.978233,16.21533]]]]}},{"type":"Feature","properties":{"ID_0":177,"ISO":"PHL","NAME_0":"Philippines","ID_1":2050,"NAME_1":"Nueva Vizcaya","ID_2":205012,"NAME_2":"Santa Fe","ID_3":205012015,"NAME_3":"Canabuan","NL_NAME_3":null,"VARNAME_3":null,"TYPE_3":"Barangay","ENGTYPE_3":"Village","PROVINCE":"Nueva Vizcaya","REGION":"Region II (Cagayan Valley)","id":"barangay-0205012015","name":"Canabuan","barangayCode":"0205012015","population":null,"formattedPop":null,"densityCategory":"No data","vulnerabilityRating":"No data","healthRiskLevel":"No data","areaKm2":11.438469,"centerLat":16.153476,"centerLng":121.046035,"geometrySource":"all_barangay-2.csv detailed WKT","geometryMatchMethod":"unique_official_admin_names","boundaryPointCount":13},"geometry":{"type":"MultiPolygon","coordinates":[[[[121.059158,16.18783],[121.074211,16.119551],[121.074883,16.114349],[121.070213,16.115339],[121.043266,16.120199],[121.026466,16.126089],[121.002159,16.125731],[120.988037,16.12756],[121.005722,16.14344],[120.995567,16.16761],[121.002724,16.2089],[121.022614,16.20462],[121.059158,16.18783]]]]}},{"type":"Feature","properties":{"ID_0":177,"ISO":"PHL","NAME_0":"Philippines","ID_1":2050,"NAME_1":"Nueva Vizcaya","ID_2":205012,"NAME_2":"Santa Fe","ID_3":205012016,"NAME_3":"Malico","NL_NAME_3":null,"VARNAME_3":null,"TYPE_3":"Barangay","ENGTYPE_3":"Village","PROVINCE":"Nueva Vizcaya","REGION":"Region II (Cagayan Valley)","id":"barangay-0205012016","name":"Malico","barangayCode":"0205012016","population":null,"formattedPop":null,"densityCategory":"No data","vulnerabilityRating":"No data","healthRiskLevel":"No data","areaKm2":16.59641,"centerLat":16.153684,"centerLng":120.863187,"geometrySource":"all_barangay-2.csv detailed WKT","geometryMatchMethod":"unique_official_admin_names","boundaryPointCount":13},"geometry":{"type":"MultiPolygon","coordinates":[[[[120.87133,16.187481],[120.877823,16.18656],[120.869972,16.166439],[120.880676,16.14295],[120.871811,16.12344],[120.870415,16.120367],[120.868446,16.123341],[120.857239,16.132851],[120.852898,16.143419],[120.840919,16.171061],[120.841385,16.171499],[120.845032,16.17],[120.87133,16.187481]]]]}},{"type":"Feature","properties":{"ID_0":177,"ISO":"PHL","NAME_0":"Philippines","ID_1":2050,"NAME_1":"Nueva Vizcaya","ID_2":205012,"NAME_2":"Santa Fe","ID_3":205012017,"NAME_3":"Santa Rosa","NL_NAME_3":null,"VARNAME_3":null,"TYPE_3":"Barangay","ENGTYPE_3":"Village","PROVINCE":"Nueva Vizcaya","REGION":"Region II (Cagayan Valley)","id":"barangay-0205012017","name":"Santa Rosa","barangayCode":"0205012017","population":null,"formattedPop":null,"densityCategory":"No data","vulnerabilityRating":"No data","healthRiskLevel":"No data","areaKm2":72.625883,"centerLat":16.214078,"centerLng":120.822577,"geometrySource":"all_barangay-2.csv detailed WKT","geometryMatchMethod":"unique_official_admin_names","boundaryPointCount":16},"geometry":{"type":"MultiPolygon","coordinates":[[[[120.838814,16.2516],[120.865646,16.244181],[120.87867,16.235901],[120.861588,16.211691],[120.87133,16.187481],[120.845032,16.17],[120.841385,16.171499],[120.837196,16.17322],[120.825996,16.177839],[120.813499,16.182989],[120.799316,16.188829],[120.768867,16.20137],[120.75901,16.24295],[120.764938,16.25386],[120.785294,16.258169],[120.838814,16.2516]]]]}},{"type":"Feature","properties":{"ID_0":177,"ISO":"PHL","NAME_0":"Philippines","ID_1":2050,"NAME_1":"Nueva Vizcaya","ID_2":205012,"NAME_2":"Santa Fe","ID_3":205012018,"NAME_3":"Unib","NL_NAME_3":null,"VARNAME_3":null,"TYPE_3":"Barangay","ENGTYPE_3":"Village","PROVINCE":"Nueva Vizcaya","REGION":"Region II (Cagayan Valley)","id":"barangay-0205012018","name":"Unib","barangayCode":"0205012018","population":null,"formattedPop":null,"densityCategory":"No data","vulnerabilityRating":"No data","healthRiskLevel":"No data","areaKm2":19.067365,"centerLat":16.203936,"centerLng":120.885324,"geometrySource":"all_barangay-2.csv detailed WKT","geometryMatchMethod":"unique_official_admin_names","boundaryPointCount":8},"geometry":{"type":"MultiPolygon","coordinates":[[[[120.87867,16.235901],[120.884483,16.23455],[120.904427,16.21034],[120.890167,16.19339],[120.877823,16.18656],[120.87133,16.187481],[120.861588,16.211691],[120.87867,16.235901]]]]}},{"type":"Feature","properties":{"ID_0":177,"ISO":"PHL","NAME_0":"Philippines","ID_1":2050,"NAME_1":"Nueva Vizcaya","ID_2":205013,"NAME_2":"Solano","ID_3":205013001,"NAME_3":"Aggub","NL_NAME_3":null,"VARNAME_3":null,"TYPE_3":"Barangay","ENGTYPE_3":"Village","PROVINCE":"Nueva Vizcaya","REGION":"Region II (Cagayan Valley)","id":"barangay-0205013001","name":"Aggub","barangayCode":"0205013001","population":null,"formattedPop":null,"densityCategory":"No data","vulnerabilityRating":"No data","healthRiskLevel":"No data","areaKm2":5.199366,"centerLat":16.561912,"centerLng":121.20744,"geometrySource":"all_barangay-2.csv detailed WKT","geometryMatchMethod":"unique_official_admin_names","boundaryPointCount":9},"geometry":{"type":"MultiPolygon","coordinates":[[[[121.223579,16.566999],[121.223503,16.555799],[121.226021,16.54912],[121.206451,16.55172],[121.194717,16.5534],[121.194618,16.559019],[121.198303,16.56509],[121.223717,16.57324],[121.223579,16.566999]]]]}},{"type":"Feature","properties":{"ID_0":177,"ISO":"PHL","NAME_0":"Philippines","ID_1":2050,"NAME_1":"Nueva Vizcaya","ID_2":205013,"NAME_2":"Solano","ID_3":205013002,"NAME_3":"Bangaan","NL_NAME_3":null,"VARNAME_3":null,"TYPE_3":"Barangay","ENGTYPE_3":"Village","PROVINCE":"Nueva Vizcaya","REGION":"Region II (Cagayan Valley)","id":"barangay-0205013002","name":"Bangaan","barangayCode":"0205013002","population":null,"formattedPop":null,"densityCategory":"No data","vulnerabilityRating":"No data","healthRiskLevel":"No data","areaKm2":4.00827,"centerLat":16.543565,"centerLng":121.141397,"geometrySource":"all_barangay-2.csv detailed WKT","geometryMatchMethod":"unique_official_admin_names","boundaryPointCount":12},"geometry":{"type":"MultiPolygon","coordinates":[[[[121.159851,16.54785],[121.16201,16.544439],[121.162582,16.530701],[121.144379,16.537109],[121.143608,16.54031],[121.144028,16.541771],[121.144669,16.543171],[121.144577,16.543501],[121.144943,16.545259],[121.144043,16.548559],[121.143761,16.5495],[121.159851,16.54785]]]]}},{"type":"Feature","properties":{"ID_0":177,"ISO":"PHL","NAME_0":"Philippines","ID_1":2050,"NAME_1":"Nueva Vizcaya","ID_2":205013,"NAME_2":"Solano","ID_3":205013003,"NAME_3":"Bangar","NL_NAME_3":null,"VARNAME_3":null,"TYPE_3":"Barangay","ENGTYPE_3":"Village","PROVINCE":"Nueva Vizcaya","REGION":"Region II (Cagayan Valley)","id":"barangay-0205013003","name":"Bangar","barangayCode":"0205013003","population":null,"formattedPop":null,"densityCategory":"No data","vulnerabilityRating":"No data","healthRiskLevel":"No data","areaKm2":3.63825,"centerLat":16.537905,"centerLng":121.240194,"geometrySource":"all_barangay-2.csv detailed WKT","geometryMatchMethod":"unique_official_admin_names","boundaryPointCount":14},"geometry":{"type":"MultiPolygon","coordinates":[[[[121.2537,16.5305],[121.251503,16.52747],[121.249847,16.5264],[121.24675,16.524321],[121.246391,16.52368],[121.24498,16.52096],[121.244034,16.51992],[121.241577,16.519449],[121.238663,16.520321],[121.226051,16.53006],[121.230766,16.533291],[121.235443,16.53751],[121.235489,16.537491],[121.2537,16.5305]]]]}},{"type":"Feature","properties":{"ID_0":177,"ISO":"PHL","NAME_0":"Philippines","ID_1":2050,"NAME_1":"Nueva Vizcaya","ID_2":205013,"NAME_2":"Solano","ID_3":205013004,"NAME_3":"Bascaran","NL_NAME_3":null,"VARNAME_3":null,"TYPE_3":"Barangay","ENGTYPE_3":"Village","PROVINCE":"Nueva Vizcaya","REGION":"Region II (Cagayan Valley)","id":"barangay-0205013004","name":"Bascaran","barangayCode":"0205013004","population":null,"formattedPop":null,"densityCategory":"No data","vulnerabilityRating":"No data","healthRiskLevel":"No data","areaKm2":3.486041,"centerLat":16.537439,"centerLng":121.224482,"geometrySource":"all_barangay-2.csv detailed WKT","geometryMatchMethod":"unique_official_admin_names","boundaryPointCount":10},"geometry":{"type":"MultiPolygon","coordinates":[[[[121.206787,16.53779],[121.225616,16.54311],[121.225708,16.5417],[121.235443,16.53751],[121.230766,16.533291],[121.226051,16.53006],[121.21888,16.525129],[121.2062,16.52463],[121.20459,16.532101],[121.206787,16.53779]]]]}},{"type":"Feature","properties":{"ID_0":177,"ISO":"PHL","NAME_0":"Philippines","ID_1":2050,"NAME_1":"Nueva Vizcaya","ID_2":205013,"NAME_2":"Solano","ID_3":205013005,"NAME_3":"Curifang","NL_NAME_3":null,"VARNAME_3":null,"TYPE_3":"Barangay","ENGTYPE_3":"Village","PROVINCE":"Nueva Vizcaya","REGION":"Region II (Cagayan Valley)","id":"barangay-0205013005","name":"Curifang","barangayCode":"0205013005","population":null,"formattedPop":null,"densityCategory":"No data","vulnerabilityRating":"No data","healthRiskLevel":"No data","areaKm2":3.34717,"centerLat":16.516364,"centerLng":121.214569,"geometrySource":"all_barangay-2.csv detailed WKT","geometryMatchMethod":"unique_official_admin_names","boundaryPointCount":33},"geometry":{"type":"MultiPolygon","coordinates":[[[[121.2062,16.52463],[121.21888,16.525129],[121.224983,16.520161],[121.224297,16.51959],[121.223373,16.518551],[121.221893,16.516439],[121.221024,16.514021],[121.221039,16.510651],[121.22142,16.508301],[121.221619,16.50741],[121.223106,16.50609],[121.219704,16.50564],[121.218018,16.50584],[121.216629,16.506321],[121.214012,16.50701],[121.211632,16.50758],[121.210747,16.508129],[121.209343,16.50926],[121.207787,16.509859],[121.205841,16.50968],[121.204247,16.509399],[121.203201,16.508961],[121.202217,16.508841],[121.200699,16.508421],[121.199226,16.50766],[121.19796,16.507971],[121.197182,16.508301],[121.196274,16.508619],[121.195396,16.50852],[121.193718,16.507],[121.194443,16.51507],[121.195847,16.525261],[121.2062,16.52463]]]]}},{"type":"Feature","properties":{"ID_0":177,"ISO":"PHL","NAME_0":"Philippines","ID_1":2050,"NAME_1":"Nueva Vizcaya","ID_2":205013,"NAME_2":"Solano","ID_3":205013006,"NAME_3":"Dadap","NL_NAME_3":null,"VARNAME_3":null,"TYPE_3":"Barangay","ENGTYPE_3":"Village","PROVINCE":"Nueva Vizcaya","REGION":"Region II (Cagayan Valley)","id":"barangay-0205013006","name":"Dadap","barangayCode":"0205013006","population":null,"formattedPop":null,"densityCategory":"No data","vulnerabilityRating":"No data","healthRiskLevel":"No data","areaKm2":2.122009,"centerLat":16.522725,"centerLng":121.226282,"geometrySource":"all_barangay-2.csv detailed WKT","geometryMatchMethod":"unique_official_admin_names","boundaryPointCount":20},"geometry":{"type":"MultiPolygon","coordinates":[[[[121.226051,16.53006],[121.238663,16.520321],[121.237617,16.519831],[121.23687,16.518551],[121.235603,16.515711],[121.23494,16.51483],[121.234062,16.51399],[121.230171,16.50844],[121.226334,16.50639],[121.223106,16.50609],[121.221619,16.50741],[121.22142,16.508301],[121.221039,16.510651],[121.221024,16.514021],[121.221893,16.516439],[121.223373,16.518551],[121.224297,16.51959],[121.224983,16.520161],[121.21888,16.525129],[121.226051,16.53006]]]]}},{"type":"Feature","properties":{"ID_0":177,"ISO":"PHL","NAME_0":"Philippines","ID_1":2050,"NAME_1":"Nueva Vizcaya","ID_2":205013,"NAME_2":"Solano","ID_3":205013007,"NAME_3":"Lactawan","NL_NAME_3":null,"VARNAME_3":null,"TYPE_3":"Barangay","ENGTYPE_3":"Village","PROVINCE":"Nueva Vizcaya","REGION":"Region II (Cagayan Valley)","id":"barangay-0205013007","name":"Lactawan","barangayCode":"0205013007","population":null,"formattedPop":null,"densityCategory":"No data","vulnerabilityRating":"No data","healthRiskLevel":"No data","areaKm2":1.652196,"centerLat":16.548291,"centerLng":121.189266,"geometrySource":"all_barangay-2.csv detailed WKT","geometryMatchMethod":"unique_official_admin_names","boundaryPointCount":21},"geometry":{"type":"MultiPolygon","coordinates":[[[[121.194717,16.5534],[121.206451,16.55172],[121.206787,16.53779],[121.20459,16.532101],[121.180649,16.54203],[121.180077,16.542839],[121.180573,16.544069],[121.181831,16.544661],[121.183594,16.544809],[121.184799,16.546419],[121.184883,16.548241],[121.18515,16.549021],[121.185799,16.549101],[121.186684,16.548651],[121.187439,16.54908],[121.187698,16.54937],[121.187813,16.55089],[121.187897,16.55213],[121.188026,16.55386],[121.190536,16.554489],[121.194717,16.5534]]]]}},{"type":"Feature","properties":{"ID_0":177,"ISO":"PHL","NAME_0":"Philippines","ID_1":2050,"NAME_1":"Nueva Vizcaya","ID_2":205013,"NAME_2":"Solano","ID_3":205013008,"NAME_3":"Osmeña","NL_NAME_3":null,"VARNAME_3":"Osmena","TYPE_3":"Barangay","ENGTYPE_3":"Village","PROVINCE":"Nueva Vizcaya","REGION":"Region II (Cagayan Valley)","id":"barangay-0205013008","name":"Osmeña","barangayCode":"0205013008","population":null,"formattedPop":null,"densityCategory":"No data","vulnerabilityRating":"No data","healthRiskLevel":"No data","areaKm2":2.367588,"centerLat":16.526295,"centerLng":121.171067,"geometrySource":"all_barangay-2.csv detailed WKT","geometryMatchMethod":"unique_official_admin_names","boundaryPointCount":8},"geometry":{"type":"MultiPolygon","coordinates":[[[[121.162582,16.530701],[121.17379,16.52903],[121.181847,16.52762],[121.181778,16.52199],[121.179802,16.522539],[121.17836,16.519621],[121.163071,16.52482],[121.162582,16.530701]]]]}},{"type":"Feature","properties":{"ID_0":177,"ISO":"PHL","NAME_0":"Philippines","ID_1":2050,"NAME_1":"Nueva Vizcaya","ID_2":205013,"NAME_2":"Solano","ID_3":205013009,"NAME_3":"Poblacion North","NL_NAME_3":null,"VARNAME_3":null,"TYPE_3":"Barangay","ENGTYPE_3":"Village","PROVINCE":"Nueva Vizcaya","REGION":"Region II (Cagayan Valley)","id":"barangay-0205013009","name":"Poblacion North","barangayCode":"0205013009","population":null,"formattedPop":null,"densityCategory":"No data","vulnerabilityRating":"No data","healthRiskLevel":"No data","areaKm2":0.14999,"centerLat":16.518822,"centerLng":121.18165,"geometrySource":"all_barangay-2.csv detailed WKT","geometryMatchMethod":"unique_official_admin_names","boundaryPointCount":8},"geometry":{"type":"MultiPolygon","coordinates":[[[[121.183922,16.52087],[121.181442,16.515011],[121.181068,16.515261],[121.177452,16.516991],[121.17836,16.519621],[121.179802,16.522539],[121.181778,16.52199],[121.183922,16.52087]]]]}},{"type":"Feature","properties":{"ID_0":177,"ISO":"PHL","NAME_0":"Philippines","ID_1":2050,"NAME_1":"Nueva Vizcaya","ID_2":205013,"NAME_2":"Solano","ID_3":205013010,"NAME_3":"Poblacion South","NL_NAME_3":null,"VARNAME_3":null,"TYPE_3":"Barangay","ENGTYPE_3":"Village","PROVINCE":"Nueva Vizcaya","REGION":"Region II (Cagayan Valley)","id":"barangay-0205013010","name":"Poblacion South","barangayCode":"0205013010","population":null,"formattedPop":null,"densityCategory":"No data","vulnerabilityRating":"No data","healthRiskLevel":"No data","areaKm2":0.150395,"centerLat":16.516927,"centerLng":121.180784,"geometrySource":"all_barangay-2.csv detailed WKT","geometryMatchMethod":"unique_official_admin_names","boundaryPointCount":6},"geometry":{"type":"MultiPolygon","coordinates":[[[[121.183922,16.52087],[121.187317,16.519051],[121.186127,16.5154],[121.185158,16.513189],[121.181442,16.515011],[121.183922,16.52087]]]]}},{"type":"Feature","properties":{"ID_0":177,"ISO":"PHL","NAME_0":"Philippines","ID_1":2050,"NAME_1":"Nueva Vizcaya","ID_2":205013,"NAME_2":"Solano","ID_3":205013011,"NAME_3":"Quezon","NL_NAME_3":null,"VARNAME_3":null,"TYPE_3":"Barangay","ENGTYPE_3":"Village","PROVINCE":"Nueva Vizcaya","REGION":"Region II (Cagayan Valley)","id":"barangay-0205013011","name":"Quezon","barangayCode":"0205013011","population":null,"formattedPop":null,"densityCategory":"No data","vulnerabilityRating":"No data","healthRiskLevel":"No data","areaKm2":2.895248,"centerLat":16.518417,"centerLng":121.166233,"geometrySource":"all_barangay-2.csv detailed WKT","geometryMatchMethod":"unique_official_admin_names","boundaryPointCount":7},"geometry":{"type":"MultiPolygon","coordinates":[[[[121.163071,16.52482],[121.17836,16.519621],[121.177452,16.516991],[121.181068,16.515261],[121.177094,16.508249],[121.161293,16.513861],[121.163071,16.52482]]]]}},{"type":"Feature","properties":{"ID_0":177,"ISO":"PHL","NAME_0":"Philippines","ID_1":2050,"NAME_1":"Nueva Vizcaya","ID_2":205013,"NAME_2":"Solano","ID_3":205013012,"NAME_3":"Quirino","NL_NAME_3":null,"VARNAME_3":null,"TYPE_3":"Barangay","ENGTYPE_3":"Village","PROVINCE":"Nueva Vizcaya","REGION":"Region II (Cagayan Valley)","id":"barangay-0205013012","name":"Quirino","barangayCode":"0205013012","population":null,"formattedPop":null,"densityCategory":"No data","vulnerabilityRating":"No data","healthRiskLevel":"No data","areaKm2":1.421053,"centerLat":16.511146,"centerLng":121.184954,"geometrySource":"all_barangay-2.csv detailed WKT","geometryMatchMethod":"unique_official_admin_names","boundaryPointCount":16},"geometry":{"type":"MultiPolygon","coordinates":[[[[121.194443,16.51507],[121.193718,16.507],[121.191559,16.504999],[121.189827,16.50415],[121.188652,16.50342],[121.186974,16.50206],[121.185966,16.500931],[121.18531,16.49943],[121.184647,16.497869],[121.183609,16.499149],[121.177094,16.508249],[121.181068,16.515261],[121.181442,16.515011],[121.185158,16.513189],[121.186127,16.5154],[121.194443,16.51507]]]]}},{"type":"Feature","properties":{"ID_0":177,"ISO":"PHL","NAME_0":"Philippines","ID_1":2050,"NAME_1":"Nueva Vizcaya","ID_2":205013,"NAME_2":"Solano","ID_3":205013013,"NAME_3":"Roxas","NL_NAME_3":null,"VARNAME_3":null,"TYPE_3":"Barangay","ENGTYPE_3":"Village","PROVINCE":"Nueva Vizcaya","REGION":"Region II (Cagayan Valley)","id":"barangay-0205013013","name":"Roxas","barangayCode":"0205013013","population":null,"formattedPop":null,"densityCategory":"No data","vulnerabilityRating":"No data","healthRiskLevel":"No data","areaKm2":4.976986,"centerLat":16.526055,"centerLng":121.196334,"geometrySource":"all_barangay-2.csv detailed WKT","geometryMatchMethod":"unique_official_admin_names","boundaryPointCount":8},"geometry":{"type":"MultiPolygon","coordinates":[[[[121.195847,16.525261],[121.194443,16.51507],[121.186127,16.5154],[121.187317,16.519051],[121.183922,16.52087],[121.181778,16.52199],[121.181847,16.52762],[121.195847,16.525261]]]]}},{"type":"Feature","properties":{"ID_0":177,"ISO":"PHL","NAME_0":"Philippines","ID_1":2050,"NAME_1":"Nueva Vizcaya","ID_2":205013,"NAME_2":"Solano","ID_3":205013014,"NAME_3":"San Juan","NL_NAME_3":null,"VARNAME_3":null,"TYPE_3":"Barangay","ENGTYPE_3":"Village","PROVINCE":"Nueva Vizcaya","REGION":"Region II (Cagayan Valley)","id":"barangay-0205013014","name":"San Juan","barangayCode":"0205013014","population":null,"formattedPop":null,"densityCategory":"No data","vulnerabilityRating":"No data","healthRiskLevel":"No data","areaKm2":6.118469,"centerLat":16.564889,"centerLng":121.173556,"geometrySource":"all_barangay-2.csv detailed WKT","geometryMatchMethod":"unique_official_admin_names","boundaryPointCount":5},"geometry":{"type":"MultiPolygon","coordinates":[[[[121.162903,16.565531],[121.188698,16.56299],[121.188026,16.55386],[121.160927,16.551041],[121.162903,16.565531]]]]}},{"type":"Feature","properties":{"ID_0":177,"ISO":"PHL","NAME_0":"Philippines","ID_1":2050,"NAME_1":"Nueva Vizcaya","ID_2":205013,"NAME_2":"Solano","ID_3":205013015,"NAME_3":"San Luis","NL_NAME_3":null,"VARNAME_3":null,"TYPE_3":"Barangay","ENGTYPE_3":"Village","PROVINCE":"Nueva Vizcaya","REGION":"Region II (Cagayan Valley)","id":"barangay-0205013015","name":"San Luis","barangayCode":"0205013015","population":null,"formattedPop":null,"densityCategory":"No data","vulnerabilityRating":"No data","healthRiskLevel":"No data","areaKm2":3.483863,"centerLat":16.536023,"centerLng":121.184172,"geometrySource":"all_barangay-2.csv detailed WKT","geometryMatchMethod":"unique_official_admin_names","boundaryPointCount":19},"geometry":{"type":"MultiPolygon","coordinates":[[[[121.180077,16.542839],[121.180649,16.54203],[121.20459,16.532101],[121.2062,16.52463],[121.195847,16.525261],[121.181847,16.52762],[121.17379,16.52903],[121.174179,16.53026],[121.17366,16.53199],[121.173828,16.53381],[121.174347,16.53487],[121.175148,16.535549],[121.175598,16.536131],[121.176331,16.53689],[121.17662,16.537571],[121.176857,16.538231],[121.178429,16.53977],[121.179451,16.541281],[121.180077,16.542839]]]]}},{"type":"Feature","properties":{"ID_0":177,"ISO":"PHL","NAME_0":"Philippines","ID_1":2050,"NAME_1":"Nueva Vizcaya","ID_2":205013,"NAME_2":"Solano","ID_3":205013017,"NAME_3":"Tucal","NL_NAME_3":null,"VARNAME_3":null,"TYPE_3":"Barangay","ENGTYPE_3":"Village","PROVINCE":"Nueva Vizcaya","REGION":"Region II (Cagayan Valley)","id":"barangay-0205013017","name":"Tucal","barangayCode":"0205013017","population":null,"formattedPop":null,"densityCategory":"No data","vulnerabilityRating":"No data","healthRiskLevel":"No data","areaKm2":4.242496,"centerLat":16.570543,"centerLng":121.200489,"geometrySource":"all_barangay-2.csv detailed WKT","geometryMatchMethod":"unique_official_admin_names","boundaryPointCount":8},"geometry":{"type":"MultiPolygon","coordinates":[[[[121.188698,16.56299],[121.191452,16.562599],[121.198303,16.56509],[121.194618,16.559019],[121.194717,16.5534],[121.190536,16.554489],[121.188026,16.55386],[121.188698,16.56299]]]]}},{"type":"Feature","properties":{"ID_0":177,"ISO":"PHL","NAME_0":"Philippines","ID_1":2050,"NAME_1":"Nueva Vizcaya","ID_2":205013,"NAME_2":"Solano","ID_3":205013018,"NAME_3":"Uddiawan","NL_NAME_3":null,"VARNAME_3":null,"TYPE_3":"Barangay","ENGTYPE_3":"Village","PROVINCE":"Nueva Vizcaya","REGION":"Region II (Cagayan Valley)","id":"barangay-0205013018","name":"Uddiawan","barangayCode":"0205013018","population":null,"formattedPop":null,"densityCategory":"No data","vulnerabilityRating":"No data","healthRiskLevel":"No data","areaKm2":7.476999,"centerLat":16.554389,"centerLng":121.157337,"geometrySource":"all_barangay-2.csv detailed WKT","geometryMatchMethod":"unique_official_admin_names","boundaryPointCount":15},"geometry":{"type":"MultiPolygon","coordinates":[[[[121.151642,16.566429],[121.152321,16.56669],[121.162903,16.565531],[121.160927,16.551041],[121.159851,16.54785],[121.143761,16.5495],[121.143417,16.550671],[121.143517,16.552999],[121.144768,16.555321],[121.147331,16.55724],[121.148987,16.55851],[121.149467,16.55932],[121.15023,16.560829],[121.150528,16.56167],[121.151642,16.566429]]]]}},{"type":"Feature","properties":{"ID_0":177,"ISO":"PHL","NAME_0":"Philippines","ID_1":2050,"NAME_1":"Nueva Vizcaya","ID_2":205013,"NAME_2":"Solano","ID_3":205013019,"NAME_3":"Wacal","NL_NAME_3":null,"VARNAME_3":null,"TYPE_3":"Barangay","ENGTYPE_3":"Village","PROVINCE":"Nueva Vizcaya","REGION":"Region II (Cagayan Valley)","id":"barangay-0205013019","name":"Wacal","barangayCode":"0205013019","population":null,"formattedPop":null,"densityCategory":"No data","vulnerabilityRating":"No data","healthRiskLevel":"No data","areaKm2":3.403502,"centerLat":16.532601,"centerLng":121.147852,"geometrySource":"all_barangay-2.csv detailed WKT","geometryMatchMethod":"unique_official_admin_names","boundaryPointCount":8},"geometry":{"type":"MultiPolygon","coordinates":[[[[121.139313,16.538639],[121.144379,16.537109],[121.162582,16.530701],[121.163071,16.52482],[121.161293,16.513861],[121.149483,16.51844],[121.145531,16.52006],[121.139313,16.538639]]]]}},{"type":"Feature","properties":{"ID_0":177,"ISO":"PHL","NAME_0":"Philippines","ID_1":2050,"NAME_1":"Nueva Vizcaya","ID_2":205013,"NAME_2":"Solano","ID_3":205013020,"NAME_3":"Bagahabag","NL_NAME_3":null,"VARNAME_3":null,"TYPE_3":"Barangay","ENGTYPE_3":"Village","PROVINCE":"Nueva Vizcaya","REGION":"Region II (Cagayan Valley)","id":"barangay-0205013020","name":"Bagahabag","barangayCode":"0205013020","population":null,"formattedPop":null,"densityCategory":"No data","vulnerabilityRating":"No data","healthRiskLevel":"No data","areaKm2":4.937865,"centerLat":16.505627,"centerLng":121.201214,"geometrySource":"all_barangay-2.csv detailed WKT","geometryMatchMethod":"unique_official_admin_names","boundaryPointCount":42},"geometry":{"type":"MultiPolygon","coordinates":[[[[121.219704,16.50564],[121.216042,16.50388],[121.213814,16.50359],[121.210991,16.503389],[121.208237,16.50268],[121.205551,16.5],[121.205238,16.49799],[121.204849,16.49662],[121.204109,16.49547],[121.202049,16.493851],[121.199539,16.492479],[121.198051,16.491301],[121.197647,16.490919],[121.196373,16.48996],[121.192734,16.486509],[121.191643,16.489269],[121.184647,16.497869],[121.18531,16.49943],[121.185966,16.500931],[121.186974,16.50206],[121.188652,16.50342],[121.189827,16.50415],[121.191559,16.504999],[121.193718,16.507],[121.195396,16.50852],[121.196274,16.508619],[121.197182,16.508301],[121.19796,16.507971],[121.199226,16.50766],[121.200699,16.508421],[121.202217,16.508841],[121.203201,16.508961],[121.204247,16.509399],[121.205841,16.50968],[121.207787,16.509859],[121.209343,16.50926],[121.210747,16.508129],[121.211632,16.50758],[121.214012,16.50701],[121.216629,16.506321],[121.218018,16.50584],[121.219704,16.50564]]]]}},{"type":"Feature","properties":{"ID_0":177,"ISO":"PHL","NAME_0":"Philippines","ID_1":2050,"NAME_1":"Nueva Vizcaya","ID_2":205013,"NAME_2":"Solano","ID_3":205013021,"NAME_3":"Communal","NL_NAME_3":null,"VARNAME_3":null,"TYPE_3":"Barangay","ENGTYPE_3":"Village","PROVINCE":"Nueva Vizcaya","REGION":"Region II (Cagayan Valley)","id":"barangay-0205013021","name":"Communal","barangayCode":"0205013021","population":null,"formattedPop":null,"densityCategory":"No data","vulnerabilityRating":"No data","healthRiskLevel":"No data","areaKm2":14.761838,"centerLat":16.570675,"centerLng":121.114777,"geometrySource":"all_barangay-2.csv detailed WKT","geometryMatchMethod":"unique_official_admin_names","boundaryPointCount":21},"geometry":{"type":"MultiPolygon","coordinates":[[[[121.129112,16.557671],[121.151642,16.566429],[121.150528,16.56167],[121.15023,16.560829],[121.149467,16.55932],[121.148987,16.55851],[121.147331,16.55724],[121.144768,16.555321],[121.143517,16.552999],[121.143417,16.550671],[121.143761,16.5495],[121.144043,16.548559],[121.144943,16.545259],[121.144577,16.543501],[121.144669,16.543171],[121.144028,16.541771],[121.143608,16.54031],[121.144379,16.537109],[121.139313,16.538639],[121.133049,16.55073],[121.129112,16.557671]]]]}},{"type":"Feature","properties":{"ID_0":177,"ISO":"PHL","NAME_0":"Philippines","ID_1":2050,"NAME_1":"Nueva Vizcaya","ID_2":205013,"NAME_2":"Solano","ID_3":205013022,"NAME_3":"Concepcion","NL_NAME_3":null,"VARNAME_3":null,"TYPE_3":"Barangay","ENGTYPE_3":"Village","PROVINCE":"Nueva Vizcaya","REGION":"Region II (Cagayan Valley)","id":"barangay-0205013022","name":"Concepcion","barangayCode":"0205013022","population":null,"formattedPop":null,"densityCategory":"No data","vulnerabilityRating":"No data","healthRiskLevel":"No data","areaKm2":5.834503,"centerLat":16.54613,"centerLng":121.212305,"geometrySource":"all_barangay-2.csv detailed WKT","geometryMatchMethod":"unique_official_admin_names","boundaryPointCount":5},"geometry":{"type":"MultiPolygon","coordinates":[[[[121.226021,16.54912],[121.225616,16.54311],[121.206787,16.53779],[121.206451,16.55172],[121.226021,16.54912]]]]}},{"type":"Feature","properties":{"ID_0":177,"ISO":"PHL","NAME_0":"Philippines","ID_1":2050,"NAME_1":"Nueva Vizcaya","ID_2":205013,"NAME_2":"Solano","ID_3":205013023,"NAME_3":"Pilar D. Galima","NL_NAME_3":null,"VARNAME_3":null,"TYPE_3":"Barangay","ENGTYPE_3":"Village","PROVINCE":"Nueva Vizcaya","REGION":"Region II (Cagayan Valley)","id":"barangay-0205013023","name":"Pilar D. Galima","barangayCode":"0205013023","population":null,"formattedPop":null,"densityCategory":"No data","vulnerabilityRating":"No data","healthRiskLevel":"No data","areaKm2":2.832614,"centerLat":16.54041,"centerLng":121.170779,"geometrySource":"all_barangay-2.csv detailed WKT","geometryMatchMethod":"unique_official_admin_names","boundaryPointCount":31},"geometry":{"type":"MultiPolygon","coordinates":[[[[121.188026,16.55386],[121.187897,16.55213],[121.187813,16.55089],[121.187698,16.54937],[121.187439,16.54908],[121.186684,16.548651],[121.185799,16.549101],[121.18515,16.549021],[121.184883,16.548241],[121.184799,16.546419],[121.183594,16.544809],[121.181831,16.544661],[121.180573,16.544069],[121.180077,16.542839],[121.179451,16.541281],[121.178429,16.53977],[121.176857,16.538231],[121.17662,16.537571],[121.176331,16.53689],[121.175598,16.536131],[121.175148,16.535549],[121.174347,16.53487],[121.173828,16.53381],[121.17366,16.53199],[121.174179,16.53026],[121.17379,16.52903],[121.162582,16.530701],[121.16201,16.544439],[121.159851,16.54785],[121.160927,16.551041],[121.188026,16.55386]]]]}},{"type":"Feature","properties":{"ID_0":177,"ISO":"PHL","NAME_0":"Philippines","ID_1":2050,"NAME_1":"Nueva Vizcaya","ID_2":205014,"NAME_2":"Villaverde","ID_3":205014001,"NAME_3":"Bintawan Sur","NL_NAME_3":null,"VARNAME_3":null,"TYPE_3":"Barangay","ENGTYPE_3":"Village","PROVINCE":"Nueva Vizcaya","REGION":"Region II (Cagayan Valley)","id":"barangay-0205014001","name":"Bintawan Sur","barangayCode":"0205014001","population":null,"formattedPop":null,"densityCategory":"No data","vulnerabilityRating":"No data","healthRiskLevel":"No data","areaKm2":8.255979,"centerLat":16.574963,"centerLng":121.154595,"geometrySource":"all_barangay-2.csv detailed WKT","geometryMatchMethod":"unique_official_admin_names","boundaryPointCount":41},"geometry":{"type":"MultiPolygon","coordinates":[[[[121.223717,16.57324],[121.198303,16.56509],[121.191452,16.562599],[121.188698,16.56299],[121.162903,16.565531],[121.152321,16.56669],[121.151642,16.566429],[121.129112,16.557671],[121.122429,16.564541],[121.128387,16.56514],[121.129967,16.564739],[121.134003,16.565069],[121.137077,16.56567],[121.138611,16.56613],[121.140282,16.566151],[121.142387,16.56538],[121.145042,16.565319],[121.146439,16.565729],[121.147552,16.56673],[121.149277,16.56732],[121.151199,16.56805],[121.152481,16.567989],[121.154037,16.568119],[121.155861,16.56761],[121.158142,16.568411],[121.160118,16.56893],[121.162598,16.569269],[121.164413,16.570299],[121.165932,16.571301],[121.167839,16.571751],[121.169113,16.571051],[121.170807,16.57082],[121.173233,16.57099],[121.176819,16.570841],[121.179314,16.57041],[121.181297,16.5697],[121.183563,16.569139],[121.185707,16.56918],[121.199654,16.571091],[121.216721,16.584949],[121.223717,16.57324]]]]}},{"type":"Feature","properties":{"ID_0":177,"ISO":"PHL","NAME_0":"Philippines","ID_1":2050,"NAME_1":"Nueva Vizcaya","ID_2":205014,"NAME_2":"Villaverde","ID_3":205014002,"NAME_3":"Ibung","NL_NAME_3":null,"VARNAME_3":null,"TYPE_3":"Barangay","ENGTYPE_3":"Village","PROVINCE":"Nueva Vizcaya","REGION":"Region II (Cagayan Valley)","id":"barangay-0205014002","name":"Ibung","barangayCode":"0205014002","population":null,"formattedPop":null,"densityCategory":"No data","vulnerabilityRating":"No data","healthRiskLevel":"No data","areaKm2":8.894276,"centerLat":16.607072,"centerLng":121.18378,"geometrySource":"all_barangay-2.csv detailed WKT","geometryMatchMethod":"unique_official_admin_names","boundaryPointCount":20},"geometry":{"type":"MultiPolygon","coordinates":[[[[121.203308,16.6255],[121.20311,16.61557],[121.20282,16.608351],[121.204552,16.60463],[121.203644,16.60504],[121.201691,16.605749],[121.199188,16.60693],[121.195824,16.607559],[121.192932,16.60634],[121.190842,16.6042],[121.188499,16.60243],[121.184593,16.60054],[121.181648,16.598009],[121.179443,16.59391],[121.176407,16.590429],[121.173553,16.588751],[121.169868,16.587469],[121.165398,16.605261],[121.165092,16.6141],[121.203308,16.6255]]]]}},{"type":"Feature","properties":{"ID_0":177,"ISO":"PHL","NAME_0":"Philippines","ID_1":2050,"NAME_1":"Nueva Vizcaya","ID_2":205014,"NAME_2":"Villaverde","ID_3":205014003,"NAME_3":"Cabuluan","NL_NAME_3":null,"VARNAME_3":null,"TYPE_3":"Barangay","ENGTYPE_3":"Village","PROVINCE":"Nueva Vizcaya","REGION":"Region II (Cagayan Valley)","id":"barangay-0205014003","name":"Cabuluan","barangayCode":"0205014003","population":null,"formattedPop":null,"densityCategory":"No data","vulnerabilityRating":"No data","healthRiskLevel":"No data","areaKm2":9.359424,"centerLat":16.600563,"centerLng":121.132179,"geometrySource":"all_barangay-2.csv detailed WKT","geometryMatchMethod":"unique_official_admin_names","boundaryPointCount":5},"geometry":{"type":"MultiPolygon","coordinates":[[[[121.113777,16.599939],[121.150414,16.606331],[121.153816,16.573681],[121.116913,16.57589],[121.113777,16.599939]]]]}},{"type":"Feature","properties":{"ID_0":177,"ISO":"PHL","NAME_0":"Philippines","ID_1":2050,"NAME_1":"Nueva Vizcaya","ID_2":205014,"NAME_2":"Villaverde","ID_3":205014004,"NAME_3":"Nagbitin","NL_NAME_3":null,"VARNAME_3":null,"TYPE_3":"Barangay","ENGTYPE_3":"Village","PROVINCE":"Nueva Vizcaya","REGION":"Region II (Cagayan Valley)","id":"barangay-0205014004","name":"Nagbitin","barangayCode":"0205014004","population":null,"formattedPop":null,"densityCategory":"No data","vulnerabilityRating":"No data","healthRiskLevel":"No data","areaKm2":5.584039,"centerLat":16.60181,"centerLng":121.159228,"geometrySource":"all_barangay-2.csv detailed WKT","geometryMatchMethod":"unique_official_admin_names","boundaryPointCount":7},"geometry":{"type":"MultiPolygon","coordinates":[[[[121.150414,16.606331],[121.159973,16.60759],[121.165398,16.605261],[121.169868,16.587469],[121.169312,16.581829],[121.153816,16.573681],[121.150414,16.606331]]]]}},{"type":"Feature","properties":{"ID_0":177,"ISO":"PHL","NAME_0":"Philippines","ID_1":2050,"NAME_1":"Nueva Vizcaya","ID_2":205014,"NAME_2":"Villaverde","ID_3":205014005,"NAME_3":"Ocapon","NL_NAME_3":null,"VARNAME_3":null,"TYPE_3":"Barangay","ENGTYPE_3":"Village","PROVINCE":"Nueva Vizcaya","REGION":"Region II (Cagayan Valley)","id":"barangay-0205014005","name":"Ocapon","barangayCode":"0205014005","population":null,"formattedPop":null,"densityCategory":"No data","vulnerabilityRating":"No data","healthRiskLevel":"No data","areaKm2":9.372716,"centerLat":16.632354,"centerLng":121.132081,"geometrySource":"all_barangay-2.csv detailed WKT","geometryMatchMethod":"unique_official_admin_names","boundaryPointCount":7},"geometry":{"type":"MultiPolygon","coordinates":[[[[121.14119,16.638029],[121.148682,16.636379],[121.158417,16.62311],[121.111069,16.616301],[121.107292,16.63131],[121.139816,16.63833],[121.14119,16.638029]]]]}},{"type":"Feature","properties":{"ID_0":177,"ISO":"PHL","NAME_0":"Philippines","ID_1":2050,"NAME_1":"Nueva Vizcaya","ID_2":205014,"NAME_2":"Villaverde","ID_3":205014006,"NAME_3":"Pieza","NL_NAME_3":null,"VARNAME_3":null,"TYPE_3":"Barangay","ENGTYPE_3":"Village","PROVINCE":"Nueva Vizcaya","REGION":"Region II (Cagayan Valley)","id":"barangay-0205014006","name":"Pieza","barangayCode":"0205014006","population":null,"formattedPop":null,"densityCategory":"No data","vulnerabilityRating":"No data","healthRiskLevel":"No data","areaKm2":5.411916,"centerLat":16.631696,"centerLng":121.170721,"geometrySource":"all_barangay-2.csv detailed WKT","geometryMatchMethod":"unique_official_admin_names","boundaryPointCount":39},"geometry":{"type":"MultiPolygon","coordinates":[[[[121.197151,16.641359],[121.198448,16.640551],[121.198967,16.63991],[121.198318,16.639009],[121.201599,16.63739],[121.203194,16.63722],[121.203568,16.63719],[121.203613,16.637211],[121.203308,16.6255],[121.165092,16.6141],[121.158417,16.62311],[121.148682,16.636379],[121.14119,16.638029],[121.146667,16.63912],[121.164436,16.642521],[121.176521,16.644831],[121.176453,16.64423],[121.176468,16.643829],[121.176109,16.641911],[121.176033,16.64027],[121.176407,16.638371],[121.176819,16.637581],[121.177643,16.63719],[121.178612,16.637369],[121.179672,16.637911],[121.18158,16.638901],[121.183563,16.639441],[121.18364,16.63946],[121.184464,16.63962],[121.185829,16.639521],[121.186317,16.63979],[121.187286,16.640301],[121.188187,16.6406],[121.189003,16.6408],[121.190361,16.641121],[121.192017,16.64122],[121.193321,16.64115],[121.195343,16.641371],[121.197151,16.641359]]]]}},{"type":"Feature","properties":{"ID_0":177,"ISO":"PHL","NAME_0":"Philippines","ID_1":2050,"NAME_1":"Nueva Vizcaya","ID_2":205014,"NAME_2":"Villaverde","ID_3":205014007,"NAME_3":"Sawmill","NL_NAME_3":null,"VARNAME_3":null,"TYPE_3":"Barangay","ENGTYPE_3":"Village","PROVINCE":"Nueva Vizcaya","REGION":"Region II (Cagayan Valley)","id":"barangay-0205014007","name":"Sawmill","barangayCode":"0205014007","population":null,"formattedPop":null,"densityCategory":"No data","vulnerabilityRating":"No data","healthRiskLevel":"No data","areaKm2":9.508212,"centerLat":16.6183,"centerLng":121.140357,"geometrySource":"all_barangay-2.csv detailed WKT","geometryMatchMethod":"unique_official_admin_names","boundaryPointCount":8},"geometry":{"type":"MultiPolygon","coordinates":[[[[121.158417,16.62311],[121.165092,16.6141],[121.165398,16.605261],[121.159973,16.60759],[121.150414,16.606331],[121.113777,16.599939],[121.111069,16.616301],[121.158417,16.62311]]]]}},{"type":"Feature","properties":{"ID_0":177,"ISO":"PHL","NAME_0":"Philippines","ID_1":2050,"NAME_1":"Nueva Vizcaya","ID_2":205014,"NAME_2":"Villaverde","ID_3":205014008,"NAME_3":"Poblacion","NL_NAME_3":null,"VARNAME_3":null,"TYPE_3":"Barangay","ENGTYPE_3":"Village","PROVINCE":"Nueva Vizcaya","REGION":"Region II (Cagayan Valley)","id":"barangay-0205014008","name":"Poblacion","barangayCode":"0205014008","population":null,"formattedPop":null,"densityCategory":"No data","vulnerabilityRating":"No data","healthRiskLevel":"No data","areaKm2":1.981036,"centerLat":16.592568,"centerLng":121.184358,"geometrySource":"all_barangay-2.csv detailed WKT","geometryMatchMethod":"unique_official_admin_names","boundaryPointCount":39},"geometry":{"type":"MultiPolygon","coordinates":[[[[121.204552,16.60463],[121.208923,16.596939],[121.205276,16.594219],[121.204277,16.59285],[121.202988,16.591141],[121.202087,16.590099],[121.199753,16.58893],[121.198639,16.588539],[121.197304,16.58783],[121.196274,16.58666],[121.194717,16.584339],[121.193581,16.58238],[121.192627,16.58106],[121.191078,16.580219],[121.186813,16.58065],[121.185371,16.58614],[121.178864,16.584169],[121.178673,16.583691],[121.178322,16.5826],[121.177498,16.5811],[121.176483,16.5802],[121.174896,16.580549],[121.173172,16.581039],[121.171219,16.581591],[121.169312,16.581829],[121.169868,16.587469],[121.173553,16.588751],[121.176407,16.590429],[121.179443,16.59391],[121.181648,16.598009],[121.184593,16.60054],[121.188499,16.60243],[121.190842,16.6042],[121.192932,16.60634],[121.195824,16.607559],[121.199188,16.60693],[121.201691,16.605749],[121.203644,16.60504],[121.204552,16.60463]]]]}},{"type":"Feature","properties":{"ID_0":177,"ISO":"PHL","NAME_0":"Philippines","ID_1":2050,"NAME_1":"Nueva Vizcaya","ID_2":205014,"NAME_2":"Villaverde","ID_3":205014009,"NAME_3":"Bintawan Norte","NL_NAME_3":null,"VARNAME_3":null,"TYPE_3":"Barangay","ENGTYPE_3":"Village","PROVINCE":"Nueva Vizcaya","REGION":"Region II (Cagayan Valley)","id":"barangay-0205014009","name":"Bintawan Norte","barangayCode":"0205014009","population":null,"formattedPop":null,"densityCategory":"No data","vulnerabilityRating":"No data","healthRiskLevel":"No data","areaKm2":9.448285,"centerLat":16.585746,"centerLng":121.163961,"geometrySource":"all_barangay-2.csv detailed WKT","geometryMatchMethod":"unique_official_admin_names","boundaryPointCount":59},"geometry":{"type":"MultiPolygon","coordinates":[[[[121.208923,16.596939],[121.216721,16.584949],[121.199654,16.571091],[121.185707,16.56918],[121.183563,16.569139],[121.181297,16.5697],[121.179314,16.57041],[121.176819,16.570841],[121.173233,16.57099],[121.170807,16.57082],[121.169113,16.571051],[121.167839,16.571751],[121.165932,16.571301],[121.164413,16.570299],[121.162598,16.569269],[121.160118,16.56893],[121.158142,16.568411],[121.155861,16.56761],[121.154037,16.568119],[121.152481,16.567989],[121.151199,16.56805],[121.149277,16.56732],[121.147552,16.56673],[121.146439,16.565729],[121.145042,16.565319],[121.142387,16.56538],[121.140282,16.566151],[121.138611,16.56613],[121.137077,16.56567],[121.134003,16.565069],[121.129967,16.564739],[121.128387,16.56514],[121.122429,16.564541],[121.116913,16.57589],[121.153816,16.573681],[121.169312,16.581829],[121.171219,16.581591],[121.173172,16.581039],[121.174896,16.580549],[121.176483,16.5802],[121.177498,16.5811],[121.178322,16.5826],[121.178673,16.583691],[121.178864,16.584169],[121.185371,16.58614],[121.186813,16.58065],[121.191078,16.580219],[121.192627,16.58106],[121.193581,16.58238],[121.194717,16.584339],[121.196274,16.58666],[121.197304,16.58783],[121.198639,16.588539],[121.199753,16.58893],[121.202087,16.590099],[121.202988,16.591141],[121.204277,16.59285],[121.205276,16.594219],[121.208923,16.596939]]]]}},{"type":"Feature","properties":{"ID_0":177,"ISO":"PHL","NAME_0":"Philippines","ID_1":2050,"NAME_1":"Nueva Vizcaya","ID_2":205015,"NAME_2":"Alfonso Castaneda","ID_3":205015001,"NAME_3":"Abuyo","NL_NAME_3":null,"VARNAME_3":null,"TYPE_3":"Barangay","ENGTYPE_3":"Village","PROVINCE":"Nueva Vizcaya","REGION":"Region II (Cagayan Valley)","id":"barangay-0205015001","name":"Abuyo","barangayCode":"0205015001","population":null,"formattedPop":null,"densityCategory":"No data","vulnerabilityRating":"No data","healthRiskLevel":"No data","areaKm2":40.404698,"centerLat":15.864629,"centerLng":121.262679,"geometrySource":"all_barangay-2.csv detailed WKT","geometryMatchMethod":"unique_official_admin_names","boundaryPointCount":7},"geometry":{"type":"MultiPolygon","coordinates":[[[[121.286301,15.92047],[121.290024,15.90355],[121.264923,15.80481],[121.252167,15.82603],[121.235359,15.85401],[121.26355,15.91058],[121.286301,15.92047]]]]}},{"type":"Feature","properties":{"ID_0":177,"ISO":"PHL","NAME_0":"Philippines","ID_1":2050,"NAME_1":"Nueva Vizcaya","ID_2":205015,"NAME_2":"Alfonso Castaneda","ID_3":205015002,"NAME_3":"Galintuja","NL_NAME_3":null,"VARNAME_3":null,"TYPE_3":"Barangay","ENGTYPE_3":"Village","PROVINCE":"Nueva Vizcaya","REGION":"Region II (Cagayan Valley)","id":"barangay-0205015002","name":"Galintuja","barangayCode":"0205015002","population":null,"formattedPop":null,"densityCategory":"No data","vulnerabilityRating":"No data","healthRiskLevel":"No data","areaKm2":140.562116,"centerLat":15.889912,"centerLng":121.387923,"geometrySource":"all_barangay-2.csv detailed WKT","geometryMatchMethod":"unique_official_admin_names","boundaryPointCount":19},"geometry":{"type":"MultiPolygon","coordinates":[[[[121.453491,15.92914],[121.464256,15.91947],[121.465134,15.91765],[121.467644,15.91659],[121.467537,15.91651],[121.467369,15.91637],[121.461571,15.91173],[121.416237,15.87541],[121.379387,15.84582],[121.372398,15.8402],[121.365517,15.83467],[121.363152,15.83806],[121.356422,15.84294],[121.352997,15.84451],[121.347427,15.85236],[121.331093,15.91735],[121.318787,15.93304],[121.323463,15.94593],[121.453491,15.92914]]]]}},{"type":"Feature","properties":{"ID_0":177,"ISO":"PHL","NAME_0":"Philippines","ID_1":2050,"NAME_1":"Nueva Vizcaya","ID_2":205015,"NAME_2":"Alfonso Castaneda","ID_3":205015003,"NAME_3":"Cawayan","NL_NAME_3":null,"VARNAME_3":null,"TYPE_3":"Barangay","ENGTYPE_3":"Village","PROVINCE":"Nueva Vizcaya","REGION":"Region II (Cagayan Valley)","id":"barangay-0205015003","name":"Cawayan","barangayCode":"0205015003","population":null,"formattedPop":null,"densityCategory":"No data","vulnerabilityRating":"No data","healthRiskLevel":"No data","areaKm2":77.695304,"centerLat":15.957452,"centerLng":121.357457,"geometrySource":"barangays.geojson simplified fallback","geometryMatchMethod":"simplified_fallback","boundaryPointCount":8},"geometry":{"type":"Polygon","coordinates":[[[121.44036342000004,15.936710192000078],[121.46354426900007,15.926616156000023],[121.32210607600007,15.945842804000051],[121.31755798600011,15.932836637000037],[121.28532391200008,15.919922649000057],[121.28045724100002,15.965834847000053],[121.37090042000011,15.997911264000038],[121.44036342000004,15.936710192000078]]]}},{"type":"Feature","properties":{"ID_0":177,"ISO":"PHL","NAME_0":"Philippines","ID_1":2050,"NAME_1":"Nueva Vizcaya","ID_2":205015,"NAME_2":"Alfonso Castaneda","ID_3":205015004,"NAME_3":"Lipuga","NL_NAME_3":null,"VARNAME_3":null,"TYPE_3":"Barangay","ENGTYPE_3":"Village","PROVINCE":"Nueva Vizcaya","REGION":"Region II (Cagayan Valley)","id":"barangay-0205015004","name":"Lipuga","barangayCode":"0205015004","population":null,"formattedPop":null,"densityCategory":"No data","vulnerabilityRating":"No data","healthRiskLevel":"No data","areaKm2":76.496172,"centerLat":15.944646,"centerLng":121.258403,"geometrySource":"all_barangay-2.csv detailed WKT","geometryMatchMethod":"unique_official_admin_names","boundaryPointCount":11},"geometry":{"type":"MultiPolygon","coordinates":[[[[121.249687,15.99811],[121.253479,16.01778],[121.270157,16.018021],[121.281677,15.96616],[121.28492,15.94088],[121.286301,15.92047],[121.26355,15.91058],[121.235359,15.85401],[121.223244,15.87755],[121.243233,15.96473],[121.249687,15.99811]]]]}},{"type":"Feature","properties":{"ID_0":177,"ISO":"PHL","NAME_0":"Philippines","ID_1":2050,"NAME_1":"Nueva Vizcaya","ID_2":205015,"NAME_2":"Alfonso Castaneda","ID_3":205015005,"NAME_3":"Lublub","NL_NAME_3":null,"VARNAME_3":null,"TYPE_3":"Barangay","ENGTYPE_3":"Village","PROVINCE":"Nueva Vizcaya","REGION":"Region II (Cagayan Valley)","id":"barangay-0205015005","name":"Lublub","barangayCode":"0205015005","population":null,"formattedPop":null,"densityCategory":"No data","vulnerabilityRating":"No data","healthRiskLevel":"No data","areaKm2":98.216577,"centerLat":15.855253,"centerLng":121.307048,"geometrySource":"all_barangay-2.csv detailed WKT","geometryMatchMethod":"unique_official_admin_names","boundaryPointCount":18},"geometry":{"type":"MultiPolygon","coordinates":[[[[121.318787,15.93304],[121.331093,15.91735],[121.347427,15.85236],[121.352997,15.84451],[121.356422,15.84294],[121.363152,15.83806],[121.365517,15.83467],[121.314209,15.79339],[121.313438,15.79277],[121.305794,15.78675],[121.28421,15.7713],[121.281723,15.77052],[121.278717,15.77959],[121.273003,15.79015],[121.264923,15.80481],[121.290024,15.90355],[121.286301,15.92047],[121.318787,15.93304]]]]}},{"type":"Feature","properties":{"ID_0":177,"ISO":"PHL","NAME_0":"Philippines","ID_1":2050,"NAME_1":"Nueva Vizcaya","ID_2":205015,"NAME_2":"Alfonso Castaneda","ID_3":205015006,"NAME_3":"Pelaway","NL_NAME_3":null,"VARNAME_3":null,"TYPE_3":"Barangay","ENGTYPE_3":"Village","PROVINCE":"Nueva Vizcaya","REGION":"Region II (Cagayan Valley)","id":"barangay-0205015006","name":"Pelaway","barangayCode":"0205015006","population":null,"formattedPop":null,"densityCategory":"No data","vulnerabilityRating":"No data","healthRiskLevel":"No data","areaKm2":33.258104,"centerLat":16.000099,"centerLng":121.318658,"geometrySource":"all_barangay-2.csv detailed WKT","geometryMatchMethod":"unique_official_admin_names","boundaryPointCount":7},"geometry":{"type":"MultiPolygon","coordinates":[[[[121.342682,16.021521],[121.363403,16.005211],[121.372887,15.99727],[121.281677,15.96616],[121.270157,16.018021],[121.285744,16.019159],[121.342682,16.021521]]]]}}]}
