{"type":"FeatureCollection","features":[{"type":"Feature","properties":{"ID_0":177,"ISO":"PHL","NAME_0":"Philippines","ID_1":3071,"NAME_1":"Zambales","ID_2":307101,"NAME_2":"Botolan","ID_3":307101001,"NAME_3":"Bangan","NL_NAME_3":null,"VARNAME_3":null,"TYPE_3":"Barangay","ENGTYPE_3":"Village","PROVINCE":"Zambales","REGION":"Region III (Central Luzon)","id":"barangay-0307101001","name":"Bangan","barangayCode":"0307101001","population":null,"formattedPop":null,"densityCategory":"No data","vulnerabilityRating":"No data","healthRiskLevel":"No data","areaKm2":1.016585,"centerLat":15.269652,"centerLng":120.01638,"geometrySource":"all_barangay-2.csv detailed WKT","geometryMatchMethod":"unique_official_admin_names","boundaryPointCount":46},"geometry":{"type":"MultiPolygon","coordinates":[[[[120.006393,15.27694],[120.007202,15.27704],[120.013252,15.27834],[120.014267,15.2781],[120.030708,15.26824],[120.031754,15.26174],[120.031532,15.26173],[120.030144,15.26136],[120.027443,15.26018],[120.024544,15.25939],[120.021729,15.25937],[120.018532,15.26021],[120.016586,15.26092],[120.015427,15.26103],[120.015266,15.2625],[120.015266,15.26369],[120.015266,15.265],[120.015518,15.26524],[120.015831,15.26556],[120.015831,15.26695],[120.015701,15.2673],[120.015556,15.2675],[120.015266,15.26778],[120.015266,15.26833],[120.014717,15.26889],[120.014717,15.26917],[120.014168,15.26972],[120.014168,15.27],[120.013611,15.27056],[120.013123,15.27069],[120.012779,15.27069],[120.012497,15.27056],[120.012222,15.27056],[120.012016,15.27052],[120.011253,15.27041],[120.009163,15.2725],[120.009163,15.27278],[120.008888,15.27306],[120.008888,15.27333],[120.008888,15.27361],[120.007767,15.27472],[120.007767,15.275],[120.006943,15.27583],[120.006943,15.27611],[120.006393,15.27667],[120.006393,15.27694]]]]}},{"type":"Feature","properties":{"ID_0":177,"ISO":"PHL","NAME_0":"Philippines","ID_1":3071,"NAME_1":"Zambales","ID_2":307101,"NAME_2":"Botolan","ID_3":307101003,"NAME_3":"Batonlapoc","NL_NAME_3":null,"VARNAME_3":null,"TYPE_3":"Barangay","ENGTYPE_3":"Village","PROVINCE":"Zambales","REGION":"Region III (Central Luzon)","id":"barangay-0307101003","name":"Batonlapoc","barangayCode":"0307101003","population":null,"formattedPop":null,"densityCategory":"No data","vulnerabilityRating":"No data","healthRiskLevel":"No data","areaKm2":0.863084,"centerLat":15.290311,"centerLng":120.032577,"geometrySource":"all_barangay-2.csv detailed WKT","geometryMatchMethod":"unique_official_admin_names","boundaryPointCount":10},"geometry":{"type":"MultiPolygon","coordinates":[[[[120.025574,15.29688],[120.029968,15.29754],[120.033257,15.29752],[120.036621,15.29687],[120.038261,15.29642],[120.041763,15.29512],[120.042526,15.28685],[120.027313,15.28658],[120.026169,15.29246],[120.025574,15.29688]]]]}},{"type":"Feature","properties":{"ID_0":177,"ISO":"PHL","NAME_0":"Philippines","ID_1":3071,"NAME_1":"Zambales","ID_2":307101,"NAME_2":"Botolan","ID_3":307101004,"NAME_3":"Beneg","NL_NAME_3":null,"VARNAME_3":null,"TYPE_3":"Barangay","ENGTYPE_3":"Village","PROVINCE":"Zambales","REGION":"Region III (Central Luzon)","id":"barangay-0307101004","name":"Beneg","barangayCode":"0307101004","population":null,"formattedPop":null,"densityCategory":"No data","vulnerabilityRating":"No data","healthRiskLevel":"No data","areaKm2":0.985626,"centerLat":15.28435,"centerLng":120.005458,"geometrySource":"all_barangay-2.csv detailed WKT","geometryMatchMethod":"unique_official_admin_names","boundaryPointCount":20},"geometry":{"type":"MultiPolygon","coordinates":[[[[120.009247,15.29125],[120.011932,15.28331],[120.00296,15.28216],[120.002609,15.28211],[120.001953,15.28278],[120.001953,15.28333],[120.000557,15.28472],[120.000267,15.28528],[120.0,15.28556],[119.999733,15.28575],[119.999168,15.28611],[119.998337,15.28694],[119.998337,15.28722],[119.998047,15.2875],[119.998047,15.28778],[119.99778,15.28832],[119.997513,15.28878],[119.997337,15.28902],[119.997864,15.28913],[120.009247,15.29125]]]]}},{"type":"Feature","properties":{"ID_0":177,"ISO":"PHL","NAME_0":"Philippines","ID_1":3071,"NAME_1":"Zambales","ID_2":307101,"NAME_2":"Botolan","ID_3":307101005,"NAME_3":"Capayawan","NL_NAME_3":null,"VARNAME_3":null,"TYPE_3":"Barangay","ENGTYPE_3":"Village","PROVINCE":"Zambales","REGION":"Region III (Central Luzon)","id":"barangay-0307101005","name":"Capayawan","barangayCode":"0307101005","population":null,"formattedPop":null,"densityCategory":"No data","vulnerabilityRating":"No data","healthRiskLevel":"No data","areaKm2":1.089654,"centerLat":15.276986,"centerLng":120.01477,"geometrySource":"all_barangay-2.csv detailed WKT","geometryMatchMethod":"unique_official_admin_names","boundaryPointCount":25},"geometry":{"type":"MultiPolygon","coordinates":[[[[120.028091,15.28449],[120.030708,15.26824],[120.014267,15.2781],[120.013252,15.27834],[120.007202,15.27704],[120.006393,15.27694],[120.005836,15.2775],[120.005836,15.27778],[120.005547,15.27806],[120.004997,15.27833],[120.004997,15.27861],[120.004723,15.27889],[120.004723,15.27944],[120.004173,15.28],[120.004173,15.28028],[120.003891,15.28056],[120.003891,15.28104],[120.003891,15.28111],[120.003792,15.28116],[120.003326,15.28139],[120.002609,15.28211],[120.00296,15.28216],[120.011932,15.28331],[120.020432,15.28407],[120.028091,15.28449]]]]}},{"type":"Feature","properties":{"ID_0":177,"ISO":"PHL","NAME_0":"Philippines","ID_1":3071,"NAME_1":"Zambales","ID_2":307101,"NAME_2":"Botolan","ID_3":307101006,"NAME_3":"Carael","NL_NAME_3":null,"VARNAME_3":null,"TYPE_3":"Barangay","ENGTYPE_3":"Village","PROVINCE":"Zambales","REGION":"Region III (Central Luzon)","id":"barangay-0307101006","name":"Carael","barangayCode":"0307101006","population":null,"formattedPop":null,"densityCategory":"No data","vulnerabilityRating":"No data","healthRiskLevel":"No data","areaKm2":5.228327,"centerLat":15.273964,"centerLng":120.03138,"geometrySource":"all_barangay-2.csv detailed WKT","geometryMatchMethod":"unique_official_admin_names","boundaryPointCount":33},"geometry":{"type":"MultiPolygon","coordinates":[[[[120.042526,15.28685],[120.054977,15.27602],[120.0569,15.27808],[120.0578,15.27879],[120.059753,15.27938],[120.061653,15.27919],[120.065422,15.27816],[120.070663,15.27574],[120.073486,15.27416],[120.077179,15.27344],[120.080994,15.27386],[120.084541,15.27463],[120.087311,15.27616],[120.08963,15.27764],[120.092079,15.27819],[120.093781,15.2767],[120.095093,15.2745],[120.098511,15.27207],[120.104378,15.27074],[120.10894,15.26878],[120.114937,15.26674],[120.121452,15.26686],[120.12252,15.25404],[120.067039,15.20941],[120.056053,15.20225],[120.047569,15.22112],[120.039993,15.23715],[120.038628,15.26221],[120.031754,15.26174],[120.030708,15.26824],[120.028091,15.28449],[120.027313,15.28658],[120.042526,15.28685]]]]}},{"type":"Feature","properties":{"ID_0":177,"ISO":"PHL","NAME_0":"Philippines","ID_1":3071,"NAME_1":"Zambales","ID_2":307101,"NAME_2":"Botolan","ID_3":307101007,"NAME_3":"Danacbunga","NL_NAME_3":null,"VARNAME_3":null,"TYPE_3":"Barangay","ENGTYPE_3":"Village","PROVINCE":"Zambales","REGION":"Region III (Central Luzon)","id":"barangay-0307101007","name":"Danacbunga","barangayCode":"0307101007","population":null,"formattedPop":null,"densityCategory":"No data","vulnerabilityRating":"No data","healthRiskLevel":"No data","areaKm2":1.95367,"centerLat":15.294906,"centerLng":119.998335,"geometrySource":"all_barangay-2.csv detailed WKT","geometryMatchMethod":"unique_official_admin_names","boundaryPointCount":74},"geometry":{"type":"MultiPolygon","coordinates":[[[[120.007828,15.303519],[120.015923,15.29711],[120.015373,15.29642],[120.01487,15.29606],[120.014313,15.29545],[120.013786,15.29435],[120.012878,15.29349],[120.011703,15.29364],[120.010437,15.29378],[120.009468,15.29313],[120.009018,15.29217],[120.009247,15.29125],[119.997864,15.28913],[119.997337,15.28902],[119.997177,15.28924],[119.996834,15.28967],[119.996437,15.29009],[119.996117,15.29056],[119.995796,15.29106],[119.995407,15.29154],[119.995033,15.29203],[119.994637,15.29252],[119.994217,15.29295],[119.993736,15.29334],[119.993271,15.29372],[119.992943,15.29418],[119.992737,15.29468],[119.992523,15.2951],[119.992264,15.29546],[119.991989,15.29576],[119.991707,15.29608],[119.991386,15.29639],[119.990837,15.29694],[119.99028,15.29722],[119.989998,15.2975],[119.989998,15.29778],[119.989166,15.29861],[119.989166,15.29889],[119.988327,15.29972],[119.988327,15.30023],[119.988327,15.30028],[119.988609,15.30056],[119.988892,15.30056],[119.98893,15.30052],[119.989441,15.3],[119.989723,15.29972],[119.989998,15.3],[119.989998,15.30028],[119.99028,15.30056],[119.99028,15.30083],[119.989998,15.30111],[119.990463,15.30157],[119.990837,15.30194],[119.991386,15.30194],[119.992569,15.301169],[119.993706,15.300811],[119.99456,15.301194],[119.99485,15.301744],[119.995766,15.302194],[119.996849,15.301814],[119.997665,15.301206],[119.998352,15.300576],[119.999054,15.299625],[119.999207,15.298723],[120.000275,15.298805],[120.001518,15.299413],[120.002403,15.299634],[120.003532,15.29923],[120.004356,15.298484],[120.005066,15.298222],[120.005882,15.298721],[120.006966,15.30023],[120.007683,15.302227],[120.007828,15.303519]]]]}},{"type":"Feature","properties":{"ID_0":177,"ISO":"PHL","NAME_0":"Philippines","ID_1":3071,"NAME_1":"Zambales","ID_2":307101,"NAME_2":"Botolan","ID_3":307101008,"NAME_3":"Maguisguis","NL_NAME_3":null,"VARNAME_3":null,"TYPE_3":"Barangay","ENGTYPE_3":"Village","PROVINCE":"Zambales","REGION":"Region III (Central Luzon)","id":"barangay-0307101008","name":"Maguisguis","barangayCode":"0307101008","population":null,"formattedPop":null,"densityCategory":"No data","vulnerabilityRating":"No data","healthRiskLevel":"No data","areaKm2":52.954885,"centerLat":15.225835,"centerLng":120.279123,"geometrySource":"all_barangay-2.csv detailed WKT","geometryMatchMethod":"unique_official_admin_names","boundaryPointCount":19},"geometry":{"type":"MultiPolygon","coordinates":[[[[120.257149,15.262],[120.283737,15.20087],[120.254097,15.19958],[120.211021,15.19717],[120.199768,15.21009],[120.186478,15.21325],[120.19178,15.21996],[120.193192,15.22455],[120.19574,15.23074],[120.198753,15.23546],[120.200813,15.23886],[120.204407,15.24523],[120.211304,15.25267],[120.215973,15.25495],[120.220627,15.25464],[120.228348,15.25375],[120.231071,15.25388],[120.249031,15.25521],[120.257149,15.262]]]]}},{"type":"Feature","properties":{"ID_0":177,"ISO":"PHL","NAME_0":"Philippines","ID_1":3071,"NAME_1":"Zambales","ID_2":307101,"NAME_2":"Botolan","ID_3":307101009,"NAME_3":"Mambog","NL_NAME_3":null,"VARNAME_3":null,"TYPE_3":"Barangay","ENGTYPE_3":"Village","PROVINCE":"Zambales","REGION":"Region III (Central Luzon)","id":"barangay-0307101009","name":"Mambog","barangayCode":"0307101009","population":null,"formattedPop":null,"densityCategory":"No data","vulnerabilityRating":"No data","healthRiskLevel":"No data","areaKm2":43.223221,"centerLat":15.344502,"centerLng":120.095989,"geometrySource":"all_barangay-2.csv detailed WKT","geometryMatchMethod":"unique_official_admin_names","boundaryPointCount":18},"geometry":{"type":"MultiPolygon","coordinates":[[[[120.120003,15.34805],[120.119743,15.31128],[120.074753,15.31097],[120.053139,15.30982],[120.048424,15.3099],[120.045174,15.30963],[120.042038,15.30937],[120.039093,15.30911],[120.03672,15.30938],[120.035393,15.30969],[120.034241,15.3094],[120.033028,15.30978],[120.03167,15.3104],[120.030243,15.31027],[120.032593,15.32771],[120.050453,15.3355],[120.081627,15.33765],[120.120003,15.34805]]]]}},{"type":"Feature","properties":{"ID_0":177,"ISO":"PHL","NAME_0":"Philippines","ID_1":3071,"NAME_1":"Zambales","ID_2":307101,"NAME_2":"Botolan","ID_3":307101010,"NAME_3":"Moraza","NL_NAME_3":null,"VARNAME_3":null,"TYPE_3":"Barangay","ENGTYPE_3":"Village","PROVINCE":"Zambales","REGION":"Region III (Central Luzon)","id":"barangay-0307101010","name":"Moraza","barangayCode":"0307101010","population":null,"formattedPop":null,"densityCategory":"No data","vulnerabilityRating":"No data","healthRiskLevel":"No data","areaKm2":75.01917,"centerLat":15.154475,"centerLng":120.27867,"geometrySource":"all_barangay-2.csv detailed WKT","geometryMatchMethod":"unique_official_admin_names","boundaryPointCount":36},"geometry":{"type":"MultiPolygon","coordinates":[[[[120.35833,15.13617],[120.366028,15.10588],[120.320168,15.07791],[120.295609,15.08193],[120.220383,15.10386],[120.205544,15.11261],[120.201477,15.14844],[120.205254,15.1542],[120.207573,15.1586],[120.211563,15.16329],[120.214973,15.16616],[120.217987,15.16943],[120.221199,15.17105],[120.223282,15.17188],[120.225143,15.16957],[120.22728,15.16516],[120.229507,15.16066],[120.230423,15.15952],[120.232147,15.15938],[120.237022,15.15909],[120.244423,15.15697],[120.24942,15.15499],[120.258049,15.15309],[120.268417,15.15041],[120.27684,15.14809],[120.282707,15.1445],[120.285118,15.13977],[120.288887,15.13558],[120.292542,15.13198],[120.295731,15.13053],[120.296631,15.13042],[120.304169,15.12949],[120.313553,15.13121],[120.323479,15.13356],[120.325829,15.13421],[120.35833,15.13617]]]]}},{"type":"Feature","properties":{"ID_0":177,"ISO":"PHL","NAME_0":"Philippines","ID_1":3071,"NAME_1":"Zambales","ID_2":307101,"NAME_2":"Botolan","ID_3":307101011,"NAME_3":"Paco","NL_NAME_3":null,"VARNAME_3":null,"TYPE_3":"Barangay","ENGTYPE_3":"Village","PROVINCE":"Zambales","REGION":"Region III (Central Luzon)","id":"barangay-0307101011","name":"Paco","barangayCode":"0307101011","population":null,"formattedPop":null,"densityCategory":"No data","vulnerabilityRating":"No data","healthRiskLevel":"No data","areaKm2":0.501431,"centerLat":15.284239,"centerLng":120.022612,"geometrySource":"all_barangay-2.csv detailed WKT","geometryMatchMethod":"unique_official_admin_names","boundaryPointCount":6},"geometry":{"type":"MultiPolygon","coordinates":[[[[120.026169,15.29246],[120.027313,15.28658],[120.028091,15.28449],[120.020432,15.28407],[120.019302,15.2909],[120.026169,15.29246]]]]}},{"type":"Feature","properties":{"ID_0":177,"ISO":"PHL","NAME_0":"Philippines","ID_1":3071,"NAME_1":"Zambales","ID_2":307101,"NAME_2":"Botolan","ID_3":307101013,"NAME_3":"Panan","NL_NAME_3":null,"VARNAME_3":null,"TYPE_3":"Barangay","ENGTYPE_3":"Village","PROVINCE":"Zambales","REGION":"Region III (Central Luzon)","id":"barangay-0307101013","name":"Panan","barangayCode":"0307101013","population":null,"formattedPop":null,"densityCategory":"No data","vulnerabilityRating":"No data","healthRiskLevel":"No data","areaKm2":5.897833,"centerLat":15.22237,"centerLng":120.032375,"geometrySource":"all_barangay-2.csv detailed WKT","geometryMatchMethod":"unique_official_admin_names","boundaryPointCount":77},"geometry":{"type":"MultiPolygon","coordinates":[[[[120.039993,15.23715],[120.047569,15.22112],[120.056053,15.20225],[120.051949,15.19862],[120.038712,15.19045],[120.031372,15.18789],[120.03083,15.18773],[120.03083,15.18806],[120.030563,15.18833],[120.030563,15.18889],[120.030281,15.18917],[120.030281,15.19],[120.029716,15.19056],[120.029716,15.19083],[120.029442,15.19111],[120.029442,15.19222],[120.029167,15.1925],[120.029167,15.19278],[120.028816,15.19333],[120.028893,15.19361],[120.02861,15.19389],[120.02861,15.19417],[120.028343,15.19444],[120.028343,15.195],[120.028053,15.19528],[120.028053,15.19556],[120.027779,15.19583],[120.027779,15.19639],[120.027496,15.19667],[120.027496,15.19694],[120.027222,15.19722],[120.027222,15.19917],[120.026947,15.19944],[120.026947,15.19972],[120.026657,15.2],[120.026657,15.2007],[120.026657,15.20111],[120.02639,15.20139],[120.02639,15.20167],[120.026207,15.20185],[120.026108,15.20194],[120.026108,15.20209],[120.026108,15.20222],[120.026016,15.20231],[120.025558,15.20278],[120.025558,15.20306],[120.025284,15.20333],[120.025284,15.20389],[120.025002,15.20417],[120.025002,15.20445],[120.024437,15.205],[120.02417,15.205],[120.023888,15.20556],[120.023613,15.20583],[120.023613,15.20611],[120.022781,15.20694],[120.022781,15.20722],[120.022499,15.2075],[120.022499,15.20833],[120.022217,15.20861],[120.021667,15.20917],[120.02166,15.20944],[120.021393,15.20972],[120.021111,15.21],[120.021111,15.21083],[120.020844,15.21111],[120.020844,15.21167],[120.020554,15.21194],[120.020554,15.21222],[120.020279,15.2125],[120.020279,15.21389],[120.019722,15.21444],[120.019722,15.2146],[120.021103,15.21504],[120.02977,15.21857],[120.028458,15.23397],[120.039993,15.23715]]]]}},{"type":"Feature","properties":{"ID_0":177,"ISO":"PHL","NAME_0":"Philippines","ID_1":3071,"NAME_1":"Zambales","ID_2":307101,"NAME_2":"Botolan","ID_3":307101014,"NAME_3":"Parel","NL_NAME_3":null,"VARNAME_3":null,"TYPE_3":"Barangay","ENGTYPE_3":"Village","PROVINCE":"Zambales","REGION":"Region III (Central Luzon)","id":"barangay-0307101014","name":"Parel","barangayCode":"0307101014","population":null,"formattedPop":null,"densityCategory":"No data","vulnerabilityRating":"No data","healthRiskLevel":"No data","areaKm2":0.957506,"centerLat":15.302763,"centerLng":120.000131,"geometrySource":"all_barangay-2.csv detailed WKT","geometryMatchMethod":"unique_official_admin_names","boundaryPointCount":8},"geometry":{"type":"MultiPolygon","coordinates":[[[[120.032593,15.32771],[120.030243,15.31027],[120.027977,15.31051],[120.025108,15.31079],[120.023232,15.30865],[120.021797,15.30903],[120.019234,15.32037],[120.032593,15.32771]]]]}},{"type":"Feature","properties":{"ID_0":177,"ISO":"PHL","NAME_0":"Philippines","ID_1":3071,"NAME_1":"Zambales","ID_2":307101,"NAME_2":"Botolan","ID_3":307101015,"NAME_3":"Paudpod","NL_NAME_3":null,"VARNAME_3":null,"TYPE_3":"Barangay","ENGTYPE_3":"Village","PROVINCE":"Zambales","REGION":"Region III (Central Luzon)","id":"barangay-0307101015","name":"Paudpod","barangayCode":"0307101015","population":null,"formattedPop":null,"densityCategory":"No data","vulnerabilityRating":"No data","healthRiskLevel":"No data","areaKm2":5.058334,"centerLat":15.283285,"centerLng":120.046385,"geometrySource":"all_barangay-2.csv detailed WKT","geometryMatchMethod":"unique_official_admin_names","boundaryPointCount":16},"geometry":{"type":"MultiPolygon","coordinates":[[[[120.053139,15.30982],[120.074753,15.31097],[120.074097,15.29759],[120.077179,15.27344],[120.073486,15.27416],[120.070663,15.27574],[120.065422,15.27816],[120.061653,15.27919],[120.059753,15.27938],[120.0578,15.27879],[120.0569,15.27808],[120.054977,15.27602],[120.042526,15.28685],[120.041763,15.29512],[120.052689,15.29438],[120.053139,15.30982]]]]}},{"type":"Feature","properties":{"ID_0":177,"ISO":"PHL","NAME_0":"Philippines","ID_1":3071,"NAME_1":"Zambales","ID_2":307101,"NAME_2":"Botolan","ID_3":307101016,"NAME_3":"Poonbato","NL_NAME_3":null,"VARNAME_3":null,"TYPE_3":"Barangay","ENGTYPE_3":"Village","PROVINCE":"Zambales","REGION":"Region III (Central Luzon)","id":"barangay-0307101016","name":"Poonbato","barangayCode":"0307101016","population":null,"formattedPop":null,"densityCategory":"No data","vulnerabilityRating":"No data","healthRiskLevel":"No data","areaKm2":82.299835,"centerLat":15.264503,"centerLng":120.18338,"geometrySource":"all_barangay-2.csv detailed WKT","geometryMatchMethod":"unique_official_admin_names","boundaryPointCount":63},"geometry":{"type":"MultiPolygon","coordinates":[[[[120.224564,15.28902],[120.231071,15.25388],[120.228348,15.25375],[120.220627,15.25464],[120.215973,15.25495],[120.211304,15.25267],[120.204407,15.24523],[120.200813,15.23886],[120.198753,15.23546],[120.19574,15.23074],[120.193192,15.22455],[120.19178,15.21996],[120.186478,15.21325],[120.180573,15.20834],[120.159492,15.2205],[120.150864,15.2286],[120.131264,15.24921],[120.12252,15.25404],[120.121452,15.26686],[120.131737,15.26149],[120.138206,15.26129],[120.141327,15.26115],[120.144371,15.26029],[120.147087,15.26],[120.149063,15.26054],[120.151802,15.26103],[120.155144,15.26041],[120.159447,15.25991],[120.164497,15.25971],[120.167152,15.25959],[120.168747,15.25982],[120.169312,15.25998],[120.172913,15.26203],[120.173866,15.26524],[120.174606,15.26862],[120.175713,15.27149],[120.177689,15.27413],[120.180038,15.2754],[120.182129,15.27614],[120.183968,15.27669],[120.185799,15.2771],[120.188087,15.27724],[120.191803,15.27757],[120.196548,15.27829],[120.199463,15.27926],[120.201462,15.28151],[120.203148,15.28358],[120.207443,15.28663],[120.208153,15.28741],[120.208351,15.2878],[120.209618,15.28999],[120.21022,15.29058],[120.211853,15.29121],[120.213951,15.29053],[120.215332,15.28888],[120.216171,15.28728],[120.217216,15.28641],[120.218613,15.28652],[120.2201,15.28621],[120.221222,15.28584],[120.22187,15.28596],[120.224007,15.28826],[120.224564,15.28902]]]]}},{"type":"Feature","properties":{"ID_0":177,"ISO":"PHL","NAME_0":"Philippines","ID_1":3071,"NAME_1":"Zambales","ID_2":307101,"NAME_2":"Botolan","ID_3":307101017,"NAME_3":"Porac","NL_NAME_3":null,"VARNAME_3":null,"TYPE_3":"Barangay","ENGTYPE_3":"Village","PROVINCE":"Zambales","REGION":"Region III (Central Luzon)","id":"barangay-0307101017","name":"Porac","barangayCode":"0307101017","population":null,"formattedPop":null,"densityCategory":"No data","vulnerabilityRating":"No data","healthRiskLevel":"No data","areaKm2":26.346511,"centerLat":15.249217,"centerLng":120.055878,"geometrySource":"all_barangay-2.csv detailed WKT","geometryMatchMethod":"unique_official_admin_names","boundaryPointCount":71},"geometry":{"type":"MultiPolygon","coordinates":[[[[120.031754,15.26174],[120.038628,15.26221],[120.039993,15.23715],[120.028458,15.23397],[120.014168,15.23067],[120.012917,15.23041],[120.012779,15.23056],[120.012779,15.23083],[120.012497,15.23111],[120.012497,15.23139],[120.012222,15.23167],[120.012222,15.23194],[120.011948,15.23222],[120.011948,15.23306],[120.011673,15.23333],[120.011673,15.23361],[120.011391,15.23389],[120.011391,15.23417],[120.011108,15.23444],[120.011108,15.23833],[120.011391,15.23861],[120.011391,15.23917],[120.011673,15.23944],[120.011673,15.23972],[120.011948,15.24],[120.012016,15.24028],[120.012497,15.24056],[120.012642,15.24139],[120.013046,15.24167],[120.013046,15.24222],[120.013344,15.2425],[120.013344,15.24361],[120.013611,15.24389],[120.013763,15.24417],[120.013893,15.24445],[120.013817,15.24472],[120.013893,15.24563],[120.014168,15.24611],[120.014168,15.24778],[120.014442,15.24806],[120.014442,15.24917],[120.014168,15.24944],[120.014168,15.24972],[120.014442,15.25],[120.014442,15.25028],[120.014168,15.25056],[120.014168,15.25111],[120.014717,15.25167],[120.014717,15.25194],[120.014442,15.25222],[120.014442,15.25306],[120.014587,15.2534],[120.014442,15.25361],[120.014442,15.25472],[120.014168,15.25528],[120.014168,15.25556],[120.014168,15.25722],[120.015266,15.25833],[120.015266,15.25889],[120.015327,15.25894],[120.015556,15.25917],[120.015556,15.25972],[120.015427,15.26103],[120.016586,15.26092],[120.018532,15.26021],[120.021729,15.25937],[120.024544,15.25939],[120.027443,15.26018],[120.030144,15.26136],[120.031532,15.26173],[120.031754,15.26174]]]]}},{"type":"Feature","properties":{"ID_0":177,"ISO":"PHL","NAME_0":"Philippines","ID_1":3071,"NAME_1":"Zambales","ID_2":307101,"NAME_2":"Botolan","ID_3":307101018,"NAME_3":"San Isidro","NL_NAME_3":null,"VARNAME_3":null,"TYPE_3":"Barangay","ENGTYPE_3":"Village","PROVINCE":"Zambales","REGION":"Region III (Central Luzon)","id":"barangay-0307101018","name":"San Isidro","barangayCode":"0307101018","population":null,"formattedPop":null,"densityCategory":"No data","vulnerabilityRating":"No data","healthRiskLevel":"No data","areaKm2":2.396547,"centerLat":15.313982,"centerLng":120.013806,"geometrySource":"all_barangay-2.csv detailed WKT","geometryMatchMethod":"unique_official_admin_names","boundaryPointCount":20},"geometry":{"type":"MultiPolygon","coordinates":[[[[120.019234,15.32037],[120.021797,15.30903],[120.017227,15.30852],[120.015877,15.3076],[120.015617,15.30653],[120.015327,15.30552],[120.014267,15.30499],[120.012268,15.30468],[120.010017,15.3054],[120.008926,15.30607],[120.007607,15.30653],[120.007156,15.30669],[120.00563,15.3069],[120.005592,15.30741],[120.005478,15.30823],[120.005569,15.30942],[120.005966,15.31025],[120.006248,15.3113],[120.00592,15.31263],[120.019234,15.32037]]]]}},{"type":"Feature","properties":{"ID_0":177,"ISO":"PHL","NAME_0":"Philippines","ID_1":3071,"NAME_1":"Zambales","ID_2":307101,"NAME_2":"Botolan","ID_3":307101019,"NAME_3":"San Juan","NL_NAME_3":null,"VARNAME_3":null,"TYPE_3":"Barangay","ENGTYPE_3":"Village","PROVINCE":"Zambales","REGION":"Region III (Central Luzon)","id":"barangay-0307101019","name":"San Juan","barangayCode":"0307101019","population":null,"formattedPop":null,"densityCategory":"No data","vulnerabilityRating":"No data","healthRiskLevel":"No data","areaKm2":42.858065,"centerLat":15.30823,"centerLng":120.109005,"geometrySource":"all_barangay-2.csv detailed WKT","geometryMatchMethod":"unique_official_admin_names","boundaryPointCount":17},"geometry":{"type":"MultiPolygon","coordinates":[[[[120.074753,15.31097],[120.119743,15.31128],[120.121452,15.26686],[120.114937,15.26674],[120.10894,15.26878],[120.104378,15.27074],[120.098511,15.27207],[120.095093,15.2745],[120.093781,15.2767],[120.092079,15.27819],[120.08963,15.27764],[120.087311,15.27616],[120.084541,15.27463],[120.080994,15.27386],[120.077179,15.27344],[120.074097,15.29759],[120.074753,15.31097]]]]}},{"type":"Feature","properties":{"ID_0":177,"ISO":"PHL","NAME_0":"Philippines","ID_1":3071,"NAME_1":"Zambales","ID_2":307101,"NAME_2":"Botolan","ID_3":307101020,"NAME_3":"San Miguel","NL_NAME_3":null,"VARNAME_3":null,"TYPE_3":"Barangay","ENGTYPE_3":"Village","PROVINCE":"Zambales","REGION":"Region III (Central Luzon)","id":"barangay-0307101020","name":"San Miguel","barangayCode":"0307101020","population":null,"formattedPop":null,"densityCategory":"No data","vulnerabilityRating":"No data","healthRiskLevel":"No data","areaKm2":2.090481,"centerLat":15.288282,"centerLng":120.015286,"geometrySource":"all_barangay-2.csv detailed WKT","geometryMatchMethod":"unique_official_admin_names","boundaryPointCount":16},"geometry":{"type":"MultiPolygon","coordinates":[[[[120.015923,15.29711],[120.018227,15.29777],[120.019302,15.2909],[120.020432,15.28407],[120.011932,15.28331],[120.009247,15.29125],[120.009018,15.29217],[120.009468,15.29313],[120.010437,15.29378],[120.011703,15.29364],[120.012878,15.29349],[120.013786,15.29435],[120.014313,15.29545],[120.01487,15.29606],[120.015373,15.29642],[120.015923,15.29711]]]]}},{"type":"Feature","properties":{"ID_0":177,"ISO":"PHL","NAME_0":"Philippines","ID_1":3071,"NAME_1":"Zambales","ID_2":307101,"NAME_2":"Botolan","ID_3":307101021,"NAME_3":"Santiago","NL_NAME_3":null,"VARNAME_3":null,"TYPE_3":"Barangay","ENGTYPE_3":"Village","PROVINCE":"Zambales","REGION":"Region III (Central Luzon)","id":"barangay-0307101021","name":"Santiago","barangayCode":"0307101021","population":null,"formattedPop":null,"densityCategory":"No data","vulnerabilityRating":"No data","healthRiskLevel":"No data","areaKm2":3.304734,"centerLat":15.302654,"centerLng":120.017628,"geometrySource":"all_barangay-2.csv detailed WKT","geometryMatchMethod":"unique_official_admin_names","boundaryPointCount":26},"geometry":{"type":"MultiPolygon","coordinates":[[[[120.021797,15.30903],[120.023232,15.30865],[120.025108,15.31079],[120.027977,15.31051],[120.030243,15.31027],[120.025124,15.30003],[120.018227,15.29777],[120.015923,15.29711],[120.007828,15.303519],[120.007462,15.30381],[120.007278,15.3042],[120.006882,15.30466],[120.006393,15.30518],[120.00605,15.30562],[120.00563,15.3069],[120.007156,15.30669],[120.007607,15.30653],[120.008926,15.30607],[120.010017,15.3054],[120.012268,15.30468],[120.014267,15.30499],[120.015327,15.30552],[120.015617,15.30653],[120.015877,15.3076],[120.017227,15.30852],[120.021797,15.30903]]]]}},{"type":"Feature","properties":{"ID_0":177,"ISO":"PHL","NAME_0":"Philippines","ID_1":3071,"NAME_1":"Zambales","ID_2":307101,"NAME_2":"Botolan","ID_3":307101022,"NAME_3":"Tampo","NL_NAME_3":null,"VARNAME_3":null,"TYPE_3":"Barangay","ENGTYPE_3":"Village","PROVINCE":"Zambales","REGION":"Region III (Central Luzon)","id":"barangay-0307101022","name":"Tampo","barangayCode":"0307101022","population":null,"formattedPop":null,"densityCategory":"No data","vulnerabilityRating":"No data","healthRiskLevel":"No data","areaKm2":1.368308,"centerLat":15.29583,"centerLng":120.025725,"geometrySource":"all_barangay-2.csv detailed WKT","geometryMatchMethod":"unique_official_admin_names","boundaryPointCount":6},"geometry":{"type":"MultiPolygon","coordinates":[[[[120.025124,15.30003],[120.025574,15.29688],[120.026169,15.29246],[120.019302,15.2909],[120.018227,15.29777],[120.025124,15.30003]]]]}},{"type":"Feature","properties":{"ID_0":177,"ISO":"PHL","NAME_0":"Philippines","ID_1":3071,"NAME_1":"Zambales","ID_2":307101,"NAME_2":"Botolan","ID_3":307101023,"NAME_3":"Taugtog","NL_NAME_3":null,"VARNAME_3":null,"TYPE_3":"Barangay","ENGTYPE_3":"Village","PROVINCE":"Zambales","REGION":"Region III (Central Luzon)","id":"barangay-0307101023","name":"Taugtog","barangayCode":"0307101023","population":null,"formattedPop":null,"densityCategory":"No data","vulnerabilityRating":"No data","healthRiskLevel":"No data","areaKm2":24.323458,"centerLat":15.321545,"centerLng":120.083255,"geometrySource":"all_barangay-2.csv detailed WKT","geometryMatchMethod":"unique_official_admin_names","boundaryPointCount":20},"geometry":{"type":"MultiPolygon","coordinates":[[[[120.030243,15.31027],[120.03167,15.3104],[120.033028,15.30978],[120.034241,15.3094],[120.035393,15.30969],[120.03672,15.30938],[120.039093,15.30911],[120.042038,15.30937],[120.045174,15.30963],[120.048424,15.3099],[120.053139,15.30982],[120.052689,15.29438],[120.041763,15.29512],[120.038261,15.29642],[120.036621,15.29687],[120.033257,15.29752],[120.029968,15.29754],[120.025574,15.29688],[120.025124,15.30003],[120.030243,15.31027]]]]}},{"type":"Feature","properties":{"ID_0":177,"ISO":"PHL","NAME_0":"Philippines","ID_1":3071,"NAME_1":"Zambales","ID_2":307101,"NAME_2":"Botolan","ID_3":307101024,"NAME_3":"Villar","NL_NAME_3":null,"VARNAME_3":null,"TYPE_3":"Barangay","ENGTYPE_3":"Village","PROVINCE":"Zambales","REGION":"Region III (Central Luzon)","id":"barangay-0307101024","name":"Villar","barangayCode":"0307101024","population":null,"formattedPop":null,"densityCategory":"No data","vulnerabilityRating":"No data","healthRiskLevel":"No data","areaKm2":32.316577,"centerLat":15.1819,"centerLng":120.261669,"geometrySource":"all_barangay-2.csv detailed WKT","geometryMatchMethod":"unique_official_admin_names","boundaryPointCount":37},"geometry":{"type":"MultiPolygon","coordinates":[[[[120.186478,15.21325],[120.199768,15.21009],[120.211021,15.19717],[120.254097,15.19958],[120.283737,15.20087],[120.30925,15.20145],[120.325829,15.13421],[120.323479,15.13356],[120.313553,15.13121],[120.304169,15.12949],[120.296631,15.13042],[120.295731,15.13053],[120.292542,15.13198],[120.288887,15.13558],[120.285118,15.13977],[120.282707,15.1445],[120.27684,15.14809],[120.268417,15.15041],[120.258049,15.15309],[120.24942,15.15499],[120.244423,15.15697],[120.237022,15.15909],[120.232147,15.15938],[120.230423,15.15952],[120.229507,15.16066],[120.22728,15.16516],[120.225143,15.16957],[120.223282,15.17188],[120.221199,15.17105],[120.217987,15.16943],[120.214973,15.16616],[120.211563,15.16329],[120.207573,15.1586],[120.205254,15.1542],[120.201477,15.14844],[120.180573,15.20834],[120.186478,15.21325]]]]}},{"type":"Feature","properties":{"ID_0":177,"ISO":"PHL","NAME_0":"Philippines","ID_1":3071,"NAME_1":"Zambales","ID_2":307101,"NAME_2":"Botolan","ID_3":307101025,"NAME_3":"Bancal","NL_NAME_3":null,"VARNAME_3":null,"TYPE_3":"Barangay","ENGTYPE_3":"Village","PROVINCE":"Zambales","REGION":"Region III (Central Luzon)","id":"barangay-0307101025","name":"Bancal","barangayCode":"0307101025","population":null,"formattedPop":null,"densityCategory":"No data","vulnerabilityRating":"No data","healthRiskLevel":"No data","areaKm2":0.804218,"centerLat":15.311126,"centerLng":120.003872,"geometrySource":"all_barangay-2.csv detailed WKT","geometryMatchMethod":"unique_official_admin_names","boundaryPointCount":54},"geometry":{"type":"MultiPolygon","coordinates":[[[[119.999367,15.30924],[120.00592,15.31263],[120.006248,15.3113],[120.005966,15.31025],[120.005569,15.30942],[120.005478,15.30823],[120.005592,15.30741],[120.00563,15.3069],[120.00605,15.30562],[120.006393,15.30518],[120.006882,15.30466],[120.007278,15.3042],[120.007462,15.30381],[120.007828,15.303519],[120.007683,15.302227],[120.006966,15.30023],[120.005882,15.298721],[120.005066,15.298222],[120.004356,15.298484],[120.003532,15.29923],[120.002403,15.299634],[120.001518,15.299413],[120.000275,15.298805],[119.999207,15.298723],[119.999054,15.299625],[119.998352,15.300576],[119.997665,15.301206],[119.996849,15.301814],[119.995766,15.302194],[119.99485,15.301744],[119.99456,15.301194],[119.993706,15.300811],[119.992569,15.301169],[119.991386,15.30194],[119.991669,15.30222],[119.992233,15.30222],[119.9925,15.3025],[119.992767,15.3025],[119.993332,15.30306],[119.993607,15.30306],[119.994164,15.30361],[119.994453,15.30361],[119.99472,15.30389],[119.995003,15.30389],[119.995552,15.30444],[119.995827,15.30444],[119.996391,15.305],[119.996674,15.305],[119.997498,15.30583],[119.998894,15.3075],[119.9991,15.30778],[119.999161,15.30819],[119.999443,15.30917],[119.999367,15.30924]]]]}},{"type":"Feature","properties":{"ID_0":177,"ISO":"PHL","NAME_0":"Philippines","ID_1":3071,"NAME_1":"Zambales","ID_2":307101,"NAME_2":"Botolan","ID_3":307101026,"NAME_3":"Belbel","NL_NAME_3":null,"VARNAME_3":null,"TYPE_3":"Barangay","ENGTYPE_3":"Village","PROVINCE":"Zambales","REGION":"Region III (Central Luzon)","id":"barangay-0307101026","name":"Belbel","barangayCode":"0307101026","population":null,"formattedPop":null,"densityCategory":"No data","vulnerabilityRating":"No data","healthRiskLevel":"No data","areaKm2":65.019779,"centerLat":15.117691,"centerLng":120.286089,"geometrySource":"all_barangay-2.csv detailed WKT","geometryMatchMethod":"unique_official_admin_names","boundaryPointCount":6},"geometry":{"type":"MultiPolygon","coordinates":[[[[120.346893,15.21084],[120.370827,15.16776],[120.35833,15.13617],[120.325829,15.13421],[120.30925,15.20145],[120.346893,15.21084]]]]}},{"type":"Feature","properties":{"ID_0":177,"ISO":"PHL","NAME_0":"Philippines","ID_1":3071,"NAME_1":"Zambales","ID_2":307101,"NAME_2":"Botolan","ID_3":307101027,"NAME_3":"Binoclutan","NL_NAME_3":null,"VARNAME_3":null,"TYPE_3":"Barangay","ENGTYPE_3":"Village","PROVINCE":"Zambales","REGION":"Region III (Central Luzon)","id":"barangay-0307101027","name":"Binoclutan","barangayCode":"0307101027","population":null,"formattedPop":null,"densityCategory":"No data","vulnerabilityRating":"No data","healthRiskLevel":"No data","areaKm2":5.840588,"centerLat":15.236679,"centerLng":120.027882,"geometrySource":"barangays.geojson simplified fallback","geometryMatchMethod":"simplified_fallback","boundaryPointCount":5},"geometry":{"type":"Polygon","coordinates":[[[120.0463536210001,15.235018421000063],[120.0191696060001,15.225567735000027],[120.01030225600005,15.237518473000023],[120.04395773300007,15.24714143500006],[120.0463536210001,15.235018421000063]]]}},{"type":"Feature","properties":{"ID_0":177,"ISO":"PHL","NAME_0":"Philippines","ID_1":3071,"NAME_1":"Zambales","ID_2":307101,"NAME_2":"Botolan","ID_3":307101028,"NAME_3":"Burgos","NL_NAME_3":null,"VARNAME_3":null,"TYPE_3":"Barangay","ENGTYPE_3":"Village","PROVINCE":"Zambales","REGION":"Region III (Central Luzon)","id":"barangay-0307101028","name":"Burgos","barangayCode":"0307101028","population":null,"formattedPop":null,"densityCategory":"No data","vulnerabilityRating":"No data","healthRiskLevel":"No data","areaKm2":41.163541,"centerLat":15.199583,"centerLng":120.270962,"geometrySource":"all_barangay-2.csv detailed WKT","geometryMatchMethod":"unique_official_admin_names","boundaryPointCount":7},"geometry":{"type":"MultiPolygon","coordinates":[[[[120.285408,15.28928],[120.337486,15.23234],[120.346893,15.21084],[120.30925,15.20145],[120.283737,15.20087],[120.257149,15.262],[120.285408,15.28928]]]]}},{"type":"Feature","properties":{"ID_0":177,"ISO":"PHL","NAME_0":"Philippines","ID_1":3071,"NAME_1":"Zambales","ID_2":307101,"NAME_2":"Botolan","ID_3":307101029,"NAME_3":"Cabatuan","NL_NAME_3":null,"VARNAME_3":null,"TYPE_3":"Barangay","ENGTYPE_3":"Village","PROVINCE":"Zambales","REGION":"Region III (Central Luzon)","id":"barangay-0307101029","name":"Cabatuan","barangayCode":"0307101029","population":null,"formattedPop":null,"densityCategory":"No data","vulnerabilityRating":"No data","healthRiskLevel":"No data","areaKm2":20.09032,"centerLat":15.300081,"centerLng":120.227863,"geometrySource":"all_barangay-2.csv detailed WKT","geometryMatchMethod":"unique_official_admin_names","boundaryPointCount":31},"geometry":{"type":"MultiPolygon","coordinates":[[[[120.244713,15.31322],[120.229401,15.29149],[120.228981,15.29222],[120.224564,15.28902],[120.224007,15.28826],[120.22187,15.28596],[120.221222,15.28584],[120.2201,15.28621],[120.218613,15.28652],[120.217216,15.28641],[120.216171,15.28728],[120.215332,15.28888],[120.213951,15.29053],[120.211853,15.29121],[120.21022,15.29058],[120.209618,15.28999],[120.208351,15.2878],[120.205132,15.29673],[120.203522,15.29854],[120.203293,15.29952],[120.20359,15.30052],[120.204483,15.30159],[120.20578,15.30291],[120.207191,15.30534],[120.206993,15.3092],[120.205017,15.31306],[120.202698,15.31645],[120.201187,15.31974],[120.200844,15.32038],[120.199471,15.339],[120.244713,15.31322]]]]}},{"type":"Feature","properties":{"ID_0":177,"ISO":"PHL","NAME_0":"Philippines","ID_1":3071,"NAME_1":"Zambales","ID_2":307101,"NAME_2":"Botolan","ID_3":307101030,"NAME_3":"Malomboy","NL_NAME_3":null,"VARNAME_3":null,"TYPE_3":"Barangay","ENGTYPE_3":"Village","PROVINCE":"Zambales","REGION":"Region III (Central Luzon)","id":"barangay-0307101030","name":"Malomboy","barangayCode":"0307101030","population":null,"formattedPop":null,"densityCategory":"No data","vulnerabilityRating":"No data","healthRiskLevel":"No data","areaKm2":35.868475,"centerLat":15.286653,"centerLng":120.136788,"geometrySource":"all_barangay-2.csv detailed WKT","geometryMatchMethod":"unique_official_admin_names","boundaryPointCount":18},"geometry":{"type":"MultiPolygon","coordinates":[[[[120.152313,15.35753],[120.169312,15.25998],[120.168747,15.25982],[120.167152,15.25959],[120.164497,15.25971],[120.159447,15.25991],[120.155144,15.26041],[120.151802,15.26103],[120.149063,15.26054],[120.147087,15.26],[120.144371,15.26029],[120.141327,15.26115],[120.138206,15.26129],[120.131737,15.26149],[120.121452,15.26686],[120.119743,15.31128],[120.120003,15.34805],[120.152313,15.35753]]]]}},{"type":"Feature","properties":{"ID_0":177,"ISO":"PHL","NAME_0":"Philippines","ID_1":3071,"NAME_1":"Zambales","ID_2":307101,"NAME_2":"Botolan","ID_3":307101031,"NAME_3":"Nacolcol","NL_NAME_3":null,"VARNAME_3":null,"TYPE_3":"Barangay","ENGTYPE_3":"Village","PROVINCE":"Zambales","REGION":"Region III (Central Luzon)","id":"barangay-0307101031","name":"Nacolcol","barangayCode":"0307101031","population":null,"formattedPop":null,"densityCategory":"No data","vulnerabilityRating":"No data","healthRiskLevel":"No data","areaKm2":37.126773,"centerLat":15.266939,"centerLng":120.250063,"geometrySource":"all_barangay-2.csv detailed WKT","geometryMatchMethod":"unique_official_admin_names","boundaryPointCount":8},"geometry":{"type":"MultiPolygon","coordinates":[[[[120.224564,15.28902],[120.228981,15.29222],[120.229401,15.29149],[120.244713,15.31322],[120.257149,15.262],[120.249031,15.25521],[120.231071,15.25388],[120.224564,15.28902]]]]}},{"type":"Feature","properties":{"ID_0":177,"ISO":"PHL","NAME_0":"Philippines","ID_1":3071,"NAME_1":"Zambales","ID_2":307101,"NAME_2":"Botolan","ID_3":307101032,"NAME_3":"Owaog-Nebloc","NL_NAME_3":null,"VARNAME_3":null,"TYPE_3":"Barangay","ENGTYPE_3":"Village","PROVINCE":"Zambales","REGION":"Region III (Central Luzon)","id":"barangay-0307101032","name":"Owaog-Nebloc","barangayCode":"0307101032","population":null,"formattedPop":null,"densityCategory":"No data","vulnerabilityRating":"No data","healthRiskLevel":"No data","areaKm2":38.262453,"centerLat":15.242494,"centerLng":120.121066,"geometrySource":"barangays.geojson simplified fallback","geometryMatchMethod":"simplified_fallback","boundaryPointCount":7},"geometry":{"type":"Polygon","coordinates":[[[120.08515026300006,15.274164355000039],[120.14477514100008,15.264496722000047],[120.15147291100004,15.241157455000064],[120.1638621620001,15.233407658000033],[120.14138871000011,15.20624239600005],[120.08639489500001,15.235979324000027],[120.08515026300006,15.274164355000039]]]}},{"type":"Feature","properties":{"ID_0":177,"ISO":"PHL","NAME_0":"Philippines","ID_1":3071,"NAME_1":"Zambales","ID_2":307101,"NAME_2":"Botolan","ID_3":307101033,"NAME_3":"Palis","NL_NAME_3":null,"VARNAME_3":null,"TYPE_3":"Barangay","ENGTYPE_3":"Village","PROVINCE":"Zambales","REGION":"Region III (Central Luzon)","id":"barangay-0307101033","name":"Palis","barangayCode":"0307101033","population":null,"formattedPop":null,"densityCategory":"No data","vulnerabilityRating":"No data","healthRiskLevel":"No data","areaKm2":11.909013,"centerLat":15.258608,"centerLng":120.295977,"geometrySource":"all_barangay-2.csv detailed WKT","geometryMatchMethod":"unique_official_admin_names","boundaryPointCount":4},"geometry":{"type":"MultiPolygon","coordinates":[[[[120.285408,15.28928],[120.257149,15.262],[120.244713,15.31322],[120.285408,15.28928]]]]}},{"type":"Feature","properties":{"ID_0":177,"ISO":"PHL","NAME_0":"Philippines","ID_1":3071,"NAME_1":"Zambales","ID_2":307102,"NAME_2":"Cabangan","ID_3":307102001,"NAME_3":"Anonang","NL_NAME_3":null,"VARNAME_3":null,"TYPE_3":"Barangay","ENGTYPE_3":"Village","PROVINCE":"Zambales","REGION":"Region III (Central Luzon)","id":"barangay-0307102001","name":"Anonang","barangayCode":"0307102001","population":null,"formattedPop":null,"densityCategory":"No data","vulnerabilityRating":"No data","healthRiskLevel":"No data","areaKm2":24.547179,"centerLat":15.110403,"centerLng":120.13403,"geometrySource":"all_barangay-2.csv detailed WKT","geometryMatchMethod":"unique_official_admin_names","boundaryPointCount":17},"geometry":{"type":"MultiPolygon","coordinates":[[[[120.063873,15.12711],[120.064949,15.12138],[120.064423,15.12158],[120.063133,15.12124],[120.062378,15.1209],[120.061157,15.1194],[120.060623,15.11769],[120.060944,15.11621],[120.061943,15.11298],[120.061798,15.11137],[120.061142,15.10976],[120.059601,15.10821],[120.057693,15.10848],[120.055122,15.11872],[120.054176,15.12633],[120.059097,15.12759],[120.063873,15.12711]]]]}},{"type":"Feature","properties":{"ID_0":177,"ISO":"PHL","NAME_0":"Philippines","ID_1":3071,"NAME_1":"Zambales","ID_2":307102,"NAME_2":"Cabangan","ID_3":307102002,"NAME_3":"Apo-apo","NL_NAME_3":null,"VARNAME_3":null,"TYPE_3":"Barangay","ENGTYPE_3":"Village","PROVINCE":"Zambales","REGION":"Region III (Central Luzon)","id":"barangay-0307102002","name":"Apo-apo","barangayCode":"0307102002","population":null,"formattedPop":null,"densityCategory":"No data","vulnerabilityRating":"No data","healthRiskLevel":"No data","areaKm2":0.774285,"centerLat":15.183623,"centerLng":120.046648,"geometrySource":"all_barangay-2.csv detailed WKT","geometryMatchMethod":"unique_official_admin_names","boundaryPointCount":7},"geometry":{"type":"MultiPolygon","coordinates":[[[[120.052856,15.18251],[120.052979,15.17799],[120.051773,15.17708],[120.051292,15.17366],[120.045486,15.17295],[120.044289,15.18204],[120.052856,15.18251]]]]}},{"type":"Feature","properties":{"ID_0":177,"ISO":"PHL","NAME_0":"Philippines","ID_1":3071,"NAME_1":"Zambales","ID_2":307102,"NAME_2":"Cabangan","ID_3":307102004,"NAME_3":"Arew","NL_NAME_3":null,"VARNAME_3":null,"TYPE_3":"Barangay","ENGTYPE_3":"Village","PROVINCE":"Zambales","REGION":"Region III (Central Luzon)","id":"barangay-0307102004","name":"Arew","barangayCode":"0307102004","population":null,"formattedPop":null,"densityCategory":"No data","vulnerabilityRating":"No data","healthRiskLevel":"No data","areaKm2":0.818157,"centerLat":15.180897,"centerLng":120.037117,"geometrySource":"all_barangay-2.csv detailed WKT","geometryMatchMethod":"unique_official_admin_names","boundaryPointCount":23},"geometry":{"type":"MultiPolygon","coordinates":[[[[120.044289,15.18204],[120.045486,15.17295],[120.035362,15.17336],[120.034447,15.17344],[120.034447,15.17472],[120.034172,15.17535],[120.034103,15.17591],[120.034241,15.17622],[120.034157,15.17667],[120.034157,15.17722],[120.03389,15.1775],[120.03389,15.17806],[120.033607,15.17833],[120.033607,15.17861],[120.033333,15.17889],[120.033333,15.17944],[120.032784,15.18],[120.033058,15.18028],[120.033058,15.18083],[120.032784,15.18111],[120.032784,15.18134],[120.033188,15.18134],[120.044289,15.18204]]]]}},{"type":"Feature","properties":{"ID_0":177,"ISO":"PHL","NAME_0":"Philippines","ID_1":3071,"NAME_1":"Zambales","ID_2":307102,"NAME_2":"Cabangan","ID_3":307102005,"NAME_3":"Banuanbayo","NL_NAME_3":null,"VARNAME_3":null,"TYPE_3":"Barangay","ENGTYPE_3":"Village","PROVINCE":"Zambales","REGION":"Region III (Central Luzon)","id":"barangay-0307102005","name":"Banuanbayo","barangayCode":"0307102005","population":null,"formattedPop":null,"densityCategory":"No data","vulnerabilityRating":"No data","healthRiskLevel":"No data","areaKm2":0.146364,"centerLat":15.155218,"centerLng":120.055875,"geometrySource":"barangays.geojson simplified fallback","geometryMatchMethod":"simplified_fallback","boundaryPointCount":4},"geometry":{"type":"Polygon","coordinates":[[[120.05528212600007,15.15741407300004],[120.0578304820001,15.153542548000075],[120.05324707200009,15.15381995000007],[120.05528212600007,15.15741407300004]]]}},{"type":"Feature","properties":{"ID_0":177,"ISO":"PHL","NAME_0":"Philippines","ID_1":3071,"NAME_1":"Zambales","ID_2":307102,"NAME_2":"Cabangan","ID_3":307102006,"NAME_3":"Cadmang-Reserva","NL_NAME_3":null,"VARNAME_3":null,"TYPE_3":"Barangay","ENGTYPE_3":"Village","PROVINCE":"Zambales","REGION":"Region III (Central Luzon)","id":"barangay-0307102006","name":"Cadmang-Reserva","barangayCode":"0307102006","population":null,"formattedPop":null,"densityCategory":"No data","vulnerabilityRating":"No data","healthRiskLevel":"No data","areaKm2":71.905092,"centerLat":15.194207,"centerLng":120.110676,"geometrySource":"all_barangay-2.csv detailed WKT","geometryMatchMethod":"unique_official_admin_names","boundaryPointCount":94},"geometry":{"type":"MultiPolygon","coordinates":[[[[120.12252,15.25404],[120.131264,15.24921],[120.150864,15.2286],[120.159492,15.2205],[120.180573,15.20834],[120.201477,15.14844],[120.205544,15.11261],[120.203011,15.10782],[120.20253,15.10641],[120.200943,15.10427],[120.199364,15.10145],[120.197723,15.09816],[120.197449,15.09538],[120.196861,15.0948],[120.194969,15.09426],[120.193459,15.09373],[120.191399,15.09255],[120.187576,15.09107],[120.184532,15.09293],[120.183197,15.09558],[120.182182,15.09737],[120.179413,15.09799],[120.176521,15.09466],[120.174622,15.09034],[120.17244,15.08642],[120.169563,15.08335],[120.166229,15.08197],[120.163887,15.08237],[120.160751,15.08176],[120.158157,15.08097],[120.154633,15.08098],[120.151817,15.08374],[120.149712,15.08591],[120.14473,15.08863],[120.139511,15.09137],[120.135803,15.09283],[120.130821,15.09374],[120.127441,15.09419],[120.125633,15.09509],[120.124046,15.09567],[120.121368,15.09628],[120.117798,15.09781],[120.115593,15.09758],[120.112534,15.09536],[120.111,15.09508],[120.107826,15.09759],[120.106339,15.1019],[120.106216,15.10415],[120.105392,15.10592],[120.102753,15.10683],[120.099937,15.10795],[120.096878,15.10838],[120.091309,15.10797],[120.088593,15.10751],[120.085663,15.10765],[120.083069,15.10911],[120.081467,15.11014],[120.078728,15.11092],[120.076233,15.10924],[120.073196,15.10825],[120.071602,15.10957],[120.070122,15.11262],[120.070992,15.11488],[120.071472,15.11615],[120.070602,15.11739],[120.068367,15.11899],[120.066887,15.12043],[120.064949,15.12138],[120.063873,15.12711],[120.066643,15.12758],[120.071114,15.12814],[120.074379,15.12755],[120.077332,15.12636],[120.079643,15.12532],[120.079826,15.12504],[120.079697,15.13493],[120.078194,15.14102],[120.077713,15.14238],[120.078056,15.14375],[120.078239,15.14417],[120.078796,15.14573],[120.079086,15.14639],[120.078712,15.14732],[120.080261,15.14701],[120.084961,15.14709],[120.085373,15.14699],[120.084343,15.1673],[120.083847,15.17034],[120.068481,15.16944],[120.067413,15.18953],[120.067307,15.19292],[120.067307,15.19306],[120.067039,15.20941],[120.12252,15.25404]]]]}},{"type":"Feature","properties":{"ID_0":177,"ISO":"PHL","NAME_0":"Philippines","ID_1":3071,"NAME_1":"Zambales","ID_2":307102,"NAME_2":"Cabangan","ID_3":307102008,"NAME_3":"Camiling (Camiing)","NL_NAME_3":null,"VARNAME_3":null,"TYPE_3":"Barangay","ENGTYPE_3":"Village","PROVINCE":"Zambales","REGION":"Region III (Central Luzon)","id":"barangay-0307102008","name":"Camiling (Camiing)","barangayCode":"0307102008","population":null,"formattedPop":null,"densityCategory":"No data","vulnerabilityRating":"No data","healthRiskLevel":"No data","areaKm2":1.111391,"centerLat":15.141352,"centerLng":120.045714,"geometrySource":"barangays.geojson simplified fallback","geometryMatchMethod":"simplified_fallback","boundaryPointCount":5},"geometry":{"type":"Polygon","coordinates":[[[120.05131636700003,15.14610132100006],[120.05096215800006,15.137818096000046],[120.0421055490001,15.135436205000076],[120.03969005800002,15.14503843700004],[120.05131636700003,15.14610132100006]]]}},{"type":"Feature","properties":{"ID_0":177,"ISO":"PHL","NAME_0":"Philippines","ID_1":3071,"NAME_1":"Zambales","ID_2":307102,"NAME_2":"Cabangan","ID_3":307102009,"NAME_3":"Casabaan","NL_NAME_3":null,"VARNAME_3":null,"TYPE_3":"Barangay","ENGTYPE_3":"Village","PROVINCE":"Zambales","REGION":"Region III (Central Luzon)","id":"barangay-0307102009","name":"Casabaan","barangayCode":"0307102009","population":null,"formattedPop":null,"densityCategory":"No data","vulnerabilityRating":"No data","healthRiskLevel":"No data","areaKm2":0.305013,"centerLat":15.130911,"centerLng":120.055149,"geometrySource":"all_barangay-2.csv detailed WKT","geometryMatchMethod":"unique_official_admin_names","boundaryPointCount":13},"geometry":{"type":"MultiPolygon","coordinates":[[[[120.079697,15.13493],[120.079826,15.12504],[120.079643,15.12532],[120.077332,15.12636],[120.074379,15.12755],[120.071114,15.12814],[120.066643,15.12758],[120.063873,15.12711],[120.059097,15.12759],[120.054176,15.12633],[120.054428,15.12851],[120.053177,15.13132],[120.079697,15.13493]]]]}},{"type":"Feature","properties":{"ID_0":177,"ISO":"PHL","NAME_0":"Philippines","ID_1":3071,"NAME_1":"Zambales","ID_2":307102,"NAME_2":"Cabangan","ID_3":307102010,"NAME_3":"Dolores","NL_NAME_3":null,"VARNAME_3":null,"TYPE_3":"Barangay","ENGTYPE_3":"Village","PROVINCE":"Zambales","REGION":"Region III (Central Luzon)","id":"barangay-0307102010","name":"Dolores","barangayCode":"0307102010","population":null,"formattedPop":null,"densityCategory":"No data","vulnerabilityRating":"No data","healthRiskLevel":"No data","areaKm2":3.903128,"centerLat":15.169115,"centerLng":120.064296,"geometrySource":"all_barangay-2.csv detailed WKT","geometryMatchMethod":"unique_official_admin_names","boundaryPointCount":16},"geometry":{"type":"MultiPolygon","coordinates":[[[[120.068169,15.16252],[120.068481,15.16944],[120.083847,15.17034],[120.084343,15.1673],[120.085373,15.14699],[120.084961,15.14709],[120.080261,15.14701],[120.078712,15.14732],[120.077026,15.14829],[120.074921,15.14944],[120.073692,15.1506],[120.071701,15.15167],[120.070412,15.1522],[120.06958,15.15232],[120.068878,15.15685],[120.068169,15.16252]]]]}},{"type":"Feature","properties":{"ID_0":177,"ISO":"PHL","NAME_0":"Philippines","ID_1":3071,"NAME_1":"Zambales","ID_2":307102,"NAME_2":"Cabangan","ID_3":307102011,"NAME_3":"Del Carmen","NL_NAME_3":null,"VARNAME_3":null,"TYPE_3":"Barangay","ENGTYPE_3":"Village","PROVINCE":"Zambales","REGION":"Region III (Central Luzon)","id":"barangay-0307102011","name":"Del Carmen","barangayCode":"0307102011","population":null,"formattedPop":null,"densityCategory":"No data","vulnerabilityRating":"No data","healthRiskLevel":"No data","areaKm2":0.104843,"centerLat":15.156268,"centerLng":120.053567,"geometrySource":"all_barangay-2.csv detailed WKT","geometryMatchMethod":"unique_official_admin_names","boundaryPointCount":6},"geometry":{"type":"MultiPolygon","coordinates":[[[[120.056396,15.16124],[120.068169,15.16252],[120.068878,15.15685],[120.057617,15.15512],[120.056923,15.15842],[120.056396,15.16124]]]]}},{"type":"Feature","properties":{"ID_0":177,"ISO":"PHL","NAME_0":"Philippines","ID_1":3071,"NAME_1":"Zambales","ID_2":307102,"NAME_2":"Cabangan","ID_3":307102012,"NAME_3":"Laoag","NL_NAME_3":null,"VARNAME_3":null,"TYPE_3":"Barangay","ENGTYPE_3":"Village","PROVINCE":"Zambales","REGION":"Region III (Central Luzon)","id":"barangay-0307102012","name":"Laoag","barangayCode":"0307102012","population":null,"formattedPop":null,"densityCategory":"No data","vulnerabilityRating":"No data","healthRiskLevel":"No data","areaKm2":0.940984,"centerLat":15.121817,"centerLng":120.048763,"geometrySource":"all_barangay-2.csv detailed WKT","geometryMatchMethod":"unique_official_admin_names","boundaryPointCount":28},"geometry":{"type":"MultiPolygon","coordinates":[[[[120.055122,15.11872],[120.057693,15.10848],[120.057327,15.10862],[120.055397,15.10847],[120.052391,15.10829],[120.050613,15.108],[120.050552,15.10806],[120.050552,15.10944],[120.050278,15.10972],[120.050278,15.11028],[120.050003,15.11056],[120.050003,15.11139],[120.049721,15.11167],[120.049721,15.1125],[120.049454,15.11278],[120.049454,15.11306],[120.049156,15.11333],[120.049454,15.11361],[120.049156,15.11389],[120.049156,15.11417],[120.048889,15.11444],[120.048889,15.11544],[120.048889,15.11583],[120.048607,15.11611],[120.048607,15.11639],[120.048332,15.11667],[120.048332,15.11671],[120.055122,15.11872]]]]}},{"type":"Feature","properties":{"ID_0":177,"ISO":"PHL","NAME_0":"Philippines","ID_1":3071,"NAME_1":"Zambales","ID_2":307102,"NAME_2":"Cabangan","ID_3":307102013,"NAME_3":"Lomboy","NL_NAME_3":null,"VARNAME_3":null,"TYPE_3":"Barangay","ENGTYPE_3":"Village","PROVINCE":"Zambales","REGION":"Region III (Central Luzon)","id":"barangay-0307102013","name":"Lomboy","barangayCode":"0307102013","population":null,"formattedPop":null,"densityCategory":"No data","vulnerabilityRating":"No data","healthRiskLevel":"No data","areaKm2":0.704695,"centerLat":15.133491,"centerLng":120.047541,"geometrySource":"all_barangay-2.csv detailed WKT","geometryMatchMethod":"unique_official_admin_names","boundaryPointCount":19},"geometry":{"type":"MultiPolygon","coordinates":[[[[120.05307,15.1341],[120.053177,15.13132],[120.054428,15.12851],[120.045731,15.1264],[120.045341,15.12633],[120.04528,15.12639],[120.04528,15.12694],[120.044998,15.12722],[120.044998,15.12806],[120.044441,15.12861],[120.044441,15.13],[120.044167,15.13028],[120.044167,15.13083],[120.043892,15.13111],[120.043892,15.13167],[120.04361,15.13194],[120.04361,15.13278],[120.044617,15.13289],[120.05307,15.1341]]]]}},{"type":"Feature","properties":{"ID_0":177,"ISO":"PHL","NAME_0":"Philippines","ID_1":3071,"NAME_1":"Zambales","ID_2":307102,"NAME_2":"Cabangan","ID_3":307102014,"NAME_3":"Longos","NL_NAME_3":null,"VARNAME_3":null,"TYPE_3":"Barangay","ENGTYPE_3":"Village","PROVINCE":"Zambales","REGION":"Region III (Central Luzon)","id":"barangay-0307102014","name":"Longos","barangayCode":"0307102014","population":null,"formattedPop":null,"densityCategory":"No data","vulnerabilityRating":"No data","healthRiskLevel":"No data","areaKm2":13.987583,"centerLat":15.128586,"centerLng":120.104063,"geometrySource":"all_barangay-2.csv detailed WKT","geometryMatchMethod":"unique_official_admin_names","boundaryPointCount":7},"geometry":{"type":"MultiPolygon","coordinates":[[[[120.056618,15.14032],[120.078194,15.14102],[120.079697,15.13493],[120.053177,15.13132],[120.05307,15.1341],[120.05233,15.14041],[120.056618,15.14032]]]]}},{"type":"Feature","properties":{"ID_0":177,"ISO":"PHL","NAME_0":"Philippines","ID_1":3071,"NAME_1":"Zambales","ID_2":307102,"NAME_2":"Cabangan","ID_3":307102016,"NAME_3":"Mabanglit","NL_NAME_3":null,"VARNAME_3":null,"TYPE_3":"Barangay","ENGTYPE_3":"Village","PROVINCE":"Zambales","REGION":"Region III (Central Luzon)","id":"barangay-0307102016","name":"Mabanglit","barangayCode":"0307102016","population":null,"formattedPop":null,"densityCategory":"No data","vulnerabilityRating":"No data","healthRiskLevel":"No data","areaKm2":5.746107,"centerLat":15.206803,"centerLng":120.037621,"geometrySource":"all_barangay-2.csv detailed WKT","geometryMatchMethod":"unique_official_admin_names","boundaryPointCount":14},"geometry":{"type":"MultiPolygon","coordinates":[[[[120.056053,15.20225],[120.067039,15.20941],[120.067307,15.19306],[120.067307,15.19292],[120.067413,15.18953],[120.066322,15.18792],[120.064484,15.18567],[120.06382,15.18511],[120.062088,15.18383],[120.060417,15.1829],[120.05751,15.1826],[120.052856,15.18251],[120.051949,15.19862],[120.056053,15.20225]]]]}},{"type":"Feature","properties":{"ID_0":177,"ISO":"PHL","NAME_0":"Philippines","ID_1":3071,"NAME_1":"Zambales","ID_2":307102,"NAME_2":"Cabangan","ID_3":307102017,"NAME_3":"New San Juan","NL_NAME_3":null,"VARNAME_3":null,"TYPE_3":"Barangay","ENGTYPE_3":"Village","PROVINCE":"Zambales","REGION":"Region III (Central Luzon)","id":"barangay-0307102017","name":"New San Juan","barangayCode":"0307102017","population":null,"formattedPop":null,"densityCategory":"No data","vulnerabilityRating":"No data","healthRiskLevel":"No data","areaKm2":55.204409,"centerLat":15.142057,"centerLng":120.14961,"geometrySource":"all_barangay-2.csv detailed WKT","geometryMatchMethod":"unique_official_admin_names","boundaryPointCount":10},"geometry":{"type":"MultiPolygon","coordinates":[[[[120.056618,15.145],[120.061546,15.14483],[120.074387,15.14437],[120.078796,15.14573],[120.078239,15.14417],[120.078056,15.14375],[120.077713,15.14238],[120.078194,15.14102],[120.056618,15.14032],[120.056618,15.145]]]]}},{"type":"Feature","properties":{"ID_0":177,"ISO":"PHL","NAME_0":"Philippines","ID_1":3071,"NAME_1":"Zambales","ID_2":307102,"NAME_2":"Cabangan","ID_3":307102018,"NAME_3":"San Antonio","NL_NAME_3":null,"VARNAME_3":null,"TYPE_3":"Barangay","ENGTYPE_3":"Village","PROVINCE":"Zambales","REGION":"Region III (Central Luzon)","id":"barangay-0307102018","name":"San Antonio","barangayCode":"0307102018","population":null,"formattedPop":null,"densityCategory":"No data","vulnerabilityRating":"No data","healthRiskLevel":"No data","areaKm2":0.664594,"centerLat":15.161012,"centerLng":120.051681,"geometrySource":"all_barangay-2.csv detailed WKT","geometryMatchMethod":"unique_official_admin_names","boundaryPointCount":5},"geometry":{"type":"MultiPolygon","coordinates":[[[[120.068481,15.16944],[120.068169,15.16252],[120.056396,15.16124],[120.055496,15.16782],[120.068481,15.16944]]]]}},{"type":"Feature","properties":{"ID_0":177,"ISO":"PHL","NAME_0":"Philippines","ID_1":3071,"NAME_1":"Zambales","ID_2":307102,"NAME_2":"Cabangan","ID_3":307102019,"NAME_3":"San Isidro","NL_NAME_3":null,"VARNAME_3":null,"TYPE_3":"Barangay","ENGTYPE_3":"Village","PROVINCE":"Zambales","REGION":"Region III (Central Luzon)","id":"barangay-0307102019","name":"San Isidro","barangayCode":"0307102019","population":null,"formattedPop":null,"densityCategory":"No data","vulnerabilityRating":"No data","healthRiskLevel":"No data","areaKm2":3.899509,"centerLat":15.165872,"centerLng":120.042801,"geometrySource":"all_barangay-2.csv detailed WKT","geometryMatchMethod":"unique_official_admin_names","boundaryPointCount":67},"geometry":{"type":"MultiPolygon","coordinates":[[[[120.051292,15.17366],[120.055496,15.16782],[120.056396,15.16124],[120.056923,15.15842],[120.057617,15.15512],[120.057343,15.15365],[120.056618,15.15394],[120.05407,15.15561],[120.051964,15.1562],[120.049751,15.15372],[120.04834,15.15181],[120.045113,15.15161],[120.042038,15.15178],[120.040108,15.15195],[120.039223,15.15202],[120.038452,15.15219],[120.038254,15.1531],[120.038254,15.15412],[120.037971,15.15474],[120.03804,15.15529],[120.038544,15.15522],[120.039238,15.15467],[120.039803,15.15487],[120.039803,15.15535],[120.039169,15.15611],[120.039169,15.15667],[120.038887,15.15694],[120.038887,15.15778],[120.038628,15.15806],[120.038612,15.15814],[120.038612,15.15889],[120.038391,15.15911],[120.03833,15.15917],[120.03833,15.15936],[120.03833,15.16056],[120.038612,15.16083],[120.038612,15.16111],[120.03833,15.16139],[120.03833,15.16167],[120.038063,15.16194],[120.038063,15.16222],[120.037498,15.16278],[120.037498,15.16306],[120.037216,15.16333],[120.037216,15.16389],[120.037498,15.16417],[120.037498,15.16444],[120.037033,15.16492],[120.036392,15.16556],[120.036392,15.16583],[120.03611,15.16611],[120.03611,15.1675],[120.035843,15.16778],[120.035843,15.16889],[120.035553,15.16917],[120.035553,15.16944],[120.035278,15.16972],[120.035278,15.17139],[120.035004,15.17167],[120.035004,15.1725],[120.034721,15.17278],[120.034721,15.17306],[120.034447,15.17333],[120.034447,15.17344],[120.035362,15.17336],[120.045486,15.17295],[120.051292,15.17366]]]]}},{"type":"Feature","properties":{"ID_0":177,"ISO":"PHL","NAME_0":"Philippines","ID_1":3071,"NAME_1":"Zambales","ID_2":307102,"NAME_2":"Cabangan","ID_3":307102020,"NAME_3":"San Juan","NL_NAME_3":null,"VARNAME_3":null,"TYPE_3":"Barangay","ENGTYPE_3":"Village","PROVINCE":"Zambales","REGION":"Region III (Central Luzon)","id":"barangay-0307102020","name":"San Juan","barangayCode":"0307102020","population":null,"formattedPop":null,"densityCategory":"No data","vulnerabilityRating":"No data","healthRiskLevel":"No data","areaKm2":12.441995,"centerLat":15.160286,"centerLng":120.109585,"geometrySource":"all_barangay-2.csv detailed WKT","geometryMatchMethod":"unique_official_admin_names","boundaryPointCount":14},"geometry":{"type":"MultiPolygon","coordinates":[[[[120.078712,15.14732],[120.079086,15.14639],[120.078796,15.14573],[120.074387,15.14437],[120.061546,15.14483],[120.062653,15.14732],[120.068939,15.14797],[120.06958,15.15232],[120.070412,15.1522],[120.071701,15.15167],[120.073692,15.1506],[120.074921,15.14944],[120.077026,15.14829],[120.078712,15.14732]]]]}},{"type":"Feature","properties":{"ID_0":177,"ISO":"PHL","NAME_0":"Philippines","ID_1":3071,"NAME_1":"Zambales","ID_2":307102,"NAME_2":"Cabangan","ID_3":307102021,"NAME_3":"San Rafael","NL_NAME_3":null,"VARNAME_3":null,"TYPE_3":"Barangay","ENGTYPE_3":"Village","PROVINCE":"Zambales","REGION":"Region III (Central Luzon)","id":"barangay-0307102021","name":"San Rafael","barangayCode":"0307102021","population":null,"formattedPop":null,"densityCategory":"No data","vulnerabilityRating":"No data","healthRiskLevel":"No data","areaKm2":2.457698,"centerLat":15.192389,"centerLng":120.044179,"geometrySource":"all_barangay-2.csv detailed WKT","geometryMatchMethod":"unique_official_admin_names","boundaryPointCount":5},"geometry":{"type":"MultiPolygon","coordinates":[[[[120.038712,15.19045],[120.051949,15.19862],[120.052856,15.18251],[120.044289,15.18204],[120.038712,15.19045]]]]}},{"type":"Feature","properties":{"ID_0":177,"ISO":"PHL","NAME_0":"Philippines","ID_1":3071,"NAME_1":"Zambales","ID_2":307102,"NAME_2":"Cabangan","ID_3":307102023,"NAME_3":"Santa Rita","NL_NAME_3":null,"VARNAME_3":null,"TYPE_3":"Barangay","ENGTYPE_3":"Village","PROVINCE":"Zambales","REGION":"Region III (Central Luzon)","id":"barangay-0307102023","name":"Santa Rita","barangayCode":"0307102023","population":null,"formattedPop":null,"densityCategory":"No data","vulnerabilityRating":"No data","healthRiskLevel":"No data","areaKm2":2.91381,"centerLat":15.179654,"centerLng":120.056274,"geometrySource":"all_barangay-2.csv detailed WKT","geometryMatchMethod":"unique_official_admin_names","boundaryPointCount":14},"geometry":{"type":"MultiPolygon","coordinates":[[[[120.067413,15.18953],[120.068481,15.16944],[120.055496,15.16782],[120.051292,15.17366],[120.051773,15.17708],[120.052979,15.17799],[120.052856,15.18251],[120.05751,15.1826],[120.060417,15.1829],[120.062088,15.18383],[120.06382,15.18511],[120.064484,15.18567],[120.066322,15.18792],[120.067413,15.18953]]]]}},{"type":"Feature","properties":{"ID_0":177,"ISO":"PHL","NAME_0":"Philippines","ID_1":3071,"NAME_1":"Zambales","ID_2":307102,"NAME_2":"Cabangan","ID_3":307102024,"NAME_3":"Santo Niño","NL_NAME_3":null,"VARNAME_3":"Santo Nino","TYPE_3":"Barangay","ENGTYPE_3":"Village","PROVINCE":"Zambales","REGION":"Region III (Central Luzon)","id":"barangay-0307102024","name":"Santo Niño","barangayCode":"0307102024","population":null,"formattedPop":null,"densityCategory":"No data","vulnerabilityRating":"No data","healthRiskLevel":"No data","areaKm2":1.981557,"centerLat":15.150229,"centerLng":120.049089,"geometrySource":"all_barangay-2.csv detailed WKT","geometryMatchMethod":"unique_official_admin_names","boundaryPointCount":26},"geometry":{"type":"MultiPolygon","coordinates":[[[[120.057343,15.15365],[120.056473,15.14931],[120.056152,15.14685],[120.056618,15.145],[120.056618,15.14032],[120.05233,15.14041],[120.042587,15.13992],[120.041527,15.13989],[120.041496,15.14002],[120.04142,15.14132],[120.041206,15.14208],[120.041,15.14338],[120.040443,15.14447],[120.039452,15.1483],[120.038673,15.15118],[120.038452,15.15219],[120.039223,15.15202],[120.040108,15.15195],[120.042038,15.15178],[120.045113,15.15161],[120.04834,15.15181],[120.049751,15.15372],[120.051964,15.1562],[120.05407,15.15561],[120.056618,15.15394],[120.057343,15.15365]]]]}},{"type":"Feature","properties":{"ID_0":177,"ISO":"PHL","NAME_0":"Philippines","ID_1":3071,"NAME_1":"Zambales","ID_2":307102,"NAME_2":"Cabangan","ID_3":307102025,"NAME_3":"Tondo","NL_NAME_3":null,"VARNAME_3":null,"TYPE_3":"Barangay","ENGTYPE_3":"Village","PROVINCE":"Zambales","REGION":"Region III (Central Luzon)","id":"barangay-0307102025","name":"Tondo","barangayCode":"0307102025","population":null,"formattedPop":null,"densityCategory":"No data","vulnerabilityRating":"No data","healthRiskLevel":"No data","areaKm2":0.52352,"centerLat":15.127315,"centerLng":120.051564,"geometrySource":"all_barangay-2.csv detailed WKT","geometryMatchMethod":"unique_official_admin_names","boundaryPointCount":34},"geometry":{"type":"MultiPolygon","coordinates":[[[[120.045341,15.12633],[120.045731,15.1264],[120.054428,15.12851],[120.054176,15.12633],[120.055122,15.11872],[120.048332,15.11671],[120.048332,15.1175],[120.048058,15.11778],[120.048058,15.11806],[120.047821,15.11829],[120.047783,15.11833],[120.047783,15.11848],[120.047783,15.11861],[120.047729,15.11865],[120.047501,15.11889],[120.047501,15.1196],[120.047501,15.12056],[120.047188,15.12087],[120.046944,15.12111],[120.046944,15.12139],[120.046669,15.12167],[120.046944,15.12194],[120.046913,15.12197],[120.046669,15.12222],[120.046669,15.12278],[120.046387,15.12306],[120.046387,15.12333],[120.046112,15.12361],[120.046112,15.12417],[120.04583,15.12444],[120.04583,15.12528],[120.045563,15.12556],[120.045563,15.12611],[120.045341,15.12633]]]]}},{"type":"Feature","properties":{"ID_0":177,"ISO":"PHL","NAME_0":"Philippines","ID_1":3071,"NAME_1":"Zambales","ID_2":307102,"NAME_2":"Cabangan","ID_3":307102026,"NAME_3":"Felmida-Diaz","NL_NAME_3":null,"VARNAME_3":null,"TYPE_3":"Barangay","ENGTYPE_3":"Village","PROVINCE":"Zambales","REGION":"Region III (Central Luzon)","id":"barangay-0307102026","name":"Felmida-Diaz","barangayCode":"0307102026","population":null,"formattedPop":null,"densityCategory":"No data","vulnerabilityRating":"No data","healthRiskLevel":"No data","areaKm2":0.776612,"centerLat":15.188309,"centerLng":120.032328,"geometrySource":"all_barangay-2.csv detailed WKT","geometryMatchMethod":"unique_official_admin_names","boundaryPointCount":22},"geometry":{"type":"MultiPolygon","coordinates":[[[[120.03083,15.18773],[120.031372,15.18789],[120.038712,15.19045],[120.044289,15.18204],[120.033188,15.18134],[120.032784,15.18134],[120.032784,15.18139],[120.032501,15.18167],[120.032501,15.1825],[120.031937,15.18306],[120.031937,15.18361],[120.03167,15.18389],[120.031937,15.18417],[120.03167,15.18444],[120.03167,15.18472],[120.031113,15.18528],[120.031387,15.18556],[120.031387,15.18639],[120.031113,15.18667],[120.031113,15.18694],[120.03083,15.18722],[120.03083,15.18773]]]]}},{"type":"Feature","properties":{"ID_0":177,"ISO":"PHL","NAME_0":"Philippines","ID_1":3071,"NAME_1":"Zambales","ID_2":307103,"NAME_2":"Candelaria","ID_3":307103001,"NAME_3":"Babancal","NL_NAME_3":null,"VARNAME_3":null,"TYPE_3":"Barangay","ENGTYPE_3":"Village","PROVINCE":"Zambales","REGION":"Region III (Central Luzon)","id":"barangay-0307103001","name":"Babancal","barangayCode":"0307103001","population":null,"formattedPop":null,"densityCategory":"No data","vulnerabilityRating":"No data","healthRiskLevel":"No data","areaKm2":1.494949,"centerLat":15.616789,"centerLng":119.947257,"geometrySource":"all_barangay-2.csv detailed WKT","geometryMatchMethod":"unique_official_admin_names","boundaryPointCount":6},"geometry":{"type":"MultiPolygon","coordinates":[[[[119.965843,15.61974],[119.966316,15.61243],[119.943527,15.60993],[119.942657,15.61849],[119.946922,15.61977],[119.965843,15.61974]]]]}},{"type":"Feature","properties":{"ID_0":177,"ISO":"PHL","NAME_0":"Philippines","ID_1":3071,"NAME_1":"Zambales","ID_2":307103,"NAME_2":"Candelaria","ID_3":307103002,"NAME_3":"Binabalian","NL_NAME_3":null,"VARNAME_3":null,"TYPE_3":"Barangay","ENGTYPE_3":"Village","PROVINCE":"Zambales","REGION":"Region III (Central Luzon)","id":"barangay-0307103002","name":"Binabalian","barangayCode":"0307103002","population":null,"formattedPop":null,"densityCategory":"No data","vulnerabilityRating":"No data","healthRiskLevel":"No data","areaKm2":4.075425,"centerLat":15.600546,"centerLng":119.92269,"geometrySource":"all_barangay-2.csv detailed WKT","geometryMatchMethod":"unique_official_admin_names","boundaryPointCount":113},"geometry":{"type":"MultiPolygon","coordinates":[[[[119.930763,15.60708],[119.934097,15.59983],[119.932503,15.59906],[119.931198,15.59709],[119.930389,15.5955],[119.93,15.59475],[119.929527,15.59206],[119.929352,15.58929],[119.928787,15.58837],[119.928711,15.58823],[119.928101,15.58722],[119.927292,15.58683],[119.925827,15.58614],[119.924217,15.58661],[119.922447,15.58806],[119.920326,15.59043],[119.918861,15.59145],[119.917427,15.59243],[119.916054,15.59271],[119.916107,15.59278],[119.916107,15.59333],[119.916946,15.59417],[119.917221,15.59417],[119.917503,15.59444],[119.918327,15.59417],[119.918892,15.59472],[119.918892,15.59528],[119.91861,15.59528],[119.918053,15.59583],[119.918053,15.59667],[119.91861,15.59667],[119.918892,15.59694],[119.919441,15.59694],[119.919724,15.59667],[119.919998,15.59667],[119.92083,15.59583],[119.921112,15.59583],[119.921669,15.59528],[119.921944,15.59528],[119.922501,15.59472],[119.923332,15.59472],[119.923607,15.59444],[119.924156,15.59444],[119.92466,15.59494],[119.924454,15.59556],[119.924156,15.59583],[119.923889,15.59583],[119.923332,15.59639],[119.923058,15.59639],[119.922783,15.59667],[119.922234,15.59667],[119.921944,15.59694],[119.921669,15.59694],[119.921387,15.59722],[119.921112,15.59722],[119.92083,15.5975],[119.920563,15.5975],[119.919998,15.59806],[119.919724,15.59806],[119.919441,15.59833],[119.918053,15.59833],[119.917778,15.59806],[119.917221,15.59806],[119.916946,15.59778],[119.916656,15.59778],[119.916389,15.5975],[119.915283,15.5975],[119.915001,15.59778],[119.913887,15.59778],[119.913612,15.5975],[119.913567,15.5975],[119.91333,15.5975],[119.912987,15.59795],[119.912811,15.5985],[119.912682,15.59905],[119.912514,15.59956],[119.912361,15.60004],[119.912338,15.60016],[119.912247,15.60056],[119.912064,15.60101],[119.911888,15.60139],[119.911812,15.60178],[119.911774,15.6021],[119.911743,15.60239],[119.91169,15.60271],[119.911667,15.60312],[119.911636,15.60355],[119.911568,15.60394],[119.911453,15.60427],[119.9114,15.60462],[119.911362,15.60501],[119.911293,15.60541],[119.911148,15.6058],[119.911102,15.6062],[119.911049,15.60659],[119.910927,15.60694],[119.910789,15.60729],[119.910759,15.60772],[119.910744,15.6078],[119.913803,15.60916],[119.9151,15.6098],[119.916817,15.61057],[119.91848,15.61046],[119.919884,15.60964],[119.922333,15.60906],[119.92292,15.60856],[119.923264,15.60807],[119.923958,15.60733],[119.925171,15.60634],[119.926247,15.60636],[119.927261,15.60696],[119.928917,15.60761],[119.930763,15.60708]]]]}},{"type":"Feature","properties":{"ID_0":177,"ISO":"PHL","NAME_0":"Philippines","ID_1":3071,"NAME_1":"Zambales","ID_2":307103,"NAME_2":"Candelaria","ID_3":307103003,"NAME_3":"Catol","NL_NAME_3":null,"VARNAME_3":null,"TYPE_3":"Barangay","ENGTYPE_3":"Village","PROVINCE":"Zambales","REGION":"Region III (Central Luzon)","id":"barangay-0307103003","name":"Catol","barangayCode":"0307103003","population":null,"formattedPop":null,"densityCategory":"No data","vulnerabilityRating":"No data","healthRiskLevel":"No data","areaKm2":1.876381,"centerLat":15.617717,"centerLng":119.931435,"geometrySource":"all_barangay-2.csv detailed WKT","geometryMatchMethod":"unique_official_admin_names","boundaryPointCount":13},"geometry":{"type":"MultiPolygon","coordinates":[[[[119.936943,15.62056],[119.939377,15.6195],[119.940353,15.61895],[119.942657,15.61849],[119.943527,15.60993],[119.93219,15.6074],[119.930763,15.60708],[119.928917,15.60761],[119.927261,15.60696],[119.926247,15.60636],[119.925171,15.60634],[119.925636,15.62039],[119.936943,15.62056]]]]}},{"type":"Feature","properties":{"ID_0":177,"ISO":"PHL","NAME_0":"Philippines","ID_1":3071,"NAME_1":"Zambales","ID_2":307103,"NAME_2":"Candelaria","ID_3":307103004,"NAME_3":"Dampay","NL_NAME_3":null,"VARNAME_3":null,"TYPE_3":"Barangay","ENGTYPE_3":"Village","PROVINCE":"Zambales","REGION":"Region III (Central Luzon)","id":"barangay-0307103004","name":"Dampay","barangayCode":"0307103004","population":null,"formattedPop":null,"densityCategory":"No data","vulnerabilityRating":"No data","healthRiskLevel":"No data","areaKm2":2.561907,"centerLat":15.615648,"centerLng":119.916496,"geometrySource":"all_barangay-2.csv detailed WKT","geometryMatchMethod":"unique_official_admin_names","boundaryPointCount":40},"geometry":{"type":"MultiPolygon","coordinates":[[[[119.925636,15.62039],[119.925171,15.60634],[119.923958,15.60733],[119.923264,15.60807],[119.92292,15.60856],[119.922333,15.60906],[119.919884,15.60964],[119.91848,15.61046],[119.916817,15.61057],[119.9151,15.6098],[119.913803,15.60916],[119.910744,15.6078],[119.91069,15.60816],[119.910583,15.60859],[119.910507,15.60899],[119.910393,15.60935],[119.91024,15.60973],[119.910141,15.61018],[119.910103,15.61069],[119.909958,15.61117],[119.909737,15.61161],[119.909447,15.61203],[119.909172,15.61245],[119.90889,15.61292],[119.908623,15.61342],[119.908333,15.61394],[119.908089,15.61447],[119.907852,15.61496],[119.907578,15.6154],[119.907257,15.61584],[119.90696,15.61624],[119.90667,15.6166],[119.906387,15.61692],[119.906097,15.61723],[119.905838,15.61755],[119.905602,15.61785],[119.905434,15.61815],[119.905289,15.61849],[119.905113,15.61879],[119.925636,15.62039]]]]}},{"type":"Feature","properties":{"ID_0":177,"ISO":"PHL","NAME_0":"Philippines","ID_1":3071,"NAME_1":"Zambales","ID_2":307103,"NAME_2":"Candelaria","ID_3":307103005,"NAME_3":"Lauis","NL_NAME_3":null,"VARNAME_3":null,"TYPE_3":"Barangay","ENGTYPE_3":"Village","PROVINCE":"Zambales","REGION":"Region III (Central Luzon)","id":"barangay-0307103005","name":"Lauis","barangayCode":"0307103005","population":null,"formattedPop":null,"densityCategory":"No data","vulnerabilityRating":"No data","healthRiskLevel":"No data","areaKm2":0.934105,"centerLat":15.599702,"centerLng":119.941383,"geometrySource":"all_barangay-2.csv detailed WKT","geometryMatchMethod":"unique_official_admin_names","boundaryPointCount":58},"geometry":{"type":"MultiPolygon","coordinates":[[[[119.93219,15.6074],[119.932602,15.60719],[119.934097,15.60661],[119.935699,15.60546],[119.937057,15.60433],[119.939102,15.60367],[119.941902,15.60289],[119.94474,15.60166],[119.947243,15.59983],[119.950912,15.59781],[119.953644,15.59782],[119.955292,15.59763],[119.957298,15.59627],[119.959297,15.59586],[119.96167,15.59641],[119.964523,15.59636],[119.966347,15.59768],[119.967117,15.59915],[119.968002,15.60017],[119.969322,15.60058],[120.000763,15.59707],[120.000351,15.58149],[119.99791,15.58396],[119.99633,15.5862],[119.996101,15.58807],[119.995232,15.59047],[119.992554,15.59175],[119.990768,15.59184],[119.988007,15.59095],[119.985863,15.59043],[119.983719,15.5901],[119.982513,15.58925],[119.980942,15.58804],[119.979027,15.58693],[119.977043,15.58645],[119.975037,15.58583],[119.97216,15.58381],[119.969254,15.58203],[119.966873,15.58058],[119.964851,15.57948],[119.963051,15.57829],[119.961212,15.5776],[119.959007,15.57851],[119.954422,15.58121],[119.952293,15.58247],[119.950478,15.58392],[119.948738,15.58571],[119.947769,15.58768],[119.946953,15.59004],[119.946587,15.59198],[119.945633,15.59402],[119.942619,15.59614],[119.940933,15.59704],[119.939507,15.59797],[119.936943,15.59911],[119.934097,15.59983],[119.930763,15.60708],[119.93219,15.6074]]]]}},{"type":"Feature","properties":{"ID_0":177,"ISO":"PHL","NAME_0":"Philippines","ID_1":3071,"NAME_1":"Zambales","ID_2":307103,"NAME_2":"Candelaria","ID_3":307103006,"NAME_3":"Libertador","NL_NAME_3":null,"VARNAME_3":null,"TYPE_3":"Barangay","ENGTYPE_3":"Village","PROVINCE":"Zambales","REGION":"Region III (Central Luzon)","id":"barangay-0307103006","name":"Libertador","barangayCode":"0307103006","population":null,"formattedPop":null,"densityCategory":"No data","vulnerabilityRating":"No data","healthRiskLevel":"No data","areaKm2":1.135714,"centerLat":15.625234,"centerLng":119.920912,"geometrySource":"all_barangay-2.csv detailed WKT","geometryMatchMethod":"unique_official_admin_names","boundaryPointCount":74},"geometry":{"type":"MultiPolygon","coordinates":[[[[119.919167,15.63278],[119.919731,15.63257],[119.927277,15.63035],[119.927063,15.62563],[119.926811,15.62362],[119.92543,15.62165],[119.925636,15.62039],[119.905113,15.61879],[119.904984,15.61914],[119.904839,15.61945],[119.904663,15.61974],[119.904427,15.62005],[119.904167,15.6204],[119.9039,15.6208],[119.903687,15.62128],[119.903641,15.6218],[119.903633,15.62184],[119.903702,15.62237],[119.903923,15.62279],[119.904251,15.62311],[119.904694,15.62335],[119.905167,15.62356],[119.905701,15.62356],[119.906189,15.62335],[119.90667,15.62311],[119.907173,15.62292],[119.907677,15.62281],[119.90815,15.62274],[119.908569,15.62258],[119.908981,15.62238],[119.909439,15.62221],[119.909912,15.622],[119.9104,15.62184],[119.910851,15.6217],[119.911247,15.62168],[119.911621,15.62175],[119.911949,15.62193],[119.912308,15.6221],[119.912537,15.62221],[119.912682,15.62227],[119.913017,15.62252],[119.91333,15.62284],[119.91362,15.6232],[119.913673,15.62327],[119.913887,15.62356],[119.914169,15.62393],[119.914436,15.62431],[119.914711,15.6247],[119.915024,15.62505],[119.915138,15.62518],[119.915321,15.62539],[119.915588,15.6257],[119.915878,15.62597],[119.9161,15.62629],[119.916267,15.62665],[119.91642,15.62707],[119.916611,15.6275],[119.916641,15.6276],[119.916763,15.628],[119.916962,15.62845],[119.917198,15.62887],[119.917397,15.62929],[119.917542,15.62974],[119.917778,15.63009],[119.91806,15.63032],[119.918053,15.63056],[119.918053,15.63083],[119.918327,15.63111],[119.918327,15.63139],[119.91861,15.63167],[119.91861,15.63194],[119.918892,15.63222],[119.918892,15.6325],[119.919167,15.63278]]]]}},{"type":"Feature","properties":{"ID_0":177,"ISO":"PHL","NAME_0":"Philippines","ID_1":3071,"NAME_1":"Zambales","ID_2":307103,"NAME_2":"Candelaria","ID_3":307103007,"NAME_3":"Malabon","NL_NAME_3":null,"VARNAME_3":null,"TYPE_3":"Barangay","ENGTYPE_3":"Village","PROVINCE":"Zambales","REGION":"Region III (Central Luzon)","id":"barangay-0307103007","name":"Malabon","barangayCode":"0307103007","population":null,"formattedPop":null,"densityCategory":"No data","vulnerabilityRating":"No data","healthRiskLevel":"No data","areaKm2":50.821672,"centerLat":15.62993,"centerLng":120.074363,"geometrySource":"all_barangay-2.csv detailed WKT","geometryMatchMethod":"unique_official_admin_names","boundaryPointCount":26},"geometry":{"type":"MultiPolygon","coordinates":[[[[119.998817,15.64046],[119.999611,15.62885],[119.965302,15.63014],[119.954353,15.63001],[119.936279,15.63017],[119.930687,15.63189],[119.929131,15.63353],[119.928322,15.63531],[119.927254,15.63667],[119.924973,15.63778],[119.923843,15.63867],[119.923286,15.63929],[119.92308,15.63951],[119.922783,15.64],[119.923058,15.64028],[119.923058,15.64083],[119.923889,15.64167],[119.923889,15.64195],[119.924454,15.6425],[119.924454,15.64278],[119.924583,15.64292],[119.925003,15.64333],[119.925003,15.64361],[119.924889,15.64373],[119.95359,15.64246],[119.998817,15.64046]]]]}},{"type":"Feature","properties":{"ID_0":177,"ISO":"PHL","NAME_0":"Philippines","ID_1":3071,"NAME_1":"Zambales","ID_2":307103,"NAME_2":"Candelaria","ID_3":307103008,"NAME_3":"Malimanga","NL_NAME_3":null,"VARNAME_3":null,"TYPE_3":"Barangay","ENGTYPE_3":"Village","PROVINCE":"Zambales","REGION":"Region III (Central Luzon)","id":"barangay-0307103008","name":"Malimanga","barangayCode":"0307103008","population":null,"formattedPop":null,"densityCategory":"No data","vulnerabilityRating":"No data","healthRiskLevel":"No data","areaKm2":36.273014,"centerLat":15.640459,"centerLng":120.0957,"geometrySource":"all_barangay-2.csv detailed WKT","geometryMatchMethod":"unique_official_admin_names","boundaryPointCount":36},"geometry":{"type":"MultiPolygon","coordinates":[[[[120.233276,15.65315],[120.242393,15.63962],[120.233467,15.63463],[120.232887,15.63495],[119.998817,15.64046],[119.95359,15.64246],[119.924889,15.64373],[119.924744,15.64386],[119.924721,15.64389],[119.924721,15.64417],[119.924759,15.64421],[119.925278,15.64472],[119.925278,15.645],[119.925003,15.64528],[119.925003,15.64556],[119.924828,15.64573],[119.924721,15.64583],[119.924721,15.64611],[119.924454,15.64639],[119.924454,15.6475],[119.924156,15.64778],[119.924156,15.64806],[119.923889,15.64833],[119.923889,15.64917],[119.923607,15.64944],[119.923607,15.64972],[119.923332,15.65],[119.923332,15.65028],[119.923058,15.65056],[119.923058,15.65167],[119.922836,15.65189],[119.92305,15.65188],[120.220428,15.65468],[120.220589,15.65443],[120.233177,15.65328],[120.233276,15.65315]]]]}},{"type":"Feature","properties":{"ID_0":177,"ISO":"PHL","NAME_0":"Philippines","ID_1":3071,"NAME_1":"Zambales","ID_2":307103,"NAME_2":"Candelaria","ID_3":307103011,"NAME_3":"Pamibian","NL_NAME_3":null,"VARNAME_3":null,"TYPE_3":"Barangay","ENGTYPE_3":"Village","PROVINCE":"Zambales","REGION":"Region III (Central Luzon)","id":"barangay-0307103011","name":"Pamibian","barangayCode":"0307103011","population":null,"formattedPop":null,"densityCategory":"No data","vulnerabilityRating":"No data","healthRiskLevel":"No data","areaKm2":1.412239,"centerLat":15.625184,"centerLng":119.942877,"geometrySource":"all_barangay-2.csv detailed WKT","geometryMatchMethod":"unique_official_admin_names","boundaryPointCount":10},"geometry":{"type":"MultiPolygon","coordinates":[[[[119.965302,15.63014],[119.965843,15.61974],[119.946922,15.61977],[119.942657,15.61849],[119.940353,15.61895],[119.939377,15.6195],[119.936943,15.62056],[119.936279,15.63017],[119.954353,15.63001],[119.965302,15.63014]]]]}},{"type":"Feature","properties":{"ID_0":177,"ISO":"PHL","NAME_0":"Philippines","ID_1":3071,"NAME_1":"Zambales","ID_2":307103,"NAME_2":"Candelaria","ID_3":307103012,"NAME_3":"Panayonan","NL_NAME_3":null,"VARNAME_3":null,"TYPE_3":"Barangay","ENGTYPE_3":"Village","PROVINCE":"Zambales","REGION":"Region III (Central Luzon)","id":"barangay-0307103012","name":"Panayonan","barangayCode":"0307103012","population":null,"formattedPop":null,"densityCategory":"No data","vulnerabilityRating":"No data","healthRiskLevel":"No data","areaKm2":1.029367,"centerLat":15.633056,"centerLng":119.924852,"geometrySource":"all_barangay-2.csv detailed WKT","geometryMatchMethod":"unique_official_admin_names","boundaryPointCount":26},"geometry":{"type":"MultiPolygon","coordinates":[[[[119.919167,15.63278],[119.919167,15.63306],[119.919998,15.63389],[119.919998,15.63417],[119.92028,15.63444],[119.92028,15.63528],[119.920563,15.63556],[119.920563,15.63583],[119.921669,15.63694],[119.921669,15.63722],[119.922501,15.63806],[119.922501,15.63833],[119.922783,15.63861],[119.922783,15.64],[119.92308,15.63951],[119.923286,15.63929],[119.923843,15.63867],[119.924973,15.63778],[119.927254,15.63667],[119.928322,15.63531],[119.929131,15.63353],[119.930687,15.63189],[119.928093,15.63212],[119.927277,15.63035],[119.919731,15.63257],[119.919167,15.63278]]]]}},{"type":"Feature","properties":{"ID_0":177,"ISO":"PHL","NAME_0":"Philippines","ID_1":3071,"NAME_1":"Zambales","ID_2":307103,"NAME_2":"Candelaria","ID_3":307103013,"NAME_3":"Pinagrealan","NL_NAME_3":null,"VARNAME_3":null,"TYPE_3":"Barangay","ENGTYPE_3":"Village","PROVINCE":"Zambales","REGION":"Region III (Central Luzon)","id":"barangay-0307103013","name":"Pinagrealan","barangayCode":"0307103013","population":null,"formattedPop":null,"densityCategory":"No data","vulnerabilityRating":"No data","healthRiskLevel":"No data","areaKm2":65.481212,"centerLat":15.5834,"centerLng":120.105736,"geometrySource":"all_barangay-2.csv detailed WKT","geometryMatchMethod":"unique_official_admin_names","boundaryPointCount":99},"geometry":{"type":"MultiPolygon","coordinates":[[[[119.998817,15.64046],[120.232887,15.63495],[120.233467,15.63463],[120.242393,15.63962],[120.248817,15.63111],[120.253906,15.61848],[120.26355,15.5993],[120.250511,15.5916],[120.222237,15.57592],[120.215309,15.56542],[120.197052,15.57002],[120.137512,15.57123],[120.135368,15.57077],[120.133133,15.57013],[120.131577,15.56918],[120.130272,15.56744],[120.128899,15.56599],[120.126266,15.56377],[120.125526,15.56271],[120.124008,15.56095],[120.121681,15.55918],[120.119621,15.55827],[120.117699,15.55643],[120.115952,15.55611],[120.11409,15.55687],[120.1119,15.55619],[120.11039,15.55539],[120.109123,15.55516],[120.106827,15.55587],[120.103401,15.55787],[120.100616,15.5571],[120.099091,15.55696],[120.098022,15.55931],[120.098007,15.55943],[120.098213,15.56127],[120.098373,15.56192],[120.098419,15.56364],[120.098389,15.56387],[120.097656,15.56502],[120.096367,15.56575],[120.095413,15.56601],[120.094597,15.56616],[120.092133,15.56662],[120.0905,15.56757],[120.090012,15.56787],[120.088333,15.56981],[120.08699,15.57096],[120.084877,15.57093],[120.083641,15.57108],[120.083076,15.57258],[120.082893,15.57383],[120.08287,15.57429],[120.081581,15.57638],[120.078041,15.57703],[120.076729,15.57704],[120.074074,15.57881],[120.071671,15.5801],[120.067352,15.58131],[120.064934,15.58074],[120.064072,15.58017],[120.062767,15.58011],[120.061249,15.58013],[120.06002,15.57986],[120.058472,15.57935],[120.057404,15.57885],[120.055054,15.57763],[120.053818,15.5771],[120.052048,15.57617],[120.050858,15.57567],[120.050133,15.57531],[120.04892,15.57458],[120.048302,15.57406],[120.048111,15.57504],[120.047142,15.57455],[120.045914,15.57395],[120.04425,15.57384],[120.042793,15.57439],[120.040047,15.57507],[120.037918,15.57516],[120.03569,15.57535],[120.03344,15.57401],[120.031563,15.57147],[120.028877,15.56907],[120.026253,15.56886],[120.023064,15.56986],[120.021088,15.5715],[120.020058,15.5736],[120.017838,15.57529],[120.013809,15.57515],[120.009064,15.57404],[120.006882,15.57477],[120.005074,15.5754],[120.00296,15.576],[120.002113,15.57757],[120.000351,15.58149],[120.000763,15.59707],[120.000381,15.60866],[119.999611,15.62885],[119.998817,15.64046]]]]}},{"type":"Feature","properties":{"ID_0":177,"ISO":"PHL","NAME_0":"Philippines","ID_1":3071,"NAME_1":"Zambales","ID_2":307103,"NAME_2":"Candelaria","ID_3":307103015,"NAME_3":"Poblacion","NL_NAME_3":null,"VARNAME_3":null,"TYPE_3":"Barangay","ENGTYPE_3":"Village","PROVINCE":"Zambales","REGION":"Region III (Central Luzon)","id":"barangay-0307103015","name":"Poblacion","barangayCode":"0307103015","population":null,"formattedPop":null,"densityCategory":"No data","vulnerabilityRating":"No data","healthRiskLevel":"No data","areaKm2":0.52081,"centerLat":15.627705,"centerLng":119.931277,"geometrySource":"all_barangay-2.csv detailed WKT","geometryMatchMethod":"unique_official_admin_names","boundaryPointCount":10},"geometry":{"type":"MultiPolygon","coordinates":[[[[119.927277,15.63035],[119.928093,15.63212],[119.930687,15.63189],[119.936279,15.63017],[119.936943,15.62056],[119.925636,15.62039],[119.92543,15.62165],[119.926811,15.62362],[119.927063,15.62563],[119.927277,15.63035]]]]}},{"type":"Feature","properties":{"ID_0":177,"ISO":"PHL","NAME_0":"Philippines","ID_1":3071,"NAME_1":"Zambales","ID_2":307103,"NAME_2":"Candelaria","ID_3":307103016,"NAME_3":"Sinabacan","NL_NAME_3":null,"VARNAME_3":null,"TYPE_3":"Barangay","ENGTYPE_3":"Village","PROVINCE":"Zambales","REGION":"Region III (Central Luzon)","id":"barangay-0307103016","name":"Sinabacan","barangayCode":"0307103016","population":null,"formattedPop":null,"densityCategory":"No data","vulnerabilityRating":"No data","healthRiskLevel":"No data","areaKm2":56.163712,"centerLat":15.653428,"centerLng":120.082474,"geometrySource":"all_barangay-2.csv detailed WKT","geometryMatchMethod":"unique_official_admin_names","boundaryPointCount":46},"geometry":{"type":"MultiPolygon","coordinates":[[[[120.217682,15.67507],[120.225822,15.66426],[120.230698,15.65645],[120.233177,15.65328],[120.220589,15.65443],[120.220428,15.65468],[119.92305,15.65188],[119.922836,15.65189],[119.922783,15.65194],[119.922783,15.65222],[119.922501,15.6525],[119.922501,15.65389],[119.922234,15.65417],[119.922363,15.65488],[119.922569,15.65556],[119.922783,15.65611],[119.922783,15.65639],[119.923607,15.65722],[119.923607,15.6575],[119.924156,15.65806],[119.924156,15.65889],[119.924454,15.65917],[119.924454,15.65944],[119.926109,15.66111],[119.926666,15.66111],[119.926941,15.66139],[119.927498,15.66139],[119.92778,15.66167],[119.928886,15.66167],[119.929169,15.66194],[119.93,15.66194],[119.930779,15.66272],[119.930832,15.66278],[119.931152,15.66297],[119.931297,15.66327],[119.931503,15.66354],[119.931618,15.66387],[119.931664,15.66427],[119.931671,15.66471],[119.931633,15.66506],[119.96727,15.67079],[119.999977,15.68063],[120.197647,15.68219],[120.19751,15.68236],[120.212914,15.68267],[120.217682,15.67507]]]]}},{"type":"Feature","properties":{"ID_0":177,"ISO":"PHL","NAME_0":"Philippines","ID_1":3071,"NAME_1":"Zambales","ID_2":307103,"NAME_2":"Candelaria","ID_3":307103017,"NAME_3":"Taposo","NL_NAME_3":null,"VARNAME_3":null,"TYPE_3":"Barangay","ENGTYPE_3":"Village","PROVINCE":"Zambales","REGION":"Region III (Central Luzon)","id":"barangay-0307103017","name":"Taposo","barangayCode":"0307103017","population":null,"formattedPop":null,"densityCategory":"No data","vulnerabilityRating":"No data","healthRiskLevel":"No data","areaKm2":96.014659,"centerLat":15.608415,"centerLng":120.106123,"geometrySource":"all_barangay-2.csv detailed WKT","geometryMatchMethod":"unique_official_admin_names","boundaryPointCount":6},"geometry":{"type":"MultiPolygon","coordinates":[[[[119.999611,15.62885],[120.000381,15.60866],[119.966316,15.61243],[119.965843,15.61974],[119.965302,15.63014],[119.999611,15.62885]]]]}},{"type":"Feature","properties":{"ID_0":177,"ISO":"PHL","NAME_0":"Philippines","ID_1":3071,"NAME_1":"Zambales","ID_2":307103,"NAME_2":"Candelaria","ID_3":307103018,"NAME_3":"Uacon","NL_NAME_3":null,"VARNAME_3":null,"TYPE_3":"Barangay","ENGTYPE_3":"Village","PROVINCE":"Zambales","REGION":"Region III (Central Luzon)","id":"barangay-0307103018","name":"Uacon","barangayCode":"0307103018","population":null,"formattedPop":null,"densityCategory":"No data","vulnerabilityRating":"No data","healthRiskLevel":"No data","areaKm2":94.818337,"centerLat":15.675495,"centerLng":120.08956,"geometrySource":"all_barangay-2.csv detailed WKT","geometryMatchMethod":"unique_official_admin_names","boundaryPointCount":93},"geometry":{"type":"MultiPolygon","coordinates":[[[[119.92205,15.67691],[119.921783,15.67683],[119.921432,15.67685],[119.921082,15.67696],[119.920738,15.67712],[119.920486,15.67721],[119.920357,15.67725],[119.920021,15.67749],[119.919952,15.67762],[119.919792,15.6779],[119.91983,15.67847],[119.920357,15.67892],[119.921051,15.67914],[119.921692,15.67925],[119.922249,15.67939],[119.92263,15.67936],[119.922867,15.67916],[119.923103,15.67891],[119.923393,15.67863],[119.923714,15.67834],[119.923958,15.67808],[119.924004,15.67786],[119.923477,15.67757],[119.922928,15.67726],[119.92234,15.677],[119.92205,15.67691]]],[[[120.202347,15.69885],[120.21183,15.6844],[120.212914,15.68267],[120.19751,15.68236],[120.197647,15.68219],[119.999977,15.68063],[119.96727,15.67079],[119.931633,15.66506],[119.931618,15.66518],[119.931953,15.66528],[119.931953,15.66675],[119.931877,15.66723],[119.931953,15.66778],[119.931953,15.66808],[119.931953,15.6685],[119.931953,15.66894],[119.931953,15.66938],[119.931953,15.66983],[119.931892,15.67025],[119.931664,15.67056],[119.931953,15.67083],[119.931953,15.67111],[119.931664,15.67139],[119.931664,15.6725],[119.931664,15.67294],[119.931648,15.6734],[119.931618,15.67388],[119.931618,15.6741],[119.931633,15.6744],[119.931648,15.67494],[119.931831,15.67538],[119.93203,15.67572],[119.932198,15.67608],[119.932343,15.67648],[119.932632,15.67678],[119.932892,15.67709],[119.93309,15.67745],[119.933372,15.67777],[119.933723,15.67808],[119.934067,15.67845],[119.934319,15.6789],[119.934433,15.67944],[119.934723,15.68111],[119.934998,15.68333],[119.934998,15.68444],[119.934723,15.68472],[119.934723,15.68528],[119.934448,15.68556],[119.934448,15.68583],[119.934174,15.68611],[119.934174,15.68667],[119.934448,15.68694],[119.934723,15.68694],[119.93528,15.6875],[119.934998,15.68778],[119.934448,15.68778],[119.934174,15.68833],[119.933891,15.68861],[119.933891,15.68917],[119.933609,15.68944],[119.933609,15.68972],[119.93364,15.68977],[119.968369,15.71137],[120.179916,15.70427],[120.180122,15.70401],[120.202171,15.69914],[120.202347,15.69885]]]]}},{"type":"Feature","properties":{"ID_0":177,"ISO":"PHL","NAME_0":"Philippines","ID_1":3071,"NAME_1":"Zambales","ID_2":307103,"NAME_2":"Candelaria","ID_3":307103019,"NAME_3":"Yamot","NL_NAME_3":null,"VARNAME_3":null,"TYPE_3":"Barangay","ENGTYPE_3":"Village","PROVINCE":"Zambales","REGION":"Region III (Central Luzon)","id":"barangay-0307103019","name":"Yamot","barangayCode":"0307103019","population":null,"formattedPop":null,"densityCategory":"No data","vulnerabilityRating":"No data","healthRiskLevel":"No data","areaKm2":7.670118,"centerLat":15.602469,"centerLng":119.967505,"geometrySource":"all_barangay-2.csv detailed WKT","geometryMatchMethod":"unique_official_admin_names","boundaryPointCount":25},"geometry":{"type":"MultiPolygon","coordinates":[[[[119.943527,15.60993],[119.966316,15.61243],[120.000381,15.60866],[120.000763,15.59707],[119.969322,15.60058],[119.968002,15.60017],[119.967117,15.59915],[119.966347,15.59768],[119.964523,15.59636],[119.96167,15.59641],[119.959297,15.59586],[119.957298,15.59627],[119.955292,15.59763],[119.953644,15.59782],[119.950912,15.59781],[119.947243,15.59983],[119.94474,15.60166],[119.941902,15.60289],[119.939102,15.60367],[119.937057,15.60433],[119.935699,15.60546],[119.934097,15.60661],[119.932602,15.60719],[119.93219,15.6074],[119.943527,15.60993]]]]}},{"type":"Feature","properties":{"ID_0":177,"ISO":"PHL","NAME_0":"Philippines","ID_1":3071,"NAME_1":"Zambales","ID_2":307104,"NAME_2":"Castillejos","ID_3":307104001,"NAME_3":"Balaybay","NL_NAME_3":null,"VARNAME_3":null,"TYPE_3":"Barangay","ENGTYPE_3":"Village","PROVINCE":"Zambales","REGION":"Region III (Central Luzon)","id":"barangay-0307104001","name":"Balaybay","barangayCode":"0307104001","population":null,"formattedPop":null,"densityCategory":"No data","vulnerabilityRating":"No data","healthRiskLevel":"No data","areaKm2":12.820997,"centerLat":14.899403,"centerLng":120.197735,"geometrySource":"all_barangay-2.csv detailed WKT","geometryMatchMethod":"unique_official_admin_names","boundaryPointCount":57},"geometry":{"type":"MultiPolygon","coordinates":[[[[120.211082,14.91893],[120.200668,14.90578],[120.194077,14.89969],[120.184937,14.89817],[120.180557,14.89948],[120.17942,14.90065],[120.178978,14.90148],[120.178719,14.90282],[120.178757,14.90427],[120.178627,14.90532],[120.178093,14.90675],[120.178146,14.90829],[120.178329,14.90927],[120.177917,14.91018],[120.177788,14.91095],[120.178207,14.91159],[120.179207,14.91215],[120.179893,14.91263],[120.18029,14.91124],[120.180794,14.91014],[120.181252,14.90927],[120.182114,14.90937],[120.18335,14.91081],[120.184731,14.91185],[120.185493,14.91131],[120.186234,14.91017],[120.187141,14.90913],[120.188042,14.90917],[120.188629,14.9096],[120.189484,14.91012],[120.19104,14.91018],[120.192017,14.91099],[120.193626,14.91109],[120.194527,14.91065],[120.195152,14.91077],[120.19606,14.91165],[120.196022,14.91274],[120.195457,14.91433],[120.195969,14.91472],[120.197021,14.91484],[120.197609,14.91446],[120.198334,14.91366],[120.200233,14.91317],[120.201248,14.91387],[120.201752,14.91534],[120.201897,14.91696],[120.202408,14.91761],[120.2033,14.91818],[120.204353,14.91853],[120.205223,14.9179],[120.205978,14.91772],[120.206413,14.91806],[120.207062,14.91886],[120.208214,14.91921],[120.208977,14.91891],[120.209129,14.91889],[120.211082,14.91893]]]]}},{"type":"Feature","properties":{"ID_0":177,"ISO":"PHL","NAME_0":"Philippines","ID_1":3071,"NAME_1":"Zambales","ID_2":307104,"NAME_2":"Castillejos","ID_3":307104002,"NAME_3":"Buenavista","NL_NAME_3":null,"VARNAME_3":null,"TYPE_3":"Barangay","ENGTYPE_3":"Village","PROVINCE":"Zambales","REGION":"Region III (Central Luzon)","id":"barangay-0307104002","name":"Buenavista","barangayCode":"0307104002","population":null,"formattedPop":null,"densityCategory":"No data","vulnerabilityRating":"No data","healthRiskLevel":"No data","areaKm2":1.357251,"centerLat":14.945407,"centerLng":120.16202,"geometrySource":"all_barangay-2.csv detailed WKT","geometryMatchMethod":"unique_official_admin_names","boundaryPointCount":25},"geometry":{"type":"MultiPolygon","coordinates":[[[[120.17775,14.95073],[120.180054,14.95111],[120.181801,14.95131],[120.182938,14.95213],[120.183472,14.95268],[120.188713,14.94881],[120.18187,14.93991],[120.181168,14.93967],[120.179787,14.9398],[120.177322,14.94105],[120.175537,14.94166],[120.173538,14.94162],[120.170273,14.94128],[120.167191,14.94104],[120.164742,14.94043],[120.166367,14.94215],[120.167801,14.94362],[120.1688,14.9453],[120.169937,14.9468],[120.171494,14.94785],[120.172798,14.94846],[120.173714,14.9487],[120.174347,14.94928],[120.175217,14.94983],[120.17775,14.95073]]]]}},{"type":"Feature","properties":{"ID_0":177,"ISO":"PHL","NAME_0":"Philippines","ID_1":3071,"NAME_1":"Zambales","ID_2":307104,"NAME_2":"Castillejos","ID_3":307104003,"NAME_3":"Del Pilar","NL_NAME_3":null,"VARNAME_3":null,"TYPE_3":"Barangay","ENGTYPE_3":"Village","PROVINCE":"Zambales","REGION":"Region III (Central Luzon)","id":"barangay-0307104003","name":"Del Pilar","barangayCode":"0307104003","population":null,"formattedPop":null,"densityCategory":"No data","vulnerabilityRating":"No data","healthRiskLevel":"No data","areaKm2":1.828296,"centerLat":14.926885,"centerLng":120.212064,"geometrySource":"all_barangay-2.csv detailed WKT","geometryMatchMethod":"unique_official_admin_names","boundaryPointCount":20},"geometry":{"type":"MultiPolygon","coordinates":[[[[120.20504,14.92619],[120.205292,14.93279],[120.20845,14.93277],[120.210793,14.93273],[120.214149,14.93299],[120.215599,14.93216],[120.215424,14.93073],[120.21563,14.92892],[120.215347,14.92754],[120.214256,14.9259],[120.213799,14.92459],[120.214088,14.9239],[120.211082,14.91893],[120.209129,14.91889],[120.208977,14.91891],[120.208214,14.91921],[120.207062,14.91886],[120.206413,14.91806],[120.205978,14.91772],[120.20504,14.92619]]]]}},{"type":"Feature","properties":{"ID_0":177,"ISO":"PHL","NAME_0":"Philippines","ID_1":3071,"NAME_1":"Zambales","ID_2":307104,"NAME_2":"Castillejos","ID_3":307104004,"NAME_3":"Looc","NL_NAME_3":null,"VARNAME_3":null,"TYPE_3":"Barangay","ENGTYPE_3":"Village","PROVINCE":"Zambales","REGION":"Region III (Central Luzon)","id":"barangay-0307104004","name":"Looc","barangayCode":"0307104004","population":null,"formattedPop":null,"densityCategory":"No data","vulnerabilityRating":"No data","healthRiskLevel":"No data","areaKm2":22.771352,"centerLat":14.901326,"centerLng":120.150856,"geometrySource":"all_barangay-2.csv detailed WKT","geometryMatchMethod":"unique_official_admin_names","boundaryPointCount":39},"geometry":{"type":"MultiPolygon","coordinates":[[[[120.180069,14.92516],[120.180893,14.92391],[120.180794,14.92308],[120.18084,14.92212],[120.180878,14.92157],[120.180717,14.91994],[120.180367,14.91828],[120.180138,14.91679],[120.180092,14.9153],[120.180367,14.91382],[120.179893,14.91263],[120.179207,14.91215],[120.178207,14.91159],[120.177788,14.91095],[120.177917,14.91018],[120.178329,14.90927],[120.178146,14.90829],[120.178093,14.90675],[120.178627,14.90532],[120.178757,14.90427],[120.178719,14.90282],[120.178978,14.90148],[120.17942,14.90065],[120.180557,14.89948],[120.177544,14.90107],[120.171959,14.90446],[120.167442,14.90714],[120.164833,14.90835],[120.160156,14.90868],[120.154732,14.90749],[120.152779,14.90632],[120.149857,14.90434],[120.146393,14.90105],[120.139717,14.89601],[120.142227,14.92684],[120.171516,14.92495],[120.174973,14.92525],[120.179321,14.92502],[120.180069,14.92516]]]]}},{"type":"Feature","properties":{"ID_0":177,"ISO":"PHL","NAME_0":"Philippines","ID_1":3071,"NAME_1":"Zambales","ID_2":307104,"NAME_2":"Castillejos","ID_3":307104005,"NAME_3":"Magsaysay","NL_NAME_3":null,"VARNAME_3":null,"TYPE_3":"Barangay","ENGTYPE_3":"Village","PROVINCE":"Zambales","REGION":"Region III (Central Luzon)","id":"barangay-0307104005","name":"Magsaysay","barangayCode":"0307104005","population":null,"formattedPop":null,"densityCategory":"No data","vulnerabilityRating":"No data","healthRiskLevel":"No data","areaKm2":2.235925,"centerLat":14.946365,"centerLng":120.194658,"geometrySource":"all_barangay-2.csv detailed WKT","geometryMatchMethod":"unique_official_admin_names","boundaryPointCount":22},"geometry":{"type":"MultiPolygon","coordinates":[[[[120.164032,14.95354],[120.168053,14.95143],[120.169434,14.95153],[120.170792,14.95178],[120.172729,14.95173],[120.174957,14.95191],[120.176964,14.95179],[120.177551,14.9516],[120.17775,14.95073],[120.175217,14.94983],[120.174347,14.94928],[120.173714,14.9487],[120.172798,14.94846],[120.171494,14.94785],[120.169937,14.9468],[120.1688,14.9453],[120.167801,14.94362],[120.166367,14.94215],[120.164742,14.94043],[120.154533,14.941],[120.157753,14.94998],[120.164032,14.95354]]]]}},{"type":"Feature","properties":{"ID_0":177,"ISO":"PHL","NAME_0":"Philippines","ID_1":3071,"NAME_1":"Zambales","ID_2":307104,"NAME_2":"Castillejos","ID_3":307104006,"NAME_3":"Nagbayan","NL_NAME_3":null,"VARNAME_3":null,"TYPE_3":"Barangay","ENGTYPE_3":"Village","PROVINCE":"Zambales","REGION":"Region III (Central Luzon)","id":"barangay-0307104006","name":"Nagbayan","barangayCode":"0307104006","population":null,"formattedPop":null,"densityCategory":"No data","vulnerabilityRating":"No data","healthRiskLevel":"No data","areaKm2":9.018614,"centerLat":14.932109,"centerLng":120.164636,"geometrySource":"all_barangay-2.csv detailed WKT","geometryMatchMethod":"unique_official_admin_names","boundaryPointCount":13},"geometry":{"type":"MultiPolygon","coordinates":[[[[120.164742,14.94043],[120.163673,14.9392],[120.177879,14.93801],[120.177353,14.93442],[120.178284,14.93068],[120.180069,14.92516],[120.179321,14.92502],[120.174973,14.92525],[120.171516,14.92495],[120.142227,14.92684],[120.157333,14.93473],[120.154533,14.941],[120.164742,14.94043]]]]}},{"type":"Feature","properties":{"ID_0":177,"ISO":"PHL","NAME_0":"Philippines","ID_1":3071,"NAME_1":"Zambales","ID_2":307104,"NAME_2":"Castillejos","ID_3":307104007,"NAME_3":"Nagbunga","NL_NAME_3":null,"VARNAME_3":null,"TYPE_3":"Barangay","ENGTYPE_3":"Village","PROVINCE":"Zambales","REGION":"Region III (Central Luzon)","id":"barangay-0307104007","name":"Nagbunga","barangayCode":"0307104007","population":null,"formattedPop":null,"densityCategory":"No data","vulnerabilityRating":"No data","healthRiskLevel":"No data","areaKm2":5.929023,"centerLat":14.955618,"centerLng":120.190775,"geometrySource":"all_barangay-2.csv detailed WKT","geometryMatchMethod":"unique_official_admin_names","boundaryPointCount":20},"geometry":{"type":"MultiPolygon","coordinates":[[[[120.180061,14.95817],[120.18325,14.95557],[120.183128,14.95546],[120.183472,14.95268],[120.182938,14.95213],[120.181801,14.95131],[120.180054,14.95111],[120.17775,14.95073],[120.177551,14.9516],[120.176964,14.95179],[120.174957,14.95191],[120.172729,14.95173],[120.170792,14.95178],[120.169434,14.95153],[120.168053,14.95143],[120.164032,14.95354],[120.170898,14.95617],[120.174294,14.95736],[120.179283,14.95835],[120.180061,14.95817]]]]}},{"type":"Feature","properties":{"ID_0":177,"ISO":"PHL","NAME_0":"Philippines","ID_1":3071,"NAME_1":"Zambales","ID_2":307104,"NAME_2":"Castillejos","ID_3":307104008,"NAME_3":"San Agustin","NL_NAME_3":null,"VARNAME_3":null,"TYPE_3":"Barangay","ENGTYPE_3":"Village","PROVINCE":"Zambales","REGION":"Region III (Central Luzon)","id":"barangay-0307104008","name":"San Agustin","barangayCode":"0307104008","population":null,"formattedPop":null,"densityCategory":"No data","vulnerabilityRating":"No data","healthRiskLevel":"No data","areaKm2":4.780549,"centerLat":14.921478,"centerLng":120.183759,"geometrySource":"all_barangay-2.csv detailed WKT","geometryMatchMethod":"unique_official_admin_names","boundaryPointCount":8},"geometry":{"type":"MultiPolygon","coordinates":[[[[120.185181,14.93725],[120.191383,14.93188],[120.185364,14.92506],[120.180069,14.92516],[120.178284,14.93068],[120.177353,14.93442],[120.177879,14.93801],[120.185181,14.93725]]]]}},{"type":"Feature","properties":{"ID_0":177,"ISO":"PHL","NAME_0":"Philippines","ID_1":3071,"NAME_1":"Zambales","ID_2":307104,"NAME_2":"Castillejos","ID_3":307104010,"NAME_3":"San Jose","NL_NAME_3":null,"VARNAME_3":null,"TYPE_3":"Barangay","ENGTYPE_3":"Village","PROVINCE":"Zambales","REGION":"Region III (Central Luzon)","id":"barangay-0307104010","name":"San Jose","barangayCode":"0307104010","population":null,"formattedPop":null,"densityCategory":"No data","vulnerabilityRating":"No data","healthRiskLevel":"No data","areaKm2":1.381837,"centerLat":14.941006,"centerLng":120.200255,"geometrySource":"all_barangay-2.csv detailed WKT","geometryMatchMethod":"unique_official_admin_names","boundaryPointCount":16},"geometry":{"type":"MultiPolygon","coordinates":[[[[120.193161,14.94525],[120.196136,14.9425],[120.200043,14.93891],[120.200783,14.93742],[120.199921,14.93549],[120.199203,14.93433],[120.198936,14.93373],[120.196671,14.93199],[120.19606,14.93225],[120.193977,14.93248],[120.192337,14.93254],[120.191383,14.93188],[120.185181,14.93725],[120.187866,14.94114],[120.189583,14.94316],[120.193161,14.94525]]]]}},{"type":"Feature","properties":{"ID_0":177,"ISO":"PHL","NAME_0":"Philippines","ID_1":3071,"NAME_1":"Zambales","ID_2":307104,"NAME_2":"Castillejos","ID_3":307104011,"NAME_3":"San Juan","NL_NAME_3":null,"VARNAME_3":null,"TYPE_3":"Barangay","ENGTYPE_3":"Village","PROVINCE":"Zambales","REGION":"Region III (Central Luzon)","id":"barangay-0307104011","name":"San Juan","barangayCode":"0307104011","population":null,"formattedPop":null,"densityCategory":"No data","vulnerabilityRating":"No data","healthRiskLevel":"No data","areaKm2":0.210799,"centerLat":14.931299,"centerLng":120.199031,"geometrySource":"all_barangay-2.csv detailed WKT","geometryMatchMethod":"unique_official_admin_names","boundaryPointCount":53},"geometry":{"type":"MultiPolygon","coordinates":[[[[120.191383,14.93188],[120.192337,14.93254],[120.193977,14.93248],[120.19606,14.93225],[120.196671,14.93199],[120.196892,14.93083],[120.19725,14.9297],[120.198181,14.92881],[120.198486,14.92713],[120.19809,14.92641],[120.197594,14.92598],[120.197777,14.92533],[120.198433,14.92507],[120.199677,14.92456],[120.199707,14.92349],[120.199333,14.92195],[120.198128,14.91931],[120.196831,14.9174],[120.196213,14.9166],[120.195969,14.91472],[120.195457,14.91433],[120.196022,14.91274],[120.19606,14.91165],[120.195152,14.91077],[120.194527,14.91065],[120.193626,14.91109],[120.192017,14.91099],[120.19104,14.91018],[120.189484,14.91012],[120.188629,14.9096],[120.188042,14.90917],[120.187141,14.90913],[120.186234,14.91017],[120.185493,14.91131],[120.184731,14.91185],[120.18335,14.91081],[120.182114,14.90937],[120.181252,14.90927],[120.180794,14.91014],[120.18029,14.91124],[120.179893,14.91263],[120.180367,14.91382],[120.180092,14.9153],[120.180138,14.91679],[120.180367,14.91828],[120.180717,14.91994],[120.180878,14.92157],[120.18084,14.92212],[120.180794,14.92308],[120.180893,14.92391],[120.180069,14.92516],[120.185364,14.92506],[120.191383,14.93188]]]]}},{"type":"Feature","properties":{"ID_0":177,"ISO":"PHL","NAME_0":"Philippines","ID_1":3071,"NAME_1":"Zambales","ID_2":307104,"NAME_2":"Castillejos","ID_3":307104012,"NAME_3":"San Nicolas","NL_NAME_3":null,"VARNAME_3":null,"TYPE_3":"Barangay","ENGTYPE_3":"Village","PROVINCE":"Zambales","REGION":"Region III (Central Luzon)","id":"barangay-0307104012","name":"San Nicolas","barangayCode":"0307104012","population":null,"formattedPop":null,"densityCategory":"No data","vulnerabilityRating":"No data","healthRiskLevel":"No data","areaKm2":3.383961,"centerLat":14.919468,"centerLng":120.196174,"geometrySource":"all_barangay-2.csv detailed WKT","geometryMatchMethod":"unique_official_admin_names","boundaryPointCount":21},"geometry":{"type":"MultiPolygon","coordinates":[[[[120.20504,14.92619],[120.205978,14.91772],[120.205223,14.9179],[120.204353,14.91853],[120.2033,14.91818],[120.202408,14.91761],[120.201897,14.91696],[120.201752,14.91534],[120.201248,14.91387],[120.200233,14.91317],[120.198334,14.91366],[120.197609,14.91446],[120.197021,14.91484],[120.195969,14.91472],[120.196213,14.9166],[120.196831,14.9174],[120.198128,14.91931],[120.199333,14.92195],[120.199707,14.92349],[120.199677,14.92456],[120.20504,14.92619]]]]}},{"type":"Feature","properties":{"ID_0":177,"ISO":"PHL","NAME_0":"Philippines","ID_1":3071,"NAME_1":"Zambales","ID_2":307104,"NAME_2":"Castillejos","ID_3":307104013,"NAME_3":"San Pablo","NL_NAME_3":null,"VARNAME_3":null,"TYPE_3":"Barangay","ENGTYPE_3":"Village","PROVINCE":"Zambales","REGION":"Region III (Central Luzon)","id":"barangay-0307104013","name":"San Pablo","barangayCode":"0307104013","population":null,"formattedPop":null,"densityCategory":"No data","vulnerabilityRating":"No data","healthRiskLevel":"No data","areaKm2":37.868382,"centerLat":14.948246,"centerLng":120.255979,"geometrySource":"all_barangay-2.csv detailed WKT","geometryMatchMethod":"unique_official_admin_names","boundaryPointCount":33},"geometry":{"type":"MultiPolygon","coordinates":[[[[120.35807,14.98273],[120.252678,14.94224],[120.215782,14.92591],[120.214088,14.9239],[120.213799,14.92459],[120.214256,14.9259],[120.215347,14.92754],[120.21563,14.92892],[120.215424,14.93073],[120.215599,14.93216],[120.214149,14.93299],[120.210793,14.93273],[120.20845,14.93277],[120.205292,14.93279],[120.196671,14.93199],[120.198936,14.93373],[120.199203,14.93433],[120.199921,14.93549],[120.200783,14.93742],[120.200043,14.93891],[120.196136,14.9425],[120.193161,14.94525],[120.188713,14.94881],[120.183472,14.95268],[120.183128,14.95546],[120.18325,14.95557],[120.180061,14.95817],[120.205093,14.96207],[120.24305,14.96269],[120.25351,14.96417],[120.294647,14.97568],[120.338692,14.98392],[120.35807,14.98273]]]]}},{"type":"Feature","properties":{"ID_0":177,"ISO":"PHL","NAME_0":"Philippines","ID_1":3071,"NAME_1":"Zambales","ID_2":307104,"NAME_2":"Castillejos","ID_3":307104014,"NAME_3":"San Roque","NL_NAME_3":null,"VARNAME_3":null,"TYPE_3":"Barangay","ENGTYPE_3":"Village","PROVINCE":"Zambales","REGION":"Region III (Central Luzon)","id":"barangay-0307104014","name":"San Roque","barangayCode":"0307104014","population":null,"formattedPop":null,"densityCategory":"No data","vulnerabilityRating":"No data","healthRiskLevel":"No data","areaKm2":0.1932,"centerLat":14.930914,"centerLng":120.204224,"geometrySource":"all_barangay-2.csv detailed WKT","geometryMatchMethod":"unique_official_admin_names","boundaryPointCount":13},"geometry":{"type":"MultiPolygon","coordinates":[[[[120.196671,14.93199],[120.205292,14.93279],[120.20504,14.92619],[120.199677,14.92456],[120.198433,14.92507],[120.197777,14.92533],[120.197594,14.92598],[120.19809,14.92641],[120.198486,14.92713],[120.198181,14.92881],[120.19725,14.9297],[120.196892,14.93083],[120.196671,14.93199]]]]}},{"type":"Feature","properties":{"ID_0":177,"ISO":"PHL","NAME_0":"Philippines","ID_1":3071,"NAME_1":"Zambales","ID_2":307104,"NAME_2":"Castillejos","ID_3":307104015,"NAME_3":"Santa Maria","NL_NAME_3":null,"VARNAME_3":null,"TYPE_3":"Barangay","ENGTYPE_3":"Village","PROVINCE":"Zambales","REGION":"Region III (Central Luzon)","id":"barangay-0307104015","name":"Santa Maria","barangayCode":"0307104015","population":null,"formattedPop":null,"densityCategory":"No data","vulnerabilityRating":"No data","healthRiskLevel":"No data","areaKm2":0.302445,"centerLat":14.937006,"centerLng":120.191264,"geometrySource":"all_barangay-2.csv detailed WKT","geometryMatchMethod":"unique_official_admin_names","boundaryPointCount":17},"geometry":{"type":"MultiPolygon","coordinates":[[[[120.193161,14.94525],[120.189583,14.94316],[120.187866,14.94114],[120.185181,14.93725],[120.177879,14.93801],[120.163673,14.9392],[120.164742,14.94043],[120.167191,14.94104],[120.170273,14.94128],[120.173538,14.94162],[120.175537,14.94166],[120.177322,14.94105],[120.179787,14.9398],[120.181168,14.93967],[120.18187,14.93991],[120.188713,14.94881],[120.193161,14.94525]]]]}},{"type":"Feature","properties":{"ID_0":177,"ISO":"PHL","NAME_0":"Philippines","ID_1":3071,"NAME_1":"Zambales","ID_2":307105,"NAME_2":"Iba (Capital)","ID_3":307105001,"NAME_3":"Amungan","NL_NAME_3":null,"VARNAME_3":null,"TYPE_3":"Barangay","ENGTYPE_3":"Village","PROVINCE":"Zambales","REGION":"Region III (Central Luzon)","id":"barangay-0307105001","name":"Amungan","barangayCode":"0307105001","population":null,"formattedPop":null,"densityCategory":"No data","vulnerabilityRating":"No data","healthRiskLevel":"No data","areaKm2":34.246764,"centerLat":15.381561,"centerLng":120.020647,"geometrySource":"all_barangay-2.csv detailed WKT","geometryMatchMethod":"psgc_coordinate_bridge","boundaryPointCount":127},"geometry":{"type":"MultiPolygon","coordinates":[[[[120.166977,15.37586],[120.163239,15.36055],[120.152313,15.35753],[120.001541,15.35602],[119.952042,15.356871],[119.951118,15.3569],[119.950813,15.35755],[119.950867,15.35815],[119.950981,15.35863],[119.950974,15.35906],[119.95092,15.35958],[119.950958,15.36011],[119.951141,15.36059],[119.951279,15.36091],[119.951347,15.36108],[119.95153,15.36154],[119.951637,15.36199],[119.951691,15.36241],[119.951797,15.36279],[119.951897,15.36317],[119.95182,15.36355],[119.951714,15.3639],[119.951607,15.36428],[119.951599,15.36472],[119.951393,15.365],[119.951111,15.36528],[119.951111,15.36556],[119.950729,15.36594],[119.950279,15.36639],[119.950203,15.36678],[119.950127,15.36716],[119.949722,15.3675],[119.949173,15.36806],[119.947647,15.36822],[119.947563,15.36823],[119.947449,15.36828],[119.948402,15.36846],[119.94902,15.3686],[119.950531,15.36872],[119.951653,15.36875],[119.951797,15.36861],[119.952026,15.36838],[119.952202,15.36762],[119.952599,15.36751],[119.952637,15.36749],[119.952927,15.36741],[119.954224,15.3681],[119.954903,15.36935],[119.95369,15.37011],[119.952827,15.3707],[119.95195,15.37236],[119.952698,15.37373],[119.955963,15.37371],[119.958847,15.37449],[119.96138,15.37634],[119.96283,15.3776],[119.964012,15.37751],[119.965317,15.3769],[119.965973,15.37659],[119.966087,15.37654],[119.967278,15.37599],[119.969322,15.37532],[119.971382,15.37559],[119.972961,15.37549],[119.973083,15.37548],[119.974937,15.37537],[119.976547,15.37542],[119.97718,15.37544],[119.977539,15.37542],[119.978447,15.37538],[119.980049,15.37509],[119.98201,15.37555],[119.98336,15.37616],[119.984673,15.3763],[119.984917,15.37636],[119.985451,15.37648],[119.986351,15.37716],[119.987038,15.37767],[119.988121,15.37821],[119.989197,15.37772],[120.053101,15.37747],[120.056931,15.37745],[120.095642,15.3773],[120.095871,15.37736],[120.096207,15.37745],[120.09639,15.37742],[120.096519,15.3774],[120.098022,15.37842],[120.100632,15.379],[120.102386,15.37963],[120.104668,15.37969],[120.104668,15.37846],[120.103851,15.37677],[120.104134,15.37647],[120.10463,15.37592],[120.106163,15.37668],[120.10965,15.37772],[120.111267,15.37855],[120.112053,15.37899],[120.113121,15.37959],[120.114464,15.37925],[120.115753,15.37893],[120.118958,15.37914],[120.120697,15.38002],[120.121681,15.37985],[120.121758,15.37983],[120.122437,15.37971],[120.123444,15.37952],[120.124847,15.37897],[120.125877,15.37773],[120.126999,15.37667],[120.129227,15.37667],[120.130753,15.3769],[120.13166,15.37666],[120.132217,15.37651],[120.133667,15.37563],[120.135437,15.37543],[120.136749,15.37541],[120.138023,15.37504],[120.140327,15.37404],[120.141441,15.37398],[120.143387,15.3738],[120.14389,15.37373],[120.144653,15.37362],[120.145844,15.37335],[120.157417,15.37473],[120.166977,15.37586]]]]}},{"type":"Feature","properties":{"ID_0":177,"ISO":"PHL","NAME_0":"Philippines","ID_1":3071,"NAME_1":"Zambales","ID_2":307105,"NAME_2":"Iba (Capital)","ID_3":307105002,"NAME_3":"Zone 2 Pob.","NL_NAME_3":null,"VARNAME_3":null,"TYPE_3":"Barangay","ENGTYPE_3":"Village","PROVINCE":"Zambales","REGION":"Region III (Central Luzon)","id":"barangay-0307105002","name":"Zone 2 Pob.","barangayCode":"0307105002","population":null,"formattedPop":null,"densityCategory":"No data","vulnerabilityRating":"No data","healthRiskLevel":"No data","areaKm2":0.069229,"centerLat":15.328212,"centerLng":119.977796,"geometrySource":"all_barangay-2.csv detailed WKT","geometryMatchMethod":"psgc_coordinate_bridge","boundaryPointCount":8},"geometry":{"type":"MultiPolygon","coordinates":[[[[119.976196,15.32912],[119.982018,15.33007],[119.980423,15.32271],[119.979637,15.32362],[119.977097,15.3246],[119.976387,15.32503],[119.975563,15.32514],[119.976196,15.32912]]]]}},{"type":"Feature","properties":{"ID_0":177,"ISO":"PHL","NAME_0":"Philippines","ID_1":3071,"NAME_1":"Zambales","ID_2":307105,"NAME_2":"Iba (Capital)","ID_3":307105003,"NAME_3":"Zone 5 Pob.","NL_NAME_3":null,"VARNAME_3":null,"TYPE_3":"Barangay","ENGTYPE_3":"Village","PROVINCE":"Zambales","REGION":"Region III (Central Luzon)","id":"barangay-0307105003","name":"Zone 5 Pob.","barangayCode":"0307105003","population":null,"formattedPop":null,"densityCategory":"No data","vulnerabilityRating":"No data","healthRiskLevel":"No data","areaKm2":0.255581,"centerLat":15.326187,"centerLng":119.981719,"geometrySource":"all_barangay-2.csv detailed WKT","geometryMatchMethod":"psgc_coordinate_bridge","boundaryPointCount":9},"geometry":{"type":"MultiPolygon","coordinates":[[[[119.990868,15.32803],[119.990356,15.32031],[119.989532,15.32029],[119.988647,15.32014],[119.988197,15.31926],[119.987701,15.31927],[119.986557,15.31927],[119.987549,15.32853],[119.990868,15.32803]]]]}},{"type":"Feature","properties":{"ID_0":177,"ISO":"PHL","NAME_0":"Philippines","ID_1":3071,"NAME_1":"Zambales","ID_2":307105,"NAME_2":"Iba (Capital)","ID_3":307105004,"NAME_3":"Bangantalinga","NL_NAME_3":null,"VARNAME_3":null,"TYPE_3":"Barangay","ENGTYPE_3":"Village","PROVINCE":"Zambales","REGION":"Region III (Central Luzon)","id":"barangay-0307105004","name":"Bangantalinga","barangayCode":"0307105004","population":null,"formattedPop":null,"densityCategory":"No data","vulnerabilityRating":"No data","healthRiskLevel":"No data","areaKm2":2.755056,"centerLat":15.351043,"centerLng":119.973623,"geometrySource":"all_barangay-2.csv detailed WKT","geometryMatchMethod":"psgc_coordinate_bridge","boundaryPointCount":123},"geometry":{"type":"MultiPolygon","coordinates":[[[[120.001541,15.35602],[120.001266,15.35409],[120.000603,15.35229],[119.999138,15.3508],[119.99778,15.34984],[119.996536,15.34858],[119.996223,15.34824],[119.995888,15.34832],[119.9953,15.34839],[119.995003,15.34758],[119.994553,15.34704],[119.994087,15.34659],[119.993607,15.3463],[119.992882,15.34638],[119.992683,15.34636],[119.992447,15.34557],[119.992798,15.34488],[119.99321,15.3443],[119.993553,15.34411],[119.994659,15.34362],[119.994957,15.34213],[119.994453,15.34132],[119.99382,15.34099],[119.993401,15.34063],[119.993217,15.34],[119.992943,15.33923],[119.992683,15.33887],[119.99247,15.33844],[119.992844,15.33744],[119.992897,15.33673],[119.992767,15.33626],[119.992622,15.3361],[119.991653,15.33635],[119.990608,15.33685],[119.989952,15.33725],[119.988724,15.33701],[119.987129,15.33653],[119.985191,15.33542],[119.983513,15.33402],[119.982536,15.33344],[119.982033,15.33344],[119.98111,15.33383],[119.979057,15.33438],[119.978043,15.33511],[119.977737,15.33608],[119.978027,15.3369],[119.978104,15.33729],[119.977127,15.33752],[119.975807,15.33777],[119.974564,15.33806],[119.973396,15.33747],[119.972816,15.33706],[119.964958,15.33572],[119.963707,15.33547],[119.963852,15.33581],[119.964088,15.33633],[119.964287,15.33691],[119.964569,15.33747],[119.96492,15.33799],[119.965233,15.33855],[119.965523,15.33906],[119.965698,15.33959],[119.965874,15.34008],[119.966072,15.34051],[119.966316,15.3409],[119.966522,15.34134],[119.966698,15.34178],[119.966949,15.34215],[119.967171,15.34248],[119.967278,15.34287],[119.967453,15.34322],[119.967484,15.34365],[119.967407,15.34413],[119.967262,15.34464],[119.967178,15.3452],[119.966957,15.34567],[119.966728,15.34611],[119.966507,15.34656],[119.966301,15.34701],[119.966003,15.34735],[119.965767,15.34773],[119.9655,15.34808],[119.96524,15.34848],[119.964912,15.34886],[119.964523,15.34923],[119.964127,15.34963],[119.963676,15.34999],[119.963203,15.35032],[119.962807,15.3507],[119.962471,15.35109],[119.962158,15.35143],[119.962067,15.35149],[119.962013,15.35154],[119.9618,15.35169],[119.961761,15.35171],[119.961433,15.35196],[119.961037,15.35227],[119.960617,15.35251],[119.960228,15.35278],[119.959877,15.35306],[119.959549,15.35333],[119.959198,15.35354],[119.958763,15.35364],[119.958382,15.35385],[119.958038,15.35415],[119.95768,15.3544],[119.95726,15.35445],[119.95681,15.35447],[119.95639,15.35459],[119.955978,15.35473],[119.955612,15.35492],[119.955208,15.35504],[119.954842,15.35522],[119.954407,15.35527],[119.954033,15.35527],[119.953957,15.35526],[119.953506,15.35518],[119.95237,15.35568],[119.951973,15.35606],[119.951477,15.35636],[119.951118,15.3569],[119.952042,15.356871],[120.001541,15.35602]]]]}},{"type":"Feature","properties":{"ID_0":177,"ISO":"PHL","NAME_0":"Philippines","ID_1":3071,"NAME_1":"Zambales","ID_2":307105,"NAME_2":"Iba (Capital)","ID_3":307105005,"NAME_3":"Zone 6 Pob.","NL_NAME_3":null,"VARNAME_3":null,"TYPE_3":"Barangay","ENGTYPE_3":"Village","PROVINCE":"Zambales","REGION":"Region III (Central Luzon)","id":"barangay-0307105005","name":"Zone 6 Pob.","barangayCode":"0307105005","population":null,"formattedPop":null,"densityCategory":"No data","vulnerabilityRating":"No data","healthRiskLevel":"No data","areaKm2":0.363842,"centerLat":15.322973,"centerLng":119.983948,"geometrySource":"all_barangay-2.csv detailed WKT","geometryMatchMethod":"psgc_coordinate_bridge","boundaryPointCount":8},"geometry":{"type":"MultiPolygon","coordinates":[[[[119.994926,15.32791],[119.99382,15.31827],[119.992767,15.31879],[119.991447,15.31969],[119.990967,15.32011],[119.990356,15.32031],[119.990868,15.32803],[119.994926,15.32791]]]]}},{"type":"Feature","properties":{"ID_0":177,"ISO":"PHL","NAME_0":"Philippines","ID_1":3071,"NAME_1":"Zambales","ID_2":307105,"NAME_2":"Iba (Capital)","ID_3":307105007,"NAME_3":"Zone 3 Pob.","NL_NAME_3":null,"VARNAME_3":null,"TYPE_3":"Barangay","ENGTYPE_3":"Village","PROVINCE":"Zambales","REGION":"Region III (Central Luzon)","id":"barangay-0307105007","name":"Zone 3 Pob.","barangayCode":"0307105007","population":null,"formattedPop":null,"densityCategory":"No data","vulnerabilityRating":"No data","healthRiskLevel":"No data","areaKm2":0.055238,"centerLat":15.326335,"centerLng":119.977665,"geometrySource":"all_barangay-2.csv detailed WKT","geometryMatchMethod":"psgc_coordinate_bridge","boundaryPointCount":5},"geometry":{"type":"MultiPolygon","coordinates":[[[[119.982018,15.33007],[119.985092,15.32876],[119.983887,15.32077],[119.980423,15.32271],[119.982018,15.33007]]]]}},{"type":"Feature","properties":{"ID_0":177,"ISO":"PHL","NAME_0":"Philippines","ID_1":3071,"NAME_1":"Zambales","ID_2":307105,"NAME_2":"Iba (Capital)","ID_3":307105008,"NAME_3":"Dirita-Baloguen","NL_NAME_3":null,"VARNAME_3":null,"TYPE_3":"Barangay","ENGTYPE_3":"Village","PROVINCE":"Zambales","REGION":"Region III (Central Luzon)","id":"barangay-0307105008","name":"Dirita-Baloguen","barangayCode":"0307105008","population":null,"formattedPop":null,"densityCategory":"No data","vulnerabilityRating":"No data","healthRiskLevel":"No data","areaKm2":12.064341,"centerLat":15.352565,"centerLng":119.991517,"geometrySource":"all_barangay-2.csv detailed WKT","geometryMatchMethod":"psgc_coordinate_bridge","boundaryPointCount":33},"geometry":{"type":"MultiPolygon","coordinates":[[[[119.992767,15.33626],[119.993782,15.33544],[119.99437,15.33486],[119.994637,15.33442],[119.994926,15.32791],[119.990868,15.32803],[119.987549,15.32853],[119.985092,15.32876],[119.982018,15.33007],[119.976196,15.32912],[119.972687,15.32969],[119.972816,15.33706],[119.973396,15.33747],[119.974564,15.33806],[119.975807,15.33777],[119.977127,15.33752],[119.978104,15.33729],[119.978027,15.3369],[119.977737,15.33608],[119.978043,15.33511],[119.979057,15.33438],[119.98111,15.33383],[119.982033,15.33344],[119.982536,15.33344],[119.983513,15.33402],[119.985191,15.33542],[119.987129,15.33653],[119.988724,15.33701],[119.989952,15.33725],[119.990608,15.33685],[119.991653,15.33635],[119.992622,15.3361],[119.992767,15.33626]]]]}},{"type":"Feature","properties":{"ID_0":177,"ISO":"PHL","NAME_0":"Philippines","ID_1":3071,"NAME_1":"Zambales","ID_2":307105,"NAME_2":"Iba (Capital)","ID_3":307105009,"NAME_3":"Zone 1 Pob.","NL_NAME_3":null,"VARNAME_3":null,"TYPE_3":"Barangay","ENGTYPE_3":"Village","PROVINCE":"Zambales","REGION":"Region III (Central Luzon)","id":"barangay-0307105009","name":"Zone 1 Pob.","barangayCode":"0307105009","population":null,"formattedPop":null,"densityCategory":"No data","vulnerabilityRating":"No data","healthRiskLevel":"No data","areaKm2":0.81856,"centerLat":15.329806,"centerLng":119.972768,"geometrySource":"all_barangay-2.csv detailed WKT","geometryMatchMethod":"psgc_coordinate_bridge","boundaryPointCount":7},"geometry":{"type":"MultiPolygon","coordinates":[[[[119.976196,15.32912],[119.975563,15.32514],[119.974747,15.32442],[119.974411,15.32425],[119.972504,15.32575],[119.972687,15.32969],[119.976196,15.32912]]]]}},{"type":"Feature","properties":{"ID_0":177,"ISO":"PHL","NAME_0":"Philippines","ID_1":3071,"NAME_1":"Zambales","ID_2":307105,"NAME_2":"Iba (Capital)","ID_3":307105010,"NAME_3":"Lipay-Dingin-Panibuatan","NL_NAME_3":null,"VARNAME_3":null,"TYPE_3":"Barangay","ENGTYPE_3":"Village","PROVINCE":"Zambales","REGION":"Region III (Central Luzon)","id":"barangay-0307105010","name":"Lipay-Dingin-Panibuatan","barangayCode":"0307105010","population":null,"formattedPop":null,"densityCategory":"No data","vulnerabilityRating":"No data","healthRiskLevel":"No data","areaKm2":1.09045,"centerLat":15.32091,"centerLng":119.974465,"geometrySource":"all_barangay-2.csv detailed WKT","geometryMatchMethod":"psgc_coordinate_bridge","boundaryPointCount":120},"geometry":{"type":"MultiPolygon","coordinates":[[[[119.972504,15.32575],[119.974411,15.32425],[119.974747,15.32442],[119.975563,15.32514],[119.976387,15.32503],[119.977097,15.3246],[119.979637,15.32362],[119.980423,15.32271],[119.983887,15.32077],[119.983887,15.32022],[119.983871,15.31961],[119.983017,15.31907],[119.98156,15.31916],[119.97995,15.31934],[119.977547,15.31979],[119.976357,15.32045],[119.976044,15.32043],[119.976028,15.32035],[119.975906,15.31945],[119.975967,15.3185],[119.97599,15.31809],[119.976128,15.3175],[119.976311,15.31669],[119.977631,15.31558],[119.979897,15.3144],[119.982964,15.31224],[119.985046,15.31159],[119.98584,15.31131],[119.986992,15.3109],[119.988426,15.30974],[119.988518,15.30949],[119.989212,15.30754],[119.990501,15.30467],[119.990288,15.30444],[119.989441,15.30444],[119.988327,15.30556],[119.988327,15.30611],[119.988052,15.30639],[119.988052,15.30695],[119.987778,15.30722],[119.988052,15.3075],[119.988052,15.30778],[119.988327,15.30806],[119.988327,15.30833],[119.987778,15.30889],[119.987503,15.30889],[119.987221,15.30861],[119.986656,15.30806],[119.986656,15.30695],[119.986954,15.30667],[119.986954,15.30556],[119.986656,15.30528],[119.986389,15.30528],[119.986107,15.305],[119.986107,15.30472],[119.985832,15.30444],[119.986954,15.30333],[119.987503,15.30333],[119.987778,15.30306],[119.987778,15.30194],[119.987221,15.30139],[119.986954,15.30167],[119.986763,15.30167],[119.986656,15.30167],[119.985558,15.30278],[119.985558,15.30306],[119.983887,15.30528],[119.983658,15.3055],[119.98333,15.30586],[119.982979,15.30631],[119.982597,15.30676],[119.982246,15.30722],[119.981911,15.30766],[119.981522,15.30803],[119.981087,15.30836],[119.980667,15.30867],[119.980263,15.30901],[119.979851,15.30936],[119.979507,15.30981],[119.979187,15.3103],[119.978882,15.3108],[119.978531,15.31129],[119.978104,15.31174],[119.977623,15.31217],[119.977097,15.31255],[119.976624,15.31295],[119.976357,15.31342],[119.976089,15.31385],[119.975769,15.3142],[119.975418,15.31447],[119.975082,15.31472],[119.97477,15.31498],[119.974487,15.31532],[119.974213,15.31568],[119.973961,15.31608],[119.973663,15.31644],[119.973381,15.31681],[119.973122,15.31724],[119.972839,15.3177],[119.972527,15.31819],[119.972237,15.31868],[119.971947,15.31915],[119.971672,15.31952],[119.97139,15.3198],[119.971077,15.32004],[119.970833,15.32031],[119.970543,15.32059],[119.970291,15.3209],[119.970047,15.32122],[119.969833,15.32152],[119.969543,15.32177],[119.969276,15.32206],[119.969032,15.32242],[119.968826,15.32282],[119.968559,15.32317],[119.968193,15.32351],[119.967796,15.32395],[119.9674,15.32436],[119.967613,15.32442],[119.972504,15.32575]]]]}},{"type":"Feature","properties":{"ID_0":177,"ISO":"PHL","NAME_0":"Philippines","ID_1":3071,"NAME_1":"Zambales","ID_2":307105,"NAME_2":"Iba (Capital)","ID_3":307105012,"NAME_3":"Palanginan","NL_NAME_3":null,"VARNAME_3":null,"TYPE_3":"Barangay","ENGTYPE_3":"Village","PROVINCE":"Zambales","REGION":"Region III (Central Luzon)","id":"barangay-0307105012","name":"Palanginan","barangayCode":"0307105012","population":null,"formattedPop":null,"densityCategory":"No data","vulnerabilityRating":"No data","healthRiskLevel":"No data","areaKm2":15.319664,"centerLat":15.329706,"centerLng":120.014523,"geometrySource":"all_barangay-2.csv detailed WKT","geometryMatchMethod":"psgc_coordinate_bridge","boundaryPointCount":88},"geometry":{"type":"MultiPolygon","coordinates":[[[[119.990356,15.32031],[119.990967,15.32011],[119.991447,15.31969],[119.992767,15.31879],[119.99382,15.31827],[119.994041,15.31806],[119.99556,15.31747],[119.995956,15.31721],[119.996437,15.31695],[119.997108,15.317],[119.99765,15.31693],[119.998047,15.31689],[119.998756,15.31667],[119.999619,15.31733],[120.001373,15.31823],[120.002258,15.31887],[120.002434,15.31929],[120.002472,15.3194],[120.002563,15.31961],[120.003288,15.32058],[120.004807,15.32146],[120.006203,15.3215],[120.008179,15.32106],[120.010757,15.32092],[120.014717,15.32116],[120.016228,15.32128],[120.016312,15.32128],[120.017647,15.32139],[120.018387,15.32092],[120.018433,15.32089],[120.019234,15.32037],[120.00592,15.31263],[119.999367,15.30924],[119.998894,15.30972],[119.998611,15.30944],[119.998337,15.30917],[119.998337,15.30889],[119.998047,15.30861],[119.998047,15.30857],[119.998047,15.30833],[119.997498,15.30778],[119.997498,15.3075],[119.996109,15.30611],[119.995827,15.30611],[119.995277,15.30556],[119.994453,15.30556],[119.994164,15.30528],[119.993889,15.30528],[119.993607,15.305],[119.993332,15.305],[119.993057,15.30472],[119.992233,15.30472],[119.991943,15.30444],[119.991669,15.30472],[119.990837,15.30472],[119.990547,15.30444],[119.990288,15.30444],[119.990501,15.30467],[119.989212,15.30754],[119.988518,15.30949],[119.988426,15.30974],[119.986992,15.3109],[119.98584,15.31131],[119.985046,15.31159],[119.982964,15.31224],[119.979897,15.3144],[119.977631,15.31558],[119.976311,15.31669],[119.976128,15.3175],[119.97599,15.31809],[119.975967,15.3185],[119.975906,15.31945],[119.976028,15.32035],[119.976044,15.32043],[119.976357,15.32045],[119.977547,15.31979],[119.97995,15.31934],[119.98156,15.31916],[119.983017,15.31907],[119.983871,15.31961],[119.985397,15.31931],[119.985451,15.3192],[119.986557,15.31927],[119.987701,15.31927],[119.988197,15.31926],[119.988647,15.32014],[119.989532,15.32029],[119.990356,15.32031]]]]}},{"type":"Feature","properties":{"ID_0":177,"ISO":"PHL","NAME_0":"Philippines","ID_1":3071,"NAME_1":"Zambales","ID_2":307105,"NAME_2":"Iba (Capital)","ID_3":307105015,"NAME_3":"Zone 4 Pob.","NL_NAME_3":null,"VARNAME_3":null,"TYPE_3":"Barangay","ENGTYPE_3":"Village","PROVINCE":"Zambales","REGION":"Region III (Central Luzon)","id":"barangay-0307105015","name":"Zone 4 Pob.","barangayCode":"0307105015","population":null,"formattedPop":null,"densityCategory":"No data","vulnerabilityRating":"No data","healthRiskLevel":"No data","areaKm2":0.067722,"centerLat":15.326499,"centerLng":119.978971,"geometrySource":"all_barangay-2.csv detailed WKT","geometryMatchMethod":"psgc_coordinate_bridge","boundaryPointCount":9},"geometry":{"type":"MultiPolygon","coordinates":[[[[119.987549,15.32853],[119.986557,15.31927],[119.985451,15.3192],[119.985397,15.31931],[119.983871,15.31961],[119.983887,15.32022],[119.983887,15.32077],[119.985092,15.32876],[119.987549,15.32853]]]]}},{"type":"Feature","properties":{"ID_0":177,"ISO":"PHL","NAME_0":"Philippines","ID_1":3071,"NAME_1":"Zambales","ID_2":307105,"NAME_2":"Iba (Capital)","ID_3":307105016,"NAME_3":"San Agustin","NL_NAME_3":null,"VARNAME_3":null,"TYPE_3":"Barangay","ENGTYPE_3":"Village","PROVINCE":"Zambales","REGION":"Region III (Central Luzon)","id":"barangay-0307105016","name":"San Agustin","barangayCode":"0307105016","population":null,"formattedPop":null,"densityCategory":"No data","vulnerabilityRating":"No data","healthRiskLevel":"No data","areaKm2":15.866492,"centerLat":15.388243,"centerLng":119.971367,"geometrySource":"all_barangay-2.csv detailed WKT","geometryMatchMethod":"psgc_coordinate_bridge","boundaryPointCount":184},"geometry":{"type":"MultiPolygon","coordinates":[[[[120.172684,15.42119],[120.166977,15.37586],[120.157417,15.37473],[120.145844,15.37335],[120.144653,15.37362],[120.14389,15.37373],[120.143387,15.3738],[120.141441,15.37398],[120.140327,15.37404],[120.138023,15.37504],[120.136749,15.37541],[120.135437,15.37543],[120.133667,15.37563],[120.132217,15.37651],[120.13166,15.37666],[120.130753,15.3769],[120.129227,15.37667],[120.126999,15.37667],[120.125877,15.37773],[120.124847,15.37897],[120.123444,15.37952],[120.122437,15.37971],[120.121758,15.37983],[120.121681,15.37985],[120.120697,15.38002],[120.118958,15.37914],[120.115753,15.37893],[120.114464,15.37925],[120.113121,15.37959],[120.112053,15.37899],[120.111267,15.37855],[120.10965,15.37772],[120.106163,15.37668],[120.10463,15.37592],[120.104134,15.37647],[120.103851,15.37677],[120.104668,15.37846],[120.104668,15.37969],[120.102386,15.37963],[120.100632,15.379],[120.098022,15.37842],[120.096519,15.3774],[120.09639,15.37742],[120.096207,15.37745],[120.095871,15.37736],[120.095642,15.3773],[120.056931,15.37745],[120.053101,15.37747],[119.989197,15.37772],[119.988121,15.37821],[119.987038,15.37767],[119.986351,15.37716],[119.985451,15.37648],[119.984917,15.37636],[119.984673,15.3763],[119.98336,15.37616],[119.98201,15.37555],[119.980049,15.37509],[119.978447,15.37538],[119.977539,15.37542],[119.97718,15.37544],[119.976547,15.37542],[119.974937,15.37537],[119.973083,15.37548],[119.972961,15.37549],[119.971382,15.37559],[119.969322,15.37532],[119.967278,15.37599],[119.966087,15.37654],[119.965973,15.37659],[119.965317,15.3769],[119.964012,15.37751],[119.96283,15.3776],[119.96138,15.37634],[119.958847,15.37449],[119.955963,15.37371],[119.952698,15.37373],[119.95195,15.37236],[119.952827,15.3707],[119.95369,15.37011],[119.954903,15.36935],[119.954224,15.3681],[119.952927,15.36741],[119.952637,15.36749],[119.952599,15.36751],[119.952202,15.36762],[119.952026,15.36838],[119.951797,15.36861],[119.951653,15.36875],[119.950531,15.36872],[119.94902,15.3686],[119.948402,15.36846],[119.947449,15.36828],[119.947563,15.36823],[119.946663,15.36833],[119.946213,15.36831],[119.945587,15.36853],[119.944168,15.36972],[119.943611,15.37028],[119.943611,15.37056],[119.941391,15.37278],[119.941391,15.37306],[119.940552,15.37389],[119.940552,15.37417],[119.940277,15.37417],[119.940002,15.37444],[119.940002,15.37472],[119.93972,15.375],[119.93972,15.37528],[119.939392,15.37698],[119.939194,15.37724],[119.938911,15.37751],[119.938629,15.37783],[119.9384,15.37827],[119.938217,15.37881],[119.937973,15.37927],[119.937714,15.37967],[119.937462,15.37998],[119.937233,15.38],[119.936668,15.38056],[119.936394,15.38056],[119.936096,15.38097],[119.935692,15.38136],[119.935226,15.38171],[119.934753,15.38199],[119.934319,15.38221],[119.933937,15.38236],[119.93367,15.38255],[119.933441,15.38273],[119.933197,15.38286],[119.933052,15.38306],[119.932503,15.38361],[119.93222,15.38361],[119.931953,15.38389],[119.931664,15.38389],[119.931107,15.38444],[119.930832,15.38444],[119.930557,15.38472],[119.930267,15.38472],[119.93,15.385],[119.929733,15.385],[119.929443,15.38528],[119.929169,15.38528],[119.928886,15.38556],[119.929443,15.38611],[119.929733,15.38611],[119.929733,15.38639],[119.929962,15.38662],[119.931107,15.38778],[119.931389,15.38778],[119.931953,15.38833],[119.93222,15.38833],[119.932777,15.38889],[119.933052,15.38889],[119.933327,15.38917],[119.933891,15.38917],[119.934174,15.38944],[119.934723,15.38944],[119.934998,15.38972],[119.93528,15.38972],[119.935837,15.39028],[119.936394,15.39028],[119.936668,15.39056],[119.937042,15.39056],[119.937233,15.39056],[119.9375,15.39083],[119.9375,15.3909],[119.938911,15.39196],[119.946907,15.39561],[119.948418,15.39583],[119.948578,15.39585],[119.949707,15.39602],[119.9562,15.39807],[119.957947,15.39862],[119.970497,15.40259],[119.986641,15.41406],[120.00808,15.43265],[120.010696,15.43401],[120.014923,15.43557],[120.019608,15.43535],[120.026733,15.42935],[120.076393,15.41905],[120.098518,15.41447],[120.172684,15.42119]]]]}},{"type":"Feature","properties":{"ID_0":177,"ISO":"PHL","NAME_0":"Philippines","ID_1":3071,"NAME_1":"Zambales","ID_2":307105,"NAME_2":"Iba (Capital)","ID_3":307105017,"NAME_3":"Santa Barbara","NL_NAME_3":null,"VARNAME_3":null,"TYPE_3":"Barangay","ENGTYPE_3":"Village","PROVINCE":"Zambales","REGION":"Region III (Central Luzon)","id":"barangay-0307105017","name":"Santa Barbara","barangayCode":"0307105017","population":null,"formattedPop":null,"densityCategory":"No data","vulnerabilityRating":"No data","healthRiskLevel":"No data","areaKm2":56.589837,"centerLat":15.37045,"centerLng":120.086833,"geometrySource":"all_barangay-2.csv detailed WKT","geometryMatchMethod":"psgc_coordinate_bridge","boundaryPointCount":68},"geometry":{"type":"MultiPolygon","coordinates":[[[[120.152313,15.35753],[120.120003,15.34805],[120.081627,15.33765],[120.050453,15.3355],[120.032593,15.32771],[120.019234,15.32037],[120.018433,15.32089],[120.018387,15.32092],[120.017647,15.32139],[120.016312,15.32128],[120.016228,15.32128],[120.014717,15.32116],[120.010757,15.32092],[120.008179,15.32106],[120.006203,15.3215],[120.004807,15.32146],[120.003288,15.32058],[120.002563,15.31961],[120.002472,15.3194],[120.002434,15.31929],[120.002258,15.31887],[120.001373,15.31823],[119.999619,15.31733],[119.998756,15.31667],[119.998047,15.31689],[119.99765,15.31693],[119.997108,15.317],[119.996437,15.31695],[119.995956,15.31721],[119.99556,15.31747],[119.994041,15.31806],[119.99382,15.31827],[119.994926,15.32791],[119.994637,15.33442],[119.99437,15.33486],[119.993782,15.33544],[119.992767,15.33626],[119.992897,15.33673],[119.992844,15.33744],[119.99247,15.33844],[119.992683,15.33887],[119.992943,15.33923],[119.993217,15.34],[119.993401,15.34063],[119.99382,15.34099],[119.994453,15.34132],[119.994957,15.34213],[119.994659,15.34362],[119.993553,15.34411],[119.99321,15.3443],[119.992798,15.34488],[119.992447,15.34557],[119.992683,15.34636],[119.992882,15.34638],[119.993607,15.3463],[119.994087,15.34659],[119.994553,15.34704],[119.995003,15.34758],[119.9953,15.34839],[119.995888,15.34832],[119.996223,15.34824],[119.996536,15.34858],[119.99778,15.34984],[119.999138,15.3508],[120.000603,15.35229],[120.001266,15.35409],[120.001541,15.35602],[120.152313,15.35753]]]]}},{"type":"Feature","properties":{"ID_0":177,"ISO":"PHL","NAME_0":"Philippines","ID_1":3071,"NAME_1":"Zambales","ID_2":307105,"NAME_2":"Iba (Capital)","ID_3":307105018,"NAME_3":"Santo Rosario","NL_NAME_3":null,"VARNAME_3":null,"TYPE_3":"Barangay","ENGTYPE_3":"Village","PROVINCE":"Zambales","REGION":"Region III (Central Luzon)","id":"barangay-0307105018","name":"Santo Rosario","barangayCode":"0307105018","population":null,"formattedPop":null,"densityCategory":"No data","vulnerabilityRating":"No data","healthRiskLevel":"No data","areaKm2":0.785561,"centerLat":15.333945,"centerLng":119.96681,"geometrySource":"all_barangay-2.csv detailed WKT","geometryMatchMethod":"psgc_coordinate_bridge","boundaryPointCount":31},"geometry":{"type":"MultiPolygon","coordinates":[[[[119.972816,15.33706],[119.972687,15.32969],[119.972504,15.32575],[119.967613,15.32442],[119.9674,15.32436],[119.967369,15.32439],[119.966881,15.32476],[119.966347,15.32507],[119.965828,15.32542],[119.965309,15.32576],[119.964828,15.32608],[119.964661,15.32649],[119.964478,15.32693],[119.964378,15.32739],[119.964249,15.32781],[119.964142,15.32825],[119.963982,15.32869],[119.96389,15.3292],[119.963814,15.32971],[119.963623,15.33018],[119.963432,15.33061],[119.96389,15.33111],[119.96389,15.33139],[119.963608,15.33167],[119.963608,15.33361],[119.963463,15.33411],[119.963562,15.3347],[119.963654,15.33529],[119.963707,15.33547],[119.964958,15.33572],[119.972816,15.33706]]]]}},{"type":"Feature","properties":{"ID_0":177,"ISO":"PHL","NAME_0":"Philippines","ID_1":3071,"NAME_1":"Zambales","ID_2":307106,"NAME_2":"Masinloc","ID_3":307106001,"NAME_3":"Baloganon","NL_NAME_3":null,"VARNAME_3":null,"TYPE_3":"Barangay","ENGTYPE_3":"Village","PROVINCE":"Zambales","REGION":"Region III (Central Luzon)","id":"barangay-0307106001","name":"Baloganon","barangayCode":"0307106001","population":null,"formattedPop":null,"densityCategory":"No data","vulnerabilityRating":"No data","healthRiskLevel":"No data","areaKm2":29.926473,"centerLat":15.566104,"centerLng":120.025537,"geometrySource":"all_barangay-2.csv detailed WKT","geometryMatchMethod":"unique_official_admin_names","boundaryPointCount":143},"geometry":{"type":"MultiPolygon","coordinates":[[[[119.95948,15.57399],[119.95887,15.57008],[119.959129,15.56912],[119.959343,15.56838],[119.959557,15.56777],[119.959717,15.56724],[119.960091,15.5666],[119.959999,15.56557],[119.9599,15.56494],[119.958893,15.56374],[119.958191,15.56299],[119.957817,15.56204],[119.958076,15.56099],[119.958168,15.56025],[119.957558,15.55902],[119.956902,15.55839],[119.956383,15.5582],[119.956047,15.55813],[119.955681,15.55782],[119.955627,15.55648],[119.955116,15.55578],[119.954643,15.5554],[119.953423,15.55528],[119.951561,15.55468],[119.949463,15.55096],[119.949203,15.55058],[119.948624,15.54944],[119.948517,15.5485],[119.948807,15.54784],[119.948418,15.54714],[119.948067,15.54666],[119.948174,15.54571],[119.948761,15.54524],[119.948341,15.54478],[119.948463,15.54396],[119.947891,15.54237],[119.947746,15.54234],[119.947517,15.5423],[119.947304,15.54238],[119.947243,15.5424],[119.947029,15.54248],[119.946617,15.54289],[119.946442,15.54342],[119.946419,15.54374],[119.946404,15.54399],[119.946381,15.54445],[119.946297,15.54477],[119.946297,15.54508],[119.946259,15.54533],[119.946136,15.54554],[119.945969,15.54571],[119.945702,15.54582],[119.94545,15.54596],[119.945221,15.54617],[119.945,15.54637],[119.944717,15.54652],[119.94442,15.54666],[119.944054,15.54679],[119.943604,15.54692],[119.9431,15.54692],[119.942581,15.54692],[119.942497,15.54667],[119.941673,15.54641],[119.941383,15.54676],[119.941383,15.54723],[119.941673,15.54771],[119.941948,15.54806],[119.942497,15.54861],[119.943336,15.54944],[119.943047,15.54972],[119.943047,15.55028],[119.943336,15.55056],[119.94278,15.55111],[119.942497,15.55111],[119.94223,15.55124],[119.941963,15.55143],[119.94165,15.55168],[119.941277,15.55194],[119.940857,15.55219],[119.940392,15.5524],[119.939957,15.55266],[119.939522,15.55286],[119.939148,15.55313],[119.938759,15.55335],[119.93837,15.55361],[119.938332,15.55389],[119.937767,15.55389],[119.936493,15.55517],[119.936394,15.55528],[119.936394,15.55556],[119.936668,15.55583],[119.936951,15.55583],[119.937233,15.55583],[119.937233,15.55611],[119.937431,15.55632],[119.937767,15.55667],[119.93808,15.55717],[119.938477,15.55762],[119.939011,15.55781],[119.939537,15.55809],[119.940063,15.55846],[119.940697,15.55873],[119.941406,15.55887],[119.942032,15.55889],[119.942497,15.55885],[119.942818,15.55873],[119.943062,15.55873],[119.943336,15.55886],[119.943687,15.55889],[119.944107,15.55889],[119.944542,15.55894],[119.944946,15.55912],[119.945152,15.55916],[119.945351,15.55919],[119.945702,15.55933],[119.946037,15.55951],[119.946342,15.55973],[119.946617,15.55998],[119.94693,15.56032],[119.947067,15.56045],[119.947311,15.56069],[119.94754,15.56078],[119.947853,15.56091],[119.94841,15.5611],[119.948914,15.56127],[119.949287,15.56147],[119.949669,15.56162],[119.949951,15.56188],[119.950233,15.5621],[119.950432,15.56239],[119.950577,15.56274],[119.950783,15.56304],[119.950829,15.5634],[119.950844,15.56373],[119.950844,15.56404],[119.950844,15.56433],[119.950844,15.56462],[119.950844,15.5649],[119.95092,15.5652],[119.951187,15.56552],[119.950844,15.56583],[119.950844,15.56688],[119.95948,15.57399]]]]}},{"type":"Feature","properties":{"ID_0":177,"ISO":"PHL","NAME_0":"Philippines","ID_1":3071,"NAME_1":"Zambales","ID_2":307106,"NAME_2":"Masinloc","ID_3":307106002,"NAME_3":"Bamban","NL_NAME_3":null,"VARNAME_3":null,"TYPE_3":"Barangay","ENGTYPE_3":"Village","PROVINCE":"Zambales","REGION":"Region III (Central Luzon)","id":"barangay-0307106002","name":"Bamban","barangayCode":"0307106002","population":null,"formattedPop":null,"densityCategory":"No data","vulnerabilityRating":"No data","healthRiskLevel":"No data","areaKm2":6.66133,"centerLat":15.506689,"centerLng":119.973797,"geometrySource":"all_barangay-2.csv detailed WKT","geometryMatchMethod":"unique_official_admin_names","boundaryPointCount":208},"geometry":{"type":"MultiPolygon","coordinates":[[[[119.953148,15.51562],[119.953781,15.51541],[119.954552,15.51541],[119.954773,15.51487],[119.955116,15.51466],[119.955544,15.51452],[119.955467,15.51377],[119.955048,15.51377],[119.954903,15.51391],[119.954773,15.51418],[119.954697,15.51445],[119.954353,15.51452],[119.954201,15.5148],[119.952927,15.51493],[119.952301,15.51534],[119.951881,15.51541],[119.951668,15.51541],[119.951668,15.51569],[119.951881,15.51589],[119.95237,15.51589],[119.95237,15.5161],[119.952652,15.5161],[119.952873,15.51582],[119.953148,15.51562]]],[[[120.190224,15.51712],[120.185997,15.50733],[120.149498,15.50928],[120.047813,15.48293],[119.982613,15.4928],[119.98156,15.49286],[119.978867,15.4931],[119.975479,15.49186],[119.973686,15.49153],[119.972687,15.49189],[119.97081,15.49201],[119.970093,15.49231],[119.96917,15.49279],[119.968452,15.49274],[119.967346,15.4921],[119.966187,15.49163],[119.965286,15.49191],[119.964767,15.49186],[119.963631,15.4908],[119.961433,15.49009],[119.960449,15.49047],[119.959793,15.49151],[119.959091,15.49368],[119.957718,15.49455],[119.956299,15.49474],[119.954247,15.49481],[119.952454,15.49429],[119.95089,15.49289],[119.949493,15.49157],[119.948723,15.49118],[119.947777,15.4917],[119.947372,15.49207],[119.946953,15.49222],[119.946114,15.49306],[119.945877,15.49345],[119.945747,15.49368],[119.945648,15.49388],[119.945427,15.49435],[119.945518,15.49481],[119.945549,15.49526],[119.945572,15.49573],[119.945671,15.49622],[119.945847,15.49672],[119.946129,15.49715],[119.946487,15.49749],[119.946877,15.49779],[119.947212,15.49808],[119.947517,15.49833],[119.947807,15.49859],[119.948082,15.49885],[119.948387,15.49909],[119.94873,15.49929],[119.949074,15.49948],[119.949387,15.49973],[119.949699,15.50001],[119.950027,15.5003],[119.950394,15.50056],[119.950737,15.50081],[119.951103,15.50097],[119.951447,15.50109],[119.951767,15.50113],[119.952057,15.50123],[119.952347,15.50137],[119.952713,15.50147],[119.953079,15.50167],[119.953506,15.50189],[119.954033,15.502],[119.954514,15.50222],[119.954941,15.50243],[119.95533,15.50258],[119.955582,15.5028],[119.955742,15.50297],[119.956108,15.50333],[119.956108,15.50368],[119.956108,15.50389],[119.956657,15.50444],[119.957222,15.50444],[119.957497,15.50417],[119.957779,15.50417],[119.958054,15.50389],[119.958511,15.50389],[119.958893,15.50389],[119.959717,15.50389],[119.960281,15.50444],[119.960831,15.50444],[119.961037,15.50466],[119.961113,15.50472],[119.961113,15.505],[119.960693,15.50537],[119.960457,15.50566],[119.960243,15.50603],[119.959961,15.50641],[119.959618,15.50676],[119.959396,15.50704],[119.959328,15.50712],[119.959351,15.50756],[119.959824,15.50781],[119.960258,15.50801],[119.960709,15.50806],[119.961151,15.50812],[119.961578,15.50831],[119.962067,15.50846],[119.962593,15.50864],[119.963142,15.50884],[119.963791,15.50885],[119.964348,15.50862],[119.964638,15.50813],[119.964737,15.50765],[119.964859,15.50729],[119.965073,15.50704],[119.965317,15.50685],[119.965462,15.50656],[119.965683,15.50642],[119.96595,15.50637],[119.966164,15.50626],[119.966393,15.50611],[119.966942,15.50611],[119.967453,15.50661],[119.967781,15.50694],[119.967781,15.5075],[119.968063,15.50778],[119.967957,15.50814],[119.967796,15.50855],[119.967651,15.50902],[119.967522,15.50945],[119.967484,15.50948],[119.967216,15.50972],[119.967216,15.51],[119.966942,15.51028],[119.966942,15.51056],[119.96611,15.51139],[119.96611,15.51167],[119.965828,15.51167],[119.965599,15.51178],[119.965286,15.5119],[119.964943,15.51201],[119.964653,15.51219],[119.96434,15.51233],[119.964127,15.5125],[119.963959,15.51263],[119.96376,15.51277],[119.96344,15.51279],[119.963058,15.51279],[119.962723,15.51281],[119.962463,15.51292],[119.962196,15.51307],[119.961922,15.5133],[119.961609,15.51359],[119.961281,15.51394],[119.961067,15.51436],[119.960876,15.51473],[119.960831,15.5151],[119.9608,15.51548],[119.96067,15.51589],[119.960548,15.51646],[119.960617,15.51684],[119.960678,15.51709],[119.961243,15.51744],[119.961868,15.5175],[119.962433,15.51748],[119.962921,15.51736],[119.963379,15.51721],[119.963837,15.51702],[119.96434,15.51689],[119.964813,15.51665],[119.964996,15.51667],[119.965233,15.5164],[119.965683,15.51591],[119.965958,15.51591],[119.966026,15.51639],[119.965736,15.51673],[119.965607,15.51728],[119.965843,15.51778],[119.965843,15.51833],[119.96611,15.51861],[119.96611,15.51889],[119.966393,15.51917],[119.966393,15.51944],[119.966461,15.51952],[119.966667,15.51972],[119.966522,15.51987],[119.967697,15.51972],[119.977242,15.51909],[120.190224,15.51712]]]]}},{"type":"Feature","properties":{"ID_0":177,"ISO":"PHL","NAME_0":"Philippines","ID_1":3071,"NAME_1":"Zambales","ID_2":307106,"NAME_2":"Masinloc","ID_3":307106003,"NAME_3":"Bani","NL_NAME_3":null,"VARNAME_3":null,"TYPE_3":"Barangay","ENGTYPE_3":"Village","PROVINCE":"Zambales","REGION":"Region III (Central Luzon)","id":"barangay-0307106003","name":"Bani","barangayCode":"0307106003","population":null,"formattedPop":null,"densityCategory":"No data","vulnerabilityRating":"No data","healthRiskLevel":"No data","areaKm2":6.523662,"centerLat":15.579754,"centerLng":119.926991,"geometrySource":"all_barangay-2.csv detailed WKT","geometryMatchMethod":"unique_official_admin_names","boundaryPointCount":231},"geometry":{"type":"MultiPolygon","coordinates":[[[[119.934097,15.59983],[119.940811,15.57411],[119.941063,15.57411],[119.941269,15.5741],[119.940819,15.57393],[119.940277,15.57385],[119.939842,15.57361],[119.939468,15.57334],[119.939133,15.57305],[119.938713,15.57293],[119.938164,15.57297],[119.937683,15.57282],[119.937218,15.57278],[119.936783,15.57276],[119.936417,15.57266],[119.936119,15.57252],[119.935791,15.57243],[119.935471,15.57226],[119.935066,15.57222],[119.934624,15.57222],[119.934219,15.57222],[119.934174,15.57222],[119.933693,15.57222],[119.933243,15.57219],[119.932831,15.57202],[119.932426,15.57195],[119.93206,15.57187],[119.93177,15.57171],[119.931473,15.57167],[119.931129,15.57165],[119.930748,15.57157],[119.930298,15.57146],[119.929764,15.57163],[119.929161,15.57166],[119.928581,15.5716],[119.928108,15.57138],[119.927803,15.57113],[119.927223,15.57056],[119.927223,15.57028],[119.926941,15.57],[119.926941,15.56972],[119.926392,15.56917],[119.92643,15.56851],[119.92643,15.56817],[119.926224,15.56755],[119.926292,15.56728],[119.926643,15.56714],[119.926987,15.567],[119.92749,15.56673],[119.927979,15.56666],[119.928612,15.56611],[119.928886,15.5659],[119.928833,15.56562],[119.928612,15.56556],[119.927917,15.56556],[119.927353,15.56572],[119.927231,15.56587],[119.927071,15.56599],[119.926598,15.56615],[119.926292,15.56613],[119.925873,15.5664],[119.925591,15.56633],[119.925522,15.56613],[119.925407,15.56541],[119.925034,15.5649],[119.924744,15.56452],[119.924477,15.56402],[119.924332,15.56347],[119.924423,15.56293],[119.925003,15.56222],[119.925003,15.56194],[119.925552,15.56139],[119.925552,15.56111],[119.926033,15.5599],[119.926529,15.55949],[119.92688,15.55881],[119.927368,15.55812],[119.927803,15.55757],[119.928207,15.55682],[119.929199,15.55586],[119.928848,15.55518],[119.92836,15.55586],[119.928001,15.5562],[119.927437,15.55709],[119.927231,15.5575],[119.926666,15.55778],[119.926277,15.55848],[119.92572,15.5591],[119.925301,15.55964],[119.924873,15.56033],[119.923889,15.56111],[119.923508,15.56113],[119.923233,15.56131],[119.922943,15.56138],[119.92263,15.56139],[119.922333,15.56136],[119.92205,15.56123],[119.921768,15.56121],[119.921417,15.56154],[119.920403,15.56116],[119.92012,15.56082],[119.919342,15.56034],[119.918777,15.56006],[119.918289,15.55979],[119.917664,15.55945],[119.91716,15.55917],[119.916389,15.55972],[119.916389,15.56],[119.917221,15.56],[119.917778,15.56056],[119.917778,15.56083],[119.91832,15.56126],[119.918739,15.5614],[119.91909,15.56161],[119.919441,15.56194],[119.919724,15.56222],[119.919441,15.5625],[119.919296,15.5625],[119.918327,15.5625],[119.918053,15.56278],[119.917503,15.56278],[119.916992,15.56309],[119.916428,15.56341],[119.915916,15.56384],[119.915588,15.56438],[119.915428,15.56493],[119.915283,15.56534],[119.915161,15.56566],[119.915047,15.56592],[119.915009,15.56619],[119.914978,15.56646],[119.914886,15.56672],[119.914719,15.56702],[119.914543,15.56738],[119.914459,15.56788],[119.914436,15.56841],[119.914436,15.5689],[119.914429,15.56931],[119.914421,15.56937],[119.914368,15.56968],[119.914207,15.57002],[119.91423,15.57044],[119.914688,15.57105],[119.915222,15.57167],[119.915833,15.57194],[119.915878,15.57194],[119.916107,15.57194],[119.916389,15.57222],[119.916656,15.57222],[119.916946,15.5725],[119.917221,15.57306],[119.917221,15.57346],[119.917221,15.57389],[119.917923,15.57459],[119.918053,15.57472],[119.918091,15.57504],[119.918297,15.57541],[119.918442,15.57583],[119.918549,15.57625],[119.918587,15.57667],[119.91861,15.57707],[119.91861,15.57747],[119.918602,15.57788],[119.918556,15.5783],[119.918503,15.57874],[119.918404,15.57908],[119.918373,15.57918],[119.918343,15.57962],[119.91835,15.58002],[119.918343,15.58039],[119.918327,15.58062],[119.918327,15.58074],[119.918327,15.58107],[119.91832,15.58139],[119.918266,15.58175],[119.918213,15.58217],[119.918198,15.58267],[119.918053,15.58306],[119.918327,15.58333],[119.918327,15.58361],[119.919167,15.58444],[119.919441,15.58444],[119.919724,15.58472],[119.919724,15.585],[119.919579,15.58528],[119.919167,15.5857],[119.918892,15.58556],[119.91861,15.58528],[119.918327,15.58528],[119.917778,15.58472],[119.917572,15.58472],[119.917503,15.58472],[119.916946,15.58528],[119.917221,15.58556],[119.917221,15.58641],[119.917221,15.58694],[119.917084,15.58708],[119.916946,15.58722],[119.916946,15.58777],[119.916946,15.58833],[119.916801,15.58848],[119.916389,15.58889],[119.916389,15.58917],[119.916107,15.58944],[119.916107,15.58972],[119.915833,15.59],[119.916107,15.59028],[119.916107,15.59056],[119.915833,15.59083],[119.915833,15.59139],[119.915558,15.59167],[119.915558,15.59222],[119.915871,15.59253],[119.916054,15.59271],[119.917427,15.59243],[119.918861,15.59145],[119.920326,15.59043],[119.922447,15.58806],[119.924217,15.58661],[119.925827,15.58614],[119.927292,15.58683],[119.928101,15.58722],[119.928711,15.58823],[119.928787,15.58837],[119.929352,15.58929],[119.929527,15.59206],[119.93,15.59475],[119.930389,15.5955],[119.931198,15.59709],[119.932503,15.59906],[119.934097,15.59983]]]]}},{"type":"Feature","properties":{"ID_0":177,"ISO":"PHL","NAME_0":"Philippines","ID_1":3071,"NAME_1":"Zambales","ID_2":307106,"NAME_2":"Masinloc","ID_3":307106004,"NAME_3":"Collat","NL_NAME_3":null,"VARNAME_3":null,"TYPE_3":"Barangay","ENGTYPE_3":"Village","PROVINCE":"Zambales","REGION":"Region III (Central Luzon)","id":"barangay-0307106004","name":"Collat","barangayCode":"0307106004","population":null,"formattedPop":null,"densityCategory":"No data","vulnerabilityRating":"No data","healthRiskLevel":"No data","areaKm2":0.668496,"centerLat":15.542995,"centerLng":119.954017,"geometrySource":"all_barangay-2.csv detailed WKT","geometryMatchMethod":"unique_official_admin_names","boundaryPointCount":50},"geometry":{"type":"MultiPolygon","coordinates":[[[[119.947891,15.54237],[119.948463,15.54396],[119.948341,15.54478],[119.948761,15.54524],[119.948174,15.54571],[119.948067,15.54666],[119.948418,15.54714],[119.948807,15.54784],[119.949417,15.54768],[119.950546,15.54739],[119.951492,15.54694],[119.952759,15.54633],[119.953934,15.54674],[119.954002,15.54772],[119.952606,15.54872],[119.951576,15.5495],[119.951523,15.55091],[119.952827,15.55238],[119.954948,15.5532],[119.958138,15.55301],[119.959557,15.55183],[119.961052,15.5499],[119.962341,15.54836],[119.962914,15.54745],[119.964249,15.5457],[119.967377,15.54431],[119.970337,15.54195],[119.967903,15.5422],[119.966377,15.54219],[119.964447,15.54184],[119.96328,15.54115],[119.96225,15.54081],[119.961258,15.54026],[119.960037,15.53908],[119.959091,15.5385],[119.956383,15.53859],[119.955803,15.53876],[119.954788,15.53871],[119.953362,15.53852],[119.952019,15.53873],[119.951263,15.53938],[119.951302,15.54074],[119.949722,15.54128],[119.949722,15.54139],[119.948891,15.54222],[119.948608,15.54222],[119.948517,15.54232],[119.948257,15.54245],[119.947937,15.54238],[119.947891,15.54237]]]]}},{"type":"Feature","properties":{"ID_0":177,"ISO":"PHL","NAME_0":"Philippines","ID_1":3071,"NAME_1":"Zambales","ID_2":307106,"NAME_2":"Masinloc","ID_3":307106005,"NAME_3":"Inhobol","NL_NAME_3":null,"VARNAME_3":null,"TYPE_3":"Barangay","ENGTYPE_3":"Village","PROVINCE":"Zambales","REGION":"Region III (Central Luzon)","id":"barangay-0307106005","name":"Inhobol","barangayCode":"0307106005","population":null,"formattedPop":null,"densityCategory":"No data","vulnerabilityRating":"No data","healthRiskLevel":"No data","areaKm2":49.180295,"centerLat":15.517466,"centerLng":120.078448,"geometrySource":"all_barangay-2.csv detailed WKT","geometryMatchMethod":"unique_official_admin_names","boundaryPointCount":42},"geometry":{"type":"MultiPolygon","coordinates":[[[[119.959091,15.5385],[119.960403,15.5378],[119.960861,15.53721],[119.961517,15.5364],[119.962807,15.53578],[119.96302,15.53438],[119.962479,15.53285],[119.96225,15.53171],[119.962921,15.53086],[119.964111,15.53008],[119.964462,15.52923],[119.964073,15.52828],[119.964668,15.52728],[119.965553,15.52654],[119.96656,15.52672],[119.96801,15.52609],[119.969597,15.52579],[119.97081,15.52585],[119.972023,15.52552],[119.972847,15.52455],[119.974068,15.52281],[119.975754,15.52054],[119.977242,15.51909],[119.967697,15.51972],[119.964767,15.52276],[119.963982,15.52334],[119.963257,15.52412],[119.961861,15.52452],[119.960327,15.52508],[119.959709,15.526],[119.959396,15.5271],[119.959412,15.52877],[119.958893,15.52939],[119.955849,15.53343],[119.955559,15.53383],[119.954803,15.53506],[119.954727,15.53645],[119.954948,15.537],[119.955704,15.53779],[119.956223,15.53803],[119.956383,15.53859],[119.959091,15.5385]]]]}},{"type":"Feature","properties":{"ID_0":177,"ISO":"PHL","NAME_0":"Philippines","ID_1":3071,"NAME_1":"Zambales","ID_2":307106,"NAME_2":"Masinloc","ID_3":307106006,"NAME_3":"North Poblacion","NL_NAME_3":null,"VARNAME_3":null,"TYPE_3":"Barangay","ENGTYPE_3":"Village","PROVINCE":"Zambales","REGION":"Region III (Central Luzon)","id":"barangay-0307106006","name":"North Poblacion","barangayCode":"0307106006","population":null,"formattedPop":null,"densityCategory":"No data","vulnerabilityRating":"No data","healthRiskLevel":"No data","areaKm2":0.175217,"centerLat":15.539092,"centerLng":119.950574,"geometrySource":"all_barangay-2.csv detailed WKT","geometryMatchMethod":"unique_official_admin_names","boundaryPointCount":53},"geometry":{"type":"MultiPolygon","coordinates":[[[[119.956383,15.53859],[119.956223,15.53803],[119.955704,15.53779],[119.954948,15.537],[119.954727,15.53645],[119.954803,15.53506],[119.955559,15.53383],[119.955849,15.53343],[119.951477,15.53088],[119.951286,15.53106],[119.950912,15.53131],[119.950539,15.53152],[119.950127,15.5317],[119.949707,15.53195],[119.949219,15.53217],[119.948647,15.53222],[119.947601,15.53323],[119.946831,15.53335],[119.946663,15.53361],[119.946114,15.53306],[119.945557,15.53306],[119.945267,15.53333],[119.945267,15.53417],[119.945831,15.53472],[119.945831,15.535],[119.946114,15.53528],[119.946114,15.53556],[119.946388,15.53583],[119.94651,15.53639],[119.94664,15.53692],[119.946663,15.53751],[119.946693,15.53814],[119.946777,15.53875],[119.946892,15.53933],[119.947281,15.53962],[119.947746,15.53975],[119.948112,15.53993],[119.948433,15.54003],[119.948647,15.5402],[119.948868,15.54036],[119.949059,15.54057],[119.949173,15.54056],[119.949669,15.54106],[119.949722,15.54111],[119.949722,15.5412],[119.949722,15.54128],[119.951302,15.54074],[119.951263,15.53938],[119.952019,15.53873],[119.953362,15.53852],[119.954788,15.53871],[119.955803,15.53876],[119.956383,15.53859]]]]}},{"type":"Feature","properties":{"ID_0":177,"ISO":"PHL","NAME_0":"Philippines","ID_1":3071,"NAME_1":"Zambales","ID_2":307106,"NAME_2":"Masinloc","ID_3":307106007,"NAME_3":"San Lorenzo","NL_NAME_3":null,"VARNAME_3":null,"TYPE_3":"Barangay","ENGTYPE_3":"Village","PROVINCE":"Zambales","REGION":"Region III (Central Luzon)","id":"barangay-0307106007","name":"San Lorenzo","barangayCode":"0307106007","population":null,"formattedPop":null,"densityCategory":"No data","vulnerabilityRating":"No data","healthRiskLevel":"No data","areaKm2":11.799025,"centerLat":15.486258,"centerLng":119.997427,"geometrySource":"all_barangay-2.csv detailed WKT","geometryMatchMethod":"unique_official_admin_names","boundaryPointCount":41},"geometry":{"type":"MultiPolygon","coordinates":[[[[120.047813,15.48293],[120.015488,15.47696],[120.012756,15.47979],[120.009827,15.48131],[120.005501,15.48176],[119.983727,15.47819],[119.961304,15.47967],[119.950279,15.48017],[119.946327,15.48065],[119.949532,15.48222],[119.951843,15.48193],[119.953659,15.48201],[119.954262,15.48248],[119.954643,15.48323],[119.954964,15.48393],[119.955208,15.48434],[119.955727,15.48463],[119.956543,15.48458],[119.957497,15.48425],[119.958076,15.48465],[119.957909,15.48571],[119.956787,15.486],[119.959793,15.49151],[119.960449,15.49047],[119.961433,15.49009],[119.963631,15.4908],[119.964767,15.49186],[119.965286,15.49191],[119.966187,15.49163],[119.967346,15.4921],[119.968452,15.49274],[119.96917,15.49279],[119.970093,15.49231],[119.97081,15.49201],[119.972687,15.49189],[119.973686,15.49153],[119.975479,15.49186],[119.978867,15.4931],[119.98156,15.49286],[119.982613,15.4928],[120.047813,15.48293]]]]}},{"type":"Feature","properties":{"ID_0":177,"ISO":"PHL","NAME_0":"Philippines","ID_1":3071,"NAME_1":"Zambales","ID_2":307106,"NAME_2":"Masinloc","ID_3":307106008,"NAME_3":"San Salvador","NL_NAME_3":null,"VARNAME_3":null,"TYPE_3":"Barangay","ENGTYPE_3":"Village","PROVINCE":"Zambales","REGION":"Region III (Central Luzon)","id":"barangay-0307106008","name":"San Salvador","barangayCode":"0307106008","population":null,"formattedPop":null,"densityCategory":"No data","vulnerabilityRating":"No data","healthRiskLevel":"No data","areaKm2":4.355793,"centerLat":15.519647,"centerLng":119.914498,"geometrySource":"all_barangay-2.csv detailed WKT","geometryMatchMethod":"unique_official_admin_names","boundaryPointCount":205},"geometry":{"type":"MultiPolygon","coordinates":[[[[119.923767,15.52968],[119.924103,15.52953],[119.924377,15.52938],[119.924637,15.52921],[119.924957,15.52906],[119.925323,15.52887],[119.925697,15.52861],[119.926117,15.52833],[119.926567,15.52804],[119.92701,15.52772],[119.927422,15.52738],[119.927757,15.52696],[119.928047,15.52653],[119.928337,15.52611],[119.928688,15.52577],[119.929161,15.52557],[119.929672,15.52545],[119.930161,15.52529],[119.930611,15.52515],[119.930893,15.52492],[119.931007,15.52468],[119.930939,15.52438],[119.930717,15.52405],[119.930443,15.52366],[119.930061,15.52327],[119.929909,15.52312],[119.929642,15.52287],[119.929153,15.5226],[119.928673,15.5224],[119.928284,15.52217],[119.92807,15.52204],[119.927948,15.52197],[119.927589,15.52186],[119.927223,15.5217],[119.927109,15.52168],[119.92675,15.52164],[119.926262,15.52145],[119.925697,15.52134],[119.925179,15.52111],[119.924652,15.52084],[119.924118,15.52057],[119.923592,15.52034],[119.92308,15.52017],[119.922638,15.52001],[119.922249,15.51988],[119.921913,15.51974],[119.921562,15.51968],[119.921257,15.5195],[119.921066,15.51943],[119.920883,15.51936],[119.920517,15.51912],[119.920197,15.51878],[119.919983,15.51829],[119.9198,15.51781],[119.919884,15.51736],[119.920097,15.51699],[119.920372,15.51674],[119.920708,15.5166],[119.920982,15.51635],[119.921211,15.516],[119.921371,15.5156],[119.921463,15.51524],[119.921631,15.51492],[119.921669,15.51449],[119.921669,15.51403],[119.921669,15.51359],[119.921661,15.51314],[119.921577,15.5127],[119.921379,15.51228],[119.921089,15.51187],[119.9207,15.51154],[119.92028,15.51128],[119.919891,15.51109],[119.919594,15.51088],[119.91925,15.51077],[119.918922,15.51058],[119.918488,15.51043],[119.918297,15.51035],[119.918007,15.51023],[119.917549,15.50999],[119.91713,15.50973],[119.916733,15.50949],[119.916451,15.50923],[119.916107,15.50902],[119.915779,15.50883],[119.915421,15.50862],[119.915031,15.50848],[119.914993,15.50847],[119.914513,15.50835],[119.914017,15.50833],[119.913544,15.50833],[119.913116,15.50833],[119.91272,15.50833],[119.912354,15.50833],[119.91198,15.50833],[119.911621,15.50833],[119.911247,15.50834],[119.910843,15.50833],[119.9104,15.50827],[119.90992,15.50805],[119.909683,15.50795],[119.90937,15.50782],[119.909058,15.50778],[119.908752,15.50778],[119.908363,15.50779],[119.908096,15.50785],[119.907967,15.50788],[119.907631,15.50808],[119.907341,15.50836],[119.907112,15.50873],[119.906929,15.50914],[119.906677,15.50946],[119.906471,15.50979],[119.906326,15.51019],[119.906097,15.51057],[119.90583,15.511],[119.905563,15.51146],[119.905319,15.51193],[119.905251,15.51242],[119.905113,15.5128],[119.904984,15.51311],[119.904839,15.51336],[119.904732,15.51362],[119.904663,15.51394],[119.904488,15.51427],[119.904442,15.51481],[119.904404,15.51542],[119.904213,15.51597],[119.904053,15.51649],[119.90387,15.5169],[119.903664,15.51721],[119.903603,15.51755],[119.903519,15.51785],[119.903374,15.51812],[119.903343,15.51848],[119.90329,15.51889],[119.903091,15.51928],[119.903,15.51975],[119.902817,15.52021],[119.902779,15.52074],[119.902786,15.52129],[119.90284,15.52183],[119.903,15.52234],[119.903038,15.52288],[119.902977,15.52343],[119.902924,15.52394],[119.902817,15.52444],[119.90284,15.52489],[119.903038,15.52528],[119.903214,15.52567],[119.903511,15.52603],[119.903748,15.52641],[119.903923,15.52685],[119.90416,15.52726],[119.90419,15.52732],[119.904556,15.52784],[119.905113,15.52827],[119.905731,15.52853],[119.906303,15.52869],[119.906738,15.52859],[119.907112,15.52834],[119.907478,15.52807],[119.907806,15.52777],[119.908127,15.52744],[119.908478,15.5272],[119.908783,15.52696],[119.909088,15.52677],[119.909409,15.52668],[119.909729,15.52666],[119.910049,15.52666],[119.910362,15.52666],[119.910652,15.52666],[119.910927,15.52667],[119.911186,15.5267],[119.911423,15.5268],[119.911682,15.52694],[119.911972,15.52709],[119.91227,15.52721],[119.91256,15.52731],[119.912827,15.52745],[119.913132,15.5275],[119.913452,15.52753],[119.913757,15.52764],[119.914093,15.52775],[119.914467,15.52782],[119.914848,15.52792],[119.91526,15.52802],[119.915733,15.52813],[119.916183,15.52834],[119.916641,15.5286],[119.917137,15.52885],[119.917686,15.52906],[119.918266,15.52922],[119.918854,15.52939],[119.919456,15.52945],[119.920029,15.52951],[119.920509,15.52966],[119.920937,15.52971],[119.921333,15.52969],[119.921707,15.52963],[119.922096,15.52969],[119.922523,15.52972],[119.922951,15.52972],[119.923378,15.52972],[119.923767,15.52968]]]]}},{"type":"Feature","properties":{"ID_0":177,"ISO":"PHL","NAME_0":"Philippines","ID_1":3071,"NAME_1":"Zambales","ID_2":307106,"NAME_2":"Masinloc","ID_3":307106009,"NAME_3":"Santa Rita","NL_NAME_3":null,"VARNAME_3":null,"TYPE_3":"Barangay","ENGTYPE_3":"Village","PROVINCE":"Zambales","REGION":"Region III (Central Luzon)","id":"barangay-0307106009","name":"Santa Rita","barangayCode":"0307106009","population":null,"formattedPop":null,"densityCategory":"No data","vulnerabilityRating":"No data","healthRiskLevel":"No data","areaKm2":54.151493,"centerLat":15.534997,"centerLng":120.068016,"geometrySource":"all_barangay-2.csv detailed WKT","geometryMatchMethod":"unique_official_admin_names","boundaryPointCount":46},"geometry":{"type":"MultiPolygon","coordinates":[[[[119.970337,15.54195],[119.971581,15.54019],[119.972343,15.53973],[119.972977,15.53932],[119.97477,15.53845],[119.976357,15.5379],[119.976997,15.5365],[119.978493,15.53403],[119.97995,15.5319],[119.982887,15.53015],[119.986679,15.52921],[119.992706,15.52888],[120.000053,15.52949],[120.195122,15.52601],[120.190224,15.51712],[119.977242,15.51909],[119.975754,15.52054],[119.974068,15.52281],[119.972847,15.52455],[119.972023,15.52552],[119.97081,15.52585],[119.969597,15.52579],[119.96801,15.52609],[119.96656,15.52672],[119.965553,15.52654],[119.964668,15.52728],[119.964073,15.52828],[119.964462,15.52923],[119.964111,15.53008],[119.962921,15.53086],[119.96225,15.53171],[119.962479,15.53285],[119.96302,15.53438],[119.962807,15.53578],[119.961517,15.5364],[119.960861,15.53721],[119.960403,15.5378],[119.959091,15.5385],[119.960037,15.53908],[119.961258,15.54026],[119.96225,15.54081],[119.96328,15.54115],[119.964447,15.54184],[119.966377,15.54219],[119.967903,15.5422],[119.970337,15.54195]]]]}},{"type":"Feature","properties":{"ID_0":177,"ISO":"PHL","NAME_0":"Philippines","ID_1":3071,"NAME_1":"Zambales","ID_2":307106,"NAME_2":"Masinloc","ID_3":307106010,"NAME_3":"Santo Rosario","NL_NAME_3":null,"VARNAME_3":null,"TYPE_3":"Barangay","ENGTYPE_3":"Village","PROVINCE":"Zambales","REGION":"Region III (Central Luzon)","id":"barangay-0307106010","name":"Santo Rosario","barangayCode":"0307106010","population":null,"formattedPop":null,"densityCategory":"No data","vulnerabilityRating":"No data","healthRiskLevel":"No data","areaKm2":15.943067,"centerLat":15.497909,"centerLng":120.017626,"geometrySource":"all_barangay-2.csv detailed WKT","geometryMatchMethod":"unique_official_admin_names","boundaryPointCount":56},"geometry":{"type":"MultiPolygon","coordinates":[[[[119.959793,15.49151],[119.956787,15.486],[119.957909,15.48571],[119.958076,15.48465],[119.957497,15.48425],[119.956543,15.48458],[119.955727,15.48463],[119.955208,15.48434],[119.954964,15.48393],[119.954643,15.48323],[119.954262,15.48248],[119.953659,15.48201],[119.951843,15.48193],[119.949532,15.48222],[119.946327,15.48065],[119.945557,15.47987],[119.945557,15.48],[119.946114,15.48056],[119.946114,15.48083],[119.946388,15.48111],[119.946388,15.48139],[119.94722,15.48222],[119.94722,15.4825],[119.947502,15.48278],[119.947502,15.48361],[119.94722,15.48389],[119.94722,15.48444],[119.947502,15.48472],[119.947502,15.485],[119.947777,15.48528],[119.947777,15.48694],[119.947502,15.48722],[119.947502,15.48806],[119.94722,15.48833],[119.94722,15.48861],[119.947502,15.48889],[119.947502,15.48944],[119.94722,15.48972],[119.94722,15.49056],[119.947502,15.49083],[119.947502,15.49111],[119.94722,15.49139],[119.94722,15.49167],[119.946953,15.49194],[119.946953,15.49222],[119.947372,15.49207],[119.947777,15.4917],[119.948723,15.49118],[119.949493,15.49157],[119.95089,15.49289],[119.952454,15.49429],[119.954247,15.49481],[119.956299,15.49474],[119.957718,15.49455],[119.959091,15.49368],[119.959793,15.49151]]]]}},{"type":"Feature","properties":{"ID_0":177,"ISO":"PHL","NAME_0":"Philippines","ID_1":3071,"NAME_1":"Zambales","ID_2":307106,"NAME_2":"Masinloc","ID_3":307106011,"NAME_3":"South Poblacion","NL_NAME_3":null,"VARNAME_3":null,"TYPE_3":"Barangay","ENGTYPE_3":"Village","PROVINCE":"Zambales","REGION":"Region III (Central Luzon)","id":"barangay-0307106011","name":"South Poblacion","barangayCode":"0307106011","population":null,"formattedPop":null,"densityCategory":"No data","vulnerabilityRating":"No data","healthRiskLevel":"No data","areaKm2":0.385776,"centerLat":15.535309,"centerLng":119.949381,"geometrySource":"all_barangay-2.csv detailed WKT","geometryMatchMethod":"unique_official_admin_names","boundaryPointCount":60},"geometry":{"type":"MultiPolygon","coordinates":[[[[119.951477,15.53088],[119.955849,15.53343],[119.958893,15.52939],[119.959412,15.52877],[119.959396,15.5271],[119.959709,15.526],[119.960327,15.52508],[119.961861,15.52452],[119.963257,15.52412],[119.963982,15.52334],[119.964767,15.52276],[119.967697,15.51972],[119.966522,15.51987],[119.96611,15.52028],[119.965843,15.52028],[119.965523,15.52055],[119.965141,15.52069],[119.964691,15.52085],[119.964241,15.52106],[119.96373,15.52111],[119.963242,15.52116],[119.962791,15.52136],[119.96228,15.52148],[119.961761,15.52164],[119.961227,15.52163],[119.960732,15.5214],[119.960228,15.52117],[119.959717,15.52093],[119.959251,15.52102],[119.958847,15.52118],[119.958504,15.52149],[119.95829,15.52171],[119.958191,15.52181],[119.957893,15.52211],[119.957603,15.52239],[119.957191,15.52261],[119.956703,15.52284],[119.956161,15.52316],[119.95565,15.52359],[119.955162,15.52401],[119.954773,15.52442],[119.954422,15.52473],[119.954147,15.52501],[119.953903,15.52527],[119.953613,15.52552],[119.953346,15.52582],[119.953133,15.52614],[119.952957,15.52647],[119.952789,15.52675],[119.952667,15.52705],[119.952522,15.52735],[119.952423,15.52772],[119.952263,15.52808],[119.952217,15.52849],[119.952217,15.52892],[119.952202,15.52938],[119.952087,15.52984],[119.951897,15.53031],[119.95163,15.53073],[119.951477,15.53088]]]]}},{"type":"Feature","properties":{"ID_0":177,"ISO":"PHL","NAME_0":"Philippines","ID_1":3071,"NAME_1":"Zambales","ID_2":307106,"NAME_2":"Masinloc","ID_3":307106012,"NAME_3":"Taltal","NL_NAME_3":null,"VARNAME_3":null,"TYPE_3":"Barangay","ENGTYPE_3":"Village","PROVINCE":"Zambales","REGION":"Region III (Central Luzon)","id":"barangay-0307106012","name":"Taltal","barangayCode":"0307106012","population":null,"formattedPop":null,"densityCategory":"No data","vulnerabilityRating":"No data","healthRiskLevel":"No data","areaKm2":10.910703,"centerLat":15.580535,"centerLng":119.986609,"geometrySource":"all_barangay-2.csv detailed WKT","geometryMatchMethod":"unique_official_admin_names","boundaryPointCount":52},"geometry":{"type":"MultiPolygon","coordinates":[[[[119.963051,15.57829],[119.95948,15.57399],[119.950844,15.56688],[119.950844,15.56778],[119.950546,15.56806],[119.950546,15.56861],[119.950279,15.56889],[119.950279,15.56972],[119.949272,15.57073],[119.949173,15.57083],[119.949142,15.57101],[119.94912,15.57121],[119.948929,15.57153],[119.94873,15.57191],[119.948418,15.57223],[119.948067,15.57255],[119.947693,15.57283],[119.947281,15.57303],[119.94696,15.57332],[119.946617,15.57354],[119.946281,15.57369],[119.945923,15.57381],[119.945549,15.57391],[119.945183,15.57409],[119.944733,15.57416],[119.944252,15.57417],[119.943771,15.57417],[119.943336,15.57417],[119.942947,15.57417],[119.942596,15.57417],[119.942223,15.57417],[119.941803,15.57417],[119.941307,15.57412],[119.941269,15.5741],[119.941063,15.57411],[119.940811,15.57411],[119.934097,15.59983],[119.936943,15.59911],[119.939507,15.59797],[119.940933,15.59704],[119.942619,15.59614],[119.945633,15.59402],[119.946587,15.59198],[119.946953,15.59004],[119.947769,15.58768],[119.948738,15.58571],[119.950478,15.58392],[119.952293,15.58247],[119.954422,15.58121],[119.959007,15.57851],[119.961212,15.5776],[119.963051,15.57829]]]]}},{"type":"Feature","properties":{"ID_0":177,"ISO":"PHL","NAME_0":"Philippines","ID_1":3071,"NAME_1":"Zambales","ID_2":307106,"NAME_2":"Masinloc","ID_3":307106013,"NAME_3":"Tapuac","NL_NAME_3":null,"VARNAME_3":null,"TYPE_3":"Barangay","ENGTYPE_3":"Village","PROVINCE":"Zambales","REGION":"Region III (Central Luzon)","id":"barangay-0307106013","name":"Tapuac","barangayCode":"0307106013","population":null,"formattedPop":null,"densityCategory":"No data","vulnerabilityRating":"No data","healthRiskLevel":"No data","areaKm2":57.725668,"centerLat":15.556049,"centerLng":120.107252,"geometrySource":"all_barangay-2.csv detailed WKT","geometryMatchMethod":"unique_official_admin_names","boundaryPointCount":167},"geometry":{"type":"MultiPolygon","coordinates":[[[[119.963051,15.57829],[119.964851,15.57948],[119.966873,15.58058],[119.969254,15.58203],[119.97216,15.58381],[119.975037,15.58583],[119.977043,15.58645],[119.979027,15.58693],[119.980942,15.58804],[119.982513,15.58925],[119.983719,15.5901],[119.985863,15.59043],[119.988007,15.59095],[119.990768,15.59184],[119.992554,15.59175],[119.995232,15.59047],[119.996101,15.58807],[119.99633,15.5862],[119.99791,15.58396],[120.000351,15.58149],[120.002113,15.57757],[120.00296,15.576],[120.005074,15.5754],[120.006882,15.57477],[120.009064,15.57404],[120.013809,15.57515],[120.017838,15.57529],[120.020058,15.5736],[120.021088,15.5715],[120.023064,15.56986],[120.026253,15.56886],[120.028877,15.56907],[120.031563,15.57147],[120.03344,15.57401],[120.03569,15.57535],[120.037918,15.57516],[120.040047,15.57507],[120.042793,15.57439],[120.04425,15.57384],[120.045914,15.57395],[120.047142,15.57455],[120.048111,15.57504],[120.048302,15.57406],[120.04892,15.57458],[120.050133,15.57531],[120.050858,15.57567],[120.052048,15.57617],[120.053818,15.5771],[120.055054,15.57763],[120.057404,15.57885],[120.058472,15.57935],[120.06002,15.57986],[120.061249,15.58013],[120.062767,15.58011],[120.064072,15.58017],[120.064934,15.58074],[120.067352,15.58131],[120.071671,15.5801],[120.074074,15.57881],[120.076729,15.57704],[120.078041,15.57703],[120.081581,15.57638],[120.08287,15.57429],[120.082893,15.57383],[120.083076,15.57258],[120.083641,15.57108],[120.084877,15.57093],[120.08699,15.57096],[120.088333,15.56981],[120.090012,15.56787],[120.0905,15.56757],[120.092133,15.56662],[120.094597,15.56616],[120.095413,15.56601],[120.096367,15.56575],[120.097656,15.56502],[120.098389,15.56387],[120.098419,15.56364],[120.098373,15.56192],[120.098213,15.56127],[120.098007,15.55943],[120.098022,15.55931],[120.099091,15.55696],[120.100616,15.5571],[120.103401,15.55787],[120.106827,15.55587],[120.109123,15.55516],[120.11039,15.55539],[120.1119,15.55619],[120.11409,15.55687],[120.115952,15.55611],[120.117699,15.55643],[120.119621,15.55827],[120.121681,15.55918],[120.124008,15.56095],[120.125526,15.56271],[120.126266,15.56377],[120.128899,15.56599],[120.130272,15.56744],[120.131577,15.56918],[120.133133,15.57013],[120.135368,15.57077],[120.137512,15.57123],[120.197052,15.57002],[120.215309,15.56542],[120.195122,15.52601],[120.000053,15.52949],[119.992706,15.52888],[119.986679,15.52921],[119.982887,15.53015],[119.97995,15.5319],[119.978493,15.53403],[119.976997,15.5365],[119.976357,15.5379],[119.97477,15.53845],[119.972977,15.53932],[119.972343,15.53973],[119.971581,15.54019],[119.970337,15.54195],[119.967377,15.54431],[119.964249,15.5457],[119.962914,15.54745],[119.962341,15.54836],[119.961052,15.5499],[119.959557,15.55183],[119.958138,15.55301],[119.954948,15.5532],[119.952827,15.55238],[119.951523,15.55091],[119.951576,15.5495],[119.952606,15.54872],[119.954002,15.54772],[119.953934,15.54674],[119.952759,15.54633],[119.951492,15.54694],[119.950546,15.54739],[119.949417,15.54768],[119.948807,15.54784],[119.948517,15.5485],[119.948624,15.54944],[119.949203,15.55058],[119.949463,15.55096],[119.951561,15.55468],[119.953423,15.55528],[119.954643,15.5554],[119.955116,15.55578],[119.955627,15.55648],[119.955681,15.55782],[119.956047,15.55813],[119.956383,15.5582],[119.956902,15.55839],[119.957558,15.55902],[119.958168,15.56025],[119.958076,15.56099],[119.957817,15.56204],[119.958191,15.56299],[119.958893,15.56374],[119.9599,15.56494],[119.959999,15.56557],[119.960091,15.5666],[119.959717,15.56724],[119.959557,15.56777],[119.959343,15.56838],[119.959129,15.56912],[119.95887,15.57008],[119.95948,15.57399],[119.963051,15.57829]]]]}},{"type":"Feature","properties":{"ID_0":177,"ISO":"PHL","NAME_0":"Philippines","ID_1":3071,"NAME_1":"Zambales","ID_2":307108,"NAME_2":"Palauig","ID_3":307108001,"NAME_3":"Alwa","NL_NAME_3":null,"VARNAME_3":null,"TYPE_3":"Barangay","ENGTYPE_3":"Village","PROVINCE":"Zambales","REGION":"Region III (Central Luzon)","id":"barangay-0307108001","name":"Alwa","barangayCode":"0307108001","population":null,"formattedPop":null,"densityCategory":"No data","vulnerabilityRating":"No data","healthRiskLevel":"No data","areaKm2":3.378284,"centerLat":15.422556,"centerLng":119.920221,"geometrySource":"all_barangay-2.csv detailed WKT","geometryMatchMethod":"unique_official_admin_names","boundaryPointCount":79},"geometry":{"type":"MultiPolygon","coordinates":[[[[119.918427,15.41715],[119.916473,15.41552],[119.915947,15.41502],[119.915268,15.41486],[119.913193,15.41382],[119.913483,15.41246],[119.914337,15.41055],[119.915367,15.40831],[119.915443,15.40674],[119.915207,15.4057],[119.914238,15.40413],[119.913094,15.40292],[119.911888,15.40128],[119.911842,15.40045],[119.911423,15.40052],[119.911392,15.40056],[119.911392,15.40083],[119.91111,15.40111],[119.91066,15.40066],[119.910004,15.4],[119.909721,15.4],[119.909447,15.39972],[119.909157,15.39972],[119.908607,15.39937],[119.908401,15.39944],[119.907784,15.39972],[119.907219,15.40028],[119.90667,15.40028],[119.906387,15.40056],[119.905563,15.40056],[119.903053,15.40306],[119.903053,15.40313],[119.903053,15.40333],[119.902779,15.40361],[119.902779,15.40389],[119.902496,15.40417],[119.902496,15.40444],[119.901947,15.40556],[119.901947,15.40653],[119.901947,15.40694],[119.902184,15.40718],[119.902222,15.40722],[119.902222,15.4073],[119.902222,15.4075],[119.901947,15.40778],[119.902222,15.40806],[119.902222,15.40833],[119.902496,15.40861],[119.902496,15.40917],[119.902946,15.40963],[119.903053,15.40972],[119.903801,15.4101],[119.904152,15.41099],[119.904297,15.41154],[119.904999,15.41222],[119.905281,15.4125],[119.905281,15.41278],[119.906937,15.41444],[119.906937,15.41472],[119.907219,15.415],[119.907219,15.41528],[119.907501,15.41556],[119.907501,15.41611],[119.907784,15.41639],[119.907784,15.41694],[119.907501,15.41722],[119.907501,15.4175],[119.906937,15.41806],[119.90667,15.41889],[119.906387,15.41917],[119.906113,15.41917],[119.905563,15.41972],[119.905563,15.42],[119.905281,15.42028],[119.904999,15.42028],[119.903938,15.42133],[119.909843,15.42402],[119.914398,15.42418],[119.918427,15.41715]]]]}},{"type":"Feature","properties":{"ID_0":177,"ISO":"PHL","NAME_0":"Philippines","ID_1":3071,"NAME_1":"Zambales","ID_2":307108,"NAME_2":"Palauig","ID_3":307108002,"NAME_3":"Bato","NL_NAME_3":null,"VARNAME_3":null,"TYPE_3":"Barangay","ENGTYPE_3":"Village","PROVINCE":"Zambales","REGION":"Region III (Central Luzon)","id":"barangay-0307108002","name":"Bato","barangayCode":"0307108002","population":null,"formattedPop":null,"densityCategory":"No data","vulnerabilityRating":"No data","healthRiskLevel":"No data","areaKm2":1.047165,"centerLat":15.41441,"centerLng":119.9184,"geometrySource":"all_barangay-2.csv detailed WKT","geometryMatchMethod":"unique_official_admin_names","boundaryPointCount":27},"geometry":{"type":"MultiPolygon","coordinates":[[[[119.934464,15.41847],[119.937653,15.41523],[119.925713,15.4076],[119.921867,15.40605],[119.915207,15.4057],[119.915443,15.40674],[119.915367,15.40831],[119.914337,15.41055],[119.913483,15.41246],[119.913193,15.41382],[119.915268,15.41486],[119.915947,15.41502],[119.916473,15.41552],[119.918427,15.41715],[119.919273,15.41727],[119.920433,15.41755],[119.921494,15.41807],[119.922928,15.41888],[119.9245,15.41891],[119.925751,15.41889],[119.926514,15.41878],[119.927101,15.41931],[119.927963,15.42043],[119.928711,15.41898],[119.930481,15.41808],[119.933052,15.41789],[119.934464,15.41847]]]]}},{"type":"Feature","properties":{"ID_0":177,"ISO":"PHL","NAME_0":"Philippines","ID_1":3071,"NAME_1":"Zambales","ID_2":307108,"NAME_2":"Palauig","ID_3":307108003,"NAME_3":"Bulawen","NL_NAME_3":null,"VARNAME_3":null,"TYPE_3":"Barangay","ENGTYPE_3":"Village","PROVINCE":"Zambales","REGION":"Region III (Central Luzon)","id":"barangay-0307108003","name":"Bulawen","barangayCode":"0307108003","population":null,"formattedPop":null,"densityCategory":"No data","vulnerabilityRating":"No data","healthRiskLevel":"No data","areaKm2":79.931834,"centerLat":15.414057,"centerLng":120.05196,"geometrySource":"all_barangay-2.csv detailed WKT","geometryMatchMethod":"unique_official_admin_names","boundaryPointCount":14},"geometry":{"type":"MultiPolygon","coordinates":[[[[120.00808,15.43265],[119.986641,15.41406],[119.970497,15.40259],[119.957947,15.39862],[119.9562,15.39807],[119.949707,15.39602],[119.950661,15.40499],[119.952477,15.40933],[119.950279,15.41768],[119.949409,15.42983],[119.942841,15.43663],[119.947357,15.44471],[119.99015,15.4366],[120.00808,15.43265]]]]}},{"type":"Feature","properties":{"ID_0":177,"ISO":"PHL","NAME_0":"Philippines","ID_1":3071,"NAME_1":"Zambales","ID_2":307108,"NAME_2":"Palauig","ID_3":307108004,"NAME_3":"Cauyan","NL_NAME_3":null,"VARNAME_3":null,"TYPE_3":"Barangay","ENGTYPE_3":"Village","PROVINCE":"Zambales","REGION":"Region III (Central Luzon)","id":"barangay-0307108004","name":"Cauyan","barangayCode":"0307108004","population":null,"formattedPop":null,"densityCategory":"No data","vulnerabilityRating":"No data","healthRiskLevel":"No data","areaKm2":3.399737,"centerLat":15.442971,"centerLng":119.93748,"geometrySource":"all_barangay-2.csv detailed WKT","geometryMatchMethod":"unique_official_admin_names","boundaryPointCount":9},"geometry":{"type":"MultiPolygon","coordinates":[[[[119.933006,15.45387],[119.945084,15.45324],[119.944504,15.44595],[119.928261,15.44584],[119.92849,15.44607],[119.929871,15.44705],[119.931473,15.44965],[119.932564,15.45266],[119.933006,15.45387]]]]}},{"type":"Feature","properties":{"ID_0":177,"ISO":"PHL","NAME_0":"Philippines","ID_1":3071,"NAME_1":"Zambales","ID_2":307108,"NAME_2":"Palauig","ID_3":307108005,"NAME_3":"Garreta","NL_NAME_3":null,"VARNAME_3":null,"TYPE_3":"Barangay","ENGTYPE_3":"Village","PROVINCE":"Zambales","REGION":"Region III (Central Luzon)","id":"barangay-0307108005","name":"Garreta","barangayCode":"0307108005","population":null,"formattedPop":null,"densityCategory":"No data","vulnerabilityRating":"No data","healthRiskLevel":"No data","areaKm2":0.333231,"centerLat":15.437357,"centerLng":119.899388,"geometrySource":"all_barangay-2.csv detailed WKT","geometryMatchMethod":"unique_official_admin_names","boundaryPointCount":55},"geometry":{"type":"MultiPolygon","coordinates":[[[[119.899353,15.4402],[119.900192,15.43753],[119.902748,15.43072],[119.893623,15.42556],[119.892776,15.42556],[119.892502,15.42583],[119.892502,15.42611],[119.89222,15.42611],[119.89167,15.42667],[119.89167,15.42694],[119.890831,15.42778],[119.890831,15.42806],[119.890556,15.42833],[119.890556,15.42889],[119.889999,15.42944],[119.889999,15.43056],[119.889717,15.43083],[119.889717,15.43139],[119.889999,15.43167],[119.889999,15.43195],[119.890266,15.43222],[119.890266,15.4325],[119.890388,15.43262],[119.89222,15.43444],[119.892502,15.43444],[119.893059,15.435],[119.893333,15.435],[119.893608,15.43504],[119.89399,15.43523],[119.894447,15.43528],[119.89489,15.43528],[119.895287,15.43529],[119.895592,15.43538],[119.895714,15.43555],[119.895897,15.43572],[119.896118,15.4359],[119.896271,15.43618],[119.896347,15.43651],[119.896347,15.43683],[119.896278,15.43713],[119.896149,15.43742],[119.896057,15.43774],[119.895882,15.43808],[119.89579,15.43861],[119.895683,15.43922],[119.895973,15.43979],[119.896278,15.44024],[119.896629,15.44056],[119.896744,15.44066],[119.897003,15.44087],[119.897476,15.44107],[119.898087,15.44106],[119.898712,15.44077],[119.899193,15.44036],[119.899353,15.4402]]]]}},{"type":"Feature","properties":{"ID_0":177,"ISO":"PHL","NAME_0":"Philippines","ID_1":3071,"NAME_1":"Zambales","ID_2":307108,"NAME_2":"Palauig","ID_3":307108006,"NAME_3":"Libaba","NL_NAME_3":null,"VARNAME_3":null,"TYPE_3":"Barangay","ENGTYPE_3":"Village","PROVINCE":"Zambales","REGION":"Region III (Central Luzon)","id":"barangay-0307108006","name":"Libaba","barangayCode":"0307108006","population":null,"formattedPop":null,"densityCategory":"No data","vulnerabilityRating":"No data","healthRiskLevel":"No data","areaKm2":0.84145,"centerLat":15.431697,"centerLng":119.896167,"geometrySource":"all_barangay-2.csv detailed WKT","geometryMatchMethod":"unique_official_admin_names","boundaryPointCount":16},"geometry":{"type":"MultiPolygon","coordinates":[[[[119.910622,15.43366],[119.91217,15.42978],[119.908737,15.42852],[119.903419,15.42598],[119.897667,15.42289],[119.897499,15.42306],[119.897499,15.42333],[119.895844,15.425],[119.895554,15.425],[119.895279,15.42528],[119.894997,15.42528],[119.894722,15.42556],[119.893623,15.42556],[119.902748,15.43072],[119.905663,15.43199],[119.910622,15.43366]]]]}},{"type":"Feature","properties":{"ID_0":177,"ISO":"PHL","NAME_0":"Philippines","ID_1":3071,"NAME_1":"Zambales","ID_2":307108,"NAME_2":"Palauig","ID_3":307108007,"NAME_3":"Liozon","NL_NAME_3":null,"VARNAME_3":null,"TYPE_3":"Barangay","ENGTYPE_3":"Village","PROVINCE":"Zambales","REGION":"Region III (Central Luzon)","id":"barangay-0307108007","name":"Liozon","barangayCode":"0307108007","population":null,"formattedPop":null,"densityCategory":"No data","vulnerabilityRating":"No data","healthRiskLevel":"No data","areaKm2":5.542258,"centerLat":15.398918,"centerLng":119.938589,"geometrySource":"all_barangay-2.csv detailed WKT","geometryMatchMethod":"unique_official_admin_names","boundaryPointCount":57},"geometry":{"type":"MultiPolygon","coordinates":[[[[119.949013,15.41684],[119.950279,15.41768],[119.952477,15.40933],[119.950661,15.40499],[119.949707,15.39602],[119.948578,15.39585],[119.948418,15.39583],[119.946907,15.39561],[119.938911,15.39196],[119.9375,15.3909],[119.9375,15.39111],[119.936943,15.39167],[119.936668,15.39139],[119.936111,15.39139],[119.935837,15.39111],[119.935547,15.39111],[119.93528,15.39083],[119.934998,15.39083],[119.934723,15.39056],[119.934448,15.39056],[119.934174,15.39028],[119.932777,15.39028],[119.932503,15.39],[119.93222,15.39],[119.931664,15.38944],[119.930832,15.38944],[119.930557,15.38917],[119.930267,15.38917],[119.93,15.38889],[119.929733,15.38889],[119.929169,15.38833],[119.928612,15.38833],[119.928047,15.38778],[119.927223,15.38778],[119.926941,15.38764],[119.925278,15.38917],[119.925003,15.38917],[119.924721,15.38944],[119.924606,15.38944],[119.924156,15.38944],[119.923607,15.39],[119.923553,15.39041],[119.922707,15.39097],[119.922501,15.39111],[119.921669,15.39195],[119.921387,15.39195],[119.921112,15.39222],[119.92083,15.39222],[119.919823,15.39323],[119.920319,15.39369],[119.927116,15.40122],[119.931503,15.40652],[119.935783,15.40846],[119.938057,15.40913],[119.943657,15.40988],[119.947617,15.41217],[119.949013,15.41684]]]]}},{"type":"Feature","properties":{"ID_0":177,"ISO":"PHL","NAME_0":"Philippines","ID_1":3071,"NAME_1":"Zambales","ID_2":307108,"NAME_2":"Palauig","ID_3":307108008,"NAME_3":"Lipay","NL_NAME_3":null,"VARNAME_3":null,"TYPE_3":"Barangay","ENGTYPE_3":"Village","PROVINCE":"Zambales","REGION":"Region III (Central Luzon)","id":"barangay-0307108008","name":"Lipay","barangayCode":"0307108008","population":null,"formattedPop":null,"densityCategory":"No data","vulnerabilityRating":"No data","healthRiskLevel":"No data","areaKm2":10.962373,"centerLat":15.467771,"centerLng":119.920181,"geometrySource":"all_barangay-2.csv detailed WKT","geometryMatchMethod":"unique_official_admin_names","boundaryPointCount":207},"geometry":{"type":"MultiPolygon","coordinates":[[[[119.936928,15.4775],[119.936531,15.47732],[119.934868,15.45807],[119.933006,15.45387],[119.932564,15.45266],[119.931473,15.44965],[119.929871,15.44705],[119.92849,15.44607],[119.928261,15.44584],[119.92659,15.44527],[119.924004,15.44219],[119.923378,15.44174],[119.921341,15.44067],[119.916786,15.44755],[119.917763,15.44928],[119.916832,15.44945],[119.916267,15.44987],[119.915001,15.45111],[119.915001,15.45135],[119.915001,15.45167],[119.914719,15.45194],[119.914719,15.45222],[119.914169,15.45278],[119.914169,15.45306],[119.913612,15.45361],[119.91349,15.45391],[119.913208,15.4542],[119.912857,15.45452],[119.912483,15.45487],[119.912064,15.45519],[119.911667,15.45554],[119.911293,15.45581],[119.910919,15.45601],[119.910538,15.4561],[119.910156,15.45611],[119.90979,15.45611],[119.909447,15.45611],[119.909103,15.45611],[119.908737,15.45612],[119.908401,15.4562],[119.908089,15.45639],[119.907784,15.45661],[119.907494,15.45686],[119.907478,15.45749],[119.90741,15.45798],[119.907257,15.45831],[119.907127,15.45862],[119.906967,15.45894],[119.906792,15.45935],[119.906693,15.45984],[119.90667,15.46037],[119.906387,15.46056],[119.905281,15.46167],[119.904587,15.46277],[119.904427,15.46288],[119.904297,15.46297],[119.904266,15.46317],[119.904167,15.46389],[119.904167,15.46417],[119.904137,15.4647],[119.903954,15.46509],[119.903778,15.46552],[119.903526,15.46586],[119.903343,15.46621],[119.903297,15.46672],[119.903053,15.46721],[119.902611,15.46761],[119.902451,15.46841],[119.902382,15.46887],[119.902199,15.46934],[119.90197,15.4698],[119.901817,15.47025],[119.901642,15.47065],[119.901421,15.47101],[119.90123,15.47138],[119.901016,15.47175],[119.900963,15.47225],[119.901207,15.47303],[119.901123,15.47368],[119.900932,15.47433],[119.90081,15.47503],[119.900612,15.47567],[119.90036,15.47624],[119.900284,15.47639],[119.900002,15.47667],[119.900002,15.47694],[119.899719,15.47722],[119.899719,15.47806],[119.899757,15.47809],[119.900833,15.47917],[119.900833,15.47944],[119.901108,15.47972],[119.901108,15.48],[119.901314,15.48041],[119.901604,15.48074],[119.901657,15.4808],[119.901947,15.48119],[119.902222,15.4816],[119.902443,15.48207],[119.902557,15.48262],[119.902771,15.48309],[119.902962,15.48353],[119.903084,15.48399],[119.903236,15.48438],[119.903343,15.48479],[119.903343,15.485],[119.90361,15.48528],[119.90361,15.48611],[119.903893,15.48639],[119.903893,15.48861],[119.90361,15.48889],[119.90361,15.48944],[119.903343,15.48972],[119.903343,15.49083],[119.903053,15.49111],[119.903053,15.49139],[119.903343,15.49167],[119.903343,15.49188],[119.903343,15.49194],[119.904999,15.49361],[119.905281,15.49333],[119.906113,15.49333],[119.906937,15.4925],[119.906937,15.49167],[119.907219,15.49139],[119.907219,15.49],[119.907501,15.48972],[119.907501,15.48694],[119.907219,15.48667],[119.907501,15.48639],[119.907501,15.48611],[119.907547,15.48583],[119.907753,15.48554],[119.907944,15.48514],[119.908257,15.4848],[119.90863,15.48448],[119.908997,15.48419],[119.909363,15.48397],[119.909683,15.48374],[119.909897,15.48344],[119.910179,15.48317],[119.910507,15.48298],[119.910767,15.4828],[119.91098,15.4827],[119.911308,15.4825],[119.911568,15.4825],[119.912682,15.48192],[119.912987,15.48159],[119.913231,15.48127],[119.913437,15.48095],[119.913719,15.48062],[119.914063,15.48029],[119.914413,15.47996],[119.914726,15.47963],[119.915031,15.47931],[119.915359,15.47902],[119.915733,15.47878],[119.916077,15.47855],[119.916412,15.47831],[119.91674,15.47807],[119.917091,15.47782],[119.917526,15.47757],[119.918022,15.4773],[119.918579,15.47703],[119.919167,15.47683],[119.919746,15.47668],[119.920319,15.47658],[119.920753,15.47631],[119.921112,15.47609],[119.921478,15.47588],[119.921883,15.47571],[119.922256,15.47558],[119.9226,15.47546],[119.922943,15.47532],[119.923218,15.47528],[119.923332,15.47528],[119.923889,15.47528],[119.924156,15.47556],[119.926292,15.4759],[119.926697,15.4758],[119.927116,15.47561],[119.927559,15.47556],[119.92794,15.47555],[119.928261,15.47555],[119.928558,15.47555],[119.928864,15.47557],[119.929153,15.47566],[119.929466,15.47581],[119.929863,15.47589],[119.930222,15.47608],[119.930656,15.47622],[119.931053,15.47642],[119.931396,15.47666],[119.931717,15.47689],[119.932098,15.47708],[119.932571,15.47725],[119.933067,15.4775],[119.933632,15.47768],[119.934189,15.4775],[119.93438,15.47742],[119.934677,15.47729],[119.935097,15.47722],[119.935471,15.47722],[119.935829,15.47723],[119.93618,15.47731],[119.936531,15.47747],[119.936928,15.4775]]]]}},{"type":"Feature","properties":{"ID_0":177,"ISO":"PHL","NAME_0":"Philippines","ID_1":3071,"NAME_1":"Zambales","ID_2":307108,"NAME_2":"Palauig","ID_3":307108009,"NAME_3":"Locloc","NL_NAME_3":null,"VARNAME_3":null,"TYPE_3":"Barangay","ENGTYPE_3":"Village","PROVINCE":"Zambales","REGION":"Region III (Central Luzon)","id":"barangay-0307108009","name":"Locloc","barangayCode":"0307108009","population":null,"formattedPop":null,"densityCategory":"No data","vulnerabilityRating":"No data","healthRiskLevel":"No data","areaKm2":1.727209,"centerLat":15.39972,"centerLng":119.920558,"geometrySource":"all_barangay-2.csv detailed WKT","geometryMatchMethod":"unique_official_admin_names","boundaryPointCount":35},"geometry":{"type":"MultiPolygon","coordinates":[[[[119.915207,15.4057],[119.921867,15.40605],[119.927116,15.40122],[119.920319,15.39369],[119.919823,15.39323],[119.919724,15.39333],[119.919167,15.39417],[119.919167,15.39425],[119.919167,15.39444],[119.918892,15.39472],[119.918892,15.39611],[119.91861,15.39647],[119.918419,15.39675],[119.918266,15.39711],[119.918037,15.39746],[119.917732,15.39782],[119.917381,15.39816],[119.916969,15.39849],[119.916588,15.39884],[119.916153,15.39909],[119.915619,15.39921],[119.915176,15.39942],[119.914726,15.39958],[119.914322,15.3997],[119.913918,15.39967],[119.913582,15.39961],[119.91333,15.39965],[119.9123,15.39979],[119.911942,15.4],[119.911423,15.40052],[119.911842,15.40045],[119.911888,15.40128],[119.913094,15.40292],[119.914238,15.40413],[119.915207,15.4057]]]]}},{"type":"Feature","properties":{"ID_0":177,"ISO":"PHL","NAME_0":"Philippines","ID_1":3071,"NAME_1":"Zambales","ID_2":307108,"NAME_2":"Palauig","ID_3":307108010,"NAME_3":"Macarang","NL_NAME_3":null,"VARNAME_3":null,"TYPE_3":"Barangay","ENGTYPE_3":"Village","PROVINCE":"Zambales","REGION":"Region III (Central Luzon)","id":"barangay-0307108010","name":"Macarang","barangayCode":"0307108010","population":null,"formattedPop":null,"densityCategory":"No data","vulnerabilityRating":"No data","healthRiskLevel":"No data","areaKm2":6.203163,"centerLat":15.412618,"centerLng":119.928926,"geometrySource":"all_barangay-2.csv detailed WKT","geometryMatchMethod":"unique_official_admin_names","boundaryPointCount":25},"geometry":{"type":"MultiPolygon","coordinates":[[[[119.949013,15.41684],[119.947617,15.41217],[119.943657,15.40988],[119.938057,15.40913],[119.935783,15.40846],[119.931503,15.40652],[119.927116,15.40122],[119.921867,15.40605],[119.925713,15.4076],[119.937653,15.41523],[119.934464,15.41847],[119.934883,15.41872],[119.93589,15.41939],[119.937523,15.42023],[119.93985,15.42051],[119.941856,15.42],[119.943542,15.41956],[119.94471,15.41939],[119.944794,15.41885],[119.945259,15.41858],[119.946136,15.4187],[119.947182,15.41835],[119.94799,15.41726],[119.94828,15.41698],[119.949013,15.41684]]]]}},{"type":"Feature","properties":{"ID_0":177,"ISO":"PHL","NAME_0":"Philippines","ID_1":3071,"NAME_1":"Zambales","ID_2":307108,"NAME_2":"Palauig","ID_3":307108011,"NAME_3":"Magalawa","NL_NAME_3":null,"VARNAME_3":null,"TYPE_3":"Barangay","ENGTYPE_3":"Village","PROVINCE":"Zambales","REGION":"Region III (Central Luzon)","id":"barangay-0307108011","name":"Magalawa","barangayCode":"0307108011","population":null,"formattedPop":null,"densityCategory":"No data","vulnerabilityRating":"No data","healthRiskLevel":"No data","areaKm2":0.485338,"centerLat":15.494981,"centerLng":119.894696,"geometrySource":"all_barangay-2.csv detailed WKT","geometryMatchMethod":"unique_official_admin_names","boundaryPointCount":234},"geometry":{"type":"MultiPolygon","coordinates":[[[[119.925941,15.48698],[119.926392,15.48694],[119.927223,15.48694],[119.927498,15.48667],[119.928337,15.48667],[119.928612,15.48694],[119.929733,15.48694],[119.93,15.48722],[119.930267,15.48722],[119.930557,15.4875],[119.931953,15.4875],[119.93222,15.48778],[119.933327,15.48778],[119.933609,15.48806],[119.933891,15.48806],[119.934448,15.48861],[119.934723,15.48861],[119.934998,15.48889],[119.935547,15.48889],[119.935837,15.48861],[119.936111,15.48861],[119.936394,15.48833],[119.937233,15.48833],[119.9375,15.48806],[119.937767,15.48806],[119.938057,15.48778],[119.938606,15.48778],[119.938889,15.4875],[119.940002,15.4875],[119.940277,15.48722],[119.941109,15.48722],[119.941673,15.48667],[119.941673,15.48583],[119.941391,15.48556],[119.941391,15.48528],[119.940552,15.48444],[119.939453,15.48444],[119.938889,15.48389],[119.938332,15.48389],[119.938057,15.48417],[119.937767,15.48389],[119.9375,15.48389],[119.937233,15.48361],[119.936943,15.48361],[119.936668,15.48389],[119.936111,15.48389],[119.935837,15.48361],[119.934998,15.48361],[119.934723,15.48333],[119.934448,15.48333],[119.934174,15.48306],[119.933891,15.48306],[119.933327,15.4825],[119.933052,15.4825],[119.932777,15.48222],[119.931389,15.48222],[119.931107,15.4825],[119.930557,15.4825],[119.93,15.48306],[119.929169,15.48306],[119.928886,15.48333],[119.928612,15.48333],[119.928337,15.48361],[119.92778,15.48361],[119.927498,15.48389],[119.926941,15.48389],[119.926666,15.48417],[119.926109,15.48417],[119.925827,15.48389],[119.924454,15.48389],[119.924477,15.48372],[119.92395,15.48375],[119.923477,15.48365],[119.922981,15.48358],[119.922462,15.48349],[119.921883,15.48351],[119.921593,15.48358],[119.921303,15.48366],[119.920937,15.48382],[119.920593,15.4841],[119.920227,15.48444],[119.919777,15.48471],[119.919296,15.4849],[119.918808,15.48496],[119.918373,15.48494],[119.918007,15.48485],[119.917702,15.4847],[119.917397,15.48466],[119.91713,15.48487],[119.916908,15.4852],[119.916672,15.48552],[119.916443,15.48582],[119.916237,15.4862],[119.916023,15.48664],[119.915977,15.48722],[119.916069,15.48778],[119.916122,15.48826],[119.916153,15.48868],[119.916183,15.4891],[119.916206,15.4896],[119.91629,15.49018],[119.916451,15.4908],[119.91674,15.49117],[119.917061,15.49141],[119.917381,15.49163],[119.91777,15.49178],[119.918213,15.49192],[119.918747,15.49198],[119.91925,15.49219],[119.919777,15.49231],[119.92028,15.4925],[119.921387,15.4925],[119.921669,15.49278],[119.922501,15.49278],[119.923332,15.49194],[119.923332,15.49167],[119.923431,15.49125],[119.923599,15.491],[119.923622,15.49073],[119.92366,15.49045],[119.923813,15.49019],[119.923882,15.48989],[119.923897,15.48953],[119.924011,15.48919],[119.924202,15.48885],[119.924263,15.48876],[119.924454,15.48851],[119.924713,15.48816],[119.924919,15.48789],[119.92498,15.48781],[119.925278,15.48748],[119.925591,15.4872],[119.925941,15.48698]]],[[[119.923851,15.49671],[119.923927,15.49651],[119.924133,15.49644],[119.924133,15.49616],[119.92421,15.49589],[119.924423,15.49582],[119.924423,15.49548],[119.92421,15.49534],[119.92421,15.49507],[119.924347,15.495],[119.924477,15.49452],[119.924767,15.49452],[119.924698,15.49418],[119.924477,15.49391],[119.924278,15.49384],[119.923927,15.49377],[119.923851,15.49356],[119.923637,15.49356],[119.923569,15.49391],[119.923363,15.49397],[119.923286,15.49418],[119.922798,15.49425],[119.922577,15.49445],[119.922234,15.49445],[119.921951,15.495],[119.921753,15.49507],[119.921669,15.49541],[119.921753,15.49555],[119.921951,15.49562],[119.921951,15.49589],[119.921753,15.49596],[119.921753,15.49637],[119.923012,15.49644],[119.923286,15.49664],[119.923569,15.49657],[119.923569,15.49678],[119.923431,15.49685],[119.923431,15.49719],[119.923782,15.49726],[119.923851,15.49671]]],[[[119.892807,15.49061],[119.892563,15.49056],[119.892197,15.4906],[119.891823,15.49086],[119.891472,15.49124],[119.891281,15.49176],[119.891098,15.4923],[119.890907,15.49285],[119.890839,15.49342],[119.890831,15.49399],[119.890823,15.49455],[119.890823,15.4951],[119.890846,15.49561],[119.890968,15.49606],[119.891243,15.49638],[119.891563,15.49667],[119.891876,15.49696],[119.892197,15.4973],[119.892517,15.49768],[119.892906,15.49803],[119.893341,15.49833],[119.893753,15.49855],[119.89415,15.49862],[119.894501,15.49871],[119.894867,15.49886],[119.895309,15.49885],[119.895782,15.49867],[119.896317,15.49853],[119.896828,15.49828],[119.897209,15.49793],[119.897507,15.49757],[119.897797,15.49727],[119.898071,15.497],[119.898331,15.49672],[119.898567,15.49641],[119.898697,15.49604],[119.898872,15.49574],[119.89901,15.49544],[119.899162,15.49522],[119.899307,15.495],[119.899384,15.49459],[119.899162,15.49443],[119.898872,15.49421],[119.898514,15.49395],[119.898117,15.49367],[119.897682,15.49343],[119.897163,15.49331],[119.896713,15.49318],[119.896317,15.49303],[119.896049,15.49281],[119.895782,15.49263],[119.895523,15.49244],[119.895271,15.49223],[119.894997,15.49202],[119.894753,15.49179],[119.894547,15.4915],[119.894287,15.49126],[119.893944,15.49109],[119.893547,15.49087],[119.893021,15.49077],[119.892807,15.49061]]]]}},{"type":"Feature","properties":{"ID_0":177,"ISO":"PHL","NAME_0":"Philippines","ID_1":3071,"NAME_1":"Zambales","ID_2":307108,"NAME_2":"Palauig","ID_3":307108012,"NAME_3":"Pangolingan","NL_NAME_3":null,"VARNAME_3":null,"TYPE_3":"Barangay","ENGTYPE_3":"Village","PROVINCE":"Zambales","REGION":"Region III (Central Luzon)","id":"barangay-0307108012","name":"Pangolingan","barangayCode":"0307108012","population":null,"formattedPop":null,"densityCategory":"No data","vulnerabilityRating":"No data","healthRiskLevel":"No data","areaKm2":37.464849,"centerLat":15.483534,"centerLng":120.047515,"geometrySource":"all_barangay-2.csv detailed WKT","geometryMatchMethod":"unique_official_admin_names","boundaryPointCount":16},"geometry":{"type":"MultiPolygon","coordinates":[[[[120.180229,15.48803],[120.170929,15.43856],[120.028328,15.45679],[119.998016,15.45631],[119.954628,15.45968],[119.950279,15.48017],[119.961304,15.47967],[119.983727,15.47819],[120.005501,15.48176],[120.009827,15.48131],[120.012756,15.47979],[120.015488,15.47696],[120.047813,15.48293],[120.149498,15.50928],[120.185997,15.50733],[120.180229,15.48803]]]]}},{"type":"Feature","properties":{"ID_0":177,"ISO":"PHL","NAME_0":"Philippines","ID_1":3071,"NAME_1":"Zambales","ID_2":307108,"NAME_2":"Palauig","ID_3":307108013,"NAME_3":"East Poblacion","NL_NAME_3":null,"VARNAME_3":null,"TYPE_3":"Barangay","ENGTYPE_3":"Village","PROVINCE":"Zambales","REGION":"Region III (Central Luzon)","id":"barangay-0307108013","name":"East Poblacion","barangayCode":"0307108013","population":null,"formattedPop":null,"densityCategory":"No data","vulnerabilityRating":"No data","healthRiskLevel":"No data","areaKm2":0.716914,"centerLat":15.43731,"centerLng":119.911747,"geometrySource":"all_barangay-2.csv detailed WKT","geometryMatchMethod":"unique_official_admin_names","boundaryPointCount":13},"geometry":{"type":"MultiPolygon","coordinates":[[[[119.903793,15.43867],[119.904243,15.43922],[119.904678,15.43941],[119.905067,15.43934],[119.905487,15.43919],[119.905922,15.43916],[119.906387,15.43917],[119.906616,15.4394],[119.907494,15.43809],[119.910622,15.43366],[119.905663,15.43199],[119.904243,15.43727],[119.903793,15.43867]]]]}},{"type":"Feature","properties":{"ID_0":177,"ISO":"PHL","NAME_0":"Philippines","ID_1":3071,"NAME_1":"Zambales","ID_2":307108,"NAME_2":"Palauig","ID_3":307108015,"NAME_3":"West Poblacion","NL_NAME_3":null,"VARNAME_3":null,"TYPE_3":"Barangay","ENGTYPE_3":"Village","PROVINCE":"Zambales","REGION":"Region III (Central Luzon)","id":"barangay-0307108015","name":"West Poblacion","barangayCode":"0307108015","population":null,"formattedPop":null,"densityCategory":"No data","vulnerabilityRating":"No data","healthRiskLevel":"No data","areaKm2":0.223064,"centerLat":15.435161,"centerLng":119.90638,"geometrySource":"all_barangay-2.csv detailed WKT","geometryMatchMethod":"unique_official_admin_names","boundaryPointCount":20},"geometry":{"type":"MultiPolygon","coordinates":[[[[119.899353,15.4402],[119.899567,15.43998],[119.899849,15.43962],[119.900162,15.43937],[119.900414,15.43905],[119.900711,15.43875],[119.901031,15.43854],[119.901337,15.43831],[119.901657,15.4381],[119.902023,15.43804],[119.902382,15.43798],[119.902718,15.438],[119.903053,15.43808],[119.903397,15.43828],[119.903793,15.43867],[119.904243,15.43727],[119.905663,15.43199],[119.902748,15.43072],[119.900192,15.43753],[119.899353,15.4402]]]]}},{"type":"Feature","properties":{"ID_0":177,"ISO":"PHL","NAME_0":"Philippines","ID_1":3071,"NAME_1":"Zambales","ID_2":307108,"NAME_2":"Palauig","ID_3":307108016,"NAME_3":"Salaza","NL_NAME_3":null,"VARNAME_3":null,"TYPE_3":"Barangay","ENGTYPE_3":"Village","PROVINCE":"Zambales","REGION":"Region III (Central Luzon)","id":"barangay-0307108016","name":"Salaza","barangayCode":"0307108016","population":null,"formattedPop":null,"densityCategory":"No data","vulnerabilityRating":"No data","healthRiskLevel":"No data","areaKm2":146.64748,"centerLat":15.458682,"centerLng":120.088157,"geometrySource":"all_barangay-2.csv detailed WKT","geometryMatchMethod":"unique_official_admin_names","boundaryPointCount":18},"geometry":{"type":"MultiPolygon","coordinates":[[[[119.954628,15.45968],[119.998016,15.45631],[120.028328,15.45679],[120.170929,15.43856],[120.172684,15.42119],[120.098518,15.41447],[120.076393,15.41905],[120.026733,15.42935],[120.019608,15.43535],[120.014923,15.43557],[120.010696,15.43401],[120.00808,15.43265],[119.99015,15.4366],[119.947357,15.44471],[119.944504,15.44595],[119.945084,15.45324],[119.945,15.4595],[119.954628,15.45968]]]]}},{"type":"Feature","properties":{"ID_0":177,"ISO":"PHL","NAME_0":"Philippines","ID_1":3071,"NAME_1":"Zambales","ID_2":307108,"NAME_2":"Palauig","ID_3":307108017,"NAME_3":"San Juan","NL_NAME_3":null,"VARNAME_3":null,"TYPE_3":"Barangay","ENGTYPE_3":"Village","PROVINCE":"Zambales","REGION":"Region III (Central Luzon)","id":"barangay-0307108017","name":"San Juan","barangayCode":"0307108017","population":null,"formattedPop":null,"densityCategory":"No data","vulnerabilityRating":"No data","healthRiskLevel":"No data","areaKm2":1.018858,"centerLat":15.443528,"centerLng":119.918413,"geometrySource":"all_barangay-2.csv detailed WKT","geometryMatchMethod":"unique_official_admin_names","boundaryPointCount":39},"geometry":{"type":"MultiPolygon","coordinates":[[[[119.921341,15.44067],[119.915939,15.43729],[119.914284,15.43489],[119.910622,15.43366],[119.907494,15.43809],[119.906616,15.4394],[119.90667,15.43944],[119.906937,15.43944],[119.907219,15.43972],[119.907501,15.43944],[119.908058,15.43944],[119.908333,15.43972],[119.90889,15.43972],[119.909721,15.44056],[119.910278,15.44056],[119.910767,15.44078],[119.911171,15.44109],[119.911629,15.44147],[119.912086,15.44194],[119.912613,15.44242],[119.913162,15.44276],[119.913658,15.44303],[119.914063,15.44323],[119.914368,15.4434],[119.914574,15.44363],[119.914726,15.44392],[119.914948,15.44424],[119.915161,15.44463],[119.915314,15.44516],[119.915497,15.4457],[119.915627,15.44627],[119.915863,15.44675],[119.915833,15.44694],[119.915833,15.44778],[119.91684,15.44857],[119.916832,15.44945],[119.917763,15.44928],[119.916786,15.44755],[119.921341,15.44067]]]]}},{"type":"Feature","properties":{"ID_0":177,"ISO":"PHL","NAME_0":"Philippines","ID_1":3071,"NAME_1":"Zambales","ID_2":307108,"NAME_2":"Palauig","ID_3":307108018,"NAME_3":"Sto. Niño","NL_NAME_3":null,"VARNAME_3":"Sto. Nino","TYPE_3":"Barangay","ENGTYPE_3":"Village","PROVINCE":"Zambales","REGION":"Region III (Central Luzon)","id":"barangay-0307108018","name":"Sto. Niño","barangayCode":"0307108018","population":null,"formattedPop":null,"densityCategory":"No data","vulnerabilityRating":"No data","healthRiskLevel":"No data","areaKm2":4.237414,"centerLat":15.432974,"centerLng":119.931049,"geometrySource":"all_barangay-2.csv detailed WKT","geometryMatchMethod":"unique_official_admin_names","boundaryPointCount":36},"geometry":{"type":"MultiPolygon","coordinates":[[[[119.944504,15.44595],[119.947357,15.44471],[119.942841,15.43663],[119.949409,15.42983],[119.950279,15.41768],[119.949013,15.41684],[119.94828,15.41698],[119.94799,15.41726],[119.947182,15.41835],[119.946136,15.4187],[119.945259,15.41858],[119.944794,15.41885],[119.94471,15.41939],[119.943542,15.41956],[119.941856,15.42],[119.93985,15.42051],[119.937523,15.42023],[119.93589,15.41939],[119.934883,15.41872],[119.934464,15.41847],[119.933052,15.41789],[119.930481,15.41808],[119.928711,15.41898],[119.927963,15.42043],[119.922562,15.43236],[119.921097,15.43337],[119.919632,15.43387],[119.917969,15.43433],[119.914284,15.43489],[119.915939,15.43729],[119.921341,15.44067],[119.923378,15.44174],[119.924004,15.44219],[119.92659,15.44527],[119.928261,15.44584],[119.944504,15.44595]]]]}},{"type":"Feature","properties":{"ID_0":177,"ISO":"PHL","NAME_0":"Philippines","ID_1":3071,"NAME_1":"Zambales","ID_2":307108,"NAME_2":"Palauig","ID_3":307108019,"NAME_3":"Sto. Tomas","NL_NAME_3":null,"VARNAME_3":null,"TYPE_3":"Barangay","ENGTYPE_3":"Village","PROVINCE":"Zambales","REGION":"Region III (Central Luzon)","id":"barangay-0307108019","name":"Sto. Tomas","barangayCode":"0307108019","population":null,"formattedPop":null,"densityCategory":"No data","vulnerabilityRating":"No data","healthRiskLevel":"No data","areaKm2":1.91284,"centerLat":15.427861,"centerLng":119.904817,"geometrySource":"all_barangay-2.csv detailed WKT","geometryMatchMethod":"unique_official_admin_names","boundaryPointCount":44},"geometry":{"type":"MultiPolygon","coordinates":[[[[119.914284,15.43489],[119.917969,15.43433],[119.919632,15.43387],[119.921097,15.43337],[119.922562,15.43236],[119.927963,15.42043],[119.927101,15.41931],[119.926514,15.41878],[119.925751,15.41889],[119.9245,15.41891],[119.922928,15.41888],[119.921494,15.41807],[119.920433,15.41755],[119.919273,15.41727],[119.918427,15.41715],[119.914398,15.42418],[119.909843,15.42402],[119.903938,15.42133],[119.903053,15.42222],[119.902779,15.42222],[119.902496,15.4225],[119.902222,15.4225],[119.901947,15.42222],[119.901657,15.42222],[119.901657,15.42208],[119.901657,15.42194],[119.90139,15.42167],[119.901108,15.42167],[119.900833,15.42139],[119.899719,15.42139],[119.899544,15.4212],[119.899437,15.42111],[119.899384,15.42111],[119.898888,15.42111],[119.898064,15.42194],[119.898064,15.42222],[119.897781,15.4225],[119.897781,15.42278],[119.897667,15.42289],[119.903419,15.42598],[119.908737,15.42852],[119.91217,15.42978],[119.910622,15.43366],[119.914284,15.43489]]]]}},{"type":"Feature","properties":{"ID_0":177,"ISO":"PHL","NAME_0":"Philippines","ID_1":3071,"NAME_1":"Zambales","ID_2":307108,"NAME_2":"Palauig","ID_3":307108020,"NAME_3":"Tition","NL_NAME_3":null,"VARNAME_3":null,"TYPE_3":"Barangay","ENGTYPE_3":"Village","PROVINCE":"Zambales","REGION":"Region III (Central Luzon)","id":"barangay-0307108020","name":"Tition","barangayCode":"0307108020","population":null,"formattedPop":null,"densityCategory":"No data","vulnerabilityRating":"No data","healthRiskLevel":"No data","areaKm2":2.618387,"centerLat":15.450932,"centerLng":119.94039,"geometrySource":"all_barangay-2.csv detailed WKT","geometryMatchMethod":"unique_official_admin_names","boundaryPointCount":33},"geometry":{"type":"MultiPolygon","coordinates":[[[[119.950279,15.48017],[119.954628,15.45968],[119.945,15.4595],[119.945084,15.45324],[119.933006,15.45387],[119.934868,15.45807],[119.936531,15.47732],[119.936928,15.4775],[119.937271,15.4775],[119.93766,15.47754],[119.938087,15.47766],[119.938568,15.47776],[119.939087,15.47778],[119.939583,15.47778],[119.940018,15.47778],[119.940369,15.47779],[119.940659,15.47784],[119.940948,15.47784],[119.941261,15.47781],[119.941551,15.47794],[119.941887,15.47802],[119.942268,15.47805],[119.94268,15.4781],[119.943123,15.4783],[119.943642,15.4784],[119.944107,15.4786],[119.944168,15.47861],[119.944443,15.47889],[119.944717,15.47889],[119.945557,15.47972],[119.945557,15.47987],[119.946327,15.48065],[119.950279,15.48017]]]]}},{"type":"Feature","properties":{"ID_0":177,"ISO":"PHL","NAME_0":"Philippines","ID_1":3071,"NAME_1":"Zambales","ID_2":307109,"NAME_2":"San Antonio","ID_3":307109001,"NAME_3":"Angeles","NL_NAME_3":null,"VARNAME_3":null,"TYPE_3":"Barangay","ENGTYPE_3":"Village","PROVINCE":"Zambales","REGION":"Region III (Central Luzon)","id":"barangay-0307109001","name":"Angeles","barangayCode":"0307109001","population":null,"formattedPop":null,"densityCategory":"No data","vulnerabilityRating":"No data","healthRiskLevel":"No data","areaKm2":10.734212,"centerLat":14.926457,"centerLng":120.127583,"geometrySource":"all_barangay-2.csv detailed WKT","geometryMatchMethod":"unique_official_admin_names","boundaryPointCount":6},"geometry":{"type":"MultiPolygon","coordinates":[[[[120.154533,14.941],[120.157333,14.93473],[120.142227,14.92684],[120.14389,14.93552],[120.145927,14.9402],[120.154533,14.941]]]]}},{"type":"Feature","properties":{"ID_0":177,"ISO":"PHL","NAME_0":"Philippines","ID_1":3071,"NAME_1":"Zambales","ID_2":307109,"NAME_2":"San Antonio","ID_3":307109002,"NAME_3":"Antipolo","NL_NAME_3":null,"VARNAME_3":null,"TYPE_3":"Barangay","ENGTYPE_3":"Village","PROVINCE":"Zambales","REGION":"Region III (Central Luzon)","id":"barangay-0307109002","name":"Antipolo","barangayCode":"0307109002","population":null,"formattedPop":null,"densityCategory":"No data","vulnerabilityRating":"No data","healthRiskLevel":"No data","areaKm2":1.615456,"centerLat":14.959828,"centerLng":120.087812,"geometrySource":"all_barangay-2.csv detailed WKT","geometryMatchMethod":"unique_official_admin_names","boundaryPointCount":24},"geometry":{"type":"MultiPolygon","coordinates":[[[[120.105942,14.96304],[120.10582,14.95736],[120.147072,14.96156],[120.154709,14.95544],[120.147537,14.95178],[120.146057,14.94964],[120.143578,14.94432],[120.101807,14.94961],[120.101677,14.95361],[120.100952,14.95787],[120.097313,14.95829],[120.094032,14.95863],[120.091667,14.95925],[120.088791,14.9614],[120.088753,14.96177],[120.089027,14.96264],[120.091049,14.96413],[120.093147,14.96368],[120.095558,14.96236],[120.097931,14.96234],[120.099876,14.96309],[120.102577,14.96294],[120.104439,14.96276],[120.105942,14.96304]]]]}},{"type":"Feature","properties":{"ID_0":177,"ISO":"PHL","NAME_0":"Philippines","ID_1":3071,"NAME_1":"Zambales","ID_2":307109,"NAME_2":"San Antonio","ID_3":307109003,"NAME_3":"Burgos","NL_NAME_3":null,"VARNAME_3":null,"TYPE_3":"Barangay","ENGTYPE_3":"Village","PROVINCE":"Zambales","REGION":"Region III (Central Luzon)","id":"barangay-0307109003","name":"Burgos","barangayCode":"0307109003","population":null,"formattedPop":null,"densityCategory":"No data","vulnerabilityRating":"No data","healthRiskLevel":"No data","areaKm2":12.871849,"centerLat":14.941737,"centerLng":120.109272,"geometrySource":"all_barangay-2.csv detailed WKT","geometryMatchMethod":"unique_official_admin_names","boundaryPointCount":25},"geometry":{"type":"MultiPolygon","coordinates":[[[[120.143578,14.94432],[120.145927,14.9402],[120.14389,14.93552],[120.139801,14.93326],[120.138077,14.93218],[120.134438,14.92987],[120.132278,14.929],[120.130013,14.92889],[120.128792,14.9299],[120.124992,14.9304],[120.122414,14.93027],[120.119667,14.93167],[120.117798,14.93468],[120.115791,14.93718],[120.113724,14.93746],[120.111053,14.93703],[120.109528,14.93724],[120.107964,14.93887],[120.107483,14.9416],[120.107117,14.94378],[120.105453,14.94511],[120.103844,14.94421],[120.102333,14.94277],[120.101807,14.94961],[120.143578,14.94432]]]]}},{"type":"Feature","properties":{"ID_0":177,"ISO":"PHL","NAME_0":"Philippines","ID_1":3071,"NAME_1":"Zambales","ID_2":307109,"NAME_2":"San Antonio","ID_3":307109004,"NAME_3":"West Dirita","NL_NAME_3":null,"VARNAME_3":null,"TYPE_3":"Barangay","ENGTYPE_3":"Village","PROVINCE":"Zambales","REGION":"Region III (Central Luzon)","id":"barangay-0307109004","name":"West Dirita","barangayCode":"0307109004","population":null,"formattedPop":null,"densityCategory":"No data","vulnerabilityRating":"No data","healthRiskLevel":"No data","areaKm2":4.276369,"centerLat":14.969439,"centerLng":120.073997,"geometrySource":"all_barangay-2.csv detailed WKT","geometryMatchMethod":"unique_official_admin_names","boundaryPointCount":71},"geometry":{"type":"MultiPolygon","coordinates":[[[[120.109734,14.96613],[120.109383,14.96469],[120.10833,14.96411],[120.10672,14.96349],[120.105942,14.96304],[120.104439,14.96276],[120.102577,14.96294],[120.099876,14.96309],[120.097931,14.96234],[120.095558,14.96236],[120.093147,14.96368],[120.091049,14.96413],[120.089027,14.96264],[120.088753,14.96177],[120.088791,14.9614],[120.087784,14.96066],[120.084717,14.96117],[120.082977,14.96114],[120.081879,14.96047],[120.080917,14.96014],[120.079826,14.95998],[120.078209,14.95983],[120.076347,14.95968],[120.075409,14.9591],[120.07444,14.95778],[120.073593,14.9567],[120.060387,14.95761],[120.060547,14.95778],[120.060547,14.95861],[120.060837,14.95889],[120.060837,14.95972],[120.060547,14.96],[120.060547,14.96028],[120.06028,14.96056],[120.06028,14.96167],[120.060547,14.96194],[120.060547,14.96278],[120.060837,14.96306],[120.060837,14.96361],[120.061111,14.96389],[120.061111,14.96417],[120.060837,14.96444],[120.060837,14.96472],[120.061668,14.96556],[120.061394,14.96583],[120.061394,14.96639],[120.06163,14.96663],[120.063004,14.96638],[120.064331,14.96631],[120.066597,14.96668],[120.069321,14.96749],[120.071648,14.96754],[120.07415,14.96781],[120.0755,14.96901],[120.077278,14.96871],[120.077026,14.96707],[120.075699,14.96522],[120.075989,14.96439],[120.076859,14.96375],[120.079048,14.96385],[120.082939,14.9654],[120.085533,14.96688],[120.08918,14.96843],[120.09005,14.9699],[120.090698,14.97095],[120.091789,14.97142],[120.094276,14.97141],[120.095047,14.97122],[120.097366,14.97055],[120.104431,14.96757],[120.109734,14.96613]]]]}},{"type":"Feature","properties":{"ID_0":177,"ISO":"PHL","NAME_0":"Philippines","ID_1":3071,"NAME_1":"Zambales","ID_2":307109,"NAME_2":"San Antonio","ID_3":307109005,"NAME_3":"East Dirita","NL_NAME_3":null,"VARNAME_3":null,"TYPE_3":"Barangay","ENGTYPE_3":"Village","PROVINCE":"Zambales","REGION":"Region III (Central Luzon)","id":"barangay-0307109005","name":"East Dirita","barangayCode":"0307109005","population":null,"formattedPop":null,"densityCategory":"No data","vulnerabilityRating":"No data","healthRiskLevel":"No data","areaKm2":5.307342,"centerLat":14.971676,"centerLng":120.104119,"geometrySource":"all_barangay-2.csv detailed WKT","geometryMatchMethod":"unique_official_admin_names","boundaryPointCount":9},"geometry":{"type":"MultiPolygon","coordinates":[[[[120.116417,14.97513],[120.147072,14.96156],[120.10582,14.95736],[120.105942,14.96304],[120.10672,14.96349],[120.10833,14.96411],[120.109383,14.96469],[120.109734,14.96613],[120.116417,14.97513]]]]}},{"type":"Feature","properties":{"ID_0":177,"ISO":"PHL","NAME_0":"Philippines","ID_1":3071,"NAME_1":"Zambales","ID_2":307109,"NAME_2":"San Antonio","ID_3":307109006,"NAME_3":"Luna","NL_NAME_3":null,"VARNAME_3":null,"TYPE_3":"Barangay","ENGTYPE_3":"Village","PROVINCE":"Zambales","REGION":"Region III (Central Luzon)","id":"barangay-0307109006","name":"Luna","barangayCode":"0307109006","population":null,"formattedPop":null,"densityCategory":"No data","vulnerabilityRating":"No data","healthRiskLevel":"No data","areaKm2":4.846978,"centerLat":14.959755,"centerLng":120.107999,"geometrySource":"all_barangay-2.csv detailed WKT","geometryMatchMethod":"unique_official_admin_names","boundaryPointCount":13},"geometry":{"type":"MultiPolygon","coordinates":[[[[120.102333,14.94277],[120.10186,14.94029],[120.101624,14.93819],[120.100853,14.93635],[120.100838,14.93312],[120.097763,14.93194],[120.093391,14.93103],[120.090347,14.93264],[120.090424,14.94347],[120.090317,14.94504],[120.096764,14.94416],[120.102119,14.94301],[120.102333,14.94277]]]]}},{"type":"Feature","properties":{"ID_0":177,"ISO":"PHL","NAME_0":"Philippines","ID_1":3071,"NAME_1":"Zambales","ID_2":307109,"NAME_2":"San Antonio","ID_3":307109007,"NAME_3":"Pundaquit","NL_NAME_3":null,"VARNAME_3":null,"TYPE_3":"Barangay","ENGTYPE_3":"Village","PROVINCE":"Zambales","REGION":"Region III (Central Luzon)","id":"barangay-0307109007","name":"Pundaquit","barangayCode":"0307109007","population":null,"formattedPop":null,"densityCategory":"No data","vulnerabilityRating":"No data","healthRiskLevel":"No data","areaKm2":113.787716,"centerLat":14.847388,"centerLng":120.107504,"geometrySource":"all_barangay-2.csv detailed WKT","geometryMatchMethod":"unique_official_admin_names","boundaryPointCount":1291},"geometry":{"type":"MultiPolygon","coordinates":[[[[120.082848,14.75048],[120.082222,14.75028],[120.082077,14.75049],[120.082153,14.75083],[120.082222,14.75111],[120.082359,14.75132],[120.082573,14.75153],[120.083199,14.7516],[120.083679,14.75236],[120.083893,14.75236],[120.084167,14.75278],[120.084442,14.75278],[120.084717,14.7525],[120.085136,14.75223],[120.085281,14.75139],[120.084999,14.75132],[120.084442,14.75111],[120.084023,14.75111],[120.083611,14.75083],[120.082848,14.75048]]],[[[120.105118,14.76758],[120.105507,14.76754],[120.105904,14.76761],[120.106339,14.76758],[120.10685,14.76751],[120.107407,14.76746],[120.10804,14.76745],[120.108452,14.76754],[120.108856,14.76763],[120.109306,14.76745],[120.10968,14.76714],[120.110092,14.76693],[120.110497,14.76669],[120.110901,14.76649],[120.111313,14.76632],[120.111687,14.76609],[120.112099,14.76583],[120.112556,14.76551],[120.113029,14.76507],[120.113564,14.76474],[120.114021,14.76449],[120.114212,14.76414],[120.114059,14.76367],[120.113762,14.76314],[120.11351,14.76253],[120.113197,14.76203],[120.112808,14.76195],[120.11232,14.76187],[120.111877,14.76168],[120.111488,14.76145],[120.111191,14.76104],[120.110878,14.76064],[120.110542,14.76029],[120.110107,14.76005],[120.109299,14.76003],[120.108643,14.75995],[120.108147,14.75973],[120.10778,14.7593],[120.10743,14.75882],[120.106972,14.75833],[120.106483,14.75786],[120.106262,14.75763],[120.105957,14.75749],[120.105553,14.7575],[120.105278,14.75722],[120.104721,14.75722],[120.104446,14.7575],[120.103889,14.7575],[120.103607,14.75778],[120.103607,14.75806],[120.102783,14.75889],[120.101387,14.75889],[120.100563,14.75972],[120.101387,14.76056],[120.101463,14.76083],[120.101387,14.76132],[120.101044,14.76166],[120.100563,14.76139],[120.100281,14.76167],[120.099998,14.76167],[120.099586,14.7625],[120.099663,14.76271],[120.100014,14.76306],[120.10022,14.76389],[120.10083,14.76528],[120.10083,14.76556],[120.101936,14.76667],[120.101936,14.76695],[120.102501,14.7675],[120.102501,14.76861],[120.102783,14.76889],[120.103607,14.76889],[120.104378,14.76806],[120.104736,14.76779],[120.105118,14.76758]]],[[[120.056412,14.87736],[120.056061,14.87729],[120.055573,14.87743],[120.055496,14.87777],[120.055443,14.87805],[120.055481,14.87858],[120.055847,14.87901],[120.056213,14.87908],[120.056839,14.87894],[120.056839,14.87798],[120.056412,14.87736]]],[[[120.011742,14.91813],[120.012222,14.91778],[120.012497,14.91806],[120.013344,14.91806],[120.014168,14.91722],[120.014442,14.91722],[120.014717,14.91694],[120.014717,14.91667],[120.014999,14.91639],[120.015266,14.91639],[120.015556,14.91611],[120.016113,14.91611],[120.01667,14.91556],[120.016937,14.91556],[120.01722,14.91528],[120.017776,14.91528],[120.018059,14.915],[120.019157,14.915],[120.019447,14.91528],[120.019814,14.91529],[120.019997,14.9153],[120.020493,14.9153],[120.02124,14.91534],[120.021912,14.91508],[120.022507,14.91472],[120.023102,14.91444],[120.023613,14.91416],[120.024002,14.91388],[120.024269,14.91358],[120.024406,14.91329],[120.024422,14.91298],[120.024544,14.91254],[120.02462,14.91216],[120.024452,14.9119],[120.024017,14.91177],[120.023422,14.91169],[120.022903,14.91144],[120.022293,14.91114],[120.021362,14.91101],[120.020813,14.91114],[120.020477,14.91129],[120.020187,14.91111],[120.019951,14.91099],[120.019501,14.91089],[120.018784,14.9112],[120.018356,14.91182],[120.018066,14.91232],[120.01783,14.91271],[120.017517,14.91302],[120.017159,14.91333],[120.016762,14.91365],[120.016418,14.91399],[120.016113,14.91432],[120.015793,14.91459],[120.015427,14.91476],[120.015099,14.91495],[120.014687,14.91504],[120.014313,14.91522],[120.013863,14.91528],[120.013412,14.9153],[120.012993,14.91532],[120.01255,14.9153],[120.012093,14.91528],[120.011597,14.91523],[120.011147,14.91504],[120.010757,14.91487],[120.010513,14.91473],[120.010246,14.91464],[120.009941,14.91448],[120.009537,14.91444],[120.009117,14.91444],[120.008713,14.91445],[120.008301,14.91444],[120.007896,14.91441],[120.0075,14.91444],[120.007217,14.91417],[120.006943,14.91417],[120.006668,14.91389],[120.006393,14.91389],[120.006393,14.91361],[120.006111,14.91389],[120.006111,14.91417],[120.005836,14.91444],[120.005836,14.915],[120.006111,14.91528],[120.006111,14.91583],[120.006393,14.91611],[120.006859,14.91617],[120.006973,14.91685],[120.007317,14.91738],[120.007828,14.91781],[120.008476,14.91811],[120.009178,14.91802],[120.009743,14.91786],[120.010193,14.91787],[120.010521,14.91798],[120.010857,14.91806],[120.011269,14.91818],[120.011742,14.91813]]],[[[120.043327,14.92444],[120.04351,14.92417],[120.043442,14.9236],[120.043404,14.92348],[120.043327,14.92333],[120.043327,14.92306],[120.042709,14.92243],[120.042503,14.92222],[120.042221,14.92222],[120.04171,14.92171],[120.041634,14.92163],[120.041107,14.92111],[120.040947,14.92111],[120.040558,14.92111],[120.040283,14.92139],[120.040283,14.92194],[120.041107,14.92278],[120.041107,14.92306],[120.041267,14.92322],[120.041389,14.92333],[120.041389,14.92417],[120.041946,14.92472],[120.042503,14.92472],[120.042778,14.92444],[120.043053,14.92472],[120.043327,14.92444]]],[[[120.043053,14.92556],[120.042503,14.92556],[120.041969,14.92609],[120.041389,14.92667],[120.041389,14.92694],[120.042221,14.92778],[120.042503,14.92778],[120.042778,14.9275],[120.042778,14.92715],[120.042778,14.92694],[120.043053,14.92667],[120.043053,14.92611],[120.043327,14.92583],[120.043053,14.92556]]],[[[120.058968,14.94798],[120.060547,14.94682],[120.063026,14.94572],[120.066673,14.94612],[120.068443,14.94534],[120.06929,14.94229],[120.072533,14.94195],[120.074501,14.94249],[120.075142,14.94271],[120.076729,14.9425],[120.078827,14.94199],[120.080406,14.94142],[120.081169,14.94121],[120.081917,14.94038],[120.083549,14.93926],[120.086456,14.93558],[120.087753,14.93347],[120.089157,14.93267],[120.090347,14.93264],[120.093391,14.93103],[120.097763,14.93194],[120.100838,14.93312],[120.100853,14.93635],[120.101624,14.93819],[120.10186,14.94029],[120.102333,14.94277],[120.103844,14.94421],[120.105453,14.94511],[120.107117,14.94378],[120.107483,14.9416],[120.107964,14.93887],[120.109528,14.93724],[120.111053,14.93703],[120.113724,14.93746],[120.115791,14.93718],[120.117798,14.93468],[120.119667,14.93167],[120.122414,14.93027],[120.124992,14.9304],[120.128792,14.9299],[120.130013,14.92889],[120.132278,14.929],[120.134438,14.92987],[120.138077,14.93218],[120.139801,14.93326],[120.14389,14.93552],[120.142227,14.92684],[120.139717,14.89601],[120.142906,14.8572],[120.144539,14.83015],[120.146301,14.80809],[120.147957,14.80225],[120.151573,14.78889],[120.156303,14.77471],[120.161697,14.76447],[120.166862,14.75639],[120.170158,14.74795],[120.170113,14.7479],[120.169998,14.74778],[120.169441,14.74778],[120.168892,14.74722],[120.166107,14.74556],[120.165833,14.74528],[120.165833,14.745],[120.165558,14.74472],[120.165283,14.74472],[120.164719,14.74448],[120.164253,14.74421],[120.163887,14.74398],[120.163834,14.74393],[120.163513,14.74357],[120.163269,14.74314],[120.163101,14.74276],[120.163078,14.74271],[120.162903,14.74233],[120.162743,14.742],[120.162613,14.74166],[120.162491,14.74131],[120.162338,14.74092],[120.162148,14.74046],[120.161942,14.74],[120.161942,14.73972],[120.16153,14.73907],[120.161087,14.73838],[120.160156,14.73787],[120.160004,14.73778],[120.159157,14.73778],[120.158997,14.73794],[120.158211,14.73874],[120.158058,14.73889],[120.158058,14.73944],[120.157784,14.73972],[120.157784,14.7403],[120.157784,14.74056],[120.157501,14.74083],[120.157501,14.74111],[120.157219,14.74139],[120.157219,14.74167],[120.156998,14.74189],[120.156937,14.74194],[120.156937,14.742],[120.156937,14.74222],[120.156113,14.74306],[120.155991,14.74306],[120.15583,14.74306],[120.155563,14.74333],[120.154999,14.74389],[120.154999,14.745],[120.155113,14.74511],[120.155281,14.74528],[120.155281,14.74583],[120.155067,14.74605],[120.154999,14.74611],[120.154999,14.7464],[120.154999,14.74667],[120.154716,14.74694],[120.154442,14.74694],[120.15358,14.74781],[120.152779,14.74861],[120.152779,14.74889],[120.152496,14.74917],[120.152496,14.74944],[120.152496,14.75056],[120.151947,14.75111],[120.151947,14.75139],[120.151657,14.75168],[120.151367,14.75197],[120.151123,14.75225],[120.150887,14.75251],[120.150673,14.75275],[120.150398,14.75295],[120.150146,14.75318],[120.149918,14.75343],[120.149712,14.75376],[120.149521,14.75412],[120.149452,14.75455],[120.149437,14.75494],[120.149422,14.75526],[120.149353,14.7555],[120.149178,14.75568],[120.148972,14.75585],[120.148697,14.75602],[120.148323,14.75611],[120.147903,14.75615],[120.147499,14.75611],[120.146942,14.75611],[120.146561,14.75573],[120.146111,14.75528],[120.145844,14.75528],[120.145554,14.755],[120.144722,14.755],[120.144447,14.75472],[120.143059,14.75472],[120.142776,14.75444],[120.142502,14.75444],[120.141388,14.75333],[120.141388,14.75306],[120.140556,14.75306],[120.140007,14.75298],[120.139648,14.75283],[120.139343,14.75272],[120.139069,14.75259],[120.138733,14.75247],[120.138359,14.75232],[120.137978,14.75208],[120.137527,14.75204],[120.137062,14.75216],[120.136551,14.75223],[120.136017,14.7523],[120.135513,14.75246],[120.134979,14.75256],[120.134453,14.75273],[120.133888,14.75286],[120.133408,14.75308],[120.13298,14.75324],[120.13253,14.7531],[120.132133,14.75292],[120.130836,14.75278],[120.130547,14.7525],[120.129997,14.7525],[120.129448,14.75306],[120.129448,14.75333],[120.128777,14.754],[120.128609,14.75417],[120.128563,14.75417],[120.128326,14.75417],[120.128052,14.75444],[120.127777,14.75444],[120.127502,14.75472],[120.127502,14.7549],[120.127502,14.755],[120.126633,14.75583],[120.126106,14.75583],[120.126106,14.75616],[120.126106,14.75722],[120.125717,14.75775],[120.125267,14.75815],[120.124809,14.75842],[120.124336,14.75856],[120.123863,14.75877],[120.123466,14.75866],[120.12294,14.75862],[120.122398,14.75864],[120.121933,14.75874],[120.121536,14.75881],[120.121109,14.75889],[120.120171,14.75853],[120.119743,14.75867],[120.119324,14.75915],[120.119263,14.75936],[120.119118,14.75984],[120.119247,14.76039],[120.118767,14.76107],[120.118057,14.76128],[120.117928,14.76132],[120.117363,14.76148],[120.116722,14.76148],[120.11602,14.76141],[120.115532,14.76148],[120.115044,14.76169],[120.114761,14.76189],[120.11483,14.76244],[120.11525,14.76313],[120.115669,14.7632],[120.116302,14.76306],[120.117828,14.76306],[120.118202,14.76306],[120.118492,14.76296],[120.118958,14.7628],[120.119186,14.76272],[120.120308,14.76217],[120.120781,14.76188],[120.121948,14.76167],[120.122223,14.76194],[120.123611,14.76194],[120.123894,14.76222],[120.124168,14.76222],[120.124443,14.7625],[120.125,14.7625],[120.125267,14.76278],[120.125557,14.76278],[120.126106,14.76333],[120.126389,14.76333],[120.127167,14.76412],[120.12722,14.76417],[120.127296,14.76417],[120.127777,14.76417],[120.128326,14.76472],[120.129448,14.76472],[120.129997,14.7641],[120.130798,14.76298],[120.131828,14.76294],[120.132462,14.76342],[120.134483,14.76582],[120.13472,14.76611],[120.13472,14.76639],[120.134644,14.76647],[120.134163,14.76695],[120.134163,14.76833],[120.133888,14.76861],[120.133888,14.76889],[120.134453,14.76944],[120.134453,14.77],[120.134163,14.77028],[120.134163,14.77139],[120.133888,14.77167],[120.133888,14.77211],[120.133888,14.77222],[120.133743,14.77237],[120.133614,14.7725],[120.133614,14.77261],[120.133614,14.77278],[120.133217,14.77317],[120.131393,14.775],[120.130836,14.775],[120.130547,14.77528],[120.13028,14.77528],[120.129997,14.77556],[120.128326,14.77556],[120.128143,14.77575],[120.128052,14.77583],[120.12735,14.77617],[120.126793,14.77642],[120.126297,14.77668],[120.125877,14.777],[120.125557,14.77742],[120.125252,14.77785],[120.124992,14.77829],[120.124733,14.77889],[120.124168,14.77944],[120.124168,14.77972],[120.123337,14.78056],[120.123337,14.78083],[120.12278,14.78139],[120.122498,14.78139],[120.122223,14.78167],[120.122162,14.78167],[120.121109,14.78167],[120.120369,14.78241],[120.11972,14.78306],[120.119164,14.78306],[120.118889,14.78333],[120.118057,14.78333],[120.117958,14.78323],[120.117767,14.78306],[120.117233,14.78306],[120.117081,14.7832],[120.116943,14.78333],[120.116699,14.78308],[120.116661,14.78307],[120.116386,14.78333],[120.115837,14.78389],[120.115837,14.78417],[120.115547,14.78444],[120.11528,14.78444],[120.11483,14.78458],[120.114304,14.78443],[120.114029,14.78427],[120.113861,14.78418],[120.113503,14.78393],[120.11319,14.78368],[120.112846,14.78342],[120.112473,14.78318],[120.112053,14.78301],[120.111641,14.78278],[120.111252,14.78251],[120.110893,14.78224],[120.11055,14.78194],[120.110191,14.78166],[120.109734,14.78139],[120.109444,14.78111],[120.108612,14.78111],[120.10833,14.78083],[120.108063,14.78083],[120.107498,14.78028],[120.107224,14.78028],[120.106941,14.78],[120.106392,14.78],[120.10611,14.77972],[120.105827,14.77972],[120.105827,14.78056],[120.105988,14.78071],[120.10611,14.78083],[120.105827,14.78111],[120.105827,14.78139],[120.105621,14.78168],[120.105362,14.7819],[120.105019,14.78205],[120.104637,14.78226],[120.104179,14.78238],[120.103668,14.78232],[120.103592,14.78228],[120.102783,14.78194],[120.102783,14.78167],[120.102501,14.78139],[120.102219,14.78139],[120.101921,14.78169],[120.101669,14.78194],[120.101189,14.78218],[120.100616,14.78224],[120.100029,14.78229],[120.099579,14.78223],[120.099403,14.78219],[120.099113,14.78212],[120.09861,14.78202],[120.098137,14.78192],[120.097763,14.78175],[120.097427,14.78152],[120.097107,14.78128],[120.096573,14.78119],[120.095734,14.78121],[120.095596,14.78122],[120.094978,14.78127],[120.094688,14.78136],[120.094421,14.78145],[120.094017,14.7817],[120.093567,14.78207],[120.093384,14.78223],[120.092758,14.78223],[120.092331,14.78223],[120.091698,14.78209],[120.091209,14.78168],[120.090858,14.78113],[120.089996,14.78076],[120.089539,14.78095],[120.089157,14.78111],[120.089157,14.78194],[120.08889,14.78222],[120.08889,14.7825],[120.088608,14.78278],[120.088333,14.78278],[120.088097,14.78301],[120.088058,14.78306],[120.087784,14.78306],[120.087502,14.78333],[120.087219,14.78333],[120.087067,14.78348],[120.086937,14.78361],[120.08667,14.78361],[120.086388,14.78389],[120.086166,14.78389],[120.086113,14.78389],[120.086014,14.78399],[120.085564,14.78444],[120.085274,14.78446],[120.084999,14.78472],[120.084961,14.78472],[120.084717,14.78472],[120.083893,14.78556],[120.083893,14.78583],[120.083344,14.78639],[120.083344,14.78667],[120.082779,14.78722],[120.082779,14.78778],[120.082497,14.78806],[120.082497,14.78861],[120.083054,14.78917],[120.083054,14.78944],[120.083344,14.78972],[120.083344,14.79056],[120.083893,14.79111],[120.084167,14.79111],[120.084717,14.79167],[120.085281,14.79167],[120.085564,14.79194],[120.085831,14.79194],[120.08667,14.79278],[120.08667,14.79306],[120.086937,14.79333],[120.086937,14.79417],[120.08667,14.79444],[120.08667,14.79472],[120.087013,14.79507],[120.087219,14.79528],[120.087219,14.79583],[120.087502,14.79611],[120.087502,14.79639],[120.086243,14.79765],[120.086113,14.79778],[120.086113,14.79833],[120.086388,14.79861],[120.086388,14.79944],[120.08667,14.79972],[120.08667,14.8],[120.087219,14.80056],[120.087502,14.80056],[120.088058,14.80111],[120.088333,14.80111],[120.088608,14.80139],[120.08889,14.80139],[120.090553,14.80306],[120.09111,14.80306],[120.091393,14.80333],[120.091942,14.80333],[120.091942,14.80361],[120.092499,14.80417],[120.092499,14.80444],[120.093063,14.805],[120.09333,14.805],[120.093613,14.80528],[120.095001,14.80528],[120.095558,14.80472],[120.095833,14.80472],[120.096107,14.805],[120.09639,14.805],[120.096657,14.80528],[120.097221,14.80528],[120.097504,14.80556],[120.097778,14.80556],[120.098343,14.80611],[120.09861,14.80583],[120.099716,14.80583],[120.100281,14.80639],[120.100548,14.80654],[120.100906,14.80672],[120.101311,14.8069],[120.1017,14.80711],[120.102081,14.80733],[120.102463,14.80757],[120.102867,14.8078],[120.102783,14.80806],[120.102783,14.80833],[120.105003,14.81056],[120.105278,14.81056],[120.105827,14.81111],[120.10611,14.81111],[120.106392,14.81139],[120.106392,14.81167],[120.107224,14.8125],[120.107224,14.81333],[120.107117,14.81344],[120.106667,14.81389],[120.106667,14.81444],[120.106941,14.81472],[120.107224,14.81472],[120.107224,14.815],[120.107498,14.815],[120.10778,14.81528],[120.109169,14.81528],[120.110001,14.81611],[120.110001,14.81806],[120.109734,14.81833],[120.109734,14.81861],[120.109444,14.81889],[120.109444,14.81917],[120.109169,14.81944],[120.108887,14.81944],[120.108063,14.82028],[120.108063,14.82085],[120.108063,14.82111],[120.108612,14.82167],[120.109169,14.82167],[120.109497,14.82203],[120.109169,14.82222],[120.107498,14.82222],[120.106941,14.82167],[120.104446,14.82167],[120.104156,14.82194],[120.103889,14.82194],[120.103607,14.82222],[120.103333,14.82222],[120.103058,14.8225],[120.102501,14.8225],[120.102219,14.82222],[120.101936,14.82222],[120.101669,14.82194],[120.101112,14.82194],[120.100563,14.82139],[120.100281,14.82139],[120.099998,14.82167],[120.099716,14.82167],[120.099442,14.82194],[120.098892,14.82194],[120.098251,14.82186],[120.097778,14.82204],[120.097321,14.82223],[120.09687,14.82241],[120.096413,14.82252],[120.095947,14.82263],[120.095459,14.82265],[120.094971,14.82263],[120.094513,14.82272],[120.094048,14.82273],[120.093597,14.82263],[120.09317,14.82247],[120.092728,14.82226],[120.092247,14.82208],[120.091797,14.82182],[120.0914,14.82146],[120.090942,14.82112],[120.090462,14.82082],[120.089897,14.82062],[120.08934,14.82047],[120.088837,14.82027],[120.088417,14.82006],[120.088058,14.82028],[120.087502,14.81972],[120.087502,14.81944],[120.086937,14.81889],[120.086937,14.81833],[120.08667,14.81806],[120.086388,14.81806],[120.086113,14.81778],[120.085831,14.81778],[120.085564,14.81806],[120.085281,14.81778],[120.084709,14.81754],[120.084213,14.8173],[120.083717,14.81709],[120.083054,14.81667],[120.082779,14.81639],[120.082779,14.81611],[120.081947,14.81528],[120.081947,14.815],[120.08139,14.81444],[120.081108,14.81444],[120.080559,14.81389],[120.079552,14.81389],[120.079437,14.81389],[120.07917,14.81417],[120.07917,14.81444],[120.079277,14.81455],[120.07972,14.815],[120.07972,14.81528],[120.080002,14.81556],[120.080002,14.81583],[120.08007,14.81611],[120.08007,14.81729],[120.080063,14.81778],[120.080208,14.81833],[120.0802,14.81868],[120.080002,14.81944],[120.07972,14.81972],[120.07959,14.81972],[120.079437,14.81972],[120.079437,14.82056],[120.07972,14.82083],[120.07972,14.82111],[120.080276,14.82167],[120.080559,14.82167],[120.080833,14.82194],[120.08139,14.82194],[120.081657,14.82167],[120.082062,14.82217],[120.082474,14.82256],[120.082878,14.82299],[120.082497,14.82333],[120.082222,14.82361],[120.082222,14.82389],[120.082497,14.82417],[120.082497,14.82444],[120.082222,14.82472],[120.082222,14.82611],[120.082497,14.82639],[120.082497,14.8275],[120.082222,14.82778],[120.082222,14.82889],[120.081947,14.82917],[120.081947,14.82972],[120.080559,14.83111],[120.080559,14.83222],[120.080002,14.83278],[120.07972,14.83278],[120.079437,14.83306],[120.07917,14.83306],[120.07888,14.83334],[120.078331,14.83389],[120.078613,14.83417],[120.078613,14.83444],[120.078857,14.83469],[120.078888,14.83472],[120.078888,14.83507],[120.078888,14.83528],[120.078613,14.83556],[120.078613,14.83583],[120.07917,14.83639],[120.07917,14.83667],[120.080276,14.83778],[120.080276,14.83806],[120.080559,14.83833],[120.080559,14.83861],[120.081108,14.83917],[120.081108,14.83944],[120.08139,14.83972],[120.08139,14.84],[120.081657,14.84028],[120.081657,14.84056],[120.081902,14.84118],[120.082008,14.84176],[120.082191,14.84227],[120.082283,14.84279],[120.082443,14.84325],[120.082497,14.84375],[120.08255,14.84429],[120.082703,14.84478],[120.082771,14.84525],[120.082741,14.84568],[120.082581,14.84614],[120.082489,14.84672],[120.082703,14.84726],[120.082817,14.84782],[120.082939,14.84836],[120.082977,14.8486],[120.083023,14.84891],[120.083061,14.84944],[120.083107,14.84991],[120.083183,14.8502],[120.083191,14.85029],[120.083237,14.85064],[120.083267,14.85105],[120.083366,14.85151],[120.083572,14.85196],[120.083794,14.85241],[120.083931,14.85287],[120.084068,14.85329],[120.083939,14.85373],[120.083748,14.85419],[120.083488,14.85468],[120.08313,14.85517],[120.082748,14.85566],[120.082283,14.85608],[120.081741,14.85639],[120.081192,14.85665],[120.080658,14.85683],[120.080147,14.85693],[120.079674,14.85695],[120.079231,14.8569],[120.078773,14.85675],[120.078278,14.85648],[120.077698,14.85616],[120.077301,14.85594],[120.077057,14.85582],[120.076439,14.85544],[120.075882,14.85502],[120.075371,14.85465],[120.074959,14.85424],[120.074623,14.85388],[120.074379,14.85355],[120.074013,14.85321],[120.073929,14.85314],[120.073662,14.85287],[120.07341,14.85281],[120.072922,14.8527],[120.071732,14.8527],[120.071381,14.8529],[120.070702,14.85343],[120.070633,14.8537],[120.070633,14.85388],[120.070633,14.85411],[120.070847,14.85446],[120.071129,14.85466],[120.071228,14.85466],[120.071404,14.85466],[120.071411,14.85534],[120.071274,14.85549],[120.071114,14.85593],[120.071053,14.8561],[120.071129,14.85672],[120.071693,14.8572],[120.072388,14.85748],[120.072723,14.85776],[120.072891,14.85796],[120.073013,14.85809],[120.073303,14.85837],[120.073647,14.85857],[120.07386,14.85905],[120.073997,14.85939],[120.074142,14.8596],[120.074348,14.86015],[120.074348,14.86056],[120.07431,14.86111],[120.074448,14.86167],[120.074448,14.86194],[120.073608,14.86278],[120.073334,14.86278],[120.072998,14.86244],[120.07235,14.86253],[120.072197,14.86273],[120.072197,14.86315],[120.072441,14.8634],[120.072502,14.86417],[120.07222,14.86444],[120.071701,14.86432],[120.071182,14.86434],[120.070831,14.86444],[120.07,14.86444],[120.069717,14.86472],[120.069443,14.86472],[120.069168,14.865],[120.069054,14.865],[120.068893,14.865],[120.068611,14.86528],[120.068611,14.86556],[120.068611,14.86583],[120.06778,14.86667],[120.066948,14.86667],[120.066673,14.86639],[120.066109,14.86639],[120.065979,14.86625],[120.065826,14.86611],[120.065552,14.86611],[120.065002,14.86667],[120.064873,14.86723],[120.065086,14.86778],[120.065086,14.86819],[120.064934,14.86868],[120.064873,14.86887],[120.064507,14.86971],[120.064491,14.86975],[120.064346,14.87002],[120.064217,14.87043],[120.063927,14.87084],[120.064217,14.87119],[120.065277,14.87139],[120.065826,14.87194],[120.066109,14.87167],[120.066391,14.87167],[120.066673,14.87139],[120.067162,14.87139],[120.067223,14.87139],[120.067497,14.87167],[120.067932,14.87198],[120.068314,14.87236],[120.068604,14.87275],[120.06884,14.87312],[120.068993,14.87348],[120.069183,14.87383],[120.069366,14.87422],[120.069443,14.87417],[120.069443,14.87444],[120.069054,14.87483],[120.068611,14.87528],[120.068611,14.87611],[120.068893,14.87639],[120.069443,14.87639],[120.069717,14.87611],[120.07,14.87611],[120.070267,14.87639],[120.070557,14.87639],[120.071663,14.8775],[120.071663,14.87833],[120.071114,14.87889],[120.071114,14.87917],[120.070793,14.87948],[120.070557,14.87944],[120.070267,14.87972],[120.070267,14.88],[120.069443,14.88083],[120.069168,14.88083],[120.068893,14.88111],[120.068336,14.88111],[120.068047,14.88083],[120.06778,14.88083],[120.067337,14.88126],[120.067223,14.88139],[120.066673,14.88139],[120.066391,14.88167],[120.065826,14.88167],[120.065613,14.88145],[120.065552,14.88139],[120.06472,14.88139],[120.064453,14.88111],[120.063606,14.88111],[120.062233,14.87972],[120.061943,14.87972],[120.061394,14.87917],[120.061111,14.87917],[120.060883,14.87894],[120.060837,14.87889],[120.06028,14.87889],[120.059998,14.87917],[120.058327,14.87917],[120.057953,14.8793],[120.057533,14.87984],[120.057312,14.88033],[120.057312,14.88122],[120.057114,14.88149],[120.056961,14.88211],[120.056953,14.88278],[120.056923,14.8828],[120.056664,14.88306],[120.056953,14.88333],[120.056389,14.88389],[120.056389,14.885],[120.056107,14.88528],[120.055267,14.88528],[120.055,14.88556],[120.054733,14.88556],[120.053886,14.88639],[120.053886,14.88667],[120.053612,14.88694],[120.053612,14.8875],[120.053658,14.88755],[120.053886,14.88778],[120.054733,14.88778],[120.055,14.88806],[120.055267,14.88806],[120.055511,14.88851],[120.055672,14.88895],[120.055817,14.88939],[120.055962,14.88983],[120.056068,14.89032],[120.056122,14.89089],[120.056068,14.89151],[120.055901,14.8921],[120.055603,14.89256],[120.055267,14.89293],[120.054901,14.8932],[120.054573,14.89324],[120.054207,14.89329],[120.054062,14.89332],[120.053787,14.89337],[120.053383,14.89356],[120.053047,14.89361],[120.05278,14.89389],[120.052498,14.89389],[120.052223,14.89417],[120.052223,14.89536],[120.052223,14.89556],[120.051666,14.89611],[120.051666,14.89628],[120.051666,14.89639],[120.052223,14.89694],[120.052498,14.89694],[120.05278,14.89667],[120.053047,14.89667],[120.053337,14.89639],[120.053612,14.89639],[120.053886,14.89611],[120.054138,14.89612],[120.054581,14.89593],[120.055077,14.89581],[120.055527,14.89576],[120.055847,14.89565],[120.056107,14.89569],[120.056358,14.89573],[120.056572,14.89568],[120.056641,14.89567],[120.056969,14.89562],[120.057243,14.89579],[120.057518,14.89604],[120.057808,14.89633],[120.05809,14.89664],[120.05835,14.89696],[120.058594,14.89727],[120.058731,14.8976],[120.058891,14.89792],[120.059036,14.89824],[120.059067,14.89859],[120.058998,14.89895],[120.058899,14.89933],[120.058891,14.89944],[120.058678,14.89944],[120.058609,14.89944],[120.058609,14.89965],[120.058609,14.89972],[120.058571,14.89976],[120.058327,14.9],[120.058327,14.90058],[120.058327,14.90074],[120.058327,14.90083],[120.058372,14.90087],[120.058609,14.90111],[120.058609,14.90139],[120.058891,14.90167],[120.058891,14.90243],[120.058891,14.9025],[120.058937,14.90255],[120.059174,14.90278],[120.058983,14.90296],[120.058891,14.90306],[120.058891,14.90329],[120.058891,14.90333],[120.058861,14.90336],[120.05722,14.905],[120.05722,14.9051],[120.05722,14.90528],[120.057503,14.90556],[120.058052,14.90556],[120.058144,14.90659],[120.058327,14.90722],[120.058327,14.9075],[120.058052,14.90778],[120.058052,14.90806],[120.058609,14.90861],[120.058609,14.90889],[120.058327,14.90917],[120.058327,14.90944],[120.058609,14.90972],[120.058609,14.91028],[120.057777,14.91111],[120.057503,14.91139],[120.057297,14.91139],[120.05722,14.91139],[120.05722,14.91153],[120.05722,14.91167],[120.057503,14.91194],[120.057503,14.91222],[120.057777,14.9125],[120.057777,14.91361],[120.057503,14.91389],[120.057503,14.91444],[120.057777,14.91472],[120.057777,14.91511],[120.057777,14.91528],[120.058052,14.91556],[120.058327,14.91556],[120.058609,14.91583],[120.059822,14.91462],[120.059998,14.91444],[120.060608,14.91444],[120.060883,14.91462],[120.061119,14.91489],[120.061333,14.91526],[120.061592,14.91569],[120.06189,14.91611],[120.06208,14.91656],[120.06221,14.91687],[120.062309,14.91715],[120.062462,14.91751],[120.0625,14.91794],[120.062477,14.91836],[120.062393,14.91871],[120.062302,14.91905],[120.062218,14.91946],[120.062027,14.91992],[120.061897,14.92048],[120.061684,14.921],[120.06144,14.92147],[120.061234,14.92187],[120.061111,14.92227],[120.060982,14.92264],[120.060806,14.92306],[120.060562,14.92347],[120.060303,14.92393],[120.060066,14.92446],[120.059998,14.92444],[120.059723,14.92472],[120.059723,14.92583],[120.059174,14.92639],[120.059174,14.92694],[120.058891,14.92722],[120.058891,14.9275],[120.058609,14.92778],[120.058609,14.92806],[120.058327,14.92833],[120.058327,14.92861],[120.058052,14.92889],[120.058052,14.92917],[120.057777,14.92944],[120.057777,14.93],[120.05722,14.93056],[120.05722,14.93083],[120.056953,14.93111],[120.056953,14.93444],[120.056664,14.93472],[120.056664,14.93667],[120.056389,14.93694],[120.056389,14.93833],[120.056664,14.93861],[120.056664,14.94028],[120.056953,14.94056],[120.056953,14.94139],[120.056664,14.94167],[120.056664,14.94194],[120.056389,14.94222],[120.056664,14.9425],[120.056664,14.94444],[120.056953,14.94472],[120.05722,14.94472],[120.057777,14.94528],[120.059448,14.94528],[120.059723,14.94556],[120.059998,14.94556],[120.06041,14.94571],[120.06028,14.94583],[120.059998,14.94583],[120.058891,14.94694],[120.058327,14.94694],[120.058327,14.94722],[120.058052,14.9475],[120.058052,14.94778],[120.058327,14.94806],[120.058609,14.94806],[120.058502,14.9483],[120.058968,14.94798]]]]}},{"type":"Feature","properties":{"ID_0":177,"ISO":"PHL","NAME_0":"Philippines","ID_1":3071,"NAME_1":"Zambales","ID_2":307109,"NAME_2":"San Antonio","ID_3":307109008,"NAME_3":"San Esteban","NL_NAME_3":null,"VARNAME_3":null,"TYPE_3":"Barangay","ENGTYPE_3":"Village","PROVINCE":"Zambales","REGION":"Region III (Central Luzon)","id":"barangay-0307109008","name":"San Esteban","barangayCode":"0307109008","population":null,"formattedPop":null,"densityCategory":"No data","vulnerabilityRating":"No data","healthRiskLevel":"No data","areaKm2":2.711963,"centerLat":14.946199,"centerLng":120.143035,"geometrySource":"all_barangay-2.csv detailed WKT","geometryMatchMethod":"unique_official_admin_names","boundaryPointCount":8},"geometry":{"type":"MultiPolygon","coordinates":[[[[120.154709,14.95544],[120.157753,14.94998],[120.154533,14.941],[120.145927,14.9402],[120.143578,14.94432],[120.146057,14.94964],[120.147537,14.95178],[120.154709,14.95544]]]]}},{"type":"Feature","properties":{"ID_0":177,"ISO":"PHL","NAME_0":"Philippines","ID_1":3071,"NAME_1":"Zambales","ID_2":307109,"NAME_2":"San Antonio","ID_3":307109009,"NAME_3":"San Gregorio","NL_NAME_3":null,"VARNAME_3":null,"TYPE_3":"Barangay","ENGTYPE_3":"Village","PROVINCE":"Zambales","REGION":"Region III (Central Luzon)","id":"barangay-0307109009","name":"San Gregorio","barangayCode":"0307109009","population":null,"formattedPop":null,"densityCategory":"No data","vulnerabilityRating":"No data","healthRiskLevel":"No data","areaKm2":0.717609,"centerLat":14.953459,"centerLng":120.083688,"geometrySource":"all_barangay-2.csv detailed WKT","geometryMatchMethod":"unique_official_admin_names","boundaryPointCount":16},"geometry":{"type":"MultiPolygon","coordinates":[[[[120.087784,14.96066],[120.088722,14.95375],[120.081108,14.95322],[120.075974,14.95339],[120.074638,14.95684],[120.073593,14.9567],[120.07444,14.95778],[120.075409,14.9591],[120.076347,14.95968],[120.078209,14.95983],[120.079826,14.95998],[120.080917,14.96014],[120.081879,14.96047],[120.082977,14.96114],[120.084717,14.96117],[120.087784,14.96066]]]]}},{"type":"Feature","properties":{"ID_0":177,"ISO":"PHL","NAME_0":"Philippines","ID_1":3071,"NAME_1":"Zambales","ID_2":307109,"NAME_2":"San Antonio","ID_3":307109010,"NAME_3":"San Juan","NL_NAME_3":null,"VARNAME_3":null,"TYPE_3":"Barangay","ENGTYPE_3":"Village","PROVINCE":"Zambales","REGION":"Region III (Central Luzon)","id":"barangay-0307109010","name":"San Juan","barangayCode":"0307109010","population":null,"formattedPop":null,"densityCategory":"No data","vulnerabilityRating":"No data","healthRiskLevel":"No data","areaKm2":0.712083,"centerLat":14.940737,"centerLng":120.087276,"geometrySource":"all_barangay-2.csv detailed WKT","geometryMatchMethod":"unique_official_admin_names","boundaryPointCount":8},"geometry":{"type":"MultiPolygon","coordinates":[[[[120.090332,14.95347],[120.101677,14.95361],[120.101807,14.94961],[120.102333,14.94277],[120.102119,14.94301],[120.096764,14.94416],[120.090317,14.94504],[120.090332,14.95347]]]]}},{"type":"Feature","properties":{"ID_0":177,"ISO":"PHL","NAME_0":"Philippines","ID_1":3071,"NAME_1":"Zambales","ID_2":307109,"NAME_2":"San Antonio","ID_3":307109011,"NAME_3":"San Miguel","NL_NAME_3":null,"VARNAME_3":null,"TYPE_3":"Barangay","ENGTYPE_3":"Village","PROVINCE":"Zambales","REGION":"Region III (Central Luzon)","id":"barangay-0307109011","name":"San Miguel","barangayCode":"0307109011","population":null,"formattedPop":null,"densityCategory":"No data","vulnerabilityRating":"No data","healthRiskLevel":"No data","areaKm2":7.358207,"centerLat":14.94428,"centerLng":120.068069,"geometrySource":"all_barangay-2.csv detailed WKT","geometryMatchMethod":"unique_official_admin_names","boundaryPointCount":35},"geometry":{"type":"MultiPolygon","coordinates":[[[[120.073593,14.9567],[120.074638,14.95684],[120.075974,14.95339],[120.075142,14.94271],[120.074501,14.94249],[120.072533,14.94195],[120.06929,14.94229],[120.068443,14.94534],[120.066673,14.94612],[120.063026,14.94572],[120.060547,14.94682],[120.058968,14.94798],[120.058502,14.9483],[120.058434,14.94848],[120.05835,14.94893],[120.058372,14.94941],[120.058487,14.94991],[120.058594,14.95043],[120.058678,14.95098],[120.058838,14.95148],[120.058907,14.95201],[120.058998,14.95254],[120.059219,14.953],[120.059441,14.95344],[120.059631,14.95387],[120.05983,14.95432],[120.060043,14.95479],[120.060051,14.9554],[120.059982,14.95605],[120.060059,14.95661],[120.059998,14.95667],[120.06028,14.95694],[120.06028,14.9575],[120.060387,14.95761],[120.073593,14.9567]]]]}},{"type":"Feature","properties":{"ID_0":177,"ISO":"PHL","NAME_0":"Philippines","ID_1":3071,"NAME_1":"Zambales","ID_2":307109,"NAME_2":"San Antonio","ID_3":307109012,"NAME_3":"San Nicolas","NL_NAME_3":null,"VARNAME_3":null,"TYPE_3":"Barangay","ENGTYPE_3":"Village","PROVINCE":"Zambales","REGION":"Region III (Central Luzon)","id":"barangay-0307109012","name":"San Nicolas","barangayCode":"0307109012","population":null,"formattedPop":null,"densityCategory":"No data","vulnerabilityRating":"No data","healthRiskLevel":"No data","areaKm2":1.849751,"centerLat":14.947078,"centerLng":120.077249,"geometrySource":"all_barangay-2.csv detailed WKT","geometryMatchMethod":"unique_official_admin_names","boundaryPointCount":8},"geometry":{"type":"MultiPolygon","coordinates":[[[[120.075974,14.95339],[120.081108,14.95322],[120.081169,14.94121],[120.080406,14.94142],[120.078827,14.94199],[120.076729,14.9425],[120.075142,14.94271],[120.075974,14.95339]]]]}},{"type":"Feature","properties":{"ID_0":177,"ISO":"PHL","NAME_0":"Philippines","ID_1":3071,"NAME_1":"Zambales","ID_2":307109,"NAME_2":"San Antonio","ID_3":307109013,"NAME_3":"Santiago","NL_NAME_3":null,"VARNAME_3":null,"TYPE_3":"Barangay","ENGTYPE_3":"Village","PROVINCE":"Zambales","REGION":"Region III (Central Luzon)","id":"barangay-0307109013","name":"Santiago","barangayCode":"0307109013","population":null,"formattedPop":null,"densityCategory":"No data","vulnerabilityRating":"No data","healthRiskLevel":"No data","areaKm2":0.374724,"centerLat":14.94442,"centerLng":120.083668,"geometrySource":"all_barangay-2.csv detailed WKT","geometryMatchMethod":"unique_official_admin_names","boundaryPointCount":13},"geometry":{"type":"MultiPolygon","coordinates":[[[[120.088722,14.95375],[120.090332,14.95347],[120.090317,14.94504],[120.090424,14.94347],[120.090347,14.93264],[120.089157,14.93267],[120.087753,14.93347],[120.086456,14.93558],[120.083549,14.93926],[120.081917,14.94038],[120.081169,14.94121],[120.081108,14.95322],[120.088722,14.95375]]]]}},{"type":"Feature","properties":{"ID_0":177,"ISO":"PHL","NAME_0":"Philippines","ID_1":3071,"NAME_1":"Zambales","ID_2":307109,"NAME_2":"San Antonio","ID_3":307109014,"NAME_3":"Rizal","NL_NAME_3":null,"VARNAME_3":null,"TYPE_3":"Barangay","ENGTYPE_3":"Village","PROVINCE":"Zambales","REGION":"Region III (Central Luzon)","id":"barangay-0307109014","name":"Rizal","barangayCode":"0307109014","population":null,"formattedPop":null,"densityCategory":"No data","vulnerabilityRating":"No data","healthRiskLevel":"No data","areaKm2":0.097076,"centerLat":14.948823,"centerLng":120.089433,"geometrySource":"all_barangay-2.csv detailed WKT","geometryMatchMethod":"unique_official_admin_names","boundaryPointCount":10},"geometry":{"type":"MultiPolygon","coordinates":[[[[120.088791,14.9614],[120.091667,14.95925],[120.094032,14.95863],[120.097313,14.95829],[120.100952,14.95787],[120.101677,14.95361],[120.090332,14.95347],[120.088722,14.95375],[120.087784,14.96066],[120.088791,14.9614]]]]}},{"type":"Feature","properties":{"ID_0":177,"ISO":"PHL","NAME_0":"Philippines","ID_1":3071,"NAME_1":"Zambales","ID_2":307110,"NAME_2":"San Felipe","ID_3":307110001,"NAME_3":"Amagna","NL_NAME_3":null,"VARNAME_3":null,"TYPE_3":"Barangay","ENGTYPE_3":"Village","PROVINCE":"Zambales","REGION":"Region III (Central Luzon)","id":"barangay-0307110001","name":"Amagna","barangayCode":"0307110001","population":null,"formattedPop":null,"densityCategory":"No data","vulnerabilityRating":"No data","healthRiskLevel":"No data","areaKm2":0.165033,"centerLat":15.062687,"centerLng":120.067123,"geometrySource":"all_barangay-2.csv detailed WKT","geometryMatchMethod":"unique_official_admin_names","boundaryPointCount":5},"geometry":{"type":"MultiPolygon","coordinates":[[[[120.074463,15.06189],[120.077568,15.05451],[120.069633,15.05251],[120.067307,15.06112],[120.074463,15.06189]]]]}},{"type":"Feature","properties":{"ID_0":177,"ISO":"PHL","NAME_0":"Philippines","ID_1":3071,"NAME_1":"Zambales","ID_2":307110,"NAME_2":"San Felipe","ID_3":307110002,"NAME_3":"Apostol","NL_NAME_3":null,"VARNAME_3":null,"TYPE_3":"Barangay","ENGTYPE_3":"Village","PROVINCE":"Zambales","REGION":"Region III (Central Luzon)","id":"barangay-0307110002","name":"Apostol","barangayCode":"0307110002","population":null,"formattedPop":null,"densityCategory":"No data","vulnerabilityRating":"No data","healthRiskLevel":"No data","areaKm2":5.461498,"centerLat":15.054007,"centerLng":120.090088,"geometrySource":"all_barangay-2.csv detailed WKT","geometryMatchMethod":"unique_official_admin_names","boundaryPointCount":8},"geometry":{"type":"MultiPolygon","coordinates":[[[[120.086952,15.05309],[120.088097,15.04784],[120.086601,15.0474],[120.084167,15.04696],[120.0821,15.04736],[120.079422,15.04741],[120.078537,15.05087],[120.086952,15.05309]]]]}},{"type":"Feature","properties":{"ID_0":177,"ISO":"PHL","NAME_0":"Philippines","ID_1":3071,"NAME_1":"Zambales","ID_2":307110,"NAME_2":"San Felipe","ID_3":307110003,"NAME_3":"Balincaguing","NL_NAME_3":null,"VARNAME_3":null,"TYPE_3":"Barangay","ENGTYPE_3":"Village","PROVINCE":"Zambales","REGION":"Region III (Central Luzon)","id":"barangay-0307110003","name":"Balincaguing","barangayCode":"0307110003","population":null,"formattedPop":null,"densityCategory":"No data","vulnerabilityRating":"No data","healthRiskLevel":"No data","areaKm2":21.950043,"centerLat":15.055853,"centerLng":120.156983,"geometrySource":"all_barangay-2.csv detailed WKT","geometryMatchMethod":"unique_official_admin_names","boundaryPointCount":83},"geometry":{"type":"MultiPolygon","coordinates":[[[[120.220383,15.10386],[120.211548,15.08771],[120.187073,15.04153],[120.166893,15.04173],[120.154907,15.04191],[120.147697,15.04322],[120.142967,15.04433],[120.13855,15.04475],[120.135307,15.04458],[120.13134,15.04386],[120.125557,15.04312],[120.123329,15.04338],[120.120613,15.04372],[120.116501,15.04431],[120.113411,15.04585],[120.109528,15.04711],[120.105713,15.04703],[120.103912,15.04677],[120.101067,15.04785],[120.098213,15.049],[120.09568,15.049],[120.093582,15.0482],[120.092133,15.04682],[120.090134,15.04688],[120.088097,15.04784],[120.086952,15.05309],[120.086357,15.05538],[120.086967,15.06467],[120.08416,15.07058],[120.084709,15.09456],[120.086777,15.09598],[120.087143,15.09866],[120.087059,15.10303],[120.085663,15.10765],[120.088593,15.10751],[120.091309,15.10797],[120.096878,15.10838],[120.099937,15.10795],[120.102753,15.10683],[120.105392,15.10592],[120.106216,15.10415],[120.106339,15.1019],[120.107826,15.09759],[120.111,15.09508],[120.112534,15.09536],[120.115593,15.09758],[120.117798,15.09781],[120.121368,15.09628],[120.124046,15.09567],[120.125633,15.09509],[120.127441,15.09419],[120.130821,15.09374],[120.135803,15.09283],[120.139511,15.09137],[120.14473,15.08863],[120.149712,15.08591],[120.151817,15.08374],[120.154633,15.08098],[120.158157,15.08097],[120.160751,15.08176],[120.163887,15.08237],[120.166229,15.08197],[120.169563,15.08335],[120.17244,15.08642],[120.174622,15.09034],[120.176521,15.09466],[120.179413,15.09799],[120.182182,15.09737],[120.183197,15.09558],[120.184532,15.09293],[120.187576,15.09107],[120.191399,15.09255],[120.193459,15.09373],[120.194969,15.09426],[120.196861,15.0948],[120.197449,15.09538],[120.197723,15.09816],[120.199364,15.10145],[120.200943,15.10427],[120.20253,15.10641],[120.203011,15.10782],[120.205544,15.11261],[120.220383,15.10386]]]]}},{"type":"Feature","properties":{"ID_0":177,"ISO":"PHL","NAME_0":"Philippines","ID_1":3071,"NAME_1":"Zambales","ID_2":307110,"NAME_2":"San Felipe","ID_3":307110004,"NAME_3":"Farañal","NL_NAME_3":null,"VARNAME_3":"Faranal (Pob.)","TYPE_3":"Barangay","ENGTYPE_3":"Village","PROVINCE":"Zambales","REGION":"Region III (Central Luzon)","id":"barangay-0307110004","name":"Farañal","barangayCode":"0307110004","population":null,"formattedPop":null,"densityCategory":"No data","vulnerabilityRating":"No data","healthRiskLevel":"No data","areaKm2":1.947152,"centerLat":15.069663,"centerLng":120.072054,"geometrySource":"barangays.geojson simplified fallback","geometryMatchMethod":"simplified_fallback","boundaryPointCount":5},"geometry":{"type":"Polygon","coordinates":[[[120.08520953000004,15.069594083000027],[120.06346296100003,15.063111670000069],[120.06004461300006,15.071084323000036],[120.0824176960001,15.07526506000005],[120.08520953000004,15.069594083000027]]]}},{"type":"Feature","properties":{"ID_0":177,"ISO":"PHL","NAME_0":"Philippines","ID_1":3071,"NAME_1":"Zambales","ID_2":307110,"NAME_2":"San Felipe","ID_3":307110005,"NAME_3":"Feria","NL_NAME_3":null,"VARNAME_3":null,"TYPE_3":"Barangay","ENGTYPE_3":"Village","PROVINCE":"Zambales","REGION":"Region III (Central Luzon)","id":"barangay-0307110005","name":"Feria","barangayCode":"0307110005","population":null,"formattedPop":null,"densityCategory":"No data","vulnerabilityRating":"No data","healthRiskLevel":"No data","areaKm2":7.290476,"centerLat":15.061565,"centerLng":120.108125,"geometrySource":"all_barangay-2.csv detailed WKT","geometryMatchMethod":"unique_official_admin_names","boundaryPointCount":7},"geometry":{"type":"MultiPolygon","coordinates":[[[[120.086357,15.05538],[120.086952,15.05309],[120.078537,15.05087],[120.070831,15.04843],[120.069633,15.05251],[120.077568,15.05451],[120.086357,15.05538]]]]}},{"type":"Feature","properties":{"ID_0":177,"ISO":"PHL","NAME_0":"Philippines","ID_1":3071,"NAME_1":"Zambales","ID_2":307110,"NAME_2":"San Felipe","ID_3":307110006,"NAME_3":"Maloma","NL_NAME_3":null,"VARNAME_3":null,"TYPE_3":"Barangay","ENGTYPE_3":"Village","PROVINCE":"Zambales","REGION":"Region III (Central Luzon)","id":"barangay-0307110006","name":"Maloma","barangayCode":"0307110006","population":null,"formattedPop":null,"densityCategory":"No data","vulnerabilityRating":"No data","healthRiskLevel":"No data","areaKm2":56.366947,"centerLat":15.090521,"centerLng":120.124792,"geometrySource":"all_barangay-2.csv detailed WKT","geometryMatchMethod":"unique_official_admin_names","boundaryPointCount":85},"geometry":{"type":"MultiPolygon","coordinates":[[[[120.064949,15.12138],[120.066887,15.12043],[120.068367,15.11899],[120.070602,15.11739],[120.071472,15.11615],[120.070992,15.11488],[120.070122,15.11262],[120.071602,15.10957],[120.073196,15.10825],[120.076233,15.10924],[120.078728,15.11092],[120.081467,15.11014],[120.083069,15.10911],[120.085663,15.10765],[120.087059,15.10303],[120.087143,15.09866],[120.086777,15.09598],[120.084709,15.09456],[120.083672,15.09407],[120.081192,15.09224],[120.077217,15.09162],[120.069893,15.09127],[120.064934,15.09092],[120.060341,15.09076],[120.054993,15.09108],[120.053886,15.09118],[120.053886,15.09194],[120.053612,15.09222],[120.053612,15.09278],[120.053337,15.09306],[120.053337,15.09333],[120.053047,15.09361],[120.053047,15.09389],[120.052711,15.09438],[120.052696,15.09472],[120.052498,15.095],[120.052498,15.09528],[120.052223,15.09556],[120.052223,15.09611],[120.052078,15.09639],[120.051941,15.09667],[120.051666,15.09694],[120.051666,15.0975],[120.051941,15.09778],[120.051941,15.09833],[120.052223,15.09861],[120.052223,15.09917],[120.052498,15.09944],[120.052498,15.1],[120.052673,15.10018],[120.05278,15.10028],[120.05278,15.10056],[120.053337,15.10111],[120.053337,15.10139],[120.053612,15.10167],[120.053612,15.10194],[120.052498,15.10306],[120.052101,15.10306],[120.051666,15.10306],[120.051109,15.10361],[120.051109,15.10417],[120.050827,15.10444],[120.050827,15.10556],[120.051109,15.10583],[120.051392,15.10611],[120.051109,15.10639],[120.051109,15.10694],[120.050827,15.10722],[120.050827,15.10778],[120.050613,15.108],[120.052391,15.10829],[120.055397,15.10847],[120.057327,15.10862],[120.057693,15.10848],[120.059601,15.10821],[120.061142,15.10976],[120.061798,15.11137],[120.061943,15.11298],[120.060944,15.11621],[120.060623,15.11769],[120.061157,15.1194],[120.062378,15.1209],[120.063133,15.12124],[120.064423,15.12158],[120.064949,15.12138]]]]}},{"type":"Feature","properties":{"ID_0":177,"ISO":"PHL","NAME_0":"Philippines","ID_1":3071,"NAME_1":"Zambales","ID_2":307110,"NAME_2":"San Felipe","ID_3":307110007,"NAME_3":"Manglicmot","NL_NAME_3":null,"VARNAME_3":null,"TYPE_3":"Barangay","ENGTYPE_3":"Village","PROVINCE":"Zambales","REGION":"Region III (Central Luzon)","id":"barangay-0307110007","name":"Manglicmot","barangayCode":"0307110007","population":null,"formattedPop":null,"densityCategory":"No data","vulnerabilityRating":"No data","healthRiskLevel":"No data","areaKm2":8.074832,"centerLat":15.041511,"centerLng":120.09045,"geometrySource":"all_barangay-2.csv detailed WKT","geometryMatchMethod":"unique_official_admin_names","boundaryPointCount":9},"geometry":{"type":"MultiPolygon","coordinates":[[[[120.070831,15.04843],[120.078537,15.05087],[120.079422,15.04741],[120.078407,15.04722],[120.077118,15.04674],[120.075081,15.04545],[120.073601,15.04385],[120.072006,15.04192],[120.070831,15.04843]]]]}},{"type":"Feature","properties":{"ID_0":177,"ISO":"PHL","NAME_0":"Philippines","ID_1":3071,"NAME_1":"Zambales","ID_2":307110,"NAME_2":"San Felipe","ID_3":307110008,"NAME_3":"Rosete","NL_NAME_3":null,"VARNAME_3":null,"TYPE_3":"Barangay","ENGTYPE_3":"Village","PROVINCE":"Zambales","REGION":"Region III (Central Luzon)","id":"barangay-0307110008","name":"Rosete","barangayCode":"0307110008","population":null,"formattedPop":null,"densityCategory":"No data","vulnerabilityRating":"No data","healthRiskLevel":"No data","areaKm2":0.694681,"centerLat":15.065445,"centerLng":120.076874,"geometrySource":"all_barangay-2.csv detailed WKT","geometryMatchMethod":"unique_official_admin_names","boundaryPointCount":5},"geometry":{"type":"MultiPolygon","coordinates":[[[[120.086967,15.06467],[120.086357,15.05538],[120.077568,15.05451],[120.074463,15.06189],[120.086967,15.06467]]]]}},{"type":"Feature","properties":{"ID_0":177,"ISO":"PHL","NAME_0":"Philippines","ID_1":3071,"NAME_1":"Zambales","ID_2":307110,"NAME_2":"San Felipe","ID_3":307110009,"NAME_3":"San Rafael","NL_NAME_3":null,"VARNAME_3":null,"TYPE_3":"Barangay","ENGTYPE_3":"Village","PROVINCE":"Zambales","REGION":"Region III (Central Luzon)","id":"barangay-0307110009","name":"San Rafael","barangayCode":"0307110009","population":null,"formattedPop":null,"densityCategory":"No data","vulnerabilityRating":"No data","healthRiskLevel":"No data","areaKm2":1.100716,"centerLat":15.044216,"centerLng":120.068478,"geometrySource":"all_barangay-2.csv detailed WKT","geometryMatchMethod":"unique_official_admin_names","boundaryPointCount":37},"geometry":{"type":"MultiPolygon","coordinates":[[[[120.069633,15.05251],[120.070831,15.04843],[120.072006,15.04192],[120.070839,15.04043],[120.068657,15.03892],[120.067169,15.03858],[120.066177,15.03818],[120.066017,15.03815],[120.065811,15.03813],[120.065002,15.03792],[120.062813,15.03785],[120.060333,15.0379],[120.057579,15.03797],[120.055138,15.03809],[120.055069,15.03861],[120.055069,15.04032],[120.055267,15.04128],[120.055771,15.04224],[120.056618,15.04272],[120.057533,15.04354],[120.059174,15.04556],[120.059174,15.04611],[120.059448,15.04639],[120.059448,15.04667],[120.059723,15.04694],[120.059723,15.04722],[120.059998,15.0475],[120.059998,15.04861],[120.059723,15.04889],[120.059723,15.04917],[120.059998,15.04944],[120.059998,15.05],[120.06028,15.05028],[120.06028,15.05056],[120.060837,15.05111],[120.06411,15.05169],[120.069633,15.05251]]]]}},{"type":"Feature","properties":{"ID_0":177,"ISO":"PHL","NAME_0":"Philippines","ID_1":3071,"NAME_1":"Zambales","ID_2":307110,"NAME_2":"San Felipe","ID_3":307110011,"NAME_3":"Sto. Niño","NL_NAME_3":null,"VARNAME_3":"Sto. Nino","TYPE_3":"Barangay","ENGTYPE_3":"Village","PROVINCE":"Zambales","REGION":"Region III (Central Luzon)","id":"barangay-0307110011","name":"Sto. Niño","barangayCode":"0307110011","population":null,"formattedPop":null,"densityCategory":"No data","vulnerabilityRating":"No data","healthRiskLevel":"No data","areaKm2":4.022074,"centerLat":15.046438,"centerLng":120.06124,"geometrySource":"all_barangay-2.csv detailed WKT","geometryMatchMethod":"unique_official_admin_names","boundaryPointCount":32},"geometry":{"type":"MultiPolygon","coordinates":[[[[120.060417,15.06542],[120.061546,15.06548],[120.06617,15.06558],[120.067307,15.06112],[120.069633,15.05251],[120.06411,15.05169],[120.060837,15.05111],[120.060837,15.0525],[120.061111,15.05278],[120.061111,15.05444],[120.061394,15.05472],[120.061394,15.05611],[120.061111,15.05639],[120.061394,15.05667],[120.061394,15.05722],[120.061111,15.0575],[120.061111,15.05806],[120.061394,15.05833],[120.061394,15.05861],[120.061111,15.05889],[120.061111,15.06083],[120.060837,15.06111],[120.060837,15.06167],[120.060547,15.06194],[120.060837,15.06222],[120.060837,15.06306],[120.060547,15.06333],[120.060837,15.06361],[120.060837,15.06444],[120.060547,15.06472],[120.060547,15.06528],[120.060417,15.06542]]]]}},{"type":"Feature","properties":{"ID_0":177,"ISO":"PHL","NAME_0":"Philippines","ID_1":3071,"NAME_1":"Zambales","ID_2":307110,"NAME_2":"San Felipe","ID_3":307110012,"NAME_3":"Sindol","NL_NAME_3":null,"VARNAME_3":null,"TYPE_3":"Barangay","ENGTYPE_3":"Village","PROVINCE":"Zambales","REGION":"Region III (Central Luzon)","id":"barangay-0307110012","name":"Sindol","barangayCode":"0307110012","population":null,"formattedPop":null,"densityCategory":"No data","vulnerabilityRating":"No data","healthRiskLevel":"No data","areaKm2":7.293609,"centerLat":15.084794,"centerLng":120.068267,"geometrySource":"all_barangay-2.csv detailed WKT","geometryMatchMethod":"unique_official_admin_names","boundaryPointCount":70},"geometry":{"type":"MultiPolygon","coordinates":[[[[120.084709,15.09456],[120.08416,15.07058],[120.06617,15.06558],[120.061546,15.06548],[120.060417,15.06542],[120.06028,15.06556],[120.060547,15.06583],[120.060547,15.06639],[120.06028,15.06667],[120.06028,15.06833],[120.059998,15.06861],[120.059998,15.06917],[120.059723,15.06944],[120.059891,15.06961],[120.059998,15.06972],[120.059723,15.07028],[120.059593,15.07041],[120.059448,15.07056],[120.059448,15.07083],[120.059174,15.07111],[120.059174,15.07222],[120.058891,15.0725],[120.058891,15.07417],[120.058609,15.07444],[120.058609,15.07611],[120.058327,15.07667],[120.058052,15.07694],[120.058052,15.07806],[120.057777,15.07833],[120.057777,15.07861],[120.058052,15.07889],[120.058052,15.07917],[120.058273,15.07939],[120.058327,15.07945],[120.058327,15.07972],[120.058113,15.07995],[120.057777,15.08028],[120.057777,15.08056],[120.057503,15.08083],[120.057503,15.08111],[120.056953,15.08167],[120.056953,15.08222],[120.056664,15.0825],[120.056664,15.08361],[120.056389,15.08389],[120.056389,15.085],[120.056107,15.08528],[120.056107,15.08583],[120.055557,15.08639],[120.055557,15.08667],[120.055267,15.08722],[120.055267,15.0875],[120.055,15.08778],[120.055,15.08861],[120.054733,15.08889],[120.054733,15.08944],[120.054443,15.08972],[120.054443,15.09],[120.054169,15.09028],[120.054169,15.09056],[120.053886,15.09083],[120.053886,15.09118],[120.054993,15.09108],[120.060341,15.09076],[120.064934,15.09092],[120.069893,15.09127],[120.077217,15.09162],[120.081192,15.09224],[120.083672,15.09407],[120.084709,15.09456]]]]}},{"type":"Feature","properties":{"ID_0":177,"ISO":"PHL","NAME_0":"Philippines","ID_1":3071,"NAME_1":"Zambales","ID_2":307111,"NAME_2":"San Marcelino","ID_3":307111001,"NAME_3":"Aglao","NL_NAME_3":null,"VARNAME_3":null,"TYPE_3":"Barangay","ENGTYPE_3":"Village","PROVINCE":"Zambales","REGION":"Region III (Central Luzon)","id":"barangay-0307111001","name":"Aglao","barangayCode":"0307111001","population":null,"formattedPop":null,"densityCategory":"No data","vulnerabilityRating":"No data","healthRiskLevel":"No data","areaKm2":91.368131,"centerLat":15.042076,"centerLng":120.314877,"geometrySource":"all_barangay-2.csv detailed WKT","geometryMatchMethod":"unique_official_admin_names","boundaryPointCount":68},"geometry":{"type":"MultiPolygon","coordinates":[[[[120.390297,15.04065],[120.341568,15.01468],[120.294647,14.97568],[120.291191,14.97861],[120.290817,14.98143],[120.28907,14.98171],[120.288277,14.98243],[120.287117,14.98253],[120.285843,14.98191],[120.285423,14.98258],[120.285591,14.98396],[120.28418,14.98433],[120.280563,14.98488],[120.278374,14.98582],[120.277283,14.98757],[120.275871,14.98961],[120.273949,14.99022],[120.271179,14.98956],[120.269974,14.98999],[120.269943,14.99049],[120.271217,14.9924],[120.272781,14.9943],[120.272171,14.99524],[120.269981,14.99657],[120.269028,14.99754],[120.268089,14.99847],[120.266403,14.99885],[120.264458,14.999],[120.262833,15.00021],[120.261559,15.00061],[120.258957,15.00079],[120.259949,15.00391],[120.260536,15.00554],[120.261787,15.00845],[120.261597,15.01112],[120.262077,15.01357],[120.26255,15.0163],[120.262817,15.01878],[120.264641,15.0223],[120.26609,15.02468],[120.26738,15.0279],[120.268341,15.02987],[120.271408,15.03131],[120.272972,15.03171],[120.275726,15.03231],[120.279327,15.03374],[120.281387,15.03572],[120.283989,15.03694],[120.286011,15.03878],[120.287437,15.04042],[120.288277,15.04254],[120.288948,15.04444],[120.289787,15.04491],[120.294327,15.04891],[120.302361,15.05205],[120.306923,15.05058],[120.31012,15.04921],[120.312073,15.04784],[120.313606,15.04734],[120.316002,15.04821],[120.317383,15.04867],[120.320427,15.04883],[120.322861,15.04963],[120.326057,15.05089],[120.32901,15.05187],[120.333611,15.05216],[120.337547,15.05325],[120.390297,15.04065]]]]}},{"type":"Feature","properties":{"ID_0":177,"ISO":"PHL","NAME_0":"Philippines","ID_1":3071,"NAME_1":"Zambales","ID_2":307111,"NAME_2":"San Marcelino","ID_3":307111002,"NAME_3":"Buhawen","NL_NAME_3":null,"VARNAME_3":null,"TYPE_3":"Barangay","ENGTYPE_3":"Village","PROVINCE":"Zambales","REGION":"Region III (Central Luzon)","id":"barangay-0307111002","name":"Buhawen","barangayCode":"0307111002","population":null,"formattedPop":null,"densityCategory":"No data","vulnerabilityRating":"No data","healthRiskLevel":"No data","areaKm2":153.278941,"centerLat":14.998267,"centerLng":120.366813,"geometrySource":"all_barangay-2.csv detailed WKT","geometryMatchMethod":"unique_official_admin_names","boundaryPointCount":8},"geometry":{"type":"MultiPolygon","coordinates":[[[[120.422127,15.04415],[120.419724,15.00766],[120.35807,14.98273],[120.338692,14.98392],[120.294647,14.97568],[120.341568,15.01468],[120.390297,15.04065],[120.422127,15.04415]]]]}},{"type":"Feature","properties":{"ID_0":177,"ISO":"PHL","NAME_0":"Philippines","ID_1":3071,"NAME_1":"Zambales","ID_2":307111,"NAME_2":"San Marcelino","ID_3":307111003,"NAME_3":"Burgos","NL_NAME_3":null,"VARNAME_3":null,"TYPE_3":"Barangay","ENGTYPE_3":"Village","PROVINCE":"Zambales","REGION":"Region III (Central Luzon)","id":"barangay-0307111003","name":"Burgos","barangayCode":"0307111003","population":null,"formattedPop":null,"densityCategory":"No data","vulnerabilityRating":"No data","healthRiskLevel":"No data","areaKm2":1.343109,"centerLat":14.985815,"centerLng":120.159832,"geometrySource":"all_barangay-2.csv detailed WKT","geometryMatchMethod":"unique_official_admin_names","boundaryPointCount":9},"geometry":{"type":"MultiPolygon","coordinates":[[[[120.152786,14.99335],[120.158836,14.99406],[120.15921,14.99008],[120.158997,14.9814],[120.155067,14.98114],[120.15242,14.98371],[120.151062,14.98576],[120.155869,14.98788],[120.152786,14.99335]]]]}},{"type":"Feature","properties":{"ID_0":177,"ISO":"PHL","NAME_0":"Philippines","ID_1":3071,"NAME_1":"Zambales","ID_2":307111,"NAME_2":"San Marcelino","ID_3":307111004,"NAME_3":"Consuelo Norte","NL_NAME_3":null,"VARNAME_3":null,"TYPE_3":"Barangay","ENGTYPE_3":"Village","PROVINCE":"Zambales","REGION":"Region III (Central Luzon)","id":"barangay-0307111004","name":"Consuelo Norte","barangayCode":"0307111004","population":null,"formattedPop":null,"densityCategory":"No data","vulnerabilityRating":"No data","healthRiskLevel":"No data","areaKm2":2.962477,"centerLat":14.987459,"centerLng":120.149463,"geometrySource":"all_barangay-2.csv detailed WKT","geometryMatchMethod":"unique_official_admin_names","boundaryPointCount":7},"geometry":{"type":"MultiPolygon","coordinates":[[[[120.143753,14.99856],[120.158722,15.0046],[120.158836,14.99406],[120.152786,14.99335],[120.141281,14.98794],[120.137558,14.99203],[120.143753,14.99856]]]]}},{"type":"Feature","properties":{"ID_0":177,"ISO":"PHL","NAME_0":"Philippines","ID_1":3071,"NAME_1":"Zambales","ID_2":307111,"NAME_2":"San Marcelino","ID_3":307111005,"NAME_3":"Consuelo Sur","NL_NAME_3":null,"VARNAME_3":null,"TYPE_3":"Barangay","ENGTYPE_3":"Village","PROVINCE":"Zambales","REGION":"Region III (Central Luzon)","id":"barangay-0307111005","name":"Consuelo Sur","barangayCode":"0307111005","population":null,"formattedPop":null,"densityCategory":"No data","vulnerabilityRating":"No data","healthRiskLevel":"No data","areaKm2":0.598872,"centerLat":14.978092,"centerLng":120.150371,"geometrySource":"all_barangay-2.csv detailed WKT","geometryMatchMethod":"unique_official_admin_names","boundaryPointCount":8},"geometry":{"type":"MultiPolygon","coordinates":[[[[120.141281,14.98794],[120.152786,14.99335],[120.155869,14.98788],[120.151062,14.98576],[120.15242,14.98371],[120.149788,14.98294],[120.143707,14.98305],[120.141281,14.98794]]]]}},{"type":"Feature","properties":{"ID_0":177,"ISO":"PHL","NAME_0":"Philippines","ID_1":3071,"NAME_1":"Zambales","ID_2":307111,"NAME_2":"San Marcelino","ID_3":307111006,"NAME_3":"La Paz","NL_NAME_3":null,"VARNAME_3":null,"TYPE_3":"Barangay","ENGTYPE_3":"Village","PROVINCE":"Zambales","REGION":"Region III (Central Luzon)","id":"barangay-0307111006","name":"La Paz","barangayCode":"0307111006","population":null,"formattedPop":null,"densityCategory":"No data","vulnerabilityRating":"No data","healthRiskLevel":"No data","areaKm2":1.348106,"centerLat":14.964015,"centerLng":120.154349,"geometrySource":"barangays.geojson simplified fallback","geometryMatchMethod":"simplified_fallback","boundaryPointCount":5},"geometry":{"type":"Polygon","coordinates":[[[120.15639409300002,14.972879630000023],[120.1645841300001,14.962798989000078],[120.14602453100008,14.958589548000077],[120.14606511700003,14.965066781000075],[120.15639409300002,14.972879630000023]]]}},{"type":"Feature","properties":{"ID_0":177,"ISO":"PHL","NAME_0":"Philippines","ID_1":3071,"NAME_1":"Zambales","ID_2":307111,"NAME_2":"San Marcelino","ID_3":307111007,"NAME_3":"Laoag","NL_NAME_3":null,"VARNAME_3":null,"TYPE_3":"Barangay","ENGTYPE_3":"Village","PROVINCE":"Zambales","REGION":"Region III (Central Luzon)","id":"barangay-0307111007","name":"Laoag","barangayCode":"0307111007","population":null,"formattedPop":null,"densityCategory":"No data","vulnerabilityRating":"No data","healthRiskLevel":"No data","areaKm2":2.642818,"centerLat":14.982236,"centerLng":120.171117,"geometrySource":"all_barangay-2.csv detailed WKT","geometryMatchMethod":"unique_official_admin_names","boundaryPointCount":21},"geometry":{"type":"MultiPolygon","coordinates":[[[[120.198547,14.99673],[120.198936,14.98935],[120.200493,14.9895],[120.201431,14.98866],[120.202408,14.98683],[120.190842,14.9823],[120.166,14.97587],[120.163689,14.98141],[120.164337,14.99002],[120.170776,14.98947],[120.172462,14.99975],[120.174026,14.9995],[120.177177,14.99961],[120.180321,14.99851],[120.182243,14.99691],[120.183327,14.99608],[120.186607,14.99708],[120.190712,14.99887],[120.192001,14.99941],[120.196243,14.99877],[120.198547,14.99673]]]]}},{"type":"Feature","properties":{"ID_0":177,"ISO":"PHL","NAME_0":"Philippines","ID_1":3071,"NAME_1":"Zambales","ID_2":307111,"NAME_2":"San Marcelino","ID_3":307111008,"NAME_3":"Linasin","NL_NAME_3":null,"VARNAME_3":null,"TYPE_3":"Barangay","ENGTYPE_3":"Village","PROVINCE":"Zambales","REGION":"Region III (Central Luzon)","id":"barangay-0307111008","name":"Linasin","barangayCode":"0307111008","population":null,"formattedPop":null,"densityCategory":"No data","vulnerabilityRating":"No data","healthRiskLevel":"No data","areaKm2":2.850962,"centerLat":14.972478,"centerLng":120.136444,"geometrySource":"all_barangay-2.csv detailed WKT","geometryMatchMethod":"unique_official_admin_names","boundaryPointCount":12},"geometry":{"type":"MultiPolygon","coordinates":[[[[120.141281,14.98794],[120.143707,14.98305],[120.149788,14.98294],[120.14901,14.97832],[120.146919,14.97804],[120.148727,14.97088],[120.147072,14.96156],[120.116417,14.97513],[120.122803,14.98028],[120.130203,14.98665],[120.137558,14.99203],[120.141281,14.98794]]]]}},{"type":"Feature","properties":{"ID_0":177,"ISO":"PHL","NAME_0":"Philippines","ID_1":3071,"NAME_1":"Zambales","ID_2":307111,"NAME_2":"San Marcelino","ID_3":307111010,"NAME_3":"Linusungan","NL_NAME_3":null,"VARNAME_3":null,"TYPE_3":"Barangay","ENGTYPE_3":"Village","PROVINCE":"Zambales","REGION":"Region III (Central Luzon)","id":"barangay-0307111010","name":"Linusungan","barangayCode":"0307111010","population":null,"formattedPop":null,"densityCategory":"No data","vulnerabilityRating":"No data","healthRiskLevel":"No data","areaKm2":3.638134,"centerLat":14.955241,"centerLng":120.153887,"geometrySource":"all_barangay-2.csv detailed WKT","geometryMatchMethod":"unique_official_admin_names","boundaryPointCount":9},"geometry":{"type":"MultiPolygon","coordinates":[[[[120.151428,14.96943],[120.159554,14.96857],[120.170898,14.95617],[120.164032,14.95354],[120.157753,14.94998],[120.154709,14.95544],[120.147072,14.96156],[120.148727,14.97088],[120.151428,14.96943]]]]}},{"type":"Feature","properties":{"ID_0":177,"ISO":"PHL","NAME_0":"Philippines","ID_1":3071,"NAME_1":"Zambales","ID_2":307111,"NAME_2":"San Marcelino","ID_3":307111011,"NAME_3":"Lucero","NL_NAME_3":null,"VARNAME_3":null,"TYPE_3":"Barangay","ENGTYPE_3":"Village","PROVINCE":"Zambales","REGION":"Region III (Central Luzon)","id":"barangay-0307111011","name":"Lucero","barangayCode":"0307111011","population":null,"formattedPop":null,"densityCategory":"No data","vulnerabilityRating":"No data","healthRiskLevel":"No data","areaKm2":1.23653,"centerLat":14.987309,"centerLng":120.164847,"geometrySource":"all_barangay-2.csv detailed WKT","geometryMatchMethod":"unique_official_admin_names","boundaryPointCount":9},"geometry":{"type":"MultiPolygon","coordinates":[[[[120.158722,15.0046],[120.163773,15.00305],[120.16803,15.00094],[120.172462,14.99975],[120.170776,14.98947],[120.164337,14.99002],[120.15921,14.99008],[120.158836,14.99406],[120.158722,15.0046]]]]}},{"type":"Feature","properties":{"ID_0":177,"ISO":"PHL","NAME_0":"Philippines","ID_1":3071,"NAME_1":"Zambales","ID_2":307111,"NAME_2":"San Marcelino","ID_3":307111012,"NAME_3":"Nagbunga","NL_NAME_3":null,"VARNAME_3":null,"TYPE_3":"Barangay","ENGTYPE_3":"Village","PROVINCE":"Zambales","REGION":"Region III (Central Luzon)","id":"barangay-0307111012","name":"Nagbunga","barangayCode":"0307111012","population":null,"formattedPop":null,"densityCategory":"No data","vulnerabilityRating":"No data","healthRiskLevel":"No data","areaKm2":6.794184,"centerLat":14.967484,"centerLng":120.187249,"geometrySource":"all_barangay-2.csv detailed WKT","geometryMatchMethod":"unique_official_admin_names","boundaryPointCount":17},"geometry":{"type":"MultiPolygon","coordinates":[[[[120.202408,14.98683],[120.202988,14.98585],[120.203194,14.98503],[120.202744,14.98324],[120.202133,14.98189],[120.2024,14.98011],[120.203957,14.97788],[120.20491,14.97528],[120.205093,14.96207],[120.180061,14.95817],[120.179283,14.95835],[120.174294,14.95736],[120.170898,14.95617],[120.159554,14.96857],[120.166,14.97587],[120.190842,14.9823],[120.202408,14.98683]]]]}},{"type":"Feature","properties":{"ID_0":177,"ISO":"PHL","NAME_0":"Philippines","ID_1":3071,"NAME_1":"Zambales","ID_2":307111,"NAME_2":"San Marcelino","ID_3":307111014,"NAME_3":"Rizal","NL_NAME_3":null,"VARNAME_3":null,"TYPE_3":"Barangay","ENGTYPE_3":"Village","PROVINCE":"Zambales","REGION":"Region III (Central Luzon)","id":"barangay-0307111014","name":"Rizal","barangayCode":"0307111014","population":null,"formattedPop":null,"densityCategory":"No data","vulnerabilityRating":"No data","healthRiskLevel":"No data","areaKm2":0.397789,"centerLat":14.973334,"centerLng":120.163128,"geometrySource":"all_barangay-2.csv detailed WKT","geometryMatchMethod":"unique_official_admin_names","boundaryPointCount":5},"geometry":{"type":"MultiPolygon","coordinates":[[[[120.164337,14.99002],[120.163689,14.98141],[120.158997,14.9814],[120.15921,14.99008],[120.164337,14.99002]]]]}},{"type":"Feature","properties":{"ID_0":177,"ISO":"PHL","NAME_0":"Philippines","ID_1":3071,"NAME_1":"Zambales","ID_2":307111,"NAME_2":"San Marcelino","ID_3":307111015,"NAME_3":"San Guillermo","NL_NAME_3":null,"VARNAME_3":null,"TYPE_3":"Barangay","ENGTYPE_3":"Village","PROVINCE":"Zambales","REGION":"Region III (Central Luzon)","id":"barangay-0307111015","name":"San Guillermo","barangayCode":"0307111015","population":null,"formattedPop":null,"densityCategory":"No data","vulnerabilityRating":"No data","healthRiskLevel":"No data","areaKm2":1.062716,"centerLat":14.966989,"centerLng":120.164862,"geometrySource":"all_barangay-2.csv detailed WKT","geometryMatchMethod":"unique_official_admin_names","boundaryPointCount":7},"geometry":{"type":"MultiPolygon","coordinates":[[[[120.158997,14.9814],[120.163689,14.98141],[120.166,14.97587],[120.159554,14.96857],[120.155579,14.97797],[120.155067,14.98114],[120.158997,14.9814]]]]}},{"type":"Feature","properties":{"ID_0":177,"ISO":"PHL","NAME_0":"Philippines","ID_1":3071,"NAME_1":"Zambales","ID_2":307111,"NAME_2":"San Marcelino","ID_3":307111016,"NAME_3":"San Isidro","NL_NAME_3":null,"VARNAME_3":null,"TYPE_3":"Barangay","ENGTYPE_3":"Village","PROVINCE":"Zambales","REGION":"Region III (Central Luzon)","id":"barangay-0307111016","name":"San Isidro","barangayCode":"0307111016","population":null,"formattedPop":null,"densityCategory":"No data","vulnerabilityRating":"No data","healthRiskLevel":"No data","areaKm2":3.05544,"centerLat":14.964372,"centerLng":120.141991,"geometrySource":"all_barangay-2.csv detailed WKT","geometryMatchMethod":"unique_official_admin_names","boundaryPointCount":8},"geometry":{"type":"MultiPolygon","coordinates":[[[[120.15242,14.98371],[120.152023,14.97765],[120.151428,14.96943],[120.148727,14.97088],[120.146919,14.97804],[120.14901,14.97832],[120.149788,14.98294],[120.15242,14.98371]]]]}},{"type":"Feature","properties":{"ID_0":177,"ISO":"PHL","NAME_0":"Philippines","ID_1":3071,"NAME_1":"Zambales","ID_2":307111,"NAME_2":"San Marcelino","ID_3":307111017,"NAME_3":"San Rafael","NL_NAME_3":null,"VARNAME_3":null,"TYPE_3":"Barangay","ENGTYPE_3":"Village","PROVINCE":"Zambales","REGION":"Region III (Central Luzon)","id":"barangay-0307111017","name":"San Rafael","barangayCode":"0307111017","population":null,"formattedPop":null,"densityCategory":"No data","vulnerabilityRating":"No data","healthRiskLevel":"No data","areaKm2":14.275982,"centerLat":14.980971,"centerLng":120.231122,"geometrySource":"all_barangay-2.csv detailed WKT","geometryMatchMethod":"unique_official_admin_names","boundaryPointCount":78},"geometry":{"type":"MultiPolygon","coordinates":[[[[120.198547,14.99673],[120.201271,14.99517],[120.201561,14.99499],[120.202927,14.99512],[120.203743,14.99615],[120.204552,14.99831],[120.205917,14.99964],[120.208199,14.99881],[120.209061,14.99739],[120.210533,14.99541],[120.213333,14.99446],[120.215759,14.99641],[120.217087,14.99728],[120.218857,14.99782],[120.220711,14.99739],[120.222847,14.99585],[120.22435,14.99528],[120.226448,14.99533],[120.227364,14.9975],[120.227524,14.99969],[120.228119,15.00094],[120.229538,15.00072],[120.230843,15.00036],[120.233543,15.00091],[120.236382,15.00308],[120.238289,15.00456],[120.241631,15.00341],[120.243446,15.00277],[120.245979,15.00243],[120.248627,15.00102],[120.250938,14.99976],[120.252983,14.99899],[120.25573,14.99835],[120.257622,14.99919],[120.258957,15.00079],[120.261559,15.00061],[120.262833,15.00021],[120.264458,14.999],[120.266403,14.99885],[120.268089,14.99847],[120.269028,14.99754],[120.269981,14.99657],[120.272171,14.99524],[120.272781,14.9943],[120.271217,14.9924],[120.269943,14.99049],[120.269974,14.98999],[120.271179,14.98956],[120.273949,14.99022],[120.275871,14.98961],[120.277283,14.98757],[120.278374,14.98582],[120.280563,14.98488],[120.28418,14.98433],[120.285591,14.98396],[120.285423,14.98258],[120.285843,14.98191],[120.287117,14.98253],[120.288277,14.98243],[120.28907,14.98171],[120.290817,14.98143],[120.291191,14.97861],[120.294647,14.97568],[120.25351,14.96417],[120.24305,14.96269],[120.205093,14.96207],[120.20491,14.97528],[120.203957,14.97788],[120.2024,14.98011],[120.202133,14.98189],[120.202744,14.98324],[120.203194,14.98503],[120.202988,14.98585],[120.202408,14.98683],[120.201431,14.98866],[120.200493,14.9895],[120.198936,14.98935],[120.198547,14.99673]]]]}},{"type":"Feature","properties":{"ID_0":177,"ISO":"PHL","NAME_0":"Philippines","ID_1":3071,"NAME_1":"Zambales","ID_2":307111,"NAME_2":"San Marcelino","ID_3":307111018,"NAME_3":"Santa Fe","NL_NAME_3":null,"VARNAME_3":null,"TYPE_3":"Barangay","ENGTYPE_3":"Village","PROVINCE":"Zambales","REGION":"Region III (Central Luzon)","id":"barangay-0307111018","name":"Santa Fe","barangayCode":"0307111018","population":null,"formattedPop":null,"densityCategory":"No data","vulnerabilityRating":"No data","healthRiskLevel":"No data","areaKm2":125.172932,"centerLat":15.050716,"centerLng":120.238948,"geometrySource":"all_barangay-2.csv detailed WKT","geometryMatchMethod":"unique_official_admin_names","boundaryPointCount":86},"geometry":{"type":"MultiPolygon","coordinates":[[[[120.295609,15.08193],[120.292442,15.064],[120.291588,15.06274],[120.291267,15.0618],[120.290642,15.05929],[120.289619,15.05734],[120.28727,15.05314],[120.28685,15.05088],[120.286926,15.0481],[120.288147,15.04611],[120.289787,15.04491],[120.288948,15.04444],[120.288277,15.04254],[120.287437,15.04042],[120.286011,15.03878],[120.283989,15.03694],[120.281387,15.03572],[120.279327,15.03374],[120.275726,15.03231],[120.272972,15.03171],[120.271408,15.03131],[120.268341,15.02987],[120.26738,15.0279],[120.26609,15.02468],[120.264641,15.0223],[120.262817,15.01878],[120.26255,15.0163],[120.262077,15.01357],[120.261597,15.01112],[120.261787,15.00845],[120.260536,15.00554],[120.259949,15.00391],[120.258957,15.00079],[120.257622,14.99919],[120.25573,14.99835],[120.252983,14.99899],[120.250938,14.99976],[120.248627,15.00102],[120.245979,15.00243],[120.243446,15.00277],[120.241631,15.00341],[120.238289,15.00456],[120.236382,15.00308],[120.233543,15.00091],[120.230843,15.00036],[120.229538,15.00072],[120.228119,15.00094],[120.227524,14.99969],[120.227364,14.9975],[120.226448,14.99533],[120.22435,14.99528],[120.222847,14.99585],[120.220711,14.99739],[120.218857,14.99782],[120.217087,14.99728],[120.215759,14.99641],[120.213333,14.99446],[120.210533,14.99541],[120.209061,14.99739],[120.208199,14.99881],[120.205917,14.99964],[120.204552,14.99831],[120.203743,14.99615],[120.202927,14.99512],[120.201561,14.99499],[120.201271,14.99517],[120.198547,14.99673],[120.196243,14.99877],[120.192001,14.99941],[120.190712,14.99887],[120.186607,14.99708],[120.183327,14.99608],[120.182243,14.99691],[120.180321,14.99851],[120.177177,14.99961],[120.174026,14.9995],[120.172462,14.99975],[120.16803,15.00094],[120.163773,15.00305],[120.158722,15.0046],[120.166023,15.00651],[120.174797,15.01801],[120.187073,15.04153],[120.211548,15.08771],[120.220383,15.10386],[120.295609,15.08193]]]]}},{"type":"Feature","properties":{"ID_0":177,"ISO":"PHL","NAME_0":"Philippines","ID_1":3071,"NAME_1":"Zambales","ID_2":307111,"NAME_2":"San Marcelino","ID_3":307111019,"NAME_3":"Central","NL_NAME_3":null,"VARNAME_3":null,"TYPE_3":"Barangay","ENGTYPE_3":"Village","PROVINCE":"Zambales","REGION":"Region III (Central Luzon)","id":"barangay-0307111019","name":"Central","barangayCode":"0307111019","population":null,"formattedPop":null,"densityCategory":"No data","vulnerabilityRating":"No data","healthRiskLevel":"No data","areaKm2":0.113301,"centerLat":14.974287,"centerLng":120.156736,"geometrySource":"all_barangay-2.csv detailed WKT","geometryMatchMethod":"unique_official_admin_names","boundaryPointCount":5},"geometry":{"type":"MultiPolygon","coordinates":[[[[120.155067,14.98114],[120.155579,14.97797],[120.152023,14.97765],[120.15242,14.98371],[120.155067,14.98114]]]]}},{"type":"Feature","properties":{"ID_0":177,"ISO":"PHL","NAME_0":"Philippines","ID_1":3071,"NAME_1":"Zambales","ID_2":307111,"NAME_2":"San Marcelino","ID_3":307111020,"NAME_3":"Rabanes","NL_NAME_3":null,"VARNAME_3":null,"TYPE_3":"Barangay","ENGTYPE_3":"Village","PROVINCE":"Zambales","REGION":"Region III (Central Luzon)","id":"barangay-0307111020","name":"Rabanes","barangayCode":"0307111020","population":null,"formattedPop":null,"densityCategory":"No data","vulnerabilityRating":"No data","healthRiskLevel":"No data","areaKm2":7.807375,"centerLat":14.985639,"centerLng":120.195859,"geometrySource":"all_barangay-2.csv detailed WKT","geometryMatchMethod":"unique_official_admin_names","boundaryPointCount":33},"geometry":{"type":"MultiPolygon","coordinates":[[[[120.366028,15.10588],[120.39753,15.08424],[120.404823,15.07841],[120.415237,15.057799],[120.422127,15.04415],[120.390297,15.04065],[120.337547,15.05325],[120.333611,15.05216],[120.32901,15.05187],[120.326057,15.05089],[120.322861,15.04963],[120.320427,15.04883],[120.317383,15.04867],[120.316002,15.04821],[120.313606,15.04734],[120.312073,15.04784],[120.31012,15.04921],[120.306923,15.05058],[120.302361,15.05205],[120.294327,15.04891],[120.289787,15.04491],[120.288147,15.04611],[120.286926,15.0481],[120.28685,15.05088],[120.28727,15.05314],[120.289619,15.05734],[120.290642,15.05929],[120.291267,15.0618],[120.291588,15.06274],[120.292442,15.064],[120.295609,15.08193],[120.320168,15.07791],[120.366028,15.10588]]]]}},{"type":"Feature","properties":{"ID_0":177,"ISO":"PHL","NAME_0":"Philippines","ID_1":3071,"NAME_1":"Zambales","ID_2":307112,"NAME_2":"San Narciso","ID_3":307112001,"NAME_3":"Alusiis","NL_NAME_3":null,"VARNAME_3":null,"TYPE_3":"Barangay","ENGTYPE_3":"Village","PROVINCE":"Zambales","REGION":"Region III (Central Luzon)","id":"barangay-0307112001","name":"Alusiis","barangayCode":"0307112001","population":null,"formattedPop":null,"densityCategory":"No data","vulnerabilityRating":"No data","healthRiskLevel":"No data","areaKm2":3.72344,"centerLat":15.026581,"centerLng":120.08477,"geometrySource":"all_barangay-2.csv detailed WKT","geometryMatchMethod":"unique_official_admin_names","boundaryPointCount":51},"geometry":{"type":"MultiPolygon","coordinates":[[[[120.084167,15.04696],[120.086403,15.03648],[120.086853,15.03539],[120.086899,15.03004],[120.08284,15.02797],[120.081207,15.02675],[120.079391,15.0253],[120.078552,15.0248],[120.077698,15.02491],[120.076843,15.02497],[120.075737,15.0251],[120.07431,15.02558],[120.073578,15.02588],[120.072289,15.02693],[120.070808,15.0276],[120.069847,15.02769],[120.068497,15.0284],[120.066711,15.02902],[120.066597,15.02906],[120.065659,15.02924],[120.062027,15.02983],[120.058517,15.0306],[120.056892,15.03209],[120.056107,15.03306],[120.055832,15.03333],[120.055832,15.03389],[120.055557,15.03417],[120.055557,15.03444],[120.055267,15.03583],[120.055557,15.03611],[120.055557,15.03667],[120.055267,15.03694],[120.055138,15.03809],[120.057579,15.03797],[120.060333,15.0379],[120.062813,15.03785],[120.065002,15.03792],[120.065811,15.03813],[120.066017,15.03815],[120.066177,15.03818],[120.067169,15.03858],[120.068657,15.03892],[120.070839,15.04043],[120.072006,15.04192],[120.073601,15.04385],[120.075081,15.04545],[120.077118,15.04674],[120.078407,15.04722],[120.079422,15.04741],[120.0821,15.04736],[120.084167,15.04696]]]]}},{"type":"Feature","properties":{"ID_0":177,"ISO":"PHL","NAME_0":"Philippines","ID_1":3071,"NAME_1":"Zambales","ID_2":307112,"NAME_2":"San Narciso","ID_3":307112002,"NAME_3":"Beddeng","NL_NAME_3":null,"VARNAME_3":null,"TYPE_3":"Barangay","ENGTYPE_3":"Village","PROVINCE":"Zambales","REGION":"Region III (Central Luzon)","id":"barangay-0307112002","name":"Beddeng","barangayCode":"0307112002","population":null,"formattedPop":null,"densityCategory":"No data","vulnerabilityRating":"No data","healthRiskLevel":"No data","areaKm2":6.806358,"centerLat":14.984426,"centerLng":120.089895,"geometrySource":"all_barangay-2.csv detailed WKT","geometryMatchMethod":"unique_official_admin_names","boundaryPointCount":115},"geometry":{"type":"MultiPolygon","coordinates":[[[[120.077087,15.00926],[120.077591,15.00129],[120.082451,15.00194],[120.092407,14.99966],[120.093407,14.99558],[120.098213,14.9946],[120.097366,14.97055],[120.095047,14.97122],[120.094276,14.97141],[120.091789,14.97142],[120.090698,14.97095],[120.09005,14.9699],[120.08918,14.96843],[120.085533,14.96688],[120.082939,14.9654],[120.079048,14.96385],[120.076859,14.96375],[120.075989,14.96439],[120.075699,14.96522],[120.077026,14.96707],[120.077278,14.96871],[120.0755,14.96901],[120.07415,14.96781],[120.071648,14.96754],[120.069321,14.96749],[120.066597,14.96668],[120.064331,14.96631],[120.063004,14.96638],[120.06163,14.96663],[120.061668,14.96667],[120.061668,14.96694],[120.061943,14.96722],[120.061943,14.96778],[120.062233,14.96806],[120.062233,14.96833],[120.062172,14.96886],[120.062218,14.96951],[120.062248,14.97023],[120.062233,14.97091],[120.062233,14.97111],[120.062233,14.97278],[120.0625,14.97306],[120.0625,14.97444],[120.063057,14.975],[120.063057,14.97583],[120.063332,14.97611],[120.063332,14.97639],[120.063057,14.97667],[120.063057,14.9775],[120.063889,14.97833],[120.063889,14.97861],[120.064163,14.97889],[120.064163,14.97917],[120.063889,14.97944],[120.063889,14.98],[120.064163,14.98028],[120.064163,14.98056],[120.063889,14.98083],[120.063889,14.9825],[120.063606,14.98278],[120.063606,14.98389],[120.063889,14.98417],[120.063606,14.98444],[120.063606,14.98583],[120.064163,14.98639],[120.064278,14.98691],[120.064484,14.98736],[120.064659,14.98776],[120.064743,14.98818],[120.064781,14.98862],[120.064903,14.98905],[120.065048,14.98947],[120.065201,14.9899],[120.065208,14.99038],[120.065071,14.99086],[120.065033,14.99134],[120.065018,14.99177],[120.065002,14.99215],[120.064934,14.99253],[120.064796,14.99293],[120.064796,14.99338],[120.064919,14.99383],[120.064987,14.99428],[120.065002,14.99472],[120.065002,14.99517],[120.065002,14.99528],[120.065002,14.99956],[120.065002,14.99972],[120.065102,14.99982],[120.065277,15.0],[120.065277,15.0003],[120.065277,15.00083],[120.065002,15.00139],[120.065002,15.00306],[120.065552,15.00361],[120.065826,15.00361],[120.065887,15.00367],[120.066109,15.00389],[120.066109,15.00472],[120.066391,15.005],[120.066391,15.00528],[120.066109,15.00556],[120.066109,15.00583],[120.06601,15.00593],[120.066017,15.00638],[120.066139,15.00791],[120.067673,15.00761],[120.069252,15.00735],[120.07061,15.0075],[120.071533,15.00746],[120.072319,15.00764],[120.073479,15.00845],[120.074966,15.00867],[120.076347,15.00904],[120.077087,15.00926]]]]}},{"type":"Feature","properties":{"ID_0":177,"ISO":"PHL","NAME_0":"Philippines","ID_1":3071,"NAME_1":"Zambales","ID_2":307112,"NAME_2":"San Narciso","ID_3":307112003,"NAME_3":"Candelaria","NL_NAME_3":null,"VARNAME_3":null,"TYPE_3":"Barangay","ENGTYPE_3":"Village","PROVINCE":"Zambales","REGION":"Region III (Central Luzon)","id":"barangay-0307112003","name":"Candelaria","barangayCode":"0307112003","population":null,"formattedPop":null,"densityCategory":"No data","vulnerabilityRating":"No data","healthRiskLevel":"No data","areaKm2":0.192398,"centerLat":15.014319,"centerLng":120.085222,"geometrySource":"all_barangay-2.csv detailed WKT","geometryMatchMethod":"unique_official_admin_names","boundaryPointCount":11},"geometry":{"type":"MultiPolygon","coordinates":[[[[120.096107,15.01559],[120.099091,15.0063],[120.09816,15.00627],[120.096611,15.00603],[120.09362,15.00575],[120.092346,15.0061],[120.091423,15.00658],[120.090057,15.00766],[120.087921,15.01551],[120.094681,15.01575],[120.096107,15.01559]]]]}},{"type":"Feature","properties":{"ID_0":177,"ISO":"PHL","NAME_0":"Philippines","ID_1":3071,"NAME_1":"Zambales","ID_2":307112,"NAME_2":"San Narciso","ID_3":307112004,"NAME_3":"Dallipawen","NL_NAME_3":null,"VARNAME_3":null,"TYPE_3":"Barangay","ENGTYPE_3":"Village","PROVINCE":"Zambales","REGION":"Region III (Central Luzon)","id":"barangay-0307112004","name":"Dallipawen","barangayCode":"0307112004","population":null,"formattedPop":null,"densityCategory":"No data","vulnerabilityRating":"No data","healthRiskLevel":"No data","areaKm2":2.47219,"centerLat":14.997317,"centerLng":120.125562,"geometrySource":"all_barangay-2.csv detailed WKT","geometryMatchMethod":"unique_official_admin_names","boundaryPointCount":9},"geometry":{"type":"MultiPolygon","coordinates":[[[[120.143753,14.99856],[120.137558,14.99203],[120.130203,14.98665],[120.122803,14.98028],[120.117996,14.99274],[120.128227,14.99498],[120.132011,14.996],[120.138977,14.99714],[120.143753,14.99856]]]]}},{"type":"Feature","properties":{"ID_0":177,"ISO":"PHL","NAME_0":"Philippines","ID_1":3071,"NAME_1":"Zambales","ID_2":307112,"NAME_2":"San Narciso","ID_3":307112005,"NAME_3":"Grullo","NL_NAME_3":null,"VARNAME_3":null,"TYPE_3":"Barangay","ENGTYPE_3":"Village","PROVINCE":"Zambales","REGION":"Region III (Central Luzon)","id":"barangay-0307112005","name":"Grullo","barangayCode":"0307112005","population":null,"formattedPop":null,"densityCategory":"No data","vulnerabilityRating":"No data","healthRiskLevel":"No data","areaKm2":5.060286,"centerLat":15.010325,"centerLng":120.10472,"geometrySource":"all_barangay-2.csv detailed WKT","geometryMatchMethod":"unique_official_admin_names","boundaryPointCount":21},"geometry":{"type":"MultiPolygon","coordinates":[[[[120.129852,15.01915],[120.13063,15.01024],[120.115417,15.00522],[120.106644,15.00341],[120.1045,15.00408],[120.101341,15.00603],[120.099091,15.0063],[120.096107,15.01559],[120.100861,15.01536],[120.105377,15.0137],[120.108261,15.0127],[120.110474,15.0117],[120.113762,15.00994],[120.113998,15.02707],[120.116524,15.02557],[120.117653,15.02528],[120.119766,15.02487],[120.122467,15.02356],[120.125298,15.02202],[120.128258,15.02],[120.129852,15.01915]]]]}},{"type":"Feature","properties":{"ID_0":177,"ISO":"PHL","NAME_0":"Philippines","ID_1":3071,"NAME_1":"Zambales","ID_2":307112,"NAME_2":"San Narciso","ID_3":307112006,"NAME_3":"La Paz","NL_NAME_3":null,"VARNAME_3":null,"TYPE_3":"Barangay","ENGTYPE_3":"Village","PROVINCE":"Zambales","REGION":"Region III (Central Luzon)","id":"barangay-0307112006","name":"La Paz","barangayCode":"0307112006","population":null,"formattedPop":null,"densityCategory":"No data","vulnerabilityRating":"No data","healthRiskLevel":"No data","areaKm2":2.648178,"centerLat":15.020861,"centerLng":120.06717,"geometrySource":"barangays.geojson simplified fallback","geometryMatchMethod":"simplified_fallback","boundaryPointCount":4},"geometry":{"type":"Polygon","coordinates":[[[120.05740744400009,15.030141737000065],[120.07477306200008,15.024629020000077],[120.06565212300006,15.005899056000032],[120.05740744400009,15.030141737000065]]]}},{"type":"Feature","properties":{"ID_0":177,"ISO":"PHL","NAME_0":"Philippines","ID_1":3071,"NAME_1":"Zambales","ID_2":307112,"NAME_2":"San Narciso","ID_3":307112007,"NAME_3":"Libertad","NL_NAME_3":null,"VARNAME_3":null,"TYPE_3":"Barangay","ENGTYPE_3":"Village","PROVINCE":"Zambales","REGION":"Region III (Central Luzon)","id":"barangay-0307112007","name":"Libertad","barangayCode":"0307112007","population":null,"formattedPop":null,"densityCategory":"No data","vulnerabilityRating":"No data","healthRiskLevel":"No data","areaKm2":0.097497,"centerLat":15.015925,"centerLng":120.080419,"geometrySource":"all_barangay-2.csv detailed WKT","geometryMatchMethod":"unique_official_admin_names","boundaryPointCount":8},"geometry":{"type":"MultiPolygon","coordinates":[[[[120.08284,15.02797],[120.084663,15.0224],[120.087372,15.01674],[120.080307,15.0162],[120.078552,15.0248],[120.079391,15.0253],[120.081207,15.02675],[120.08284,15.02797]]]]}},{"type":"Feature","properties":{"ID_0":177,"ISO":"PHL","NAME_0":"Philippines","ID_1":3071,"NAME_1":"Zambales","ID_2":307112,"NAME_2":"San Narciso","ID_3":307112008,"NAME_3":"Namatacan","NL_NAME_3":null,"VARNAME_3":null,"TYPE_3":"Barangay","ENGTYPE_3":"Village","PROVINCE":"Zambales","REGION":"Region III (Central Luzon)","id":"barangay-0307112008","name":"Namatacan","barangayCode":"0307112008","population":null,"formattedPop":null,"densityCategory":"No data","vulnerabilityRating":"No data","healthRiskLevel":"No data","areaKm2":9.845034,"centerLat":15.008342,"centerLng":120.134974,"geometrySource":"all_barangay-2.csv detailed WKT","geometryMatchMethod":"unique_official_admin_names","boundaryPointCount":13},"geometry":{"type":"MultiPolygon","coordinates":[[[[120.143311,15.01769],[120.138977,14.99714],[120.132011,14.996],[120.128227,14.99498],[120.117996,14.99274],[120.111137,14.99176],[120.115417,15.00522],[120.13063,15.01024],[120.129852,15.01915],[120.137459,15.01996],[120.141701,15.0188],[120.143044,15.01774],[120.143311,15.01769]]]]}},{"type":"Feature","properties":{"ID_0":177,"ISO":"PHL","NAME_0":"Philippines","ID_1":3071,"NAME_1":"Zambales","ID_2":307112,"NAME_2":"San Narciso","ID_3":307112009,"NAME_3":"Natividad","NL_NAME_3":null,"VARNAME_3":null,"TYPE_3":"Barangay","ENGTYPE_3":"Village","PROVINCE":"Zambales","REGION":"Region III (Central Luzon)","id":"barangay-0307112009","name":"Natividad","barangayCode":"0307112009","population":null,"formattedPop":null,"densityCategory":"No data","vulnerabilityRating":"No data","healthRiskLevel":"No data","areaKm2":5.208957,"centerLat":14.996888,"centerLng":120.072249,"geometrySource":"all_barangay-2.csv detailed WKT","geometryMatchMethod":"unique_official_admin_names","boundaryPointCount":8},"geometry":{"type":"MultiPolygon","coordinates":[[[[120.080048,15.01456],[120.081123,15.0098],[120.082451,15.00194],[120.077591,15.00129],[120.077087,15.00926],[120.077217,15.00937],[120.077026,15.01392],[120.080048,15.01456]]]]}},{"type":"Feature","properties":{"ID_0":177,"ISO":"PHL","NAME_0":"Philippines","ID_1":3071,"NAME_1":"Zambales","ID_2":307112,"NAME_2":"San Narciso","ID_3":307112010,"NAME_3":"Paite","NL_NAME_3":null,"VARNAME_3":null,"TYPE_3":"Barangay","ENGTYPE_3":"Village","PROVINCE":"Zambales","REGION":"Region III (Central Luzon)","id":"barangay-0307112010","name":"Paite","barangayCode":"0307112010","population":null,"formattedPop":null,"densityCategory":"No data","vulnerabilityRating":"No data","healthRiskLevel":"No data","areaKm2":19.30467,"centerLat":15.02997,"centerLng":120.140456,"geometrySource":"all_barangay-2.csv detailed WKT","geometryMatchMethod":"unique_official_admin_names","boundaryPointCount":57},"geometry":{"type":"MultiPolygon","coordinates":[[[[120.088097,15.04784],[120.090134,15.04688],[120.092133,15.04682],[120.093582,15.0482],[120.09568,15.049],[120.098213,15.049],[120.101067,15.04785],[120.103912,15.04677],[120.105713,15.04703],[120.109528,15.04711],[120.113411,15.04585],[120.116501,15.04431],[120.120613,15.04372],[120.123329,15.04338],[120.125557,15.04312],[120.13134,15.04386],[120.135307,15.04458],[120.13855,15.04475],[120.142967,15.04433],[120.147697,15.04322],[120.154907,15.04191],[120.166893,15.04173],[120.187073,15.04153],[120.174797,15.01801],[120.166023,15.00651],[120.165131,15.00757],[120.164078,15.00933],[120.162003,15.01213],[120.159187,15.0145],[120.156013,15.01494],[120.153893,15.01599],[120.152489,15.01763],[120.143311,15.01769],[120.143044,15.01774],[120.141701,15.0188],[120.137459,15.01996],[120.129852,15.01915],[120.128258,15.02],[120.125298,15.02202],[120.122467,15.02356],[120.119766,15.02487],[120.117653,15.02528],[120.116524,15.02557],[120.113998,15.02707],[120.113762,15.00994],[120.110474,15.0117],[120.108261,15.0127],[120.105377,15.0137],[120.100861,15.01536],[120.096107,15.01559],[120.094681,15.01575],[120.086899,15.03004],[120.086853,15.03539],[120.086403,15.03648],[120.084167,15.04696],[120.086601,15.0474],[120.088097,15.04784]]]]}},{"type":"Feature","properties":{"ID_0":177,"ISO":"PHL","NAME_0":"Philippines","ID_1":3071,"NAME_1":"Zambales","ID_2":307112,"NAME_2":"San Narciso","ID_3":307112011,"NAME_3":"Patrocinio","NL_NAME_3":null,"VARNAME_3":null,"TYPE_3":"Barangay","ENGTYPE_3":"Village","PROVINCE":"Zambales","REGION":"Region III (Central Luzon)","id":"barangay-0307112011","name":"Patrocinio","barangayCode":"0307112011","population":null,"formattedPop":null,"densityCategory":"No data","vulnerabilityRating":"No data","healthRiskLevel":"No data","areaKm2":2.580059,"centerLat":15.001157,"centerLng":120.088754,"geometrySource":"all_barangay-2.csv detailed WKT","geometryMatchMethod":"unique_official_admin_names","boundaryPointCount":5},"geometry":{"type":"MultiPolygon","coordinates":[[[[120.090057,15.00766],[120.092407,14.99966],[120.082451,15.00194],[120.081123,15.0098],[120.090057,15.00766]]]]}},{"type":"Feature","properties":{"ID_0":177,"ISO":"PHL","NAME_0":"Philippines","ID_1":3071,"NAME_1":"Zambales","ID_2":307112,"NAME_2":"San Narciso","ID_3":307112012,"NAME_3":"San Jose","NL_NAME_3":null,"VARNAME_3":null,"TYPE_3":"Barangay","ENGTYPE_3":"Village","PROVINCE":"Zambales","REGION":"Region III (Central Luzon)","id":"barangay-0307112012","name":"San Jose","barangayCode":"0307112012","population":null,"formattedPop":null,"densityCategory":"No data","vulnerabilityRating":"No data","healthRiskLevel":"No data","areaKm2":0.084603,"centerLat":15.013743,"centerLng":120.080443,"geometrySource":"all_barangay-2.csv detailed WKT","geometryMatchMethod":"unique_official_admin_names","boundaryPointCount":7},"geometry":{"type":"MultiPolygon","coordinates":[[[[120.087372,15.01674],[120.087921,15.01551],[120.090057,15.00766],[120.081123,15.0098],[120.080048,15.01456],[120.080307,15.0162],[120.087372,15.01674]]]]}},{"type":"Feature","properties":{"ID_0":177,"ISO":"PHL","NAME_0":"Philippines","ID_1":3071,"NAME_1":"Zambales","ID_2":307112,"NAME_2":"San Narciso","ID_3":307112013,"NAME_3":"San Juan","NL_NAME_3":null,"VARNAME_3":null,"TYPE_3":"Barangay","ENGTYPE_3":"Village","PROVINCE":"Zambales","REGION":"Region III (Central Luzon)","id":"barangay-0307112013","name":"San Juan","barangayCode":"0307112013","population":null,"formattedPop":null,"densityCategory":"No data","vulnerabilityRating":"No data","healthRiskLevel":"No data","areaKm2":1.209018,"centerLat":15.006824,"centerLng":120.092222,"geometrySource":"all_barangay-2.csv detailed WKT","geometryMatchMethod":"unique_official_admin_names","boundaryPointCount":16},"geometry":{"type":"MultiPolygon","coordinates":[[[[120.090057,15.00766],[120.091423,15.00658],[120.092346,15.0061],[120.09362,15.00575],[120.096611,15.00603],[120.09816,15.00627],[120.099091,15.0063],[120.101341,15.00603],[120.1045,15.00408],[120.106644,15.00341],[120.115417,15.00522],[120.111137,14.99176],[120.098213,14.9946],[120.093407,14.99558],[120.092407,14.99966],[120.090057,15.00766]]]]}},{"type":"Feature","properties":{"ID_0":177,"ISO":"PHL","NAME_0":"Philippines","ID_1":3071,"NAME_1":"Zambales","ID_2":307112,"NAME_2":"San Narciso","ID_3":307112014,"NAME_3":"San Pascual","NL_NAME_3":null,"VARNAME_3":null,"TYPE_3":"Barangay","ENGTYPE_3":"Village","PROVINCE":"Zambales","REGION":"Region III (Central Luzon)","id":"barangay-0307112014","name":"San Pascual","barangayCode":"0307112014","population":null,"formattedPop":null,"densityCategory":"No data","vulnerabilityRating":"No data","healthRiskLevel":"No data","areaKm2":0.937643,"centerLat":15.018004,"centerLng":120.08758,"geometrySource":"all_barangay-2.csv detailed WKT","geometryMatchMethod":"unique_official_admin_names","boundaryPointCount":7},"geometry":{"type":"MultiPolygon","coordinates":[[[[120.086899,15.03004],[120.094681,15.01575],[120.087921,15.01551],[120.087372,15.01674],[120.084663,15.0224],[120.08284,15.02797],[120.086899,15.03004]]]]}},{"type":"Feature","properties":{"ID_0":177,"ISO":"PHL","NAME_0":"Philippines","ID_1":3071,"NAME_1":"Zambales","ID_2":307112,"NAME_2":"San Narciso","ID_3":307112015,"NAME_3":"San Rafael","NL_NAME_3":null,"VARNAME_3":null,"TYPE_3":"Barangay","ENGTYPE_3":"Village","PROVINCE":"Zambales","REGION":"Region III (Central Luzon)","id":"barangay-0307112015","name":"San Rafael","barangayCode":"0307112015","population":null,"formattedPop":null,"densityCategory":"No data","vulnerabilityRating":"No data","healthRiskLevel":"No data","areaKm2":0.331304,"centerLat":15.016963,"centerLng":120.075877,"geometrySource":"all_barangay-2.csv detailed WKT","geometryMatchMethod":"unique_official_admin_names","boundaryPointCount":11},"geometry":{"type":"MultiPolygon","coordinates":[[[[120.078552,15.0248],[120.080307,15.0162],[120.080048,15.01456],[120.077026,15.01392],[120.074493,15.01397],[120.073578,15.02588],[120.07431,15.02558],[120.075737,15.0251],[120.076843,15.02497],[120.077698,15.02491],[120.078552,15.0248]]]]}},{"type":"Feature","properties":{"ID_0":177,"ISO":"PHL","NAME_0":"Philippines","ID_1":3071,"NAME_1":"Zambales","ID_2":307112,"NAME_2":"San Narciso","ID_3":307112016,"NAME_3":"Simminublan","NL_NAME_3":null,"VARNAME_3":null,"TYPE_3":"Barangay","ENGTYPE_3":"Village","PROVINCE":"Zambales","REGION":"Region III (Central Luzon)","id":"barangay-0307112016","name":"Simminublan","barangayCode":"0307112016","population":null,"formattedPop":null,"densityCategory":"No data","vulnerabilityRating":"No data","healthRiskLevel":"No data","areaKm2":6.774209,"centerLat":14.988168,"centerLng":120.119728,"geometrySource":"barangays.geojson simplified fallback","geometryMatchMethod":"simplified_fallback","boundaryPointCount":8},"geometry":{"type":"Polygon","coordinates":[[[120.100872578,14.99959652900003],[120.13812614300002,14.993747232000032],[120.1424069090001,14.984371273000022],[120.12696332700011,14.975137801000074],[120.11469170600003,14.979621484000063],[120.09236153000006,14.992581148000056],[120.10075569900005,14.992805016000034],[120.100872578,14.99959652900003]]]}},{"type":"Feature","properties":{"ID_0":177,"ISO":"PHL","NAME_0":"Philippines","ID_1":3071,"NAME_1":"Zambales","ID_2":307112,"NAME_2":"San Narciso","ID_3":307112017,"NAME_3":"Omaya","NL_NAME_3":null,"VARNAME_3":null,"TYPE_3":"Barangay","ENGTYPE_3":"Village","PROVINCE":"Zambales","REGION":"Region III (Central Luzon)","id":"barangay-0307112017","name":"Omaya","barangayCode":"0307112017","population":null,"formattedPop":null,"densityCategory":"No data","vulnerabilityRating":"No data","healthRiskLevel":"No data","areaKm2":5.593163,"centerLat":15.01092,"centerLng":120.165976,"geometrySource":"all_barangay-2.csv detailed WKT","geometryMatchMethod":"unique_official_admin_names","boundaryPointCount":13},"geometry":{"type":"MultiPolygon","coordinates":[[[[120.166023,15.00651],[120.158722,15.0046],[120.143753,14.99856],[120.138977,14.99714],[120.143311,15.01769],[120.152489,15.01763],[120.153893,15.01599],[120.156013,15.01494],[120.159187,15.0145],[120.162003,15.01213],[120.164078,15.00933],[120.165131,15.00757],[120.166023,15.00651]]]]}},{"type":"Feature","properties":{"ID_0":177,"ISO":"PHL","NAME_0":"Philippines","ID_1":3071,"NAME_1":"Zambales","ID_2":307113,"NAME_2":"Santa Cruz","ID_3":307113001,"NAME_3":"Babuyan","NL_NAME_3":null,"VARNAME_3":null,"TYPE_3":"Barangay","ENGTYPE_3":"Village","PROVINCE":"Zambales","REGION":"Region III (Central Luzon)","id":"barangay-0307113001","name":"Babuyan","barangayCode":"0307113001","population":null,"formattedPop":null,"densityCategory":"No data","vulnerabilityRating":"No data","healthRiskLevel":"No data","areaKm2":9.8673,"centerLat":15.857402,"centerLng":120.027604,"geometrySource":"all_barangay-2.csv detailed WKT","geometryMatchMethod":"unique_official_admin_names","boundaryPointCount":201},"geometry":{"type":"MultiPolygon","coordinates":[[[[119.788239,15.81191],[119.788857,15.81181],[119.789581,15.81186],[119.790009,15.81157],[119.79039,15.81119],[119.790833,15.81085],[119.791313,15.81056],[119.791779,15.81028],[119.792221,15.81002],[119.792679,15.80984],[119.793152,15.80975],[119.793617,15.80977],[119.794067,15.80988],[119.794563,15.80982],[119.795036,15.80973],[119.795509,15.80964],[119.795937,15.8095],[119.796387,15.80941],[119.796806,15.80921],[119.797272,15.80912],[119.797691,15.80889],[119.798111,15.80861],[119.798508,15.80834],[119.798897,15.8081],[119.799393,15.808],[119.799698,15.80772],[119.799896,15.80736],[119.800217,15.80715],[119.800529,15.80689],[119.800858,15.80662],[119.80127,15.80643],[119.801811,15.80639],[119.802406,15.80643],[119.802994,15.80654],[119.803497,15.80626],[119.804024,15.80616],[119.804314,15.80598],[119.804337,15.80559],[119.804062,15.80499],[119.803673,15.80473],[119.803307,15.80466],[119.803268,15.80465],[119.80291,15.80445],[119.802559,15.80422],[119.802254,15.8039],[119.802223,15.80386],[119.802017,15.8035],[119.80191,15.80299],[119.801773,15.80249],[119.802002,15.80203],[119.802261,15.80157],[119.802277,15.80107],[119.802277,15.80056],[119.802437,15.8001],[119.802391,15.79963],[119.802254,15.79916],[119.802223,15.79868],[119.802231,15.79823],[119.802307,15.79781],[119.802406,15.79743],[119.802483,15.79708],[119.802513,15.79673],[119.802597,15.79641],[119.80275,15.79608],[119.80278,15.79562],[119.802773,15.79509],[119.802696,15.79453],[119.802544,15.79399],[119.80246,15.79339],[119.802261,15.79287],[119.8022,15.79237],[119.802078,15.79194],[119.801964,15.79152],[119.801941,15.79106],[119.801941,15.79061],[119.801941,15.79017],[119.801964,15.78975],[119.802071,15.78932],[119.80217,15.78884],[119.802208,15.7883],[119.802147,15.78775],[119.80175,15.78724],[119.801697,15.78691],[119.801651,15.78666],[119.801529,15.78612],[119.801422,15.78563],[119.801407,15.78516],[119.801376,15.78476],[119.801376,15.78469],[119.801308,15.78424],[119.801132,15.78381],[119.800987,15.78334],[119.800797,15.78288],[119.800552,15.78246],[119.800278,15.78206],[119.800087,15.7818],[119.799988,15.78166],[119.799629,15.78129],[119.799278,15.78086],[119.798866,15.78047],[119.79847,15.78011],[119.798103,15.77976],[119.797791,15.77943],[119.797493,15.77914],[119.797142,15.77888],[119.796738,15.77861],[119.796242,15.7783],[119.795692,15.77792],[119.79557,15.77783],[119.795448,15.77773],[119.795189,15.77753],[119.794777,15.77733],[119.794212,15.7775],[119.793663,15.77773],[119.793198,15.7778],[119.792831,15.77794],[119.792519,15.77819],[119.792229,15.7785],[119.791924,15.77881],[119.791573,15.77912],[119.791153,15.77945],[119.790771,15.7799],[119.790337,15.78035],[119.789948,15.78082],[119.789597,15.78126],[119.789383,15.78172],[119.789169,15.78214],[119.788986,15.78255],[119.788857,15.78299],[119.788673,15.78345],[119.78862,15.78403],[119.788612,15.78465],[119.788612,15.78527],[119.788612,15.78587],[119.788658,15.78642],[119.788818,15.78691],[119.788887,15.78738],[119.788963,15.78779],[119.789124,15.78812],[119.789162,15.78848],[119.789169,15.78887],[119.789169,15.78928],[119.789169,15.7897],[119.789169,15.79011],[119.789169,15.79047],[119.789169,15.7908],[119.789169,15.79109],[119.789169,15.79113],[119.789169,15.79148],[119.789169,15.79189],[119.789162,15.79234],[119.789124,15.79281],[119.788986,15.79325],[119.78891,15.79366],[119.788879,15.79407],[119.788811,15.79449],[119.788658,15.79494],[119.788612,15.79548],[119.788567,15.79604],[119.78846,15.79654],[119.788353,15.79701],[119.788338,15.79715],[119.7883,15.79745],[119.78817,15.79781],[119.788078,15.79816],[119.78804,15.7985],[119.787956,15.79882],[119.787819,15.79912],[119.787697,15.79949],[119.787529,15.79985],[119.787376,15.80027],[119.787201,15.8007],[119.786987,15.80116],[119.78688,15.80169],[119.786667,15.80219],[119.786469,15.80272],[119.786301,15.80328],[119.786102,15.80382],[119.785912,15.8043],[119.785843,15.80476],[119.785843,15.80517],[119.785828,15.80552],[119.785767,15.80585],[119.785599,15.80619],[119.785553,15.80655],[119.785553,15.80693],[119.785553,15.80731],[119.785522,15.80769],[119.785477,15.80807],[119.785454,15.80848],[119.78553,15.80896],[119.785591,15.8095],[119.785789,15.81003],[119.785873,15.81059],[119.78611,15.81104],[119.786392,15.81143],[119.786713,15.81175],[119.786751,15.81176],[119.787132,15.81191],[119.787659,15.81194],[119.788239,15.81191]]]]}},{"type":"Feature","properties":{"ID_0":177,"ISO":"PHL","NAME_0":"Philippines","ID_1":3071,"NAME_1":"Zambales","ID_2":307113,"NAME_2":"Santa Cruz","ID_3":307113002,"NAME_3":"Bolitoc","NL_NAME_3":null,"VARNAME_3":null,"TYPE_3":"Barangay","ENGTYPE_3":"Village","PROVINCE":"Zambales","REGION":"Region III (Central Luzon)","id":"barangay-0307113002","name":"Bolitoc","barangayCode":"0307113002","population":null,"formattedPop":null,"densityCategory":"No data","vulnerabilityRating":"No data","healthRiskLevel":"No data","areaKm2":5.594006,"centerLat":15.739541,"centerLng":119.872991,"geometrySource":"all_barangay-2.csv detailed WKT","geometryMatchMethod":"unique_official_admin_names","boundaryPointCount":120},"geometry":{"type":"MultiPolygon","coordinates":[[[[119.90361,15.7475],[119.903748,15.74707],[119.904099,15.74595],[119.904831,15.74486],[119.905144,15.7444],[119.905151,15.74432],[119.906143,15.74317],[119.906631,15.74254],[119.907402,15.7423],[119.908569,15.74236],[119.91021,15.73029],[119.871109,15.72993],[119.871109,15.73],[119.870003,15.73111],[119.870003,15.73139],[119.86972,15.73167],[119.86972,15.73222],[119.869453,15.7325],[119.869324,15.73263],[119.869171,15.73304],[119.869034,15.73346],[119.868896,15.7339],[119.868813,15.73436],[119.868637,15.73484],[119.868607,15.73543],[119.86866,15.73609],[119.868896,15.73667],[119.869164,15.73713],[119.869408,15.73755],[119.869621,15.73801],[119.869781,15.73852],[119.870003,15.739],[119.870247,15.73945],[119.870422,15.7399],[119.870621,15.74025],[119.870827,15.74056],[119.87101,15.7409],[119.871162,15.74128],[119.871391,15.74166],[119.871696,15.74207],[119.872101,15.74246],[119.87262,15.74274],[119.873192,15.74288],[119.873672,15.74305],[119.874092,15.74323],[119.874481,15.7434],[119.874947,15.74362],[119.875473,15.74389],[119.875679,15.74397],[119.875999,15.7441],[119.876427,15.74402],[119.876541,15.74401],[119.877007,15.74382],[119.877441,15.74365],[119.877876,15.74363],[119.878319,15.74373],[119.878761,15.74389],[119.879227,15.74406],[119.879768,15.74415],[119.880363,15.74417],[119.880943,15.74423],[119.881416,15.74448],[119.881844,15.74473],[119.882202,15.74499],[119.882507,15.74523],[119.88279,15.74549],[119.883057,15.74579],[119.883331,15.74615],[119.883614,15.74654],[119.883888,15.74696],[119.884193,15.74737],[119.884506,15.74773],[119.88485,15.74804],[119.885193,15.74831],[119.885536,15.7485],[119.885857,15.74872],[119.886223,15.74891],[119.88636,15.74901],[119.886581,15.74917],[119.887001,15.74944],[119.887466,15.7497],[119.888023,15.74989],[119.888634,15.74977],[119.889282,15.74973],[119.889931,15.74968],[119.890549,15.74949],[119.891151,15.7494],[119.891647,15.74924],[119.892067,15.74935],[119.892403,15.74956],[119.892723,15.74959],[119.893066,15.74961],[119.893494,15.7497],[119.89402,15.74972],[119.894577,15.7497],[119.895111,15.74959],[119.895538,15.74947],[119.895912,15.7494],[119.896149,15.74929],[119.896339,15.74902],[119.896622,15.74886],[119.89698,15.74894],[119.897346,15.74905],[119.897713,15.74901],[119.898079,15.74913],[119.898468,15.74917],[119.898811,15.74925],[119.899094,15.74944],[119.899353,15.74964],[119.89962,15.74988],[119.89994,15.75009],[119.900253,15.75038],[119.900948,15.75034],[119.901367,15.75024],[119.901779,15.75014],[119.902161,15.74992],[119.902222,15.74952],[119.902557,15.74882],[119.903053,15.74806],[119.90361,15.7475]]]]}},{"type":"Feature","properties":{"ID_0":177,"ISO":"PHL","NAME_0":"Philippines","ID_1":3071,"NAME_1":"Zambales","ID_2":307113,"NAME_2":"Santa Cruz","ID_3":307113003,"NAME_3":"Bangcol","NL_NAME_3":null,"VARNAME_3":null,"TYPE_3":"Barangay","ENGTYPE_3":"Village","PROVINCE":"Zambales","REGION":"Region III (Central Luzon)","id":"barangay-0307113003","name":"Bangcol","barangayCode":"0307113003","population":null,"formattedPop":null,"densityCategory":"No data","vulnerabilityRating":"No data","healthRiskLevel":"No data","areaKm2":2.506428,"centerLat":15.781654,"centerLng":119.932756,"geometrySource":"all_barangay-2.csv detailed WKT","geometryMatchMethod":"unique_official_admin_names","boundaryPointCount":28},"geometry":{"type":"MultiPolygon","coordinates":[[[[119.93914,15.79559],[119.939346,15.79318],[119.939232,15.79301],[119.938843,15.79225],[119.937149,15.79088],[119.93605,15.78977],[119.935692,15.78916],[119.935532,15.78723],[119.935791,15.78617],[119.936302,15.78525],[119.936829,15.78417],[119.937088,15.7836],[119.937263,15.78317],[119.93708,15.78263],[119.936241,15.78228],[119.935257,15.78272],[119.935097,15.7837],[119.935112,15.7845],[119.934883,15.78524],[119.934273,15.78607],[119.93338,15.7861],[119.932289,15.78461],[119.932114,15.78371],[119.932152,15.78167],[119.932182,15.78162],[119.921303,15.78125],[119.920143,15.79448],[119.93914,15.79559]]]]}},{"type":"Feature","properties":{"ID_0":177,"ISO":"PHL","NAME_0":"Philippines","ID_1":3071,"NAME_1":"Zambales","ID_2":307113,"NAME_2":"Santa Cruz","ID_3":307113004,"NAME_3":"Bayto","NL_NAME_3":null,"VARNAME_3":null,"TYPE_3":"Barangay","ENGTYPE_3":"Village","PROVINCE":"Zambales","REGION":"Region III (Central Luzon)","id":"barangay-0307113004","name":"Bayto","barangayCode":"0307113004","population":null,"formattedPop":null,"densityCategory":"No data","vulnerabilityRating":"No data","healthRiskLevel":"No data","areaKm2":2.376025,"centerLat":15.725751,"centerLng":119.905451,"geometrySource":"all_barangay-2.csv detailed WKT","geometryMatchMethod":"unique_official_admin_names","boundaryPointCount":62},"geometry":{"type":"MultiPolygon","coordinates":[[[[119.91584,15.73967],[119.918419,15.73924],[119.920517,15.73945],[119.923828,15.73973],[119.926682,15.73889],[119.928413,15.73796],[119.929398,15.73726],[119.931099,15.73673],[119.932999,15.73564],[119.934898,15.73403],[119.936607,15.73255],[119.938301,15.73074],[119.940079,15.72978],[119.941483,15.72958],[119.94278,15.72882],[119.944283,15.72808],[119.945961,15.72775],[119.946487,15.72726],[119.946327,15.72695],[119.945831,15.72602],[119.944946,15.72529],[119.944031,15.7245],[119.94323,15.72318],[119.942581,15.72282],[119.941002,15.72251],[119.939659,15.72281],[119.938187,15.72323],[119.93763,15.72297],[119.936829,15.72278],[119.935959,15.72233],[119.93512,15.72157],[119.934593,15.72088],[119.934288,15.72039],[119.934212,15.71968],[119.934227,15.71864],[119.93412,15.71671],[119.9338,15.71458],[119.933083,15.71385],[119.932693,15.7139],[119.932259,15.71407],[119.931419,15.714],[119.929741,15.71508],[119.929024,15.71562],[119.927773,15.71706],[119.927223,15.71939],[119.926331,15.72104],[119.925087,15.72287],[119.92421,15.72424],[119.92276,15.72492],[119.919678,15.7253],[119.915733,15.72427],[119.913101,15.72155],[119.91256,15.72155],[119.911942,15.72136],[119.910843,15.72033],[119.91021,15.73029],[119.908569,15.74236],[119.910797,15.74184],[119.911903,15.74135],[119.912849,15.74052],[119.914146,15.74005],[119.91584,15.73967]]]]}},{"type":"Feature","properties":{"ID_0":177,"ISO":"PHL","NAME_0":"Philippines","ID_1":3071,"NAME_1":"Zambales","ID_2":307113,"NAME_2":"Santa Cruz","ID_3":307113005,"NAME_3":"Biay","NL_NAME_3":null,"VARNAME_3":null,"TYPE_3":"Barangay","ENGTYPE_3":"Village","PROVINCE":"Zambales","REGION":"Region III (Central Luzon)","id":"barangay-0307113005","name":"Biay","barangayCode":"0307113005","population":null,"formattedPop":null,"densityCategory":"No data","vulnerabilityRating":"No data","healthRiskLevel":"No data","areaKm2":3.158465,"centerLat":15.7373,"centerLng":119.906494,"geometrySource":"all_barangay-2.csv detailed WKT","geometryMatchMethod":"unique_official_admin_names","boundaryPointCount":32},"geometry":{"type":"MultiPolygon","coordinates":[[[[119.90361,15.7475],[119.903893,15.74778],[119.903893,15.74833],[119.90361,15.74861],[119.90361,15.74889],[119.903893,15.74917],[119.904167,15.74917],[119.904999,15.75],[119.905281,15.75],[119.905411,15.75008],[119.906326,15.74963],[119.918709,15.7446],[119.918259,15.74377],[119.917999,15.74326],[119.917473,15.74234],[119.916908,15.74131],[119.916733,15.74077],[119.91584,15.73967],[119.914146,15.74005],[119.912849,15.74052],[119.911903,15.74135],[119.910797,15.74184],[119.908569,15.74236],[119.907402,15.7423],[119.906631,15.74254],[119.906143,15.74317],[119.905151,15.74432],[119.905144,15.7444],[119.904831,15.74486],[119.904099,15.74595],[119.903748,15.74707],[119.90361,15.7475]]]]}},{"type":"Feature","properties":{"ID_0":177,"ISO":"PHL","NAME_0":"Philippines","ID_1":3071,"NAME_1":"Zambales","ID_2":307113,"NAME_2":"Santa Cruz","ID_3":307113007,"NAME_3":"Canaynayan","NL_NAME_3":null,"VARNAME_3":null,"TYPE_3":"Barangay","ENGTYPE_3":"Village","PROVINCE":"Zambales","REGION":"Region III (Central Luzon)","id":"barangay-0307113007","name":"Canaynayan","barangayCode":"0307113007","population":null,"formattedPop":null,"densityCategory":"No data","vulnerabilityRating":"No data","healthRiskLevel":"No data","areaKm2":3.587855,"centerLat":15.797537,"centerLng":119.952844,"geometrySource":"all_barangay-2.csv detailed WKT","geometryMatchMethod":"unique_official_admin_names","boundaryPointCount":33},"geometry":{"type":"MultiPolygon","coordinates":[[[[119.960327,15.80102],[119.95916,15.79233],[119.958298,15.79159],[119.957397,15.79126],[119.955643,15.79068],[119.9552,15.79021],[119.954964,15.78939],[119.954933,15.78925],[119.954826,15.78878],[119.954536,15.78844],[119.954193,15.78875],[119.953773,15.78893],[119.953163,15.78871],[119.952423,15.78828],[119.951363,15.78831],[119.950111,15.78886],[119.949341,15.78928],[119.948593,15.78924],[119.948227,15.78904],[119.94783,15.78869],[119.946968,15.788],[119.945091,15.78755],[119.943626,15.78824],[119.942139,15.78992],[119.941063,15.79095],[119.940308,15.79152],[119.938843,15.79225],[119.939232,15.79301],[119.939346,15.79318],[119.93914,15.79559],[119.940208,15.80026],[119.951271,15.8007],[119.960327,15.80102]]]]}},{"type":"Feature","properties":{"ID_0":177,"ISO":"PHL","NAME_0":"Philippines","ID_1":3071,"NAME_1":"Zambales","ID_2":307113,"NAME_2":"Santa Cruz","ID_3":307113008,"NAME_3":"Gama","NL_NAME_3":null,"VARNAME_3":null,"TYPE_3":"Barangay","ENGTYPE_3":"Village","PROVINCE":"Zambales","REGION":"Region III (Central Luzon)","id":"barangay-0307113008","name":"Gama","barangayCode":"0307113008","population":null,"formattedPop":null,"densityCategory":"No data","vulnerabilityRating":"No data","healthRiskLevel":"No data","areaKm2":5.482371,"centerLat":15.803195,"centerLng":119.912203,"geometrySource":"all_barangay-2.csv detailed WKT","geometryMatchMethod":"unique_official_admin_names","boundaryPointCount":52},"geometry":{"type":"MultiPolygon","coordinates":[[[[119.904877,15.80791],[119.911407,15.79683],[119.907227,15.79159],[119.893799,15.79129],[119.893646,15.79166],[119.893623,15.79203],[119.893623,15.79233],[119.893623,15.79259],[119.893623,15.79284],[119.893593,15.7931],[119.893494,15.79335],[119.893356,15.79364],[119.893227,15.79397],[119.893066,15.79426],[119.892952,15.79459],[119.892937,15.79506],[119.892883,15.79565],[119.892593,15.79621],[119.892502,15.79722],[119.892479,15.79823],[119.891937,15.79889],[119.891937,15.79917],[119.89167,15.79944],[119.89167,15.80028],[119.891113,15.80083],[119.891113,15.80111],[119.890556,15.80167],[119.890556,15.80194],[119.889999,15.8025],[119.889999,15.80278],[119.889717,15.80306],[119.889717,15.80333],[119.889442,15.80361],[119.889442,15.80389],[119.889168,15.80417],[119.889168,15.80444],[119.888893,15.80472],[119.888893,15.805],[119.888611,15.80528],[119.888611,15.80556],[119.888344,15.80583],[119.888344,15.80667],[119.888268,15.80674],[119.88932,15.80721],[119.89241,15.80762],[119.892632,15.80768],[119.895752,15.80683],[119.897217,15.80632],[119.898933,15.80601],[119.901466,15.80643],[119.90316,15.80711],[119.904877,15.80791]]]]}},{"type":"Feature","properties":{"ID_0":177,"ISO":"PHL","NAME_0":"Philippines","ID_1":3071,"NAME_1":"Zambales","ID_2":307113,"NAME_2":"Santa Cruz","ID_3":307113009,"NAME_3":"Guinabon","NL_NAME_3":null,"VARNAME_3":null,"TYPE_3":"Barangay","ENGTYPE_3":"Village","PROVINCE":"Zambales","REGION":"Region III (Central Luzon)","id":"barangay-0307113009","name":"Guinabon","barangayCode":"0307113009","population":null,"formattedPop":null,"densityCategory":"No data","vulnerabilityRating":"No data","healthRiskLevel":"No data","areaKm2":85.984238,"centerLat":15.814226,"centerLng":120.063198,"geometrySource":"all_barangay-2.csv detailed WKT","geometryMatchMethod":"unique_official_admin_names","boundaryPointCount":92},"geometry":{"type":"MultiPolygon","coordinates":[[[[119.829147,15.74085],[119.829292,15.74083],[119.829697,15.74083],[119.830093,15.74083],[119.830437,15.74081],[119.83075,15.74065],[119.831032,15.7405],[119.83139,15.74028],[119.83139,15.74006],[119.83139,15.74],[119.831947,15.73944],[119.831947,15.73889],[119.831657,15.73861],[119.831657,15.73833],[119.83139,15.73806],[119.83139,15.73778],[119.831108,15.7375],[119.831108,15.73729],[119.830887,15.73683],[119.830727,15.7363],[119.830544,15.73585],[119.830299,15.73555],[119.830116,15.73526],[119.829979,15.73495],[119.829803,15.73468],[119.829651,15.73438],[119.829514,15.7342],[119.829437,15.73411],[119.829178,15.73386],[119.82885,15.73361],[119.828392,15.73337],[119.827812,15.73324],[119.827202,15.73301],[119.82666,15.73263],[119.826569,15.73256],[119.826118,15.73224],[119.825897,15.73206],[119.825607,15.73184],[119.82515,15.73138],[119.82473,15.7309],[119.824287,15.73043],[119.823776,15.73003],[119.823174,15.72972],[119.822861,15.72954],[119.822647,15.72948],[119.822502,15.72944],[119.822502,15.72917],[119.821487,15.72816],[119.821388,15.72806],[119.821281,15.72816],[119.820663,15.72878],[119.820267,15.72917],[119.820023,15.72942],[119.819901,15.7299],[119.819794,15.73054],[119.819633,15.7312],[119.819511,15.73185],[119.819679,15.73246],[119.819717,15.73306],[119.819717,15.73364],[119.819717,15.73422],[119.819717,15.73481],[119.819763,15.73543],[119.819946,15.73603],[119.82,15.73666],[119.820053,15.73725],[119.820267,15.73772],[119.820534,15.73817],[119.82074,15.73863],[119.820938,15.73909],[119.821198,15.73942],[119.821449,15.73969],[119.821693,15.7399],[119.821922,15.74007],[119.822166,15.74028],[119.822456,15.74052],[119.822777,15.74082],[119.823196,15.74111],[119.823677,15.74139],[119.824188,15.74163],[119.824783,15.74167],[119.825378,15.74171],[119.825943,15.74192],[119.826477,15.74205],[119.826988,15.74213],[119.827431,15.74194],[119.827827,15.74167],[119.828217,15.7414],[119.828568,15.74114],[119.828857,15.7409],[119.82901,15.74087],[119.829147,15.74085]]]]}},{"type":"Feature","properties":{"ID_0":177,"ISO":"PHL","NAME_0":"Philippines","ID_1":3071,"NAME_1":"Zambales","ID_2":307113,"NAME_2":"Santa Cruz","ID_3":307113010,"NAME_3":"Guisguis","NL_NAME_3":null,"VARNAME_3":null,"TYPE_3":"Barangay","ENGTYPE_3":"Village","PROVINCE":"Zambales","REGION":"Region III (Central Luzon)","id":"barangay-0307113010","name":"Guisguis","barangayCode":"0307113010","population":null,"formattedPop":null,"densityCategory":"No data","vulnerabilityRating":"No data","healthRiskLevel":"No data","areaKm2":36.513123,"centerLat":15.785759,"centerLng":120.048645,"geometrySource":"all_barangay-2.csv detailed WKT","geometryMatchMethod":"unique_official_admin_names","boundaryPointCount":66},"geometry":{"type":"MultiPolygon","coordinates":[[[[120.028801,15.84526],[120.036659,15.84247],[120.040237,15.83995],[120.045036,15.83603],[120.051773,15.83142],[120.060204,15.82547],[120.065842,15.82167],[120.069977,15.81901],[120.075706,15.8159],[120.080528,15.81354],[120.083344,15.8122],[120.085403,15.81093],[120.091011,15.80999],[120.097252,15.8106],[120.102837,15.81199],[120.110023,15.81499],[120.113037,15.81712],[120.115852,15.81957],[120.117767,15.82081],[120.118568,15.82112],[120.123497,15.82362],[120.12513,15.82432],[120.127213,15.82522],[120.129539,15.82626],[120.131187,15.82663],[120.132187,15.82678],[120.133049,15.82689],[120.134903,15.82699],[120.136047,15.82683],[120.140404,15.82671],[120.142998,15.82623],[120.146553,15.82491],[120.148743,15.82396],[120.151321,15.82234],[120.15313,15.82111],[120.155128,15.81944],[120.158203,15.81723],[120.160248,15.81505],[120.161949,15.81259],[120.162483,15.8114],[120.163567,15.80773],[120.164223,15.80429],[120.164658,15.80187],[120.165047,15.79877],[120.137016,15.79469],[120.137062,15.79456],[119.992012,15.7944],[119.992203,15.79472],[119.993446,15.79712],[119.995171,15.79891],[119.995567,15.79971],[119.996689,15.80075],[119.998947,15.80327],[119.999207,15.80722],[120.002274,15.81302],[120.004173,15.8168],[120.007233,15.823],[120.009438,15.82707],[120.011147,15.83162],[120.01355,15.83653],[120.015503,15.8378],[120.016579,15.83875],[120.019234,15.84012],[120.021881,15.84135],[120.025002,15.84299],[120.028801,15.84526]]]]}},{"type":"Feature","properties":{"ID_0":177,"ISO":"PHL","NAME_0":"Philippines","ID_1":3071,"NAME_1":"Zambales","ID_2":307113,"NAME_2":"Santa Cruz","ID_3":307113011,"NAME_3":"Lipay","NL_NAME_3":null,"VARNAME_3":null,"TYPE_3":"Barangay","ENGTYPE_3":"Village","PROVINCE":"Zambales","REGION":"Region III (Central Luzon)","id":"barangay-0307113011","name":"Lipay","barangayCode":"0307113011","population":null,"formattedPop":null,"densityCategory":"No data","vulnerabilityRating":"No data","healthRiskLevel":"No data","areaKm2":0.85496,"centerLat":15.750548,"centerLng":119.90947,"geometrySource":"all_barangay-2.csv detailed WKT","geometryMatchMethod":"unique_official_admin_names","boundaryPointCount":34},"geometry":{"type":"MultiPolygon","coordinates":[[[[119.909157,15.75754],[119.909409,15.75792],[119.90976,15.75856],[119.911102,15.75834],[119.914436,15.76017],[119.918861,15.74955],[119.918587,15.74833],[119.918808,15.74584],[119.918709,15.7446],[119.906326,15.74963],[119.905411,15.75008],[119.905533,15.75017],[119.90583,15.75047],[119.906174,15.75084],[119.906548,15.75122],[119.907051,15.75142],[119.907516,15.75162],[119.907822,15.75179],[119.907913,15.75184],[119.908157,15.75218],[119.908386,15.75249],[119.908623,15.75278],[119.908867,15.75304],[119.909027,15.75335],[119.909149,15.75373],[119.909218,15.75418],[119.909409,15.75466],[119.909447,15.7552],[119.909447,15.75575],[119.909447,15.75626],[119.909447,15.75639],[119.909447,15.75722],[119.909157,15.7575],[119.909157,15.75754]]]]}},{"type":"Feature","properties":{"ID_0":177,"ISO":"PHL","NAME_0":"Philippines","ID_1":3071,"NAME_1":"Zambales","ID_2":307113,"NAME_2":"Santa Cruz","ID_3":307113012,"NAME_3":"Lomboy","NL_NAME_3":null,"VARNAME_3":null,"TYPE_3":"Barangay","ENGTYPE_3":"Village","PROVINCE":"Zambales","REGION":"Region III (Central Luzon)","id":"barangay-0307113012","name":"Lomboy","barangayCode":"0307113012","population":null,"formattedPop":null,"densityCategory":"No data","vulnerabilityRating":"No data","healthRiskLevel":"No data","areaKm2":35.52842,"centerLat":15.772236,"centerLng":120.038689,"geometrySource":"all_barangay-2.csv detailed WKT","geometryMatchMethod":"unique_official_admin_names","boundaryPointCount":98},"geometry":{"type":"MultiPolygon","coordinates":[[[[120.16507,15.79856],[120.166847,15.78196],[120.168114,15.77853],[120.169998,15.77297],[120.170509,15.77177],[120.14843,15.77132],[120.148354,15.77152],[119.923782,15.76977],[119.924896,15.77067],[119.925339,15.7707],[119.927132,15.77128],[119.928581,15.77238],[119.929642,15.7737],[119.929581,15.77495],[119.929398,15.77626],[119.929497,15.77718],[119.930122,15.77808],[119.930801,15.77827],[119.931534,15.77829],[119.931877,15.77832],[119.932289,15.77837],[119.932907,15.77887],[119.932983,15.77933],[119.932899,15.77993],[119.932732,15.7805],[119.932182,15.78162],[119.932152,15.78167],[119.932114,15.78371],[119.932289,15.78461],[119.93338,15.7861],[119.934273,15.78607],[119.934883,15.78524],[119.935112,15.7845],[119.935097,15.7837],[119.935257,15.78272],[119.936241,15.78228],[119.93708,15.78263],[119.937263,15.78317],[119.937088,15.7836],[119.936829,15.78417],[119.936302,15.78525],[119.935791,15.78617],[119.935532,15.78723],[119.935692,15.78916],[119.93605,15.78977],[119.937149,15.79088],[119.938843,15.79225],[119.940308,15.79152],[119.941063,15.79095],[119.942139,15.78992],[119.943626,15.78824],[119.945091,15.78755],[119.946968,15.788],[119.94783,15.78869],[119.948227,15.78904],[119.948593,15.78924],[119.949341,15.78928],[119.950111,15.78886],[119.951363,15.78831],[119.952423,15.78828],[119.953163,15.78871],[119.953773,15.78893],[119.954193,15.78875],[119.954536,15.78844],[119.954826,15.78878],[119.954933,15.78925],[119.954964,15.78939],[119.9552,15.79021],[119.955643,15.79068],[119.957397,15.79126],[119.958298,15.79159],[119.95916,15.79233],[119.959229,15.79235],[119.963303,15.79199],[119.963997,15.79182],[119.964844,15.79205],[119.965561,15.79225],[119.967918,15.79226],[119.973396,15.79228],[119.973907,15.7931],[119.974327,15.79439],[119.975456,15.79512],[119.97628,15.79564],[119.977242,15.7967],[119.977982,15.7974],[119.978737,15.79766],[119.979782,15.79659],[119.980927,15.79566],[119.983643,15.79563],[119.985107,15.79515],[119.986137,15.79432],[119.991508,15.79439],[119.990822,15.79229],[119.992012,15.7944],[120.137062,15.79456],[120.137016,15.79469],[120.165047,15.79877],[120.16507,15.79856]]]]}},{"type":"Feature","properties":{"ID_0":177,"ISO":"PHL","NAME_0":"Philippines","ID_1":3071,"NAME_1":"Zambales","ID_2":307113,"NAME_2":"Santa Cruz","ID_3":307113013,"NAME_3":"Lucapon North","NL_NAME_3":null,"VARNAME_3":null,"TYPE_3":"Barangay","ENGTYPE_3":"Village","PROVINCE":"Zambales","REGION":"Region III (Central Luzon)","id":"barangay-0307113013","name":"Lucapon North","barangayCode":"0307113013","population":null,"formattedPop":null,"densityCategory":"No data","vulnerabilityRating":"No data","healthRiskLevel":"No data","areaKm2":5.272064,"centerLat":15.71301,"centerLng":119.923614,"geometrySource":"all_barangay-2.csv detailed WKT","geometryMatchMethod":"unique_official_admin_names","boundaryPointCount":59},"geometry":{"type":"MultiPolygon","coordinates":[[[[119.909378,15.71866],[119.910843,15.72033],[119.911942,15.72136],[119.91256,15.72155],[119.913101,15.72155],[119.915733,15.72427],[119.919678,15.7253],[119.92276,15.72492],[119.92421,15.72424],[119.925087,15.72287],[119.926331,15.72104],[119.927223,15.71939],[119.927773,15.71706],[119.929024,15.71562],[119.929741,15.71508],[119.931419,15.714],[119.929817,15.69573],[119.929169,15.69639],[119.928886,15.69639],[119.928337,15.69694],[119.928047,15.69694],[119.927612,15.69723],[119.92704,15.69755],[119.926521,15.69793],[119.926064,15.69829],[119.925667,15.69861],[119.925362,15.6989],[119.925133,15.69917],[119.924919,15.69942],[119.924698,15.69966],[119.924461,15.6999],[119.924232,15.7002],[119.923981,15.70049],[119.923767,15.70081],[119.923531,15.7011],[119.923241,15.70139],[119.922882,15.7017],[119.922531,15.7021],[119.922218,15.70255],[119.92189,15.70298],[119.921501,15.70332],[119.921051,15.70361],[119.920593,15.70387],[119.920181,15.70415],[119.919769,15.70439],[119.919327,15.70456],[119.918953,15.70479],[119.91861,15.70505],[119.918297,15.70528],[119.917999,15.7055],[119.917664,15.70567],[119.917252,15.70583],[119.916786,15.70598],[119.916252,15.7061],[119.915649,15.70619],[119.915031,15.70637],[119.914368,15.70645],[119.914223,15.70645],[119.909378,15.71866]]]]}},{"type":"Feature","properties":{"ID_0":177,"ISO":"PHL","NAME_0":"Philippines","ID_1":3071,"NAME_1":"Zambales","ID_2":307113,"NAME_2":"Santa Cruz","ID_3":307113014,"NAME_3":"Lucapon South","NL_NAME_3":null,"VARNAME_3":null,"TYPE_3":"Barangay","ENGTYPE_3":"Village","PROVINCE":"Zambales","REGION":"Region III (Central Luzon)","id":"barangay-0307113014","name":"Lucapon South","barangayCode":"0307113014","population":null,"formattedPop":null,"densityCategory":"No data","vulnerabilityRating":"No data","healthRiskLevel":"No data","areaKm2":80.788625,"centerLat":15.701587,"centerLng":120.06365,"geometrySource":"all_barangay-2.csv detailed WKT","geometryMatchMethod":"unique_official_admin_names","boundaryPointCount":95},"geometry":{"type":"MultiPolygon","coordinates":[[[[120.176033,15.75628],[120.176537,15.75455],[120.177658,15.75163],[120.17807,15.74827],[120.17849,15.74596],[120.179497,15.74259],[120.180397,15.73936],[120.181602,15.7357],[120.182877,15.73455],[120.185966,15.72676],[120.188637,15.72297],[120.191269,15.71716],[120.194939,15.71043],[120.198601,15.70494],[120.202171,15.69914],[120.180122,15.70401],[120.179916,15.70427],[119.968369,15.71137],[119.93364,15.68977],[119.933853,15.69012],[119.933884,15.69061],[119.933868,15.69109],[119.9338,15.69154],[119.933708,15.69195],[119.933617,15.69232],[119.933563,15.69267],[119.933434,15.69296],[119.933327,15.69306],[119.933052,15.69333],[119.933052,15.69361],[119.93222,15.69444],[119.931953,15.69444],[119.931107,15.69528],[119.930557,15.69528],[119.930267,15.69556],[119.93,15.69556],[119.929817,15.69573],[119.931419,15.714],[119.932259,15.71407],[119.932693,15.7139],[119.933083,15.71385],[119.9338,15.71458],[119.93412,15.71671],[119.934227,15.71864],[119.934212,15.71968],[119.934288,15.72039],[119.934593,15.72088],[119.93512,15.72157],[119.935959,15.72233],[119.936829,15.72278],[119.93763,15.72297],[119.938187,15.72323],[119.939659,15.72281],[119.941002,15.72251],[119.942581,15.72282],[119.94323,15.72318],[119.944031,15.7245],[119.944946,15.72529],[119.945831,15.72602],[119.946327,15.72695],[119.946487,15.72726],[119.952499,15.72852],[119.953011,15.72864],[119.953644,15.72881],[119.955009,15.72839],[119.955452,15.72846],[119.955833,15.72875],[119.956642,15.72901],[119.957268,15.73001],[119.957832,15.73099],[119.959053,15.7318],[119.960747,15.73272],[119.961891,15.73351],[119.962097,15.73391],[119.963089,15.73456],[119.964073,15.73542],[119.965439,15.73617],[119.967613,15.73625],[119.969711,15.73719],[119.970749,15.73767],[119.972076,15.73767],[119.972816,15.73798],[119.9748,15.73918],[119.978447,15.73978],[119.980583,15.74165],[119.98204,15.74268],[119.98333,15.74287],[119.984848,15.74323],[119.98632,15.74395],[119.987701,15.74485],[119.990829,15.74569],[119.993027,15.74567],[119.995216,15.74823],[120.155418,15.75557],[120.176033,15.75628]]]]}},{"type":"Feature","properties":{"ID_0":177,"ISO":"PHL","NAME_0":"Philippines","ID_1":3071,"NAME_1":"Zambales","ID_2":307113,"NAME_2":"Santa Cruz","ID_3":307113015,"NAME_3":"Malabago","NL_NAME_3":null,"VARNAME_3":null,"TYPE_3":"Barangay","ENGTYPE_3":"Village","PROVINCE":"Zambales","REGION":"Region III (Central Luzon)","id":"barangay-0307113015","name":"Malabago","barangayCode":"0307113015","population":null,"formattedPop":null,"densityCategory":"No data","vulnerabilityRating":"No data","healthRiskLevel":"No data","areaKm2":7.793612,"centerLat":15.795209,"centerLng":119.834116,"geometrySource":"all_barangay-2.csv detailed WKT","geometryMatchMethod":"unique_official_admin_names","boundaryPointCount":25},"geometry":{"type":"MultiPolygon","coordinates":[[[[119.911407,15.79683],[119.912148,15.79557],[119.912804,15.79442],[119.912567,15.78557],[119.896873,15.78393],[119.896721,15.78415],[119.896637,15.78447],[119.8965,15.78476],[119.896393,15.78509],[119.896233,15.78544],[119.896088,15.78583],[119.895859,15.78621],[119.895691,15.78668],[119.895554,15.78718],[119.89537,15.78769],[119.895157,15.78818],[119.894913,15.78869],[119.894638,15.78918],[119.894386,15.78971],[119.894142,15.79023],[119.893921,15.79074],[119.893822,15.79124],[119.893799,15.79129],[119.907227,15.79159],[119.911407,15.79683]]]]}},{"type":"Feature","properties":{"ID_0":177,"ISO":"PHL","NAME_0":"Philippines","ID_1":3071,"NAME_1":"Zambales","ID_2":307113,"NAME_2":"Santa Cruz","ID_3":307113016,"NAME_3":"Naulo","NL_NAME_3":null,"VARNAME_3":null,"TYPE_3":"Barangay","ENGTYPE_3":"Village","PROVINCE":"Zambales","REGION":"Region III (Central Luzon)","id":"barangay-0307113016","name":"Naulo","barangayCode":"0307113016","population":null,"formattedPop":null,"densityCategory":"No data","vulnerabilityRating":"No data","healthRiskLevel":"No data","areaKm2":3.978405,"centerLat":15.711978,"centerLng":119.903063,"geometrySource":"all_barangay-2.csv detailed WKT","geometryMatchMethod":"unique_official_admin_names","boundaryPointCount":84},"geometry":{"type":"MultiPolygon","coordinates":[[[[119.892776,15.70972],[119.892776,15.70944],[119.892647,15.70985],[119.892776,15.70972]]],[[[119.901016,15.71925],[119.904999,15.71881],[119.907158,15.71882],[119.908073,15.71886],[119.909378,15.71866],[119.914223,15.70645],[119.913689,15.70646],[119.913132,15.70664],[119.912643,15.70679],[119.912498,15.70694],[119.910553,15.70694],[119.910004,15.70639],[119.909409,15.70613],[119.908836,15.70595],[119.908287,15.70571],[119.907761,15.70551],[119.90731,15.70521],[119.906929,15.70482],[119.90654,15.70445],[119.906158,15.70408],[119.9058,15.70369],[119.905418,15.70333],[119.905083,15.70295],[119.904861,15.70251],[119.904694,15.70211],[119.904449,15.70182],[119.90419,15.70159],[119.903923,15.70136],[119.903618,15.70112],[119.903252,15.70093],[119.902817,15.70084],[119.902412,15.70078],[119.902077,15.7006],[119.901756,15.70048],[119.901443,15.70033],[119.901047,15.70035],[119.900589,15.70055],[119.900146,15.70074],[119.90007,15.70078],[119.899597,15.7011],[119.899162,15.70139],[119.898804,15.70167],[119.898483,15.70195],[119.898209,15.70222],[119.897903,15.70245],[119.897507,15.70261],[119.89711,15.7028],[119.896721,15.70306],[119.896393,15.70333],[119.895844,15.70391],[119.895844,15.70417],[119.895554,15.70445],[119.895554,15.70528],[119.895279,15.70583],[119.895279,15.70611],[119.895279,15.70639],[119.895554,15.70667],[119.895554,15.71056],[119.894997,15.71111],[119.894997,15.71139],[119.894157,15.71222],[119.894157,15.7125],[119.893608,15.71306],[119.893333,15.71306],[119.892776,15.71361],[119.89222,15.71306],[119.89222,15.71278],[119.892502,15.7125],[119.892502,15.71194],[119.892639,15.71167],[119.892776,15.71056],[119.892517,15.71029],[119.892303,15.71099],[119.891006,15.71349],[119.890419,15.71592],[119.891167,15.71873],[119.893112,15.72079],[119.89534,15.7212],[119.898178,15.72039],[119.901016,15.71925]]]]}},{"type":"Feature","properties":{"ID_0":177,"ISO":"PHL","NAME_0":"Philippines","ID_1":3071,"NAME_1":"Zambales","ID_2":307113,"NAME_2":"Santa Cruz","ID_3":307113017,"NAME_3":"Poblacion North","NL_NAME_3":null,"VARNAME_3":null,"TYPE_3":"Barangay","ENGTYPE_3":"Village","PROVINCE":"Zambales","REGION":"Region III (Central Luzon)","id":"barangay-0307113017","name":"Poblacion North","barangayCode":"0307113017","population":null,"formattedPop":null,"densityCategory":"No data","vulnerabilityRating":"No data","healthRiskLevel":"No data","areaKm2":0.656444,"centerLat":15.769486,"centerLng":119.907998,"geometrySource":"all_barangay-2.csv detailed WKT","geometryMatchMethod":"unique_official_admin_names","boundaryPointCount":48},"geometry":{"type":"MultiPolygon","coordinates":[[[[119.921303,15.78125],[119.932182,15.78162],[119.932732,15.7805],[119.932899,15.77993],[119.932983,15.77933],[119.932907,15.77887],[119.932289,15.77837],[119.931877,15.77832],[119.931534,15.77829],[119.930801,15.77827],[119.930122,15.77808],[119.929497,15.77718],[119.929398,15.77626],[119.929581,15.77495],[119.929642,15.7737],[119.904373,15.76991],[119.904259,15.77001],[119.903976,15.77028],[119.903702,15.77053],[119.903328,15.77069],[119.902924,15.77086],[119.902512,15.77105],[119.902069,15.771],[119.901627,15.77086],[119.901207,15.77083],[119.900833,15.7708],[119.900513,15.7707],[119.900261,15.77102],[119.900047,15.77143],[119.899948,15.77188],[119.899712,15.77226],[119.899521,15.77268],[119.899406,15.77315],[119.899292,15.7736],[119.899139,15.77399],[119.898941,15.77434],[119.898857,15.77477],[119.898773,15.77521],[119.898643,15.77567],[119.898613,15.77617],[119.898567,15.77665],[119.898354,15.77704],[119.898163,15.77742],[119.898071,15.77782],[119.898064,15.77819],[119.898018,15.77845],[119.913147,15.78046],[119.921303,15.78125]]]]}},{"type":"Feature","properties":{"ID_0":177,"ISO":"PHL","NAME_0":"Philippines","ID_1":3071,"NAME_1":"Zambales","ID_2":307113,"NAME_2":"Santa Cruz","ID_3":307113018,"NAME_3":"Pagatpat","NL_NAME_3":null,"VARNAME_3":null,"TYPE_3":"Barangay","ENGTYPE_3":"Village","PROVINCE":"Zambales","REGION":"Region III (Central Luzon)","id":"barangay-0307113018","name":"Pagatpat","barangayCode":"0307113018","population":null,"formattedPop":null,"densityCategory":"No data","vulnerabilityRating":"No data","healthRiskLevel":"No data","areaKm2":1.940771,"centerLat":15.779272,"centerLng":119.905176,"geometrySource":"all_barangay-2.csv detailed WKT","geometryMatchMethod":"unique_official_admin_names","boundaryPointCount":16},"geometry":{"type":"MultiPolygon","coordinates":[[[[119.896873,15.78393],[119.912567,15.78557],[119.913147,15.78046],[119.898018,15.77845],[119.898003,15.77856],[119.89782,15.77896],[119.89769,15.77952],[119.897537,15.78013],[119.897499,15.78076],[119.897453,15.78137],[119.897247,15.78191],[119.897118,15.78246],[119.896973,15.78298],[119.896942,15.78346],[119.896896,15.78387],[119.896873,15.78393]]]]}},{"type":"Feature","properties":{"ID_0":177,"ISO":"PHL","NAME_0":"Philippines","ID_1":3071,"NAME_1":"Zambales","ID_2":307113,"NAME_2":"Santa Cruz","ID_3":307113019,"NAME_3":"Pamonoran","NL_NAME_3":null,"VARNAME_3":null,"TYPE_3":"Barangay","ENGTYPE_3":"Village","PROVINCE":"Zambales","REGION":"Region III (Central Luzon)","id":"barangay-0307113019","name":"Pamonoran","barangayCode":"0307113019","population":null,"formattedPop":null,"densityCategory":"No data","vulnerabilityRating":"No data","healthRiskLevel":"No data","areaKm2":4.434228,"centerLat":15.790226,"centerLng":119.923469,"geometrySource":"all_barangay-2.csv detailed WKT","geometryMatchMethod":"unique_official_admin_names","boundaryPointCount":23},"geometry":{"type":"MultiPolygon","coordinates":[[[[119.924377,15.80664],[119.925781,15.80644],[119.927277,15.80641],[119.928719,15.80543],[119.929497,15.80563],[119.930168,15.80592],[119.930763,15.8062],[119.931847,15.80616],[119.933403,15.80637],[119.936707,15.80596],[119.937897,15.80487],[119.938881,15.80489],[119.939972,15.80441],[119.940208,15.80026],[119.93914,15.79559],[119.920143,15.79448],[119.912804,15.79442],[119.924377,15.80664]]],[[[119.924377,15.80664],[119.923981,15.80707],[119.924477,15.80716],[119.924591,15.80718],[119.924377,15.80664]]]]}},{"type":"Feature","properties":{"ID_0":177,"ISO":"PHL","NAME_0":"Philippines","ID_1":3071,"NAME_1":"Zambales","ID_2":307113,"NAME_2":"Santa Cruz","ID_3":307113022,"NAME_3":"Sabang","NL_NAME_3":null,"VARNAME_3":null,"TYPE_3":"Barangay","ENGTYPE_3":"Village","PROVINCE":"Zambales","REGION":"Region III (Central Luzon)","id":"barangay-0307113022","name":"Sabang","barangayCode":"0307113022","population":null,"formattedPop":null,"densityCategory":"No data","vulnerabilityRating":"No data","healthRiskLevel":"No data","areaKm2":3.531225,"centerLat":15.726714,"centerLng":119.885538,"geometrySource":"all_barangay-2.csv detailed WKT","geometryMatchMethod":"unique_official_admin_names","boundaryPointCount":89},"geometry":{"type":"MultiPolygon","coordinates":[[[[119.91021,15.73029],[119.910843,15.72033],[119.909378,15.71866],[119.908073,15.71886],[119.907158,15.71882],[119.904999,15.71881],[119.901016,15.71925],[119.898178,15.72039],[119.89534,15.7212],[119.893112,15.72079],[119.891167,15.71873],[119.890419,15.71592],[119.891006,15.71349],[119.892303,15.71099],[119.892517,15.71029],[119.892502,15.71],[119.892647,15.70985],[119.892776,15.70944],[119.892776,15.70861],[119.892502,15.70833],[119.89222,15.70833],[119.89222,15.70889],[119.891937,15.70917],[119.891663,15.71028],[119.891113,15.71111],[119.891113,15.71139],[119.890831,15.71167],[119.890831,15.71194],[119.890556,15.71222],[119.890556,15.7125],[119.889999,15.71306],[119.889999,15.71333],[119.889717,15.71361],[119.889717,15.71389],[119.889442,15.71417],[119.889442,15.71444],[119.889168,15.71472],[119.889168,15.715],[119.888893,15.71528],[119.888893,15.71556],[119.888741,15.71586],[119.888557,15.7163],[119.888329,15.71669],[119.888069,15.717],[119.887817,15.71727],[119.887581,15.71756],[119.88736,15.71792],[119.887123,15.71828],[119.886818,15.7186],[119.88649,15.71888],[119.886139,15.71914],[119.885757,15.71941],[119.885338,15.71968],[119.884933,15.71996],[119.884529,15.72022],[119.884247,15.72052],[119.883972,15.72076],[119.883728,15.72098],[119.883476,15.72115],[119.883247,15.7214],[119.883034,15.72169],[119.882767,15.72199],[119.882469,15.72227],[119.882187,15.7226],[119.881851,15.72285],[119.881477,15.72307],[119.881104,15.72328],[119.880547,15.72333],[119.88028,15.72361],[119.879997,15.72361],[119.879448,15.72417],[119.877876,15.72417],[119.877502,15.72417],[119.87722,15.72389],[119.876106,15.72389],[119.875832,15.72417],[119.875557,15.72417],[119.874763,15.72496],[119.874168,15.72556],[119.874168,15.72583],[119.872223,15.72778],[119.872223,15.72806],[119.871948,15.72833],[119.871948,15.72861],[119.871391,15.72917],[119.871391,15.72944],[119.871109,15.72972],[119.871109,15.72993],[119.91021,15.73029]]]]}},{"type":"Feature","properties":{"ID_0":177,"ISO":"PHL","NAME_0":"Philippines","ID_1":3071,"NAME_1":"Zambales","ID_2":307113,"NAME_2":"Santa Cruz","ID_3":307113023,"NAME_3":"San Fernando","NL_NAME_3":null,"VARNAME_3":null,"TYPE_3":"Barangay","ENGTYPE_3":"Village","PROVINCE":"Zambales","REGION":"Region III (Central Luzon)","id":"barangay-0307113023","name":"San Fernando","barangayCode":"0307113023","population":null,"formattedPop":null,"densityCategory":"No data","vulnerabilityRating":"No data","healthRiskLevel":"No data","areaKm2":2.782999,"centerLat":15.753946,"centerLng":119.918986,"geometrySource":"all_barangay-2.csv detailed WKT","geometryMatchMethod":"unique_official_admin_names","boundaryPointCount":34},"geometry":{"type":"MultiPolygon","coordinates":[[[[119.918671,15.76557],[119.919312,15.76471],[119.920441,15.76423],[119.922394,15.76406],[119.923813,15.76375],[119.924133,15.76345],[119.924278,15.76226],[119.924629,15.76144],[119.924538,15.76067],[119.924133,15.75937],[119.923813,15.75796],[119.924408,15.75612],[119.925377,15.75577],[119.927048,15.75576],[119.929062,15.75571],[119.930153,15.75457],[119.929977,15.75316],[119.929031,15.75233],[119.927467,15.75195],[119.92585,15.7513],[119.924782,15.75064],[119.924133,15.75022],[119.923592,15.75012],[119.922577,15.74993],[119.921158,15.74976],[119.920387,15.74982],[119.918861,15.74955],[119.914436,15.76017],[119.914993,15.76038],[119.915657,15.76124],[119.916969,15.7631],[119.918251,15.76491],[119.918449,15.76571],[119.918671,15.76557]]]]}},{"type":"Feature","properties":{"ID_0":177,"ISO":"PHL","NAME_0":"Philippines","ID_1":3071,"NAME_1":"Zambales","ID_2":307113,"NAME_2":"Santa Cruz","ID_3":307113024,"NAME_3":"Poblacion South","NL_NAME_3":null,"VARNAME_3":null,"TYPE_3":"Barangay","ENGTYPE_3":"Village","PROVINCE":"Zambales","REGION":"Region III (Central Luzon)","id":"barangay-0307113024","name":"Poblacion South","barangayCode":"0307113024","population":null,"formattedPop":null,"densityCategory":"No data","vulnerabilityRating":"No data","healthRiskLevel":"No data","areaKm2":0.51823,"centerLat":15.762763,"centerLng":119.9111,"geometrySource":"all_barangay-2.csv detailed WKT","geometryMatchMethod":"unique_official_admin_names","boundaryPointCount":51},"geometry":{"type":"MultiPolygon","coordinates":[[[[119.929642,15.7737],[119.928581,15.77238],[119.927132,15.77128],[119.925339,15.7707],[119.924896,15.77067],[119.923782,15.76977],[119.923073,15.76908],[119.922089,15.76852],[119.920357,15.76778],[119.918671,15.76557],[119.918449,15.76571],[119.918251,15.76491],[119.916969,15.7631],[119.915657,15.76124],[119.914993,15.76038],[119.914436,15.76017],[119.911102,15.75834],[119.90976,15.75856],[119.909409,15.75792],[119.909157,15.75754],[119.909157,15.75917],[119.908333,15.76],[119.908043,15.76034],[119.907784,15.76067],[119.907501,15.76102],[119.907257,15.76137],[119.90712,15.76175],[119.906967,15.76212],[119.906937,15.7625],[119.906937,15.7629],[119.906914,15.7633],[119.906723,15.76364],[119.906639,15.76401],[119.907028,15.76455],[119.907127,15.76498],[119.906914,15.76531],[119.906723,15.76563],[119.90667,15.76596],[119.906662,15.76628],[119.90667,15.7666],[119.906662,15.76696],[119.906609,15.76734],[119.906387,15.76771],[119.90612,15.76807],[119.905838,15.76843],[119.905548,15.76878],[119.905243,15.76913],[119.904907,15.76944],[119.904556,15.76973],[119.904373,15.76991],[119.929642,15.7737]]]]}},{"type":"Feature","properties":{"ID_0":177,"ISO":"PHL","NAME_0":"Philippines","ID_1":3071,"NAME_1":"Zambales","ID_2":307113,"NAME_2":"Santa Cruz","ID_3":307113025,"NAME_3":"Tabalong","NL_NAME_3":null,"VARNAME_3":null,"TYPE_3":"Barangay","ENGTYPE_3":"Village","PROVINCE":"Zambales","REGION":"Region III (Central Luzon)","id":"barangay-0307113025","name":"Tabalong","barangayCode":"0307113025","population":null,"formattedPop":null,"densityCategory":"No data","vulnerabilityRating":"No data","healthRiskLevel":"No data","areaKm2":2.10468,"centerLat":15.802564,"centerLng":119.937493,"geometrySource":"all_barangay-2.csv detailed WKT","geometryMatchMethod":"unique_official_admin_names","boundaryPointCount":22},"geometry":{"type":"MultiPolygon","coordinates":[[[[119.959923,15.80658],[119.960327,15.80102],[119.951271,15.8007],[119.940208,15.80026],[119.939972,15.80441],[119.941856,15.80593],[119.942337,15.80608],[119.943283,15.80672],[119.944069,15.80765],[119.94529,15.80926],[119.945793,15.80993],[119.946777,15.81052],[119.949348,15.8106],[119.949448,15.8104],[119.950089,15.80966],[119.950737,15.8085],[119.951393,15.80716],[119.952248,15.80641],[119.952454,15.80642],[119.953217,15.80639],[119.953293,15.80644],[119.959923,15.80658]]]]}},{"type":"Feature","properties":{"ID_0":177,"ISO":"PHL","NAME_0":"Philippines","ID_1":3071,"NAME_1":"Zambales","ID_2":307113,"NAME_2":"Santa Cruz","ID_3":307113028,"NAME_3":"Tubotubo North","NL_NAME_3":null,"VARNAME_3":null,"TYPE_3":"Barangay","ENGTYPE_3":"Village","PROVINCE":"Zambales","REGION":"Region III (Central Luzon)","id":"barangay-0307113028","name":"Tubotubo North","barangayCode":"0307113028","population":null,"formattedPop":null,"densityCategory":"No data","vulnerabilityRating":"No data","healthRiskLevel":"No data","areaKm2":88.229924,"centerLat":15.750017,"centerLng":120.049017,"geometrySource":"all_barangay-2.csv detailed WKT","geometryMatchMethod":"unique_official_admin_names","boundaryPointCount":117},"geometry":{"type":"MultiPolygon","coordinates":[[[[119.923782,15.76977],[120.148354,15.77152],[120.14843,15.77132],[120.170509,15.77177],[120.173431,15.76491],[120.176033,15.75628],[120.155418,15.75557],[119.995216,15.74823],[119.974831,15.74725],[119.973228,15.74768],[119.972679,15.74796],[119.97126,15.7482],[119.97052,15.74815],[119.969963,15.74788],[119.969566,15.74755],[119.968681,15.74659],[119.967758,15.74594],[119.966187,15.74574],[119.964058,15.74587],[119.963112,15.74632],[119.962723,15.74747],[119.962044,15.74839],[119.960999,15.7491],[119.959549,15.74998],[119.958267,15.74968],[119.956848,15.74926],[119.955391,15.74911],[119.954361,15.74898],[119.953712,15.74907],[119.953178,15.74916],[119.952797,15.74911],[119.952362,15.74823],[119.951523,15.74762],[119.950897,15.74702],[119.950684,15.7463],[119.950203,15.74525],[119.94976,15.74486],[119.949333,15.74479],[119.948967,15.74476],[119.948532,15.74449],[119.94809,15.74437],[119.947166,15.7441],[119.946999,15.74462],[119.947372,15.74527],[119.946892,15.74591],[119.945953,15.74664],[119.945152,15.74744],[119.944771,15.7481],[119.943764,15.74899],[119.943314,15.74975],[119.942772,15.75017],[119.942627,15.75079],[119.941452,15.75106],[119.940918,15.75148],[119.940666,15.75208],[119.940147,15.75236],[119.939362,15.75192],[119.938606,15.75214],[119.937866,15.75223],[119.936943,15.75181],[119.935951,15.75165],[119.935638,15.75198],[119.93483,15.75158],[119.934189,15.75138],[119.933899,15.75207],[119.933449,15.75232],[119.932381,15.75142],[119.930672,15.75073],[119.929657,15.74997],[119.92894,15.74913],[119.928207,15.74793],[119.927727,15.74712],[119.926979,15.74671],[119.925873,15.74669],[119.924789,15.74627],[119.92366,15.74508],[119.922997,15.74437],[119.92231,15.74417],[119.920868,15.74395],[119.919571,15.74374],[119.918617,15.74345],[119.917999,15.74326],[119.918259,15.74377],[119.918709,15.7446],[119.918808,15.74584],[119.918587,15.74833],[119.918861,15.74955],[119.920387,15.74982],[119.921158,15.74976],[119.922577,15.74993],[119.923592,15.75012],[119.924133,15.75022],[119.924782,15.75064],[119.92585,15.7513],[119.927467,15.75195],[119.929031,15.75233],[119.929977,15.75316],[119.930153,15.75457],[119.929062,15.75571],[119.927048,15.75576],[119.925377,15.75577],[119.924408,15.75612],[119.923813,15.75796],[119.924133,15.75937],[119.924538,15.76067],[119.924629,15.76144],[119.924278,15.76226],[119.924133,15.76345],[119.923813,15.76375],[119.922394,15.76406],[119.920441,15.76423],[119.919312,15.76471],[119.918671,15.76557],[119.920357,15.76778],[119.922089,15.76852],[119.923073,15.76908],[119.923782,15.76977]]]]}},{"type":"Feature","properties":{"ID_0":177,"ISO":"PHL","NAME_0":"Philippines","ID_1":3071,"NAME_1":"Zambales","ID_2":307113,"NAME_2":"Santa Cruz","ID_3":307113029,"NAME_3":"Tubotubo South","NL_NAME_3":null,"VARNAME_3":null,"TYPE_3":"Barangay","ENGTYPE_3":"Village","PROVINCE":"Zambales","REGION":"Region III (Central Luzon)","id":"barangay-0307113029","name":"Tubotubo South","barangayCode":"0307113029","population":null,"formattedPop":null,"densityCategory":"No data","vulnerabilityRating":"No data","healthRiskLevel":"No data","areaKm2":63.836076,"centerLat":15.725434,"centerLng":120.049853,"geometrySource":"all_barangay-2.csv detailed WKT","geometryMatchMethod":"unique_official_admin_names","boundaryPointCount":128},"geometry":{"type":"MultiPolygon","coordinates":[[[[119.995216,15.74823],[119.993027,15.74567],[119.990829,15.74569],[119.987701,15.74485],[119.98632,15.74395],[119.984848,15.74323],[119.98333,15.74287],[119.98204,15.74268],[119.980583,15.74165],[119.978447,15.73978],[119.9748,15.73918],[119.972816,15.73798],[119.972076,15.73767],[119.970749,15.73767],[119.969711,15.73719],[119.967613,15.73625],[119.965439,15.73617],[119.964073,15.73542],[119.963089,15.73456],[119.962097,15.73391],[119.961891,15.73351],[119.960747,15.73272],[119.959053,15.7318],[119.957832,15.73099],[119.957268,15.73001],[119.956642,15.72901],[119.955833,15.72875],[119.955452,15.72846],[119.955009,15.72839],[119.953644,15.72881],[119.953011,15.72864],[119.952499,15.72852],[119.946487,15.72726],[119.945961,15.72775],[119.944283,15.72808],[119.94278,15.72882],[119.941483,15.72958],[119.940079,15.72978],[119.938301,15.73074],[119.936607,15.73255],[119.934898,15.73403],[119.932999,15.73564],[119.931099,15.73673],[119.929398,15.73726],[119.928413,15.73796],[119.926682,15.73889],[119.923828,15.73973],[119.920517,15.73945],[119.918419,15.73924],[119.91584,15.73967],[119.916733,15.74077],[119.916908,15.74131],[119.917473,15.74234],[119.917999,15.74326],[119.918617,15.74345],[119.919571,15.74374],[119.920868,15.74395],[119.92231,15.74417],[119.922997,15.74437],[119.92366,15.74508],[119.924789,15.74627],[119.925873,15.74669],[119.926979,15.74671],[119.927727,15.74712],[119.928207,15.74793],[119.92894,15.74913],[119.929657,15.74997],[119.930672,15.75073],[119.932381,15.75142],[119.933449,15.75232],[119.933899,15.75207],[119.934189,15.75138],[119.93483,15.75158],[119.935638,15.75198],[119.935951,15.75165],[119.936943,15.75181],[119.937866,15.75223],[119.938606,15.75214],[119.939362,15.75192],[119.940147,15.75236],[119.940666,15.75208],[119.940918,15.75148],[119.941452,15.75106],[119.942627,15.75079],[119.942772,15.75017],[119.943314,15.74975],[119.943764,15.74899],[119.944771,15.7481],[119.945152,15.74744],[119.945953,15.74664],[119.946892,15.74591],[119.947372,15.74527],[119.946999,15.74462],[119.947166,15.7441],[119.94809,15.74437],[119.948532,15.74449],[119.948967,15.74476],[119.949333,15.74479],[119.94976,15.74486],[119.950203,15.74525],[119.950684,15.7463],[119.950897,15.74702],[119.951523,15.74762],[119.952362,15.74823],[119.952797,15.74911],[119.953178,15.74916],[119.953712,15.74907],[119.954361,15.74898],[119.955391,15.74911],[119.956848,15.74926],[119.958267,15.74968],[119.959549,15.74998],[119.960999,15.7491],[119.962044,15.74839],[119.962723,15.74747],[119.963112,15.74632],[119.964058,15.74587],[119.966187,15.74574],[119.967758,15.74594],[119.968681,15.74659],[119.969566,15.74755],[119.969963,15.74788],[119.97052,15.74815],[119.97126,15.7482],[119.972679,15.74796],[119.973228,15.74768],[119.974831,15.74725],[119.995216,15.74823]]]]}},{"type":"Feature","properties":{"ID_0":177,"ISO":"PHL","NAME_0":"Philippines","ID_1":3071,"NAME_1":"Zambales","ID_2":307113,"NAME_2":"Santa Cruz","ID_3":307113030,"NAME_3":"Bulawon","NL_NAME_3":null,"VARNAME_3":null,"TYPE_3":"Barangay","ENGTYPE_3":"Village","PROVINCE":"Zambales","REGION":"Region III (Central Luzon)","id":"barangay-0307113030","name":"Bulawon","barangayCode":"0307113030","population":null,"formattedPop":null,"densityCategory":"No data","vulnerabilityRating":"No data","healthRiskLevel":"No data","areaKm2":2.229635,"centerLat":15.772119,"centerLng":119.91773,"geometrySource":"all_barangay-2.csv detailed WKT","geometryMatchMethod":"unique_official_admin_names","boundaryPointCount":6},"geometry":{"type":"MultiPolygon","coordinates":[[[[119.920143,15.79448],[119.921303,15.78125],[119.913147,15.78046],[119.912567,15.78557],[119.912804,15.79442],[119.920143,15.79448]]]]}},{"type":"Feature","properties":{"ID_0":177,"ISO":"PHL","NAME_0":"Philippines","ID_1":3071,"NAME_1":"Zambales","ID_2":307114,"NAME_2":"Subic","ID_3":307114001,"NAME_3":"Aningway Sacatihan","NL_NAME_3":null,"VARNAME_3":null,"TYPE_3":"Barangay","ENGTYPE_3":"Village","PROVINCE":"Zambales","REGION":"Region III (Central Luzon)","id":"barangay-0307114001","name":"Aningway Sacatihan","barangayCode":"0307114001","population":null,"formattedPop":null,"densityCategory":"No data","vulnerabilityRating":"No data","healthRiskLevel":"No data","areaKm2":5.210785,"centerLat":14.918364,"centerLng":120.233117,"geometrySource":"all_barangay-2.csv detailed WKT","geometryMatchMethod":"unique_official_admin_names","boundaryPointCount":14},"geometry":{"type":"MultiPolygon","coordinates":[[[[120.211082,14.91893],[120.211891,14.91803],[120.214493,14.91442],[120.215218,14.91511],[120.216888,14.91618],[120.218567,14.91626],[120.220047,14.91632],[120.222618,14.9171],[120.224899,14.91781],[120.23217,14.90018],[120.213127,14.90098],[120.201424,14.89928],[120.200668,14.90578],[120.211082,14.91893]]]]}},{"type":"Feature","properties":{"ID_0":177,"ISO":"PHL","NAME_0":"Philippines","ID_1":3071,"NAME_1":"Zambales","ID_2":307114,"NAME_2":"Subic","ID_3":307114002,"NAME_3":"Asinan Poblacion","NL_NAME_3":null,"VARNAME_3":null,"TYPE_3":"Barangay","ENGTYPE_3":"Village","PROVINCE":"Zambales","REGION":"Region III (Central Luzon)","id":"barangay-0307114002","name":"Asinan Poblacion","barangayCode":"0307114002","population":null,"formattedPop":null,"densityCategory":"No data","vulnerabilityRating":"No data","healthRiskLevel":"No data","areaKm2":0.111632,"centerLat":14.881979,"centerLng":120.233169,"geometrySource":"all_barangay-2.csv detailed WKT","geometryMatchMethod":"unique_official_admin_names","boundaryPointCount":8},"geometry":{"type":"MultiPolygon","coordinates":[[[[120.213127,14.90098],[120.213661,14.89606],[120.213341,14.89234],[120.234787,14.88384],[120.233673,14.87974],[120.201653,14.89279],[120.201424,14.89928],[120.213127,14.90098]]]]}},{"type":"Feature","properties":{"ID_0":177,"ISO":"PHL","NAME_0":"Philippines","ID_1":3071,"NAME_1":"Zambales","ID_2":307114,"NAME_2":"Subic","ID_3":307114003,"NAME_3":"Asinan Proper","NL_NAME_3":null,"VARNAME_3":null,"TYPE_3":"Barangay","ENGTYPE_3":"Village","PROVINCE":"Zambales","REGION":"Region III (Central Luzon)","id":"barangay-0307114003","name":"Asinan Proper","barangayCode":"0307114003","population":null,"formattedPop":null,"densityCategory":"No data","vulnerabilityRating":"No data","healthRiskLevel":"No data","areaKm2":3.28798,"centerLat":14.894526,"centerLng":120.226336,"geometrySource":"all_barangay-2.csv detailed WKT","geometryMatchMethod":"unique_official_admin_names","boundaryPointCount":22},"geometry":{"type":"MultiPolygon","coordinates":[[[[120.201653,14.89279],[120.233673,14.87974],[120.233559,14.8762],[120.233269,14.87613],[120.232674,14.87571],[120.232391,14.87541],[120.232193,14.87518],[120.231667,14.87516],[120.231148,14.87525],[120.230614,14.87534],[120.230171,14.87565],[120.229767,14.87599],[120.229446,14.87639],[120.229156,14.87667],[120.228889,14.87722],[120.228889,14.8775],[120.228531,14.87785],[120.22847,14.87792],[120.228333,14.87806],[120.228333,14.87795],[120.202637,14.88465],[120.201653,14.89279]]]]}},{"type":"Feature","properties":{"ID_0":177,"ISO":"PHL","NAME_0":"Philippines","ID_1":3071,"NAME_1":"Zambales","ID_2":307114,"NAME_2":"Subic","ID_3":307114004,"NAME_3":"Baraca-Camachile","NL_NAME_3":null,"VARNAME_3":null,"TYPE_3":"Barangay","ENGTYPE_3":"Village","PROVINCE":"Zambales","REGION":"Region III (Central Luzon)","id":"barangay-0307114004","name":"Baraca-Camachile","barangayCode":"0307114004","population":null,"formattedPop":null,"densityCategory":"No data","vulnerabilityRating":"No data","healthRiskLevel":"No data","areaKm2":0.245078,"centerLat":14.878164,"centerLng":120.235539,"geometrySource":"all_barangay-2.csv detailed WKT","geometryMatchMethod":"unique_official_admin_names","boundaryPointCount":30},"geometry":{"type":"MultiPolygon","coordinates":[[[[120.255074,14.88908],[120.255096,14.88822],[120.254669,14.88662],[120.25444,14.88563],[120.25425,14.88486],[120.253479,14.88313],[120.25235,14.88062],[120.250847,14.87783],[120.249397,14.87671],[120.248459,14.876],[120.243027,14.87555],[120.233673,14.87478],[120.233932,14.87536],[120.234093,14.87575],[120.23394,14.87613],[120.233727,14.87624],[120.233559,14.8762],[120.233673,14.87974],[120.234787,14.88384],[120.236214,14.89133],[120.242012,14.89229],[120.24482,14.8924],[120.247223,14.89215],[120.248848,14.89185],[120.250954,14.89196],[120.252274,14.89123],[120.252769,14.89034],[120.253502,14.88966],[120.254448,14.88938],[120.255074,14.88908]]]]}},{"type":"Feature","properties":{"ID_0":177,"ISO":"PHL","NAME_0":"Philippines","ID_1":3071,"NAME_1":"Zambales","ID_2":307114,"NAME_2":"Subic","ID_3":307114005,"NAME_3":"Batiawan","NL_NAME_3":null,"VARNAME_3":null,"TYPE_3":"Barangay","ENGTYPE_3":"Village","PROVINCE":"Zambales","REGION":"Region III (Central Luzon)","id":"barangay-0307114005","name":"Batiawan","barangayCode":"0307114005","population":null,"formattedPop":null,"densityCategory":"No data","vulnerabilityRating":"No data","healthRiskLevel":"No data","areaKm2":90.219181,"centerLat":14.918772,"centerLng":120.387201,"geometrySource":"all_barangay-2.csv detailed WKT","geometryMatchMethod":"unique_official_admin_names","boundaryPointCount":52},"geometry":{"type":"MultiPolygon","coordinates":[[[[120.35807,14.98273],[120.419724,15.00766],[120.420509,14.99109],[120.440742,14.97279],[120.451447,14.96322],[120.455322,14.94532],[120.451363,14.93744],[120.35112,14.93663],[120.309013,14.93614],[120.307907,14.93512],[120.307297,14.93436],[120.306519,14.93367],[120.305153,14.93312],[120.304024,14.93298],[120.302322,14.93259],[120.301537,14.93206],[120.30027,14.93163],[120.299423,14.9316],[120.296967,14.92995],[120.296494,14.92909],[120.29615,14.92828],[120.295883,14.92797],[120.295578,14.92773],[120.294724,14.92718],[120.293877,14.92586],[120.293556,14.92424],[120.292488,14.92278],[120.290573,14.92178],[120.2901,14.92144],[120.289864,14.92094],[120.28981,14.92046],[120.289139,14.91928],[120.287453,14.9184],[120.28582,14.91692],[120.28511,14.91593],[120.284271,14.91396],[120.283989,14.91264],[120.282661,14.91071],[120.282097,14.90961],[120.281731,14.90805],[120.281769,14.90682],[120.280838,14.90592],[120.280663,14.90585],[120.279823,14.90513],[120.27964,14.90359],[120.279137,14.9023],[120.278664,14.90096],[120.278572,14.89953],[120.278481,14.89907],[120.253693,14.90786],[120.252678,14.94224],[120.35807,14.98273]]]]}},{"type":"Feature","properties":{"ID_0":177,"ISO":"PHL","NAME_0":"Philippines","ID_1":3071,"NAME_1":"Zambales","ID_2":307114,"NAME_2":"Subic","ID_3":307114008,"NAME_3":"Calapacuan","NL_NAME_3":null,"VARNAME_3":null,"TYPE_3":"Barangay","ENGTYPE_3":"Village","PROVINCE":"Zambales","REGION":"Region III (Central Luzon)","id":"barangay-0307114008","name":"Calapacuan","barangayCode":"0307114008","population":null,"formattedPop":null,"densityCategory":"No data","vulnerabilityRating":"No data","healthRiskLevel":"No data","areaKm2":1.563061,"centerLat":14.86564,"centerLng":120.245906,"geometrySource":"all_barangay-2.csv detailed WKT","geometryMatchMethod":"unique_official_admin_names","boundaryPointCount":23},"geometry":{"type":"MultiPolygon","coordinates":[[[[120.256798,14.86743],[120.256813,14.86558],[120.256569,14.86454],[120.255898,14.86328],[120.254936,14.86175],[120.254387,14.85984],[120.243027,14.85897],[120.243019,14.85901],[120.242821,14.85939],[120.242523,14.85971],[120.242104,14.86002],[120.241722,14.86025],[120.241257,14.86041],[120.240837,14.86055],[120.240623,14.86062],[120.24044,14.86069],[120.240067,14.86086],[120.239723,14.86105],[120.23925,14.86111],[120.238708,14.86118],[120.238274,14.86135],[120.245193,14.8677],[120.256798,14.86743]]]]}},{"type":"Feature","properties":{"ID_0":177,"ISO":"PHL","NAME_0":"Philippines","ID_1":3071,"NAME_1":"Zambales","ID_2":307114,"NAME_2":"Subic","ID_3":307114009,"NAME_3":"Calapandayan","NL_NAME_3":null,"VARNAME_3":null,"TYPE_3":"Barangay","ENGTYPE_3":"Village","PROVINCE":"Zambales","REGION":"Region III (Central Luzon)","id":"barangay-0307114009","name":"Calapandayan","barangayCode":"0307114009","population":null,"formattedPop":null,"densityCategory":"No data","vulnerabilityRating":"No data","healthRiskLevel":"No data","areaKm2":1.842148,"centerLat":14.8707,"centerLng":120.239145,"geometrySource":"all_barangay-2.csv detailed WKT","geometryMatchMethod":"unique_official_admin_names","boundaryPointCount":68},"geometry":{"type":"MultiPolygon","coordinates":[[[[120.231667,14.85611],[120.232224,14.85556],[120.232498,14.85556],[120.23278,14.85528],[120.23278,14.85389],[120.232224,14.85333],[120.232224,14.85306],[120.231941,14.85278],[120.231941,14.8525],[120.232498,14.8525],[120.23278,14.85222],[120.23278,14.85167],[120.232224,14.85111],[120.231667,14.85111],[120.230827,14.85194],[120.230827,14.85222],[120.230553,14.8525],[120.230553,14.85361],[120.230278,14.85389],[120.230278,14.855],[120.230827,14.85556],[120.230827,14.85583],[120.23111,14.85611],[120.231667,14.85611]]],[[[120.245193,14.8677],[120.238274,14.86135],[120.238167,14.86139],[120.237587,14.86161],[120.236977,14.86172],[120.236397,14.86192],[120.23587,14.86218],[120.235428,14.86253],[120.235069,14.86293],[120.234741,14.86334],[120.234497,14.86378],[120.234322,14.86425],[120.2342,14.86476],[120.234177,14.86529],[120.2342,14.86578],[120.2342,14.86624],[120.234177,14.86674],[120.234169,14.86731],[120.234283,14.86786],[120.234413,14.86838],[120.234444,14.86881],[120.234444,14.86915],[120.234444,14.86944],[120.234444,14.86971],[120.234444,14.87],[120.234444,14.87033],[120.234444,14.87074],[120.234444,14.87121],[120.234413,14.87168],[120.234322,14.87214],[120.234192,14.87259],[120.234077,14.8731],[120.233879,14.87364],[120.233673,14.87419],[120.233643,14.87474],[120.233673,14.87478],[120.243027,14.87555],[120.248459,14.876],[120.247948,14.87412],[120.247917,14.874],[120.247223,14.87143],[120.246307,14.86976],[120.246178,14.86952],[120.245193,14.8677]]]]}},{"type":"Feature","properties":{"ID_0":177,"ISO":"PHL","NAME_0":"Philippines","ID_1":3071,"NAME_1":"Zambales","ID_2":307114,"NAME_2":"Subic","ID_3":307114011,"NAME_3":"Cawag","NL_NAME_3":null,"VARNAME_3":null,"TYPE_3":"Barangay","ENGTYPE_3":"Village","PROVINCE":"Zambales","REGION":"Region III (Central Luzon)","id":"barangay-0307114011","name":"Cawag","barangayCode":"0307114011","population":null,"formattedPop":null,"densityCategory":"No data","vulnerabilityRating":"No data","healthRiskLevel":"No data","areaKm2":99.670141,"centerLat":14.824196,"centerLng":120.177158,"geometrySource":"all_barangay-2.csv detailed WKT","geometryMatchMethod":"unique_official_admin_names","boundaryPointCount":362},"geometry":{"type":"MultiPolygon","coordinates":[[[[120.201424,14.89928],[120.201653,14.89279],[120.202637,14.88465],[120.205002,14.87054],[120.205002,14.87028],[120.204437,14.86972],[120.20417,14.86972],[120.203331,14.86889],[120.203331,14.86861],[120.203613,14.86833],[120.203613,14.86778],[120.203781,14.86778],[120.203888,14.86778],[120.20417,14.8675],[120.20417,14.86722],[120.204437,14.86694],[120.204437,14.86611],[120.203888,14.86556],[120.203888,14.86528],[120.203613,14.865],[120.203331,14.86528],[120.203117,14.86591],[120.203102,14.86598],[120.203056,14.86611],[120.203056,14.86639],[120.202217,14.86722],[120.201668,14.86667],[120.201393,14.86667],[120.201393,14.86639],[120.200844,14.86583],[120.200844,14.86528],[120.201111,14.865],[120.201111,14.86444],[120.202217,14.86333],[120.202217,14.8625],[120.202499,14.86222],[120.202499,14.86194],[120.202766,14.86167],[120.202766,14.86139],[120.203613,14.86056],[120.203888,14.86056],[120.205002,14.85944],[120.205002,14.85917],[120.205276,14.85889],[120.205276,14.85861],[120.205559,14.85833],[120.205559,14.85806],[120.205833,14.85778],[120.205833,14.85722],[120.206108,14.85694],[120.206108,14.85639],[120.206657,14.85583],[120.206657,14.85556],[120.209999,14.85222],[120.209999,14.85194],[120.210564,14.85139],[120.210564,14.85111],[120.210831,14.85083],[120.210831,14.85028],[120.211113,14.85],[120.211113,14.84944],[120.210831,14.84917],[120.210831,14.84889],[120.21167,14.84806],[120.21167,14.8475],[120.211937,14.84722],[120.211937,14.84611],[120.212219,14.84583],[120.212219,14.84528],[120.211937,14.845],[120.211937,14.84417],[120.212219,14.84389],[120.212219,14.84369],[120.212219,14.84361],[120.211937,14.84333],[120.211937,14.84278],[120.21167,14.8425],[120.21167,14.84139],[120.211388,14.84111],[120.211388,14.84028],[120.21167,14.84],[120.21167,14.83972],[120.211937,14.83944],[120.211937,14.83917],[120.21167,14.83889],[120.211937,14.83861],[120.211937,14.83722],[120.212219,14.83694],[120.212219,14.83667],[120.212502,14.83639],[120.212502,14.83611],[120.212784,14.83583],[120.212784,14.83444],[120.212784,14.83389],[120.213058,14.83361],[120.213058,14.8325],[120.212784,14.83222],[120.212784,14.83167],[120.2127,14.83159],[120.212502,14.83139],[120.212723,14.83117],[120.212784,14.83111],[120.212784,14.83056],[120.213058,14.83028],[120.213058,14.82722],[120.212784,14.82694],[120.212784,14.82611],[120.212502,14.82583],[120.212502,14.82556],[120.212219,14.82528],[120.212219,14.82444],[120.211937,14.82417],[120.211937,14.82361],[120.21167,14.82333],[120.21167,14.8225],[120.211937,14.82222],[120.211937,14.82083],[120.212502,14.82028],[120.212502,14.82],[120.213333,14.81917],[120.213333,14.81889],[120.213608,14.81861],[120.213608,14.8175],[120.213333,14.81722],[120.213333,14.81583],[120.213058,14.81556],[120.213058,14.81528],[120.212784,14.815],[120.212784,14.81472],[120.212502,14.81444],[120.212502,14.81417],[120.212219,14.81389],[120.212219,14.81361],[120.21167,14.81306],[120.21167,14.81278],[120.211388,14.8125],[120.211388,14.81222],[120.210831,14.81167],[120.210564,14.81167],[120.210281,14.81139],[120.210281,14.81083],[120.210564,14.81056],[120.209167,14.80917],[120.209167,14.80889],[120.208893,14.80861],[120.208893,14.80833],[120.208611,14.80806],[120.208611,14.8075],[120.208344,14.80722],[120.208344,14.80695],[120.207779,14.80639],[120.207367,14.80595],[120.207077,14.80489],[120.20723,14.80436],[120.207352,14.80384],[120.207497,14.80389],[120.207779,14.80361],[120.207779,14.80333],[120.20639,14.80194],[120.20639,14.80167],[120.206108,14.80139],[120.206108,14.80111],[120.205833,14.80083],[120.205833,14.80056],[120.205559,14.80028],[120.205559,14.8],[120.205276,14.79972],[120.205276,14.79944],[120.20472,14.79889],[120.20417,14.79889],[120.203888,14.79861],[120.203369,14.79861],[120.203331,14.79861],[120.203217,14.7985],[120.203056,14.79833],[120.202789,14.79811],[120.202492,14.79781],[120.202232,14.7975],[120.202019,14.79717],[120.201897,14.79677],[120.201752,14.79636],[120.201683,14.79591],[120.20163,14.79556],[120.201607,14.79548],[120.201447,14.79513],[120.201241,14.79487],[120.201187,14.79463],[120.201302,14.79444],[120.201447,14.79422],[120.20166,14.79394],[120.201736,14.79377],[120.201828,14.79358],[120.201782,14.79314],[120.201729,14.79264],[120.201782,14.7921],[120.201813,14.79157],[120.201721,14.79105],[120.201668,14.79111],[120.201668,14.78972],[120.201393,14.78944],[120.201393,14.78889],[120.201111,14.78861],[120.201111,14.78833],[120.200844,14.78806],[120.200844,14.785],[120.200546,14.78472],[120.200546,14.78444],[120.200279,14.78417],[120.199997,14.78417],[120.199997,14.78183],[120.199997,14.78056],[120.200241,14.78031],[120.200279,14.78028],[120.200279,14.78009],[120.200279,14.77917],[120.199997,14.77889],[120.199997,14.77861],[120.200279,14.77833],[120.200279,14.77778],[120.200546,14.7775],[120.200546,14.77722],[120.200729,14.77705],[120.200844,14.77694],[120.200844,14.77667],[120.200546,14.77639],[120.200546,14.77472],[120.200279,14.77444],[120.199997,14.77417],[120.199997,14.77389],[120.199448,14.77333],[120.199448,14.77306],[120.198608,14.77222],[120.198608,14.77194],[120.197777,14.77111],[120.197777,14.77],[120.196388,14.76861],[120.196114,14.76861],[120.195831,14.76833],[120.195831,14.76778],[120.195557,14.7675],[120.195557,14.76722],[120.195267,14.76695],[120.195267,14.76611],[120.195,14.76583],[120.195,14.76528],[120.194443,14.76472],[120.194443,14.76444],[120.193047,14.76306],[120.193047,14.7625],[120.19278,14.76222],[120.19278,14.76194],[120.192497,14.76167],[120.192497,14.75972],[120.192223,14.75944],[120.192223,14.75917],[120.192497,14.75889],[120.19278,14.75889],[120.19278,14.75861],[120.192497,14.75833],[120.192497,14.75806],[120.193047,14.7575],[120.193047,14.75722],[120.193336,14.75694],[120.193336,14.75639],[120.193047,14.75611],[120.192497,14.75611],[120.192223,14.75583],[120.192223,14.75528],[120.191948,14.755],[120.191948,14.75472],[120.191673,14.75444],[120.191673,14.75361],[120.191109,14.75306],[120.191109,14.75278],[120.190277,14.75194],[120.190277,14.75167],[120.190002,14.75139],[120.190002,14.75111],[120.188889,14.75],[120.188606,14.75],[120.188332,14.75028],[120.188057,14.75028],[120.187767,14.75056],[120.1875,14.75056],[120.187233,14.75028],[120.186943,14.75028],[120.186668,14.75],[120.186394,14.75],[120.185547,14.74917],[120.18528,14.74917],[120.184998,14.74889],[120.184723,14.74889],[120.184448,14.74861],[120.183891,14.74861],[120.183327,14.74806],[120.183609,14.74778],[120.183609,14.74722],[120.183891,14.74694],[120.183891,14.74583],[120.183052,14.745],[120.182503,14.745],[120.18222,14.74472],[120.180054,14.74472],[120.18,14.74472],[120.179916,14.74465],[120.179169,14.74389],[120.179169,14.7425],[120.178886,14.74222],[120.178886,14.74194],[120.178612,14.74167],[120.178612,14.74111],[120.178047,14.74056],[120.177498,14.74056],[120.177277,14.74077],[120.176666,14.74139],[120.176109,14.74194],[120.176109,14.7425],[120.175552,14.74306],[120.175087,14.74306],[120.175003,14.74306],[120.174721,14.74333],[120.174454,14.74333],[120.173607,14.74417],[120.173332,14.74417],[120.173058,14.74445],[120.172783,14.74445],[120.172234,14.745],[120.172234,14.74556],[120.171944,14.74583],[120.171944,14.74611],[120.171867,14.74658],[120.17173,14.74693],[120.171593,14.74732],[120.171532,14.74745],[120.171417,14.74768],[120.171059,14.74784],[120.170647,14.74796],[120.170189,14.74798],[120.170158,14.74795],[120.166862,14.75639],[120.161697,14.76447],[120.156303,14.77471],[120.151573,14.78889],[120.147957,14.80225],[120.146301,14.80809],[120.144539,14.83015],[120.142906,14.8572],[120.139717,14.89601],[120.146393,14.90105],[120.149857,14.90434],[120.152779,14.90632],[120.154732,14.90749],[120.160156,14.90868],[120.164833,14.90835],[120.167442,14.90714],[120.171959,14.90446],[120.177544,14.90107],[120.180557,14.89948],[120.184937,14.89817],[120.194077,14.89969],[120.200668,14.90578],[120.201424,14.89928]]]]}},{"type":"Feature","properties":{"ID_0":177,"ISO":"PHL","NAME_0":"Philippines","ID_1":3071,"NAME_1":"Zambales","ID_2":307114,"NAME_2":"Subic","ID_3":307114013,"NAME_3":"Ilwas","NL_NAME_3":null,"VARNAME_3":null,"TYPE_3":"Barangay","ENGTYPE_3":"Village","PROVINCE":"Zambales","REGION":"Region III (Central Luzon)","id":"barangay-0307114013","name":"Ilwas","barangayCode":"0307114013","population":null,"formattedPop":null,"densityCategory":"No data","vulnerabilityRating":"No data","healthRiskLevel":"No data","areaKm2":0.165933,"centerLat":14.88183,"centerLng":120.235904,"geometrySource":"all_barangay-2.csv detailed WKT","geometryMatchMethod":"unique_official_admin_names","boundaryPointCount":5},"geometry":{"type":"MultiPolygon","coordinates":[[[[120.236214,14.89133],[120.234787,14.88384],[120.213341,14.89234],[120.213661,14.89606],[120.236214,14.89133]]]]}},{"type":"Feature","properties":{"ID_0":177,"ISO":"PHL","NAME_0":"Philippines","ID_1":3071,"NAME_1":"Zambales","ID_2":307114,"NAME_2":"Subic","ID_3":307114014,"NAME_3":"Mangan-Vaca","NL_NAME_3":null,"VARNAME_3":null,"TYPE_3":"Barangay","ENGTYPE_3":"Village","PROVINCE":"Zambales","REGION":"Region III (Central Luzon)","id":"barangay-0307114014","name":"Mangan-Vaca","barangayCode":"0307114014","population":null,"formattedPop":null,"densityCategory":"No data","vulnerabilityRating":"No data","healthRiskLevel":"No data","areaKm2":10.33857,"centerLat":14.904333,"centerLng":120.245093,"geometrySource":"all_barangay-2.csv detailed WKT","geometryMatchMethod":"unique_official_admin_names","boundaryPointCount":6},"geometry":{"type":"MultiPolygon","coordinates":[[[[120.23217,14.90018],[120.236313,14.89431],[120.236214,14.89133],[120.213661,14.89606],[120.213127,14.90098],[120.23217,14.90018]]]]}},{"type":"Feature","properties":{"ID_0":177,"ISO":"PHL","NAME_0":"Philippines","ID_1":3071,"NAME_1":"Zambales","ID_2":307114,"NAME_2":"Subic","ID_3":307114016,"NAME_3":"Matain","NL_NAME_3":null,"VARNAME_3":null,"TYPE_3":"Barangay","ENGTYPE_3":"Village","PROVINCE":"Zambales","REGION":"Region III (Central Luzon)","id":"barangay-0307114016","name":"Matain","barangayCode":"0307114016","population":null,"formattedPop":null,"densityCategory":"No data","vulnerabilityRating":"No data","healthRiskLevel":"No data","areaKm2":0.608241,"centerLat":14.853702,"centerLng":120.245991,"geometrySource":"all_barangay-2.csv detailed WKT","geometryMatchMethod":"unique_official_admin_names","boundaryPointCount":30},"geometry":{"type":"MultiPolygon","coordinates":[[[[120.243027,14.85897],[120.254387,14.85984],[120.254158,14.858],[120.253906,14.85647],[120.253487,14.85532],[120.253067,14.85496],[120.251579,14.85422],[120.250313,14.85363],[120.249046,14.85332],[120.248497,14.85305],[120.246773,14.85352],[120.24588,14.85368],[120.244713,14.85338],[120.243973,14.85321],[120.242859,14.85324],[120.24205,14.85343],[120.241966,14.85347],[120.24202,14.8537],[120.24202,14.8544],[120.242088,14.85479],[120.24234,14.85508],[120.242622,14.8555],[120.242561,14.85612],[120.242653,14.85673],[120.242859,14.85715],[120.24308,14.85751],[120.243294,14.85785],[120.243294,14.85823],[120.243118,14.8586],[120.243027,14.85897]]]]}},{"type":"Feature","properties":{"ID_0":177,"ISO":"PHL","NAME_0":"Philippines","ID_1":3071,"NAME_1":"Zambales","ID_2":307114,"NAME_2":"Subic","ID_3":307114017,"NAME_3":"Naugsol","NL_NAME_3":null,"VARNAME_3":null,"TYPE_3":"Barangay","ENGTYPE_3":"Village","PROVINCE":"Zambales","REGION":"Region III (Central Luzon)","id":"barangay-0307114017","name":"Naugsol","barangayCode":"0307114017","population":null,"formattedPop":null,"densityCategory":"No data","vulnerabilityRating":"No data","healthRiskLevel":"No data","areaKm2":26.48871,"centerLat":14.908258,"centerLng":120.274607,"geometrySource":"all_barangay-2.csv detailed WKT","geometryMatchMethod":"unique_official_admin_names","boundaryPointCount":24},"geometry":{"type":"MultiPolygon","coordinates":[[[[120.278481,14.89907],[120.277977,14.89761],[120.276314,14.89597],[120.274887,14.8954],[120.273651,14.89453],[120.273407,14.89412],[120.271957,14.89121],[120.271729,14.89044],[120.270416,14.8884],[120.269363,14.88748],[120.268143,14.88668],[120.267067,14.88548],[120.266983,14.88467],[120.267036,14.88363],[120.266647,14.88273],[120.265106,14.88229],[120.263969,14.88172],[120.263023,14.88033],[120.25444,14.88563],[120.254669,14.88662],[120.255096,14.88822],[120.255074,14.88908],[120.253693,14.90786],[120.278481,14.89907]]]]}},{"type":"Feature","properties":{"ID_0":177,"ISO":"PHL","NAME_0":"Philippines","ID_1":3071,"NAME_1":"Zambales","ID_2":307114,"NAME_2":"Subic","ID_3":307114019,"NAME_3":"Pamatawan","NL_NAME_3":null,"VARNAME_3":null,"TYPE_3":"Barangay","ENGTYPE_3":"Village","PROVINCE":"Zambales","REGION":"Region III (Central Luzon)","id":"barangay-0307114019","name":"Pamatawan","barangayCode":"0307114019","population":null,"formattedPop":null,"densityCategory":"No data","vulnerabilityRating":"No data","healthRiskLevel":"No data","areaKm2":3.597878,"centerLat":14.925429,"centerLng":120.224707,"geometrySource":"all_barangay-2.csv detailed WKT","geometryMatchMethod":"unique_official_admin_names","boundaryPointCount":27},"geometry":{"type":"MultiPolygon","coordinates":[[[[120.252678,14.94224],[120.253693,14.90786],[120.255074,14.88908],[120.254448,14.88938],[120.253502,14.88966],[120.252769,14.89034],[120.252274,14.89123],[120.250954,14.89196],[120.248848,14.89185],[120.247223,14.89215],[120.24482,14.8924],[120.242012,14.89229],[120.236214,14.89133],[120.236313,14.89431],[120.23217,14.90018],[120.224899,14.91781],[120.222618,14.9171],[120.220047,14.91632],[120.218567,14.91626],[120.216888,14.91618],[120.215218,14.91511],[120.214493,14.91442],[120.211891,14.91803],[120.211082,14.91893],[120.214088,14.9239],[120.215782,14.92591],[120.252678,14.94224]]]]}},{"type":"Feature","properties":{"ID_0":177,"ISO":"PHL","NAME_0":"Philippines","ID_1":3071,"NAME_1":"Zambales","ID_2":307114,"NAME_2":"Subic","ID_3":307114021,"NAME_3":"San Isidro","NL_NAME_3":null,"VARNAME_3":null,"TYPE_3":"Barangay","ENGTYPE_3":"Village","PROVINCE":"Zambales","REGION":"Region III (Central Luzon)","id":"barangay-0307114021","name":"San Isidro","barangayCode":"0307114021","population":null,"formattedPop":null,"densityCategory":"No data","vulnerabilityRating":"No data","healthRiskLevel":"No data","areaKm2":3.177563,"centerLat":14.8686,"centerLng":120.258448,"geometrySource":"all_barangay-2.csv detailed WKT","geometryMatchMethod":"unique_official_admin_names","boundaryPointCount":14},"geometry":{"type":"MultiPolygon","coordinates":[[[[120.25444,14.88563],[120.263023,14.88033],[120.26297,14.87981],[120.26297,14.87893],[120.262581,14.87779],[120.262047,14.87686],[120.261559,14.87544],[120.248459,14.876],[120.249397,14.87671],[120.250847,14.87783],[120.25235,14.88062],[120.253479,14.88313],[120.25425,14.88486],[120.25444,14.88563]]]]}},{"type":"Feature","properties":{"ID_0":177,"ISO":"PHL","NAME_0":"Philippines","ID_1":3071,"NAME_1":"Zambales","ID_2":307114,"NAME_2":"Subic","ID_3":307114022,"NAME_3":"Santo Tomas","NL_NAME_3":null,"VARNAME_3":null,"TYPE_3":"Barangay","ENGTYPE_3":"Village","PROVINCE":"Zambales","REGION":"Region III (Central Luzon)","id":"barangay-0307114022","name":"Santo Tomas","barangayCode":"0307114022","population":null,"formattedPop":null,"densityCategory":"No data","vulnerabilityRating":"No data","healthRiskLevel":"No data","areaKm2":0.766862,"centerLat":14.856689,"centerLng":120.252975,"geometrySource":"all_barangay-2.csv detailed WKT","geometryMatchMethod":"unique_official_admin_names","boundaryPointCount":17},"geometry":{"type":"MultiPolygon","coordinates":[[[[120.261559,14.87544],[120.261528,14.87524],[120.262047,14.87426],[120.261833,14.87217],[120.260391,14.87142],[120.259628,14.87118],[120.257637,14.86967],[120.257172,14.8689],[120.256798,14.86743],[120.245193,14.8677],[120.246178,14.86952],[120.246307,14.86976],[120.247223,14.87143],[120.247917,14.874],[120.247948,14.87412],[120.248459,14.876],[120.261559,14.87544]]]]}},{"type":"Feature","properties":{"ID_0":177,"ISO":"PHL","NAME_0":"Philippines","ID_1":3071,"NAME_1":"Zambales","ID_2":307114,"NAME_2":"Subic","ID_3":307114023,"NAME_3":"Wawandue","NL_NAME_3":null,"VARNAME_3":null,"TYPE_3":"Barangay","ENGTYPE_3":"Village","PROVINCE":"Zambales","REGION":"Region III (Central Luzon)","id":"barangay-0307114023","name":"Wawandue","barangayCode":"0307114023","population":null,"formattedPop":null,"densityCategory":"No data","vulnerabilityRating":"No data","healthRiskLevel":"No data","areaKm2":0.206303,"centerLat":14.878465,"centerLng":120.230805,"geometrySource":"all_barangay-2.csv detailed WKT","geometryMatchMethod":"unique_official_admin_names","boundaryPointCount":71},"geometry":{"type":"MultiPolygon","coordinates":[[[[120.202637,14.88465],[120.228333,14.87795],[120.228333,14.87751],[120.228333,14.87722],[120.227943,14.87683],[120.227783,14.87667],[120.227783,14.87655],[120.227783,14.87639],[120.227219,14.87583],[120.227219,14.87528],[120.226669,14.87472],[120.226387,14.87472],[120.226112,14.875],[120.22583,14.875],[120.225563,14.87472],[120.225281,14.87472],[120.224716,14.87528],[120.224716,14.87611],[120.224747,14.8762],[120.224937,14.8767],[120.224907,14.87714],[120.224762,14.87739],[120.224571,14.87757],[120.22435,14.87778],[120.224083,14.87797],[120.22361,14.87806],[120.22361,14.87694],[120.223343,14.87667],[120.223343,14.87611],[120.222778,14.87556],[120.222504,14.87583],[120.222504,14.87611],[120.222221,14.87639],[120.222389,14.8771],[120.222397,14.87716],[120.222198,14.87744],[120.221626,14.87744],[120.221077,14.87696],[120.220848,14.87681],[120.220543,14.87661],[120.220177,14.87639],[120.219841,14.87616],[120.219452,14.87599],[120.21904,14.87581],[120.218582,14.87559],[120.218018,14.87549],[120.217422,14.87548],[120.216957,14.87579],[120.216537,14.87622],[120.216072,14.87654],[120.215492,14.87679],[120.214867,14.87687],[120.214508,14.87671],[120.214012,14.87657],[120.213463,14.87637],[120.212753,14.8763],[120.212189,14.87609],[120.211067,14.87575],[120.210777,14.87554],[120.209518,14.87493],[120.208054,14.87444],[120.207779,14.87417],[120.207497,14.87417],[120.207222,14.87389],[120.206947,14.87389],[120.205833,14.87278],[120.205833,14.87167],[120.205559,14.87139],[120.205559,14.87111],[120.205002,14.87054],[120.202637,14.88465]]]]}},{"type":"Feature","properties":{"ID_0":177,"ISO":"PHL","NAME_0":"Philippines","ID_1":3071,"NAME_1":"Zambales","ID_2":307107,"NAME_2":"Olongapo City","ID_3":331400001,"NAME_3":"Asinan","NL_NAME_3":null,"VARNAME_3":null,"TYPE_3":"Barangay","ENGTYPE_3":"Village","PROVINCE":"Zambales","REGION":"Region III (Central Luzon)","id":"barangay-0331400001","name":"Asinan","barangayCode":"0331400001","population":null,"formattedPop":null,"densityCategory":"No data","vulnerabilityRating":"No data","healthRiskLevel":"No data","areaKm2":0.217731,"centerLat":14.828116,"centerLng":120.283054,"geometrySource":"all_barangay-2.csv detailed WKT","geometryMatchMethod":"unique_official_admin_names","boundaryPointCount":52},"geometry":{"type":"MultiPolygon","coordinates":[[[[120.280319,14.82802],[120.281242,14.83109],[120.283432,14.83288],[120.283157,14.83131],[120.283417,14.83081],[120.284172,14.82963],[120.285233,14.82882],[120.286583,14.82868],[120.289574,14.82842],[120.28968,14.82836],[120.290573,14.82786],[120.289879,14.82689],[120.28965,14.82603],[120.289291,14.82508],[120.288399,14.8237],[120.287712,14.82305],[120.287857,14.82198],[120.288452,14.82059],[120.288513,14.81967],[120.288597,14.81956],[120.288696,14.81944],[120.288643,14.81944],[120.288277,14.81972],[120.286369,14.82119],[120.284477,14.82252],[120.282829,14.82312],[120.281128,14.81685],[120.280586,14.81524],[120.280281,14.81556],[120.279999,14.81556],[120.279167,14.81639],[120.279167,14.81667],[120.278893,14.81694],[120.278893,14.81722],[120.278343,14.81778],[120.278343,14.81806],[120.277222,14.81917],[120.276947,14.81917],[120.276657,14.81944],[120.27639,14.81944],[120.276108,14.81972],[120.275833,14.81972],[120.275002,14.82056],[120.274719,14.82056],[120.274437,14.82083],[120.274544,14.82088],[120.275017,14.82091],[120.278381,14.82265],[120.28038,14.82424],[120.279991,14.82589],[120.28009,14.82639],[120.280319,14.82802]]]]}},{"type":"Feature","properties":{"ID_0":177,"ISO":"PHL","NAME_0":"Philippines","ID_1":3071,"NAME_1":"Zambales","ID_2":307107,"NAME_2":"Olongapo City","ID_3":331400002,"NAME_3":"Banicain","NL_NAME_3":null,"VARNAME_3":null,"TYPE_3":"Barangay","ENGTYPE_3":"Village","PROVINCE":"Zambales","REGION":"Region III (Central Luzon)","id":"barangay-0331400002","name":"Banicain","barangayCode":"0331400002","population":null,"formattedPop":null,"densityCategory":"No data","vulnerabilityRating":"No data","healthRiskLevel":"No data","areaKm2":0.174404,"centerLat":14.828048,"centerLng":120.276855,"geometrySource":"all_barangay-2.csv detailed WKT","geometryMatchMethod":"unique_official_admin_names","boundaryPointCount":21},"geometry":{"type":"MultiPolygon","coordinates":[[[[120.279991,14.82589],[120.28038,14.82424],[120.278381,14.82265],[120.275017,14.82091],[120.274544,14.82088],[120.274437,14.82083],[120.27417,14.82083],[120.273888,14.82111],[120.272499,14.82111],[120.272217,14.82083],[120.271942,14.82083],[120.271667,14.82111],[120.271393,14.82111],[120.269997,14.8225],[120.269997,14.82278],[120.269447,14.82333],[120.269997,14.82389],[120.270126,14.82384],[120.275833,14.82749],[120.276047,14.82791],[120.279991,14.82589]]]]}},{"type":"Feature","properties":{"ID_0":177,"ISO":"PHL","NAME_0":"Philippines","ID_1":3071,"NAME_1":"Zambales","ID_2":307107,"NAME_2":"Olongapo City","ID_3":331400003,"NAME_3":"Barretto","NL_NAME_3":null,"VARNAME_3":null,"TYPE_3":"Barangay","ENGTYPE_3":"Village","PROVINCE":"Zambales","REGION":"Region III (Central Luzon)","id":"barangay-0331400003","name":"Barretto","barangayCode":"0331400003","population":null,"formattedPop":null,"densityCategory":"No data","vulnerabilityRating":"No data","healthRiskLevel":"No data","areaKm2":6.599528,"centerLat":14.861787,"centerLng":120.271208,"geometrySource":"barangays.geojson simplified fallback","geometryMatchMethod":"simplified_fallback","boundaryPointCount":9},"geometry":{"type":"MultiPolygon","coordinates":[[[[120.23401052600002,14.832387788000062],[120.23500773800004,14.832084051000038],[120.23458796200009,14.831570890000023],[120.23401052600002,14.832387788000062]]],[[[120.28823856300005,14.879081350000035],[120.27552573600008,14.848187616000075],[120.24586865900005,14.848817194000048],[120.27847917600002,14.882358383000053],[120.28823856300005,14.879081350000035]]]]}},{"type":"Feature","properties":{"ID_0":177,"ISO":"PHL","NAME_0":"Philippines","ID_1":3071,"NAME_1":"Zambales","ID_2":307107,"NAME_2":"Olongapo City","ID_3":331400005,"NAME_3":"East Bajac-bajac","NL_NAME_3":null,"VARNAME_3":null,"TYPE_3":"Barangay","ENGTYPE_3":"Village","PROVINCE":"Zambales","REGION":"Region III (Central Luzon)","id":"barangay-0331400005","name":"East Bajac-bajac","barangayCode":"0331400005","population":null,"formattedPop":null,"densityCategory":"No data","vulnerabilityRating":"No data","healthRiskLevel":"No data","areaKm2":0.826869,"centerLat":14.840431,"centerLng":120.289737,"geometrySource":"all_barangay-2.csv detailed WKT","geometryMatchMethod":"unique_official_admin_names","boundaryPointCount":29},"geometry":{"type":"MultiPolygon","coordinates":[[[[120.305588,14.84604],[120.306778,14.84527],[120.308907,14.84474],[120.311798,14.84459],[120.315536,14.8434],[120.319031,14.84318],[120.321327,14.84206],[120.32296,14.84079],[120.32531,14.83982],[120.337898,14.82836],[120.326248,14.82186],[120.28492,14.83367],[120.286591,14.83476],[120.288849,14.83658],[120.289787,14.83757],[120.290688,14.83836],[120.291656,14.84041],[120.293694,14.84159],[120.294632,14.84191],[120.295776,14.84207],[120.297142,14.84299],[120.29834,14.84387],[120.299423,14.84444],[120.300522,14.84521],[120.302002,14.84566],[120.303429,14.84539],[120.304466,14.84547],[120.305283,14.84562],[120.305588,14.84604]]]]}},{"type":"Feature","properties":{"ID_0":177,"ISO":"PHL","NAME_0":"Philippines","ID_1":3071,"NAME_1":"Zambales","ID_2":307107,"NAME_2":"Olongapo City","ID_3":331400006,"NAME_3":"East Tapinac","NL_NAME_3":null,"VARNAME_3":null,"TYPE_3":"Barangay","ENGTYPE_3":"Village","PROVINCE":"Zambales","REGION":"Region III (Central Luzon)","id":"barangay-0331400006","name":"East Tapinac","barangayCode":"0331400006","population":null,"formattedPop":null,"densityCategory":"No data","vulnerabilityRating":"No data","healthRiskLevel":"No data","areaKm2":0.501174,"centerLat":14.833002,"centerLng":120.283327,"geometrySource":"all_barangay-2.csv detailed WKT","geometryMatchMethod":"unique_official_admin_names","boundaryPointCount":13},"geometry":{"type":"MultiPolygon","coordinates":[[[[120.28492,14.83367],[120.326248,14.82186],[120.319168,14.81629],[120.290573,14.82786],[120.28968,14.82836],[120.289574,14.82842],[120.286583,14.82868],[120.285233,14.82882],[120.284172,14.82963],[120.283417,14.83081],[120.283157,14.83131],[120.283432,14.83288],[120.28492,14.83367]]]]}},{"type":"Feature","properties":{"ID_0":177,"ISO":"PHL","NAME_0":"Philippines","ID_1":3071,"NAME_1":"Zambales","ID_2":307107,"NAME_2":"Olongapo City","ID_3":331400008,"NAME_3":"Gordon Heights","NL_NAME_3":null,"VARNAME_3":null,"TYPE_3":"Barangay","ENGTYPE_3":"Village","PROVINCE":"Zambales","REGION":"Region III (Central Luzon)","id":"barangay-0331400008","name":"Gordon Heights","barangayCode":"0331400008","population":null,"formattedPop":null,"densityCategory":"No data","vulnerabilityRating":"No data","healthRiskLevel":"No data","areaKm2":8.815801,"centerLat":14.882337,"centerLng":120.290254,"geometrySource":"all_barangay-2.csv detailed WKT","geometryMatchMethod":"unique_official_admin_names","boundaryPointCount":80},"geometry":{"type":"MultiPolygon","coordinates":[[[[120.301537,14.93206],[120.299683,14.87959],[120.299438,14.87771],[120.29837,14.87178],[120.297173,14.86674],[120.296997,14.86562],[120.296761,14.86279],[120.296288,14.85998],[120.295547,14.85738],[120.293762,14.85247],[120.29158,14.84792],[120.254387,14.85984],[120.254936,14.86175],[120.255898,14.86328],[120.256569,14.86454],[120.256813,14.86558],[120.256798,14.86743],[120.257172,14.8689],[120.257637,14.86967],[120.259628,14.87118],[120.260391,14.87142],[120.261833,14.87217],[120.262047,14.87426],[120.261528,14.87524],[120.261559,14.87544],[120.262047,14.87686],[120.262581,14.87779],[120.26297,14.87893],[120.26297,14.87981],[120.263023,14.88033],[120.263969,14.88172],[120.265106,14.88229],[120.266647,14.88273],[120.267036,14.88363],[120.266983,14.88467],[120.267067,14.88548],[120.268143,14.88668],[120.269363,14.88748],[120.270416,14.8884],[120.271729,14.89044],[120.271957,14.89121],[120.273407,14.89412],[120.273651,14.89453],[120.274887,14.8954],[120.276314,14.89597],[120.277977,14.89761],[120.278481,14.89907],[120.278572,14.89953],[120.278664,14.90096],[120.279137,14.9023],[120.27964,14.90359],[120.279823,14.90513],[120.280663,14.90585],[120.280838,14.90592],[120.281769,14.90682],[120.281731,14.90805],[120.282097,14.90961],[120.282661,14.91071],[120.283989,14.91264],[120.284271,14.91396],[120.28511,14.91593],[120.28582,14.91692],[120.287453,14.9184],[120.289139,14.91928],[120.28981,14.92046],[120.289864,14.92094],[120.2901,14.92144],[120.290573,14.92178],[120.292488,14.92278],[120.293556,14.92424],[120.293877,14.92586],[120.294724,14.92718],[120.295578,14.92773],[120.295883,14.92797],[120.29615,14.92828],[120.296494,14.92909],[120.296967,14.92995],[120.299423,14.9316],[120.30027,14.93163],[120.301537,14.93206]]]]}},{"type":"Feature","properties":{"ID_0":177,"ISO":"PHL","NAME_0":"Philippines","ID_1":3071,"NAME_1":"Zambales","ID_2":307107,"NAME_2":"Olongapo City","ID_3":331400011,"NAME_3":"Kalaklan","NL_NAME_3":null,"VARNAME_3":null,"TYPE_3":"Barangay","ENGTYPE_3":"Village","PROVINCE":"Zambales","REGION":"Region III (Central Luzon)","id":"barangay-0331400011","name":"Kalaklan","barangayCode":"0331400011","population":null,"formattedPop":null,"densityCategory":"No data","vulnerabilityRating":"No data","healthRiskLevel":"No data","areaKm2":2.517649,"centerLat":14.837231,"centerLng":120.27263,"geometrySource":"all_barangay-2.csv detailed WKT","geometryMatchMethod":"unique_official_admin_names","boundaryPointCount":20},"geometry":{"type":"MultiPolygon","coordinates":[[[[120.283798,14.83889],[120.28112,14.83413],[120.280128,14.83187],[120.279762,14.83157],[120.27832,14.83058],[120.277046,14.82987],[120.27607,14.83004],[120.274559,14.83066],[120.272377,14.83173],[120.269371,14.83343],[120.268433,14.8345],[120.268333,14.8346],[120.268333,14.83556],[120.269157,14.83639],[120.269157,14.83722],[120.268608,14.83778],[120.268333,14.83778],[120.267029,14.83909],[120.267258,14.8395],[120.283798,14.83889]]]]}},{"type":"Feature","properties":{"ID_0":177,"ISO":"PHL","NAME_0":"Philippines","ID_1":3071,"NAME_1":"Zambales","ID_2":307107,"NAME_2":"Olongapo City","ID_3":331400012,"NAME_3":"New Kalalake","NL_NAME_3":null,"VARNAME_3":null,"TYPE_3":"Barangay","ENGTYPE_3":"Village","PROVINCE":"Zambales","REGION":"Region III (Central Luzon)","id":"barangay-0331400012","name":"New Kalalake","barangayCode":"0331400012","population":null,"formattedPop":null,"densityCategory":"No data","vulnerabilityRating":"No data","healthRiskLevel":"No data","areaKm2":0.30617,"centerLat":14.831895,"centerLng":120.289108,"geometrySource":"all_barangay-2.csv detailed WKT","geometryMatchMethod":"unique_official_admin_names","boundaryPointCount":43},"geometry":{"type":"MultiPolygon","coordinates":[[[[120.288643,14.81944],[120.28833,14.81917],[120.28833,14.81889],[120.288063,14.81861],[120.287918,14.81861],[120.287781,14.81861],[120.287781,14.81833],[120.287827,14.81828],[120.288063,14.81806],[120.288063,14.8175],[120.289169,14.81639],[120.289169,14.81583],[120.289436,14.81556],[120.289436,14.81528],[120.289719,14.815],[120.289719,14.81417],[120.290001,14.81389],[120.290001,14.81278],[120.289719,14.8125],[120.289436,14.8125],[120.289169,14.81222],[120.28833,14.81222],[120.288063,14.81194],[120.287781,14.81194],[120.28775,14.81197],[120.286667,14.81306],[120.286171,14.81306],[120.285553,14.81306],[120.285278,14.81333],[120.28389,14.81333],[120.283607,14.81361],[120.283058,14.81361],[120.282784,14.81333],[120.282501,14.81361],[120.281937,14.81417],[120.28167,14.81417],[120.280586,14.81524],[120.281128,14.81685],[120.282829,14.82312],[120.284477,14.82252],[120.286369,14.82119],[120.288277,14.81972],[120.288643,14.81944]]]]}},{"type":"Feature","properties":{"ID_0":177,"ISO":"PHL","NAME_0":"Philippines","ID_1":3071,"NAME_1":"Zambales","ID_2":307107,"NAME_2":"Olongapo City","ID_3":331400013,"NAME_3":"Mabayuan","NL_NAME_3":null,"VARNAME_3":null,"TYPE_3":"Barangay","ENGTYPE_3":"Village","PROVINCE":"Zambales","REGION":"Region III (Central Luzon)","id":"barangay-0331400013","name":"Mabayuan","barangayCode":"0331400013","population":null,"formattedPop":null,"densityCategory":"No data","vulnerabilityRating":"No data","healthRiskLevel":"No data","areaKm2":1.534538,"centerLat":14.849272,"centerLng":120.281688,"geometrySource":"all_barangay-2.csv detailed WKT","geometryMatchMethod":"unique_official_admin_names","boundaryPointCount":103},"geometry":{"type":"MultiPolygon","coordinates":[[[[120.254387,14.85984],[120.29158,14.84792],[120.290413,14.84606],[120.290207,14.84576],[120.289848,14.8452],[120.289177,14.8443],[120.28801,14.84291],[120.287407,14.84192],[120.286751,14.84077],[120.2855,14.8403],[120.284683,14.83975],[120.283798,14.83889],[120.267258,14.8395],[120.267029,14.83909],[120.26667,14.83944],[120.26667,14.84],[120.266388,14.84028],[120.266388,14.84139],[120.26664,14.84164],[120.267502,14.8425],[120.267502,14.84278],[120.267776,14.84306],[120.267769,14.84409],[120.267853,14.84468],[120.267723,14.84507],[120.26722,14.84639],[120.265266,14.84833],[120.264999,14.84833],[120.264717,14.84861],[120.264442,14.84861],[120.264168,14.84889],[120.263893,14.84889],[120.263611,14.84917],[120.263046,14.84917],[120.262779,14.84944],[120.262222,14.84944],[120.261948,14.84972],[120.261391,14.84972],[120.261108,14.85],[120.258614,14.85],[120.258331,14.85028],[120.257767,14.85028],[120.2575,14.85],[120.256943,14.85],[120.256668,14.84972],[120.256668,14.84917],[120.256393,14.84889],[120.256393,14.84861],[120.256111,14.84833],[120.256111,14.84778],[120.255836,14.8475],[120.254997,14.8475],[120.254448,14.84778],[120.254379,14.84785],[120.254173,14.84806],[120.253891,14.84806],[120.253609,14.84833],[120.253326,14.84833],[120.253052,14.84861],[120.252502,14.84861],[120.25222,14.84889],[120.251106,14.84889],[120.250832,14.84917],[120.25,14.84917],[120.249733,14.84944],[120.24778,14.84944],[120.247498,14.84972],[120.246719,14.84972],[120.245277,14.84972],[120.245003,14.84944],[120.24472,14.84944],[120.244164,14.84889],[120.244164,14.84861],[120.243889,14.84833],[120.243889,14.84806],[120.243607,14.84778],[120.243332,14.84778],[120.242767,14.84833],[120.242767,14.84889],[120.243889,14.85],[120.243607,14.85028],[120.243607,14.85056],[120.243149,14.85105],[120.242767,14.8514],[120.242371,14.85178],[120.24205,14.85234],[120.241882,14.85298],[120.241966,14.85347],[120.24205,14.85343],[120.242859,14.85324],[120.243973,14.85321],[120.244713,14.85338],[120.24588,14.85368],[120.246773,14.85352],[120.248497,14.85305],[120.249046,14.85332],[120.250313,14.85363],[120.251579,14.85422],[120.253067,14.85496],[120.253487,14.85532],[120.253906,14.85647],[120.254158,14.858],[120.254387,14.85984]]]]}},{"type":"Feature","properties":{"ID_0":177,"ISO":"PHL","NAME_0":"Philippines","ID_1":3071,"NAME_1":"Zambales","ID_2":307107,"NAME_2":"Olongapo City","ID_3":331400014,"NAME_3":"New Cabalan","NL_NAME_3":null,"VARNAME_3":null,"TYPE_3":"Barangay","ENGTYPE_3":"Village","PROVINCE":"Zambales","REGION":"Region III (Central Luzon)","id":"barangay-0331400014","name":"New Cabalan","barangayCode":"0331400014","population":null,"formattedPop":null,"densityCategory":"No data","vulnerabilityRating":"No data","healthRiskLevel":"No data","areaKm2":13.7623,"centerLat":14.870788,"centerLng":120.335792,"geometrySource":"all_barangay-2.csv detailed WKT","geometryMatchMethod":"unique_official_admin_names","boundaryPointCount":102},"geometry":{"type":"MultiPolygon","coordinates":[[[[120.451363,14.93744],[120.460617,14.92966],[120.44809,14.90446],[120.444237,14.89734],[120.438454,14.88686],[120.43586,14.88201],[120.413811,14.88321],[120.406067,14.88357],[120.397636,14.88383],[120.375893,14.89106],[120.375397,14.89033],[120.374336,14.88892],[120.373337,14.88788],[120.372238,14.88574],[120.37101,14.88354],[120.369133,14.88071],[120.369072,14.87909],[120.369987,14.87813],[120.37146,14.87607],[120.371552,14.87343],[120.370033,14.87319],[120.367996,14.87425],[120.366257,14.87256],[120.365593,14.87012],[120.363876,14.86764],[120.363068,14.8661],[120.362717,14.86383],[120.361412,14.86117],[120.360542,14.86022],[120.360298,14.85986],[120.360237,14.85863],[120.361343,14.85707],[120.361763,14.85536],[120.360992,14.85295],[120.358162,14.84896],[120.356056,14.84701],[120.338242,14.83371],[120.337898,14.82836],[120.32531,14.83982],[120.32296,14.84079],[120.321327,14.84206],[120.319031,14.84318],[120.315536,14.8434],[120.311798,14.84459],[120.308907,14.84474],[120.306778,14.84527],[120.305588,14.84604],[120.305687,14.84618],[120.30629,14.84709],[120.307381,14.84891],[120.308563,14.85082],[120.308907,14.85219],[120.308937,14.85366],[120.308777,14.85466],[120.308273,14.85643],[120.308296,14.85867],[120.309196,14.85939],[120.310753,14.85954],[120.311607,14.85921],[120.314087,14.85867],[120.317238,14.85859],[120.319717,14.85871],[120.322731,14.85993],[120.32431,14.86214],[120.325249,14.86486],[120.327057,14.86811],[120.329948,14.8717],[120.330887,14.87367],[120.332191,14.87589],[120.333214,14.87744],[120.334557,14.87925],[120.336342,14.88032],[120.337608,14.88144],[120.339363,14.88348],[120.341209,14.88702],[120.341263,14.88966],[120.341904,14.89211],[120.342331,14.89391],[120.342903,14.89604],[120.343536,14.89827],[120.344513,14.89999],[120.345192,14.902],[120.346878,14.90425],[120.347954,14.9057],[120.347862,14.90862],[120.34684,14.9103],[120.345016,14.91101],[120.344612,14.91261],[120.344658,14.91415],[120.345901,14.91575],[120.346909,14.91535],[120.348351,14.91609],[120.350517,14.91738],[120.352371,14.91977],[120.352409,14.92213],[120.351707,14.92425],[120.352074,14.92643],[120.351341,14.92736],[120.350662,14.92787],[120.351196,14.92861],[120.35112,14.93663],[120.451363,14.93744]]]]}},{"type":"Feature","properties":{"ID_0":177,"ISO":"PHL","NAME_0":"Philippines","ID_1":3071,"NAME_1":"Zambales","ID_2":307107,"NAME_2":"Olongapo City","ID_3":331400015,"NAME_3":"New Ilalim","NL_NAME_3":null,"VARNAME_3":null,"TYPE_3":"Barangay","ENGTYPE_3":"Village","PROVINCE":"Zambales","REGION":"Region III (Central Luzon)","id":"barangay-0331400015","name":"New Ilalim","barangayCode":"0331400015","population":null,"formattedPop":null,"densityCategory":"No data","vulnerabilityRating":"No data","healthRiskLevel":"No data","areaKm2":0.067877,"centerLat":14.834653,"centerLng":120.278847,"geometrySource":"all_barangay-2.csv detailed WKT","geometryMatchMethod":"unique_official_admin_names","boundaryPointCount":9},"geometry":{"type":"MultiPolygon","coordinates":[[[[120.280319,14.82802],[120.28009,14.82639],[120.279991,14.82589],[120.276047,14.82791],[120.27607,14.82796],[120.275993,14.8287],[120.276039,14.82905],[120.277046,14.82987],[120.280319,14.82802]]]]}},{"type":"Feature","properties":{"ID_0":177,"ISO":"PHL","NAME_0":"Philippines","ID_1":3071,"NAME_1":"Zambales","ID_2":307107,"NAME_2":"Olongapo City","ID_3":331400016,"NAME_3":"New Kababae","NL_NAME_3":null,"VARNAME_3":null,"TYPE_3":"Barangay","ENGTYPE_3":"Village","PROVINCE":"Zambales","REGION":"Region III (Central Luzon)","id":"barangay-0331400016","name":"New Kababae","barangayCode":"0331400016","population":null,"formattedPop":null,"densityCategory":"No data","vulnerabilityRating":"No data","healthRiskLevel":"No data","areaKm2":0.131866,"centerLat":14.831411,"centerLng":120.277502,"geometrySource":"all_barangay-2.csv detailed WKT","geometryMatchMethod":"unique_official_admin_names","boundaryPointCount":97},"geometry":{"type":"MultiPolygon","coordinates":[[[[120.290573,14.82786],[120.319168,14.81629],[120.296577,14.8013],[120.296188,14.80065],[120.296066,14.80062],[120.295593,14.80061],[120.294769,14.80069],[120.294441,14.80038],[120.294571,14.80061],[120.294983,14.80092],[120.295288,14.80142],[120.295807,14.8018],[120.29641,14.80208],[120.296562,14.8022],[120.296638,14.80226],[120.296547,14.80234],[120.296463,14.80245],[120.296051,14.8027],[120.295914,14.80308],[120.295967,14.80356],[120.295837,14.8041],[120.295692,14.80443],[120.295647,14.80496],[120.295303,14.80516],[120.295013,14.80557],[120.295441,14.80599],[120.295792,14.8064],[120.29586,14.80688],[120.295792,14.8077],[120.295807,14.80811],[120.295837,14.8087],[120.295563,14.80889],[120.29509,14.80843],[120.294441,14.80778],[120.29361,14.80861],[120.29361,14.80889],[120.293694,14.80897],[120.294167,14.80944],[120.294441,14.80944],[120.294724,14.80972],[120.294998,14.80972],[120.296112,14.81083],[120.296387,14.81112],[120.296547,14.81141],[120.296654,14.81172],[120.296669,14.81205],[120.2967,14.81239],[120.297501,14.81333],[120.297501,14.81444],[120.297783,14.81472],[120.297783,14.81556],[120.298058,14.81583],[120.298027,14.81626],[120.297836,14.81655],[120.2976,14.81683],[120.297501,14.81694],[120.296944,14.81667],[120.29583,14.81556],[120.295807,14.81589],[120.294968,14.81671],[120.294693,14.8174],[120.294128,14.81699],[120.293327,14.81667],[120.293053,14.81667],[120.293053,14.8175],[120.293327,14.81778],[120.293327,14.81806],[120.293159,14.81851],[120.292953,14.81894],[120.292557,14.81919],[120.292122,14.81948],[120.291718,14.81987],[120.291397,14.82034],[120.291168,14.82081],[120.291107,14.82126],[120.291054,14.82166],[120.290878,14.8219],[120.290817,14.82215],[120.290283,14.82222],[120.290001,14.82194],[120.289719,14.82194],[120.289719,14.82139],[120.290001,14.82111],[120.290001,14.82056],[120.288887,14.81944],[120.28875,14.81944],[120.288696,14.81944],[120.288597,14.81956],[120.288513,14.81967],[120.288452,14.82059],[120.287857,14.82198],[120.287712,14.82305],[120.288399,14.8237],[120.289291,14.82508],[120.28965,14.82603],[120.289879,14.82689],[120.290573,14.82786]]]]}},{"type":"Feature","properties":{"ID_0":177,"ISO":"PHL","NAME_0":"Philippines","ID_1":3071,"NAME_1":"Zambales","ID_2":307107,"NAME_2":"Olongapo City","ID_3":331400017,"NAME_3":"Pag-asa","NL_NAME_3":null,"VARNAME_3":null,"TYPE_3":"Barangay","ENGTYPE_3":"Village","PROVINCE":"Zambales","REGION":"Region III (Central Luzon)","id":"barangay-0331400017","name":"Pag-asa","barangayCode":"0331400017","population":null,"formattedPop":null,"densityCategory":"No data","vulnerabilityRating":"No data","healthRiskLevel":"No data","areaKm2":0.241159,"centerLat":14.827302,"centerLng":120.287061,"geometrySource":"all_barangay-2.csv detailed WKT","geometryMatchMethod":"unique_official_admin_names","boundaryPointCount":20},"geometry":{"type":"MultiPolygon","coordinates":[[[[120.266861,14.83158],[120.266937,14.83167],[120.266937,14.83222],[120.267502,14.83278],[120.267502,14.83333],[120.267776,14.83361],[120.267776,14.83389],[120.268333,14.83444],[120.268333,14.8346],[120.268433,14.8345],[120.269371,14.83343],[120.272377,14.83173],[120.274559,14.83066],[120.27607,14.83004],[120.277046,14.82987],[120.276039,14.82905],[120.275993,14.8287],[120.27607,14.82796],[120.268372,14.83099],[120.266861,14.83158]]]]}},{"type":"Feature","properties":{"ID_0":177,"ISO":"PHL","NAME_0":"Philippines","ID_1":3071,"NAME_1":"Zambales","ID_2":307107,"NAME_2":"Olongapo City","ID_3":331400018,"NAME_3":"Santa Rita","NL_NAME_3":null,"VARNAME_3":null,"TYPE_3":"Barangay","ENGTYPE_3":"Village","PROVINCE":"Zambales","REGION":"Region III (Central Luzon)","id":"barangay-0331400018","name":"Santa Rita","barangayCode":"0331400018","population":null,"formattedPop":null,"densityCategory":"No data","vulnerabilityRating":"No data","healthRiskLevel":"No data","areaKm2":8.361159,"centerLat":14.872738,"centerLng":120.301206,"geometrySource":"all_barangay-2.csv detailed WKT","geometryMatchMethod":"unique_official_admin_names","boundaryPointCount":37},"geometry":{"type":"MultiPolygon","coordinates":[[[[120.308937,14.85366],[120.308907,14.85219],[120.308563,14.85082],[120.307381,14.84891],[120.30629,14.84709],[120.305687,14.84618],[120.305588,14.84604],[120.305283,14.84562],[120.304466,14.84547],[120.303429,14.84539],[120.302002,14.84566],[120.300522,14.84521],[120.299423,14.84444],[120.29834,14.84387],[120.297142,14.84299],[120.295776,14.84207],[120.294632,14.84191],[120.293694,14.84159],[120.291656,14.84041],[120.289612,14.83906],[120.289131,14.83892],[120.287987,14.83858],[120.286827,14.83887],[120.2864,14.83924],[120.285767,14.83963],[120.2855,14.8403],[120.286751,14.84077],[120.287407,14.84192],[120.28801,14.84291],[120.289177,14.8443],[120.289848,14.8452],[120.290207,14.84576],[120.290413,14.84606],[120.29158,14.84792],[120.293762,14.85247],[120.295547,14.85738],[120.308937,14.85366]]]]}},{"type":"Feature","properties":{"ID_0":177,"ISO":"PHL","NAME_0":"Philippines","ID_1":3071,"NAME_1":"Zambales","ID_2":307107,"NAME_2":"Olongapo City","ID_3":331400019,"NAME_3":"West Bajac-bajac","NL_NAME_3":null,"VARNAME_3":null,"TYPE_3":"Barangay","ENGTYPE_3":"Village","PROVINCE":"Zambales","REGION":"Region III (Central Luzon)","id":"barangay-0331400019","name":"West Bajac-bajac","barangayCode":"0331400019","population":null,"formattedPop":null,"densityCategory":"No data","vulnerabilityRating":"No data","healthRiskLevel":"No data","areaKm2":0.479472,"centerLat":14.842919,"centerLng":120.286098,"geometrySource":"all_barangay-2.csv detailed WKT","geometryMatchMethod":"unique_official_admin_names","boundaryPointCount":18},"geometry":{"type":"MultiPolygon","coordinates":[[[[120.283798,14.83889],[120.284683,14.83975],[120.2855,14.8403],[120.285767,14.83963],[120.2864,14.83924],[120.286827,14.83887],[120.287987,14.83858],[120.289131,14.83892],[120.289612,14.83906],[120.291656,14.84041],[120.290688,14.83836],[120.289787,14.83757],[120.288849,14.83658],[120.286591,14.83476],[120.28492,14.83367],[120.283432,14.83288],[120.28112,14.83413],[120.283798,14.83889]]]]}},{"type":"Feature","properties":{"ID_0":177,"ISO":"PHL","NAME_0":"Philippines","ID_1":3071,"NAME_1":"Zambales","ID_2":307107,"NAME_2":"Olongapo City","ID_3":331400020,"NAME_3":"West Tapinac","NL_NAME_3":null,"VARNAME_3":null,"TYPE_3":"Barangay","ENGTYPE_3":"Village","PROVINCE":"Zambales","REGION":"Region III (Central Luzon)","id":"barangay-0331400020","name":"West Tapinac","barangayCode":"0331400020","population":null,"formattedPop":null,"densityCategory":"No data","vulnerabilityRating":"No data","healthRiskLevel":"No data","areaKm2":0.164297,"centerLat":14.833041,"centerLng":120.280053,"geometrySource":"all_barangay-2.csv detailed WKT","geometryMatchMethod":"unique_official_admin_names","boundaryPointCount":9},"geometry":{"type":"MultiPolygon","coordinates":[[[[120.283432,14.83288],[120.281242,14.83109],[120.280319,14.82802],[120.277046,14.82987],[120.27832,14.83058],[120.279762,14.83157],[120.280128,14.83187],[120.28112,14.83413],[120.283432,14.83288]]]]}},{"type":"Feature","properties":{"ID_0":177,"ISO":"PHL","NAME_0":"Philippines","ID_1":3071,"NAME_1":"Zambales","ID_2":307107,"NAME_2":"Olongapo City","ID_3":331400021,"NAME_3":"Old Cabalan","NL_NAME_3":null,"VARNAME_3":null,"TYPE_3":"Barangay","ENGTYPE_3":"Village","PROVINCE":"Zambales","REGION":"Region III (Central Luzon)","id":"barangay-0331400021","name":"Old Cabalan","barangayCode":"0331400021","population":null,"formattedPop":null,"densityCategory":"No data","vulnerabilityRating":"No data","healthRiskLevel":"No data","areaKm2":96.388459,"centerLat":14.808132,"centerLng":120.308608,"geometrySource":"all_barangay-2.csv detailed WKT","geometryMatchMethod":"unique_official_admin_names","boundaryPointCount":66},"geometry":{"type":"MultiPolygon","coordinates":[[[[120.35112,14.93663],[120.351196,14.92861],[120.350662,14.92787],[120.351341,14.92736],[120.352074,14.92643],[120.351707,14.92425],[120.352409,14.92213],[120.352371,14.91977],[120.350517,14.91738],[120.348351,14.91609],[120.346909,14.91535],[120.345901,14.91575],[120.344658,14.91415],[120.344612,14.91261],[120.345016,14.91101],[120.34684,14.9103],[120.347862,14.90862],[120.347954,14.9057],[120.346878,14.90425],[120.345192,14.902],[120.344513,14.89999],[120.343536,14.89827],[120.342903,14.89604],[120.342331,14.89391],[120.341904,14.89211],[120.341263,14.88966],[120.341209,14.88702],[120.339363,14.88348],[120.337608,14.88144],[120.336342,14.88032],[120.334557,14.87925],[120.333214,14.87744],[120.332191,14.87589],[120.330887,14.87367],[120.329948,14.8717],[120.327057,14.86811],[120.325249,14.86486],[120.32431,14.86214],[120.322731,14.85993],[120.319717,14.85871],[120.317238,14.85859],[120.314087,14.85867],[120.311607,14.85921],[120.310753,14.85954],[120.309196,14.85939],[120.308296,14.85867],[120.308273,14.85643],[120.308777,14.85466],[120.308937,14.85366],[120.295547,14.85738],[120.296288,14.85998],[120.296761,14.86279],[120.296997,14.86562],[120.297173,14.86674],[120.29837,14.87178],[120.299438,14.87771],[120.299683,14.87959],[120.301537,14.93206],[120.302322,14.93259],[120.304024,14.93298],[120.305153,14.93312],[120.306519,14.93367],[120.307297,14.93436],[120.307907,14.93512],[120.309013,14.93614],[120.35112,14.93663]]]]}}]}
