{"type":"FeatureCollection","features":[{"type":"Feature","properties":{"ID_0":177,"ISO":"PHL","NAME_0":"Philippines","ID_1":12047,"NAME_1":"Cotabato (North Cotabato)","ID_2":1204701,"NAME_2":"Alamada","ID_3":1204701001,"NAME_3":"Bao","NL_NAME_3":null,"VARNAME_3":null,"TYPE_3":"Barangay","ENGTYPE_3":"Village","PROVINCE":"Cotabato (North Cotabato)","REGION":"Region XII (Soccsksargen)","id":"barangay-1204701001","name":"Bao","barangayCode":"1204701001","population":null,"formattedPop":null,"densityCategory":"No data","vulnerabilityRating":"No data","healthRiskLevel":"No data","areaKm2":71.502045,"centerLat":7.422036,"centerLng":124.633234,"geometrySource":"all_barangay-2.csv detailed WKT","geometryMatchMethod":"psgc_coordinate_bridge","boundaryPointCount":63},"geometry":{"type":"MultiPolygon","coordinates":[[[[124.684258,7.44129],[124.684723,7.43686],[124.684242,7.43301],[124.68145,7.43033],[124.676437,7.42746],[124.672989,7.4206],[124.67009,7.41649],[124.668159,7.41233],[124.666267,7.41016],[124.662849,7.40865],[124.657921,7.40142],[124.656799,7.39843],[124.656143,7.39401],[124.654671,7.39409],[124.650673,7.39578],[124.648537,7.39736],[124.647942,7.39643],[124.647232,7.3924],[124.647453,7.38817],[124.647827,7.38443],[124.6483,7.38084],[124.646759,7.37665],[124.645828,7.37275],[124.647186,7.37021],[124.649429,7.36775],[124.648598,7.36217],[124.646896,7.36151],[124.644722,7.36245],[124.618187,7.39064],[124.575722,7.39481],[124.573479,7.39576],[124.575348,7.39697],[124.576874,7.39859],[124.57901,7.39986],[124.580803,7.40149],[124.583214,7.40459],[124.584999,7.40434],[124.584663,7.40588],[124.586853,7.40686],[124.58873,7.40744],[124.589157,7.4098],[124.588478,7.41271],[124.590981,7.41442],[124.591537,7.41631],[124.590431,7.41732],[124.593033,7.42048],[124.593323,7.42259],[124.593697,7.42475],[124.593758,7.42738],[124.593147,7.4289],[124.597504,7.43015],[124.602798,7.43242],[124.611458,7.43454],[124.620667,7.43697],[124.630577,7.43709],[124.640053,7.43565],[124.650032,7.43608],[124.660507,7.4371],[124.666107,7.43735],[124.672371,7.43961],[124.673653,7.43948],[124.675133,7.43932],[124.684258,7.44129]]]]}},{"type":"Feature","properties":{"ID_0":177,"ISO":"PHL","NAME_0":"Philippines","ID_1":12047,"NAME_1":"Cotabato (North Cotabato)","ID_2":1204701,"NAME_2":"Alamada","ID_3":1204701002,"NAME_3":"Barangiran","NL_NAME_3":null,"VARNAME_3":null,"TYPE_3":"Barangay","ENGTYPE_3":"Village","PROVINCE":"Cotabato (North Cotabato)","REGION":"Region XII (Soccsksargen)","id":"barangay-1204701002","name":"Barangiran","barangayCode":"1204701002","population":null,"formattedPop":null,"densityCategory":"No data","vulnerabilityRating":"No data","healthRiskLevel":"No data","areaKm2":12.368897,"centerLat":7.42659,"centerLng":124.550875,"geometrySource":"all_barangay-2.csv detailed WKT","geometryMatchMethod":"psgc_coordinate_bridge","boundaryPointCount":50},"geometry":{"type":"MultiPolygon","coordinates":[[[[124.593147,7.4289],[124.593758,7.42738],[124.593697,7.42475],[124.593323,7.42259],[124.593033,7.42048],[124.590431,7.41732],[124.591537,7.41631],[124.590981,7.41442],[124.588478,7.41271],[124.589157,7.4098],[124.58873,7.40744],[124.586853,7.40686],[124.584663,7.40588],[124.584999,7.40434],[124.583214,7.40459],[124.580803,7.40149],[124.57901,7.39986],[124.576874,7.39859],[124.575348,7.39697],[124.573479,7.39576],[124.569977,7.39981],[124.564629,7.40169],[124.559647,7.40541],[124.554733,7.40611],[124.550774,7.40515],[124.5504,7.40762],[124.549377,7.40893],[124.549339,7.41079],[124.549072,7.41201],[124.547813,7.41422],[124.546028,7.41556],[124.546783,7.41688],[124.547569,7.41918],[124.547913,7.42066],[124.54882,7.4234],[124.549728,7.42375],[124.552307,7.42313],[124.552116,7.42126],[124.555588,7.42186],[124.556908,7.42213],[124.558693,7.42321],[124.558922,7.42605],[124.558647,7.42756],[124.56115,7.43072],[124.562813,7.43237],[124.56469,7.43181],[124.573624,7.43192],[124.58535,7.42891],[124.590508,7.42822],[124.593147,7.4289]]]]}},{"type":"Feature","properties":{"ID_0":177,"ISO":"PHL","NAME_0":"Philippines","ID_1":12047,"NAME_1":"Cotabato (North Cotabato)","ID_2":1204701,"NAME_2":"Alamada","ID_3":1204701003,"NAME_3":"Camansi","NL_NAME_3":null,"VARNAME_3":null,"TYPE_3":"Barangay","ENGTYPE_3":"Village","PROVINCE":"Cotabato (North Cotabato)","REGION":"Region XII (Soccsksargen)","id":"barangay-1204701003","name":"Camansi","barangayCode":"1204701003","population":null,"formattedPop":null,"densityCategory":"No data","vulnerabilityRating":"No data","healthRiskLevel":"No data","areaKm2":13.75403,"centerLat":7.348545,"centerLng":124.552655,"geometrySource":"all_barangay-2.csv detailed WKT","geometryMatchMethod":"psgc_coordinate_bridge","boundaryPointCount":35},"geometry":{"type":"MultiPolygon","coordinates":[[[[124.588966,7.32535],[124.562073,7.32503],[124.562569,7.33032],[124.564041,7.33044],[124.564949,7.33105],[124.565628,7.33105],[124.566132,7.33108],[124.566391,7.33188],[124.565331,7.33225],[124.565918,7.33372],[124.567108,7.33466],[124.567467,7.33335],[124.568703,7.33284],[124.570923,7.3344],[124.57206,7.33559],[124.572403,7.33744],[124.572739,7.33805],[124.573479,7.33854],[124.574799,7.34086],[124.575546,7.34158],[124.576149,7.34126],[124.577332,7.34155],[124.577927,7.34336],[124.578163,7.3428],[124.58004,7.34351],[124.581131,7.34355],[124.582123,7.34333],[124.582314,7.3419],[124.584,7.34072],[124.585091,7.34017],[124.586853,7.33716],[124.586838,7.33363],[124.588127,7.33003],[124.58873,7.32684],[124.588966,7.32535]]]]}},{"type":"Feature","properties":{"ID_0":177,"ISO":"PHL","NAME_0":"Philippines","ID_1":12047,"NAME_1":"Cotabato (North Cotabato)","ID_2":1204701,"NAME_2":"Alamada","ID_3":1204701004,"NAME_3":"Dado","NL_NAME_3":null,"VARNAME_3":null,"TYPE_3":"Barangay","ENGTYPE_3":"Village","PROVINCE":"Cotabato (North Cotabato)","REGION":"Region XII (Soccsksargen)","id":"barangay-1204701004","name":"Dado","barangayCode":"1204701004","population":null,"formattedPop":null,"densityCategory":"No data","vulnerabilityRating":"No data","healthRiskLevel":"No data","areaKm2":100.431711,"centerLat":7.562299,"centerLng":124.539583,"geometrySource":"all_barangay-2.csv detailed WKT","geometryMatchMethod":"psgc_coordinate_bridge","boundaryPointCount":22},"geometry":{"type":"MultiPolygon","coordinates":[[[[124.520012,7.68166],[124.523468,7.66692],[124.523483,7.66686],[124.52533,7.65892],[124.52713,7.65197],[124.529182,7.64402],[124.535606,7.61472],[124.547546,7.56445],[124.553558,7.53162],[124.557022,7.51476],[124.433662,7.52015],[124.436768,7.53305],[124.438911,7.55009],[124.436623,7.60694],[124.440552,7.65203],[124.448334,7.6531],[124.463989,7.65716],[124.475868,7.66515],[124.490936,7.67422],[124.496147,7.67864],[124.510788,7.68103],[124.520012,7.68166]]]]}},{"type":"Feature","properties":{"ID_0":177,"ISO":"PHL","NAME_0":"Philippines","ID_1":12047,"NAME_1":"Cotabato (North Cotabato)","ID_2":1204701,"NAME_2":"Alamada","ID_3":1204701005,"NAME_3":"Guiling","NL_NAME_3":null,"VARNAME_3":null,"TYPE_3":"Barangay","ENGTYPE_3":"Village","PROVINCE":"Cotabato (North Cotabato)","REGION":"Region XII (Soccsksargen)","id":"barangay-1204701005","name":"Guiling","barangayCode":"1204701005","population":null,"formattedPop":null,"densityCategory":"No data","vulnerabilityRating":"No data","healthRiskLevel":"No data","areaKm2":136.970859,"centerLat":7.530777,"centerLng":124.631302,"geometrySource":"all_barangay-2.csv detailed WKT","geometryMatchMethod":"psgc_coordinate_bridge","boundaryPointCount":183},"geometry":{"type":"MultiPolygon","coordinates":[[[[124.558617,7.67813],[124.566231,7.67418],[124.568367,7.67307],[124.578102,7.66336],[124.58474,7.65618],[124.588814,7.65049],[124.592239,7.64881],[124.597893,7.64414],[124.600769,7.6412],[124.603844,7.63806],[124.602753,7.62976],[124.60363,7.62467],[124.60466,7.62414],[124.608063,7.62237],[124.61805,7.62103],[124.619911,7.62172],[124.623329,7.62271],[124.626617,7.6225],[124.627563,7.62152],[124.628281,7.62075],[124.628738,7.62027],[124.629372,7.6196],[124.630417,7.62011],[124.630699,7.62025],[124.632858,7.62129],[124.632912,7.62132],[124.634819,7.62113],[124.637032,7.62092],[124.639687,7.61659],[124.64283,7.6158],[124.643723,7.61373],[124.644096,7.61284],[124.643646,7.61151],[124.643448,7.60965],[124.643257,7.6078],[124.643188,7.60669],[124.643181,7.60662],[124.643097,7.60559],[124.643562,7.60134],[124.646278,7.59827],[124.646423,7.59811],[124.64875,7.5955],[124.650307,7.59372],[124.652046,7.59083],[124.653732,7.5882],[124.65406,7.587],[124.654381,7.5858],[124.654716,7.58478],[124.655052,7.58377],[124.655518,7.58242],[124.656487,7.57962],[124.656242,7.57786],[124.65593,7.57666],[124.655609,7.57541],[124.655006,7.57326],[124.654373,7.57095],[124.653503,7.56801],[124.653481,7.56796],[124.652847,7.56586],[124.652641,7.56319],[124.652946,7.56017],[124.656593,7.55766],[124.657211,7.55615],[124.657242,7.55607],[124.657951,7.55434],[124.658363,7.55241],[124.658958,7.54951],[124.658943,7.54531],[124.659012,7.54252],[124.659103,7.53956],[124.659737,7.53778],[124.6604,7.53595],[124.661003,7.53343],[124.661568,7.53098],[124.662308,7.52479],[124.664017,7.52032],[124.667648,7.51459],[124.668556,7.51302],[124.671806,7.50738],[124.672951,7.5038],[124.673317,7.50227],[124.673683,7.50079],[124.673683,7.49708],[124.673683,7.49695],[124.67366,7.49291],[124.67411,7.4895],[124.6745,7.48652],[124.675011,7.48435],[124.675507,7.48218],[124.676086,7.48045],[124.677193,7.47705],[124.677879,7.47506],[124.678146,7.47427],[124.679543,7.47],[124.679237,7.46865],[124.678909,7.46714],[124.679359,7.46388],[124.679802,7.46266],[124.680252,7.46141],[124.680473,7.45893],[124.680603,7.4587],[124.681152,7.45779],[124.68232,7.45553],[124.684883,7.45246],[124.686302,7.44907],[124.68602,7.44712],[124.685768,7.44547],[124.684929,7.44315],[124.684258,7.44129],[124.675133,7.43932],[124.673653,7.43948],[124.672371,7.43961],[124.669228,7.43962],[124.669434,7.44041],[124.66964,7.44119],[124.667313,7.44224],[124.667358,7.44282],[124.665787,7.44375],[124.665024,7.44453],[124.665123,7.44533],[124.665207,7.44603],[124.664078,7.44646],[124.662239,7.447],[124.662239,7.44909],[124.660957,7.45074],[124.663063,7.45329],[124.662628,7.45649],[124.660988,7.45781],[124.660149,7.45868],[124.659088,7.46045],[124.658768,7.46235],[124.65876,7.46239],[124.658546,7.46361],[124.655388,7.46559],[124.656418,7.46765],[124.655273,7.47084],[124.65493,7.4719],[124.65451,7.47326],[124.652718,7.47483],[124.651016,7.47632],[124.647263,7.47692],[124.645653,7.47749],[124.643959,7.47831],[124.643898,7.47834],[124.642303,7.47911],[124.639977,7.47997],[124.638283,7.48183],[124.635368,7.48283],[124.633492,7.48543],[124.631706,7.48856],[124.630547,7.49133],[124.62925,7.49441],[124.626892,7.49652],[124.624397,7.49811],[124.621361,7.49995],[124.619492,7.5004],[124.616661,7.50107],[124.612579,7.5032],[124.611076,7.50519],[124.610977,7.50533],[124.609688,7.50783],[124.606308,7.51064],[124.603577,7.5132],[124.600487,7.51501],[124.597023,7.51467],[124.596863,7.51465],[124.593079,7.51429],[124.557022,7.51476],[124.553558,7.53162],[124.547546,7.56445],[124.535606,7.61472],[124.529182,7.64402],[124.52713,7.65197],[124.52533,7.65892],[124.523483,7.66686],[124.523468,7.66692],[124.520012,7.68166],[124.522812,7.68165],[124.525963,7.68163],[124.532204,7.68175],[124.537987,7.68187],[124.546494,7.68032],[124.558617,7.67813]]]]}},{"type":"Feature","properties":{"ID_0":177,"ISO":"PHL","NAME_0":"Philippines","ID_1":12047,"NAME_1":"Cotabato (North Cotabato)","ID_2":1204701,"NAME_2":"Alamada","ID_3":1204701006,"NAME_3":"Kitacubong","NL_NAME_3":null,"VARNAME_3":null,"TYPE_3":"Barangay","ENGTYPE_3":"Village","PROVINCE":"Cotabato (North Cotabato)","REGION":"Region XII (Soccsksargen)","id":"barangay-1204701006","name":"Kitacubong","barangayCode":"1204701006","population":null,"formattedPop":null,"densityCategory":"No data","vulnerabilityRating":"No data","healthRiskLevel":"No data","areaKm2":9.784391,"centerLat":7.389799,"centerLng":124.573217,"geometrySource":"all_barangay-2.csv detailed WKT","geometryMatchMethod":"psgc_coordinate_bridge","boundaryPointCount":27},"geometry":{"type":"MultiPolygon","coordinates":[[[[124.578552,7.35681],[124.578217,7.35625],[124.577087,7.35458],[124.576797,7.35373],[124.574203,7.35179],[124.576073,7.35165],[124.576622,7.35023],[124.576347,7.34878],[124.57534,7.35017],[124.574081,7.34869],[124.574043,7.34752],[124.572693,7.34619],[124.571136,7.34526],[124.571854,7.34372],[124.571091,7.34196],[124.57119,7.34115],[124.571297,7.33989],[124.570122,7.3387],[124.550247,7.33853],[124.547974,7.34555],[124.55011,7.35081],[124.551613,7.35463],[124.550507,7.36134],[124.550339,7.36306],[124.553146,7.3617],[124.555443,7.36171],[124.578552,7.35681]]]]}},{"type":"Feature","properties":{"ID_0":177,"ISO":"PHL","NAME_0":"Philippines","ID_1":12047,"NAME_1":"Cotabato (North Cotabato)","ID_2":1204701,"NAME_2":"Alamada","ID_3":1204701007,"NAME_3":"Macabasa","NL_NAME_3":null,"VARNAME_3":null,"TYPE_3":"Barangay","ENGTYPE_3":"Village","PROVINCE":"Cotabato (North Cotabato)","REGION":"Region XII (Soccsksargen)","id":"barangay-1204701007","name":"Macabasa","barangayCode":"1204701007","population":null,"formattedPop":null,"densityCategory":"No data","vulnerabilityRating":"No data","healthRiskLevel":"No data","areaKm2":22.08286,"centerLat":7.462183,"centerLng":124.499683,"geometrySource":"all_barangay-2.csv detailed WKT","geometryMatchMethod":"psgc_coordinate_bridge","boundaryPointCount":14},"geometry":{"type":"MultiPolygon","coordinates":[[[[124.537514,7.46157],[124.537033,7.46109],[124.53656,7.45633],[124.537392,7.45336],[124.535568,7.44996],[124.535179,7.44752],[124.536346,7.44583],[124.536293,7.44256],[124.535103,7.4402],[124.53437,7.43668],[124.513397,7.43471],[124.493423,7.43314],[124.486519,7.44401],[124.537514,7.46157]]]]}},{"type":"Feature","properties":{"ID_0":177,"ISO":"PHL","NAME_0":"Philippines","ID_1":12047,"NAME_1":"Cotabato (North Cotabato)","ID_2":1204701,"NAME_2":"Alamada","ID_3":1204701008,"NAME_3":"Malitubog","NL_NAME_3":null,"VARNAME_3":null,"TYPE_3":"Barangay","ENGTYPE_3":"Village","PROVINCE":"Cotabato (North Cotabato)","REGION":"Region XII (Soccsksargen)","id":"barangay-1204701008","name":"Malitubog","barangayCode":"1204701008","population":null,"formattedPop":null,"densityCategory":"No data","vulnerabilityRating":"No data","healthRiskLevel":"No data","areaKm2":16.519691,"centerLat":7.355303,"centerLng":124.624707,"geometrySource":"all_barangay-2.csv detailed WKT","geometryMatchMethod":"psgc_coordinate_bridge","boundaryPointCount":71},"geometry":{"type":"MultiPolygon","coordinates":[[[[124.575722,7.39481],[124.618187,7.39064],[124.644722,7.36245],[124.642273,7.36202],[124.641144,7.36075],[124.640297,7.35981],[124.639374,7.3587],[124.638283,7.35685],[124.637703,7.35347],[124.637802,7.35217],[124.642891,7.34167],[124.644096,7.33859],[124.643127,7.3366],[124.64064,7.33476],[124.641579,7.33278],[124.641838,7.32912],[124.636871,7.32603],[124.60952,7.32604],[124.608948,7.32843],[124.608658,7.32968],[124.607422,7.33031],[124.60556,7.33027],[124.604927,7.33115],[124.603699,7.33211],[124.604309,7.33439],[124.604248,7.33631],[124.599113,7.33908],[124.59465,7.343],[124.589943,7.3471],[124.585663,7.35101],[124.581528,7.35376],[124.578949,7.35653],[124.578552,7.35681],[124.578331,7.35768],[124.577042,7.35812],[124.577881,7.36054],[124.577232,7.36245],[124.578407,7.36302],[124.578323,7.3645],[124.577278,7.36581],[124.577423,7.36641],[124.576889,7.36668],[124.577667,7.36801],[124.578484,7.36917],[124.577507,7.36961],[124.577454,7.37084],[124.578209,7.37162],[124.578087,7.37194],[124.578644,7.37208],[124.578789,7.373],[124.578407,7.37468],[124.578003,7.37596],[124.575912,7.37693],[124.575546,7.37731],[124.576477,7.3792],[124.575104,7.38073],[124.576263,7.38228],[124.576012,7.38255],[124.574631,7.38407],[124.572517,7.38505],[124.572319,7.38592],[124.573303,7.38751],[124.573677,7.38877],[124.573776,7.38963],[124.572746,7.39019],[124.571053,7.39011],[124.574127,7.3922],[124.57473,7.39249],[124.575287,7.39448],[124.575394,7.39471],[124.575722,7.39481]]]]}},{"type":"Feature","properties":{"ID_0":177,"ISO":"PHL","NAME_0":"Philippines","ID_1":12047,"NAME_1":"Cotabato (North Cotabato)","ID_2":1204701,"NAME_2":"Alamada","ID_3":1204701009,"NAME_3":"Mapurok","NL_NAME_3":null,"VARNAME_3":null,"TYPE_3":"Barangay","ENGTYPE_3":"Village","PROVINCE":"Cotabato (North Cotabato)","REGION":"Region XII (Soccsksargen)","id":"barangay-1204701009","name":"Mapurok","barangayCode":"1204701009","population":null,"formattedPop":null,"densityCategory":"No data","vulnerabilityRating":"No data","healthRiskLevel":"No data","areaKm2":22.993765,"centerLat":7.403936,"centerLng":124.51568,"geometrySource":"all_barangay-2.csv detailed WKT","geometryMatchMethod":"psgc_coordinate_bridge","boundaryPointCount":30},"geometry":{"type":"MultiPolygon","coordinates":[[[[124.53437,7.43668],[124.534286,7.43611],[124.534653,7.43389],[124.533684,7.4317],[124.531326,7.43143],[124.530586,7.42923],[124.528671,7.4275],[124.527832,7.42455],[124.52668,7.42273],[124.525467,7.42055],[124.525009,7.4188],[124.524727,7.41612],[124.524963,7.41435],[124.525513,7.41197],[124.527184,7.40975],[124.527367,7.40814],[124.528252,7.40715],[124.529213,7.40604],[124.528999,7.40344],[124.530281,7.40072],[124.526131,7.4029],[124.523933,7.40664],[124.522583,7.4118],[124.520264,7.41529],[124.519577,7.41743],[124.512703,7.41686],[124.504059,7.41653],[124.493423,7.43314],[124.513397,7.43471],[124.53437,7.43668]]]]}},{"type":"Feature","properties":{"ID_0":177,"ISO":"PHL","NAME_0":"Philippines","ID_1":12047,"NAME_1":"Cotabato (North Cotabato)","ID_2":1204701,"NAME_2":"Alamada","ID_3":1204701010,"NAME_3":"Pacao","NL_NAME_3":null,"VARNAME_3":null,"TYPE_3":"Barangay","ENGTYPE_3":"Village","PROVINCE":"Cotabato (North Cotabato)","REGION":"Region XII (Soccsksargen)","id":"barangay-1204701010","name":"Pacao","barangayCode":"1204701010","population":null,"formattedPop":null,"densityCategory":"No data","vulnerabilityRating":"No data","healthRiskLevel":"No data","areaKm2":25.939296,"centerLat":7.363247,"centerLng":124.528875,"geometrySource":"all_barangay-2.csv detailed WKT","geometryMatchMethod":"psgc_coordinate_bridge","boundaryPointCount":25},"geometry":{"type":"MultiPolygon","coordinates":[[[[124.570122,7.3387],[124.57045,7.3381],[124.571503,7.33838],[124.572739,7.33805],[124.572403,7.33744],[124.57206,7.33559],[124.570923,7.3344],[124.568703,7.33284],[124.567467,7.33335],[124.567108,7.33466],[124.565918,7.33372],[124.565331,7.33225],[124.566391,7.33188],[124.566132,7.33108],[124.565628,7.33105],[124.564949,7.33105],[124.564041,7.33044],[124.562569,7.33032],[124.562073,7.32503],[124.558578,7.32522],[124.556747,7.32927],[124.553787,7.33353],[124.551338,7.33693],[124.550247,7.33853],[124.570122,7.3387]]]]}},{"type":"Feature","properties":{"ID_0":177,"ISO":"PHL","NAME_0":"Philippines","ID_1":12047,"NAME_1":"Cotabato (North Cotabato)","ID_2":1204701,"NAME_2":"Alamada","ID_3":1204701011,"NAME_3":"Paruayan","NL_NAME_3":null,"VARNAME_3":null,"TYPE_3":"Barangay","ENGTYPE_3":"Village","PROVINCE":"Cotabato (North Cotabato)","REGION":"Region XII (Soccsksargen)","id":"barangay-1204701011","name":"Paruayan","barangayCode":"1204701011","population":null,"formattedPop":null,"densityCategory":"No data","vulnerabilityRating":"No data","healthRiskLevel":"No data","areaKm2":19.081572,"centerLat":7.365294,"centerLng":124.590963,"geometrySource":"all_barangay-2.csv detailed WKT","geometryMatchMethod":"psgc_coordinate_bridge","boundaryPointCount":56},"geometry":{"type":"MultiPolygon","coordinates":[[[[124.570122,7.3387],[124.571297,7.33989],[124.57119,7.34115],[124.571091,7.34196],[124.571854,7.34372],[124.571136,7.34526],[124.572693,7.34619],[124.574043,7.34752],[124.574081,7.34869],[124.57534,7.35017],[124.576347,7.34878],[124.576622,7.35023],[124.576073,7.35165],[124.574203,7.35179],[124.576797,7.35373],[124.577087,7.35458],[124.578217,7.35625],[124.578552,7.35681],[124.578949,7.35653],[124.581528,7.35376],[124.585663,7.35101],[124.589943,7.3471],[124.59465,7.343],[124.599113,7.33908],[124.604248,7.33631],[124.604309,7.33439],[124.603699,7.33211],[124.604927,7.33115],[124.60556,7.33027],[124.607422,7.33031],[124.608658,7.32968],[124.608948,7.32843],[124.60952,7.32604],[124.602699,7.32578],[124.588966,7.32535],[124.58873,7.32684],[124.588127,7.33003],[124.586838,7.33363],[124.586853,7.33716],[124.585091,7.34017],[124.584,7.34072],[124.582314,7.3419],[124.582123,7.34333],[124.581131,7.34355],[124.58004,7.34351],[124.578163,7.3428],[124.577927,7.34336],[124.577332,7.34155],[124.576149,7.34126],[124.575546,7.34158],[124.574799,7.34086],[124.573479,7.33854],[124.572739,7.33805],[124.571503,7.33838],[124.57045,7.3381],[124.570122,7.3387]]]]}},{"type":"Feature","properties":{"ID_0":177,"ISO":"PHL","NAME_0":"Philippines","ID_1":12047,"NAME_1":"Cotabato (North Cotabato)","ID_2":1204701,"NAME_2":"Alamada","ID_3":1204701012,"NAME_3":"Pigcawaran","NL_NAME_3":null,"VARNAME_3":null,"TYPE_3":"Barangay","ENGTYPE_3":"Village","PROVINCE":"Cotabato (North Cotabato)","REGION":"Region XII (Soccsksargen)","id":"barangay-1204701012","name":"Pigcawaran","barangayCode":"1204701012","population":null,"formattedPop":null,"densityCategory":"No data","vulnerabilityRating":"No data","healthRiskLevel":"No data","areaKm2":15.741418,"centerLat":7.465521,"centerLng":124.529743,"geometrySource":"all_barangay-2.csv detailed WKT","geometryMatchMethod":"psgc_coordinate_bridge","boundaryPointCount":59},"geometry":{"type":"MultiPolygon","coordinates":[[[[124.561081,7.47015],[124.561768,7.45492],[124.561684,7.43517],[124.562218,7.4338],[124.562813,7.43237],[124.56115,7.43072],[124.558647,7.42756],[124.558922,7.42605],[124.558693,7.42321],[124.556908,7.42213],[124.555588,7.42186],[124.552116,7.42126],[124.552307,7.42313],[124.549728,7.42375],[124.54882,7.4234],[124.547913,7.42066],[124.547569,7.41918],[124.546783,7.41688],[124.546028,7.41556],[124.547813,7.41422],[124.549072,7.41201],[124.549339,7.41079],[124.549377,7.40893],[124.5504,7.40762],[124.550774,7.40515],[124.546669,7.40318],[124.536346,7.40375],[124.536079,7.40075],[124.535667,7.4003],[124.530281,7.40072],[124.528999,7.40344],[124.529213,7.40604],[124.528252,7.40715],[124.527367,7.40814],[124.527184,7.40975],[124.525513,7.41197],[124.524963,7.41435],[124.524727,7.41612],[124.525009,7.4188],[124.525467,7.42055],[124.52668,7.42273],[124.527832,7.42455],[124.528671,7.4275],[124.530586,7.42923],[124.531326,7.43143],[124.533684,7.4317],[124.534653,7.43389],[124.534286,7.43611],[124.53437,7.43668],[124.535103,7.4402],[124.536293,7.44256],[124.536346,7.44583],[124.535179,7.44752],[124.535568,7.44996],[124.537392,7.45336],[124.53656,7.45633],[124.537033,7.46109],[124.537514,7.46157],[124.561081,7.47015]]]]}},{"type":"Feature","properties":{"ID_0":177,"ISO":"PHL","NAME_0":"Philippines","ID_1":12047,"NAME_1":"Cotabato (North Cotabato)","ID_2":1204701,"NAME_2":"Alamada","ID_3":1204701013,"NAME_3":"Polayagan","NL_NAME_3":null,"VARNAME_3":null,"TYPE_3":"Barangay","ENGTYPE_3":"Village","PROVINCE":"Cotabato (North Cotabato)","REGION":"Region XII (Soccsksargen)","id":"barangay-1204701013","name":"Polayagan","barangayCode":"1204701013","population":null,"formattedPop":null,"densityCategory":"No data","vulnerabilityRating":"No data","healthRiskLevel":"No data","areaKm2":16.804569,"centerLat":7.411559,"centerLng":124.56955,"geometrySource":"all_barangay-2.csv detailed WKT","geometryMatchMethod":"psgc_coordinate_bridge","boundaryPointCount":52},"geometry":{"type":"MultiPolygon","coordinates":[[[[124.550774,7.40515],[124.554733,7.40611],[124.559647,7.40541],[124.564629,7.40169],[124.569977,7.39981],[124.573479,7.39576],[124.575722,7.39481],[124.575394,7.39471],[124.575287,7.39448],[124.57473,7.39249],[124.574127,7.3922],[124.571053,7.39011],[124.572746,7.39019],[124.573776,7.38963],[124.573677,7.38877],[124.573303,7.38751],[124.572319,7.38592],[124.572517,7.38505],[124.574631,7.38407],[124.576012,7.38255],[124.576263,7.38228],[124.575104,7.38073],[124.576477,7.3792],[124.575546,7.37731],[124.575912,7.37693],[124.578003,7.37596],[124.578407,7.37468],[124.578789,7.373],[124.578644,7.37208],[124.558167,7.36866],[124.555161,7.36803],[124.552834,7.37071],[124.550201,7.37152],[124.546898,7.37274],[124.543289,7.37492],[124.541489,7.37687],[124.540367,7.38108],[124.540337,7.38323],[124.544403,7.38563],[124.546417,7.38725],[124.546059,7.38871],[124.546547,7.39078],[124.547043,7.39283],[124.54718,7.39471],[124.547867,7.39598],[124.548187,7.39682],[124.549477,7.39626],[124.550346,7.3968],[124.550209,7.39981],[124.549988,7.40145],[124.550728,7.40293],[124.550774,7.40515]]]]}},{"type":"Feature","properties":{"ID_0":177,"ISO":"PHL","NAME_0":"Philippines","ID_1":12047,"NAME_1":"Cotabato (North Cotabato)","ID_2":1204701,"NAME_2":"Alamada","ID_3":1204701014,"NAME_3":"Rangayen","NL_NAME_3":null,"VARNAME_3":null,"TYPE_3":"Barangay","ENGTYPE_3":"Village","PROVINCE":"Cotabato (North Cotabato)","REGION":"Region XII (Soccsksargen)","id":"barangay-1204701014","name":"Rangayen","barangayCode":"1204701014","population":null,"formattedPop":null,"densityCategory":"No data","vulnerabilityRating":"No data","healthRiskLevel":"No data","areaKm2":67.568878,"centerLat":7.483917,"centerLng":124.576052,"geometrySource":"all_barangay-2.csv detailed WKT","geometryMatchMethod":"psgc_coordinate_bridge","boundaryPointCount":76},"geometry":{"type":"MultiPolygon","coordinates":[[[[124.593079,7.51429],[124.596863,7.51465],[124.597023,7.51467],[124.600487,7.51501],[124.603577,7.5132],[124.606308,7.51064],[124.609688,7.50783],[124.610977,7.50533],[124.611076,7.50519],[124.612579,7.5032],[124.616661,7.50107],[124.619492,7.5004],[124.621361,7.49995],[124.624397,7.49811],[124.626892,7.49652],[124.62925,7.49441],[124.630547,7.49133],[124.631706,7.48856],[124.633492,7.48543],[124.635368,7.48283],[124.638283,7.48183],[124.639977,7.47997],[124.642303,7.47911],[124.643898,7.47834],[124.643959,7.47831],[124.645653,7.47749],[124.647263,7.47692],[124.651016,7.47632],[124.652718,7.47483],[124.65451,7.47326],[124.65493,7.4719],[124.655273,7.47084],[124.656418,7.46765],[124.655388,7.46559],[124.658546,7.46361],[124.65876,7.46239],[124.658768,7.46235],[124.659088,7.46045],[124.660149,7.45868],[124.660988,7.45781],[124.662628,7.45649],[124.663063,7.45329],[124.660957,7.45074],[124.662239,7.44909],[124.662239,7.447],[124.664078,7.44646],[124.665207,7.44603],[124.665123,7.44533],[124.665024,7.44453],[124.665787,7.44375],[124.667358,7.44282],[124.667313,7.44224],[124.66964,7.44119],[124.669434,7.44041],[124.669228,7.43962],[124.672371,7.43961],[124.666107,7.43735],[124.660507,7.4371],[124.650032,7.43608],[124.640053,7.43565],[124.630577,7.43709],[124.620667,7.43697],[124.611458,7.43454],[124.602798,7.43242],[124.597504,7.43015],[124.593147,7.4289],[124.590508,7.42822],[124.58535,7.42891],[124.573624,7.43192],[124.56469,7.43181],[124.562813,7.43237],[124.562218,7.4338],[124.561684,7.43517],[124.561768,7.45492],[124.561081,7.47015],[124.593079,7.51429]]]]}},{"type":"Feature","properties":{"ID_0":177,"ISO":"PHL","NAME_0":"Philippines","ID_1":12047,"NAME_1":"Cotabato (North Cotabato)","ID_2":1204701,"NAME_2":"Alamada","ID_3":1204701015,"NAME_3":"Lower Dado","NL_NAME_3":null,"VARNAME_3":null,"TYPE_3":"Barangay","ENGTYPE_3":"Village","PROVINCE":"Cotabato (North Cotabato)","REGION":"Region XII (Soccsksargen)","id":"barangay-1204701015","name":"Lower Dado","barangayCode":"1204701015","population":null,"formattedPop":null,"densityCategory":"No data","vulnerabilityRating":"No data","healthRiskLevel":"No data","areaKm2":7.072906,"centerLat":7.485347,"centerLng":124.51968,"geometrySource":"all_barangay-2.csv detailed WKT","geometryMatchMethod":"psgc_coordinate_bridge","boundaryPointCount":10},"geometry":{"type":"MultiPolygon","coordinates":[[[[124.557022,7.51476],[124.593079,7.51429],[124.561081,7.47015],[124.537514,7.46157],[124.486519,7.44401],[124.480721,7.452],[124.460632,7.47457],[124.45121,7.50085],[124.433662,7.52015],[124.557022,7.51476]]]]}},{"type":"Feature","properties":{"ID_0":177,"ISO":"PHL","NAME_0":"Philippines","ID_1":12047,"NAME_1":"Cotabato (North Cotabato)","ID_2":1204701,"NAME_2":"Alamada","ID_3":1204701016,"NAME_3":"Mirasol","NL_NAME_3":null,"VARNAME_3":null,"TYPE_3":"Barangay","ENGTYPE_3":"Village","PROVINCE":"Cotabato (North Cotabato)","REGION":"Region XII (Soccsksargen)","id":"barangay-1204701016","name":"Mirasol","barangayCode":"1204701016","population":null,"formattedPop":null,"densityCategory":"No data","vulnerabilityRating":"No data","healthRiskLevel":"No data","areaKm2":0.818435,"centerLat":7.381137,"centerLng":124.550127,"geometrySource":"all_barangay-2.csv detailed WKT","geometryMatchMethod":"psgc_coordinate_bridge","boundaryPointCount":22},"geometry":{"type":"MultiPolygon","coordinates":[[[[124.578644,7.37208],[124.578087,7.37194],[124.578209,7.37162],[124.577454,7.37084],[124.577507,7.36961],[124.578484,7.36917],[124.577667,7.36801],[124.576889,7.36668],[124.577423,7.36641],[124.577278,7.36581],[124.578323,7.3645],[124.578407,7.36302],[124.577232,7.36245],[124.577881,7.36054],[124.577042,7.35812],[124.578331,7.35768],[124.578552,7.35681],[124.555443,7.36171],[124.554588,7.36514],[124.555161,7.36803],[124.558167,7.36866],[124.578644,7.37208]]]]}},{"type":"Feature","properties":{"ID_0":177,"ISO":"PHL","NAME_0":"Philippines","ID_1":12047,"NAME_1":"Cotabato (North Cotabato)","ID_2":1204701,"NAME_2":"Alamada","ID_3":1204701017,"NAME_3":"Raradangan","NL_NAME_3":null,"VARNAME_3":null,"TYPE_3":"Barangay","ENGTYPE_3":"Village","PROVINCE":"Cotabato (North Cotabato)","REGION":"Region XII (Soccsksargen)","id":"barangay-1204701017","name":"Raradangan","barangayCode":"1204701017","population":null,"formattedPop":null,"densityCategory":"No data","vulnerabilityRating":"No data","healthRiskLevel":"No data","areaKm2":4.591608,"centerLat":7.431279,"centerLng":124.528512,"geometrySource":"all_barangay-2.csv detailed WKT","geometryMatchMethod":"psgc_coordinate_bridge","boundaryPointCount":24},"geometry":{"type":"MultiPolygon","coordinates":[[[[124.550774,7.40515],[124.550728,7.40293],[124.549988,7.40145],[124.550209,7.39981],[124.550346,7.3968],[124.549477,7.39626],[124.548187,7.39682],[124.547867,7.39598],[124.54718,7.39471],[124.547043,7.39283],[124.546547,7.39078],[124.546059,7.38871],[124.546417,7.38725],[124.544403,7.38563],[124.540337,7.38323],[124.540207,7.38597],[124.53981,7.39103],[124.541702,7.39553],[124.540192,7.39843],[124.535667,7.4003],[124.536079,7.40075],[124.536346,7.40375],[124.546669,7.40318],[124.550774,7.40515]]]]}},{"type":"Feature","properties":{"ID_0":177,"ISO":"PHL","NAME_0":"Philippines","ID_1":12047,"NAME_1":"Cotabato (North Cotabato)","ID_2":1204702,"NAME_2":"Carmen","ID_3":1204702001,"NAME_3":"Aroman","NL_NAME_3":null,"VARNAME_3":null,"TYPE_3":"Barangay","ENGTYPE_3":"Village","PROVINCE":"Cotabato (North Cotabato)","REGION":"Region XII (Soccsksargen)","id":"barangay-1204702001","name":"Aroman","barangayCode":"1204702001","population":null,"formattedPop":null,"densityCategory":"No data","vulnerabilityRating":"No data","healthRiskLevel":"No data","areaKm2":10.128318,"centerLat":7.292217,"centerLng":124.790624,"geometrySource":"all_barangay-2.csv detailed WKT","geometryMatchMethod":"psgc_coordinate_bridge","boundaryPointCount":23},"geometry":{"type":"MultiPolygon","coordinates":[[[[124.791641,7.30353],[124.79744,7.30011],[124.801247,7.29541],[124.806847,7.28955],[124.815804,7.28014],[124.813812,7.27544],[124.812683,7.27022],[124.813004,7.26968],[124.806091,7.27309],[124.802322,7.27552],[124.797447,7.27705],[124.793327,7.27764],[124.790642,7.27627],[124.787651,7.27559],[124.784843,7.27633],[124.782509,7.27799],[124.779137,7.28017],[124.774567,7.28326],[124.772408,7.28623],[124.771538,7.2998],[124.773567,7.30199],[124.783859,7.30244],[124.791641,7.30353]]]]}},{"type":"Feature","properties":{"ID_0":177,"ISO":"PHL","NAME_0":"Philippines","ID_1":12047,"NAME_1":"Cotabato (North Cotabato)","ID_2":1204702,"NAME_2":"Carmen","ID_3":1204702003,"NAME_3":"Bentangan","NL_NAME_3":null,"VARNAME_3":null,"TYPE_3":"Barangay","ENGTYPE_3":"Village","PROVINCE":"Cotabato (North Cotabato)","REGION":"Region XII (Soccsksargen)","id":"barangay-1204702003","name":"Bentangan","barangayCode":"1204702003","population":null,"formattedPop":null,"densityCategory":"No data","vulnerabilityRating":"No data","healthRiskLevel":"No data","areaKm2":56.255128,"centerLat":7.341053,"centerLng":124.709364,"geometrySource":"all_barangay-2.csv detailed WKT","geometryMatchMethod":"psgc_coordinate_bridge","boundaryPointCount":27},"geometry":{"type":"MultiPolygon","coordinates":[[[[124.704437,7.35979],[124.707008,7.35736],[124.713516,7.35454],[124.714058,7.35152],[124.715584,7.3478],[124.717842,7.34496],[124.720711,7.3416],[124.723358,7.33897],[124.725769,7.3365],[124.727249,7.33519],[124.730301,7.33219],[124.73349,7.3295],[124.735527,7.32762],[124.738907,7.32562],[124.740051,7.30985],[124.73954,7.30717],[124.722816,7.30439],[124.709991,7.30367],[124.685493,7.30599],[124.67392,7.30816],[124.658409,7.3086],[124.63131,7.3088],[124.630913,7.31063],[124.630592,7.31189],[124.684181,7.34701],[124.694397,7.35377],[124.704437,7.35979]]]]}},{"type":"Feature","properties":{"ID_0":177,"ISO":"PHL","NAME_0":"Philippines","ID_1":12047,"NAME_1":"Cotabato (North Cotabato)","ID_2":1204702,"NAME_2":"Carmen","ID_3":1204702005,"NAME_3":"Cadiis","NL_NAME_3":null,"VARNAME_3":null,"TYPE_3":"Barangay","ENGTYPE_3":"Village","PROVINCE":"Cotabato (North Cotabato)","REGION":"Region XII (Soccsksargen)","id":"barangay-1204702005","name":"Cadiis","barangayCode":"1204702005","population":null,"formattedPop":null,"densityCategory":"No data","vulnerabilityRating":"No data","healthRiskLevel":"No data","areaKm2":16.636947,"centerLat":7.416851,"centerLng":124.83297,"geometrySource":"all_barangay-2.csv detailed WKT","geometryMatchMethod":"psgc_coordinate_bridge","boundaryPointCount":34},"geometry":{"type":"MultiPolygon","coordinates":[[[[124.830116,7.42806],[124.831879,7.42846],[124.836746,7.42268],[124.840233,7.4195],[124.842598,7.41483],[124.845154,7.41047],[124.846367,7.40767],[124.847702,7.40361],[124.851044,7.39805],[124.852577,7.39523],[124.855766,7.39198],[124.860283,7.3874],[124.862122,7.38321],[124.865677,7.38151],[124.869453,7.37991],[124.872253,7.37591],[124.862717,7.37167],[124.852539,7.37163],[124.84584,7.37275],[124.843193,7.37436],[124.838638,7.37839],[124.832977,7.38392],[124.825928,7.38966],[124.820587,7.39348],[124.814949,7.39711],[124.808662,7.39772],[124.804192,7.39945],[124.799263,7.40004],[124.798218,7.40036],[124.805099,7.40403],[124.813293,7.41093],[124.816261,7.41391],[124.823593,7.42117],[124.830116,7.42806]]]]}},{"type":"Feature","properties":{"ID_0":177,"ISO":"PHL","NAME_0":"Philippines","ID_1":12047,"NAME_1":"Cotabato (North Cotabato)","ID_2":1204702,"NAME_2":"Carmen","ID_3":1204702007,"NAME_3":"General Luna","NL_NAME_3":null,"VARNAME_3":null,"TYPE_3":"Barangay","ENGTYPE_3":"Village","PROVINCE":"Cotabato (North Cotabato)","REGION":"Region XII (Soccsksargen)","id":"barangay-1204702007","name":"General Luna","barangayCode":"1204702007","population":null,"formattedPop":null,"densityCategory":"No data","vulnerabilityRating":"No data","healthRiskLevel":"No data","areaKm2":9.845866,"centerLat":7.180206,"centerLng":124.803025,"geometrySource":"all_barangay-2.csv detailed WKT","geometryMatchMethod":"psgc_coordinate_bridge","boundaryPointCount":19},"geometry":{"type":"MultiPolygon","coordinates":[[[[124.782249,7.19679],[124.783241,7.18887],[124.794273,7.18972],[124.801491,7.18964],[124.815971,7.19132],[124.817543,7.1885],[124.818207,7.18671],[124.818573,7.18494],[124.818108,7.18333],[124.817734,7.18086],[124.816093,7.17698],[124.812332,7.16697],[124.785019,7.16683],[124.780823,7.16722],[124.78051,7.18177],[124.771027,7.18149],[124.770897,7.18917],[124.771599,7.19723],[124.782249,7.19679]]]]}},{"type":"Feature","properties":{"ID_0":177,"ISO":"PHL","NAME_0":"Philippines","ID_1":12047,"NAME_1":"Cotabato (North Cotabato)","ID_2":1204702,"NAME_2":"Carmen","ID_3":1204702008,"NAME_3":"Katanayanan","NL_NAME_3":null,"VARNAME_3":null,"TYPE_3":"Barangay","ENGTYPE_3":"Village","PROVINCE":"Cotabato (North Cotabato)","REGION":"Region XII (Soccsksargen)","id":"barangay-1204702008","name":"Katanayanan","barangayCode":"1204702008","population":null,"formattedPop":null,"densityCategory":"No data","vulnerabilityRating":"No data","healthRiskLevel":"No data","areaKm2":12.800013,"centerLat":7.219692,"centerLng":124.766572,"geometrySource":"all_barangay-2.csv detailed WKT","geometryMatchMethod":"psgc_coordinate_bridge","boundaryPointCount":12},"geometry":{"type":"MultiPolygon","coordinates":[[[[124.754677,7.22043],[124.756126,7.22028],[124.76709,7.21312],[124.781967,7.20668],[124.782249,7.19679],[124.771599,7.19723],[124.770897,7.18917],[124.762848,7.19034],[124.755119,7.19152],[124.754173,7.20655],[124.754471,7.21514],[124.754677,7.22043]]]]}},{"type":"Feature","properties":{"ID_0":177,"ISO":"PHL","NAME_0":"Philippines","ID_1":12047,"NAME_1":"Cotabato (North Cotabato)","ID_2":1204702,"NAME_2":"Carmen","ID_3":1204702011,"NAME_3":"Kibenes","NL_NAME_3":null,"VARNAME_3":null,"TYPE_3":"Barangay","ENGTYPE_3":"Village","PROVINCE":"Cotabato (North Cotabato)","REGION":"Region XII (Soccsksargen)","id":"barangay-1204702011","name":"Kibenes","barangayCode":"1204702011","population":null,"formattedPop":null,"densityCategory":"No data","vulnerabilityRating":"No data","healthRiskLevel":"No data","areaKm2":13.37162,"centerLat":7.207485,"centerLng":124.72997,"geometrySource":"all_barangay-2.csv detailed WKT","geometryMatchMethod":"psgc_coordinate_bridge","boundaryPointCount":43},"geometry":{"type":"MultiPolygon","coordinates":[[[[124.770012,7.22526],[124.760094,7.22264],[124.754677,7.22043],[124.742973,7.21369],[124.733612,7.20698],[124.732468,7.17841],[124.716949,7.18639],[124.708992,7.19049],[124.713211,7.19135],[124.714729,7.19384],[124.713333,7.19634],[124.711319,7.19703],[124.70932,7.19928],[124.712067,7.20163],[124.715828,7.20003],[124.71701,7.19717],[124.71859,7.19605],[124.720917,7.19847],[124.722343,7.20146],[124.722481,7.20433],[124.719513,7.20654],[124.716919,7.20893],[124.716057,7.21106],[124.717339,7.21464],[124.719048,7.21695],[124.722549,7.21872],[124.723602,7.22021],[124.722031,7.22527],[124.719833,7.22773],[124.719597,7.23014],[124.717987,7.2321],[124.718384,7.2348],[124.717293,7.23743],[124.716293,7.24123],[124.713127,7.24373],[124.714012,7.24593],[124.71772,7.24505],[124.718803,7.24472],[124.727081,7.24139],[124.734734,7.23807],[124.746277,7.23368],[124.760979,7.22589],[124.770012,7.22526]]]]}},{"type":"Feature","properties":{"ID_0":177,"ISO":"PHL","NAME_0":"Philippines","ID_1":12047,"NAME_1":"Cotabato (North Cotabato)","ID_2":1204702,"NAME_2":"Carmen","ID_3":1204702012,"NAME_3":"Kibugtongan","NL_NAME_3":null,"VARNAME_3":null,"TYPE_3":"Barangay","ENGTYPE_3":"Village","PROVINCE":"Cotabato (North Cotabato)","REGION":"Region XII (Soccsksargen)","id":"barangay-1204702012","name":"Kibugtongan","barangayCode":"1204702012","population":null,"formattedPop":null,"densityCategory":"No data","vulnerabilityRating":"No data","healthRiskLevel":"No data","areaKm2":14.392703,"centerLat":7.330104,"centerLng":124.759445,"geometrySource":"all_barangay-2.csv detailed WKT","geometryMatchMethod":"psgc_coordinate_bridge","boundaryPointCount":27},"geometry":{"type":"MultiPolygon","coordinates":[[[[124.78199,7.32846],[124.792801,7.31414],[124.79184,7.3043],[124.791641,7.30353],[124.783859,7.30244],[124.773567,7.30199],[124.771538,7.2998],[124.769211,7.30515],[124.762161,7.30968],[124.756981,7.31024],[124.750221,7.31117],[124.746269,7.31039],[124.74176,7.30789],[124.739937,7.30651],[124.73954,7.30717],[124.740051,7.30985],[124.738907,7.32562],[124.739983,7.32388],[124.743271,7.32194],[124.746017,7.32086],[124.751198,7.32],[124.753906,7.32073],[124.760933,7.32196],[124.768517,7.32344],[124.77317,7.32472],[124.773933,7.32423],[124.78199,7.32846]]]]}},{"type":"Feature","properties":{"ID_0":177,"ISO":"PHL","NAME_0":"Philippines","ID_1":12047,"NAME_1":"Cotabato (North Cotabato)","ID_2":1204702,"NAME_2":"Carmen","ID_3":1204702013,"NAME_3":"Kilala","NL_NAME_3":null,"VARNAME_3":null,"TYPE_3":"Barangay","ENGTYPE_3":"Village","PROVINCE":"Cotabato (North Cotabato)","REGION":"Region XII (Soccsksargen)","id":"barangay-1204702013","name":"Kilala","barangayCode":"1204702013","population":null,"formattedPop":null,"densityCategory":"No data","vulnerabilityRating":"No data","healthRiskLevel":"No data","areaKm2":32.626678,"centerLat":7.289792,"centerLng":124.754954,"geometrySource":"all_barangay-2.csv detailed WKT","geometryMatchMethod":"psgc_coordinate_bridge","boundaryPointCount":21},"geometry":{"type":"MultiPolygon","coordinates":[[[[124.771538,7.2998],[124.772408,7.28623],[124.771072,7.27581],[124.760773,7.26704],[124.758507,7.26491],[124.756973,7.26266],[124.75724,7.26195],[124.742287,7.26182],[124.738007,7.26456],[124.732231,7.27413],[124.731956,7.28616],[124.735153,7.29623],[124.73954,7.30717],[124.739937,7.30651],[124.74176,7.30789],[124.746269,7.31039],[124.750221,7.31117],[124.756981,7.31024],[124.762161,7.30968],[124.769211,7.30515],[124.771538,7.2998]]]]}},{"type":"Feature","properties":{"ID_0":177,"ISO":"PHL","NAME_0":"Philippines","ID_1":12047,"NAME_1":"Cotabato (North Cotabato)","ID_2":1204702,"NAME_2":"Carmen","ID_3":1204702014,"NAME_3":"Kimadzil","NL_NAME_3":null,"VARNAME_3":null,"TYPE_3":"Barangay","ENGTYPE_3":"Village","PROVINCE":"Cotabato (North Cotabato)","REGION":"Region XII (Soccsksargen)","id":"barangay-1204702014","name":"Kimadzil","barangayCode":"1204702014","population":null,"formattedPop":null,"densityCategory":"No data","vulnerabilityRating":"No data","healthRiskLevel":"No data","areaKm2":13.363101,"centerLat":7.326399,"centerLng":124.786149,"geometrySource":"all_barangay-2.csv detailed WKT","geometryMatchMethod":"psgc_coordinate_bridge","boundaryPointCount":21},"geometry":{"type":"MultiPolygon","coordinates":[[[[124.792801,7.31414],[124.78199,7.32846],[124.786301,7.32868],[124.789886,7.32948],[124.796631,7.33022],[124.807693,7.33121],[124.82019,7.33207],[124.829872,7.33311],[124.840523,7.33382],[124.846428,7.3365],[124.847954,7.32476],[124.847137,7.31666],[124.849747,7.30879],[124.849327,7.30841],[124.842438,7.3078],[124.829323,7.30793],[124.825844,7.3095],[124.821022,7.31343],[124.814613,7.31596],[124.800392,7.31503],[124.792801,7.31414]]]]}},{"type":"Feature","properties":{"ID_0":177,"ISO":"PHL","NAME_0":"Philippines","ID_1":12047,"NAME_1":"Cotabato (North Cotabato)","ID_2":1204702,"NAME_2":"Carmen","ID_3":1204702017,"NAME_3":"Lanoon","NL_NAME_3":null,"VARNAME_3":null,"TYPE_3":"Barangay","ENGTYPE_3":"Village","PROVINCE":"Cotabato (North Cotabato)","REGION":"Region XII (Soccsksargen)","id":"barangay-1204702017","name":"Lanoon","barangayCode":"1204702017","population":null,"formattedPop":null,"densityCategory":"No data","vulnerabilityRating":"No data","healthRiskLevel":"No data","areaKm2":19.688036,"centerLat":7.282583,"centerLng":124.829489,"geometrySource":"all_barangay-2.csv detailed WKT","geometryMatchMethod":"psgc_coordinate_bridge","boundaryPointCount":29},"geometry":{"type":"MultiPolygon","coordinates":[[[[124.835083,7.27896],[124.834991,7.27717],[124.835358,7.27453],[124.836098,7.272],[124.839897,7.26665],[124.846138,7.26468],[124.848633,7.26302],[124.848351,7.25827],[124.847992,7.25559],[124.84935,7.25277],[124.847412,7.2503],[124.845108,7.24895],[124.842346,7.2493],[124.838943,7.25144],[124.835022,7.2504],[124.830513,7.25355],[124.82444,7.25918],[124.817963,7.26496],[124.813004,7.26968],[124.812683,7.27022],[124.813812,7.27544],[124.815804,7.28014],[124.819023,7.27895],[124.820129,7.27708],[124.824173,7.27685],[124.828194,7.27743],[124.829964,7.27848],[124.831413,7.27785],[124.835083,7.27896]]]]}},{"type":"Feature","properties":{"ID_0":177,"ISO":"PHL","NAME_0":"Philippines","ID_1":12047,"NAME_1":"Cotabato (North Cotabato)","ID_2":1204702,"NAME_2":"Carmen","ID_3":1204702019,"NAME_3":"Liliongan","NL_NAME_3":null,"VARNAME_3":null,"TYPE_3":"Barangay","ENGTYPE_3":"Village","PROVINCE":"Cotabato (North Cotabato)","REGION":"Region XII (Soccsksargen)","id":"barangay-1204702019","name":"Liliongan","barangayCode":"1204702019","population":null,"formattedPop":null,"densityCategory":"No data","vulnerabilityRating":"No data","healthRiskLevel":"No data","areaKm2":74.619928,"centerLat":7.359501,"centerLng":124.807997,"geometrySource":"all_barangay-2.csv detailed WKT","geometryMatchMethod":"psgc_coordinate_bridge","boundaryPointCount":74},"geometry":{"type":"MultiPolygon","coordinates":[[[[124.72728,7.37863],[124.731003,7.37411],[124.798729,7.35905],[124.801804,7.35838],[124.866608,7.34238],[124.876083,7.34123],[124.882088,7.34068],[124.905663,7.33203],[124.900642,7.32772],[124.893219,7.32235],[124.890312,7.3192],[124.88829,7.31662],[124.890762,7.31295],[124.891724,7.31052],[124.891373,7.30765],[124.887642,7.3054],[124.883003,7.30558],[124.878983,7.30674],[124.876694,7.30759],[124.874367,7.30768],[124.872147,7.30725],[124.871147,7.30499],[124.870148,7.30222],[124.867683,7.2998],[124.864616,7.29991],[124.862503,7.29937],[124.861763,7.29854],[124.861397,7.29688],[124.862427,7.29533],[124.863808,7.29178],[124.862717,7.28853],[124.857307,7.28902],[124.856163,7.29213],[124.85759,7.29592],[124.855072,7.29758],[124.851013,7.30362],[124.849327,7.30841],[124.849747,7.30879],[124.847137,7.31666],[124.847954,7.32476],[124.846428,7.3365],[124.840523,7.33382],[124.829872,7.33311],[124.82019,7.33207],[124.807693,7.33121],[124.796631,7.33022],[124.789886,7.32948],[124.786301,7.32868],[124.78199,7.32846],[124.773933,7.32423],[124.77317,7.32472],[124.768517,7.32344],[124.760933,7.32196],[124.753906,7.32073],[124.751198,7.32],[124.746017,7.32086],[124.743271,7.32194],[124.739983,7.32388],[124.738907,7.32562],[124.735527,7.32762],[124.73349,7.3295],[124.730301,7.33219],[124.727249,7.33519],[124.725769,7.3365],[124.723358,7.33897],[124.720711,7.3416],[124.717842,7.34496],[124.715584,7.3478],[124.714058,7.35152],[124.713516,7.35454],[124.707008,7.35736],[124.704437,7.35979],[124.724403,7.37351],[124.72728,7.37863]]]]}},{"type":"Feature","properties":{"ID_0":177,"ISO":"PHL","NAME_0":"Philippines","ID_1":12047,"NAME_1":"Cotabato (North Cotabato)","ID_2":1204702,"NAME_2":"Carmen","ID_3":1204702020,"NAME_3":"Ugalingan","NL_NAME_3":null,"VARNAME_3":null,"TYPE_3":"Barangay","ENGTYPE_3":"Village","PROVINCE":"Cotabato (North Cotabato)","REGION":"Region XII (Soccsksargen)","id":"barangay-1204702020","name":"Ugalingan","barangayCode":"1204702020","population":null,"formattedPop":null,"densityCategory":"No data","vulnerabilityRating":"No data","healthRiskLevel":"No data","areaKm2":8.304867,"centerLat":7.155031,"centerLng":124.793309,"geometrySource":"all_barangay-2.csv detailed WKT","geometryMatchMethod":"psgc_coordinate_bridge","boundaryPointCount":9},"geometry":{"type":"MultiPolygon","coordinates":[[[[124.780823,7.16722],[124.785019,7.16683],[124.812332,7.16697],[124.811157,7.16356],[124.808296,7.15903],[124.804314,7.15181],[124.802223,7.1461],[124.780853,7.15554],[124.780823,7.16722]]]]}},{"type":"Feature","properties":{"ID_0":177,"ISO":"PHL","NAME_0":"Philippines","ID_1":12047,"NAME_1":"Cotabato (North Cotabato)","ID_2":1204702,"NAME_2":"Carmen","ID_3":1204702021,"NAME_3":"Macabenban","NL_NAME_3":null,"VARNAME_3":null,"TYPE_3":"Barangay","ENGTYPE_3":"Village","PROVINCE":"Cotabato (North Cotabato)","REGION":"Region XII (Soccsksargen)","id":"barangay-1204702021","name":"Macabenban","barangayCode":"1204702021","population":null,"formattedPop":null,"densityCategory":"No data","vulnerabilityRating":"No data","healthRiskLevel":"No data","areaKm2":40.02609,"centerLat":7.463408,"centerLng":124.804581,"geometrySource":"all_barangay-2.csv detailed WKT","geometryMatchMethod":"psgc_coordinate_bridge","boundaryPointCount":82},"geometry":{"type":"MultiPolygon","coordinates":[[[[124.819054,7.49495],[124.821854,7.49336],[124.824371,7.49175],[124.826927,7.48998],[124.828842,7.48842],[124.831223,7.48669],[124.83297,7.48528],[124.834587,7.48361],[124.836777,7.48209],[124.838173,7.48131],[124.838562,7.48103],[124.839729,7.4795],[124.840637,7.47724],[124.840752,7.47526],[124.840958,7.47269],[124.841637,7.47017],[124.841431,7.46792],[124.841087,7.46606],[124.841362,7.46396],[124.841339,7.46236],[124.840668,7.46074],[124.839272,7.45794],[124.838722,7.45641],[124.838608,7.45399],[124.840233,7.45099],[124.841827,7.44951],[124.843712,7.44791],[124.845757,7.44649],[124.847839,7.44486],[124.84304,7.441],[124.837738,7.43729],[124.834427,7.43403],[124.830963,7.42952],[124.830116,7.42806],[124.823593,7.42117],[124.816261,7.41391],[124.813293,7.41093],[124.805099,7.40403],[124.798218,7.40036],[124.795998,7.3995],[124.793243,7.39898],[124.788887,7.39699],[124.787231,7.39555],[124.774223,7.40137],[124.769333,7.40583],[124.759277,7.41009],[124.760117,7.41619],[124.760841,7.42136],[124.7649,7.42648],[124.765533,7.43082],[124.763863,7.43502],[124.764427,7.43777],[124.764267,7.44108],[124.763733,7.4421],[124.763634,7.44537],[124.763184,7.44884],[124.764511,7.45267],[124.767937,7.45817],[124.768211,7.46175],[124.768921,7.46499],[124.770889,7.46791],[124.773682,7.4697],[124.776268,7.47149],[124.779289,7.47389],[124.784271,7.47638],[124.788231,7.48023],[124.788887,7.47987],[124.790413,7.47956],[124.792976,7.47971],[124.795433,7.48041],[124.797997,7.48133],[124.799179,7.48197],[124.801292,7.48253],[124.802589,7.48347],[124.804657,7.48652],[124.805801,7.48881],[124.807808,7.49126],[124.809937,7.49328],[124.811333,7.49448],[124.81472,7.49598],[124.817291,7.49581],[124.819054,7.49495]]]]}},{"type":"Feature","properties":{"ID_0":177,"ISO":"PHL","NAME_0":"Philippines","ID_1":12047,"NAME_1":"Cotabato (North Cotabato)","ID_2":1204702,"NAME_2":"Carmen","ID_3":1204702022,"NAME_3":"Malapag","NL_NAME_3":null,"VARNAME_3":null,"TYPE_3":"Barangay","ENGTYPE_3":"Village","PROVINCE":"Cotabato (North Cotabato)","REGION":"Region XII (Soccsksargen)","id":"barangay-1204702022","name":"Malapag","barangayCode":"1204702022","population":null,"formattedPop":null,"densityCategory":"No data","vulnerabilityRating":"No data","healthRiskLevel":"No data","areaKm2":41.953005,"centerLat":7.408544,"centerLng":124.793677,"geometrySource":"all_barangay-2.csv detailed WKT","geometryMatchMethod":"psgc_coordinate_bridge","boundaryPointCount":40},"geometry":{"type":"MultiPolygon","coordinates":[[[[124.75309,7.39621],[124.754494,7.40213],[124.757294,7.40588],[124.759277,7.41009],[124.769333,7.40583],[124.774223,7.40137],[124.787231,7.39555],[124.788887,7.39699],[124.793243,7.39898],[124.795998,7.3995],[124.798218,7.40036],[124.799263,7.40004],[124.804192,7.39945],[124.808662,7.39772],[124.814949,7.39711],[124.820587,7.39348],[124.825928,7.38966],[124.832977,7.38392],[124.838638,7.37839],[124.843193,7.37436],[124.84584,7.37275],[124.852539,7.37163],[124.862717,7.37167],[124.872253,7.37591],[124.876541,7.37327],[124.877274,7.36843],[124.873756,7.36371],[124.87133,7.35899],[124.868553,7.35477],[124.869698,7.34962],[124.866608,7.34238],[124.801804,7.35838],[124.798729,7.35905],[124.731003,7.37411],[124.72728,7.37863],[124.733414,7.38244],[124.743683,7.38582],[124.748177,7.38747],[124.751137,7.39035],[124.75309,7.39621]]]]}},{"type":"Feature","properties":{"ID_0":177,"ISO":"PHL","NAME_0":"Philippines","ID_1":12047,"NAME_1":"Cotabato (North Cotabato)","ID_2":1204702,"NAME_2":"Carmen","ID_3":1204702025,"NAME_3":"Manili","NL_NAME_3":null,"VARNAME_3":null,"TYPE_3":"Barangay","ENGTYPE_3":"Village","PROVINCE":"Cotabato (North Cotabato)","REGION":"Region XII (Soccsksargen)","id":"barangay-1204702025","name":"Manili","barangayCode":"1204702025","population":null,"formattedPop":null,"densityCategory":"No data","vulnerabilityRating":"No data","healthRiskLevel":"No data","areaKm2":17.185265,"centerLat":7.305911,"centerLng":124.830497,"geometrySource":"all_barangay-2.csv detailed WKT","geometryMatchMethod":"psgc_coordinate_bridge","boundaryPointCount":39},"geometry":{"type":"MultiPolygon","coordinates":[[[[124.849327,7.30841],[124.851013,7.30362],[124.855072,7.29758],[124.85759,7.29592],[124.856163,7.29213],[124.85038,7.29433],[124.84832,7.29445],[124.846497,7.29323],[124.846207,7.29149],[124.848312,7.29065],[124.851067,7.28991],[124.85331,7.28906],[124.85392,7.28802],[124.854317,7.28521],[124.85379,7.28335],[124.851578,7.2812],[124.848381,7.27982],[124.845322,7.27917],[124.835083,7.27896],[124.831413,7.27785],[124.829964,7.27848],[124.828194,7.27743],[124.824173,7.27685],[124.820129,7.27708],[124.819023,7.27895],[124.815804,7.28014],[124.806847,7.28955],[124.801247,7.29541],[124.79744,7.30011],[124.791641,7.30353],[124.79184,7.3043],[124.792801,7.31414],[124.800392,7.31503],[124.814613,7.31596],[124.821022,7.31343],[124.825844,7.3095],[124.829323,7.30793],[124.842438,7.3078],[124.849327,7.30841]]]]}},{"type":"Feature","properties":{"ID_0":177,"ISO":"PHL","NAME_0":"Philippines","ID_1":12047,"NAME_1":"Cotabato (North Cotabato)","ID_2":1204702,"NAME_2":"Carmen","ID_3":1204702028,"NAME_3":"Palanggalan","NL_NAME_3":null,"VARNAME_3":null,"TYPE_3":"Barangay","ENGTYPE_3":"Village","PROVINCE":"Cotabato (North Cotabato)","REGION":"Region XII (Soccsksargen)","id":"barangay-1204702028","name":"Palanggalan","barangayCode":"1204702028","population":null,"formattedPop":null,"densityCategory":"No data","vulnerabilityRating":"No data","healthRiskLevel":"No data","areaKm2":18.250015,"centerLat":7.274909,"centerLng":124.724246,"geometrySource":"all_barangay-2.csv detailed WKT","geometryMatchMethod":"psgc_coordinate_bridge","boundaryPointCount":27},"geometry":{"type":"MultiPolygon","coordinates":[[[[124.73954,7.30717],[124.735153,7.29623],[124.731956,7.28616],[124.732231,7.27413],[124.738007,7.26456],[124.742287,7.26182],[124.718826,7.24563],[124.71637,7.2481],[124.717072,7.25035],[124.715607,7.25163],[124.713058,7.25107],[124.711884,7.24771],[124.711151,7.24631],[124.709862,7.24618],[124.70842,7.25007],[124.707039,7.25185],[124.695442,7.24649],[124.69046,7.25777],[124.686798,7.2693],[124.68425,7.28678],[124.683891,7.29326],[124.683739,7.30055],[124.685753,7.30558],[124.685493,7.30599],[124.709991,7.30367],[124.722816,7.30439],[124.73954,7.30717]]]]}},{"type":"Feature","properties":{"ID_0":177,"ISO":"PHL","NAME_0":"Philippines","ID_1":12047,"NAME_1":"Cotabato (North Cotabato)","ID_2":1204702,"NAME_2":"Carmen","ID_3":1204702032,"NAME_3":"Poblacion","NL_NAME_3":null,"VARNAME_3":null,"TYPE_3":"Barangay","ENGTYPE_3":"Village","PROVINCE":"Cotabato (North Cotabato)","REGION":"Region XII (Soccsksargen)","id":"barangay-1204702032","name":"Poblacion","barangayCode":"1204702032","population":null,"formattedPop":null,"densityCategory":"No data","vulnerabilityRating":"No data","healthRiskLevel":"No data","areaKm2":6.937017,"centerLat":7.201997,"centerLng":124.799342,"geometrySource":"all_barangay-2.csv detailed WKT","geometryMatchMethod":"psgc_coordinate_bridge","boundaryPointCount":21},"geometry":{"type":"MultiPolygon","coordinates":[[[[124.804298,7.20956],[124.809769,7.20973],[124.814499,7.20879],[124.81218,7.20516],[124.81131,7.20229],[124.808647,7.19952],[124.804581,7.19769],[124.804962,7.19565],[124.810097,7.19508],[124.813553,7.19394],[124.815971,7.19132],[124.801491,7.18964],[124.794273,7.18972],[124.783241,7.18887],[124.782249,7.19679],[124.781967,7.20668],[124.785652,7.20752],[124.790176,7.20843],[124.794388,7.2095],[124.800453,7.20983],[124.804298,7.20956]]]]}},{"type":"Feature","properties":{"ID_0":177,"ISO":"PHL","NAME_0":"Philippines","ID_1":12047,"NAME_1":"Cotabato (North Cotabato)","ID_2":1204702,"NAME_2":"Carmen","ID_3":1204702034,"NAME_3":"Ranzo","NL_NAME_3":null,"VARNAME_3":null,"TYPE_3":"Barangay","ENGTYPE_3":"Village","PROVINCE":"Cotabato (North Cotabato)","REGION":"Region XII (Soccsksargen)","id":"barangay-1204702034","name":"Ranzo","barangayCode":"1204702034","population":null,"formattedPop":null,"densityCategory":"No data","vulnerabilityRating":"No data","healthRiskLevel":"No data","areaKm2":14.017678,"centerLat":7.249457,"centerLng":124.749592,"geometrySource":"all_barangay-2.csv detailed WKT","geometryMatchMethod":"psgc_coordinate_bridge","boundaryPointCount":22},"geometry":{"type":"MultiPolygon","coordinates":[[[[124.75724,7.26195],[124.758179,7.2606],[124.760071,7.25857],[124.76268,7.25668],[124.766502,7.25545],[124.772247,7.25348],[124.772438,7.24999],[124.771896,7.24609],[124.771042,7.24166],[124.770332,7.23974],[124.769371,7.23793],[124.768112,7.23522],[124.767662,7.23411],[124.770012,7.22526],[124.760979,7.22589],[124.746277,7.23368],[124.734734,7.23807],[124.727081,7.24139],[124.718803,7.24472],[124.718826,7.24563],[124.742287,7.26182],[124.75724,7.26195]]]]}},{"type":"Feature","properties":{"ID_0":177,"ISO":"PHL","NAME_0":"Philippines","ID_1":12047,"NAME_1":"Cotabato (North Cotabato)","ID_2":1204702,"NAME_2":"Carmen","ID_3":1204702035,"NAME_3":"Tacupan","NL_NAME_3":null,"VARNAME_3":null,"TYPE_3":"Barangay","ENGTYPE_3":"Village","PROVINCE":"Cotabato (North Cotabato)","REGION":"Region XII (Soccsksargen)","id":"barangay-1204702035","name":"Tacupan","barangayCode":"1204702035","population":null,"formattedPop":null,"densityCategory":"No data","vulnerabilityRating":"No data","healthRiskLevel":"No data","areaKm2":6.843558,"centerLat":7.221678,"centerLng":124.800939,"geometrySource":"all_barangay-2.csv detailed WKT","geometryMatchMethod":"psgc_coordinate_bridge","boundaryPointCount":22},"geometry":{"type":"MultiPolygon","coordinates":[[[[124.797821,7.23007],[124.800697,7.22684],[124.805054,7.22601],[124.807167,7.22273],[124.807877,7.21961],[124.808563,7.21636],[124.804298,7.20956],[124.800453,7.20983],[124.794388,7.2095],[124.790176,7.20843],[124.785652,7.20752],[124.781967,7.20668],[124.76709,7.21312],[124.756126,7.22028],[124.754677,7.22043],[124.760094,7.22264],[124.770012,7.22526],[124.771606,7.22569],[124.776443,7.2273],[124.784637,7.22741],[124.790352,7.22741],[124.797821,7.23007]]]]}},{"type":"Feature","properties":{"ID_0":177,"ISO":"PHL","NAME_0":"Philippines","ID_1":12047,"NAME_1":"Cotabato (North Cotabato)","ID_2":1204702,"NAME_2":"Carmen","ID_3":1204702036,"NAME_3":"Tambad","NL_NAME_3":null,"VARNAME_3":null,"TYPE_3":"Barangay","ENGTYPE_3":"Village","PROVINCE":"Cotabato (North Cotabato)","REGION":"Region XII (Soccsksargen)","id":"barangay-1204702036","name":"Tambad","barangayCode":"1204702036","population":null,"formattedPop":null,"densityCategory":"No data","vulnerabilityRating":"No data","healthRiskLevel":"No data","areaKm2":22.065324,"centerLat":7.417178,"centerLng":124.857952,"geometrySource":"all_barangay-2.csv detailed WKT","geometryMatchMethod":"psgc_coordinate_bridge","boundaryPointCount":161},"geometry":{"type":"MultiPolygon","coordinates":[[[[124.847839,7.44486],[124.850601,7.44314],[124.852203,7.44179],[124.852676,7.44118],[124.854424,7.43923],[124.858177,7.43601],[124.860878,7.43402],[124.864563,7.43203],[124.867493,7.43118],[124.869881,7.43125],[124.871597,7.4317],[124.873444,7.43231],[124.874046,7.43276],[124.874474,7.43266],[124.875717,7.43263],[124.876831,7.43293],[124.877747,7.43298],[124.878357,7.4326],[124.879013,7.43195],[124.879463,7.43123],[124.880463,7.42861],[124.880409,7.4275],[124.880386,7.42601],[124.880821,7.42449],[124.880699,7.42382],[124.880096,7.42294],[124.879753,7.42198],[124.879463,7.42088],[124.879112,7.41907],[124.87957,7.41803],[124.880058,7.41682],[124.880188,7.4157],[124.88018,7.41554],[124.881981,7.41648],[124.882988,7.41699],[124.884377,7.41702],[124.88604,7.41704],[124.887657,7.41715],[124.88884,7.41691],[124.889862,7.41665],[124.890503,7.41625],[124.891243,7.41548],[124.892632,7.41451],[124.894043,7.41454],[124.895592,7.41512],[124.89724,7.41618],[124.898262,7.41653],[124.898697,7.41493],[124.898483,7.41385],[124.899727,7.41361],[124.900162,7.41417],[124.90062,7.4154],[124.901154,7.41633],[124.901611,7.417],[124.902473,7.41766],[124.903442,7.41817],[124.903969,7.41877],[124.904732,7.41902],[124.905022,7.41884],[124.90612,7.41872],[124.906807,7.41955],[124.907303,7.42029],[124.907677,7.42048],[124.90863,7.42074],[124.910767,7.42101],[124.911903,7.42147],[124.91243,7.4218],[124.913269,7.42225],[124.913971,7.42265],[124.914963,7.42287],[124.915947,7.423],[124.917442,7.4238],[124.918617,7.42453],[124.91935,7.42498],[124.919807,7.42538],[124.921013,7.42697],[124.921494,7.42806],[124.9216,7.42938],[124.921967,7.42981],[124.922798,7.43051],[124.923431,7.43132],[124.923828,7.43181],[124.924828,7.43206],[124.925262,7.431],[124.925583,7.43055],[124.926659,7.43068],[124.927643,7.43168],[124.928757,7.43205],[124.928864,7.43181],[124.928619,7.43066],[124.929153,7.43034],[124.930107,7.4306],[124.931419,7.43098],[124.933243,7.43129],[124.933357,7.431],[124.933311,7.42943],[124.933662,7.42842],[124.935608,7.42696],[124.936996,7.42581],[124.937813,7.42461],[124.938629,7.42316],[124.939819,7.42259],[124.940117,7.42184],[124.94001,7.42029],[124.940422,7.41909],[124.940643,7.41787],[124.940727,7.41636],[124.9412,7.4155],[124.943909,7.40761],[124.944397,7.4026],[124.944687,7.39529],[124.944923,7.39204],[124.946793,7.37664],[124.946663,7.3716],[124.947273,7.36953],[124.944679,7.36799],[124.940086,7.36677],[124.940773,7.36492],[124.941116,7.36252],[124.939583,7.36015],[124.936684,7.36005],[124.933998,7.35974],[124.932907,7.35925],[124.931908,7.35369],[124.931198,7.35015],[124.931343,7.34549],[124.931686,7.3383],[124.926514,7.33347],[124.909439,7.33777],[124.906097,7.33323],[124.905663,7.33203],[124.882088,7.34068],[124.876083,7.34123],[124.866608,7.34238],[124.869698,7.34962],[124.868553,7.35477],[124.87133,7.35899],[124.873756,7.36371],[124.877274,7.36843],[124.876541,7.37327],[124.872253,7.37591],[124.869453,7.37991],[124.865677,7.38151],[124.862122,7.38321],[124.860283,7.3874],[124.855766,7.39198],[124.852577,7.39523],[124.851044,7.39805],[124.847702,7.40361],[124.846367,7.40767],[124.845154,7.41047],[124.842598,7.41483],[124.840233,7.4195],[124.836746,7.42268],[124.831879,7.42846],[124.830116,7.42806],[124.830963,7.42952],[124.834427,7.43403],[124.837738,7.43729],[124.84304,7.441],[124.847839,7.44486]]]]}},{"type":"Feature","properties":{"ID_0":177,"ISO":"PHL","NAME_0":"Philippines","ID_1":12047,"NAME_1":"Cotabato (North Cotabato)","ID_2":1204702,"NAME_2":"Carmen","ID_3":1204702037,"NAME_3":"Tonganon","NL_NAME_3":null,"VARNAME_3":null,"TYPE_3":"Barangay","ENGTYPE_3":"Village","PROVINCE":"Cotabato (North Cotabato)","REGION":"Region XII (Soccsksargen)","id":"barangay-1204702037","name":"Tonganon","barangayCode":"1204702037","population":null,"formattedPop":null,"densityCategory":"No data","vulnerabilityRating":"No data","healthRiskLevel":"No data","areaKm2":71.43915,"centerLat":7.283003,"centerLng":124.67239,"geometrySource":"all_barangay-2.csv detailed WKT","geometryMatchMethod":"psgc_coordinate_bridge","boundaryPointCount":56},"geometry":{"type":"MultiPolygon","coordinates":[[[[124.685493,7.30599],[124.685753,7.30558],[124.683739,7.30055],[124.683891,7.29326],[124.68425,7.28678],[124.686798,7.2693],[124.69046,7.25777],[124.695442,7.24649],[124.692528,7.24465],[124.68058,7.23873],[124.663712,7.23268],[124.661209,7.23242],[124.659508,7.23393],[124.660568,7.23555],[124.658073,7.23791],[124.657539,7.23938],[124.656197,7.24089],[124.65451,7.23927],[124.652153,7.23841],[124.650391,7.23832],[124.648376,7.23863],[124.647888,7.2395],[124.64679,7.23989],[124.645714,7.24303],[124.644577,7.24508],[124.642723,7.24765],[124.641037,7.25047],[124.639999,7.25185],[124.637367,7.25323],[124.635101,7.25409],[124.634361,7.25624],[124.635246,7.2577],[124.635742,7.25916],[124.634102,7.26128],[124.634361,7.26459],[124.632309,7.26447],[124.629417,7.26645],[124.63031,7.26827],[124.629211,7.27064],[124.629883,7.27333],[124.627991,7.27782],[124.629868,7.28114],[124.629677,7.28283],[124.629913,7.28594],[124.632263,7.28816],[124.631393,7.29106],[124.63131,7.2928],[124.631233,7.2949],[124.631813,7.29706],[124.632919,7.29959],[124.633018,7.30218],[124.632103,7.30586],[124.63131,7.3088],[124.658409,7.3086],[124.67392,7.30816],[124.685493,7.30599]]]]}},{"type":"Feature","properties":{"ID_0":177,"ISO":"PHL","NAME_0":"Philippines","ID_1":12047,"NAME_1":"Cotabato (North Cotabato)","ID_2":1204703,"NAME_2":"Kabacan","ID_3":1204703001,"NAME_3":"Aringay","NL_NAME_3":null,"VARNAME_3":null,"TYPE_3":"Barangay","ENGTYPE_3":"Village","PROVINCE":"Cotabato (North Cotabato)","REGION":"Region XII (Soccsksargen)","id":"barangay-1204703001","name":"Aringay","barangayCode":"1204703001","population":null,"formattedPop":null,"densityCategory":"No data","vulnerabilityRating":"No data","healthRiskLevel":"No data","areaKm2":6.654398,"centerLat":7.132299,"centerLng":124.835864,"geometrySource":"all_barangay-2.csv detailed WKT","geometryMatchMethod":"psgc_coordinate_bridge","boundaryPointCount":29},"geometry":{"type":"MultiPolygon","coordinates":[[[[124.853683,7.13318],[124.853943,7.1288],[124.852837,7.11964],[124.852119,7.11484],[124.851402,7.11416],[124.850838,7.11378],[124.849777,7.11427],[124.849609,7.11611],[124.847908,7.11528],[124.846207,7.11417],[124.844101,7.11425],[124.84127,7.11407],[124.839783,7.11527],[124.83844,7.11667],[124.835907,7.11647],[124.834976,7.11853],[124.832802,7.11772],[124.831284,7.11888],[124.833588,7.12061],[124.831886,7.12284],[124.827682,7.12345],[124.827904,7.12633],[124.827957,7.13001],[124.827843,7.1342],[124.829803,7.13351],[124.833229,7.1336],[124.838547,7.1334],[124.843224,7.13317],[124.853683,7.13318]]]]}},{"type":"Feature","properties":{"ID_0":177,"ISO":"PHL","NAME_0":"Philippines","ID_1":12047,"NAME_1":"Cotabato (North Cotabato)","ID_2":1204703,"NAME_2":"Kabacan","ID_3":1204703002,"NAME_3":"Bangilan","NL_NAME_3":null,"VARNAME_3":null,"TYPE_3":"Barangay","ENGTYPE_3":"Village","PROVINCE":"Cotabato (North Cotabato)","REGION":"Region XII (Soccsksargen)","id":"barangay-1204703002","name":"Bangilan","barangayCode":"1204703002","population":null,"formattedPop":null,"densityCategory":"No data","vulnerabilityRating":"No data","healthRiskLevel":"No data","areaKm2":36.403404,"centerLat":7.186855,"centerLng":124.894239,"geometrySource":"all_barangay-2.csv detailed WKT","geometryMatchMethod":"psgc_coordinate_bridge","boundaryPointCount":23},"geometry":{"type":"MultiPolygon","coordinates":[[[[124.892441,7.15808],[124.892227,7.15386],[124.889374,7.1404],[124.886009,7.14],[124.883186,7.13934],[124.878372,7.13951],[124.879242,7.14129],[124.877991,7.14538],[124.877167,7.14874],[124.877113,7.15165],[124.876297,7.1538],[124.875793,7.15571],[124.874901,7.15938],[124.877777,7.15921],[124.877724,7.15702],[124.879311,7.15704],[124.879723,7.15555],[124.882446,7.15614],[124.884567,7.15835],[124.885933,7.16059],[124.887863,7.16267],[124.889648,7.16371],[124.892441,7.15808]]]]}},{"type":"Feature","properties":{"ID_0":177,"ISO":"PHL","NAME_0":"Philippines","ID_1":12047,"NAME_1":"Cotabato (North Cotabato)","ID_2":1204703,"NAME_2":"Kabacan","ID_3":1204703003,"NAME_3":"Bannawag","NL_NAME_3":null,"VARNAME_3":null,"TYPE_3":"Barangay","ENGTYPE_3":"Village","PROVINCE":"Cotabato (North Cotabato)","REGION":"Region XII (Soccsksargen)","id":"barangay-1204703003","name":"Bannawag","barangayCode":"1204703003","population":null,"formattedPop":null,"densityCategory":"No data","vulnerabilityRating":"No data","healthRiskLevel":"No data","areaKm2":5.552082,"centerLat":7.154199,"centerLng":124.869922,"geometrySource":"all_barangay-2.csv detailed WKT","geometryMatchMethod":"psgc_coordinate_bridge","boundaryPointCount":35},"geometry":{"type":"MultiPolygon","coordinates":[[[[124.860367,7.15398],[124.862167,7.15438],[124.862198,7.15567],[124.862747,7.15637],[124.863777,7.15764],[124.864738,7.15702],[124.866753,7.15699],[124.868011,7.15616],[124.869133,7.15584],[124.870956,7.15627],[124.871834,7.15791],[124.873177,7.1595],[124.873947,7.1596],[124.874901,7.15938],[124.875793,7.15571],[124.876297,7.1538],[124.877113,7.15165],[124.877167,7.14874],[124.877991,7.14538],[124.879242,7.14129],[124.878372,7.13951],[124.874573,7.13895],[124.870934,7.13852],[124.867973,7.13638],[124.868042,7.13614],[124.864647,7.13839],[124.86116,7.14123],[124.858879,7.14326],[124.853561,7.14568],[124.854561,7.14758],[124.853439,7.14927],[124.854469,7.15052],[124.857368,7.15194],[124.858994,7.15279],[124.860367,7.15398]]]]}},{"type":"Feature","properties":{"ID_0":177,"ISO":"PHL","NAME_0":"Philippines","ID_1":12047,"NAME_1":"Cotabato (North Cotabato)","ID_2":1204703,"NAME_2":"Kabacan","ID_3":1204703005,"NAME_3":"Cuyapon","NL_NAME_3":null,"VARNAME_3":null,"TYPE_3":"Barangay","ENGTYPE_3":"Village","PROVINCE":"Cotabato (North Cotabato)","REGION":"Region XII (Soccsksargen)","id":"barangay-1204703005","name":"Cuyapon","barangayCode":"1204703005","population":null,"formattedPop":null,"densityCategory":"No data","vulnerabilityRating":"No data","healthRiskLevel":"No data","areaKm2":6.625631,"centerLat":7.047626,"centerLng":124.831969,"geometrySource":"all_barangay-2.csv detailed WKT","geometryMatchMethod":"psgc_coordinate_bridge","boundaryPointCount":26},"geometry":{"type":"MultiPolygon","coordinates":[[[[124.83625,7.06566],[124.83683,7.06591],[124.840843,7.06499],[124.843468,7.06498],[124.845413,7.06587],[124.847282,7.0669],[124.849586,7.06764],[124.852364,7.06685],[124.853394,7.06648],[124.85141,7.06084],[124.845833,7.03992],[124.841782,7.02391],[124.83522,6.99963],[124.807693,7.00041],[124.789749,7.00029],[124.790001,7.0112],[124.79097,7.02457],[124.791237,7.02765],[124.793472,7.05921],[124.820328,7.05802],[124.819656,7.06573],[124.827637,7.0645],[124.829651,7.0645],[124.831688,7.06428],[124.834061,7.06501],[124.83625,7.06566]]]]}},{"type":"Feature","properties":{"ID_0":177,"ISO":"PHL","NAME_0":"Philippines","ID_1":12047,"NAME_1":"Cotabato (North Cotabato)","ID_2":1204703,"NAME_2":"Kabacan","ID_3":1204703006,"NAME_3":"Dagupan","NL_NAME_3":null,"VARNAME_3":null,"TYPE_3":"Barangay","ENGTYPE_3":"Village","PROVINCE":"Cotabato (North Cotabato)","REGION":"Region XII (Soccsksargen)","id":"barangay-1204703006","name":"Dagupan","barangayCode":"1204703006","population":null,"formattedPop":null,"densityCategory":"No data","vulnerabilityRating":"No data","healthRiskLevel":"No data","areaKm2":6.73013,"centerLat":7.123971,"centerLng":124.866983,"geometrySource":"all_barangay-2.csv detailed WKT","geometryMatchMethod":"psgc_coordinate_bridge","boundaryPointCount":23},"geometry":{"type":"MultiPolygon","coordinates":[[[[124.868538,7.13309],[124.869583,7.1328],[124.869926,7.12922],[124.870537,7.12564],[124.871689,7.12118],[124.872757,7.11826],[124.873619,7.11413],[124.873711,7.11396],[124.869942,7.11537],[124.868477,7.11254],[124.865913,7.11196],[124.863724,7.11311],[124.860649,7.11305],[124.858551,7.11419],[124.856827,7.11502],[124.853256,7.11514],[124.852119,7.11484],[124.852837,7.11964],[124.853943,7.1288],[124.853683,7.13318],[124.858032,7.13327],[124.863213,7.13319],[124.868538,7.13309]]]]}},{"type":"Feature","properties":{"ID_0":177,"ISO":"PHL","NAME_0":"Philippines","ID_1":12047,"NAME_1":"Cotabato (North Cotabato)","ID_2":1204703,"NAME_2":"Kabacan","ID_3":1204703007,"NAME_3":"Katidtuan","NL_NAME_3":null,"VARNAME_3":null,"TYPE_3":"Barangay","ENGTYPE_3":"Village","PROVINCE":"Cotabato (North Cotabato)","REGION":"Region XII (Soccsksargen)","id":"barangay-1204703007","name":"Katidtuan","barangayCode":"1204703007","population":null,"formattedPop":null,"densityCategory":"No data","vulnerabilityRating":"No data","healthRiskLevel":"No data","areaKm2":8.889049,"centerLat":7.101791,"centerLng":124.863975,"geometrySource":"all_barangay-2.csv detailed WKT","geometryMatchMethod":"psgc_coordinate_bridge","boundaryPointCount":34},"geometry":{"type":"MultiPolygon","coordinates":[[[[124.873711,7.11396],[124.874977,7.11472],[124.875633,7.11415],[124.877663,7.11427],[124.882408,7.11547],[124.8815,7.1124],[124.877541,7.09547],[124.875763,7.08789],[124.874779,7.0873],[124.872147,7.08653],[124.870033,7.08601],[124.867538,7.08502],[124.865997,7.08357],[124.864342,7.08309],[124.860924,7.08231],[124.858162,7.0823],[124.85643,7.08236],[124.854309,7.08131],[124.852699,7.0793],[124.852112,7.07724],[124.850853,7.07697],[124.849998,7.07751],[124.85141,7.0807],[124.852386,7.08572],[124.853043,7.08981],[124.854927,7.09655],[124.856873,7.10302],[124.858551,7.11419],[124.860649,7.11305],[124.863724,7.11311],[124.865913,7.11196],[124.868477,7.11254],[124.869942,7.11537],[124.873711,7.11396]]]]}},{"type":"Feature","properties":{"ID_0":177,"ISO":"PHL","NAME_0":"Philippines","ID_1":12047,"NAME_1":"Cotabato (North Cotabato)","ID_2":1204703,"NAME_2":"Kabacan","ID_3":1204703008,"NAME_3":"Kayaga","NL_NAME_3":null,"VARNAME_3":null,"TYPE_3":"Barangay","ENGTYPE_3":"Village","PROVINCE":"Cotabato (North Cotabato)","REGION":"Region XII (Soccsksargen)","id":"barangay-1204703008","name":"Kayaga","barangayCode":"1204703008","population":null,"formattedPop":null,"densityCategory":"No data","vulnerabilityRating":"No data","healthRiskLevel":"No data","areaKm2":14.796487,"centerLat":7.120046,"centerLng":124.803423,"geometrySource":"all_barangay-2.csv detailed WKT","geometryMatchMethod":"psgc_coordinate_bridge","boundaryPointCount":38},"geometry":{"type":"MultiPolygon","coordinates":[[[[124.732468,7.17841],[124.753723,7.16835],[124.766212,7.16261],[124.780853,7.15554],[124.802223,7.1461],[124.804314,7.15181],[124.806877,7.15102],[124.80928,7.15078],[124.811699,7.14958],[124.812988,7.14996],[124.814262,7.14969],[124.815239,7.14948],[124.814194,7.14827],[124.814751,7.14434],[124.813904,7.13984],[124.813522,7.13548],[124.8134,7.1321],[124.813332,7.12821],[124.812721,7.12447],[124.812233,7.11985],[124.811852,7.11433],[124.811668,7.10964],[124.811546,7.10546],[124.81102,7.10044],[124.810371,7.09719],[124.802353,7.09771],[124.797813,7.09872],[124.793457,7.09662],[124.794296,7.10955],[124.778381,7.12491],[124.771797,7.13069],[124.759117,7.14287],[124.743813,7.1574],[124.736763,7.16387],[124.713669,7.18581],[124.708992,7.19049],[124.716949,7.18639],[124.732468,7.17841]]]]}},{"type":"Feature","properties":{"ID_0":177,"ISO":"PHL","NAME_0":"Philippines","ID_1":12047,"NAME_1":"Cotabato (North Cotabato)","ID_2":1204703,"NAME_2":"Kabacan","ID_3":1204703009,"NAME_3":"Kilagasan","NL_NAME_3":null,"VARNAME_3":null,"TYPE_3":"Barangay","ENGTYPE_3":"Village","PROVINCE":"Cotabato (North Cotabato)","REGION":"Region XII (Soccsksargen)","id":"barangay-1204703009","name":"Kilagasan","barangayCode":"1204703009","population":null,"formattedPop":null,"densityCategory":"No data","vulnerabilityRating":"No data","healthRiskLevel":"No data","areaKm2":21.328183,"centerLat":7.08391,"centerLng":124.81446,"geometrySource":"all_barangay-2.csv detailed WKT","geometryMatchMethod":"psgc_coordinate_bridge","boundaryPointCount":13},"geometry":{"type":"MultiPolygon","coordinates":[[[[124.810371,7.09719],[124.81971,7.0961],[124.825508,7.09531],[124.825539,7.09469],[124.824677,7.09132],[124.824074,7.08833],[124.82299,7.08572],[124.822372,7.08366],[124.809708,7.08472],[124.809883,7.09251],[124.80983,7.09432],[124.810379,7.09708],[124.810371,7.09719]]]]}},{"type":"Feature","properties":{"ID_0":177,"ISO":"PHL","NAME_0":"Philippines","ID_1":12047,"NAME_1":"Cotabato (North Cotabato)","ID_2":1204703,"NAME_2":"Kabacan","ID_3":1204703010,"NAME_3":"Magatos","NL_NAME_3":null,"VARNAME_3":null,"TYPE_3":"Barangay","ENGTYPE_3":"Village","PROVINCE":"Cotabato (North Cotabato)","REGION":"Region XII (Soccsksargen)","id":"barangay-1204703010","name":"Magatos","barangayCode":"1204703010","population":null,"formattedPop":null,"densityCategory":"No data","vulnerabilityRating":"No data","healthRiskLevel":"No data","areaKm2":10.438899,"centerLat":7.087171,"centerLng":124.791239,"geometrySource":"all_barangay-2.csv detailed WKT","geometryMatchMethod":"psgc_coordinate_bridge","boundaryPointCount":11},"geometry":{"type":"MultiPolygon","coordinates":[[[[124.810371,7.09719],[124.810379,7.09708],[124.80983,7.09432],[124.809883,7.09251],[124.809708,7.08472],[124.800743,7.0849],[124.793663,7.08486],[124.793457,7.09662],[124.797813,7.09872],[124.802353,7.09771],[124.810371,7.09719]]]]}},{"type":"Feature","properties":{"ID_0":177,"ISO":"PHL","NAME_0":"Philippines","ID_1":12047,"NAME_1":"Cotabato (North Cotabato)","ID_2":1204703,"NAME_2":"Kabacan","ID_3":1204703011,"NAME_3":"Malamote","NL_NAME_3":null,"VARNAME_3":null,"TYPE_3":"Barangay","ENGTYPE_3":"Village","PROVINCE":"Cotabato (North Cotabato)","REGION":"Region XII (Soccsksargen)","id":"barangay-1204703011","name":"Malamote","barangayCode":"1204703011","population":null,"formattedPop":null,"densityCategory":"No data","vulnerabilityRating":"No data","healthRiskLevel":"No data","areaKm2":4.53825,"centerLat":7.077162,"centerLng":124.867274,"geometrySource":"all_barangay-2.csv detailed WKT","geometryMatchMethod":"psgc_coordinate_bridge","boundaryPointCount":23},"geometry":{"type":"MultiPolygon","coordinates":[[[[124.85643,7.08236],[124.858162,7.0823],[124.860924,7.08231],[124.864342,7.08309],[124.865997,7.08357],[124.867538,7.08502],[124.870033,7.08601],[124.872147,7.08653],[124.874779,7.0873],[124.875763,7.08789],[124.871559,7.07566],[124.866699,7.05948],[124.863319,7.04796],[124.861382,7.03959],[124.851677,6.99899],[124.83522,6.99963],[124.841782,7.02391],[124.845833,7.03992],[124.85141,7.06084],[124.853394,7.06648],[124.854271,7.06929],[124.855186,7.07388],[124.85643,7.08236]]]]}},{"type":"Feature","properties":{"ID_0":177,"ISO":"PHL","NAME_0":"Philippines","ID_1":12047,"NAME_1":"Cotabato (North Cotabato)","ID_2":1204703,"NAME_2":"Kabacan","ID_3":1204703012,"NAME_3":"Malanduague","NL_NAME_3":null,"VARNAME_3":null,"TYPE_3":"Barangay","ENGTYPE_3":"Village","PROVINCE":"Cotabato (North Cotabato)","REGION":"Region XII (Soccsksargen)","id":"barangay-1204703012","name":"Malanduague","barangayCode":"1204703012","population":null,"formattedPop":null,"densityCategory":"No data","vulnerabilityRating":"No data","healthRiskLevel":"No data","areaKm2":4.825545,"centerLat":7.139524,"centerLng":124.854119,"geometrySource":"all_barangay-2.csv detailed WKT","geometryMatchMethod":"psgc_coordinate_bridge","boundaryPointCount":27},"geometry":{"type":"MultiPolygon","coordinates":[[[[124.853561,7.14568],[124.858879,7.14326],[124.86116,7.14123],[124.864647,7.13839],[124.868042,7.13614],[124.868538,7.13309],[124.863213,7.13319],[124.858032,7.13327],[124.853683,7.13318],[124.843224,7.13317],[124.838547,7.1334],[124.833229,7.1336],[124.829803,7.13351],[124.827843,7.1342],[124.82795,7.13773],[124.827187,7.14187],[124.82914,7.14265],[124.832008,7.14109],[124.834129,7.13933],[124.837059,7.13892],[124.840363,7.14037],[124.842697,7.14209],[124.844017,7.14414],[124.846619,7.14412],[124.84893,7.14396],[124.850937,7.14437],[124.853561,7.14568]]]]}},{"type":"Feature","properties":{"ID_0":177,"ISO":"PHL","NAME_0":"Philippines","ID_1":12047,"NAME_1":"Cotabato (North Cotabato)","ID_2":1204703,"NAME_2":"Kabacan","ID_3":1204703014,"NAME_3":"Osias","NL_NAME_3":null,"VARNAME_3":null,"TYPE_3":"Barangay","ENGTYPE_3":"Village","PROVINCE":"Cotabato (North Cotabato)","REGION":"Region XII (Soccsksargen)","id":"barangay-1204703014","name":"Osias","barangayCode":"1204703014","population":null,"formattedPop":null,"densityCategory":"No data","vulnerabilityRating":"No data","healthRiskLevel":"No data","areaKm2":3.005145,"centerLat":7.100184,"centerLng":124.838832,"geometrySource":"all_barangay-2.csv detailed WKT","geometryMatchMethod":"psgc_coordinate_bridge","boundaryPointCount":22},"geometry":{"type":"MultiPolygon","coordinates":[[[[124.852119,7.11484],[124.853256,7.11514],[124.856827,7.11502],[124.858551,7.11419],[124.856873,7.10302],[124.854927,7.09655],[124.853043,7.08981],[124.852386,7.08572],[124.85141,7.0807],[124.849998,7.07751],[124.847031,7.07584],[124.844872,7.07402],[124.843048,7.07215],[124.843628,7.08064],[124.844681,7.08571],[124.845573,7.09189],[124.845901,7.09182],[124.847954,7.09988],[124.849823,7.10809],[124.850838,7.11378],[124.851402,7.11416],[124.852119,7.11484]]]]}},{"type":"Feature","properties":{"ID_0":177,"ISO":"PHL","NAME_0":"Philippines","ID_1":12047,"NAME_1":"Cotabato (North Cotabato)","ID_2":1204703,"NAME_2":"Kabacan","ID_3":1204703015,"NAME_3":"Paatan Lower","NL_NAME_3":null,"VARNAME_3":null,"TYPE_3":"Barangay","ENGTYPE_3":"Village","PROVINCE":"Cotabato (North Cotabato)","REGION":"Region XII (Soccsksargen)","id":"barangay-1204703015","name":"Paatan Lower","barangayCode":"1204703015","population":null,"formattedPop":null,"densityCategory":"No data","vulnerabilityRating":"No data","healthRiskLevel":"No data","areaKm2":6.601678,"centerLat":7.080116,"centerLng":124.831671,"geometrySource":"all_barangay-2.csv detailed WKT","geometryMatchMethod":"psgc_coordinate_bridge","boundaryPointCount":26},"geometry":{"type":"MultiPolygon","coordinates":[[[[124.825508,7.09531],[124.831032,7.0945],[124.835159,7.09386],[124.845573,7.09189],[124.844681,7.08571],[124.843628,7.08064],[124.843048,7.07215],[124.843063,7.07188],[124.839447,7.07012],[124.837517,7.06808],[124.836571,7.06645],[124.83625,7.06566],[124.834061,7.06501],[124.831688,7.06428],[124.829651,7.0645],[124.827637,7.0645],[124.819656,7.06573],[124.820213,7.0723],[124.820633,7.07733],[124.821297,7.0805],[124.822372,7.08366],[124.82299,7.08572],[124.824074,7.08833],[124.824677,7.09132],[124.825539,7.09469],[124.825508,7.09531]]]]}},{"type":"Feature","properties":{"ID_0":177,"ISO":"PHL","NAME_0":"Philippines","ID_1":12047,"NAME_1":"Cotabato (North Cotabato)","ID_2":1204703,"NAME_2":"Kabacan","ID_3":1204703016,"NAME_3":"Paatan Upper","NL_NAME_3":null,"VARNAME_3":null,"TYPE_3":"Barangay","ENGTYPE_3":"Village","PROVINCE":"Cotabato (North Cotabato)","REGION":"Region XII (Soccsksargen)","id":"barangay-1204703016","name":"Paatan Upper","barangayCode":"1204703016","population":null,"formattedPop":null,"densityCategory":"No data","vulnerabilityRating":"No data","healthRiskLevel":"No data","areaKm2":7.025407,"centerLat":7.073458,"centerLng":124.848252,"geometrySource":"all_barangay-2.csv detailed WKT","geometryMatchMethod":"psgc_coordinate_bridge","boundaryPointCount":25},"geometry":{"type":"MultiPolygon","coordinates":[[[[124.85643,7.08236],[124.855186,7.07388],[124.854271,7.06929],[124.853394,7.06648],[124.852364,7.06685],[124.849586,7.06764],[124.847282,7.0669],[124.845413,7.06587],[124.843468,7.06498],[124.840843,7.06499],[124.83683,7.06591],[124.83625,7.06566],[124.836571,7.06645],[124.837517,7.06808],[124.839447,7.07012],[124.843063,7.07188],[124.843048,7.07215],[124.844872,7.07402],[124.847031,7.07584],[124.849998,7.07751],[124.850853,7.07697],[124.852112,7.07724],[124.852699,7.0793],[124.854309,7.08131],[124.85643,7.08236]]]]}},{"type":"Feature","properties":{"ID_0":177,"ISO":"PHL","NAME_0":"Philippines","ID_1":12047,"NAME_1":"Cotabato (North Cotabato)","ID_2":1204703,"NAME_2":"Kabacan","ID_3":1204703018,"NAME_3":"Pisan","NL_NAME_3":null,"VARNAME_3":null,"TYPE_3":"Barangay","ENGTYPE_3":"Village","PROVINCE":"Cotabato (North Cotabato)","REGION":"Region XII (Soccsksargen)","id":"barangay-1204703018","name":"Pisan","barangayCode":"1204703018","population":null,"formattedPop":null,"densityCategory":"No data","vulnerabilityRating":"No data","healthRiskLevel":"No data","areaKm2":25.216046,"centerLat":7.197115,"centerLng":124.867326,"geometrySource":"all_barangay-2.csv detailed WKT","geometryMatchMethod":"psgc_coordinate_bridge","boundaryPointCount":54},"geometry":{"type":"MultiPolygon","coordinates":[[[[124.879044,7.18811],[124.882217,7.18062],[124.886543,7.17088],[124.887558,7.16924],[124.889,7.16626],[124.889648,7.16371],[124.887863,7.16267],[124.885933,7.16059],[124.884567,7.15835],[124.882446,7.15614],[124.879723,7.15555],[124.879311,7.15704],[124.877724,7.15702],[124.877777,7.15921],[124.874901,7.15938],[124.873947,7.1596],[124.873177,7.1595],[124.871834,7.15791],[124.870956,7.15627],[124.869133,7.15584],[124.868011,7.15616],[124.866753,7.15699],[124.864738,7.15702],[124.863777,7.15764],[124.862747,7.15637],[124.862198,7.15567],[124.862167,7.15438],[124.860367,7.15398],[124.8601,7.15499],[124.855438,7.15515],[124.854248,7.15682],[124.852402,7.15843],[124.852219,7.16088],[124.852859,7.1628],[124.850998,7.16258],[124.847267,7.16243],[124.844887,7.1631],[124.842323,7.16323],[124.840561,7.16336],[124.841827,7.16439],[124.842407,7.16541],[124.842484,7.16742],[124.841652,7.1698],[124.840424,7.17227],[124.841019,7.17339],[124.842796,7.17646],[124.843842,7.17947],[124.843513,7.18085],[124.841583,7.18209],[124.842178,7.1845],[124.843697,7.18663],[124.844322,7.18965],[124.85965,7.18926],[124.879044,7.18811]]]]}},{"type":"Feature","properties":{"ID_0":177,"ISO":"PHL","NAME_0":"Philippines","ID_1":12047,"NAME_1":"Cotabato (North Cotabato)","ID_2":1204703,"NAME_2":"Kabacan","ID_3":1204703019,"NAME_3":"Poblacion","NL_NAME_3":null,"VARNAME_3":null,"TYPE_3":"Barangay","ENGTYPE_3":"Village","PROVINCE":"Cotabato (North Cotabato)","REGION":"Region XII (Soccsksargen)","id":"barangay-1204703019","name":"Poblacion","barangayCode":"1204703019","population":null,"formattedPop":null,"densityCategory":"No data","vulnerabilityRating":"No data","healthRiskLevel":"No data","areaKm2":8.801485,"centerLat":7.11277,"centerLng":124.831652,"geometrySource":"all_barangay-2.csv detailed WKT","geometryMatchMethod":"psgc_coordinate_bridge","boundaryPointCount":50},"geometry":{"type":"MultiPolygon","coordinates":[[[[124.827682,7.12345],[124.831886,7.12284],[124.833588,7.12061],[124.831284,7.11888],[124.832802,7.11772],[124.834976,7.11853],[124.835907,7.11647],[124.83844,7.11667],[124.839783,7.11527],[124.84127,7.11407],[124.844101,7.11425],[124.846207,7.11417],[124.847908,7.11528],[124.849609,7.11611],[124.849777,7.11427],[124.850838,7.11378],[124.849823,7.10809],[124.847954,7.09988],[124.845901,7.09182],[124.845573,7.09189],[124.835159,7.09386],[124.831032,7.0945],[124.825508,7.09531],[124.81971,7.0961],[124.810371,7.09719],[124.81102,7.10044],[124.811546,7.10546],[124.811668,7.10964],[124.811852,7.11433],[124.812233,7.11985],[124.812721,7.12447],[124.813332,7.12821],[124.8134,7.1321],[124.813522,7.13548],[124.81424,7.13589],[124.814461,7.1347],[124.814751,7.13318],[124.815376,7.13239],[124.816803,7.13305],[124.818741,7.13418],[124.819153,7.13261],[124.820358,7.13168],[124.821678,7.13048],[124.821053,7.12885],[124.821167,7.12707],[124.822327,7.12601],[124.823669,7.1271],[124.82515,7.12633],[124.826881,7.12451],[124.827682,7.12345]]]]}},{"type":"Feature","properties":{"ID_0":177,"ISO":"PHL","NAME_0":"Philippines","ID_1":12047,"NAME_1":"Cotabato (North Cotabato)","ID_2":1204703,"NAME_2":"Kabacan","ID_3":1204703020,"NAME_3":"Salapungan","NL_NAME_3":null,"VARNAME_3":null,"TYPE_3":"Barangay","ENGTYPE_3":"Village","PROVINCE":"Cotabato (North Cotabato)","REGION":"Region XII (Soccsksargen)","id":"barangay-1204703020","name":"Salapungan","barangayCode":"1204703020","population":null,"formattedPop":null,"densityCategory":"No data","vulnerabilityRating":"No data","healthRiskLevel":"No data","areaKm2":1.649406,"centerLat":7.143359,"centerLng":124.818744,"geometrySource":"all_barangay-2.csv detailed WKT","geometryMatchMethod":"psgc_coordinate_bridge","boundaryPointCount":33},"geometry":{"type":"MultiPolygon","coordinates":[[[[124.827187,7.14187],[124.82795,7.13773],[124.827843,7.1342],[124.827957,7.13001],[124.827904,7.12633],[124.827682,7.12345],[124.826881,7.12451],[124.82515,7.12633],[124.823669,7.1271],[124.822327,7.12601],[124.821167,7.12707],[124.821053,7.12885],[124.821678,7.13048],[124.820358,7.13168],[124.819153,7.13261],[124.818741,7.13418],[124.816803,7.13305],[124.815376,7.13239],[124.814751,7.13318],[124.814461,7.1347],[124.81424,7.13589],[124.813522,7.13548],[124.813904,7.13984],[124.814751,7.14434],[124.814194,7.14827],[124.815239,7.14948],[124.816483,7.14942],[124.818253,7.14861],[124.821167,7.1474],[124.822777,7.14643],[124.824654,7.14449],[124.826668,7.14268],[124.827187,7.14187]]]]}},{"type":"Feature","properties":{"ID_0":177,"ISO":"PHL","NAME_0":"Philippines","ID_1":12047,"NAME_1":"Cotabato (North Cotabato)","ID_2":1204704,"NAME_2":"City of Kidapawan (Capital)","ID_3":1204704001,"NAME_3":"Amas","NL_NAME_3":null,"VARNAME_3":null,"TYPE_3":"Barangay","ENGTYPE_3":"Village","PROVINCE":"Cotabato (North Cotabato)","REGION":"Region XII (Soccsksargen)","id":"barangay-1204704001","name":"Amas","barangayCode":"1204704001","population":null,"formattedPop":null,"densityCategory":"No data","vulnerabilityRating":"No data","healthRiskLevel":"No data","areaKm2":14.68752,"centerLat":7.057136,"centerLng":124.973944,"geometrySource":"all_barangay-2.csv detailed WKT","geometryMatchMethod":"psgc_coordinate_bridge","boundaryPointCount":13},"geometry":{"type":"MultiPolygon","coordinates":[[[[125.008842,7.06217],[125.006973,7.0576],[125.004112,7.05099],[125.002213,7.04704],[124.989052,7.04794],[124.977348,7.04921],[124.977608,7.05588],[124.978104,7.05839],[124.981956,7.05502],[124.983971,7.0622],[124.985924,7.06867],[124.993118,7.06791],[125.008842,7.06217]]]]}},{"type":"Feature","properties":{"ID_0":177,"ISO":"PHL","NAME_0":"Philippines","ID_1":12047,"NAME_1":"Cotabato (North Cotabato)","ID_2":1204704,"NAME_2":"City of Kidapawan (Capital)","ID_3":1204704002,"NAME_3":"Amazion","NL_NAME_3":null,"VARNAME_3":null,"TYPE_3":"Barangay","ENGTYPE_3":"Village","PROVINCE":"Cotabato (North Cotabato)","REGION":"Region XII (Soccsksargen)","id":"barangay-1204704002","name":"Amazion","barangayCode":"1204704002","population":null,"formattedPop":null,"densityCategory":"No data","vulnerabilityRating":"No data","healthRiskLevel":"No data","areaKm2":5.848461,"centerLat":7.023356,"centerLng":124.995548,"geometrySource":"all_barangay-2.csv detailed WKT","geometryMatchMethod":"psgc_coordinate_bridge","boundaryPointCount":17},"geometry":{"type":"MultiPolygon","coordinates":[[[[125.021317,7.03824],[125.021881,7.03502],[125.022552,7.03225],[125.022636,7.0296],[125.011787,7.02479],[125.004883,7.0218],[124.997162,7.01855],[124.996948,7.0187],[124.99614,7.02202],[124.99575,7.02393],[124.995399,7.02674],[124.99585,7.03023],[124.996353,7.03328],[124.99823,7.03758],[125.000229,7.03732],[125.009811,7.03756],[125.021317,7.03824]]]]}},{"type":"Feature","properties":{"ID_0":177,"ISO":"PHL","NAME_0":"Philippines","ID_1":12047,"NAME_1":"Cotabato (North Cotabato)","ID_2":1204704,"NAME_2":"City of Kidapawan (Capital)","ID_3":1204704003,"NAME_3":"Balabag","NL_NAME_3":null,"VARNAME_3":null,"TYPE_3":"Barangay","ENGTYPE_3":"Village","PROVINCE":"Cotabato (North Cotabato)","REGION":"Region XII (Soccsksargen)","id":"barangay-1204704003","name":"Balabag","barangayCode":"1204704003","population":null,"formattedPop":null,"densityCategory":"No data","vulnerabilityRating":"No data","healthRiskLevel":"No data","areaKm2":6.679469,"centerLat":7.022592,"centerLng":125.189384,"geometrySource":"all_barangay-2.csv detailed WKT","geometryMatchMethod":"psgc_coordinate_bridge","boundaryPointCount":17},"geometry":{"type":"MultiPolygon","coordinates":[[[[125.176041,7.02624],[125.178673,7.02526],[125.187813,7.02105],[125.193443,7.01996],[125.197983,7.01497],[125.204323,7.01337],[125.211769,7.01039],[125.2229,7.00578],[125.221031,6.99915],[125.210739,6.99908],[125.193779,7.00467],[125.184143,7.00924],[125.171593,7.01203],[125.167824,7.01414],[125.170624,7.01546],[125.173859,7.02122],[125.176041,7.02624]]]]}},{"type":"Feature","properties":{"ID_0":177,"ISO":"PHL","NAME_0":"Philippines","ID_1":12047,"NAME_1":"Cotabato (North Cotabato)","ID_2":1204704,"NAME_2":"City of Kidapawan (Capital)","ID_3":1204704004,"NAME_3":"Balindog","NL_NAME_3":null,"VARNAME_3":null,"TYPE_3":"Barangay","ENGTYPE_3":"Village","PROVINCE":"Cotabato (North Cotabato)","REGION":"Region XII (Soccsksargen)","id":"barangay-1204704004","name":"Balindog","barangayCode":"1204704004","population":null,"formattedPop":null,"densityCategory":"No data","vulnerabilityRating":"No data","healthRiskLevel":"No data","areaKm2":5.392022,"centerLat":7.024514,"centerLng":125.060383,"geometrySource":"all_barangay-2.csv detailed WKT","geometryMatchMethod":"psgc_coordinate_bridge","boundaryPointCount":34},"geometry":{"type":"MultiPolygon","coordinates":[[[[125.048737,7.03995],[125.049889,7.03879],[125.05246,7.03853],[125.053543,7.0382],[125.055557,7.03902],[125.05629,7.03892],[125.05806,7.03908],[125.060059,7.03898],[125.060753,7.03858],[125.063393,7.04021],[125.064934,7.04045],[125.066803,7.03999],[125.06604,7.03699],[125.064232,7.03125],[125.063828,7.02884],[125.062607,7.02353],[125.062492,7.02004],[125.061188,7.01128],[125.058342,7.0057],[125.056107,7.00439],[125.05336,7.00214],[125.050987,6.99959],[125.048973,6.99747],[125.048737,7.00043],[125.048622,7.00399],[125.048462,7.00764],[125.048332,7.01074],[125.048172,7.01461],[125.048126,7.01942],[125.049004,7.02504],[125.049187,7.03331],[125.049049,7.0333],[125.049187,7.03744],[125.048737,7.03995]]]]}},{"type":"Feature","properties":{"ID_0":177,"ISO":"PHL","NAME_0":"Philippines","ID_1":12047,"NAME_1":"Cotabato (North Cotabato)","ID_2":1204704,"NAME_2":"City of Kidapawan (Capital)","ID_3":1204704005,"NAME_3":"Benoligan","NL_NAME_3":null,"VARNAME_3":null,"TYPE_3":"Barangay","ENGTYPE_3":"Village","PROVINCE":"Cotabato (North Cotabato)","REGION":"Region XII (Soccsksargen)","id":"barangay-1204704005","name":"Benoligan","barangayCode":"1204704005","population":null,"formattedPop":null,"densityCategory":"No data","vulnerabilityRating":"No data","healthRiskLevel":"No data","areaKm2":9.625688,"centerLat":7.03866,"centerLng":125.011241,"geometrySource":"all_barangay-2.csv detailed WKT","geometryMatchMethod":"psgc_coordinate_bridge","boundaryPointCount":21},"geometry":{"type":"MultiPolygon","coordinates":[[[[125.029007,7.05474],[125.029427,7.0537],[125.028748,7.05204],[125.027138,7.05082],[125.025108,7.04919],[125.025223,7.04781],[125.022408,7.0467],[125.021271,7.04399],[125.021828,7.04052],[125.021317,7.03824],[125.009811,7.03756],[125.000229,7.03732],[124.99823,7.03758],[125.000893,7.04431],[125.002213,7.04704],[125.004112,7.05099],[125.006973,7.0576],[125.008842,7.06217],[125.011551,7.06113],[125.018173,7.05841],[125.029007,7.05474]]]]}},{"type":"Feature","properties":{"ID_0":177,"ISO":"PHL","NAME_0":"Philippines","ID_1":12047,"NAME_1":"Cotabato (North Cotabato)","ID_2":1204704,"NAME_2":"City of Kidapawan (Capital)","ID_3":1204704006,"NAME_3":"Berada","NL_NAME_3":null,"VARNAME_3":null,"TYPE_3":"Barangay","ENGTYPE_3":"Village","PROVINCE":"Cotabato (North Cotabato)","REGION":"Region XII (Soccsksargen)","id":"barangay-1204704006","name":"Berada","barangayCode":"1204704006","population":null,"formattedPop":null,"densityCategory":"No data","vulnerabilityRating":"No data","healthRiskLevel":"No data","areaKm2":5.905188,"centerLat":7.036213,"centerLng":125.134481,"geometrySource":"all_barangay-2.csv detailed WKT","geometryMatchMethod":"psgc_coordinate_bridge","boundaryPointCount":29},"geometry":{"type":"MultiPolygon","coordinates":[[[[125.149399,7.04106],[125.145638,7.03263],[125.143913,7.02708],[125.139351,7.02837],[125.135002,7.02956],[125.13179,7.03048],[125.129097,7.02992],[125.125687,7.03052],[125.123352,7.03077],[125.121552,7.03176],[125.118622,7.03127],[125.115707,7.03166],[125.113533,7.03434],[125.112511,7.03459],[125.114967,7.04136],[125.117882,7.04607],[125.119431,7.05126],[125.11985,7.05163],[125.12397,7.05201],[125.125183,7.05097],[125.129959,7.04946],[125.130112,7.04859],[125.133873,7.04878],[125.136139,7.04655],[125.136703,7.0443],[125.139343,7.04431],[125.143013,7.04308],[125.145767,7.0426],[125.149399,7.04106]]]]}},{"type":"Feature","properties":{"ID_0":177,"ISO":"PHL","NAME_0":"Philippines","ID_1":12047,"NAME_1":"Cotabato (North Cotabato)","ID_2":1204704,"NAME_2":"City of Kidapawan (Capital)","ID_3":1204704007,"NAME_3":"Gayola","NL_NAME_3":null,"VARNAME_3":null,"TYPE_3":"Barangay","ENGTYPE_3":"Village","PROVINCE":"Cotabato (North Cotabato)","REGION":"Region XII (Soccsksargen)","id":"barangay-1204704007","name":"Gayola","barangayCode":"1204704007","population":null,"formattedPop":null,"densityCategory":"No data","vulnerabilityRating":"No data","healthRiskLevel":"No data","areaKm2":4.82919,"centerLat":7.090003,"centerLng":125.006952,"geometrySource":"all_barangay-2.csv detailed WKT","geometryMatchMethod":"psgc_coordinate_bridge","boundaryPointCount":14},"geometry":{"type":"MultiPolygon","coordinates":[[[[125.017036,7.10355],[125.019508,7.10274],[125.024063,7.1019],[125.028877,7.10034],[125.020943,7.09184],[125.012123,7.08274],[125.00473,7.08482],[125.000458,7.08574],[125.0,7.08618],[125.000488,7.09634],[125.001427,7.10362],[125.001556,7.10545],[125.008163,7.10554],[125.017036,7.10355]]]]}},{"type":"Feature","properties":{"ID_0":177,"ISO":"PHL","NAME_0":"Philippines","ID_1":12047,"NAME_1":"Cotabato (North Cotabato)","ID_2":1204704,"NAME_2":"City of Kidapawan (Capital)","ID_3":1204704008,"NAME_3":"Ginatilan","NL_NAME_3":null,"VARNAME_3":null,"TYPE_3":"Barangay","ENGTYPE_3":"Village","PROVINCE":"Cotabato (North Cotabato)","REGION":"Region XII (Soccsksargen)","id":"barangay-1204704008","name":"Ginatilan","barangayCode":"1204704008","population":null,"formattedPop":null,"densityCategory":"No data","vulnerabilityRating":"No data","healthRiskLevel":"No data","areaKm2":4.460009,"centerLat":7.049902,"centerLng":125.175246,"geometrySource":"all_barangay-2.csv detailed WKT","geometryMatchMethod":"psgc_coordinate_bridge","boundaryPointCount":28},"geometry":{"type":"MultiPolygon","coordinates":[[[[125.156357,7.05616],[125.157799,7.05537],[125.162308,7.05409],[125.167221,7.05362],[125.172256,7.0513],[125.176758,7.04975],[125.180428,7.04928],[125.184937,7.0499],[125.19384,7.05076],[125.199631,7.04881],[125.203789,7.04626],[125.208511,7.0436],[125.213676,7.04093],[125.217949,7.0362],[125.220497,7.03123],[125.223,7.02533],[125.23069,7.01828],[125.22789,7.01492],[125.205681,7.0242],[125.198837,7.02611],[125.192833,7.02946],[125.189087,7.03265],[125.181442,7.03693],[125.17643,7.04113],[125.169434,7.04407],[125.165932,7.05031],[125.159599,7.05272],[125.156357,7.05616]]]]}},{"type":"Feature","properties":{"ID_0":177,"ISO":"PHL","NAME_0":"Philippines","ID_1":12047,"NAME_1":"Cotabato (North Cotabato)","ID_2":1204704,"NAME_2":"City of Kidapawan (Capital)","ID_3":1204704009,"NAME_3":"Ilomavis","NL_NAME_3":null,"VARNAME_3":null,"TYPE_3":"Barangay","ENGTYPE_3":"Village","PROVINCE":"Cotabato (North Cotabato)","REGION":"Region XII (Soccsksargen)","id":"barangay-1204704009","name":"Ilomavis","barangayCode":"1204704009","population":null,"formattedPop":null,"densityCategory":"No data","vulnerabilityRating":"No data","healthRiskLevel":"No data","areaKm2":10.19303,"centerLat":7.033799,"centerLng":125.20453,"geometrySource":"all_barangay-2.csv detailed WKT","geometryMatchMethod":"psgc_coordinate_bridge","boundaryPointCount":17},"geometry":{"type":"MultiPolygon","coordinates":[[[[125.181442,7.03693],[125.189087,7.03265],[125.192833,7.02946],[125.198837,7.02611],[125.205681,7.0242],[125.22789,7.01492],[125.2229,7.00578],[125.211769,7.01039],[125.204323,7.01337],[125.197983,7.01497],[125.193443,7.01996],[125.187813,7.02105],[125.178673,7.02526],[125.176041,7.02624],[125.177391,7.02837],[125.179153,7.03215],[125.181442,7.03693]]]]}},{"type":"Feature","properties":{"ID_0":177,"ISO":"PHL","NAME_0":"Philippines","ID_1":12047,"NAME_1":"Cotabato (North Cotabato)","ID_2":1204704,"NAME_2":"City of Kidapawan (Capital)","ID_3":1204704010,"NAME_3":"Indangan","NL_NAME_3":null,"VARNAME_3":null,"TYPE_3":"Barangay","ENGTYPE_3":"Village","PROVINCE":"Cotabato (North Cotabato)","REGION":"Region XII (Soccsksargen)","id":"barangay-1204704010","name":"Indangan","barangayCode":"1204704010","population":null,"formattedPop":null,"densityCategory":"No data","vulnerabilityRating":"No data","healthRiskLevel":"No data","areaKm2":6.40493,"centerLat":7.007519,"centerLng":125.13937,"geometrySource":"all_barangay-2.csv detailed WKT","geometryMatchMethod":"psgc_coordinate_bridge","boundaryPointCount":20},"geometry":{"type":"MultiPolygon","coordinates":[[[[125.15184,7.00073],[125.149193,7.00072],[125.14711,7.0008],[125.143837,7.0029],[125.137466,7.00578],[125.136108,7.00617],[125.133163,7.00284],[125.130524,7.002],[125.124634,7.00019],[125.122299,6.99877],[125.118591,6.9995],[125.115494,6.9993],[125.117149,7.00881],[125.120621,7.01505],[125.124481,7.02117],[125.130409,7.01851],[125.13929,7.01401],[125.147072,7.00811],[125.151367,7.00255],[125.15184,7.00073]]]]}},{"type":"Feature","properties":{"ID_0":177,"ISO":"PHL","NAME_0":"Philippines","ID_1":12047,"NAME_1":"Cotabato (North Cotabato)","ID_2":1204704,"NAME_2":"City of Kidapawan (Capital)","ID_3":1204704011,"NAME_3":"Junction","NL_NAME_3":null,"VARNAME_3":null,"TYPE_3":"Barangay","ENGTYPE_3":"Village","PROVINCE":"Cotabato (North Cotabato)","REGION":"Region XII (Soccsksargen)","id":"barangay-1204704011","name":"Junction","barangayCode":"1204704011","population":null,"formattedPop":null,"densityCategory":"No data","vulnerabilityRating":"No data","healthRiskLevel":"No data","areaKm2":9.225139,"centerLat":6.98769,"centerLng":124.997637,"geometrySource":"all_barangay-2.csv detailed WKT","geometryMatchMethod":"psgc_coordinate_bridge","boundaryPointCount":26},"geometry":{"type":"MultiPolygon","coordinates":[[[[125.002937,7.00411],[125.003868,7.00386],[125.015503,7.00523],[125.024879,7.00677],[125.025452,6.99955],[125.029732,6.98743],[125.027977,6.98793],[125.024841,6.9873],[125.022453,6.98888],[125.021744,6.98757],[125.020409,6.98644],[125.018059,6.98612],[125.014954,6.98549],[125.012543,6.98304],[125.010117,6.9826],[125.007462,6.98035],[125.00589,6.9793],[125.004257,6.97757],[125.001617,6.97677],[124.995789,6.97532],[124.994637,6.98657],[124.991013,6.99629],[124.989014,6.99937],[124.99395,7.00063],[125.000481,7.0035],[125.002937,7.00411]]]]}},{"type":"Feature","properties":{"ID_0":177,"ISO":"PHL","NAME_0":"Philippines","ID_1":12047,"NAME_1":"Cotabato (North Cotabato)","ID_2":1204704,"NAME_2":"City of Kidapawan (Capital)","ID_3":1204704012,"NAME_3":"Kalaisan","NL_NAME_3":null,"VARNAME_3":null,"TYPE_3":"Barangay","ENGTYPE_3":"Village","PROVINCE":"Cotabato (North Cotabato)","REGION":"Region XII (Soccsksargen)","id":"barangay-1204704012","name":"Kalaisan","barangayCode":"1204704012","population":null,"formattedPop":null,"densityCategory":"No data","vulnerabilityRating":"No data","healthRiskLevel":"No data","areaKm2":8.710209,"centerLat":7.005549,"centerLng":125.031801,"geometrySource":"all_barangay-2.csv detailed WKT","geometryMatchMethod":"psgc_coordinate_bridge","boundaryPointCount":27},"geometry":{"type":"MultiPolygon","coordinates":[[[[125.049049,7.0333],[125.049187,7.03331],[125.049004,7.02504],[125.048126,7.01942],[125.048172,7.01461],[125.048332,7.01074],[125.048462,7.00764],[125.048622,7.00399],[125.048737,7.00043],[125.048973,6.99747],[125.049057,6.99459],[125.0495,6.99183],[125.04998,6.98839],[125.044167,6.98934],[125.03904,6.98785],[125.036407,6.98828],[125.03318,6.98794],[125.029732,6.98743],[125.025452,6.99955],[125.024879,7.00677],[125.024223,7.01089],[125.023933,7.01697],[125.023064,7.02757],[125.03566,7.03002],[125.0438,7.03168],[125.047043,7.03235],[125.049049,7.0333]]]]}},{"type":"Feature","properties":{"ID_0":177,"ISO":"PHL","NAME_0":"Philippines","ID_1":12047,"NAME_1":"Cotabato (North Cotabato)","ID_2":1204704,"NAME_2":"City of Kidapawan (Capital)","ID_3":1204704013,"NAME_3":"Kalasuyan","NL_NAME_3":null,"VARNAME_3":null,"TYPE_3":"Barangay","ENGTYPE_3":"Village","PROVINCE":"Cotabato (North Cotabato)","REGION":"Region XII (Soccsksargen)","id":"barangay-1204704013","name":"Kalasuyan","barangayCode":"1204704013","population":null,"formattedPop":null,"densityCategory":"No data","vulnerabilityRating":"No data","healthRiskLevel":"No data","areaKm2":4.637931,"centerLat":7.040786,"centerLng":125.084603,"geometrySource":"all_barangay-2.csv detailed WKT","geometryMatchMethod":"psgc_coordinate_bridge","boundaryPointCount":18},"geometry":{"type":"MultiPolygon","coordinates":[[[[125.080299,7.05503],[125.086693,7.05237],[125.088966,7.0514],[125.091408,7.05044],[125.094307,7.04722],[125.092323,7.04308],[125.088898,7.03574],[125.066803,7.03999],[125.067673,7.04287],[125.068817,7.04594],[125.069344,7.04867],[125.069618,7.05226],[125.070648,7.05596],[125.073387,7.05629],[125.075401,7.05558],[125.076447,7.05547],[125.07869,7.0557],[125.080299,7.05503]]]]}},{"type":"Feature","properties":{"ID_0":177,"ISO":"PHL","NAME_0":"Philippines","ID_1":12047,"NAME_1":"Cotabato (North Cotabato)","ID_2":1204704,"NAME_2":"City of Kidapawan (Capital)","ID_3":1204704014,"NAME_3":"Katipunan","NL_NAME_3":null,"VARNAME_3":null,"TYPE_3":"Barangay","ENGTYPE_3":"Village","PROVINCE":"Cotabato (North Cotabato)","REGION":"Region XII (Soccsksargen)","id":"barangay-1204704014","name":"Katipunan","barangayCode":"1204704014","population":null,"formattedPop":null,"densityCategory":"No data","vulnerabilityRating":"No data","healthRiskLevel":"No data","areaKm2":11.248078,"centerLat":7.064142,"centerLng":125.010439,"geometrySource":"all_barangay-2.csv detailed WKT","geometryMatchMethod":"psgc_coordinate_bridge","boundaryPointCount":22},"geometry":{"type":"MultiPolygon","coordinates":[[[[125.032677,7.07059],[125.032654,7.07032],[125.032043,7.06695],[125.031593,7.06521],[125.029877,7.06275],[125.029388,7.06102],[125.029007,7.05474],[125.018173,7.05841],[125.011551,7.06113],[125.008842,7.06217],[125.011627,7.06784],[125.014893,7.07398],[125.014839,7.07335],[125.016571,7.07259],[125.018677,7.07333],[125.022423,7.07267],[125.023933,7.07125],[125.025429,7.06986],[125.026894,7.06996],[125.028847,7.0693],[125.030113,7.07057],[125.032677,7.07059]]]]}},{"type":"Feature","properties":{"ID_0":177,"ISO":"PHL","NAME_0":"Philippines","ID_1":12047,"NAME_1":"Cotabato (North Cotabato)","ID_2":1204704,"NAME_2":"City of Kidapawan (Capital)","ID_3":1204704015,"NAME_3":"Lanao","NL_NAME_3":null,"VARNAME_3":null,"TYPE_3":"Barangay","ENGTYPE_3":"Village","PROVINCE":"Cotabato (North Cotabato)","REGION":"Region XII (Soccsksargen)","id":"barangay-1204704015","name":"Lanao","barangayCode":"1204704015","population":null,"formattedPop":null,"densityCategory":"No data","vulnerabilityRating":"No data","healthRiskLevel":"No data","areaKm2":3.523721,"centerLat":7.025683,"centerLng":125.079429,"geometrySource":"all_barangay-2.csv detailed WKT","geometryMatchMethod":"psgc_coordinate_bridge","boundaryPointCount":9},"geometry":{"type":"MultiPolygon","coordinates":[[[[125.066803,7.03999],[125.088898,7.03574],[125.084702,7.02501],[125.082878,7.02084],[125.062607,7.02353],[125.063828,7.02884],[125.064232,7.03125],[125.06604,7.03699],[125.066803,7.03999]]]]}},{"type":"Feature","properties":{"ID_0":177,"ISO":"PHL","NAME_0":"Philippines","ID_1":12047,"NAME_1":"Cotabato (North Cotabato)","ID_2":1204704,"NAME_2":"City of Kidapawan (Capital)","ID_3":1204704016,"NAME_3":"Linangcob","NL_NAME_3":null,"VARNAME_3":null,"TYPE_3":"Barangay","ENGTYPE_3":"Village","PROVINCE":"Cotabato (North Cotabato)","REGION":"Region XII (Soccsksargen)","id":"barangay-1204704016","name":"Linangcob","barangayCode":"1204704016","population":null,"formattedPop":null,"densityCategory":"No data","vulnerabilityRating":"No data","healthRiskLevel":"No data","areaKm2":14.185677,"centerLat":7.067328,"centerLng":125.066942,"geometrySource":"all_barangay-2.csv detailed WKT","geometryMatchMethod":"psgc_coordinate_bridge","boundaryPointCount":25},"geometry":{"type":"MultiPolygon","coordinates":[[[[125.073128,7.08985],[125.079758,7.08741],[125.082947,7.08692],[125.085342,7.08614],[125.083977,7.07485],[125.082573,7.06621],[125.080299,7.05503],[125.07869,7.0557],[125.076447,7.05547],[125.075401,7.05558],[125.073387,7.05629],[125.070648,7.05596],[125.066917,7.05623],[125.064659,7.05544],[125.065819,7.05631],[125.065849,7.05782],[125.067017,7.06057],[125.068604,7.06596],[125.069077,7.06876],[125.070557,7.072],[125.07209,7.07488],[125.072983,7.07795],[125.075211,7.08174],[125.073997,7.08553],[125.073128,7.08985]]]]}},{"type":"Feature","properties":{"ID_0":177,"ISO":"PHL","NAME_0":"Philippines","ID_1":12047,"NAME_1":"Cotabato (North Cotabato)","ID_2":1204704,"NAME_2":"City of Kidapawan (Capital)","ID_3":1204704017,"NAME_3":"Luvimin","NL_NAME_3":null,"VARNAME_3":null,"TYPE_3":"Barangay","ENGTYPE_3":"Village","PROVINCE":"Cotabato (North Cotabato)","REGION":"Region XII (Soccsksargen)","id":"barangay-1204704017","name":"Luvimin","barangayCode":"1204704017","population":null,"formattedPop":null,"densityCategory":"No data","vulnerabilityRating":"No data","healthRiskLevel":"No data","areaKm2":4.107208,"centerLat":7.044648,"centerLng":125.112734,"geometrySource":"all_barangay-2.csv detailed WKT","geometryMatchMethod":"psgc_coordinate_bridge","boundaryPointCount":27},"geometry":{"type":"MultiPolygon","coordinates":[[[[125.11998,7.05174],[125.11985,7.05163],[125.119431,7.05126],[125.117882,7.04607],[125.114967,7.04136],[125.112511,7.03459],[125.111671,7.03477],[125.109573,7.03529],[125.108818,7.03758],[125.105988,7.04151],[125.104683,7.04103],[125.104156,7.04154],[125.103233,7.04203],[125.101517,7.04414],[125.099083,7.04828],[125.101967,7.05637],[125.103882,7.05575],[125.105873,7.05613],[125.108452,7.05708],[125.1091,7.05571],[125.110786,7.05546],[125.111542,7.05507],[125.113312,7.05551],[125.115379,7.05406],[125.117523,7.05469],[125.11837,7.05345],[125.11998,7.05174]]]]}},{"type":"Feature","properties":{"ID_0":177,"ISO":"PHL","NAME_0":"Philippines","ID_1":12047,"NAME_1":"Cotabato (North Cotabato)","ID_2":1204704,"NAME_2":"City of Kidapawan (Capital)","ID_3":1204704018,"NAME_3":"Macabolig","NL_NAME_3":null,"VARNAME_3":null,"TYPE_3":"Barangay","ENGTYPE_3":"Village","PROVINCE":"Cotabato (North Cotabato)","REGION":"Region XII (Soccsksargen)","id":"barangay-1204704018","name":"Macabolig","barangayCode":"1204704018","population":null,"formattedPop":null,"densityCategory":"No data","vulnerabilityRating":"No data","healthRiskLevel":"No data","areaKm2":7.176894,"centerLat":7.011233,"centerLng":124.972521,"geometrySource":"all_barangay-2.csv detailed WKT","geometryMatchMethod":"psgc_coordinate_bridge","boundaryPointCount":22},"geometry":{"type":"MultiPolygon","coordinates":[[[[124.996353,7.03328],[124.99585,7.03023],[124.995399,7.02674],[124.99575,7.02393],[124.99614,7.02202],[124.996948,7.0187],[124.997162,7.01855],[124.997223,7.0173],[124.999184,7.01262],[125.001343,7.0074],[125.002937,7.00411],[125.000481,7.0035],[124.99395,7.00063],[124.989014,6.99937],[124.98597,7.00769],[124.982491,7.01582],[124.981216,7.01835],[124.980026,7.0225],[124.978729,7.02606],[124.97718,7.03067],[124.988167,7.02742],[124.996353,7.03328]]]]}},{"type":"Feature","properties":{"ID_0":177,"ISO":"PHL","NAME_0":"Philippines","ID_1":12047,"NAME_1":"Cotabato (North Cotabato)","ID_2":1204704,"NAME_2":"City of Kidapawan (Capital)","ID_3":1204704020,"NAME_3":"Malinan","NL_NAME_3":null,"VARNAME_3":null,"TYPE_3":"Barangay","ENGTYPE_3":"Village","PROVINCE":"Cotabato (North Cotabato)","REGION":"Region XII (Soccsksargen)","id":"barangay-1204704020","name":"Malinan","barangayCode":"1204704020","population":null,"formattedPop":null,"densityCategory":"No data","vulnerabilityRating":"No data","healthRiskLevel":"No data","areaKm2":8.634442,"centerLat":7.084021,"centerLng":124.980407,"geometrySource":"all_barangay-2.csv detailed WKT","geometryMatchMethod":"psgc_coordinate_bridge","boundaryPointCount":16},"geometry":{"type":"MultiPolygon","coordinates":[[[[124.981537,7.09044],[125.0,7.08618],[125.000458,7.08574],[125.00473,7.08482],[125.012123,7.08274],[125.011688,7.08188],[125.014603,7.07602],[125.014893,7.07398],[125.011627,7.06784],[125.008842,7.06217],[124.993118,7.06791],[124.985924,7.06867],[124.979286,7.06966],[124.980423,7.07797],[124.981483,7.08571],[124.981537,7.09044]]]]}},{"type":"Feature","properties":{"ID_0":177,"ISO":"PHL","NAME_0":"Philippines","ID_1":12047,"NAME_1":"Cotabato (North Cotabato)","ID_2":1204704,"NAME_2":"City of Kidapawan (Capital)","ID_3":1204704021,"NAME_3":"Manongol","NL_NAME_3":null,"VARNAME_3":null,"TYPE_3":"Barangay","ENGTYPE_3":"Village","PROVINCE":"Cotabato (North Cotabato)","REGION":"Region XII (Soccsksargen)","id":"barangay-1204704021","name":"Manongol","barangayCode":"1204704021","population":null,"formattedPop":null,"densityCategory":"No data","vulnerabilityRating":"No data","healthRiskLevel":"No data","areaKm2":6.703668,"centerLat":7.020265,"centerLng":125.12226,"geometrySource":"all_barangay-2.csv detailed WKT","geometryMatchMethod":"psgc_coordinate_bridge","boundaryPointCount":18},"geometry":{"type":"MultiPolygon","coordinates":[[[[125.105988,7.04151],[125.108818,7.03758],[125.109573,7.03529],[125.111671,7.03477],[125.112511,7.03459],[125.113533,7.03434],[125.115707,7.03166],[125.118622,7.03127],[125.121552,7.03176],[125.123352,7.03077],[125.125687,7.03052],[125.129097,7.02992],[125.124649,7.02143],[125.122787,7.02195],[125.111557,7.02376],[125.102493,7.02504],[125.102829,7.0347],[125.105988,7.04151]]]]}},{"type":"Feature","properties":{"ID_0":177,"ISO":"PHL","NAME_0":"Philippines","ID_1":12047,"NAME_1":"Cotabato (North Cotabato)","ID_2":1204704,"NAME_2":"City of Kidapawan (Capital)","ID_3":1204704022,"NAME_3":"Marbel","NL_NAME_3":null,"VARNAME_3":null,"TYPE_3":"Barangay","ENGTYPE_3":"Village","PROVINCE":"Cotabato (North Cotabato)","REGION":"Region XII (Soccsksargen)","id":"barangay-1204704022","name":"Marbel","barangayCode":"1204704022","population":null,"formattedPop":null,"densityCategory":"No data","vulnerabilityRating":"No data","healthRiskLevel":"No data","areaKm2":5.747131,"centerLat":7.077254,"centerLng":125.092298,"geometrySource":"all_barangay-2.csv detailed WKT","geometryMatchMethod":"psgc_coordinate_bridge","boundaryPointCount":15},"geometry":{"type":"MultiPolygon","coordinates":[[[[125.095284,7.07951],[125.094254,7.07645],[125.093651,7.07363],[125.09256,7.0673],[125.089813,7.05675],[125.088966,7.0514],[125.086693,7.05237],[125.080299,7.05503],[125.082573,7.06621],[125.083977,7.07485],[125.085342,7.08614],[125.086288,7.08482],[125.089157,7.08268],[125.092857,7.08191],[125.095284,7.07951]]]]}},{"type":"Feature","properties":{"ID_0":177,"ISO":"PHL","NAME_0":"Philippines","ID_1":12047,"NAME_1":"Cotabato (North Cotabato)","ID_2":1204704,"NAME_2":"City of Kidapawan (Capital)","ID_3":1204704023,"NAME_3":"Mateo","NL_NAME_3":null,"VARNAME_3":null,"TYPE_3":"Barangay","ENGTYPE_3":"Village","PROVINCE":"Cotabato (North Cotabato)","REGION":"Region XII (Soccsksargen)","id":"barangay-1204704023","name":"Mateo","barangayCode":"1204704023","population":null,"formattedPop":null,"densityCategory":"No data","vulnerabilityRating":"No data","healthRiskLevel":"No data","areaKm2":5.613368,"centerLat":7.058162,"centerLng":125.096809,"geometrySource":"all_barangay-2.csv detailed WKT","geometryMatchMethod":"psgc_coordinate_bridge","boundaryPointCount":21},"geometry":{"type":"MultiPolygon","coordinates":[[[[125.111008,7.07581],[125.111382,7.07513],[125.109329,7.07057],[125.106956,7.06553],[125.101967,7.05637],[125.099083,7.04828],[125.097878,7.04836],[125.096779,7.0482],[125.094307,7.04722],[125.091408,7.05044],[125.088966,7.0514],[125.089813,7.05675],[125.09256,7.0673],[125.093651,7.07363],[125.094254,7.07645],[125.095284,7.07951],[125.099152,7.07992],[125.10247,7.07864],[125.105103,7.07707],[125.107826,7.07736],[125.111008,7.07581]]]]}},{"type":"Feature","properties":{"ID_0":177,"ISO":"PHL","NAME_0":"Philippines","ID_1":12047,"NAME_1":"Cotabato (North Cotabato)","ID_2":1204704,"NAME_2":"City of Kidapawan (Capital)","ID_3":1204704024,"NAME_3":"Meochao","NL_NAME_3":null,"VARNAME_3":null,"TYPE_3":"Barangay","ENGTYPE_3":"Village","PROVINCE":"Cotabato (North Cotabato)","REGION":"Region XII (Soccsksargen)","id":"barangay-1204704024","name":"Meochao","barangayCode":"1204704024","population":null,"formattedPop":null,"densityCategory":"No data","vulnerabilityRating":"No data","healthRiskLevel":"No data","areaKm2":4.733183,"centerLat":7.035838,"centerLng":125.166257,"geometrySource":"all_barangay-2.csv detailed WKT","geometryMatchMethod":"psgc_coordinate_bridge","boundaryPointCount":24},"geometry":{"type":"MultiPolygon","coordinates":[[[[125.156357,7.05616],[125.159599,7.05272],[125.165932,7.05031],[125.169434,7.04407],[125.17643,7.04113],[125.181442,7.03693],[125.179153,7.03215],[125.177391,7.02837],[125.176041,7.02624],[125.173859,7.02122],[125.170624,7.01546],[125.167824,7.01414],[125.164948,7.01662],[125.158287,7.02221],[125.15638,7.02406],[125.152817,7.0233],[125.149513,7.02431],[125.145393,7.02542],[125.143913,7.02708],[125.145638,7.03263],[125.149399,7.04106],[125.151543,7.04466],[125.156616,7.05206],[125.156357,7.05616]]]]}},{"type":"Feature","properties":{"ID_0":177,"ISO":"PHL","NAME_0":"Philippines","ID_1":12047,"NAME_1":"Cotabato (North Cotabato)","ID_2":1204704,"NAME_2":"City of Kidapawan (Capital)","ID_3":1204704025,"NAME_3":"Mua-an","NL_NAME_3":null,"VARNAME_3":null,"TYPE_3":"Barangay","ENGTYPE_3":"Village","PROVINCE":"Cotabato (North Cotabato)","REGION":"Region XII (Soccsksargen)","id":"barangay-1204704025","name":"Mua-an","barangayCode":"1204704025","population":null,"formattedPop":null,"densityCategory":"No data","vulnerabilityRating":"No data","healthRiskLevel":"No data","areaKm2":6.30657,"centerLat":7.050576,"centerLng":125.147752,"geometrySource":"all_barangay-2.csv detailed WKT","geometryMatchMethod":"psgc_coordinate_bridge","boundaryPointCount":27},"geometry":{"type":"MultiPolygon","coordinates":[[[[125.145813,7.05934],[125.151207,7.05808],[125.154961,7.05651],[125.156357,7.05616],[125.156616,7.05206],[125.151543,7.04466],[125.149399,7.04106],[125.145767,7.0426],[125.143013,7.04308],[125.139343,7.04431],[125.136703,7.0443],[125.136139,7.04655],[125.133873,7.04878],[125.130112,7.04859],[125.129959,7.04946],[125.125183,7.05097],[125.12397,7.05201],[125.11985,7.05163],[125.11998,7.05174],[125.124458,7.06026],[125.127296,7.07065],[125.132538,7.06868],[125.13726,7.06666],[125.139236,7.06389],[125.140923,7.06155],[125.14502,7.06029],[125.145813,7.05934]]]]}},{"type":"Feature","properties":{"ID_0":177,"ISO":"PHL","NAME_0":"Philippines","ID_1":12047,"NAME_1":"Cotabato (North Cotabato)","ID_2":1204704,"NAME_2":"City of Kidapawan (Capital)","ID_3":1204704026,"NAME_3":"New Bohol","NL_NAME_3":null,"VARNAME_3":null,"TYPE_3":"Barangay","ENGTYPE_3":"Village","PROVINCE":"Cotabato (North Cotabato)","REGION":"Region XII (Soccsksargen)","id":"barangay-1204704026","name":"New Bohol","barangayCode":"1204704026","population":null,"formattedPop":null,"densityCategory":"No data","vulnerabilityRating":"No data","healthRiskLevel":"No data","areaKm2":5.259626,"centerLat":7.04464,"centerLng":125.060981,"geometrySource":"all_barangay-2.csv detailed WKT","geometryMatchMethod":"psgc_coordinate_bridge","boundaryPointCount":31},"geometry":{"type":"MultiPolygon","coordinates":[[[[125.070648,7.05596],[125.069618,7.05226],[125.069344,7.04867],[125.068817,7.04594],[125.067673,7.04287],[125.066803,7.03999],[125.064934,7.04045],[125.063393,7.04021],[125.060753,7.03858],[125.060059,7.03898],[125.05806,7.03908],[125.05629,7.03892],[125.055557,7.03902],[125.053543,7.0382],[125.05246,7.03853],[125.049889,7.03879],[125.048737,7.03995],[125.048286,7.04036],[125.048317,7.04403],[125.047638,7.04756],[125.047523,7.05096],[125.050667,7.05148],[125.052177,7.05213],[125.054291,7.05442],[125.056747,7.05356],[125.060089,7.05449],[125.06118,7.05391],[125.062363,7.05321],[125.064659,7.05544],[125.066917,7.05623],[125.070648,7.05596]]]]}},{"type":"Feature","properties":{"ID_0":177,"ISO":"PHL","NAME_0":"Philippines","ID_1":12047,"NAME_1":"Cotabato (North Cotabato)","ID_2":1204704,"NAME_2":"City of Kidapawan (Capital)","ID_3":1204704027,"NAME_3":"Nuangan","NL_NAME_3":null,"VARNAME_3":null,"TYPE_3":"Barangay","ENGTYPE_3":"Village","PROVINCE":"Cotabato (North Cotabato)","REGION":"Region XII (Soccsksargen)","id":"barangay-1204704027","name":"Nuangan","barangayCode":"1204704027","population":null,"formattedPop":null,"densityCategory":"No data","vulnerabilityRating":"No data","healthRiskLevel":"No data","areaKm2":4.447929,"centerLat":7.004709,"centerLng":125.10706,"geometrySource":"all_barangay-2.csv detailed WKT","geometryMatchMethod":"psgc_coordinate_bridge","boundaryPointCount":22},"geometry":{"type":"MultiPolygon","coordinates":[[[[125.102493,7.02504],[125.111557,7.02376],[125.122787,7.02195],[125.124649,7.02143],[125.124443,7.02119],[125.124481,7.02117],[125.120621,7.01505],[125.117149,7.00881],[125.115494,6.9993],[125.113586,6.99909],[125.111099,6.99894],[125.109467,6.99829],[125.103569,6.99891],[125.10215,6.99938],[125.099823,6.99829],[125.09716,6.99841],[125.095497,6.99732],[125.095238,7.0115],[125.09584,7.02194],[125.098083,7.02375],[125.100456,7.02536],[125.102493,7.02504]]]]}},{"type":"Feature","properties":{"ID_0":177,"ISO":"PHL","NAME_0":"Philippines","ID_1":12047,"NAME_1":"Cotabato (North Cotabato)","ID_2":1204704,"NAME_2":"City of Kidapawan (Capital)","ID_3":1204704028,"NAME_3":"Onica","NL_NAME_3":null,"VARNAME_3":null,"TYPE_3":"Barangay","ENGTYPE_3":"Village","PROVINCE":"Cotabato (North Cotabato)","REGION":"Region XII (Soccsksargen)","id":"barangay-1204704028","name":"Onica","barangayCode":"1204704028","population":null,"formattedPop":null,"densityCategory":"No data","vulnerabilityRating":"No data","healthRiskLevel":"No data","areaKm2":15.774887,"centerLat":7.03547,"centerLng":124.958684,"geometrySource":"all_barangay-2.csv detailed WKT","geometryMatchMethod":"psgc_coordinate_bridge","boundaryPointCount":11},"geometry":{"type":"MultiPolygon","coordinates":[[[[125.002213,7.04704],[125.000893,7.04431],[124.99823,7.03758],[124.996353,7.03328],[124.988167,7.02742],[124.97718,7.03067],[124.975121,7.03545],[124.97567,7.04457],[124.977348,7.04921],[124.989052,7.04794],[125.002213,7.04704]]]]}},{"type":"Feature","properties":{"ID_0":177,"ISO":"PHL","NAME_0":"Philippines","ID_1":12047,"NAME_1":"Cotabato (North Cotabato)","ID_2":1204704,"NAME_2":"City of Kidapawan (Capital)","ID_3":1204704029,"NAME_3":"Paco","NL_NAME_3":null,"VARNAME_3":null,"TYPE_3":"Barangay","ENGTYPE_3":"Village","PROVINCE":"Cotabato (North Cotabato)","REGION":"Region XII (Soccsksargen)","id":"barangay-1204704029","name":"Paco","barangayCode":"1204704029","population":null,"formattedPop":null,"densityCategory":"No data","vulnerabilityRating":"No data","healthRiskLevel":"No data","areaKm2":9.954989,"centerLat":7.031126,"centerLng":125.037466,"geometrySource":"all_barangay-2.csv detailed WKT","geometryMatchMethod":"psgc_coordinate_bridge","boundaryPointCount":28},"geometry":{"type":"MultiPolygon","coordinates":[[[[125.047523,7.05096],[125.047638,7.04756],[125.048317,7.04403],[125.048286,7.04036],[125.048737,7.03995],[125.049187,7.03744],[125.049049,7.0333],[125.047043,7.03235],[125.0438,7.03168],[125.03566,7.03002],[125.023064,7.02757],[125.022636,7.0296],[125.022552,7.03225],[125.021881,7.03502],[125.021317,7.03824],[125.021828,7.04052],[125.021271,7.04399],[125.022408,7.0467],[125.025223,7.04781],[125.025108,7.04919],[125.028648,7.04945],[125.035393,7.05153],[125.037071,7.05022],[125.038582,7.04813],[125.040817,7.04835],[125.044899,7.04946],[125.047813,7.05119],[125.047523,7.05096]]]]}},{"type":"Feature","properties":{"ID_0":177,"ISO":"PHL","NAME_0":"Philippines","ID_1":12047,"NAME_1":"Cotabato (North Cotabato)","ID_2":1204704,"NAME_2":"City of Kidapawan (Capital)","ID_3":1204704030,"NAME_3":"Patadon","NL_NAME_3":null,"VARNAME_3":null,"TYPE_3":"Barangay","ENGTYPE_3":"Village","PROVINCE":"Cotabato (North Cotabato)","REGION":"Region XII (Soccsksargen)","id":"barangay-1204704030","name":"Patadon","barangayCode":"1204704030","population":null,"formattedPop":null,"densityCategory":"No data","vulnerabilityRating":"No data","healthRiskLevel":"No data","areaKm2":4.20718,"centerLat":7.073417,"centerLng":124.953367,"geometrySource":"all_barangay-2.csv detailed WKT","geometryMatchMethod":"psgc_coordinate_bridge","boundaryPointCount":6},"geometry":{"type":"MultiPolygon","coordinates":[[[[124.985924,7.06867],[124.983971,7.0622],[124.981956,7.05502],[124.978104,7.05839],[124.979286,7.06966],[124.985924,7.06867]]]]}},{"type":"Feature","properties":{"ID_0":177,"ISO":"PHL","NAME_0":"Philippines","ID_1":12047,"NAME_1":"Cotabato (North Cotabato)","ID_2":1204704,"NAME_2":"City of Kidapawan (Capital)","ID_3":1204704031,"NAME_3":"Perez","NL_NAME_3":null,"VARNAME_3":null,"TYPE_3":"Barangay","ENGTYPE_3":"Village","PROVINCE":"Cotabato (North Cotabato)","REGION":"Region XII (Soccsksargen)","id":"barangay-1204704031","name":"Perez","barangayCode":"1204704031","population":null,"formattedPop":null,"densityCategory":"No data","vulnerabilityRating":"No data","healthRiskLevel":"No data","areaKm2":10.434857,"centerLat":7.015972,"centerLng":125.165906,"geometrySource":"all_barangay-2.csv detailed WKT","geometryMatchMethod":"psgc_coordinate_bridge","boundaryPointCount":29},"geometry":{"type":"MultiPolygon","coordinates":[[[[125.129097,7.02992],[125.13179,7.03048],[125.135002,7.02956],[125.139351,7.02837],[125.143913,7.02708],[125.145393,7.02542],[125.149513,7.02431],[125.152817,7.0233],[125.15638,7.02406],[125.158287,7.02221],[125.164948,7.01662],[125.167824,7.01414],[125.171593,7.01203],[125.184143,7.00924],[125.193779,7.00467],[125.210739,6.99908],[125.174202,7.00007],[125.168571,7.00198],[125.163361,7.00159],[125.15654,7.00133],[125.15184,7.00073],[125.151367,7.00255],[125.147072,7.00811],[125.13929,7.01401],[125.130409,7.01851],[125.124481,7.02117],[125.124443,7.02119],[125.124649,7.02143],[125.129097,7.02992]]]]}},{"type":"Feature","properties":{"ID_0":177,"ISO":"PHL","NAME_0":"Philippines","ID_1":12047,"NAME_1":"Cotabato (North Cotabato)","ID_2":1204704,"NAME_2":"City of Kidapawan (Capital)","ID_3":1204704032,"NAME_3":"Poblacion","NL_NAME_3":null,"VARNAME_3":null,"TYPE_3":"Barangay","ENGTYPE_3":"Village","PROVINCE":"Cotabato (North Cotabato)","REGION":"Region XII (Soccsksargen)","id":"barangay-1204704032","name":"Poblacion","barangayCode":"1204704032","population":null,"formattedPop":null,"densityCategory":"No data","vulnerabilityRating":"No data","healthRiskLevel":"No data","areaKm2":5.578456,"centerLat":7.005835,"centerLng":125.086485,"geometrySource":"all_barangay-2.csv detailed WKT","geometryMatchMethod":"psgc_coordinate_bridge","boundaryPointCount":19},"geometry":{"type":"MultiPolygon","coordinates":[[[[125.084702,7.02501],[125.087128,7.0229],[125.088799,7.02066],[125.089073,7.0185],[125.092773,7.01983],[125.09584,7.02194],[125.095238,7.0115],[125.095497,6.99732],[125.092941,6.99729],[125.09095,6.99726],[125.089157,6.99654],[125.087189,6.9961],[125.084557,6.99565],[125.081581,6.99517],[125.081642,7.00488],[125.077744,7.00707],[125.079521,7.01228],[125.082878,7.02084],[125.084702,7.02501]]]]}},{"type":"Feature","properties":{"ID_0":177,"ISO":"PHL","NAME_0":"Philippines","ID_1":12047,"NAME_1":"Cotabato (North Cotabato)","ID_2":1204704,"NAME_2":"City of Kidapawan (Capital)","ID_3":1204704033,"NAME_3":"San Isidro","NL_NAME_3":null,"VARNAME_3":null,"TYPE_3":"Barangay","ENGTYPE_3":"Village","PROVINCE":"Cotabato (North Cotabato)","REGION":"Region XII (Soccsksargen)","id":"barangay-1204704033","name":"San Isidro","barangayCode":"1204704033","population":null,"formattedPop":null,"densityCategory":"No data","vulnerabilityRating":"No data","healthRiskLevel":"No data","areaKm2":4.651041,"centerLat":7.079242,"centerLng":125.024076,"geometrySource":"all_barangay-2.csv detailed WKT","geometryMatchMethod":"psgc_coordinate_bridge","boundaryPointCount":28},"geometry":{"type":"MultiPolygon","coordinates":[[[[125.03994,7.0958],[125.040176,7.09224],[125.039207,7.08941],[125.037903,7.08676],[125.038094,7.08407],[125.036263,7.08165],[125.036217,7.07989],[125.035278,7.07764],[125.033287,7.07222],[125.032677,7.07059],[125.030113,7.07057],[125.028847,7.0693],[125.026894,7.06996],[125.025429,7.06986],[125.023933,7.07125],[125.022423,7.07267],[125.018677,7.07333],[125.016571,7.07259],[125.014839,7.07335],[125.014893,7.07398],[125.014603,7.07602],[125.011688,7.08188],[125.012123,7.08274],[125.020943,7.09184],[125.028877,7.10034],[125.031258,7.09951],[125.035133,7.09712],[125.03994,7.0958]]]]}},{"type":"Feature","properties":{"ID_0":177,"ISO":"PHL","NAME_0":"Philippines","ID_1":12047,"NAME_1":"Cotabato (North Cotabato)","ID_2":1204704,"NAME_2":"City of Kidapawan (Capital)","ID_3":1204704034,"NAME_3":"San Roque","NL_NAME_3":null,"VARNAME_3":null,"TYPE_3":"Barangay","ENGTYPE_3":"Village","PROVINCE":"Cotabato (North Cotabato)","REGION":"Region XII (Soccsksargen)","id":"barangay-1204704034","name":"San Roque","barangayCode":"1204704034","population":null,"formattedPop":null,"densityCategory":"No data","vulnerabilityRating":"No data","healthRiskLevel":"No data","areaKm2":4.32674,"centerLat":7.100662,"centerLng":124.990799,"geometrySource":"all_barangay-2.csv detailed WKT","geometryMatchMethod":"psgc_coordinate_bridge","boundaryPointCount":11},"geometry":{"type":"MultiPolygon","coordinates":[[[[125.001556,7.10545],[125.001427,7.10362],[125.000488,7.09634],[125.0,7.08618],[124.981537,7.09044],[124.98262,7.10166],[124.984787,7.11089],[124.985741,7.10967],[124.992218,7.10763],[124.998756,7.10569],[125.001556,7.10545]]]]}},{"type":"Feature","properties":{"ID_0":177,"ISO":"PHL","NAME_0":"Philippines","ID_1":12047,"NAME_1":"Cotabato (North Cotabato)","ID_2":1204704,"NAME_2":"City of Kidapawan (Capital)","ID_3":1204704035,"NAME_3":"Santo Niño","NL_NAME_3":null,"VARNAME_3":"Santo Nino","TYPE_3":"Barangay","ENGTYPE_3":"Village","PROVINCE":"Cotabato (North Cotabato)","REGION":"Region XII (Soccsksargen)","id":"barangay-1204704035","name":"Santo Niño","barangayCode":"1204704035","population":null,"formattedPop":null,"densityCategory":"No data","vulnerabilityRating":"No data","healthRiskLevel":"No data","areaKm2":4.523698,"centerLat":7.074046,"centerLng":125.045557,"geometrySource":"all_barangay-2.csv detailed WKT","geometryMatchMethod":"psgc_coordinate_bridge","boundaryPointCount":32},"geometry":{"type":"MultiPolygon","coordinates":[[[[125.070587,7.09074],[125.073128,7.08985],[125.073997,7.08553],[125.075211,7.08174],[125.072983,7.07795],[125.07209,7.07488],[125.070557,7.072],[125.069077,7.06876],[125.068604,7.06596],[125.067017,7.06057],[125.065849,7.05782],[125.065819,7.05631],[125.064659,7.05544],[125.062363,7.05321],[125.06118,7.05391],[125.060089,7.05449],[125.056747,7.05356],[125.054291,7.05442],[125.052177,7.05213],[125.050667,7.05148],[125.047523,7.05096],[125.047813,7.05119],[125.049606,7.05685],[125.050217,7.06473],[125.051048,7.07015],[125.05204,7.07663],[125.053596,7.08583],[125.061523,7.07923],[125.06665,7.07879],[125.067017,7.08022],[125.065041,7.08933],[125.070587,7.09074]]]]}},{"type":"Feature","properties":{"ID_0":177,"ISO":"PHL","NAME_0":"Philippines","ID_1":12047,"NAME_1":"Cotabato (North Cotabato)","ID_2":1204704,"NAME_2":"City of Kidapawan (Capital)","ID_3":1204704036,"NAME_3":"Sibawan","NL_NAME_3":null,"VARNAME_3":null,"TYPE_3":"Barangay","ENGTYPE_3":"Village","PROVINCE":"Cotabato (North Cotabato)","REGION":"Region XII (Soccsksargen)","id":"barangay-1204704036","name":"Sibawan","barangayCode":"1204704036","population":null,"formattedPop":null,"densityCategory":"No data","vulnerabilityRating":"No data","healthRiskLevel":"No data","areaKm2":7.297187,"centerLat":7.061991,"centerLng":125.123286,"geometrySource":"all_barangay-2.csv detailed WKT","geometryMatchMethod":"psgc_coordinate_bridge","boundaryPointCount":22},"geometry":{"type":"MultiPolygon","coordinates":[[[[125.116058,7.0749],[125.119331,7.07476],[125.123756,7.0744],[125.127296,7.07065],[125.124458,7.06026],[125.11998,7.05174],[125.11837,7.05345],[125.117523,7.05469],[125.115379,7.05406],[125.113312,7.05551],[125.111542,7.05507],[125.110786,7.05546],[125.1091,7.05571],[125.108452,7.05708],[125.105873,7.05613],[125.103882,7.05575],[125.101967,7.05637],[125.106956,7.06553],[125.109329,7.07057],[125.111382,7.07513],[125.111008,7.07581],[125.116058,7.0749]]]]}},{"type":"Feature","properties":{"ID_0":177,"ISO":"PHL","NAME_0":"Philippines","ID_1":12047,"NAME_1":"Cotabato (North Cotabato)","ID_2":1204704,"NAME_2":"City of Kidapawan (Capital)","ID_3":1204704037,"NAME_3":"Sikitan","NL_NAME_3":null,"VARNAME_3":null,"TYPE_3":"Barangay","ENGTYPE_3":"Village","PROVINCE":"Cotabato (North Cotabato)","REGION":"Region XII (Soccsksargen)","id":"barangay-1204704037","name":"Sikitan","barangayCode":"1204704037","population":null,"formattedPop":null,"densityCategory":"No data","vulnerabilityRating":"No data","healthRiskLevel":"No data","areaKm2":2.906784,"centerLat":7.058994,"centerLng":125.037823,"geometrySource":"all_barangay-2.csv detailed WKT","geometryMatchMethod":"psgc_coordinate_bridge","boundaryPointCount":36},"geometry":{"type":"MultiPolygon","coordinates":[[[[125.03994,7.0958],[125.040543,7.09288],[125.044884,7.08895],[125.049553,7.08706],[125.053596,7.08583],[125.05204,7.07663],[125.051048,7.07015],[125.050217,7.06473],[125.049606,7.05685],[125.047813,7.05119],[125.044899,7.04946],[125.040817,7.04835],[125.038582,7.04813],[125.037071,7.05022],[125.035393,7.05153],[125.028648,7.04945],[125.025108,7.04919],[125.027138,7.05082],[125.028748,7.05204],[125.029427,7.0537],[125.029007,7.05474],[125.029388,7.06102],[125.029877,7.06275],[125.031593,7.06521],[125.032043,7.06695],[125.032654,7.07032],[125.032677,7.07059],[125.033287,7.07222],[125.035278,7.07764],[125.036217,7.07989],[125.036263,7.08165],[125.038094,7.08407],[125.037903,7.08676],[125.039207,7.08941],[125.040176,7.09224],[125.03994,7.0958]]]]}},{"type":"Feature","properties":{"ID_0":177,"ISO":"PHL","NAME_0":"Philippines","ID_1":12047,"NAME_1":"Cotabato (North Cotabato)","ID_2":1204704,"NAME_2":"City of Kidapawan (Capital)","ID_3":1204704038,"NAME_3":"Singao","NL_NAME_3":null,"VARNAME_3":null,"TYPE_3":"Barangay","ENGTYPE_3":"Village","PROVINCE":"Cotabato (North Cotabato)","REGION":"Region XII (Soccsksargen)","id":"barangay-1204704038","name":"Singao","barangayCode":"1204704038","population":null,"formattedPop":null,"densityCategory":"No data","vulnerabilityRating":"No data","healthRiskLevel":"No data","areaKm2":10.517079,"centerLat":6.995932,"centerLng":125.050076,"geometrySource":"all_barangay-2.csv detailed WKT","geometryMatchMethod":"psgc_coordinate_bridge","boundaryPointCount":24},"geometry":{"type":"MultiPolygon","coordinates":[[[[125.058342,7.0057],[125.061119,7.00658],[125.071381,7.00808],[125.077744,7.00707],[125.081642,7.00488],[125.081581,6.99517],[125.078323,6.99443],[125.076523,6.99405],[125.074364,6.99477],[125.07309,6.99428],[125.070091,6.99429],[125.067719,6.99327],[125.066422,6.99239],[125.063057,6.99054],[125.059052,6.98898],[125.054131,6.98783],[125.04998,6.98839],[125.0495,6.99183],[125.049057,6.99459],[125.048973,6.99747],[125.050987,6.99959],[125.05336,7.00214],[125.056107,7.00439],[125.058342,7.0057]]]]}},{"type":"Feature","properties":{"ID_0":177,"ISO":"PHL","NAME_0":"Philippines","ID_1":12047,"NAME_1":"Cotabato (North Cotabato)","ID_2":1204704,"NAME_2":"City of Kidapawan (Capital)","ID_3":1204704039,"NAME_3":"Sudapin","NL_NAME_3":null,"VARNAME_3":null,"TYPE_3":"Barangay","ENGTYPE_3":"Village","PROVINCE":"Cotabato (North Cotabato)","REGION":"Region XII (Soccsksargen)","id":"barangay-1204704039","name":"Sudapin","barangayCode":"1204704039","population":null,"formattedPop":null,"densityCategory":"No data","vulnerabilityRating":"No data","healthRiskLevel":"No data","areaKm2":5.566312,"centerLat":7.028734,"centerLng":125.101245,"geometrySource":"all_barangay-2.csv detailed WKT","geometryMatchMethod":"psgc_coordinate_bridge","boundaryPointCount":22},"geometry":{"type":"MultiPolygon","coordinates":[[[[125.099083,7.04828],[125.101517,7.04414],[125.103233,7.04203],[125.104156,7.04154],[125.104683,7.04103],[125.105988,7.04151],[125.102829,7.0347],[125.102493,7.02504],[125.100456,7.02536],[125.098083,7.02375],[125.09584,7.02194],[125.092773,7.01983],[125.089073,7.0185],[125.088799,7.02066],[125.087128,7.0229],[125.084702,7.02501],[125.088898,7.03574],[125.092323,7.04308],[125.094307,7.04722],[125.096779,7.0482],[125.097878,7.04836],[125.099083,7.04828]]]]}},{"type":"Feature","properties":{"ID_0":177,"ISO":"PHL","NAME_0":"Philippines","ID_1":12047,"NAME_1":"Cotabato (North Cotabato)","ID_2":1204704,"NAME_2":"City of Kidapawan (Capital)","ID_3":1204704040,"NAME_3":"Sumbao","NL_NAME_3":null,"VARNAME_3":null,"TYPE_3":"Barangay","ENGTYPE_3":"Village","PROVINCE":"Cotabato (North Cotabato)","REGION":"Region XII (Soccsksargen)","id":"barangay-1204704040","name":"Sumbao","barangayCode":"1204704040","population":null,"formattedPop":null,"densityCategory":"No data","vulnerabilityRating":"No data","healthRiskLevel":"No data","areaKm2":7.496142,"centerLat":7.007425,"centerLng":125.000137,"geometrySource":"all_barangay-2.csv detailed WKT","geometryMatchMethod":"psgc_coordinate_bridge","boundaryPointCount":15},"geometry":{"type":"MultiPolygon","coordinates":[[[[125.023064,7.02757],[125.023933,7.01697],[125.024223,7.01089],[125.024879,7.00677],[125.015503,7.00523],[125.003868,7.00386],[125.002937,7.00411],[125.001343,7.0074],[124.999184,7.01262],[124.997223,7.0173],[124.997162,7.01855],[125.004883,7.0218],[125.011787,7.02479],[125.022636,7.0296],[125.023064,7.02757]]]]}},{"type":"Feature","properties":{"ID_0":177,"ISO":"PHL","NAME_0":"Philippines","ID_1":12047,"NAME_1":"Cotabato (North Cotabato)","ID_2":1204704,"NAME_2":"City of Kidapawan (Capital)","ID_3":1204704041,"NAME_3":"Magsaysay","NL_NAME_3":null,"VARNAME_3":null,"TYPE_3":"Barangay","ENGTYPE_3":"Village","PROVINCE":"Cotabato (North Cotabato)","REGION":"Region XII (Soccsksargen)","id":"barangay-1204704041","name":"Magsaysay","barangayCode":"1204704041","population":null,"formattedPop":null,"densityCategory":"No data","vulnerabilityRating":"No data","healthRiskLevel":"No data","areaKm2":1.924433,"centerLat":7.013268,"centerLng":125.074226,"geometrySource":"all_barangay-2.csv detailed WKT","geometryMatchMethod":"psgc_coordinate_bridge","boundaryPointCount":10},"geometry":{"type":"MultiPolygon","coordinates":[[[[125.082878,7.02084],[125.079521,7.01228],[125.077744,7.00707],[125.071381,7.00808],[125.061119,7.00658],[125.058342,7.0057],[125.061188,7.01128],[125.062492,7.02004],[125.062607,7.02353],[125.082878,7.02084]]]]}},{"type":"Feature","properties":{"ID_0":177,"ISO":"PHL","NAME_0":"Philippines","ID_1":12047,"NAME_1":"Cotabato (North Cotabato)","ID_2":1204705,"NAME_2":"Libungan","ID_3":1204705001,"NAME_3":"Abaga","NL_NAME_3":null,"VARNAME_3":null,"TYPE_3":"Barangay","ENGTYPE_3":"Village","PROVINCE":"Cotabato (North Cotabato)","REGION":"Region XII (Soccsksargen)","id":"barangay-1204705001","name":"Abaga","barangayCode":"1204705001","population":null,"formattedPop":null,"densityCategory":"No data","vulnerabilityRating":"No data","healthRiskLevel":"No data","areaKm2":2.24407,"centerLat":7.237475,"centerLng":124.535788,"geometrySource":"all_barangay-2.csv detailed WKT","geometryMatchMethod":"psgc_coordinate_bridge","boundaryPointCount":29},"geometry":{"type":"MultiPolygon","coordinates":[[[[124.551338,7.25998],[124.551697,7.25977],[124.552849,7.25869],[124.551659,7.25747],[124.549988,7.25615],[124.54985,7.25383],[124.551277,7.25266],[124.553001,7.25204],[124.555603,7.25326],[124.5588,7.25495],[124.55909,7.25334],[124.55806,7.25215],[124.556969,7.25027],[124.556503,7.24824],[124.557747,7.24762],[124.55899,7.24719],[124.558571,7.24479],[124.555122,7.24577],[124.554527,7.2481],[124.551407,7.24706],[124.549751,7.24582],[124.548981,7.24617],[124.547523,7.2475],[124.54538,7.24703],[124.545151,7.24405],[124.544601,7.24303],[124.541237,7.26042],[124.547798,7.25964],[124.551338,7.25998]]]]}},{"type":"Feature","properties":{"ID_0":177,"ISO":"PHL","NAME_0":"Philippines","ID_1":12047,"NAME_1":"Cotabato (North Cotabato)","ID_2":1204705,"NAME_2":"Libungan","ID_3":1204705003,"NAME_3":"Baguer","NL_NAME_3":null,"VARNAME_3":null,"TYPE_3":"Barangay","ENGTYPE_3":"Village","PROVINCE":"Cotabato (North Cotabato)","REGION":"Region XII (Soccsksargen)","id":"barangay-1204705003","name":"Baguer","barangayCode":"1204705003","population":null,"formattedPop":null,"densityCategory":"No data","vulnerabilityRating":"No data","healthRiskLevel":"No data","areaKm2":11.034362,"centerLat":7.258228,"centerLng":124.466648,"geometrySource":"all_barangay-2.csv detailed WKT","geometryMatchMethod":"psgc_coordinate_bridge","boundaryPointCount":19},"geometry":{"type":"MultiPolygon","coordinates":[[[[124.475952,7.28593],[124.476311,7.27963],[124.476418,7.27479],[124.476463,7.26947],[124.476837,7.26531],[124.480377,7.2638],[124.477676,7.26034],[124.477386,7.25793],[124.477097,7.25567],[124.476028,7.25351],[124.474136,7.25212],[124.469414,7.24268],[124.470978,7.26247],[124.471626,7.26999],[124.472054,7.27939],[124.472801,7.28632],[124.474739,7.28456],[124.475227,7.28596],[124.475952,7.28593]]]]}},{"type":"Feature","properties":{"ID_0":177,"ISO":"PHL","NAME_0":"Philippines","ID_1":12047,"NAME_1":"Cotabato (North Cotabato)","ID_2":1204705,"NAME_2":"Libungan","ID_3":1204705004,"NAME_3":"Barongis","NL_NAME_3":null,"VARNAME_3":null,"TYPE_3":"Barangay","ENGTYPE_3":"Village","PROVINCE":"Cotabato (North Cotabato)","REGION":"Region XII (Soccsksargen)","id":"barangay-1204705004","name":"Barongis","barangayCode":"1204705004","population":null,"formattedPop":null,"densityCategory":"No data","vulnerabilityRating":"No data","healthRiskLevel":"No data","areaKm2":10.462013,"centerLat":7.265899,"centerLng":124.575505,"geometrySource":"all_barangay-2.csv detailed WKT","geometryMatchMethod":"psgc_coordinate_bridge","boundaryPointCount":44},"geometry":{"type":"MultiPolygon","coordinates":[[[[124.551338,7.25998],[124.555283,7.26082],[124.559174,7.26211],[124.560654,7.26301],[124.563461,7.26387],[124.564857,7.26459],[124.566162,7.26311],[124.567673,7.26444],[124.569641,7.26278],[124.573631,7.26472],[124.577599,7.26645],[124.582207,7.2687],[124.586037,7.26965],[124.600151,7.27277],[124.601097,7.27022],[124.601067,7.26739],[124.600937,7.2654],[124.601013,7.26446],[124.600433,7.25734],[124.600868,7.25582],[124.600182,7.25317],[124.600456,7.25211],[124.600449,7.24952],[124.599602,7.24701],[124.582336,7.24601],[124.569527,7.24511],[124.563797,7.24482],[124.558571,7.24479],[124.55899,7.24719],[124.557747,7.24762],[124.556503,7.24824],[124.556969,7.25027],[124.55806,7.25215],[124.55909,7.25334],[124.5588,7.25495],[124.555603,7.25326],[124.553001,7.25204],[124.551277,7.25266],[124.54985,7.25383],[124.549988,7.25615],[124.551659,7.25747],[124.552849,7.25869],[124.551697,7.25977],[124.551338,7.25998]]]]}},{"type":"Feature","properties":{"ID_0":177,"ISO":"PHL","NAME_0":"Philippines","ID_1":12047,"NAME_1":"Cotabato (North Cotabato)","ID_2":1204705,"NAME_2":"Libungan","ID_3":1204705005,"NAME_3":"Batiocan","NL_NAME_3":null,"VARNAME_3":null,"TYPE_3":"Barangay","ENGTYPE_3":"Village","PROVINCE":"Cotabato (North Cotabato)","REGION":"Region XII (Soccsksargen)","id":"barangay-1204705005","name":"Batiocan","barangayCode":"1204705005","population":null,"formattedPop":null,"densityCategory":"No data","vulnerabilityRating":"No data","healthRiskLevel":"No data","areaKm2":4.200117,"centerLat":7.255834,"centerLng":124.500093,"geometrySource":"all_barangay-2.csv detailed WKT","geometryMatchMethod":"psgc_coordinate_bridge","boundaryPointCount":17},"geometry":{"type":"MultiPolygon","coordinates":[[[[124.506554,7.26915],[124.507332,7.25054],[124.503166,7.24702],[124.49852,7.2432],[124.491432,7.24857],[124.48877,7.24946],[124.485443,7.25017],[124.482094,7.2518],[124.483566,7.253],[124.485023,7.25405],[124.485313,7.25528],[124.487328,7.25556],[124.488373,7.25613],[124.488678,7.25589],[124.490227,7.25658],[124.490463,7.26928],[124.506554,7.26915]]]]}},{"type":"Feature","properties":{"ID_0":177,"ISO":"PHL","NAME_0":"Philippines","ID_1":12047,"NAME_1":"Cotabato (North Cotabato)","ID_2":1204705,"NAME_2":"Libungan","ID_3":1204705006,"NAME_3":"Cabaruyan","NL_NAME_3":null,"VARNAME_3":null,"TYPE_3":"Barangay","ENGTYPE_3":"Village","PROVINCE":"Cotabato (North Cotabato)","REGION":"Region XII (Soccsksargen)","id":"barangay-1204705006","name":"Cabaruyan","barangayCode":"1204705006","population":null,"formattedPop":null,"densityCategory":"No data","vulnerabilityRating":"No data","healthRiskLevel":"No data","areaKm2":13.611557,"centerLat":7.261954,"centerLng":124.540079,"geometrySource":"all_barangay-2.csv detailed WKT","geometryMatchMethod":"psgc_coordinate_bridge","boundaryPointCount":34},"geometry":{"type":"MultiPolygon","coordinates":[[[[124.526314,7.26769],[124.529999,7.27395],[124.533958,7.26926],[124.533493,7.2678],[124.534683,7.26646],[124.535042,7.26533],[124.536491,7.26555],[124.538223,7.26483],[124.538292,7.26387],[124.538933,7.26448],[124.540993,7.2643],[124.541237,7.26042],[124.544601,7.24303],[124.544548,7.24186],[124.543877,7.24101],[124.541496,7.24016],[124.539047,7.23893],[124.537483,7.23839],[124.535713,7.23897],[124.535889,7.23975],[124.538567,7.24057],[124.536743,7.24143],[124.532097,7.24091],[124.530067,7.24569],[124.529381,7.24871],[124.529259,7.25235],[124.529411,7.25472],[124.528908,7.2579],[124.528633,7.25961],[124.527786,7.26141],[124.528229,7.26428],[124.527519,7.26625],[124.526581,7.26805],[124.526314,7.26769]]]]}},{"type":"Feature","properties":{"ID_0":177,"ISO":"PHL","NAME_0":"Philippines","ID_1":12047,"NAME_1":"Cotabato (North Cotabato)","ID_2":1204705,"NAME_2":"Libungan","ID_3":1204705007,"NAME_3":"Cabpangi","NL_NAME_3":null,"VARNAME_3":null,"TYPE_3":"Barangay","ENGTYPE_3":"Village","PROVINCE":"Cotabato (North Cotabato)","REGION":"Region XII (Soccsksargen)","id":"barangay-1204705007","name":"Cabpangi","barangayCode":"1204705007","population":null,"formattedPop":null,"densityCategory":"No data","vulnerabilityRating":"No data","healthRiskLevel":"No data","areaKm2":9.497328,"centerLat":7.270908,"centerLng":124.518085,"geometrySource":"all_barangay-2.csv detailed WKT","geometryMatchMethod":"psgc_coordinate_bridge","boundaryPointCount":22},"geometry":{"type":"MultiPolygon","coordinates":[[[[124.526314,7.26769],[124.526581,7.26805],[124.527519,7.26625],[124.528229,7.26428],[124.527786,7.26141],[124.528633,7.25961],[124.528908,7.2579],[124.529411,7.25472],[124.529259,7.25235],[124.529381,7.24871],[124.530067,7.24569],[124.532097,7.24091],[124.529663,7.23991],[124.528198,7.2376],[124.525589,7.23825],[124.523773,7.23718],[124.520737,7.23857],[124.509377,7.24919],[124.507332,7.25054],[124.506554,7.26915],[124.525307,7.27001],[124.526314,7.26769]]]]}},{"type":"Feature","properties":{"ID_0":177,"ISO":"PHL","NAME_0":"Philippines","ID_1":12047,"NAME_1":"Cotabato (North Cotabato)","ID_2":1204705,"NAME_2":"Libungan","ID_3":1204705010,"NAME_3":"Demapaco","NL_NAME_3":null,"VARNAME_3":null,"TYPE_3":"Barangay","ENGTYPE_3":"Village","PROVINCE":"Cotabato (North Cotabato)","REGION":"Region XII (Soccsksargen)","id":"barangay-1204705010","name":"Demapaco","barangayCode":"1204705010","population":null,"formattedPop":null,"densityCategory":"No data","vulnerabilityRating":"No data","healthRiskLevel":"No data","areaKm2":10.347667,"centerLat":7.295651,"centerLng":124.503826,"geometrySource":"all_barangay-2.csv detailed WKT","geometryMatchMethod":"psgc_coordinate_bridge","boundaryPointCount":41},"geometry":{"type":"MultiPolygon","coordinates":[[[[124.527443,7.29219],[124.528618,7.27849],[124.529152,7.27598],[124.529999,7.27395],[124.526314,7.26769],[124.525307,7.27001],[124.506554,7.26915],[124.490463,7.26928],[124.476463,7.26947],[124.476418,7.27479],[124.476311,7.27963],[124.475952,7.28593],[124.480751,7.28532],[124.483047,7.28621],[124.485893,7.28853],[124.487213,7.29069],[124.488297,7.2933],[124.488983,7.29652],[124.489662,7.3006],[124.490067,7.30627],[124.490059,7.31146],[124.490387,7.31693],[124.490929,7.32059],[124.489616,7.32997],[124.49015,7.33129],[124.494873,7.32707],[124.499786,7.32134],[124.503777,7.31653],[124.507637,7.31321],[124.51078,7.31038],[124.513763,7.30848],[124.51609,7.30686],[124.517036,7.30523],[124.519043,7.30488],[124.52108,7.30335],[124.52169,7.30222],[124.523773,7.30069],[124.525787,7.2985],[124.52652,7.29754],[124.526848,7.29632],[124.527443,7.29219]]]]}},{"type":"Feature","properties":{"ID_0":177,"ISO":"PHL","NAME_0":"Philippines","ID_1":12047,"NAME_1":"Cotabato (North Cotabato)","ID_2":1204705,"NAME_2":"Libungan","ID_3":1204705011,"NAME_3":"Grebona","NL_NAME_3":null,"VARNAME_3":null,"TYPE_3":"Barangay","ENGTYPE_3":"Village","PROVINCE":"Cotabato (North Cotabato)","REGION":"Region XII (Soccsksargen)","id":"barangay-1204705011","name":"Grebona","barangayCode":"1204705011","population":null,"formattedPop":null,"densityCategory":"No data","vulnerabilityRating":"No data","healthRiskLevel":"No data","areaKm2":5.595797,"centerLat":7.299453,"centerLng":124.562023,"geometrySource":"all_barangay-2.csv detailed WKT","geometryMatchMethod":"psgc_coordinate_bridge","boundaryPointCount":38},"geometry":{"type":"MultiPolygon","coordinates":[[[[124.603996,7.29915],[124.604843,7.28515],[124.596001,7.28431],[124.592598,7.28191],[124.590057,7.28243],[124.588409,7.28177],[124.58815,7.2827],[124.586967,7.28158],[124.585907,7.28302],[124.584663,7.28243],[124.582718,7.28056],[124.572632,7.27559],[124.563873,7.27337],[124.559288,7.27418],[124.556664,7.27156],[124.553131,7.26836],[124.550797,7.26692],[124.552582,7.26896],[124.553207,7.27034],[124.555069,7.2741],[124.555763,7.27561],[124.557289,7.27733],[124.556427,7.28],[124.556107,7.28202],[124.556183,7.28384],[124.555717,7.28675],[124.554649,7.28788],[124.552849,7.28886],[124.552078,7.29043],[124.551826,7.29212],[124.551804,7.29437],[124.552017,7.29528],[124.557777,7.29516],[124.55751,7.29481],[124.566917,7.29494],[124.571198,7.29569],[124.595993,7.29852],[124.603996,7.29915]]]]}},{"type":"Feature","properties":{"ID_0":177,"ISO":"PHL","NAME_0":"Philippines","ID_1":12047,"NAME_1":"Cotabato (North Cotabato)","ID_2":1204705,"NAME_2":"Libungan","ID_3":1204705013,"NAME_3":"Gumaga","NL_NAME_3":null,"VARNAME_3":null,"TYPE_3":"Barangay","ENGTYPE_3":"Village","PROVINCE":"Cotabato (North Cotabato)","REGION":"Region XII (Soccsksargen)","id":"barangay-1204705013","name":"Gumaga","barangayCode":"1204705013","population":null,"formattedPop":null,"densityCategory":"No data","vulnerabilityRating":"No data","healthRiskLevel":"No data","areaKm2":6.975344,"centerLat":7.240417,"centerLng":124.490961,"geometrySource":"all_barangay-2.csv detailed WKT","geometryMatchMethod":"psgc_coordinate_bridge","boundaryPointCount":28},"geometry":{"type":"MultiPolygon","coordinates":[[[[124.482094,7.2518],[124.485443,7.25017],[124.48877,7.24946],[124.491432,7.24857],[124.49852,7.2432],[124.499901,7.24062],[124.503464,7.23865],[124.508728,7.23359],[124.508667,7.23243],[124.506371,7.23078],[124.504517,7.23085],[124.503014,7.23013],[124.500542,7.23162],[124.496841,7.23161],[124.494217,7.23583],[124.493073,7.23686],[124.491737,7.23877],[124.489403,7.23938],[124.486137,7.23921],[124.483749,7.23942],[124.480186,7.24017],[124.477272,7.24072],[124.475433,7.24096],[124.473953,7.24233],[124.476013,7.24912],[124.477997,7.25052],[124.482033,7.25139],[124.482094,7.2518]]]]}},{"type":"Feature","properties":{"ID_0":177,"ISO":"PHL","NAME_0":"Philippines","ID_1":12047,"NAME_1":"Cotabato (North Cotabato)","ID_2":1204705,"NAME_2":"Libungan","ID_3":1204705014,"NAME_3":"Kapayawi","NL_NAME_3":null,"VARNAME_3":null,"TYPE_3":"Barangay","ENGTYPE_3":"Village","PROVINCE":"Cotabato (North Cotabato)","REGION":"Region XII (Soccsksargen)","id":"barangay-1204705014","name":"Kapayawi","barangayCode":"1204705014","population":null,"formattedPop":null,"densityCategory":"No data","vulnerabilityRating":"No data","healthRiskLevel":"No data","areaKm2":6.017684,"centerLat":7.311591,"centerLng":124.580007,"geometrySource":"all_barangay-2.csv detailed WKT","geometryMatchMethod":"psgc_coordinate_bridge","boundaryPointCount":19},"geometry":{"type":"MultiPolygon","coordinates":[[[[124.602966,7.31864],[124.603996,7.29915],[124.595993,7.29852],[124.571198,7.29569],[124.566917,7.29494],[124.55751,7.29481],[124.557777,7.29516],[124.552017,7.29528],[124.550903,7.30277],[124.553383,7.3059],[124.556534,7.30707],[124.555481,7.30965],[124.557747,7.31266],[124.561867,7.31272],[124.563164,7.31285],[124.562607,7.31597],[124.562683,7.31647],[124.569122,7.31719],[124.602966,7.31864]]]]}},{"type":"Feature","properties":{"ID_0":177,"ISO":"PHL","NAME_0":"Philippines","ID_1":12047,"NAME_1":"Cotabato (North Cotabato)","ID_2":1204705,"NAME_2":"Libungan","ID_3":1204705015,"NAME_3":"Kiloyao","NL_NAME_3":null,"VARNAME_3":null,"TYPE_3":"Barangay","ENGTYPE_3":"Village","PROVINCE":"Cotabato (North Cotabato)","REGION":"Region XII (Soccsksargen)","id":"barangay-1204705015","name":"Kiloyao","barangayCode":"1204705015","population":null,"formattedPop":null,"densityCategory":"No data","vulnerabilityRating":"No data","healthRiskLevel":"No data","areaKm2":5.284097,"centerLat":7.323956,"centerLng":124.556132,"geometrySource":"all_barangay-2.csv detailed WKT","geometryMatchMethod":"psgc_coordinate_bridge","boundaryPointCount":74},"geometry":{"type":"MultiPolygon","coordinates":[[[[124.493423,7.43314],[124.504059,7.41653],[124.512703,7.41686],[124.519577,7.41743],[124.520264,7.41529],[124.522583,7.4118],[124.523933,7.40664],[124.526131,7.4029],[124.530281,7.40072],[124.535667,7.4003],[124.540192,7.39843],[124.541702,7.39553],[124.53981,7.39103],[124.540207,7.38597],[124.540337,7.38323],[124.540367,7.38108],[124.541489,7.37687],[124.543289,7.37492],[124.546898,7.37274],[124.550201,7.37152],[124.552834,7.37071],[124.555161,7.36803],[124.554588,7.36514],[124.555443,7.36171],[124.553146,7.3617],[124.550339,7.36306],[124.550507,7.36134],[124.551613,7.35463],[124.55011,7.35081],[124.547974,7.34555],[124.550247,7.33853],[124.551338,7.33693],[124.553787,7.33353],[124.556747,7.32927],[124.558578,7.32522],[124.559837,7.32103],[124.561203,7.3191],[124.562569,7.31637],[124.562683,7.31647],[124.562607,7.31597],[124.563164,7.31285],[124.561867,7.31272],[124.557747,7.31266],[124.555481,7.30965],[124.556534,7.30707],[124.553383,7.3059],[124.550903,7.30277],[124.552017,7.29528],[124.551804,7.29437],[124.551826,7.29212],[124.552078,7.29043],[124.552849,7.28886],[124.554649,7.28788],[124.555717,7.28675],[124.556183,7.28384],[124.556107,7.28202],[124.556427,7.28],[124.557289,7.27733],[124.555763,7.27561],[124.555069,7.2741],[124.553207,7.27034],[124.546089,7.27373],[124.54351,7.27428],[124.544289,7.27917],[124.544228,7.28974],[124.544037,7.2973],[124.543877,7.30462],[124.543114,7.30858],[124.542824,7.3192],[124.536827,7.32303],[124.479889,7.38338],[124.483292,7.41603],[124.486519,7.44401],[124.493423,7.43314]]]]}},{"type":"Feature","properties":{"ID_0":177,"ISO":"PHL","NAME_0":"Philippines","ID_1":12047,"NAME_1":"Cotabato (North Cotabato)","ID_2":1204705,"NAME_2":"Libungan","ID_3":1204705017,"NAME_3":"Kitubod","NL_NAME_3":null,"VARNAME_3":null,"TYPE_3":"Barangay","ENGTYPE_3":"Village","PROVINCE":"Cotabato (North Cotabato)","REGION":"Region XII (Soccsksargen)","id":"barangay-1204705017","name":"Kitubod","barangayCode":"1204705017","population":null,"formattedPop":null,"densityCategory":"No data","vulnerabilityRating":"No data","healthRiskLevel":"No data","areaKm2":8.817675,"centerLat":7.319817,"centerLng":124.628465,"geometrySource":"all_barangay-2.csv detailed WKT","geometryMatchMethod":"psgc_coordinate_bridge","boundaryPointCount":44},"geometry":{"type":"MultiPolygon","coordinates":[[[[124.631233,7.2949],[124.63131,7.2928],[124.631393,7.29106],[124.632263,7.28816],[124.629913,7.28594],[124.629677,7.28283],[124.629868,7.28114],[124.627991,7.27782],[124.629883,7.27333],[124.629211,7.27064],[124.63031,7.26827],[124.629417,7.26645],[124.632309,7.26447],[124.634361,7.26459],[124.634102,7.26128],[124.635742,7.25916],[124.635246,7.2577],[124.634361,7.25624],[124.635101,7.25409],[124.637367,7.25323],[124.639999,7.25185],[124.641037,7.25047],[124.599602,7.24701],[124.600449,7.24952],[124.600456,7.25211],[124.600182,7.25317],[124.600868,7.25582],[124.600433,7.25734],[124.601013,7.26446],[124.600937,7.2654],[124.601067,7.26739],[124.601097,7.27022],[124.600151,7.27277],[124.600456,7.27566],[124.601952,7.27789],[124.602692,7.27987],[124.605209,7.2815],[124.606667,7.28281],[124.6054,7.28521],[124.604843,7.28515],[124.606827,7.28598],[124.613037,7.28906],[124.622269,7.29278],[124.631233,7.2949]]]]}},{"type":"Feature","properties":{"ID_0":177,"ISO":"PHL","NAME_0":"Philippines","ID_1":12047,"NAME_1":"Cotabato (North Cotabato)","ID_2":1204705,"NAME_2":"Libungan","ID_3":1204705019,"NAME_3":"Malengen","NL_NAME_3":null,"VARNAME_3":null,"TYPE_3":"Barangay","ENGTYPE_3":"Village","PROVINCE":"Cotabato (North Cotabato)","REGION":"Region XII (Soccsksargen)","id":"barangay-1204705019","name":"Malengen","barangayCode":"1204705019","population":null,"formattedPop":null,"densityCategory":"No data","vulnerabilityRating":"No data","healthRiskLevel":"No data","areaKm2":9.663175,"centerLat":7.287936,"centerLng":124.582762,"geometrySource":"all_barangay-2.csv detailed WKT","geometryMatchMethod":"psgc_coordinate_bridge","boundaryPointCount":39},"geometry":{"type":"MultiPolygon","coordinates":[[[[124.600151,7.27277],[124.586037,7.26965],[124.582207,7.2687],[124.577599,7.26645],[124.573631,7.26472],[124.569641,7.26278],[124.567673,7.26444],[124.566162,7.26311],[124.564857,7.26459],[124.563461,7.26387],[124.560654,7.26301],[124.559174,7.26211],[124.555283,7.26082],[124.551338,7.25998],[124.550613,7.26229],[124.550758,7.26644],[124.550797,7.26692],[124.553131,7.26836],[124.556664,7.27156],[124.559288,7.27418],[124.563873,7.27337],[124.572632,7.27559],[124.582718,7.28056],[124.584663,7.28243],[124.585907,7.28302],[124.586967,7.28158],[124.58815,7.2827],[124.588409,7.28177],[124.590057,7.28243],[124.592598,7.28191],[124.596001,7.28431],[124.604843,7.28515],[124.6054,7.28521],[124.606667,7.28281],[124.605209,7.2815],[124.602692,7.27987],[124.601952,7.27789],[124.600456,7.27566],[124.600151,7.27277]]]]}},{"type":"Feature","properties":{"ID_0":177,"ISO":"PHL","NAME_0":"Philippines","ID_1":12047,"NAME_1":"Cotabato (North Cotabato)","ID_2":1204705,"NAME_2":"Libungan","ID_3":1204705023,"NAME_3":"Montay","NL_NAME_3":null,"VARNAME_3":null,"TYPE_3":"Barangay","ENGTYPE_3":"Village","PROVINCE":"Cotabato (North Cotabato)","REGION":"Region XII (Soccsksargen)","id":"barangay-1204705023","name":"Montay","barangayCode":"1204705023","population":null,"formattedPop":null,"densityCategory":"No data","vulnerabilityRating":"No data","healthRiskLevel":"No data","areaKm2":6.813964,"centerLat":7.286289,"centerLng":124.544264,"geometrySource":"all_barangay-2.csv detailed WKT","geometryMatchMethod":"psgc_coordinate_bridge","boundaryPointCount":39},"geometry":{"type":"MultiPolygon","coordinates":[[[[124.544289,7.27917],[124.54351,7.27428],[124.546089,7.27373],[124.553207,7.27034],[124.552582,7.26896],[124.550797,7.26692],[124.550758,7.26644],[124.550613,7.26229],[124.551338,7.25998],[124.547798,7.25964],[124.541237,7.26042],[124.540993,7.2643],[124.538933,7.26448],[124.538292,7.26387],[124.538223,7.26483],[124.536491,7.26555],[124.535042,7.26533],[124.534683,7.26646],[124.533493,7.2678],[124.533958,7.26926],[124.529999,7.27395],[124.529152,7.27598],[124.528618,7.27849],[124.527443,7.29219],[124.529739,7.2913],[124.530998,7.28955],[124.533043,7.2885],[124.534286,7.28827],[124.534012,7.286],[124.535507,7.28538],[124.536903,7.28507],[124.537262,7.2826],[124.539574,7.28277],[124.540916,7.28185],[124.542847,7.28098],[124.542953,7.27997],[124.542191,7.27893],[124.543907,7.27875],[124.544289,7.27917]]]]}},{"type":"Feature","properties":{"ID_0":177,"ISO":"PHL","NAME_0":"Philippines","ID_1":12047,"NAME_1":"Cotabato (North Cotabato)","ID_2":1204705,"NAME_2":"Libungan","ID_3":1204705024,"NAME_3":"Nica-an","NL_NAME_3":null,"VARNAME_3":null,"TYPE_3":"Barangay","ENGTYPE_3":"Village","PROVINCE":"Cotabato (North Cotabato)","REGION":"Region XII (Soccsksargen)","id":"barangay-1204705024","name":"Nica-an","barangayCode":"1204705024","population":null,"formattedPop":null,"densityCategory":"No data","vulnerabilityRating":"No data","healthRiskLevel":"No data","areaKm2":6.729578,"centerLat":7.329552,"centerLng":124.580646,"geometrySource":"all_barangay-2.csv detailed WKT","geometryMatchMethod":"psgc_coordinate_bridge","boundaryPointCount":11},"geometry":{"type":"MultiPolygon","coordinates":[[[[124.602699,7.32578],[124.602966,7.31864],[124.569122,7.31719],[124.562683,7.31647],[124.562569,7.31637],[124.561203,7.3191],[124.559837,7.32103],[124.558578,7.32522],[124.562073,7.32503],[124.588966,7.32535],[124.602699,7.32578]]]]}},{"type":"Feature","properties":{"ID_0":177,"ISO":"PHL","NAME_0":"Philippines","ID_1":12047,"NAME_1":"Cotabato (North Cotabato)","ID_2":1204705,"NAME_2":"Libungan","ID_3":1204705025,"NAME_3":"Palao","NL_NAME_3":null,"VARNAME_3":null,"TYPE_3":"Barangay","ENGTYPE_3":"Village","PROVINCE":"Cotabato (North Cotabato)","REGION":"Region XII (Soccsksargen)","id":"barangay-1204705025","name":"Palao","barangayCode":"1204705025","population":null,"formattedPop":null,"densityCategory":"No data","vulnerabilityRating":"No data","healthRiskLevel":"No data","areaKm2":17.347846,"centerLat":7.308408,"centerLng":124.608571,"geometrySource":"all_barangay-2.csv detailed WKT","geometryMatchMethod":"psgc_coordinate_bridge","boundaryPointCount":25},"geometry":{"type":"MultiPolygon","coordinates":[[[[124.636871,7.32603],[124.636017,7.32483],[124.635612,7.32435],[124.635139,7.32281],[124.63353,7.32145],[124.631439,7.31874],[124.63446,7.31616],[124.632439,7.31399],[124.630592,7.31189],[124.630913,7.31063],[124.63131,7.3088],[124.632103,7.30586],[124.633018,7.30218],[124.632919,7.29959],[124.631813,7.29706],[124.631233,7.2949],[124.622269,7.29278],[124.613037,7.28906],[124.606827,7.28598],[124.604843,7.28515],[124.603996,7.29915],[124.602966,7.31864],[124.602699,7.32578],[124.60952,7.32604],[124.636871,7.32603]]]]}},{"type":"Feature","properties":{"ID_0":177,"ISO":"PHL","NAME_0":"Philippines","ID_1":12047,"NAME_1":"Cotabato (North Cotabato)","ID_2":1204705,"NAME_2":"Libungan","ID_3":1204705029,"NAME_3":"Poblacion","NL_NAME_3":null,"VARNAME_3":null,"TYPE_3":"Barangay","ENGTYPE_3":"Village","PROVINCE":"Cotabato (North Cotabato)","REGION":"Region XII (Soccsksargen)","id":"barangay-1204705029","name":"Poblacion","barangayCode":"1204705029","population":null,"formattedPop":null,"densityCategory":"No data","vulnerabilityRating":"No data","healthRiskLevel":"No data","areaKm2":2.096853,"centerLat":7.241223,"centerLng":124.520951,"geometrySource":"all_barangay-2.csv detailed WKT","geometryMatchMethod":"psgc_coordinate_bridge","boundaryPointCount":20},"geometry":{"type":"MultiPolygon","coordinates":[[[[124.507332,7.25054],[124.509377,7.24919],[124.520737,7.23857],[124.523773,7.23718],[124.522308,7.23489],[124.521027,7.23313],[124.519981,7.23474],[124.518837,7.23593],[124.517212,7.23542],[124.516724,7.23506],[124.514313,7.23345],[124.512733,7.23195],[124.510117,7.23057],[124.508667,7.23243],[124.508728,7.23359],[124.503464,7.23865],[124.499901,7.24062],[124.49852,7.2432],[124.503166,7.24702],[124.507332,7.25054]]]]}},{"type":"Feature","properties":{"ID_0":177,"ISO":"PHL","NAME_0":"Philippines","ID_1":12047,"NAME_1":"Cotabato (North Cotabato)","ID_2":1204705,"NAME_2":"Libungan","ID_3":1204705032,"NAME_3":"Sinapangan","NL_NAME_3":null,"VARNAME_3":null,"TYPE_3":"Barangay","ENGTYPE_3":"Village","PROVINCE":"Cotabato (North Cotabato)","REGION":"Region XII (Soccsksargen)","id":"barangay-1204705032","name":"Sinapangan","barangayCode":"1204705032","population":null,"formattedPop":null,"densityCategory":"No data","vulnerabilityRating":"No data","healthRiskLevel":"No data","areaKm2":17.929525,"centerLat":7.31542,"centerLng":124.52962,"geometrySource":"all_barangay-2.csv detailed WKT","geometryMatchMethod":"psgc_coordinate_bridge","boundaryPointCount":41},"geometry":{"type":"MultiPolygon","coordinates":[[[[124.476097,7.33418],[124.479889,7.38338],[124.536827,7.32303],[124.542824,7.3192],[124.543114,7.30858],[124.543877,7.30462],[124.544037,7.2973],[124.544228,7.28974],[124.544289,7.27917],[124.543907,7.27875],[124.542191,7.27893],[124.542953,7.27997],[124.542847,7.28098],[124.540916,7.28185],[124.539574,7.28277],[124.537262,7.2826],[124.536903,7.28507],[124.535507,7.28538],[124.534012,7.286],[124.534286,7.28827],[124.533043,7.2885],[124.530998,7.28955],[124.529739,7.2913],[124.527443,7.29219],[124.526848,7.29632],[124.52652,7.29754],[124.525787,7.2985],[124.523773,7.30069],[124.52169,7.30222],[124.52108,7.30335],[124.519043,7.30488],[124.517036,7.30523],[124.51609,7.30686],[124.513763,7.30848],[124.51078,7.31038],[124.507637,7.31321],[124.503777,7.31653],[124.499786,7.32134],[124.494873,7.32707],[124.49015,7.33129],[124.476097,7.33418]]]]}},{"type":"Feature","properties":{"ID_0":177,"ISO":"PHL","NAME_0":"Philippines","ID_1":12047,"NAME_1":"Cotabato (North Cotabato)","ID_2":1204705,"NAME_2":"Libungan","ID_3":1204705033,"NAME_3":"Sinawingan","NL_NAME_3":null,"VARNAME_3":null,"TYPE_3":"Barangay","ENGTYPE_3":"Village","PROVINCE":"Cotabato (North Cotabato)","REGION":"Region XII (Soccsksargen)","id":"barangay-1204705033","name":"Sinawingan","barangayCode":"1204705033","population":null,"formattedPop":null,"densityCategory":"No data","vulnerabilityRating":"No data","healthRiskLevel":"No data","areaKm2":5.643719,"centerLat":7.262723,"centerLng":124.485007,"geometrySource":"all_barangay-2.csv detailed WKT","geometryMatchMethod":"psgc_coordinate_bridge","boundaryPointCount":24},"geometry":{"type":"MultiPolygon","coordinates":[[[[124.490463,7.26928],[124.490227,7.25658],[124.488678,7.25589],[124.488373,7.25613],[124.487328,7.25556],[124.485313,7.25528],[124.485023,7.25405],[124.483566,7.253],[124.482094,7.2518],[124.482033,7.25139],[124.477997,7.25052],[124.476013,7.24912],[124.473953,7.24233],[124.472107,7.24244],[124.469414,7.24268],[124.474136,7.25212],[124.476028,7.25351],[124.477097,7.25567],[124.477386,7.25793],[124.477676,7.26034],[124.480377,7.2638],[124.476837,7.26531],[124.476463,7.26947],[124.490463,7.26928]]]]}},{"type":"Feature","properties":{"ID_0":177,"ISO":"PHL","NAME_0":"Philippines","ID_1":12047,"NAME_1":"Cotabato (North Cotabato)","ID_2":1204705,"NAME_2":"Libungan","ID_3":1204705034,"NAME_3":"Ulamian","NL_NAME_3":null,"VARNAME_3":null,"TYPE_3":"Barangay","ENGTYPE_3":"Village","PROVINCE":"Cotabato (North Cotabato)","REGION":"Region XII (Soccsksargen)","id":"barangay-1204705034","name":"Ulamian","barangayCode":"1204705034","population":null,"formattedPop":null,"densityCategory":"No data","vulnerabilityRating":"No data","healthRiskLevel":"No data","areaKm2":7.422559,"centerLat":7.296225,"centerLng":124.490211,"geometrySource":"all_barangay-2.csv detailed WKT","geometryMatchMethod":"psgc_coordinate_bridge","boundaryPointCount":20},"geometry":{"type":"MultiPolygon","coordinates":[[[[124.49015,7.33129],[124.489616,7.32997],[124.490929,7.32059],[124.490387,7.31693],[124.490059,7.31146],[124.490067,7.30627],[124.489662,7.3006],[124.488983,7.29652],[124.488297,7.2933],[124.487213,7.29069],[124.485893,7.28853],[124.483047,7.28621],[124.480751,7.28532],[124.475952,7.28593],[124.475227,7.28596],[124.474739,7.28456],[124.472801,7.28632],[124.474838,7.30606],[124.476097,7.33418],[124.49015,7.33129]]]]}},{"type":"Feature","properties":{"ID_0":177,"ISO":"PHL","NAME_0":"Philippines","ID_1":12047,"NAME_1":"Cotabato (North Cotabato)","ID_2":1204706,"NAME_2":"Magpet","ID_3":1204706001,"NAME_3":"Alibayon","NL_NAME_3":null,"VARNAME_3":null,"TYPE_3":"Barangay","ENGTYPE_3":"Village","PROVINCE":"Cotabato (North Cotabato)","REGION":"Region XII (Soccsksargen)","id":"barangay-1204706001","name":"Alibayon","barangayCode":"1204706001","population":null,"formattedPop":null,"densityCategory":"No data","vulnerabilityRating":"No data","healthRiskLevel":"No data","areaKm2":3.227635,"centerLat":7.101041,"centerLng":125.097437,"geometrySource":"all_barangay-2.csv detailed WKT","geometryMatchMethod":"psgc_coordinate_bridge","boundaryPointCount":16},"geometry":{"type":"MultiPolygon","coordinates":[[[[125.089287,7.10518],[125.087807,7.09718],[125.087769,7.09642],[125.086792,7.09652],[125.085411,7.09636],[125.082161,7.09782],[125.078133,7.09826],[125.071297,7.09688],[125.072891,7.1111],[125.075394,7.11146],[125.077232,7.11089],[125.079102,7.10917],[125.081993,7.10755],[125.08419,7.10649],[125.088097,7.10664],[125.089287,7.10518]]]]}},{"type":"Feature","properties":{"ID_0":177,"ISO":"PHL","NAME_0":"Philippines","ID_1":12047,"NAME_1":"Cotabato (North Cotabato)","ID_2":1204706,"NAME_2":"Magpet","ID_3":1204706005,"NAME_3":"Bagumbayan","NL_NAME_3":null,"VARNAME_3":null,"TYPE_3":"Barangay","ENGTYPE_3":"Village","PROVINCE":"Cotabato (North Cotabato)","REGION":"Region XII (Soccsksargen)","id":"barangay-1204706005","name":"Bagumbayan","barangayCode":"1204706005","population":null,"formattedPop":null,"densityCategory":"No data","vulnerabilityRating":"No data","healthRiskLevel":"No data","areaKm2":11.423077,"centerLat":7.188576,"centerLng":125.102315,"geometrySource":"all_barangay-2.csv detailed WKT","geometryMatchMethod":"psgc_coordinate_bridge","boundaryPointCount":15},"geometry":{"type":"MultiPolygon","coordinates":[[[[125.113533,7.21571],[125.118317,7.20608],[125.105621,7.19724],[125.098091,7.18497],[125.088226,7.184],[125.085411,7.18564],[125.079208,7.19022],[125.075974,7.19336],[125.071182,7.19979],[125.068817,7.20336],[125.068497,7.20786],[125.068398,7.2107],[125.06926,7.21504],[125.082642,7.21411],[125.113533,7.21571]]]]}},{"type":"Feature","properties":{"ID_0":177,"ISO":"PHL","NAME_0":"Philippines","ID_1":12047,"NAME_1":"Cotabato (North Cotabato)","ID_2":1204706,"NAME_2":"Magpet","ID_3":1204706006,"NAME_3":"Bangkal","NL_NAME_3":null,"VARNAME_3":null,"TYPE_3":"Barangay","ENGTYPE_3":"Village","PROVINCE":"Cotabato (North Cotabato)","REGION":"Region XII (Soccsksargen)","id":"barangay-1204706006","name":"Bangkal","barangayCode":"1204706006","population":null,"formattedPop":null,"densityCategory":"No data","vulnerabilityRating":"No data","healthRiskLevel":"No data","areaKm2":8.954981,"centerLat":7.0958,"centerLng":125.226314,"geometrySource":"all_barangay-2.csv detailed WKT","geometryMatchMethod":"psgc_coordinate_bridge","boundaryPointCount":43},"geometry":{"type":"MultiPolygon","coordinates":[[[[125.278519,7.12823],[125.284157,7.12294],[125.287247,7.11656],[125.26757,7.11672],[125.25489,7.11682],[125.247421,7.1171],[125.236389,7.11711],[125.227867,7.11653],[125.225571,7.11496],[125.223396,7.111],[125.220154,7.10568],[125.215561,7.10342],[125.211319,7.10147],[125.203667,7.09747],[125.200661,7.09562],[125.194229,7.09163],[125.19136,7.09064],[125.187027,7.09115],[125.183006,7.09157],[125.179237,7.09206],[125.174294,7.09236],[125.173172,7.09224],[125.17382,7.1034],[125.180763,7.11109],[125.183327,7.11438],[125.186302,7.11825],[125.188522,7.12276],[125.190842,7.12524],[125.190887,7.12524],[125.190933,7.12525],[125.19088,7.1255],[125.194893,7.12988],[125.201942,7.13303],[125.206093,7.134],[125.211708,7.13531],[125.220909,7.13622],[125.229187,7.13721],[125.235649,7.13798],[125.247749,7.13923],[125.26281,7.14078],[125.26902,7.13536],[125.272873,7.13302],[125.278519,7.12823]]]]}},{"type":"Feature","properties":{"ID_0":177,"ISO":"PHL","NAME_0":"Philippines","ID_1":12047,"NAME_1":"Cotabato (North Cotabato)","ID_2":1204706,"NAME_2":"Magpet","ID_3":1204706007,"NAME_3":"Bantac","NL_NAME_3":null,"VARNAME_3":null,"TYPE_3":"Barangay","ENGTYPE_3":"Village","PROVINCE":"Cotabato (North Cotabato)","REGION":"Region XII (Soccsksargen)","id":"barangay-1204706007","name":"Bantac","barangayCode":"1204706007","population":null,"formattedPop":null,"densityCategory":"No data","vulnerabilityRating":"No data","healthRiskLevel":"No data","areaKm2":6.905027,"centerLat":7.122977,"centerLng":125.134425,"geometrySource":"all_barangay-2.csv detailed WKT","geometryMatchMethod":"psgc_coordinate_bridge","boundaryPointCount":25},"geometry":{"type":"MultiPolygon","coordinates":[[[[125.144791,7.13845],[125.143044,7.13437],[125.142143,7.12936],[125.141479,7.12601],[125.139023,7.12148],[125.136467,7.11759],[125.135818,7.11402],[125.135109,7.11071],[125.132668,7.10987],[125.127007,7.10824],[125.123016,7.11075],[125.121422,7.11234],[125.119453,7.11232],[125.11721,7.11383],[125.113403,7.11485],[125.111198,7.11538],[125.112556,7.11586],[125.113373,7.12189],[125.114807,7.12854],[125.116211,7.1331],[125.120872,7.14299],[125.121094,7.1454],[125.131104,7.14346],[125.135368,7.14064],[125.144791,7.13845]]]]}},{"type":"Feature","properties":{"ID_0":177,"ISO":"PHL","NAME_0":"Philippines","ID_1":12047,"NAME_1":"Cotabato (North Cotabato)","ID_2":1204706,"NAME_2":"Magpet","ID_3":1204706008,"NAME_3":"Basak","NL_NAME_3":null,"VARNAME_3":null,"TYPE_3":"Barangay","ENGTYPE_3":"Village","PROVINCE":"Cotabato (North Cotabato)","REGION":"Region XII (Soccsksargen)","id":"barangay-1204706008","name":"Basak","barangayCode":"1204706008","population":null,"formattedPop":null,"densityCategory":"No data","vulnerabilityRating":"No data","healthRiskLevel":"No data","areaKm2":11.312851,"centerLat":7.206466,"centerLng":125.122699,"geometrySource":"all_barangay-2.csv detailed WKT","geometryMatchMethod":"psgc_coordinate_bridge","boundaryPointCount":8},"geometry":{"type":"MultiPolygon","coordinates":[[[[125.135193,7.20627],[125.136597,7.18459],[125.11618,7.18463],[125.104042,7.18473],[125.098091,7.18497],[125.105621,7.19724],[125.118317,7.20608],[125.135193,7.20627]]]]}},{"type":"Feature","properties":{"ID_0":177,"ISO":"PHL","NAME_0":"Philippines","ID_1":12047,"NAME_1":"Cotabato (North Cotabato)","ID_2":1204706,"NAME_2":"Magpet","ID_3":1204706009,"NAME_3":"Binay","NL_NAME_3":null,"VARNAME_3":null,"TYPE_3":"Barangay","ENGTYPE_3":"Village","PROVINCE":"Cotabato (North Cotabato)","REGION":"Region XII (Soccsksargen)","id":"barangay-1204706009","name":"Binay","barangayCode":"1204706009","population":null,"formattedPop":null,"densityCategory":"No data","vulnerabilityRating":"No data","healthRiskLevel":"No data","areaKm2":8.653053,"centerLat":7.143478,"centerLng":125.101363,"geometrySource":"all_barangay-2.csv detailed WKT","geometryMatchMethod":"psgc_coordinate_bridge","boundaryPointCount":18},"geometry":{"type":"MultiPolygon","coordinates":[[[[125.118973,7.14632],[125.112373,7.13913],[125.108322,7.1353],[125.102852,7.13065],[125.097778,7.12707],[125.09507,7.12493],[125.089394,7.12387],[125.085716,7.12476],[125.083183,7.12605],[125.081039,7.12693],[125.078682,7.1278],[125.098297,7.13798],[125.100143,7.13888],[125.10215,7.14431],[125.105583,7.15137],[125.109787,7.14956],[125.115494,7.14794],[125.118973,7.14632]]]]}},{"type":"Feature","properties":{"ID_0":177,"ISO":"PHL","NAME_0":"Philippines","ID_1":12047,"NAME_1":"Cotabato (North Cotabato)","ID_2":1204706,"NAME_2":"Magpet","ID_3":1204706010,"NAME_3":"Bongolanon","NL_NAME_3":null,"VARNAME_3":null,"TYPE_3":"Barangay","ENGTYPE_3":"Village","PROVINCE":"Cotabato (North Cotabato)","REGION":"Region XII (Soccsksargen)","id":"barangay-1204706010","name":"Bongolanon","barangayCode":"1204706010","population":null,"formattedPop":null,"densityCategory":"No data","vulnerabilityRating":"No data","healthRiskLevel":"No data","areaKm2":12.623358,"centerLat":7.056014,"centerLng":125.212886,"geometrySource":"all_barangay-2.csv detailed WKT","geometryMatchMethod":"psgc_coordinate_bridge","boundaryPointCount":38},"geometry":{"type":"MultiPolygon","coordinates":[[[[125.218651,7.06034],[125.224503,7.05913],[125.231819,7.05835],[125.235367,7.05579],[125.243607,7.05051],[125.251289,7.04405],[125.261948,7.03174],[125.268997,7.02639],[125.27845,7.02194],[125.276749,7.02102],[125.274811,7.01735],[125.272583,7.01325],[125.269814,7.00947],[125.269577,7.00938],[125.265701,7.00714],[125.264038,7.00516],[125.265717,7.00294],[125.268692,7.00159],[125.271942,7.00032],[125.266724,6.9967],[125.258797,6.99719],[125.240967,6.9971],[125.221031,6.99915],[125.2229,7.00578],[125.22789,7.01492],[125.23069,7.01828],[125.223,7.02533],[125.220497,7.03123],[125.217949,7.0362],[125.213676,7.04093],[125.21093,7.04608],[125.207611,7.05158],[125.206078,7.05556],[125.210281,7.05662],[125.215019,7.05825],[125.218628,7.06027],[125.218338,7.0604],[125.218651,7.06034]]]]}},{"type":"Feature","properties":{"ID_0":177,"ISO":"PHL","NAME_0":"Philippines","ID_1":12047,"NAME_1":"Cotabato (North Cotabato)","ID_2":1204706,"NAME_2":"Magpet","ID_3":1204706014,"NAME_3":"Datu Celo","NL_NAME_3":null,"VARNAME_3":null,"TYPE_3":"Barangay","ENGTYPE_3":"Village","PROVINCE":"Cotabato (North Cotabato)","REGION":"Region XII (Soccsksargen)","id":"barangay-1204706014","name":"Datu Celo","barangayCode":"1204706014","population":null,"formattedPop":null,"densityCategory":"No data","vulnerabilityRating":"No data","healthRiskLevel":"No data","areaKm2":7.428508,"centerLat":7.219392,"centerLng":125.101119,"geometrySource":"all_barangay-2.csv detailed WKT","geometryMatchMethod":"psgc_coordinate_bridge","boundaryPointCount":17},"geometry":{"type":"MultiPolygon","coordinates":[[[[125.113533,7.21571],[125.082642,7.21411],[125.06926,7.21504],[125.071037,7.21683],[125.073547,7.21932],[125.076027,7.22144],[125.0811,7.22301],[125.086121,7.22488],[125.089508,7.2263],[125.09198,7.22685],[125.095253,7.23141],[125.098793,7.23543],[125.100357,7.23897],[125.103111,7.24036],[125.107758,7.24314],[125.112694,7.24618],[125.113533,7.21571]]]]}},{"type":"Feature","properties":{"ID_0":177,"ISO":"PHL","NAME_0":"Philippines","ID_1":12047,"NAME_1":"Cotabato (North Cotabato)","ID_2":1204706,"NAME_2":"Magpet","ID_3":1204706015,"NAME_3":"Del Pilar","NL_NAME_3":null,"VARNAME_3":null,"TYPE_3":"Barangay","ENGTYPE_3":"Village","PROVINCE":"Cotabato (North Cotabato)","REGION":"Region XII (Soccsksargen)","id":"barangay-1204706015","name":"Del Pilar","barangayCode":"1204706015","population":null,"formattedPop":null,"densityCategory":"No data","vulnerabilityRating":"No data","healthRiskLevel":"No data","areaKm2":4.462765,"centerLat":7.09908,"centerLng":125.080442,"geometrySource":"all_barangay-2.csv detailed WKT","geometryMatchMethod":"psgc_coordinate_bridge","boundaryPointCount":17},"geometry":{"type":"MultiPolygon","coordinates":[[[[125.072891,7.1111],[125.071297,7.09688],[125.070587,7.09074],[125.065041,7.08933],[125.062233,7.08781],[125.057129,7.09339],[125.057129,7.09554],[125.057167,7.09796],[125.057114,7.10435],[125.058144,7.11144],[125.060753,7.1114],[125.061653,7.11084],[125.063263,7.11168],[125.063698,7.11172],[125.066147,7.11101],[125.068207,7.11069],[125.072891,7.1111]]]]}},{"type":"Feature","properties":{"ID_0":177,"ISO":"PHL","NAME_0":"Philippines","ID_1":12047,"NAME_1":"Cotabato (North Cotabato)","ID_2":1204706,"NAME_2":"Magpet","ID_3":1204706016,"NAME_3":"Doles","NL_NAME_3":null,"VARNAME_3":null,"TYPE_3":"Barangay","ENGTYPE_3":"Village","PROVINCE":"Cotabato (North Cotabato)","REGION":"Region XII (Soccsksargen)","id":"barangay-1204706016","name":"Doles","barangayCode":"1204706016","population":null,"formattedPop":null,"densityCategory":"No data","vulnerabilityRating":"No data","healthRiskLevel":"No data","areaKm2":8.806809,"centerLat":7.131027,"centerLng":125.116798,"geometrySource":"all_barangay-2.csv detailed WKT","geometryMatchMethod":"psgc_coordinate_bridge","boundaryPointCount":20},"geometry":{"type":"MultiPolygon","coordinates":[[[[125.121094,7.1454],[125.120872,7.14299],[125.116211,7.1331],[125.114807,7.12854],[125.113373,7.12189],[125.112556,7.11586],[125.111198,7.11538],[125.106483,7.11661],[125.103706,7.1184],[125.101921,7.12035],[125.100647,7.12228],[125.098267,7.12322],[125.095863,7.12483],[125.09507,7.12493],[125.097778,7.12707],[125.102852,7.13065],[125.108322,7.1353],[125.112373,7.13913],[125.118973,7.14632],[125.121094,7.1454]]]]}},{"type":"Feature","properties":{"ID_0":177,"ISO":"PHL","NAME_0":"Philippines","ID_1":12047,"NAME_1":"Cotabato (North Cotabato)","ID_2":1204706,"NAME_2":"Magpet","ID_3":1204706021,"NAME_3":"Gubatan","NL_NAME_3":null,"VARNAME_3":null,"TYPE_3":"Barangay","ENGTYPE_3":"Village","PROVINCE":"Cotabato (North Cotabato)","REGION":"Region XII (Soccsksargen)","id":"barangay-1204706021","name":"Gubatan","barangayCode":"1204706021","population":null,"formattedPop":null,"densityCategory":"No data","vulnerabilityRating":"No data","healthRiskLevel":"No data","areaKm2":4.913581,"centerLat":7.085468,"centerLng":125.114712,"geometrySource":"all_barangay-2.csv detailed WKT","geometryMatchMethod":"psgc_coordinate_bridge","boundaryPointCount":25},"geometry":{"type":"MultiPolygon","coordinates":[[[[125.087769,7.09642],[125.091393,7.09607],[125.094391,7.09446],[125.096298,7.09386],[125.09977,7.09345],[125.103638,7.09361],[125.10659,7.09308],[125.109154,7.09337],[125.113213,7.09236],[125.114471,7.08829],[125.115334,7.08221],[125.115929,7.07615],[125.116058,7.0749],[125.111008,7.07581],[125.107826,7.07736],[125.105103,7.07707],[125.10247,7.07864],[125.099152,7.07992],[125.095284,7.07951],[125.092857,7.08191],[125.089157,7.08268],[125.086288,7.08482],[125.085342,7.08614],[125.087486,7.09218],[125.087769,7.09642]]]]}},{"type":"Feature","properties":{"ID_0":177,"ISO":"PHL","NAME_0":"Philippines","ID_1":12047,"NAME_1":"Cotabato (North Cotabato)","ID_2":1204706,"NAME_2":"Magpet","ID_3":1204706022,"NAME_3":"Ilian","NL_NAME_3":null,"VARNAME_3":null,"TYPE_3":"Barangay","ENGTYPE_3":"Village","PROVINCE":"Cotabato (North Cotabato)","REGION":"Region XII (Soccsksargen)","id":"barangay-1204706022","name":"Ilian","barangayCode":"1204706022","population":null,"formattedPop":null,"densityCategory":"No data","vulnerabilityRating":"No data","healthRiskLevel":"No data","areaKm2":3.635251,"centerLat":7.098202,"centerLng":125.184744,"geometrySource":"all_barangay-2.csv detailed WKT","geometryMatchMethod":"psgc_coordinate_bridge","boundaryPointCount":26},"geometry":{"type":"MultiPolygon","coordinates":[[[[125.190842,7.12524],[125.188522,7.12276],[125.186302,7.11825],[125.183327,7.11438],[125.180763,7.11109],[125.17382,7.1034],[125.161163,7.10044],[125.149384,7.10206],[125.13903,7.10029],[125.133438,7.10132],[125.130722,7.10308],[125.128166,7.10564],[125.127007,7.10824],[125.132668,7.10987],[125.135109,7.11071],[125.135818,7.11402],[125.136467,7.11759],[125.139023,7.12148],[125.141479,7.12601],[125.142929,7.12667],[125.149857,7.12653],[125.155838,7.12519],[125.162666,7.12319],[125.170013,7.12389],[125.178596,7.12466],[125.190842,7.12524]]]]}},{"type":"Feature","properties":{"ID_0":177,"ISO":"PHL","NAME_0":"Philippines","ID_1":12047,"NAME_1":"Cotabato (North Cotabato)","ID_2":1204706,"NAME_2":"Magpet","ID_3":1204706023,"NAME_3":"Inac","NL_NAME_3":null,"VARNAME_3":null,"TYPE_3":"Barangay","ENGTYPE_3":"Village","PROVINCE":"Cotabato (North Cotabato)","REGION":"Region XII (Soccsksargen)","id":"barangay-1204706023","name":"Inac","barangayCode":"1204706023","population":null,"formattedPop":null,"densityCategory":"No data","vulnerabilityRating":"No data","healthRiskLevel":"No data","areaKm2":7.28558,"centerLat":7.116758,"centerLng":125.092516,"geometrySource":"all_barangay-2.csv detailed WKT","geometryMatchMethod":"psgc_coordinate_bridge","boundaryPointCount":34},"geometry":{"type":"MultiPolygon","coordinates":[[[[125.060577,7.13034],[125.060738,7.13178],[125.063637,7.13145],[125.066368,7.1303],[125.07029,7.12954],[125.073441,7.12916],[125.076767,7.12839],[125.078682,7.1278],[125.081039,7.12693],[125.083183,7.12605],[125.085716,7.12476],[125.089394,7.12387],[125.09507,7.12493],[125.093681,7.12167],[125.092644,7.11735],[125.091881,7.11413],[125.089287,7.10518],[125.088097,7.10664],[125.08419,7.10649],[125.081993,7.10755],[125.079102,7.10917],[125.077232,7.11089],[125.075394,7.11146],[125.072891,7.1111],[125.068207,7.11069],[125.066147,7.11101],[125.063698,7.11172],[125.063263,7.11168],[125.061653,7.11084],[125.060753,7.1114],[125.058144,7.11144],[125.058907,7.11783],[125.059143,7.12185],[125.060577,7.13034]]]]}},{"type":"Feature","properties":{"ID_0":177,"ISO":"PHL","NAME_0":"Philippines","ID_1":12047,"NAME_1":"Cotabato (North Cotabato)","ID_2":1204706,"NAME_2":"Magpet","ID_3":1204706024,"NAME_3":"Kamada","NL_NAME_3":null,"VARNAME_3":null,"TYPE_3":"Barangay","ENGTYPE_3":"Village","PROVINCE":"Cotabato (North Cotabato)","REGION":"Region XII (Soccsksargen)","id":"barangay-1204706024","name":"Kamada","barangayCode":"1204706024","population":null,"formattedPop":null,"densityCategory":"No data","vulnerabilityRating":"No data","healthRiskLevel":"No data","areaKm2":6.125379,"centerLat":7.077123,"centerLng":125.138566,"geometrySource":"all_barangay-2.csv detailed WKT","geometryMatchMethod":"psgc_coordinate_bridge","boundaryPointCount":33},"geometry":{"type":"MultiPolygon","coordinates":[[[[125.112,7.10354],[125.118393,7.09979],[125.121048,7.09808],[125.127296,7.09461],[125.135269,7.08944],[125.13887,7.08641],[125.141891,7.08404],[125.146263,7.08088],[125.150383,7.07892],[125.154121,7.07789],[125.154716,7.07604],[125.152992,7.07183],[125.151207,7.06826],[125.148041,7.06521],[125.147812,7.0623],[125.145813,7.05934],[125.14502,7.06029],[125.140923,7.06155],[125.139236,7.06389],[125.13726,7.06666],[125.132538,7.06868],[125.127296,7.07065],[125.123756,7.0744],[125.119331,7.07476],[125.116058,7.0749],[125.115929,7.07615],[125.115334,7.08221],[125.114471,7.08829],[125.113213,7.09236],[125.113136,7.09273],[125.113449,7.09589],[125.112411,7.10027],[125.112,7.10354]]]]}},{"type":"Feature","properties":{"ID_0":177,"ISO":"PHL","NAME_0":"Philippines","ID_1":12047,"NAME_1":"Cotabato (North Cotabato)","ID_2":1204706,"NAME_2":"Magpet","ID_3":1204706026,"NAME_3":"Kauswagan","NL_NAME_3":null,"VARNAME_3":null,"TYPE_3":"Barangay","ENGTYPE_3":"Village","PROVINCE":"Cotabato (North Cotabato)","REGION":"Region XII (Soccsksargen)","id":"barangay-1204706026","name":"Kauswagan","barangayCode":"1204706026","population":null,"formattedPop":null,"densityCategory":"No data","vulnerabilityRating":"No data","healthRiskLevel":"No data","areaKm2":1.890547,"centerLat":7.087286,"centerLng":125.095329,"geometrySource":"all_barangay-2.csv detailed WKT","geometryMatchMethod":"psgc_coordinate_bridge","boundaryPointCount":13},"geometry":{"type":"MultiPolygon","coordinates":[[[[125.071297,7.09688],[125.078133,7.09826],[125.082161,7.09782],[125.085411,7.09636],[125.086792,7.09652],[125.087769,7.09642],[125.087486,7.09218],[125.085342,7.08614],[125.082947,7.08692],[125.079758,7.08741],[125.073128,7.08985],[125.070587,7.09074],[125.071297,7.09688]]]]}},{"type":"Feature","properties":{"ID_0":177,"ISO":"PHL","NAME_0":"Philippines","ID_1":12047,"NAME_1":"Cotabato (North Cotabato)","ID_2":1204706,"NAME_2":"Magpet","ID_3":1204706027,"NAME_3":"Kisandal","NL_NAME_3":null,"VARNAME_3":null,"TYPE_3":"Barangay","ENGTYPE_3":"Village","PROVINCE":"Cotabato (North Cotabato)","REGION":"Region XII (Soccsksargen)","id":"barangay-1204706027","name":"Kisandal","barangayCode":"1204706027","population":null,"formattedPop":null,"densityCategory":"No data","vulnerabilityRating":"No data","healthRiskLevel":"No data","areaKm2":4.026745,"centerLat":7.059998,"centerLng":125.182839,"geometrySource":"all_barangay-2.csv detailed WKT","geometryMatchMethod":"psgc_coordinate_bridge","boundaryPointCount":27},"geometry":{"type":"MultiPolygon","coordinates":[[[[125.218338,7.0604],[125.218628,7.06027],[125.215019,7.05825],[125.210281,7.05662],[125.206078,7.05556],[125.207611,7.05158],[125.21093,7.04608],[125.213676,7.04093],[125.208511,7.0436],[125.203789,7.04626],[125.199631,7.04881],[125.19384,7.05076],[125.184937,7.0499],[125.180428,7.04928],[125.176758,7.04975],[125.172256,7.0513],[125.172577,7.05808],[125.172668,7.06378],[125.172607,7.06958],[125.172394,7.07724],[125.18203,7.07328],[125.194557,7.06891],[125.199989,7.06667],[125.204659,7.06439],[125.210609,7.06243],[125.215973,7.0615],[125.218338,7.0604]]]]}},{"type":"Feature","properties":{"ID_0":177,"ISO":"PHL","NAME_0":"Philippines","ID_1":12047,"NAME_1":"Cotabato (North Cotabato)","ID_2":1204706,"NAME_2":"Magpet","ID_3":1204706029,"NAME_3":"Magcaalam","NL_NAME_3":null,"VARNAME_3":null,"TYPE_3":"Barangay","ENGTYPE_3":"Village","PROVINCE":"Cotabato (North Cotabato)","REGION":"Region XII (Soccsksargen)","id":"barangay-1204706029","name":"Magcaalam","barangayCode":"1204706029","population":null,"formattedPop":null,"densityCategory":"No data","vulnerabilityRating":"No data","healthRiskLevel":"No data","areaKm2":10.034425,"centerLat":7.084019,"centerLng":125.191475,"geometrySource":"all_barangay-2.csv detailed WKT","geometryMatchMethod":"psgc_coordinate_bridge","boundaryPointCount":24},"geometry":{"type":"MultiPolygon","coordinates":[[[[125.173172,7.09224],[125.174294,7.09236],[125.179237,7.09206],[125.183006,7.09157],[125.187027,7.09115],[125.19136,7.09064],[125.194229,7.09163],[125.200661,7.09562],[125.232803,7.077917],[125.232903,7.07779],[125.222427,7.07262],[125.222092,7.0692],[125.220482,7.06577],[125.218651,7.06034],[125.218338,7.0604],[125.215973,7.0615],[125.210609,7.06243],[125.204659,7.06439],[125.199989,7.06667],[125.194557,7.06891],[125.18203,7.07328],[125.172394,7.07724],[125.172592,7.08499],[125.173172,7.09224]]]]}},{"type":"Feature","properties":{"ID_0":177,"ISO":"PHL","NAME_0":"Philippines","ID_1":12047,"NAME_1":"Cotabato (North Cotabato)","ID_2":1204706,"NAME_2":"Magpet","ID_3":1204706030,"NAME_3":"Mahongcog","NL_NAME_3":null,"VARNAME_3":null,"TYPE_3":"Barangay","ENGTYPE_3":"Village","PROVINCE":"Cotabato (North Cotabato)","REGION":"Region XII (Soccsksargen)","id":"barangay-1204706030","name":"Mahongcog","barangayCode":"1204706030","population":null,"formattedPop":null,"densityCategory":"No data","vulnerabilityRating":"No data","healthRiskLevel":"No data","areaKm2":18.784041,"centerLat":7.228619,"centerLng":125.159554,"geometrySource":"all_barangay-2.csv detailed WKT","geometryMatchMethod":"psgc_coordinate_bridge","boundaryPointCount":17},"geometry":{"type":"MultiPolygon","coordinates":[[[[125.16848,7.26291],[125.1688,7.20822],[125.168999,7.19317],[125.167877,7.17569],[125.165024,7.17597],[125.157669,7.1891],[125.151848,7.22128],[125.148033,7.239],[125.148293,7.23954],[125.151382,7.25017],[125.153572,7.25903],[125.155212,7.26635],[125.158127,7.27622],[125.161957,7.27476],[125.163017,7.27023],[125.164558,7.26522],[125.16848,7.26291]]]]}},{"type":"Feature","properties":{"ID_0":177,"ISO":"PHL","NAME_0":"Philippines","ID_1":12047,"NAME_1":"Cotabato (North Cotabato)","ID_2":1204706,"NAME_2":"Magpet","ID_3":1204706033,"NAME_3":"Manobo","NL_NAME_3":null,"VARNAME_3":null,"TYPE_3":"Barangay","ENGTYPE_3":"Village","PROVINCE":"Cotabato (North Cotabato)","REGION":"Region XII (Soccsksargen)","id":"barangay-1204706033","name":"Manobo","barangayCode":"1204706033","population":null,"formattedPop":null,"densityCategory":"No data","vulnerabilityRating":"No data","healthRiskLevel":"No data","areaKm2":27.4991,"centerLat":7.091855,"centerLng":125.265649,"geometrySource":"all_barangay-2.csv detailed WKT","geometryMatchMethod":"psgc_coordinate_bridge","boundaryPointCount":38},"geometry":{"type":"MultiPolygon","coordinates":[[[[125.200661,7.09562],[125.203667,7.09747],[125.211319,7.10147],[125.215561,7.10342],[125.220154,7.10568],[125.223396,7.111],[125.225571,7.11496],[125.227867,7.11653],[125.236389,7.11711],[125.247421,7.1171],[125.25489,7.11682],[125.26757,7.11672],[125.287247,7.11656],[125.287498,7.11605],[125.289886,7.11171],[125.290916,7.10679],[125.292824,7.10223],[125.288849,7.09415],[125.288269,7.09215],[125.287483,7.08802],[125.28936,7.08403],[125.289513,7.07956],[125.289528,7.07587],[125.289017,7.07285],[125.288643,7.06859],[125.28923,7.06035],[125.294899,7.05587],[125.298637,7.05197],[125.300323,7.04559],[125.279778,7.05431],[125.267303,7.05866],[125.257263,7.06284],[125.247177,7.06875],[125.23806,7.07314],[125.232903,7.07779],[125.232941,7.07781],[125.232803,7.077917],[125.200661,7.09562]]]]}},{"type":"Feature","properties":{"ID_0":177,"ISO":"PHL","NAME_0":"Philippines","ID_1":12047,"NAME_1":"Cotabato (North Cotabato)","ID_2":1204706,"NAME_2":"Magpet","ID_3":1204706037,"NAME_3":"Noa","NL_NAME_3":null,"VARNAME_3":null,"TYPE_3":"Barangay","ENGTYPE_3":"Village","PROVINCE":"Cotabato (North Cotabato)","REGION":"Region XII (Soccsksargen)","id":"barangay-1204706037","name":"Noa","barangayCode":"1204706037","population":null,"formattedPop":null,"densityCategory":"No data","vulnerabilityRating":"No data","healthRiskLevel":"No data","areaKm2":8.125888,"centerLat":7.165251,"centerLng":125.101867,"geometrySource":"all_barangay-2.csv detailed WKT","geometryMatchMethod":"psgc_coordinate_bridge","boundaryPointCount":34},"geometry":{"type":"MultiPolygon","coordinates":[[[[125.11618,7.18463],[125.112282,7.17426],[125.108833,7.16504],[125.105583,7.15137],[125.10215,7.14431],[125.100143,7.13888],[125.098297,7.13798],[125.078682,7.1278],[125.076767,7.12839],[125.073441,7.12916],[125.07029,7.12954],[125.066368,7.1303],[125.063637,7.13145],[125.060738,7.13178],[125.060966,7.13364],[125.061867,7.14511],[125.062943,7.14774],[125.067123,7.14802],[125.071648,7.14873],[125.074707,7.14585],[125.078773,7.14104],[125.082764,7.13878],[125.088409,7.14073],[125.091339,7.14468],[125.092697,7.14692],[125.094582,7.15169],[125.096428,7.15938],[125.096512,7.1673],[125.095467,7.1709],[125.093964,7.17642],[125.088226,7.184],[125.098091,7.18497],[125.104042,7.18473],[125.11618,7.18463]]]]}},{"type":"Feature","properties":{"ID_0":177,"ISO":"PHL","NAME_0":"Philippines","ID_1":12047,"NAME_1":"Cotabato (North Cotabato)","ID_2":1204706,"NAME_2":"Magpet","ID_3":1204706038,"NAME_3":"Owas","NL_NAME_3":null,"VARNAME_3":null,"TYPE_3":"Barangay","ENGTYPE_3":"Village","PROVINCE":"Cotabato (North Cotabato)","REGION":"Region XII (Soccsksargen)","id":"barangay-1204706038","name":"Owas","barangayCode":"1204706038","population":null,"formattedPop":null,"densityCategory":"No data","vulnerabilityRating":"No data","healthRiskLevel":"No data","areaKm2":5.372124,"centerLat":7.067608,"centerLng":125.161375,"geometrySource":"all_barangay-2.csv detailed WKT","geometryMatchMethod":"psgc_coordinate_bridge","boundaryPointCount":21},"geometry":{"type":"MultiPolygon","coordinates":[[[[125.172394,7.07724],[125.172607,7.06958],[125.172668,7.06378],[125.172577,7.05808],[125.172256,7.0513],[125.167221,7.05362],[125.162308,7.05409],[125.157799,7.05537],[125.156357,7.05616],[125.154961,7.05651],[125.151207,7.05808],[125.145813,7.05934],[125.147812,7.0623],[125.148041,7.06521],[125.151207,7.06826],[125.152992,7.07183],[125.154716,7.07604],[125.154121,7.07789],[125.155617,7.07901],[125.164131,7.0774],[125.172394,7.07724]]]]}},{"type":"Feature","properties":{"ID_0":177,"ISO":"PHL","NAME_0":"Philippines","ID_1":12047,"NAME_1":"Cotabato (North Cotabato)","ID_2":1204706,"NAME_2":"Magpet","ID_3":1204706039,"NAME_3":"Pangao-an","NL_NAME_3":null,"VARNAME_3":null,"TYPE_3":"Barangay","ENGTYPE_3":"Village","PROVINCE":"Cotabato (North Cotabato)","REGION":"Region XII (Soccsksargen)","id":"barangay-1204706039","name":"Pangao-an","barangayCode":"1204706039","population":null,"formattedPop":null,"densityCategory":"No data","vulnerabilityRating":"No data","healthRiskLevel":"No data","areaKm2":11.402643,"centerLat":7.113393,"centerLng":125.157675,"geometrySource":"all_barangay-2.csv detailed WKT","geometryMatchMethod":"psgc_coordinate_bridge","boundaryPointCount":13},"geometry":{"type":"MultiPolygon","coordinates":[[[[125.168282,7.14831],[125.167793,7.13743],[125.170013,7.12389],[125.162666,7.12319],[125.155838,7.12519],[125.149857,7.12653],[125.142929,7.12667],[125.141479,7.12601],[125.142143,7.12936],[125.143044,7.13437],[125.144791,7.13845],[125.165581,7.14651],[125.168282,7.14831]]]]}},{"type":"Feature","properties":{"ID_0":177,"ISO":"PHL","NAME_0":"Philippines","ID_1":12047,"NAME_1":"Cotabato (North Cotabato)","ID_2":1204706,"NAME_2":"Magpet","ID_3":1204706040,"NAME_3":"Poblacion","NL_NAME_3":null,"VARNAME_3":null,"TYPE_3":"Barangay","ENGTYPE_3":"Village","PROVINCE":"Cotabato (North Cotabato)","REGION":"Region XII (Soccsksargen)","id":"barangay-1204706040","name":"Poblacion","barangayCode":"1204706040","population":null,"formattedPop":null,"densityCategory":"No data","vulnerabilityRating":"No data","healthRiskLevel":"No data","areaKm2":5.468005,"centerLat":7.102082,"centerLng":125.119335,"geometrySource":"all_barangay-2.csv detailed WKT","geometryMatchMethod":"psgc_coordinate_bridge","boundaryPointCount":24},"geometry":{"type":"MultiPolygon","coordinates":[[[[125.112,7.10354],[125.112411,7.10027],[125.113449,7.09589],[125.113136,7.09273],[125.113213,7.09236],[125.109154,7.09337],[125.10659,7.09308],[125.103638,7.09361],[125.09977,7.09345],[125.096298,7.09386],[125.094391,7.09446],[125.091393,7.09607],[125.087769,7.09642],[125.087807,7.09718],[125.089287,7.10518],[125.092453,7.10703],[125.093941,7.10827],[125.096947,7.10772],[125.098122,7.10692],[125.101349,7.10568],[125.103989,7.1046],[125.108276,7.10429],[125.110573,7.10414],[125.112,7.10354]]]]}},{"type":"Feature","properties":{"ID_0":177,"ISO":"PHL","NAME_0":"Philippines","ID_1":12047,"NAME_1":"Cotabato (North Cotabato)","ID_2":1204706,"NAME_2":"Magpet","ID_3":1204706042,"NAME_3":"Sallab","NL_NAME_3":null,"VARNAME_3":null,"TYPE_3":"Barangay","ENGTYPE_3":"Village","PROVINCE":"Cotabato (North Cotabato)","REGION":"Region XII (Soccsksargen)","id":"barangay-1204706042","name":"Sallab","barangayCode":"1204706042","population":null,"formattedPop":null,"densityCategory":"No data","vulnerabilityRating":"No data","healthRiskLevel":"No data","areaKm2":14.03552,"centerLat":7.114326,"centerLng":125.198211,"geometrySource":"all_barangay-2.csv detailed WKT","geometryMatchMethod":"psgc_coordinate_bridge","boundaryPointCount":22},"geometry":{"type":"MultiPolygon","coordinates":[[[[125.195717,7.14948],[125.192963,7.14237],[125.19281,7.13928],[125.192802,7.1391],[125.19265,7.13587],[125.192299,7.13382],[125.191902,7.13152],[125.191307,7.12802],[125.19088,7.1255],[125.190857,7.12539],[125.190842,7.12524],[125.178596,7.12466],[125.170013,7.12389],[125.167793,7.13743],[125.168282,7.14831],[125.171539,7.14887],[125.177811,7.15017],[125.179741,7.14927],[125.183983,7.14948],[125.188873,7.15097],[125.192772,7.15073],[125.195717,7.14948]]]]}},{"type":"Feature","properties":{"ID_0":177,"ISO":"PHL","NAME_0":"Philippines","ID_1":12047,"NAME_1":"Cotabato (North Cotabato)","ID_2":1204706,"NAME_2":"Magpet","ID_3":1204706043,"NAME_3":"Tagbac","NL_NAME_3":null,"VARNAME_3":null,"TYPE_3":"Barangay","ENGTYPE_3":"Village","PROVINCE":"Cotabato (North Cotabato)","REGION":"Region XII (Soccsksargen)","id":"barangay-1204706043","name":"Tagbac","barangayCode":"1204706043","population":null,"formattedPop":null,"densityCategory":"No data","vulnerabilityRating":"No data","healthRiskLevel":"No data","areaKm2":8.65787,"centerLat":7.089112,"centerLng":125.153338,"geometrySource":"all_barangay-2.csv detailed WKT","geometryMatchMethod":"psgc_coordinate_bridge","boundaryPointCount":49},"geometry":{"type":"MultiPolygon","coordinates":[[[[125.09507,7.12493],[125.095863,7.12483],[125.098267,7.12322],[125.100647,7.12228],[125.101921,7.12035],[125.103706,7.1184],[125.106483,7.11661],[125.111198,7.11538],[125.113403,7.11485],[125.11721,7.11383],[125.119453,7.11232],[125.121422,7.11234],[125.123016,7.11075],[125.127007,7.10824],[125.128166,7.10564],[125.130722,7.10308],[125.133438,7.10132],[125.13903,7.10029],[125.149384,7.10206],[125.161163,7.10044],[125.17382,7.1034],[125.173172,7.09224],[125.172592,7.08499],[125.172394,7.07724],[125.164131,7.0774],[125.155617,7.07901],[125.154121,7.07789],[125.150383,7.07892],[125.146263,7.08088],[125.141891,7.08404],[125.13887,7.08641],[125.135269,7.08944],[125.127296,7.09461],[125.121048,7.09808],[125.118393,7.09979],[125.112,7.10354],[125.110573,7.10414],[125.108276,7.10429],[125.103989,7.1046],[125.101349,7.10568],[125.098122,7.10692],[125.096947,7.10772],[125.093941,7.10827],[125.092453,7.10703],[125.089287,7.10518],[125.091881,7.11413],[125.092644,7.11735],[125.093681,7.12167],[125.09507,7.12493]]]]}},{"type":"Feature","properties":{"ID_0":177,"ISO":"PHL","NAME_0":"Philippines","ID_1":12047,"NAME_1":"Cotabato (North Cotabato)","ID_2":1204706,"NAME_2":"Magpet","ID_3":1204706044,"NAME_3":"Temporan","NL_NAME_3":null,"VARNAME_3":null,"TYPE_3":"Barangay","ENGTYPE_3":"Village","PROVINCE":"Cotabato (North Cotabato)","REGION":"Region XII (Soccsksargen)","id":"barangay-1204706044","name":"Temporan","barangayCode":"1204706044","population":null,"formattedPop":null,"densityCategory":"No data","vulnerabilityRating":"No data","healthRiskLevel":"No data","areaKm2":9.35326,"centerLat":7.251246,"centerLng":125.125419,"geometrySource":"all_barangay-2.csv detailed WKT","geometryMatchMethod":"psgc_coordinate_bridge","boundaryPointCount":10},"geometry":{"type":"MultiPolygon","coordinates":[[[[125.113724,7.25103],[125.131828,7.25041],[125.1306,7.246],[125.131668,7.24123],[125.132179,7.23845],[125.135193,7.20627],[125.118317,7.20608],[125.113533,7.21571],[125.112694,7.24618],[125.113724,7.25103]]]]}},{"type":"Feature","properties":{"ID_0":177,"ISO":"PHL","NAME_0":"Philippines","ID_1":12047,"NAME_1":"Cotabato (North Cotabato)","ID_2":1204706,"NAME_2":"Magpet","ID_3":1204706048,"NAME_3":"Amabel","NL_NAME_3":null,"VARNAME_3":null,"TYPE_3":"Barangay","ENGTYPE_3":"Village","PROVINCE":"Cotabato (North Cotabato)","REGION":"Region XII (Soccsksargen)","id":"barangay-1204706048","name":"Amabel","barangayCode":"1204706048","population":null,"formattedPop":null,"densityCategory":"No data","vulnerabilityRating":"No data","healthRiskLevel":"No data","areaKm2":15.926872,"centerLat":7.165739,"centerLng":125.138024,"geometrySource":"all_barangay-2.csv detailed WKT","geometryMatchMethod":"psgc_coordinate_bridge","boundaryPointCount":20},"geometry":{"type":"MultiPolygon","coordinates":[[[[125.136597,7.18459],[125.148727,7.18101],[125.149307,7.17707],[125.150703,7.16866],[125.151878,7.159],[125.153282,7.15482],[125.150803,7.14951],[125.147552,7.14504],[125.144791,7.13845],[125.135368,7.14064],[125.131104,7.14346],[125.121094,7.1454],[125.118973,7.14632],[125.115494,7.14794],[125.109787,7.14956],[125.105583,7.15137],[125.108833,7.16504],[125.112282,7.17426],[125.11618,7.18463],[125.136597,7.18459]]]]}},{"type":"Feature","properties":{"ID_0":177,"ISO":"PHL","NAME_0":"Philippines","ID_1":12047,"NAME_1":"Cotabato (North Cotabato)","ID_2":1204706,"NAME_2":"Magpet","ID_3":1204706049,"NAME_3":"Balete","NL_NAME_3":null,"VARNAME_3":null,"TYPE_3":"Barangay","ENGTYPE_3":"Village","PROVINCE":"Cotabato (North Cotabato)","REGION":"Region XII (Soccsksargen)","id":"barangay-1204706049","name":"Balete","barangayCode":"1204706049","population":null,"formattedPop":null,"densityCategory":"No data","vulnerabilityRating":"No data","healthRiskLevel":"No data","areaKm2":18.55731,"centerLat":7.233392,"centerLng":125.143334,"geometrySource":"all_barangay-2.csv detailed WKT","geometryMatchMethod":"psgc_coordinate_bridge","boundaryPointCount":10},"geometry":{"type":"MultiPolygon","coordinates":[[[[125.132179,7.23845],[125.148033,7.239],[125.151848,7.22128],[125.157669,7.1891],[125.165024,7.17597],[125.154663,7.17959],[125.148727,7.18101],[125.136597,7.18459],[125.135193,7.20627],[125.132179,7.23845]]]]}},{"type":"Feature","properties":{"ID_0":177,"ISO":"PHL","NAME_0":"Philippines","ID_1":12047,"NAME_1":"Cotabato (North Cotabato)","ID_2":1204706,"NAME_2":"Magpet","ID_3":1204706050,"NAME_3":"Don Panaca","NL_NAME_3":null,"VARNAME_3":null,"TYPE_3":"Barangay","ENGTYPE_3":"Village","PROVINCE":"Cotabato (North Cotabato)","REGION":"Region XII (Soccsksargen)","id":"barangay-1204706050","name":"Don Panaca","barangayCode":"1204706050","population":null,"formattedPop":null,"densityCategory":"No data","vulnerabilityRating":"No data","healthRiskLevel":"No data","areaKm2":32.927418,"centerLat":7.13716,"centerLng":125.239621,"geometrySource":"all_barangay-2.csv detailed WKT","geometryMatchMethod":"psgc_coordinate_bridge","boundaryPointCount":39},"geometry":{"type":"MultiPolygon","coordinates":[[[[125.19088,7.1255],[125.190933,7.12525],[125.190887,7.12524],[125.190842,7.12524],[125.190857,7.12539],[125.19088,7.1255]]],[[[125.19088,7.1255],[125.191307,7.12802],[125.191902,7.13152],[125.192299,7.13382],[125.19265,7.13587],[125.192802,7.1391],[125.19281,7.13928],[125.192963,7.14237],[125.195717,7.14948],[125.19873,7.16369],[125.201019,7.17451],[125.204727,7.17471],[125.208267,7.1749],[125.231216,7.17488],[125.233582,7.17276],[125.23967,7.16447],[125.240227,7.16229],[125.240257,7.16217],[125.241241,7.1584],[125.246742,7.15395],[125.253342,7.14803],[125.25808,7.14378],[125.259552,7.14387],[125.26281,7.14078],[125.247749,7.13923],[125.235649,7.13798],[125.229187,7.13721],[125.220909,7.13622],[125.211708,7.13531],[125.206093,7.134],[125.201942,7.13303],[125.194893,7.12988],[125.19088,7.1255]]]]}},{"type":"Feature","properties":{"ID_0":177,"ISO":"PHL","NAME_0":"Philippines","ID_1":12047,"NAME_1":"Cotabato (North Cotabato)","ID_2":1204706,"NAME_2":"Magpet","ID_3":1204706051,"NAME_3":"Imamaling","NL_NAME_3":null,"VARNAME_3":null,"TYPE_3":"Barangay","ENGTYPE_3":"Village","PROVINCE":"Cotabato (North Cotabato)","REGION":"Region XII (Soccsksargen)","id":"barangay-1204706051","name":"Imamaling","barangayCode":"1204706051","population":null,"formattedPop":null,"densityCategory":"No data","vulnerabilityRating":"No data","healthRiskLevel":"No data","areaKm2":23.562817,"centerLat":7.152368,"centerLng":125.197837,"geometrySource":"all_barangay-2.csv detailed WKT","geometryMatchMethod":"psgc_coordinate_bridge","boundaryPointCount":18},"geometry":{"type":"MultiPolygon","coordinates":[[[[125.201019,7.17451],[125.19873,7.16369],[125.195717,7.14948],[125.192772,7.15073],[125.188873,7.15097],[125.183983,7.14948],[125.179741,7.14927],[125.177811,7.15017],[125.171539,7.14887],[125.168282,7.14831],[125.165581,7.14651],[125.166832,7.15941],[125.167519,7.16884],[125.170502,7.17542],[125.171471,7.17531],[125.179199,7.17444],[125.187897,7.17512],[125.201019,7.17451]]]]}},{"type":"Feature","properties":{"ID_0":177,"ISO":"PHL","NAME_0":"Philippines","ID_1":12047,"NAME_1":"Cotabato (North Cotabato)","ID_2":1204706,"NAME_2":"Magpet","ID_3":1204706052,"NAME_3":"Kinarum","NL_NAME_3":null,"VARNAME_3":null,"TYPE_3":"Barangay","ENGTYPE_3":"Village","PROVINCE":"Cotabato (North Cotabato)","REGION":"Region XII (Soccsksargen)","id":"barangay-1204706052","name":"Kinarum","barangayCode":"1204706052","population":null,"formattedPop":null,"densityCategory":"No data","vulnerabilityRating":"No data","healthRiskLevel":"No data","areaKm2":9.906326,"centerLat":7.070021,"centerLng":125.229375,"geometrySource":"all_barangay-2.csv detailed WKT","geometryMatchMethod":"psgc_coordinate_bridge","boundaryPointCount":30},"geometry":{"type":"MultiPolygon","coordinates":[[[[125.232903,7.07779],[125.23806,7.07314],[125.247177,7.06875],[125.257263,7.06284],[125.267303,7.05866],[125.279778,7.05431],[125.300323,7.04559],[125.304893,7.04185],[125.309868,7.03756],[125.312469,7.03139],[125.313362,7.02493],[125.312286,7.02031],[125.299637,7.021],[125.27845,7.02194],[125.268997,7.02639],[125.261948,7.03174],[125.251289,7.04405],[125.243607,7.05051],[125.235367,7.05579],[125.231819,7.05835],[125.224503,7.05913],[125.218651,7.06034],[125.220482,7.06577],[125.222092,7.0692],[125.222427,7.07262],[125.232903,7.07779]]],[[[125.232903,7.07779],[125.232803,7.077917],[125.232941,7.07781],[125.232903,7.07779]]]]}},{"type":"Feature","properties":{"ID_0":177,"ISO":"PHL","NAME_0":"Philippines","ID_1":12047,"NAME_1":"Cotabato (North Cotabato)","ID_2":1204706,"NAME_2":"Magpet","ID_3":1204706053,"NAME_3":"Manobisa","NL_NAME_3":null,"VARNAME_3":null,"TYPE_3":"Barangay","ENGTYPE_3":"Village","PROVINCE":"Cotabato (North Cotabato)","REGION":"Region XII (Soccsksargen)","id":"barangay-1204706053","name":"Manobisa","barangayCode":"1204706053","population":null,"formattedPop":null,"densityCategory":"No data","vulnerabilityRating":"No data","healthRiskLevel":"No data","areaKm2":23.555602,"centerLat":7.157559,"centerLng":125.167594,"geometrySource":"all_barangay-2.csv detailed WKT","geometryMatchMethod":"psgc_coordinate_bridge","boundaryPointCount":16},"geometry":{"type":"MultiPolygon","coordinates":[[[[125.165024,7.17597],[125.167877,7.17569],[125.170502,7.17542],[125.167519,7.16884],[125.166832,7.15941],[125.165581,7.14651],[125.144791,7.13845],[125.147552,7.14504],[125.150803,7.14951],[125.153282,7.15482],[125.151878,7.159],[125.150703,7.16866],[125.149307,7.17707],[125.148727,7.18101],[125.154663,7.17959],[125.165024,7.17597]]]]}},{"type":"Feature","properties":{"ID_0":177,"ISO":"PHL","NAME_0":"Philippines","ID_1":12047,"NAME_1":"Cotabato (North Cotabato)","ID_2":1204707,"NAME_2":"Makilala","ID_3":1204707001,"NAME_3":"Batasan","NL_NAME_3":null,"VARNAME_3":null,"TYPE_3":"Barangay","ENGTYPE_3":"Village","PROVINCE":"Cotabato (North Cotabato)","REGION":"Region XII (Soccsksargen)","id":"barangay-1204707001","name":"Batasan","barangayCode":"1204707001","population":null,"formattedPop":null,"densityCategory":"No data","vulnerabilityRating":"No data","healthRiskLevel":"No data","areaKm2":54.802934,"centerLat":6.968119,"centerLng":125.199774,"geometrySource":"all_barangay-2.csv detailed WKT","geometryMatchMethod":"psgc_coordinate_bridge","boundaryPointCount":28},"geometry":{"type":"MultiPolygon","coordinates":[[[[125.246933,6.94796],[125.239067,6.94053],[125.214691,6.93899],[125.197807,6.93854],[125.189034,6.93826],[125.177841,6.93613],[125.173553,6.93472],[125.166237,6.93357],[125.161057,6.93272],[125.152443,6.93139],[125.151573,6.93341],[125.150208,6.93444],[125.147873,6.93553],[125.147461,6.93954],[125.14975,6.94272],[125.150177,6.94453],[125.152313,6.9466],[125.155144,6.94988],[125.15799,6.95183],[125.163834,6.95098],[125.172623,6.94628],[125.176498,6.94418],[125.182457,6.94395],[125.19001,6.94384],[125.200539,6.94428],[125.213707,6.94534],[125.228127,6.94771],[125.246933,6.94796]]]]}},{"type":"Feature","properties":{"ID_0":177,"ISO":"PHL","NAME_0":"Philippines","ID_1":12047,"NAME_1":"Cotabato (North Cotabato)","ID_2":1204707,"NAME_2":"Makilala","ID_3":1204707002,"NAME_3":"Bato","NL_NAME_3":null,"VARNAME_3":null,"TYPE_3":"Barangay","ENGTYPE_3":"Village","PROVINCE":"Cotabato (North Cotabato)","REGION":"Region XII (Soccsksargen)","id":"barangay-1204707002","name":"Bato","barangayCode":"1204707002","population":null,"formattedPop":null,"densityCategory":"No data","vulnerabilityRating":"No data","healthRiskLevel":"No data","areaKm2":10.076756,"centerLat":6.868339,"centerLng":125.10586,"geometrySource":"all_barangay-2.csv detailed WKT","geometryMatchMethod":"psgc_coordinate_bridge","boundaryPointCount":28},"geometry":{"type":"MultiPolygon","coordinates":[[[[125.117569,6.89559],[125.11834,6.89503],[125.121262,6.89079],[125.124992,6.88657],[125.130272,6.88362],[125.133797,6.88083],[125.136269,6.87862],[125.134727,6.87666],[125.1315,6.87067],[125.130913,6.86667],[125.129646,6.86173],[125.129097,6.85646],[125.128441,6.85034],[125.125847,6.85239],[125.120827,6.85638],[125.114906,6.86039],[125.107391,6.86794],[125.100304,6.87263],[125.099258,6.87625],[125.097687,6.88154],[125.096313,6.88642],[125.094658,6.88996],[125.101913,6.89142],[125.107277,6.89115],[125.110107,6.89061],[125.114159,6.89266],[125.116791,6.89479],[125.117569,6.89559]]]]}},{"type":"Feature","properties":{"ID_0":177,"ISO":"PHL","NAME_0":"Philippines","ID_1":12047,"NAME_1":"Cotabato (North Cotabato)","ID_2":1204707,"NAME_2":"Makilala","ID_3":1204707003,"NAME_3":"Biangan","NL_NAME_3":null,"VARNAME_3":null,"TYPE_3":"Barangay","ENGTYPE_3":"Village","PROVINCE":"Cotabato (North Cotabato)","REGION":"Region XII (Soccsksargen)","id":"barangay-1204707003","name":"Biangan","barangayCode":"1204707003","population":null,"formattedPop":null,"densityCategory":"No data","vulnerabilityRating":"No data","healthRiskLevel":"No data","areaKm2":3.996055,"centerLat":6.935166,"centerLng":125.173538,"geometrySource":"all_barangay-2.csv detailed WKT","geometryMatchMethod":"psgc_coordinate_bridge","boundaryPointCount":17},"geometry":{"type":"MultiPolygon","coordinates":[[[[125.239067,6.94053],[125.230148,6.93298],[125.203133,6.93161],[125.191566,6.93101],[125.181297,6.92885],[125.171082,6.92742],[125.160843,6.92379],[125.159264,6.92431],[125.159157,6.93085],[125.161057,6.93272],[125.166237,6.93357],[125.173553,6.93472],[125.177841,6.93613],[125.189034,6.93826],[125.197807,6.93854],[125.214691,6.93899],[125.239067,6.94053]]]]}},{"type":"Feature","properties":{"ID_0":177,"ISO":"PHL","NAME_0":"Philippines","ID_1":12047,"NAME_1":"Cotabato (North Cotabato)","ID_2":1204707,"NAME_2":"Makilala","ID_3":1204707004,"NAME_3":"Buena Vida","NL_NAME_3":null,"VARNAME_3":null,"TYPE_3":"Barangay","ENGTYPE_3":"Village","PROVINCE":"Cotabato (North Cotabato)","REGION":"Region XII (Soccsksargen)","id":"barangay-1204707004","name":"Buena Vida","barangayCode":"1204707004","population":null,"formattedPop":null,"densityCategory":"No data","vulnerabilityRating":"No data","healthRiskLevel":"No data","areaKm2":6.976918,"centerLat":6.966875,"centerLng":125.157378,"geometrySource":"all_barangay-2.csv detailed WKT","geometryMatchMethod":"psgc_coordinate_bridge","boundaryPointCount":19},"geometry":{"type":"MultiPolygon","coordinates":[[[[125.254967,6.95668],[125.246933,6.94796],[125.228127,6.94771],[125.213707,6.94534],[125.200539,6.94428],[125.19001,6.94384],[125.182457,6.94395],[125.176498,6.94418],[125.172623,6.94628],[125.163834,6.95098],[125.15799,6.95183],[125.158218,6.95378],[125.163597,6.9556],[125.172989,6.95694],[125.186707,6.95532],[125.201103,6.95588],[125.216568,6.95711],[125.233597,6.95702],[125.254967,6.95668]]]]}},{"type":"Feature","properties":{"ID_0":177,"ISO":"PHL","NAME_0":"Philippines","ID_1":12047,"NAME_1":"Cotabato (North Cotabato)","ID_2":1204707,"NAME_2":"Makilala","ID_3":1204707005,"NAME_3":"Buhay","NL_NAME_3":null,"VARNAME_3":null,"TYPE_3":"Barangay","ENGTYPE_3":"Village","PROVINCE":"Cotabato (North Cotabato)","REGION":"Region XII (Soccsksargen)","id":"barangay-1204707005","name":"Buhay","barangayCode":"1204707005","population":null,"formattedPop":null,"densityCategory":"No data","vulnerabilityRating":"No data","healthRiskLevel":"No data","areaKm2":5.750602,"centerLat":6.988427,"centerLng":125.16381,"geometrySource":"all_barangay-2.csv detailed WKT","geometryMatchMethod":"psgc_coordinate_bridge","boundaryPointCount":25},"geometry":{"type":"MultiPolygon","coordinates":[[[[125.210739,6.99908],[125.221031,6.99915],[125.240967,6.9971],[125.258797,6.99719],[125.266724,6.9967],[125.264343,6.99469],[125.264328,6.99248],[125.264297,6.98987],[125.263092,6.98523],[125.259201,6.97562],[125.212753,6.97639],[125.188057,6.9754],[125.16391,6.97456],[125.150864,6.97427],[125.147476,6.97375],[125.144501,6.97849],[125.144814,6.98233],[125.146271,6.98818],[125.146523,6.99423],[125.15184,7.00073],[125.15654,7.00133],[125.163361,7.00159],[125.168571,7.00198],[125.174202,7.00007],[125.210739,6.99908]]]]}},{"type":"Feature","properties":{"ID_0":177,"ISO":"PHL","NAME_0":"Philippines","ID_1":12047,"NAME_1":"Cotabato (North Cotabato)","ID_2":1204707,"NAME_2":"Makilala","ID_3":1204707006,"NAME_3":"Bulakanon","NL_NAME_3":null,"VARNAME_3":null,"TYPE_3":"Barangay","ENGTYPE_3":"Village","PROVINCE":"Cotabato (North Cotabato)","REGION":"Region XII (Soccsksargen)","id":"barangay-1204707006","name":"Bulakanon","barangayCode":"1204707006","population":null,"formattedPop":null,"densityCategory":"No data","vulnerabilityRating":"No data","healthRiskLevel":"No data","areaKm2":5.210372,"centerLat":6.934919,"centerLng":125.045451,"geometrySource":"all_barangay-2.csv detailed WKT","geometryMatchMethod":"psgc_coordinate_bridge","boundaryPointCount":24},"geometry":{"type":"MultiPolygon","coordinates":[[[[125.064636,6.94977],[125.064102,6.94879],[125.064842,6.94682],[125.067131,6.94385],[125.068428,6.94198],[125.069633,6.93989],[125.070068,6.9389],[125.069138,6.93806],[125.065247,6.93711],[125.062393,6.93701],[125.059464,6.93609],[125.055603,6.93423],[125.054047,6.93331],[125.052589,6.93128],[125.050903,6.93401],[125.049294,6.93628],[125.047707,6.93982],[125.045357,6.94278],[125.04583,6.94347],[125.051323,6.9461],[125.055443,6.9472],[125.058884,6.94755],[125.062347,6.9485],[125.064636,6.94977]]]]}},{"type":"Feature","properties":{"ID_0":177,"ISO":"PHL","NAME_0":"Philippines","ID_1":12047,"NAME_1":"Cotabato (North Cotabato)","ID_2":1204707,"NAME_2":"Makilala","ID_3":1204707007,"NAME_3":"Cabilao","NL_NAME_3":null,"VARNAME_3":null,"TYPE_3":"Barangay","ENGTYPE_3":"Village","PROVINCE":"Cotabato (North Cotabato)","REGION":"Region XII (Soccsksargen)","id":"barangay-1204707007","name":"Cabilao","barangayCode":"1204707007","population":null,"formattedPop":null,"densityCategory":"No data","vulnerabilityRating":"No data","healthRiskLevel":"No data","areaKm2":8.026745,"centerLat":6.865253,"centerLng":125.138688,"geometrySource":"all_barangay-2.csv detailed WKT","geometryMatchMethod":"psgc_coordinate_bridge","boundaryPointCount":23},"geometry":{"type":"MultiPolygon","coordinates":[[[[125.1315,6.87067],[125.132317,6.87038],[125.136078,6.86582],[125.13916,6.86168],[125.143311,6.85671],[125.145607,6.85168],[125.147629,6.84779],[125.149513,6.84204],[125.151779,6.83987],[125.153831,6.83802],[125.156342,6.83488],[125.143967,6.82143],[125.135696,6.82334],[125.132187,6.82786],[125.129173,6.83255],[125.130157,6.83418],[125.12883,6.84194],[125.129066,6.8486],[125.128441,6.85034],[125.129097,6.85646],[125.129646,6.86173],[125.130913,6.86667],[125.1315,6.87067]]]]}},{"type":"Feature","properties":{"ID_0":177,"ISO":"PHL","NAME_0":"Philippines","ID_1":12047,"NAME_1":"Cotabato (North Cotabato)","ID_2":1204707,"NAME_2":"Makilala","ID_3":1204707008,"NAME_3":"Concepcion","NL_NAME_3":null,"VARNAME_3":null,"TYPE_3":"Barangay","ENGTYPE_3":"Village","PROVINCE":"Cotabato (North Cotabato)","REGION":"Region XII (Soccsksargen)","id":"barangay-1204707008","name":"Concepcion","barangayCode":"1204707008","population":null,"formattedPop":null,"densityCategory":"No data","vulnerabilityRating":"No data","healthRiskLevel":"No data","areaKm2":4.829232,"centerLat":6.963556,"centerLng":125.057807,"geometrySource":"all_barangay-2.csv detailed WKT","geometryMatchMethod":"psgc_coordinate_bridge","boundaryPointCount":33},"geometry":{"type":"MultiPolygon","coordinates":[[[[125.082283,6.97417],[125.082626,6.97222],[125.084267,6.97046],[125.08503,6.96859],[125.083878,6.96784],[125.083282,6.96838],[125.078171,6.96647],[125.075462,6.96386],[125.074722,6.96261],[125.073891,6.95907],[125.076187,6.9549],[125.077026,6.95275],[125.072243,6.95282],[125.070053,6.95453],[125.067932,6.95864],[125.066406,6.95994],[125.066612,6.96002],[125.065857,6.96277],[125.064987,6.96555],[125.063278,6.9678],[125.062286,6.97005],[125.06382,6.96975],[125.064194,6.96991],[125.066353,6.97019],[125.067871,6.97052],[125.070229,6.97134],[125.072731,6.97295],[125.074707,6.97442],[125.076721,6.97405],[125.079842,6.9732],[125.080544,6.97359],[125.081551,6.97417],[125.082283,6.97417]]]]}},{"type":"Feature","properties":{"ID_0":177,"ISO":"PHL","NAME_0":"Philippines","ID_1":12047,"NAME_1":"Cotabato (North Cotabato)","ID_2":1204707,"NAME_2":"Makilala","ID_3":1204707009,"NAME_3":"Dagupan","NL_NAME_3":null,"VARNAME_3":null,"TYPE_3":"Barangay","ENGTYPE_3":"Village","PROVINCE":"Cotabato (North Cotabato)","REGION":"Region XII (Soccsksargen)","id":"barangay-1204707009","name":"Dagupan","barangayCode":"1204707009","population":null,"formattedPop":null,"densityCategory":"No data","vulnerabilityRating":"No data","healthRiskLevel":"No data","areaKm2":4.027697,"centerLat":6.916198,"centerLng":125.027821,"geometrySource":"all_barangay-2.csv detailed WKT","geometryMatchMethod":"psgc_coordinate_bridge","boundaryPointCount":21},"geometry":{"type":"MultiPolygon","coordinates":[[[[125.04583,6.94347],[125.045357,6.94278],[125.047707,6.93982],[125.049294,6.93628],[125.050903,6.93401],[125.052589,6.93128],[125.049797,6.92821],[125.046913,6.92595],[125.044899,6.92444],[125.042458,6.92232],[125.040939,6.92244],[125.040741,6.92442],[125.039223,6.92754],[125.037567,6.93093],[125.036758,6.9347],[125.035294,6.93752],[125.035507,6.93782],[125.035751,6.93798],[125.037529,6.9392],[125.044212,6.9426],[125.04583,6.94347]]]]}},{"type":"Feature","properties":{"ID_0":177,"ISO":"PHL","NAME_0":"Philippines","ID_1":12047,"NAME_1":"Cotabato (North Cotabato)","ID_2":1204707,"NAME_2":"Makilala","ID_3":1204707010,"NAME_3":"Garsika","NL_NAME_3":null,"VARNAME_3":null,"TYPE_3":"Barangay","ENGTYPE_3":"Village","PROVINCE":"Cotabato (North Cotabato)","REGION":"Region XII (Soccsksargen)","id":"barangay-1204707010","name":"Garsika","barangayCode":"1204707010","population":null,"formattedPop":null,"densityCategory":"No data","vulnerabilityRating":"No data","healthRiskLevel":"No data","areaKm2":8.354783,"centerLat":6.970666,"centerLng":125.122747,"geometrySource":"all_barangay-2.csv detailed WKT","geometryMatchMethod":"psgc_coordinate_bridge","boundaryPointCount":37},"geometry":{"type":"MultiPolygon","coordinates":[[[[125.090408,6.97491],[125.094788,6.9768],[125.098419,6.97873],[125.104507,6.97758],[125.111282,6.97825],[125.118172,6.9776],[125.1231,6.97536],[125.127403,6.97634],[125.129646,6.97745],[125.131523,6.9777],[125.134644,6.97662],[125.138077,6.97514],[125.140602,6.97391],[125.142212,6.97299],[125.145142,6.97288],[125.147476,6.97375],[125.150864,6.97427],[125.16391,6.97456],[125.188057,6.9754],[125.212753,6.97639],[125.259201,6.97562],[125.259171,6.96942],[125.258636,6.96647],[125.23349,6.96572],[125.217247,6.96629],[125.19973,6.96629],[125.180397,6.9655],[125.170883,6.9653],[125.15451,6.96617],[125.134537,6.96617],[125.1175,6.96571],[125.105331,6.96584],[125.096207,6.96492],[125.095711,6.96456],[125.093491,6.96764],[125.091637,6.97183],[125.090408,6.97491]]]]}},{"type":"Feature","properties":{"ID_0":177,"ISO":"PHL","NAME_0":"Philippines","ID_1":12047,"NAME_1":"Cotabato (North Cotabato)","ID_2":1204707,"NAME_2":"Makilala","ID_3":1204707011,"NAME_3":"Guangan","NL_NAME_3":null,"VARNAME_3":null,"TYPE_3":"Barangay","ENGTYPE_3":"Village","PROVINCE":"Cotabato (North Cotabato)","REGION":"Region XII (Soccsksargen)","id":"barangay-1204707011","name":"Guangan","barangayCode":"1204707011","population":null,"formattedPop":null,"densityCategory":"No data","vulnerabilityRating":"No data","healthRiskLevel":"No data","areaKm2":1.426468,"centerLat":6.886335,"centerLng":125.031424,"geometrySource":"all_barangay-2.csv detailed WKT","geometryMatchMethod":"psgc_coordinate_bridge","boundaryPointCount":18},"geometry":{"type":"MultiPolygon","coordinates":[[[[125.055367,6.8849],[125.057297,6.88606],[125.059929,6.88628],[125.063507,6.88432],[125.071373,6.88177],[125.07502,6.87834],[125.078133,6.87738],[125.079681,6.87721],[125.079781,6.87515],[125.078873,6.87167],[125.077232,6.86694],[125.075287,6.8628],[125.074226,6.85937],[125.054459,6.87379],[125.046753,6.8801],[125.047897,6.88052],[125.050293,6.88217],[125.055367,6.8849]]]]}},{"type":"Feature","properties":{"ID_0":177,"ISO":"PHL","NAME_0":"Philippines","ID_1":12047,"NAME_1":"Cotabato (North Cotabato)","ID_2":1204707,"NAME_2":"Makilala","ID_3":1204707012,"NAME_3":"Indangan","NL_NAME_3":null,"VARNAME_3":null,"TYPE_3":"Barangay","ENGTYPE_3":"Village","PROVINCE":"Cotabato (North Cotabato)","REGION":"Region XII (Soccsksargen)","id":"barangay-1204707012","name":"Indangan","barangayCode":"1204707012","population":null,"formattedPop":null,"densityCategory":"No data","vulnerabilityRating":"No data","healthRiskLevel":"No data","areaKm2":11.091967,"centerLat":6.988821,"centerLng":125.136174,"geometrySource":"all_barangay-2.csv detailed WKT","geometryMatchMethod":"psgc_coordinate_bridge","boundaryPointCount":47},"geometry":{"type":"MultiPolygon","coordinates":[[[[125.115494,6.9993],[125.118591,6.9995],[125.122299,6.99877],[125.124634,7.00019],[125.130524,7.002],[125.133163,7.00284],[125.136108,7.00617],[125.137466,7.00578],[125.143837,7.0029],[125.14711,7.0008],[125.149193,7.00072],[125.15184,7.00073],[125.146523,6.99423],[125.146271,6.98818],[125.144814,6.98233],[125.144501,6.97849],[125.147476,6.97375],[125.145142,6.97288],[125.142212,6.97299],[125.140602,6.97391],[125.138077,6.97514],[125.134644,6.97662],[125.131523,6.9777],[125.129646,6.97745],[125.127403,6.97634],[125.1231,6.97536],[125.118172,6.9776],[125.111282,6.97825],[125.104507,6.97758],[125.098419,6.97873],[125.094788,6.9768],[125.094711,6.97827],[125.094337,6.98118],[125.094414,6.9833],[125.094353,6.98598],[125.094414,6.98807],[125.094551,6.99254],[125.095428,6.9951],[125.095497,6.99732],[125.09716,6.99841],[125.099823,6.99829],[125.10215,6.99938],[125.103569,6.99891],[125.109467,6.99829],[125.111099,6.99894],[125.113586,6.99909],[125.115494,6.9993]]]]}},{"type":"Feature","properties":{"ID_0":177,"ISO":"PHL","NAME_0":"Philippines","ID_1":12047,"NAME_1":"Cotabato (North Cotabato)","ID_2":1204707,"NAME_2":"Makilala","ID_3":1204707013,"NAME_3":"Jose Rizal","NL_NAME_3":null,"VARNAME_3":null,"TYPE_3":"Barangay","ENGTYPE_3":"Village","PROVINCE":"Cotabato (North Cotabato)","REGION":"Region XII (Soccsksargen)","id":"barangay-1204707013","name":"Jose Rizal","barangayCode":"1204707013","population":null,"formattedPop":null,"densityCategory":"No data","vulnerabilityRating":"No data","healthRiskLevel":"No data","areaKm2":4.602115,"centerLat":6.973077,"centerLng":125.019505,"geometrySource":"all_barangay-2.csv detailed WKT","geometryMatchMethod":"psgc_coordinate_bridge","boundaryPointCount":35},"geometry":{"type":"MultiPolygon","coordinates":[[[[124.995789,6.97532],[125.001617,6.97677],[125.004257,6.97757],[125.00589,6.9793],[125.007462,6.98035],[125.010117,6.9826],[125.012543,6.98304],[125.014954,6.98549],[125.018059,6.98612],[125.020409,6.98644],[125.021744,6.98757],[125.022453,6.98888],[125.024841,6.9873],[125.027977,6.98793],[125.029732,6.98743],[125.030746,6.9774],[125.032791,6.97377],[125.035759,6.96641],[125.034607,6.96546],[125.032593,6.96588],[125.031227,6.96443],[125.026932,6.96407],[125.024963,6.96229],[125.022507,6.96284],[125.021103,6.96346],[125.019287,6.96247],[125.016617,6.96312],[125.014458,6.96319],[125.01226,6.96316],[125.011871,6.96192],[125.00956,6.96069],[125.008774,6.96222],[125.00592,6.96065],[125.001297,6.9595],[124.995789,6.97532]]]]}},{"type":"Feature","properties":{"ID_0":177,"ISO":"PHL","NAME_0":"Philippines","ID_1":12047,"NAME_1":"Cotabato (North Cotabato)","ID_2":1204707,"NAME_2":"Makilala","ID_3":1204707014,"NAME_3":"Katipunan II","NL_NAME_3":null,"VARNAME_3":null,"TYPE_3":"Barangay","ENGTYPE_3":"Village","PROVINCE":"Cotabato (North Cotabato)","REGION":"Region XII (Soccsksargen)","id":"barangay-1204707014","name":"Katipunan II","barangayCode":"1204707014","population":null,"formattedPop":null,"densityCategory":"No data","vulnerabilityRating":"No data","healthRiskLevel":"No data","areaKm2":3.200703,"centerLat":6.968081,"centerLng":125.000151,"geometrySource":"all_barangay-2.csv detailed WKT","geometryMatchMethod":"psgc_coordinate_bridge","boundaryPointCount":28},"geometry":{"type":"MultiPolygon","coordinates":[[[[125.04998,6.98839],[125.054131,6.98783],[125.059052,6.98898],[125.058693,6.98529],[125.060287,6.98192],[125.06131,6.9768],[125.061981,6.97305],[125.062286,6.97005],[125.05925,6.96937],[125.057877,6.96879],[125.057381,6.96989],[125.055908,6.96979],[125.052628,6.96828],[125.051407,6.96933],[125.047707,6.96945],[125.044769,6.96983],[125.041672,6.96841],[125.038712,6.96742],[125.036552,6.96688],[125.035759,6.96641],[125.032791,6.97377],[125.030746,6.9774],[125.029732,6.98743],[125.03318,6.98794],[125.036407,6.98828],[125.03904,6.98785],[125.044167,6.98934],[125.04998,6.98839]]]]}},{"type":"Feature","properties":{"ID_0":177,"ISO":"PHL","NAME_0":"Philippines","ID_1":12047,"NAME_1":"Cotabato (North Cotabato)","ID_2":1204707,"NAME_2":"Makilala","ID_3":1204707015,"NAME_3":"Kawayanon","NL_NAME_3":null,"VARNAME_3":null,"TYPE_3":"Barangay","ENGTYPE_3":"Village","PROVINCE":"Cotabato (North Cotabato)","REGION":"Region XII (Soccsksargen)","id":"barangay-1204707015","name":"Kawayanon","barangayCode":"1204707015","population":null,"formattedPop":null,"densityCategory":"No data","vulnerabilityRating":"No data","healthRiskLevel":"No data","areaKm2":7.78739,"centerLat":6.92594,"centerLng":125.06729,"geometrySource":"all_barangay-2.csv detailed WKT","geometryMatchMethod":"psgc_coordinate_bridge","boundaryPointCount":34},"geometry":{"type":"MultiPolygon","coordinates":[[[[125.084976,6.939],[125.085854,6.93718],[125.085213,6.93415],[125.085381,6.93135],[125.085388,6.93047],[125.083351,6.92881],[125.080627,6.92562],[125.079559,6.92309],[125.077713,6.91951],[125.074577,6.91839],[125.072319,6.91484],[125.070053,6.91132],[125.06707,6.90715],[125.064621,6.91057],[125.062714,6.91354],[125.059799,6.91888],[125.059052,6.92065],[125.05584,6.92565],[125.053757,6.92977],[125.052589,6.93128],[125.054047,6.93331],[125.055603,6.93423],[125.059464,6.93609],[125.062393,6.93701],[125.065247,6.93711],[125.069138,6.93806],[125.070068,6.9389],[125.070282,6.93859],[125.073067,6.93924],[125.076393,6.9399],[125.078598,6.93858],[125.081673,6.93861],[125.083298,6.93868],[125.084976,6.939]]]]}},{"type":"Feature","properties":{"ID_0":177,"ISO":"PHL","NAME_0":"Philippines","ID_1":12047,"NAME_1":"Cotabato (North Cotabato)","ID_2":1204707,"NAME_2":"Makilala","ID_3":1204707016,"NAME_3":"Kisante","NL_NAME_3":null,"VARNAME_3":null,"TYPE_3":"Barangay","ENGTYPE_3":"Village","PROVINCE":"Cotabato (North Cotabato)","REGION":"Region XII (Soccsksargen)","id":"barangay-1204707016","name":"Kisante","barangayCode":"1204707016","population":null,"formattedPop":null,"densityCategory":"No data","vulnerabilityRating":"No data","healthRiskLevel":"No data","areaKm2":12.908752,"centerLat":6.920155,"centerLng":125.156647,"geometrySource":"all_barangay-2.csv detailed WKT","geometryMatchMethod":"psgc_coordinate_bridge","boundaryPointCount":41},"geometry":{"type":"MultiPolygon","coordinates":[[[[125.152443,6.93139],[125.161057,6.93272],[125.159157,6.93085],[125.159264,6.92431],[125.160843,6.92379],[125.171082,6.92742],[125.181297,6.92885],[125.191566,6.93101],[125.203133,6.93161],[125.230148,6.93298],[125.227028,6.92948],[125.222839,6.92912],[125.21862,6.92604],[125.216988,6.92549],[125.213257,6.92611],[125.210136,6.92626],[125.202133,6.92596],[125.196083,6.9261],[125.189247,6.92562],[125.186539,6.92548],[125.182152,6.92624],[125.179932,6.92507],[125.176064,6.92182],[125.171822,6.91849],[125.169022,6.91444],[125.166054,6.91147],[125.163437,6.90717],[125.163132,6.90695],[125.160599,6.90609],[125.158524,6.9051],[125.155418,6.90478],[125.152237,6.90679],[125.151207,6.90743],[125.150963,6.90954],[125.150757,6.91257],[125.150681,6.9166],[125.150864,6.92053],[125.151176,6.92351],[125.153198,6.92613],[125.154121,6.92756],[125.152443,6.93139]]]]}},{"type":"Feature","properties":{"ID_0":177,"ISO":"PHL","NAME_0":"Philippines","ID_1":12047,"NAME_1":"Cotabato (North Cotabato)","ID_2":1204707,"NAME_2":"Makilala","ID_3":1204707017,"NAME_3":"Leboce","NL_NAME_3":null,"VARNAME_3":null,"TYPE_3":"Barangay","ENGTYPE_3":"Village","PROVINCE":"Cotabato (North Cotabato)","REGION":"Region XII (Soccsksargen)","id":"barangay-1204707017","name":"Leboce","barangayCode":"1204707017","population":null,"formattedPop":null,"densityCategory":"No data","vulnerabilityRating":"No data","healthRiskLevel":"No data","areaKm2":4.704684,"centerLat":6.913823,"centerLng":125.013662,"geometrySource":"all_barangay-2.csv detailed WKT","geometryMatchMethod":"psgc_coordinate_bridge","boundaryPointCount":17},"geometry":{"type":"MultiPolygon","coordinates":[[[[125.040939,6.92244],[125.041092,6.92146],[125.041107,6.91903],[125.038528,6.91719],[125.033417,6.91426],[125.028709,6.91075],[125.027931,6.90807],[125.025017,6.90616],[125.018517,6.90309],[125.017319,6.90708],[125.015327,6.914],[125.021942,6.91791],[125.028717,6.92225],[125.032738,6.92433],[125.036797,6.9244],[125.039177,6.92273],[125.040939,6.92244]]]]}},{"type":"Feature","properties":{"ID_0":177,"ISO":"PHL","NAME_0":"Philippines","ID_1":12047,"NAME_1":"Cotabato (North Cotabato)","ID_2":1204707,"NAME_2":"Makilala","ID_3":1204707018,"NAME_3":"Libertad","NL_NAME_3":null,"VARNAME_3":null,"TYPE_3":"Barangay","ENGTYPE_3":"Village","PROVINCE":"Cotabato (North Cotabato)","REGION":"Region XII (Soccsksargen)","id":"barangay-1204707018","name":"Libertad","barangayCode":"1204707018","population":null,"formattedPop":null,"densityCategory":"No data","vulnerabilityRating":"No data","healthRiskLevel":"No data","areaKm2":4.938303,"centerLat":6.977472,"centerLng":125.038553,"geometrySource":"all_barangay-2.csv detailed WKT","geometryMatchMethod":"psgc_coordinate_bridge","boundaryPointCount":48},"geometry":{"type":"MultiPolygon","coordinates":[[[[125.062286,6.97005],[125.063278,6.9678],[125.064987,6.96555],[125.065857,6.96277],[125.066612,6.96002],[125.064812,6.96008],[125.061867,6.95983],[125.057579,6.95963],[125.054008,6.95981],[125.050484,6.96015],[125.04641,6.96116],[125.041901,6.96002],[125.035133,6.95637],[125.030281,6.95413],[125.026482,6.95151],[125.021378,6.94835],[125.014847,6.94405],[125.007507,6.9393],[125.002563,6.95547],[125.001297,6.9595],[125.00592,6.96065],[125.008774,6.96222],[125.00956,6.96069],[125.011871,6.96192],[125.01226,6.96316],[125.014458,6.96319],[125.016617,6.96312],[125.019287,6.96247],[125.021103,6.96346],[125.022507,6.96284],[125.024963,6.96229],[125.026932,6.96407],[125.031227,6.96443],[125.032593,6.96588],[125.034607,6.96546],[125.035759,6.96641],[125.036552,6.96688],[125.038712,6.96742],[125.041672,6.96841],[125.044769,6.96983],[125.047707,6.96945],[125.051407,6.96933],[125.052628,6.96828],[125.055908,6.96979],[125.057381,6.96989],[125.057877,6.96879],[125.05925,6.96937],[125.062286,6.97005]]]]}},{"type":"Feature","properties":{"ID_0":177,"ISO":"PHL","NAME_0":"Philippines","ID_1":12047,"NAME_1":"Cotabato (North Cotabato)","ID_2":1204707,"NAME_2":"Makilala","ID_3":1204707019,"NAME_3":"Luayon","NL_NAME_3":null,"VARNAME_3":null,"TYPE_3":"Barangay","ENGTYPE_3":"Village","PROVINCE":"Cotabato (North Cotabato)","REGION":"Region XII (Soccsksargen)","id":"barangay-1204707019","name":"Luayon","barangayCode":"1204707019","population":null,"formattedPop":null,"densityCategory":"No data","vulnerabilityRating":"No data","healthRiskLevel":"No data","areaKm2":11.148066,"centerLat":6.89261,"centerLng":125.097559,"geometrySource":"all_barangay-2.csv detailed WKT","geometryMatchMethod":"psgc_coordinate_bridge","boundaryPointCount":33},"geometry":{"type":"MultiPolygon","coordinates":[[[[125.096558,6.93047],[125.096764,6.92903],[125.098679,6.9258],[125.101372,6.92346],[125.101967,6.92037],[125.103104,6.91796],[125.104591,6.91485],[125.10466,6.91198],[125.105507,6.90979],[125.106552,6.90862],[125.107918,6.90673],[125.112099,6.90468],[125.113739,6.90195],[125.115883,6.89976],[125.117569,6.89559],[125.116791,6.89479],[125.114159,6.89266],[125.110107,6.89061],[125.107277,6.89115],[125.101913,6.89142],[125.099571,6.89308],[125.097687,6.89436],[125.095596,6.89636],[125.09404,6.89929],[125.092667,6.90218],[125.092331,6.90585],[125.091873,6.90927],[125.091217,6.91451],[125.090828,6.92189],[125.088989,6.92988],[125.087959,6.9305],[125.092651,6.93043],[125.096558,6.93047]]]]}},{"type":"Feature","properties":{"ID_0":177,"ISO":"PHL","NAME_0":"Philippines","ID_1":12047,"NAME_1":"Cotabato (North Cotabato)","ID_2":1204707,"NAME_2":"Makilala","ID_3":1204707020,"NAME_3":"Luna Norte","NL_NAME_3":null,"VARNAME_3":null,"TYPE_3":"Barangay","ENGTYPE_3":"Village","PROVINCE":"Cotabato (North Cotabato)","REGION":"Region XII (Soccsksargen)","id":"barangay-1204707020","name":"Luna Norte","barangayCode":"1204707020","population":null,"formattedPop":null,"densityCategory":"No data","vulnerabilityRating":"No data","healthRiskLevel":"No data","areaKm2":6.5164,"centerLat":6.91302,"centerLng":125.046254,"geometrySource":"all_barangay-2.csv detailed WKT","geometryMatchMethod":"psgc_coordinate_bridge","boundaryPointCount":25},"geometry":{"type":"MultiPolygon","coordinates":[[[[125.040939,6.92244],[125.042458,6.92232],[125.044899,6.92444],[125.046913,6.92595],[125.049797,6.92821],[125.052589,6.93128],[125.053757,6.92977],[125.05584,6.92565],[125.059052,6.92065],[125.059799,6.91888],[125.055687,6.91508],[125.048889,6.91122],[125.04055,6.90753],[125.031563,6.90126],[125.025017,6.89594],[125.022408,6.89823],[125.018517,6.90309],[125.025017,6.90616],[125.027931,6.90807],[125.028709,6.91075],[125.033417,6.91426],[125.038528,6.91719],[125.041107,6.91903],[125.041092,6.92146],[125.040939,6.92244]]]]}},{"type":"Feature","properties":{"ID_0":177,"ISO":"PHL","NAME_0":"Philippines","ID_1":12047,"NAME_1":"Cotabato (North Cotabato)","ID_2":1204707,"NAME_2":"Makilala","ID_3":1204707021,"NAME_3":"Luna Sur","NL_NAME_3":null,"VARNAME_3":null,"TYPE_3":"Barangay","ENGTYPE_3":"Village","PROVINCE":"Cotabato (North Cotabato)","REGION":"Region XII (Soccsksargen)","id":"barangay-1204707021","name":"Luna Sur","barangayCode":"1204707021","population":null,"formattedPop":null,"densityCategory":"No data","vulnerabilityRating":"No data","healthRiskLevel":"No data","areaKm2":4.233445,"centerLat":6.896099,"centerLng":125.033581,"geometrySource":"all_barangay-2.csv detailed WKT","geometryMatchMethod":"psgc_coordinate_bridge","boundaryPointCount":23},"geometry":{"type":"MultiPolygon","coordinates":[[[[125.06707,6.90715],[125.064537,6.90503],[125.059921,6.90052],[125.056877,6.89739],[125.054222,6.89253],[125.053543,6.88972],[125.054611,6.88672],[125.055367,6.8849],[125.050293,6.88217],[125.047897,6.88052],[125.046753,6.8801],[125.038483,6.8858],[125.034187,6.88917],[125.030228,6.89132],[125.025017,6.89594],[125.031563,6.90126],[125.04055,6.90753],[125.048889,6.91122],[125.055687,6.91508],[125.059799,6.91888],[125.062714,6.91354],[125.064621,6.91057],[125.06707,6.90715]]]]}},{"type":"Feature","properties":{"ID_0":177,"ISO":"PHL","NAME_0":"Philippines","ID_1":12047,"NAME_1":"Cotabato (North Cotabato)","ID_2":1204707,"NAME_2":"Makilala","ID_3":1204707022,"NAME_3":"Malabuan","NL_NAME_3":null,"VARNAME_3":null,"TYPE_3":"Barangay","ENGTYPE_3":"Village","PROVINCE":"Cotabato (North Cotabato)","REGION":"Region XII (Soccsksargen)","id":"barangay-1204707022","name":"Malabuan","barangayCode":"1204707022","population":null,"formattedPop":null,"densityCategory":"No data","vulnerabilityRating":"No data","healthRiskLevel":"No data","areaKm2":12.792504,"centerLat":6.872378,"centerLng":125.072305,"geometrySource":"all_barangay-2.csv detailed WKT","geometryMatchMethod":"psgc_coordinate_bridge","boundaryPointCount":29},"geometry":{"type":"MultiPolygon","coordinates":[[[[125.06707,6.90715],[125.069679,6.90437],[125.072578,6.89946],[125.077477,6.89519],[125.08094,6.89171],[125.085541,6.8909],[125.091202,6.89009],[125.094658,6.88996],[125.096313,6.88642],[125.097687,6.88154],[125.099258,6.87625],[125.094933,6.8762],[125.089661,6.87565],[125.082733,6.8759],[125.079681,6.87721],[125.078133,6.87738],[125.07502,6.87834],[125.071373,6.88177],[125.063507,6.88432],[125.059929,6.88628],[125.057297,6.88606],[125.055367,6.8849],[125.054611,6.88672],[125.053543,6.88972],[125.054222,6.89253],[125.056877,6.89739],[125.059921,6.90052],[125.064537,6.90503],[125.06707,6.90715]]]]}},{"type":"Feature","properties":{"ID_0":177,"ISO":"PHL","NAME_0":"Philippines","ID_1":12047,"NAME_1":"Cotabato (North Cotabato)","ID_2":1204707,"NAME_2":"Makilala","ID_3":1204707023,"NAME_3":"Malasila","NL_NAME_3":null,"VARNAME_3":null,"TYPE_3":"Barangay","ENGTYPE_3":"Village","PROVINCE":"Cotabato (North Cotabato)","REGION":"Region XII (Soccsksargen)","id":"barangay-1204707023","name":"Malasila","barangayCode":"1204707023","population":null,"formattedPop":null,"densityCategory":"No data","vulnerabilityRating":"No data","healthRiskLevel":"No data","areaKm2":21.607038,"centerLat":6.93348,"centerLng":125.129887,"geometrySource":"all_barangay-2.csv detailed WKT","geometryMatchMethod":"psgc_coordinate_bridge","boundaryPointCount":25},"geometry":{"type":"MultiPolygon","coordinates":[[[[125.15799,6.95183],[125.155144,6.94988],[125.152313,6.9466],[125.150177,6.94453],[125.14975,6.94272],[125.147461,6.93954],[125.143356,6.93867],[125.137833,6.93995],[125.134613,6.93834],[125.119797,6.93601],[125.114731,6.93743],[125.106583,6.93669],[125.105881,6.93849],[125.105247,6.94134],[125.103897,6.94427],[125.103081,6.94834],[125.10228,6.9508],[125.105202,6.95097],[125.11692,6.95354],[125.130028,6.95504],[125.149963,6.95623],[125.172989,6.95694],[125.163597,6.9556],[125.158218,6.95378],[125.15799,6.95183]]]]}},{"type":"Feature","properties":{"ID_0":177,"ISO":"PHL","NAME_0":"Philippines","ID_1":12047,"NAME_1":"Cotabato (North Cotabato)","ID_2":1204707,"NAME_2":"Makilala","ID_3":1204707024,"NAME_3":"Malungon","NL_NAME_3":null,"VARNAME_3":null,"TYPE_3":"Barangay","ENGTYPE_3":"Village","PROVINCE":"Cotabato (North Cotabato)","REGION":"Region XII (Soccsksargen)","id":"barangay-1204707024","name":"Malungon","barangayCode":"1204707024","population":null,"formattedPop":null,"densityCategory":"No data","vulnerabilityRating":"No data","healthRiskLevel":"No data","areaKm2":8.523381,"centerLat":6.848262,"centerLng":125.092964,"geometrySource":"all_barangay-2.csv detailed WKT","geometryMatchMethod":"psgc_coordinate_bridge","boundaryPointCount":19},"geometry":{"type":"MultiPolygon","coordinates":[[[[125.128441,6.85034],[125.129066,6.8486],[125.12883,6.84194],[125.130157,6.83418],[125.129173,6.83255],[125.124657,6.83353],[125.123123,6.83044],[125.12027,6.8247],[125.107773,6.83344],[125.098793,6.84055],[125.099564,6.84641],[125.099663,6.85174],[125.100166,6.85767],[125.100304,6.87263],[125.107391,6.86794],[125.114906,6.86039],[125.120827,6.85638],[125.125847,6.85239],[125.128441,6.85034]]]]}},{"type":"Feature","properties":{"ID_0":177,"ISO":"PHL","NAME_0":"Philippines","ID_1":12047,"NAME_1":"Cotabato (North Cotabato)","ID_2":1204707,"NAME_2":"Makilala","ID_3":1204707025,"NAME_3":"New Baguio","NL_NAME_3":null,"VARNAME_3":null,"TYPE_3":"Barangay","ENGTYPE_3":"Village","PROVINCE":"Cotabato (North Cotabato)","REGION":"Region XII (Soccsksargen)","id":"barangay-1204707025","name":"New Baguio","barangayCode":"1204707025","population":null,"formattedPop":null,"densityCategory":"No data","vulnerabilityRating":"No data","healthRiskLevel":"No data","areaKm2":7.202406,"centerLat":6.898249,"centerLng":125.067295,"geometrySource":"all_barangay-2.csv detailed WKT","geometryMatchMethod":"psgc_coordinate_bridge","boundaryPointCount":29},"geometry":{"type":"MultiPolygon","coordinates":[[[[125.087959,6.9305],[125.088989,6.92988],[125.090828,6.92189],[125.091217,6.91451],[125.091873,6.90927],[125.092331,6.90585],[125.092667,6.90218],[125.09404,6.89929],[125.095596,6.89636],[125.097687,6.89436],[125.099571,6.89308],[125.101913,6.89142],[125.094658,6.88996],[125.091202,6.89009],[125.085541,6.8909],[125.08094,6.89171],[125.077477,6.89519],[125.072578,6.89946],[125.069679,6.90437],[125.06707,6.90715],[125.070053,6.91132],[125.072319,6.91484],[125.074577,6.91839],[125.077713,6.91951],[125.079559,6.92309],[125.080627,6.92562],[125.083351,6.92881],[125.085388,6.93047],[125.087959,6.9305]]]]}},{"type":"Feature","properties":{"ID_0":177,"ISO":"PHL","NAME_0":"Philippines","ID_1":12047,"NAME_1":"Cotabato (North Cotabato)","ID_2":1204707,"NAME_2":"Makilala","ID_3":1204707026,"NAME_3":"New Bulatukan","NL_NAME_3":null,"VARNAME_3":null,"TYPE_3":"Barangay","ENGTYPE_3":"Village","PROVINCE":"Cotabato (North Cotabato)","REGION":"Region XII (Soccsksargen)","id":"barangay-1204707026","name":"New Bulatukan","barangayCode":"1204707026","population":null,"formattedPop":null,"densityCategory":"No data","vulnerabilityRating":"No data","healthRiskLevel":"No data","areaKm2":4.667082,"centerLat":6.907792,"centerLng":125.173101,"geometrySource":"all_barangay-2.csv detailed WKT","geometryMatchMethod":"psgc_coordinate_bridge","boundaryPointCount":24},"geometry":{"type":"MultiPolygon","coordinates":[[[[125.188461,6.91031],[125.18605,6.90811],[125.182587,6.90587],[125.179024,6.90606],[125.176277,6.90534],[125.17305,6.90215],[125.168633,6.89861],[125.164818,6.89469],[125.162163,6.89121],[125.159561,6.8908],[125.159126,6.89073],[125.15995,6.8948],[125.160454,6.89806],[125.161682,6.90052],[125.162376,6.90488],[125.163132,6.90695],[125.163437,6.90717],[125.166054,6.91147],[125.169022,6.91444],[125.171822,6.91849],[125.176064,6.92182],[125.180351,6.91878],[125.183197,6.91551],[125.188461,6.91031]]]]}},{"type":"Feature","properties":{"ID_0":177,"ISO":"PHL","NAME_0":"Philippines","ID_1":12047,"NAME_1":"Cotabato (North Cotabato)","ID_2":1204707,"NAME_2":"Makilala","ID_3":1204707027,"NAME_3":"New Cebu","NL_NAME_3":null,"VARNAME_3":null,"TYPE_3":"Barangay","ENGTYPE_3":"Village","PROVINCE":"Cotabato (North Cotabato)","REGION":"Region XII (Soccsksargen)","id":"barangay-1204707027","name":"New Cebu","barangayCode":"1204707027","population":null,"formattedPop":null,"densityCategory":"No data","vulnerabilityRating":"No data","healthRiskLevel":"No data","areaKm2":3.78875,"centerLat":6.95975,"centerLng":125.107334,"geometrySource":"all_barangay-2.csv detailed WKT","geometryMatchMethod":"psgc_coordinate_bridge","boundaryPointCount":35},"geometry":{"type":"MultiPolygon","coordinates":[[[[125.095711,6.96456],[125.096207,6.96492],[125.105331,6.96584],[125.1175,6.96571],[125.134537,6.96617],[125.15451,6.96617],[125.170883,6.9653],[125.180397,6.9655],[125.19973,6.96629],[125.217247,6.96629],[125.23349,6.96572],[125.258636,6.96647],[125.258331,6.96222],[125.254967,6.95668],[125.233597,6.95702],[125.216568,6.95711],[125.201103,6.95588],[125.186707,6.95532],[125.172989,6.95694],[125.149963,6.95623],[125.130028,6.95504],[125.11692,6.95354],[125.105202,6.95097],[125.10228,6.9508],[125.097633,6.94978],[125.095139,6.95215],[125.092148,6.95488],[125.090057,6.95638],[125.090584,6.95687],[125.093452,6.95718],[125.09639,6.95774],[125.098297,6.95891],[125.098534,6.96045],[125.097153,6.96252],[125.095711,6.96456]]]]}},{"type":"Feature","properties":{"ID_0":177,"ISO":"PHL","NAME_0":"Philippines","ID_1":12047,"NAME_1":"Cotabato (North Cotabato)","ID_2":1204707,"NAME_2":"Makilala","ID_3":1204707028,"NAME_3":"Old Bulatukan","NL_NAME_3":null,"VARNAME_3":null,"TYPE_3":"Barangay","ENGTYPE_3":"Village","PROVINCE":"Cotabato (North Cotabato)","REGION":"Region XII (Soccsksargen)","id":"barangay-1204707028","name":"Old Bulatukan","barangayCode":"1204707028","population":null,"formattedPop":null,"densityCategory":"No data","vulnerabilityRating":"No data","healthRiskLevel":"No data","areaKm2":9.520661,"centerLat":6.894431,"centerLng":125.178096,"geometrySource":"all_barangay-2.csv detailed WKT","geometryMatchMethod":"psgc_coordinate_bridge","boundaryPointCount":46},"geometry":{"type":"MultiPolygon","coordinates":[[[[125.216988,6.92549],[125.214363,6.9232],[125.213387,6.92052],[125.211403,6.91819],[125.210274,6.91528],[125.207642,6.91376],[125.205727,6.91306],[125.202812,6.91267],[125.199547,6.91022],[125.198112,6.90808],[125.19809,6.90534],[125.198463,6.90534],[125.19696,6.90371],[125.193733,6.90161],[125.190804,6.89915],[125.189163,6.89506],[125.187012,6.89129],[125.183144,6.88917],[125.173981,6.88538],[125.16951,6.88364],[125.165733,6.88209],[125.164909,6.88151],[125.162323,6.88141],[125.160423,6.88242],[125.157188,6.88336],[125.156593,6.88491],[125.157997,6.8884],[125.159561,6.8908],[125.162163,6.89121],[125.164818,6.89469],[125.168633,6.89861],[125.17305,6.90215],[125.176277,6.90534],[125.179024,6.90606],[125.182587,6.90587],[125.18605,6.90811],[125.188461,6.91031],[125.192047,6.915],[125.194099,6.91591],[125.196739,6.91455],[125.200623,6.91499],[125.202904,6.91737],[125.204529,6.92004],[125.210136,6.92626],[125.213257,6.92611],[125.216988,6.92549]]]]}},{"type":"Feature","properties":{"ID_0":177,"ISO":"PHL","NAME_0":"Philippines","ID_1":12047,"NAME_1":"Cotabato (North Cotabato)","ID_2":1204707,"NAME_2":"Makilala","ID_3":1204707029,"NAME_3":"Poblacion","NL_NAME_3":null,"VARNAME_3":null,"TYPE_3":"Barangay","ENGTYPE_3":"Village","PROVINCE":"Cotabato (North Cotabato)","REGION":"Region XII (Soccsksargen)","id":"barangay-1204707029","name":"Poblacion","barangayCode":"1204707029","population":null,"formattedPop":null,"densityCategory":"No data","vulnerabilityRating":"No data","healthRiskLevel":"No data","areaKm2":8.400261,"centerLat":6.962333,"centerLng":125.088668,"geometrySource":"all_barangay-2.csv detailed WKT","geometryMatchMethod":"psgc_coordinate_bridge","boundaryPointCount":29},"geometry":{"type":"MultiPolygon","coordinates":[[[[125.090408,6.97491],[125.091637,6.97183],[125.093491,6.96764],[125.095711,6.96456],[125.097153,6.96252],[125.098534,6.96045],[125.098297,6.95891],[125.09639,6.95774],[125.093452,6.95718],[125.090584,6.95687],[125.088173,6.95604],[125.084557,6.95508],[125.077026,6.95275],[125.076187,6.9549],[125.073891,6.95907],[125.074722,6.96261],[125.075462,6.96386],[125.078171,6.96647],[125.083282,6.96838],[125.083878,6.96784],[125.08503,6.96859],[125.084267,6.97046],[125.082626,6.97222],[125.082283,6.97417],[125.083557,6.97417],[125.084541,6.97502],[125.086273,6.97558],[125.088127,6.97527],[125.090408,6.97491]]]]}},{"type":"Feature","properties":{"ID_0":177,"ISO":"PHL","NAME_0":"Philippines","ID_1":12047,"NAME_1":"Cotabato (North Cotabato)","ID_2":1204707,"NAME_2":"Makilala","ID_3":1204707030,"NAME_3":"Rodero","NL_NAME_3":null,"VARNAME_3":null,"TYPE_3":"Barangay","ENGTYPE_3":"Village","PROVINCE":"Cotabato (North Cotabato)","REGION":"Region XII (Soccsksargen)","id":"barangay-1204707030","name":"Rodero","barangayCode":"1204707030","population":null,"formattedPop":null,"densityCategory":"No data","vulnerabilityRating":"No data","healthRiskLevel":"No data","areaKm2":10.956736,"centerLat":6.887013,"centerLng":125.139686,"geometrySource":"all_barangay-2.csv detailed WKT","geometryMatchMethod":"psgc_coordinate_bridge","boundaryPointCount":44},"geometry":{"type":"MultiPolygon","coordinates":[[[[125.163132,6.90695],[125.162376,6.90488],[125.161682,6.90052],[125.160454,6.89806],[125.15995,6.8948],[125.159126,6.89073],[125.159561,6.8908],[125.157997,6.8884],[125.156593,6.88491],[125.157188,6.88336],[125.160423,6.88242],[125.162323,6.88141],[125.164909,6.88151],[125.164322,6.87583],[125.162552,6.87182],[125.160141,6.86828],[125.158607,6.86467],[125.158287,6.86042],[125.157707,6.85863],[125.15863,6.85565],[125.160553,6.85321],[125.160873,6.84995],[125.160789,6.84662],[125.161362,6.84539],[125.16011,6.83939],[125.156342,6.83488],[125.153831,6.83802],[125.151779,6.83987],[125.149513,6.84204],[125.147629,6.84779],[125.145607,6.85168],[125.143311,6.85671],[125.13916,6.86168],[125.136078,6.86582],[125.132317,6.87038],[125.1315,6.87067],[125.134727,6.87666],[125.136269,6.87862],[125.14724,6.88967],[125.154457,6.89653],[125.158562,6.90103],[125.160797,6.90414],[125.161957,6.90558],[125.163132,6.90695]]]]}},{"type":"Feature","properties":{"ID_0":177,"ISO":"PHL","NAME_0":"Philippines","ID_1":12047,"NAME_1":"Cotabato (North Cotabato)","ID_2":1204707,"NAME_2":"Makilala","ID_3":1204707031,"NAME_3":"Saguing","NL_NAME_3":null,"VARNAME_3":null,"TYPE_3":"Barangay","ENGTYPE_3":"Village","PROVINCE":"Cotabato (North Cotabato)","REGION":"Region XII (Soccsksargen)","id":"barangay-1204707031","name":"Saguing","barangayCode":"1204707031","population":null,"formattedPop":null,"densityCategory":"No data","vulnerabilityRating":"No data","healthRiskLevel":"No data","areaKm2":14.769299,"centerLat":6.983494,"centerLng":125.081121,"geometrySource":"all_barangay-2.csv detailed WKT","geometryMatchMethod":"psgc_coordinate_bridge","boundaryPointCount":47},"geometry":{"type":"MultiPolygon","coordinates":[[[[125.081581,6.99517],[125.084557,6.99565],[125.087189,6.9961],[125.089157,6.99654],[125.09095,6.99726],[125.092941,6.99729],[125.095497,6.99732],[125.095428,6.9951],[125.094551,6.99254],[125.094414,6.98807],[125.094353,6.98598],[125.094414,6.9833],[125.094337,6.98118],[125.094711,6.97827],[125.094788,6.9768],[125.090408,6.97491],[125.088127,6.97527],[125.086273,6.97558],[125.084541,6.97502],[125.083557,6.97417],[125.082283,6.97417],[125.081551,6.97417],[125.080544,6.97359],[125.079842,6.9732],[125.076721,6.97405],[125.074707,6.97442],[125.072731,6.97295],[125.070229,6.97134],[125.067871,6.97052],[125.066353,6.97019],[125.064194,6.96991],[125.06382,6.96975],[125.062286,6.97005],[125.061981,6.97305],[125.06131,6.9768],[125.060287,6.98192],[125.058693,6.98529],[125.059052,6.98898],[125.063057,6.99054],[125.066422,6.99239],[125.067719,6.99327],[125.070091,6.99429],[125.07309,6.99428],[125.074364,6.99477],[125.076523,6.99405],[125.078323,6.99443],[125.081581,6.99517]]]]}},{"type":"Feature","properties":{"ID_0":177,"ISO":"PHL","NAME_0":"Philippines","ID_1":12047,"NAME_1":"Cotabato (North Cotabato)","ID_2":1204707,"NAME_2":"Makilala","ID_3":1204707032,"NAME_3":"San Vicente","NL_NAME_3":null,"VARNAME_3":null,"TYPE_3":"Barangay","ENGTYPE_3":"Village","PROVINCE":"Cotabato (North Cotabato)","REGION":"Region XII (Soccsksargen)","id":"barangay-1204707032","name":"San Vicente","barangayCode":"1204707032","population":null,"formattedPop":null,"densityCategory":"No data","vulnerabilityRating":"No data","healthRiskLevel":"No data","areaKm2":8.467293,"centerLat":6.950554,"centerLng":125.036532,"geometrySource":"all_barangay-2.csv detailed WKT","geometryMatchMethod":"psgc_coordinate_bridge","boundaryPointCount":34},"geometry":{"type":"MultiPolygon","coordinates":[[[[125.072243,6.95282],[125.072861,6.95198],[125.069633,6.95102],[125.064636,6.94977],[125.062347,6.9485],[125.058884,6.94755],[125.055443,6.9472],[125.051323,6.9461],[125.04583,6.94347],[125.044212,6.9426],[125.037529,6.9392],[125.035751,6.93798],[125.035507,6.93782],[125.030327,6.93464],[125.022308,6.92908],[125.012268,6.92284],[125.007507,6.9393],[125.014847,6.94405],[125.021378,6.94835],[125.026482,6.95151],[125.030281,6.95413],[125.035133,6.95637],[125.041901,6.96002],[125.04641,6.96116],[125.050484,6.96015],[125.054008,6.95981],[125.057579,6.95963],[125.061867,6.95983],[125.064812,6.96008],[125.066612,6.96002],[125.066406,6.95994],[125.067932,6.95864],[125.070053,6.95453],[125.072243,6.95282]]]]}},{"type":"Feature","properties":{"ID_0":177,"ISO":"PHL","NAME_0":"Philippines","ID_1":12047,"NAME_1":"Cotabato (North Cotabato)","ID_2":1204707,"NAME_2":"Makilala","ID_3":1204707033,"NAME_3":"Santa Felomina","NL_NAME_3":null,"VARNAME_3":null,"TYPE_3":"Barangay","ENGTYPE_3":"Village","PROVINCE":"Cotabato (North Cotabato)","REGION":"Region XII (Soccsksargen)","id":"barangay-1204707033","name":"Santa Felomina","barangayCode":"1204707033","population":null,"formattedPop":null,"densityCategory":"No data","vulnerabilityRating":"No data","healthRiskLevel":"No data","areaKm2":6.906596,"centerLat":6.933415,"centerLng":125.088293,"geometrySource":"all_barangay-2.csv detailed WKT","geometryMatchMethod":"psgc_coordinate_bridge","boundaryPointCount":29},"geometry":{"type":"MultiPolygon","coordinates":[[[[125.077026,6.95275],[125.084557,6.95508],[125.088173,6.95604],[125.090584,6.95687],[125.090057,6.95638],[125.092148,6.95488],[125.095139,6.95215],[125.097633,6.94978],[125.10228,6.9508],[125.103081,6.94834],[125.103897,6.94427],[125.105247,6.94134],[125.105881,6.93849],[125.106583,6.93669],[125.105949,6.93493],[125.103783,6.93308],[125.100952,6.93205],[125.096558,6.93047],[125.092651,6.93043],[125.087959,6.9305],[125.085388,6.93047],[125.085381,6.93135],[125.085213,6.93415],[125.085854,6.93718],[125.084976,6.939],[125.080994,6.94366],[125.080063,6.94741],[125.078529,6.95221],[125.077026,6.95275]]]]}},{"type":"Feature","properties":{"ID_0":177,"ISO":"PHL","NAME_0":"Philippines","ID_1":12047,"NAME_1":"Cotabato (North Cotabato)","ID_2":1204707,"NAME_2":"Makilala","ID_3":1204707034,"NAME_3":"Santo Niño","NL_NAME_3":null,"VARNAME_3":"Santo Nino","TYPE_3":"Barangay","ENGTYPE_3":"Village","PROVINCE":"Cotabato (North Cotabato)","REGION":"Region XII (Soccsksargen)","id":"barangay-1204707034","name":"Santo Niño","barangayCode":"1204707034","population":null,"formattedPop":null,"densityCategory":"No data","vulnerabilityRating":"No data","healthRiskLevel":"No data","areaKm2":12.362609,"centerLat":6.917251,"centerLng":125.104011,"geometrySource":"all_barangay-2.csv detailed WKT","geometryMatchMethod":"psgc_coordinate_bridge","boundaryPointCount":54},"geometry":{"type":"MultiPolygon","coordinates":[[[[125.147461,6.93954],[125.147873,6.93553],[125.150208,6.93444],[125.151573,6.93341],[125.152443,6.93139],[125.154121,6.92756],[125.153198,6.92613],[125.151176,6.92351],[125.150864,6.92053],[125.150681,6.9166],[125.150757,6.91257],[125.150963,6.90954],[125.151207,6.90743],[125.152237,6.90679],[125.155418,6.90478],[125.158524,6.9051],[125.160599,6.90609],[125.163132,6.90695],[125.161957,6.90558],[125.160797,6.90414],[125.158562,6.90103],[125.154457,6.89653],[125.14724,6.88967],[125.136269,6.87862],[125.133797,6.88083],[125.130272,6.88362],[125.124992,6.88657],[125.121262,6.89079],[125.11834,6.89503],[125.117569,6.89559],[125.115883,6.89976],[125.113739,6.90195],[125.112099,6.90468],[125.107918,6.90673],[125.106552,6.90862],[125.105507,6.90979],[125.10466,6.91198],[125.104591,6.91485],[125.103104,6.91796],[125.101967,6.92037],[125.101372,6.92346],[125.098679,6.9258],[125.096764,6.92903],[125.096558,6.93047],[125.100952,6.93205],[125.103783,6.93308],[125.105949,6.93493],[125.106583,6.93669],[125.114731,6.93743],[125.119797,6.93601],[125.134613,6.93834],[125.137833,6.93995],[125.143356,6.93867],[125.147461,6.93954]]]]}},{"type":"Feature","properties":{"ID_0":177,"ISO":"PHL","NAME_0":"Philippines","ID_1":12047,"NAME_1":"Cotabato (North Cotabato)","ID_2":1204707,"NAME_2":"Makilala","ID_3":1204707035,"NAME_3":"Sinkatulan","NL_NAME_3":null,"VARNAME_3":null,"TYPE_3":"Barangay","ENGTYPE_3":"Village","PROVINCE":"Cotabato (North Cotabato)","REGION":"Region XII (Soccsksargen)","id":"barangay-1204707035","name":"Sinkatulan","barangayCode":"1204707035","population":null,"formattedPop":null,"densityCategory":"No data","vulnerabilityRating":"No data","healthRiskLevel":"No data","areaKm2":13.382444,"centerLat":6.944356,"centerLng":125.010536,"geometrySource":"all_barangay-2.csv detailed WKT","geometryMatchMethod":"psgc_coordinate_bridge","boundaryPointCount":17},"geometry":{"type":"MultiPolygon","coordinates":[[[[125.012268,6.92284],[125.022308,6.92908],[125.030327,6.93464],[125.035507,6.93782],[125.035294,6.93752],[125.036758,6.9347],[125.037567,6.93093],[125.039223,6.92754],[125.040741,6.92442],[125.040939,6.92244],[125.039177,6.92273],[125.036797,6.9244],[125.032738,6.92433],[125.028717,6.92225],[125.021942,6.91791],[125.015327,6.914],[125.012268,6.92284]]]]}},{"type":"Feature","properties":{"ID_0":177,"ISO":"PHL","NAME_0":"Philippines","ID_1":12047,"NAME_1":"Cotabato (North Cotabato)","ID_2":1204707,"NAME_2":"Makilala","ID_3":1204707036,"NAME_3":"Taluntalunan","NL_NAME_3":null,"VARNAME_3":null,"TYPE_3":"Barangay","ENGTYPE_3":"Village","PROVINCE":"Cotabato (North Cotabato)","REGION":"Region XII (Soccsksargen)","id":"barangay-1204707036","name":"Taluntalunan","barangayCode":"1204707036","population":null,"formattedPop":null,"densityCategory":"No data","vulnerabilityRating":"No data","healthRiskLevel":"No data","areaKm2":4.754002,"centerLat":6.947639,"centerLng":125.068194,"geometrySource":"all_barangay-2.csv detailed WKT","geometryMatchMethod":"psgc_coordinate_bridge","boundaryPointCount":22},"geometry":{"type":"MultiPolygon","coordinates":[[[[125.072243,6.95282],[125.077026,6.95275],[125.078529,6.95221],[125.080063,6.94741],[125.080994,6.94366],[125.084976,6.939],[125.083298,6.93868],[125.081673,6.93861],[125.078598,6.93858],[125.076393,6.9399],[125.073067,6.93924],[125.070282,6.93859],[125.070068,6.9389],[125.069633,6.93989],[125.068428,6.94198],[125.067131,6.94385],[125.064842,6.94682],[125.064102,6.94879],[125.064636,6.94977],[125.069633,6.95102],[125.072861,6.95198],[125.072243,6.95282]]]]}},{"type":"Feature","properties":{"ID_0":177,"ISO":"PHL","NAME_0":"Philippines","ID_1":12047,"NAME_1":"Cotabato (North Cotabato)","ID_2":1204707,"NAME_2":"Makilala","ID_3":1204707037,"NAME_3":"Villaflores","NL_NAME_3":null,"VARNAME_3":null,"TYPE_3":"Barangay","ENGTYPE_3":"Village","PROVINCE":"Cotabato (North Cotabato)","REGION":"Region XII (Soccsksargen)","id":"barangay-1204707037","name":"Villaflores","barangayCode":"1204707037","population":null,"formattedPop":null,"densityCategory":"No data","vulnerabilityRating":"No data","healthRiskLevel":"No data","areaKm2":7.364122,"centerLat":6.860577,"centerLng":125.053167,"geometrySource":"all_barangay-2.csv detailed WKT","geometryMatchMethod":"psgc_coordinate_bridge","boundaryPointCount":16},"geometry":{"type":"MultiPolygon","coordinates":[[[[125.099258,6.87625],[125.100304,6.87263],[125.100166,6.85767],[125.099663,6.85174],[125.099564,6.84641],[125.098793,6.84055],[125.074226,6.85937],[125.075287,6.8628],[125.077232,6.86694],[125.078873,6.87167],[125.079781,6.87515],[125.079681,6.87721],[125.082733,6.8759],[125.089661,6.87565],[125.094933,6.8762],[125.099258,6.87625]]]]}},{"type":"Feature","properties":{"ID_0":177,"ISO":"PHL","NAME_0":"Philippines","ID_1":12047,"NAME_1":"Cotabato (North Cotabato)","ID_2":1204707,"NAME_2":"Makilala","ID_3":1204707038,"NAME_3":"New Israel","NL_NAME_3":null,"VARNAME_3":null,"TYPE_3":"Barangay","ENGTYPE_3":"Village","PROVINCE":"Cotabato (North Cotabato)","REGION":"Region XII (Soccsksargen)","id":"barangay-1204707038","name":"New Israel","barangayCode":"1204707038","population":null,"formattedPop":null,"densityCategory":"No data","vulnerabilityRating":"No data","healthRiskLevel":"No data","areaKm2":3.799086,"centerLat":6.920577,"centerLng":125.190668,"geometrySource":"all_barangay-2.csv detailed WKT","geometryMatchMethod":"psgc_coordinate_bridge","boundaryPointCount":18},"geometry":{"type":"MultiPolygon","coordinates":[[[[125.210136,6.92626],[125.204529,6.92004],[125.202904,6.91737],[125.200623,6.91499],[125.196739,6.91455],[125.194099,6.91591],[125.192047,6.915],[125.188461,6.91031],[125.183197,6.91551],[125.180351,6.91878],[125.176064,6.92182],[125.179932,6.92507],[125.182152,6.92624],[125.186539,6.92548],[125.189247,6.92562],[125.196083,6.9261],[125.202133,6.92596],[125.210136,6.92626]]]]}},{"type":"Feature","properties":{"ID_0":177,"ISO":"PHL","NAME_0":"Philippines","ID_1":12047,"NAME_1":"Cotabato (North Cotabato)","ID_2":1204708,"NAME_2":"Matalam","ID_3":1204708001,"NAME_3":"New Alimodian","NL_NAME_3":null,"VARNAME_3":null,"TYPE_3":"Barangay","ENGTYPE_3":"Village","PROVINCE":"Cotabato (North Cotabato)","REGION":"Region XII (Soccsksargen)","id":"barangay-1204708001","name":"New Alimodian","barangayCode":"1204708001","population":null,"formattedPop":null,"densityCategory":"No data","vulnerabilityRating":"No data","healthRiskLevel":"No data","areaKm2":17.428619,"centerLat":7.262151,"centerLng":124.991619,"geometrySource":"all_barangay-2.csv detailed WKT","geometryMatchMethod":"psgc_coordinate_bridge","boundaryPointCount":27},"geometry":{"type":"MultiPolygon","coordinates":[[[[124.93782,7.18347],[124.921356,7.21142],[124.961647,7.20626],[124.977203,7.20588],[124.984543,7.2036],[124.98893,7.2017],[124.990662,7.19556],[124.991417,7.18815],[124.991943,7.18192],[124.992317,7.17939],[124.987701,7.18],[124.986,7.17882],[124.982697,7.17461],[124.981262,7.17016],[124.979988,7.16726],[124.979073,7.16537],[124.978333,7.16391],[124.976791,7.15986],[124.975067,7.15734],[124.971573,7.15415],[124.968918,7.15061],[124.966003,7.15075],[124.959137,7.14968],[124.954887,7.149],[124.953552,7.15164],[124.951263,7.16867],[124.93782,7.18347]]]]}},{"type":"Feature","properties":{"ID_0":177,"ISO":"PHL","NAME_0":"Philippines","ID_1":12047,"NAME_1":"Cotabato (North Cotabato)","ID_2":1204708,"NAME_2":"Matalam","ID_3":1204708003,"NAME_3":"Arakan","NL_NAME_3":null,"VARNAME_3":null,"TYPE_3":"Barangay","ENGTYPE_3":"Village","PROVINCE":"Cotabato (North Cotabato)","REGION":"Region XII (Soccsksargen)","id":"barangay-1204708003","name":"Arakan","barangayCode":"1204708003","population":null,"formattedPop":null,"densityCategory":"No data","vulnerabilityRating":"No data","healthRiskLevel":"No data","areaKm2":12.976982,"centerLat":7.340224,"centerLng":124.931378,"geometrySource":"all_barangay-2.csv detailed WKT","geometryMatchMethod":"psgc_coordinate_bridge","boundaryPointCount":28},"geometry":{"type":"MultiPolygon","coordinates":[[[[124.891373,7.30765],[124.899223,7.2826],[124.902351,7.27179],[124.898804,7.2637],[124.898956,7.25576],[124.903542,7.24523],[124.89843,7.23005],[124.898811,7.22355],[124.899986,7.22048],[124.895309,7.22408],[124.883888,7.24705],[124.878822,7.2607],[124.863808,7.29178],[124.862427,7.29533],[124.861397,7.29688],[124.861763,7.29854],[124.862503,7.29937],[124.864616,7.29991],[124.867683,7.2998],[124.870148,7.30222],[124.871147,7.30499],[124.872147,7.30725],[124.874367,7.30768],[124.876694,7.30759],[124.878983,7.30674],[124.883003,7.30558],[124.887642,7.3054],[124.891373,7.30765]]]]}},{"type":"Feature","properties":{"ID_0":177,"ISO":"PHL","NAME_0":"Philippines","ID_1":12047,"NAME_1":"Cotabato (North Cotabato)","ID_2":1204708,"NAME_2":"Matalam","ID_3":1204708004,"NAME_3":"Bangbang","NL_NAME_3":null,"VARNAME_3":null,"TYPE_3":"Barangay","ENGTYPE_3":"Village","PROVINCE":"Cotabato (North Cotabato)","REGION":"Region XII (Soccsksargen)","id":"barangay-1204708004","name":"Bangbang","barangayCode":"1204708004","population":null,"formattedPop":null,"densityCategory":"No data","vulnerabilityRating":"No data","healthRiskLevel":"No data","areaKm2":11.968155,"centerLat":7.264844,"centerLng":125.020327,"geometrySource":"all_barangay-2.csv detailed WKT","geometryMatchMethod":"psgc_coordinate_bridge","boundaryPointCount":18},"geometry":{"type":"MultiPolygon","coordinates":[[[[125.003853,7.17523],[125.002731,7.17163],[124.993217,7.15527],[124.990479,7.15916],[124.98745,7.15981],[124.983307,7.16045],[124.976791,7.15986],[124.978333,7.16391],[124.979073,7.16537],[124.979988,7.16726],[124.981262,7.17016],[124.982697,7.17461],[124.986,7.17882],[124.987701,7.18],[124.992317,7.17939],[124.994682,7.17823],[124.996407,7.1762],[125.003853,7.17523]]]]}},{"type":"Feature","properties":{"ID_0":177,"ISO":"PHL","NAME_0":"Philippines","ID_1":12047,"NAME_1":"Cotabato (North Cotabato)","ID_2":1204708,"NAME_2":"Matalam","ID_3":1204708005,"NAME_3":"Bato","NL_NAME_3":null,"VARNAME_3":null,"TYPE_3":"Barangay","ENGTYPE_3":"Village","PROVINCE":"Cotabato (North Cotabato)","REGION":"Region XII (Soccsksargen)","id":"barangay-1204708005","name":"Bato","barangayCode":"1204708005","population":null,"formattedPop":null,"densityCategory":"No data","vulnerabilityRating":"No data","healthRiskLevel":"No data","areaKm2":16.577068,"centerLat":7.323763,"centerLng":124.959458,"geometrySource":"all_barangay-2.csv detailed WKT","geometryMatchMethod":"psgc_coordinate_bridge","boundaryPointCount":9},"geometry":{"type":"MultiPolygon","coordinates":[[[[124.913933,7.24813],[124.903542,7.24523],[124.898956,7.25576],[124.898804,7.2637],[124.902351,7.27179],[124.914139,7.2784],[124.915657,7.26077],[124.921257,7.25632],[124.913933,7.24813]]]]}},{"type":"Feature","properties":{"ID_0":177,"ISO":"PHL","NAME_0":"Philippines","ID_1":12047,"NAME_1":"Cotabato (North Cotabato)","ID_2":1204708,"NAME_2":"Matalam","ID_3":1204708006,"NAME_3":"Central Malamote","NL_NAME_3":null,"VARNAME_3":null,"TYPE_3":"Barangay","ENGTYPE_3":"Village","PROVINCE":"Cotabato (North Cotabato)","REGION":"Region XII (Soccsksargen)","id":"barangay-1204708006","name":"Central Malamote","barangayCode":"1204708006","population":null,"formattedPop":null,"densityCategory":"No data","vulnerabilityRating":"No data","healthRiskLevel":"No data","areaKm2":5.748417,"centerLat":7.068482,"centerLng":124.899593,"geometrySource":"all_barangay-2.csv detailed WKT","geometryMatchMethod":"psgc_coordinate_bridge","boundaryPointCount":22},"geometry":{"type":"MultiPolygon","coordinates":[[[[124.935959,7.07498],[124.936409,7.07409],[124.936539,7.07075],[124.936829,7.06822],[124.937027,7.06461],[124.952766,7.05991],[124.950638,7.05504],[124.932549,7.05681],[124.911247,7.05795],[124.915787,7.06685],[124.915627,7.06934],[124.915756,7.07428],[124.915466,7.07761],[124.915123,7.07909],[124.918121,7.07917],[124.919357,7.07913],[124.925003,7.07788],[124.925652,7.07779],[124.928421,7.07727],[124.930847,7.07675],[124.933006,7.07605],[124.935959,7.07498]]]]}},{"type":"Feature","properties":{"ID_0":177,"ISO":"PHL","NAME_0":"Philippines","ID_1":12047,"NAME_1":"Cotabato (North Cotabato)","ID_2":1204708,"NAME_2":"Matalam","ID_3":1204708007,"NAME_3":"Dalapitan","NL_NAME_3":null,"VARNAME_3":null,"TYPE_3":"Barangay","ENGTYPE_3":"Village","PROVINCE":"Cotabato (North Cotabato)","REGION":"Region XII (Soccsksargen)","id":"barangay-1204708007","name":"Dalapitan","barangayCode":"1204708007","population":null,"formattedPop":null,"densityCategory":"No data","vulnerabilityRating":"No data","healthRiskLevel":"No data","areaKm2":8.288455,"centerLat":7.04715,"centerLng":124.897458,"geometrySource":"all_barangay-2.csv detailed WKT","geometryMatchMethod":"psgc_coordinate_bridge","boundaryPointCount":13},"geometry":{"type":"MultiPolygon","coordinates":[[[[124.950638,7.05504],[124.951973,7.04575],[124.945297,7.04587],[124.941856,7.04584],[124.942169,7.04274],[124.941231,7.03689],[124.931938,7.03687],[124.920937,7.03734],[124.914589,7.03797],[124.908073,7.038],[124.911247,7.05795],[124.932549,7.05681],[124.950638,7.05504]]]]}},{"type":"Feature","properties":{"ID_0":177,"ISO":"PHL","NAME_0":"Philippines","ID_1":12047,"NAME_1":"Cotabato (North Cotabato)","ID_2":1204708,"NAME_2":"Matalam","ID_3":1204708008,"NAME_3":"Estado","NL_NAME_3":null,"VARNAME_3":null,"TYPE_3":"Barangay","ENGTYPE_3":"Village","PROVINCE":"Cotabato (North Cotabato)","REGION":"Region XII (Soccsksargen)","id":"barangay-1204708008","name":"Estado","barangayCode":"1204708008","population":null,"formattedPop":null,"densityCategory":"No data","vulnerabilityRating":"No data","healthRiskLevel":"No data","areaKm2":12.172953,"centerLat":7.107338,"centerLng":124.96089,"geometrySource":"all_barangay-2.csv detailed WKT","geometryMatchMethod":"psgc_coordinate_bridge","boundaryPointCount":17},"geometry":{"type":"MultiPolygon","coordinates":[[[[124.973007,7.10238],[124.978477,7.10145],[124.98262,7.10166],[124.981537,7.09044],[124.981483,7.08571],[124.980423,7.07797],[124.968513,7.07847],[124.964882,7.08038],[124.96331,7.08442],[124.958038,7.08571],[124.959373,7.09188],[124.961197,7.09442],[124.964371,7.09683],[124.966003,7.09752],[124.967407,7.09809],[124.968231,7.10184],[124.973007,7.10238]]]]}},{"type":"Feature","properties":{"ID_0":177,"ISO":"PHL","NAME_0":"Philippines","ID_1":12047,"NAME_1":"Cotabato (North Cotabato)","ID_2":1204708,"NAME_2":"Matalam","ID_3":1204708009,"NAME_3":"Ilian","NL_NAME_3":null,"VARNAME_3":null,"TYPE_3":"Barangay","ENGTYPE_3":"Village","PROVINCE":"Cotabato (North Cotabato)","REGION":"Region XII (Soccsksargen)","id":"barangay-1204708009","name":"Ilian","barangayCode":"1204708009","population":null,"formattedPop":null,"densityCategory":"No data","vulnerabilityRating":"No data","healthRiskLevel":"No data","areaKm2":5.57013,"centerLat":7.127432,"centerLng":124.900606,"geometrySource":"all_barangay-2.csv detailed WKT","geometryMatchMethod":"psgc_coordinate_bridge","boundaryPointCount":19},"geometry":{"type":"MultiPolygon","coordinates":[[[[124.927818,7.11517],[124.930794,7.11565],[124.930527,7.11519],[124.931107,7.11369],[124.932297,7.11142],[124.932266,7.10911],[124.930557,7.1063],[124.929626,7.10536],[124.928146,7.10348],[124.922058,7.09794],[124.92086,7.09679],[124.918243,7.09866],[124.915802,7.10001],[124.909767,7.10112],[124.910042,7.10594],[124.915298,7.11013],[124.92128,7.11266],[124.926071,7.11461],[124.927818,7.11517]]]]}},{"type":"Feature","properties":{"ID_0":177,"ISO":"PHL","NAME_0":"Philippines","ID_1":12047,"NAME_1":"Cotabato (North Cotabato)","ID_2":1204708,"NAME_2":"Matalam","ID_3":1204708010,"NAME_3":"Kabulacan","NL_NAME_3":null,"VARNAME_3":null,"TYPE_3":"Barangay","ENGTYPE_3":"Village","PROVINCE":"Cotabato (North Cotabato)","REGION":"Region XII (Soccsksargen)","id":"barangay-1204708010","name":"Kabulacan","barangayCode":"1204708010","population":null,"formattedPop":null,"densityCategory":"No data","vulnerabilityRating":"No data","healthRiskLevel":"No data","areaKm2":16.542226,"centerLat":7.171704,"centerLng":124.930365,"geometrySource":"all_barangay-2.csv detailed WKT","geometryMatchMethod":"psgc_coordinate_bridge","boundaryPointCount":33},"geometry":{"type":"MultiPolygon","coordinates":[[[[124.940308,7.14752],[124.941513,7.14533],[124.943283,7.14274],[124.943817,7.14153],[124.945007,7.13899],[124.946442,7.13636],[124.947037,7.13398],[124.947144,7.13185],[124.94735,7.12897],[124.948196,7.12655],[124.949074,7.12424],[124.949379,7.12351],[124.951981,7.12125],[124.95533,7.11933],[124.950729,7.11887],[124.948822,7.11875],[124.944618,7.11758],[124.943787,7.11721],[124.941322,7.11647],[124.939163,7.11622],[124.930794,7.11565],[124.927818,7.11517],[124.927231,7.11779],[124.927773,7.11919],[124.927788,7.12054],[124.926689,7.12276],[124.92466,7.12317],[124.924019,7.12685],[124.92672,7.12628],[124.922607,7.14522],[124.93084,7.14599],[124.937172,7.14674],[124.940308,7.14752]]]]}},{"type":"Feature","properties":{"ID_0":177,"ISO":"PHL","NAME_0":"Philippines","ID_1":12047,"NAME_1":"Cotabato (North Cotabato)","ID_2":1204708,"NAME_2":"Matalam","ID_3":1204708012,"NAME_3":"Kibia","NL_NAME_3":null,"VARNAME_3":null,"TYPE_3":"Barangay","ENGTYPE_3":"Village","PROVINCE":"Cotabato (North Cotabato)","REGION":"Region XII (Soccsksargen)","id":"barangay-1204708012","name":"Kibia","barangayCode":"1204708012","population":null,"formattedPop":null,"densityCategory":"No data","vulnerabilityRating":"No data","healthRiskLevel":"No data","areaKm2":19.122159,"centerLat":7.166938,"centerLng":124.967924,"geometrySource":"all_barangay-2.csv detailed WKT","geometryMatchMethod":"psgc_coordinate_bridge","boundaryPointCount":17},"geometry":{"type":"MultiPolygon","coordinates":[[[[124.957901,7.1259],[124.962044,7.12603],[124.965981,7.1264],[124.967827,7.12498],[124.967529,7.12153],[124.966133,7.12024],[124.96386,7.1209],[124.962112,7.12122],[124.961189,7.12035],[124.960953,7.1193],[124.95533,7.11933],[124.951981,7.12125],[124.949379,7.12351],[124.949074,7.12424],[124.948196,7.12655],[124.950897,7.12591],[124.957901,7.1259]]]]}},{"type":"Feature","properties":{"ID_0":177,"ISO":"PHL","NAME_0":"Philippines","ID_1":12047,"NAME_1":"Cotabato (North Cotabato)","ID_2":1204708,"NAME_2":"Matalam","ID_3":1204708013,"NAME_3":"Kibudoc","NL_NAME_3":null,"VARNAME_3":null,"TYPE_3":"Barangay","ENGTYPE_3":"Village","PROVINCE":"Cotabato (North Cotabato)","REGION":"Region XII (Soccsksargen)","id":"barangay-1204708013","name":"Kibudoc","barangayCode":"1204708013","population":null,"formattedPop":null,"densityCategory":"No data","vulnerabilityRating":"No data","healthRiskLevel":"No data","areaKm2":6.83774,"centerLat":7.133424,"centerLng":124.953715,"geometrySource":"all_barangay-2.csv detailed WKT","geometryMatchMethod":"psgc_coordinate_bridge","boundaryPointCount":17},"geometry":{"type":"MultiPolygon","coordinates":[[[[124.95533,7.11933],[124.960953,7.1193],[124.96804,7.1167],[124.96917,7.11586],[124.971573,7.11371],[124.971451,7.10829],[124.973007,7.10238],[124.968231,7.10184],[124.965736,7.10684],[124.96183,7.10681],[124.959152,7.10706],[124.956169,7.10731],[124.954422,7.10767],[124.953644,7.11098],[124.954048,7.11213],[124.95433,7.11501],[124.95533,7.11933]]]]}},{"type":"Feature","properties":{"ID_0":177,"ISO":"PHL","NAME_0":"Philippines","ID_1":12047,"NAME_1":"Cotabato (North Cotabato)","ID_2":1204708,"NAME_2":"Matalam","ID_3":1204708014,"NAME_3":"Kidama","NL_NAME_3":null,"VARNAME_3":null,"TYPE_3":"Barangay","ENGTYPE_3":"Village","PROVINCE":"Cotabato (North Cotabato)","REGION":"Region XII (Soccsksargen)","id":"barangay-1204708014","name":"Kidama","barangayCode":"1204708014","population":null,"formattedPop":null,"densityCategory":"No data","vulnerabilityRating":"No data","healthRiskLevel":"No data","areaKm2":5.401237,"centerLat":7.101815,"centerLng":124.911526,"geometrySource":"all_barangay-2.csv detailed WKT","geometryMatchMethod":"psgc_coordinate_bridge","boundaryPointCount":22},"geometry":{"type":"MultiPolygon","coordinates":[[[[124.967407,7.09809],[124.966003,7.09752],[124.964371,7.09683],[124.961197,7.09442],[124.959373,7.09188],[124.958038,7.08571],[124.947594,7.08809],[124.937698,7.08869],[124.930946,7.08907],[124.921509,7.09081],[124.922058,7.09575],[124.92086,7.09679],[124.922058,7.09794],[124.925873,7.09854],[124.934402,7.09897],[124.938133,7.0985],[124.945923,7.09897],[124.947273,7.09929],[124.950081,7.09955],[124.956848,7.09995],[124.960663,7.10016],[124.967407,7.09809]]]]}},{"type":"Feature","properties":{"ID_0":177,"ISO":"PHL","NAME_0":"Philippines","ID_1":12047,"NAME_1":"Cotabato (North Cotabato)","ID_2":1204708,"NAME_2":"Matalam","ID_3":1204708015,"NAME_3":"Kilada","NL_NAME_3":null,"VARNAME_3":null,"TYPE_3":"Barangay","ENGTYPE_3":"Village","PROVINCE":"Cotabato (North Cotabato)","REGION":"Region XII (Soccsksargen)","id":"barangay-1204708015","name":"Kilada","barangayCode":"1204708015","population":null,"formattedPop":null,"densityCategory":"No data","vulnerabilityRating":"No data","healthRiskLevel":"No data","areaKm2":7.39952,"centerLat":7.099623,"centerLng":124.885301,"geometrySource":"all_barangay-2.csv detailed WKT","geometryMatchMethod":"psgc_coordinate_bridge","boundaryPointCount":27},"geometry":{"type":"MultiPolygon","coordinates":[[[[124.8815,7.1124],[124.887939,7.10576],[124.898552,7.10349],[124.909767,7.10112],[124.915802,7.10001],[124.918243,7.09866],[124.92086,7.09679],[124.922058,7.09575],[124.921509,7.09081],[124.921432,7.08941],[124.920822,7.08747],[124.918678,7.08159],[124.915123,7.07909],[124.911087,7.07963],[124.905617,7.07976],[124.901329,7.07927],[124.897888,7.07917],[124.896149,7.07876],[124.894112,7.07786],[124.891357,7.07607],[124.888046,7.07684],[124.884727,7.07716],[124.88282,7.07738],[124.871559,7.07566],[124.875763,7.08789],[124.877541,7.09547],[124.8815,7.1124]]]]}},{"type":"Feature","properties":{"ID_0":177,"ISO":"PHL","NAME_0":"Philippines","ID_1":12047,"NAME_1":"Cotabato (North Cotabato)","ID_2":1204708,"NAME_2":"Matalam","ID_3":1204708017,"NAME_3":"Lampayan","NL_NAME_3":null,"VARNAME_3":null,"TYPE_3":"Barangay","ENGTYPE_3":"Village","PROVINCE":"Cotabato (North Cotabato)","REGION":"Region XII (Soccsksargen)","id":"barangay-1204708017","name":"Lampayan","barangayCode":"1204708017","population":null,"formattedPop":null,"densityCategory":"No data","vulnerabilityRating":"No data","healthRiskLevel":"No data","areaKm2":18.630279,"centerLat":7.195656,"centerLng":124.953169,"geometrySource":"all_barangay-2.csv detailed WKT","geometryMatchMethod":"psgc_coordinate_bridge","boundaryPointCount":18},"geometry":{"type":"MultiPolygon","coordinates":[[[[124.954887,7.149],[124.95578,7.14281],[124.958122,7.13431],[124.958069,7.12797],[124.957901,7.1259],[124.950897,7.12591],[124.948196,7.12655],[124.94735,7.12897],[124.947144,7.13185],[124.947037,7.13398],[124.946442,7.13636],[124.945007,7.13899],[124.943817,7.14153],[124.943283,7.14274],[124.941513,7.14533],[124.940308,7.14752],[124.953552,7.15164],[124.954887,7.149]]]]}},{"type":"Feature","properties":{"ID_0":177,"ISO":"PHL","NAME_0":"Philippines","ID_1":12047,"NAME_1":"Cotabato (North Cotabato)","ID_2":1204708,"NAME_2":"Matalam","ID_3":1204708018,"NAME_3":"Latagan","NL_NAME_3":null,"VARNAME_3":null,"TYPE_3":"Barangay","ENGTYPE_3":"Village","PROVINCE":"Cotabato (North Cotabato)","REGION":"Region XII (Soccsksargen)","id":"barangay-1204708018","name":"Latagan","barangayCode":"1204708018","population":null,"formattedPop":null,"densityCategory":"No data","vulnerabilityRating":"No data","healthRiskLevel":"No data","areaKm2":15.885283,"centerLat":7.1843,"centerLng":125.001077,"geometrySource":"all_barangay-2.csv detailed WKT","geometryMatchMethod":"psgc_coordinate_bridge","boundaryPointCount":18},"geometry":{"type":"MultiPolygon","coordinates":[[[[124.976967,7.1306],[124.981087,7.13066],[124.98558,7.13165],[124.985367,7.12669],[124.985069,7.11821],[124.980133,7.11393],[124.979607,7.11798],[124.98008,7.1194],[124.974876,7.11966],[124.970871,7.12023],[124.968559,7.12109],[124.967529,7.12153],[124.967827,7.12498],[124.965981,7.1264],[124.9673,7.12677],[124.969749,7.12803],[124.971626,7.12908],[124.976967,7.1306]]]]}},{"type":"Feature","properties":{"ID_0":177,"ISO":"PHL","NAME_0":"Philippines","ID_1":12047,"NAME_1":"Cotabato (North Cotabato)","ID_2":1204708,"NAME_2":"Matalam","ID_3":1204708019,"NAME_3":"Linao","NL_NAME_3":null,"VARNAME_3":null,"TYPE_3":"Barangay","ENGTYPE_3":"Village","PROVINCE":"Cotabato (North Cotabato)","REGION":"Region XII (Soccsksargen)","id":"barangay-1204708019","name":"Linao","barangayCode":"1204708019","population":null,"formattedPop":null,"densityCategory":"No data","vulnerabilityRating":"No data","healthRiskLevel":"No data","areaKm2":14.202476,"centerLat":7.225629,"centerLng":125.01508,"geometrySource":"all_barangay-2.csv detailed WKT","geometryMatchMethod":"psgc_coordinate_bridge","boundaryPointCount":20},"geometry":{"type":"MultiPolygon","coordinates":[[[[124.976791,7.15986],[124.983307,7.16045],[124.98745,7.15981],[124.990479,7.15916],[124.993217,7.15527],[124.991547,7.15143],[124.990158,7.14802],[124.987053,7.14309],[124.98558,7.13165],[124.981087,7.13066],[124.976967,7.1306],[124.973351,7.13538],[124.971817,7.13926],[124.970482,7.14419],[124.970734,7.1476],[124.970154,7.14892],[124.968918,7.15061],[124.971573,7.15415],[124.975067,7.15734],[124.976791,7.15986]]]]}},{"type":"Feature","properties":{"ID_0":177,"ISO":"PHL","NAME_0":"Philippines","ID_1":12047,"NAME_1":"Cotabato (North Cotabato)","ID_2":1204708,"NAME_2":"Matalam","ID_3":1204708020,"NAME_3":"Lower Malamote","NL_NAME_3":null,"VARNAME_3":null,"TYPE_3":"Barangay","ENGTYPE_3":"Village","PROVINCE":"Cotabato (North Cotabato)","REGION":"Region XII (Soccsksargen)","id":"barangay-1204708020","name":"Lower Malamote","barangayCode":"1204708020","population":null,"formattedPop":null,"densityCategory":"No data","vulnerabilityRating":"No data","healthRiskLevel":"No data","areaKm2":2.608075,"centerLat":7.05987,"centerLng":124.859347,"geometrySource":"all_barangay-2.csv detailed WKT","geometryMatchMethod":"psgc_coordinate_bridge","boundaryPointCount":15},"geometry":{"type":"MultiPolygon","coordinates":[[[[124.891357,7.07607],[124.891792,7.07543],[124.891296,7.07344],[124.890388,7.07157],[124.889931,7.06924],[124.889923,7.06796],[124.888153,7.06265],[124.885681,7.06121],[124.872276,7.05758],[124.866699,7.05948],[124.871559,7.07566],[124.88282,7.07738],[124.884727,7.07716],[124.888046,7.07684],[124.891357,7.07607]]]]}},{"type":"Feature","properties":{"ID_0":177,"ISO":"PHL","NAME_0":"Philippines","ID_1":12047,"NAME_1":"Cotabato (North Cotabato)","ID_2":1204708,"NAME_2":"Matalam","ID_3":1204708025,"NAME_3":"Manubuan","NL_NAME_3":null,"VARNAME_3":null,"TYPE_3":"Barangay","ENGTYPE_3":"Village","PROVINCE":"Cotabato (North Cotabato)","REGION":"Region XII (Soccsksargen)","id":"barangay-1204708025","name":"Manubuan","barangayCode":"1204708025","population":null,"formattedPop":null,"densityCategory":"No data","vulnerabilityRating":"No data","healthRiskLevel":"No data","areaKm2":8.856253,"centerLat":7.084827,"centerLng":124.925601,"geometrySource":"all_barangay-2.csv detailed WKT","geometryMatchMethod":"psgc_coordinate_bridge","boundaryPointCount":21},"geometry":{"type":"MultiPolygon","coordinates":[[[[124.958038,7.08571],[124.96331,7.08442],[124.964882,7.08038],[124.963997,7.08104],[124.963654,7.07791],[124.962761,7.0714],[124.962837,7.06738],[124.962509,7.06215],[124.961838,7.05833],[124.952766,7.05991],[124.937027,7.06461],[124.936829,7.06822],[124.936539,7.07075],[124.936409,7.07409],[124.935959,7.07498],[124.94236,7.07853],[124.945236,7.07948],[124.949318,7.08076],[124.952202,7.08285],[124.9534,7.08422],[124.958038,7.08571]]]]}},{"type":"Feature","properties":{"ID_0":177,"ISO":"PHL","NAME_0":"Philippines","ID_1":12047,"NAME_1":"Cotabato (North Cotabato)","ID_2":1204708,"NAME_2":"Matalam","ID_3":1204708026,"NAME_3":"Manupal","NL_NAME_3":null,"VARNAME_3":null,"TYPE_3":"Barangay","ENGTYPE_3":"Village","PROVINCE":"Cotabato (North Cotabato)","REGION":"Region XII (Soccsksargen)","id":"barangay-1204708026","name":"Manupal","barangayCode":"1204708026","population":null,"formattedPop":null,"densityCategory":"No data","vulnerabilityRating":"No data","healthRiskLevel":"No data","areaKm2":3.296746,"centerLat":7.035782,"centerLng":124.919881,"geometrySource":"all_barangay-2.csv detailed WKT","geometryMatchMethod":"psgc_coordinate_bridge","boundaryPointCount":13},"geometry":{"type":"MultiPolygon","coordinates":[[[[124.97567,7.04457],[124.975121,7.03545],[124.967903,7.03684],[124.95739,7.03704],[124.948837,7.03693],[124.941231,7.03689],[124.942169,7.04274],[124.941856,7.04584],[124.945297,7.04587],[124.951973,7.04575],[124.956482,7.04562],[124.965767,7.04439],[124.97567,7.04457]]]]}},{"type":"Feature","properties":{"ID_0":177,"ISO":"PHL","NAME_0":"Philippines","ID_1":12047,"NAME_1":"Cotabato (North Cotabato)","ID_2":1204708,"NAME_2":"Matalam","ID_3":1204708027,"NAME_3":"Marbel","NL_NAME_3":null,"VARNAME_3":null,"TYPE_3":"Barangay","ENGTYPE_3":"Village","PROVINCE":"Cotabato (North Cotabato)","REGION":"Region XII (Soccsksargen)","id":"barangay-1204708027","name":"Marbel","barangayCode":"1204708027","population":null,"formattedPop":null,"densityCategory":"No data","vulnerabilityRating":"No data","healthRiskLevel":"No data","areaKm2":15.263256,"centerLat":7.121633,"centerLng":124.926159,"geometrySource":"all_barangay-2.csv detailed WKT","geometryMatchMethod":"psgc_coordinate_bridge","boundaryPointCount":35},"geometry":{"type":"MultiPolygon","coordinates":[[[[124.930794,7.11565],[124.939163,7.11622],[124.941322,7.11647],[124.943787,7.11721],[124.944618,7.11758],[124.948822,7.11875],[124.950729,7.11887],[124.95533,7.11933],[124.95433,7.11501],[124.954048,7.11213],[124.953644,7.11098],[124.954422,7.10767],[124.956169,7.10731],[124.959152,7.10706],[124.96183,7.10681],[124.965736,7.10684],[124.968231,7.10184],[124.967407,7.09809],[124.960663,7.10016],[124.956848,7.09995],[124.950081,7.09955],[124.947273,7.09929],[124.945923,7.09897],[124.938133,7.0985],[124.934402,7.09897],[124.925873,7.09854],[124.922058,7.09794],[124.928146,7.10348],[124.929626,7.10536],[124.930557,7.1063],[124.932266,7.10911],[124.932297,7.11142],[124.931107,7.11369],[124.930527,7.11519],[124.930794,7.11565]]]]}},{"type":"Feature","properties":{"ID_0":177,"ISO":"PHL","NAME_0":"Philippines","ID_1":12047,"NAME_1":"Cotabato (North Cotabato)","ID_2":1204708,"NAME_2":"Matalam","ID_3":1204708028,"NAME_3":"Minamaing","NL_NAME_3":null,"VARNAME_3":null,"TYPE_3":"Barangay","ENGTYPE_3":"Village","PROVINCE":"Cotabato (North Cotabato)","REGION":"Region XII (Soccsksargen)","id":"barangay-1204708028","name":"Minamaing","barangayCode":"1204708028","population":null,"formattedPop":null,"densityCategory":"No data","vulnerabilityRating":"No data","healthRiskLevel":"No data","areaKm2":10.926637,"centerLat":7.231678,"centerLng":124.977574,"geometrySource":"all_barangay-2.csv detailed WKT","geometryMatchMethod":"psgc_coordinate_bridge","boundaryPointCount":8},"geometry":{"type":"MultiPolygon","coordinates":[[[[124.93782,7.18347],[124.951263,7.16867],[124.953552,7.15164],[124.940308,7.14752],[124.931618,7.16305],[124.927582,7.16701],[124.917793,7.17642],[124.93782,7.18347]]]]}},{"type":"Feature","properties":{"ID_0":177,"ISO":"PHL","NAME_0":"Philippines","ID_1":12047,"NAME_1":"Cotabato (North Cotabato)","ID_2":1204708,"NAME_2":"Matalam","ID_3":1204708029,"NAME_3":"Natutungan","NL_NAME_3":null,"VARNAME_3":null,"TYPE_3":"Barangay","ENGTYPE_3":"Village","PROVINCE":"Cotabato (North Cotabato)","REGION":"Region XII (Soccsksargen)","id":"barangay-1204708029","name":"Natutungan","barangayCode":"1204708029","population":null,"formattedPop":null,"densityCategory":"No data","vulnerabilityRating":"No data","healthRiskLevel":"No data","areaKm2":7.682387,"centerLat":7.148663,"centerLng":124.905927,"geometrySource":"all_barangay-2.csv detailed WKT","geometryMatchMethod":"psgc_coordinate_bridge","boundaryPointCount":28},"geometry":{"type":"MultiPolygon","coordinates":[[[[124.924019,7.12685],[124.92466,7.12317],[124.926689,7.12276],[124.927788,7.12054],[124.927773,7.11919],[124.927231,7.11779],[124.927818,7.11517],[124.926071,7.11461],[124.92128,7.11266],[124.915298,7.11013],[124.910042,7.10594],[124.909767,7.10112],[124.898552,7.10349],[124.887939,7.10576],[124.8815,7.1124],[124.882408,7.11547],[124.884232,7.12209],[124.8881,7.11897],[124.896011,7.11913],[124.902786,7.11937],[124.903259,7.12047],[124.902863,7.12225],[124.90493,7.12255],[124.909073,7.12311],[124.913597,7.1239],[124.917793,7.12514],[124.920998,7.12618],[124.924019,7.12685]]]]}},{"type":"Feature","properties":{"ID_0":177,"ISO":"PHL","NAME_0":"Philippines","ID_1":12047,"NAME_1":"Cotabato (North Cotabato)","ID_2":1204708,"NAME_2":"Matalam","ID_3":1204708030,"NAME_3":"New Bugasong","NL_NAME_3":null,"VARNAME_3":null,"TYPE_3":"Barangay","ENGTYPE_3":"Village","PROVINCE":"Cotabato (North Cotabato)","REGION":"Region XII (Soccsksargen)","id":"barangay-1204708030","name":"New Bugasong","barangayCode":"1204708030","population":null,"formattedPop":null,"densityCategory":"No data","vulnerabilityRating":"No data","healthRiskLevel":"No data","areaKm2":9.79048,"centerLat":7.055675,"centerLng":124.926228,"geometrySource":"all_barangay-2.csv detailed WKT","geometryMatchMethod":"psgc_coordinate_bridge","boundaryPointCount":10},"geometry":{"type":"MultiPolygon","coordinates":[[[[124.961838,7.05833],[124.977608,7.05588],[124.977348,7.04921],[124.97567,7.04457],[124.965767,7.04439],[124.956482,7.04562],[124.951973,7.04575],[124.950638,7.05504],[124.952766,7.05991],[124.961838,7.05833]]]]}},{"type":"Feature","properties":{"ID_0":177,"ISO":"PHL","NAME_0":"Philippines","ID_1":12047,"NAME_1":"Cotabato (North Cotabato)","ID_2":1204708,"NAME_2":"Matalam","ID_3":1204708031,"NAME_3":"New Pandan","NL_NAME_3":null,"VARNAME_3":null,"TYPE_3":"Barangay","ENGTYPE_3":"Village","PROVINCE":"Cotabato (North Cotabato)","REGION":"Region XII (Soccsksargen)","id":"barangay-1204708031","name":"New Pandan","barangayCode":"1204708031","population":null,"formattedPop":null,"densityCategory":"No data","vulnerabilityRating":"No data","healthRiskLevel":"No data","areaKm2":12.198955,"centerLat":7.044135,"centerLng":124.863662,"geometrySource":"all_barangay-2.csv detailed WKT","geometryMatchMethod":"psgc_coordinate_bridge","boundaryPointCount":19},"geometry":{"type":"MultiPolygon","coordinates":[[[[124.911247,7.05795],[124.908073,7.038],[124.901619,7.03794],[124.895172,7.03847],[124.889542,7.03903],[124.883217,7.03917],[124.87587,7.03956],[124.870407,7.03934],[124.868973,7.03932],[124.861382,7.03959],[124.863319,7.04796],[124.866699,7.05948],[124.872276,7.05758],[124.885681,7.06121],[124.888153,7.06265],[124.89534,7.06038],[124.902939,7.06035],[124.90789,7.06037],[124.911247,7.05795]]]]}},{"type":"Feature","properties":{"ID_0":177,"ISO":"PHL","NAME_0":"Philippines","ID_1":12047,"NAME_1":"Cotabato (North Cotabato)","ID_2":1204708,"NAME_2":"Matalam","ID_3":1204708033,"NAME_3":"Patadon West","NL_NAME_3":null,"VARNAME_3":null,"TYPE_3":"Barangay","ENGTYPE_3":"Village","PROVINCE":"Cotabato (North Cotabato)","REGION":"Region XII (Soccsksargen)","id":"barangay-1204708033","name":"Patadon West","barangayCode":"1204708033","population":null,"formattedPop":null,"densityCategory":"No data","vulnerabilityRating":"No data","healthRiskLevel":"No data","areaKm2":5.004896,"centerLat":7.082849,"centerLng":124.943684,"geometrySource":"all_barangay-2.csv detailed WKT","geometryMatchMethod":"psgc_coordinate_bridge","boundaryPointCount":13},"geometry":{"type":"MultiPolygon","coordinates":[[[[124.980423,7.07797],[124.979286,7.06966],[124.978104,7.05839],[124.977608,7.05588],[124.961838,7.05833],[124.962509,7.06215],[124.962837,7.06738],[124.962761,7.0714],[124.963654,7.07791],[124.963997,7.08104],[124.964882,7.08038],[124.968513,7.07847],[124.980423,7.07797]]]]}},{"type":"Feature","properties":{"ID_0":177,"ISO":"PHL","NAME_0":"Philippines","ID_1":12047,"NAME_1":"Cotabato (North Cotabato)","ID_2":1204708,"NAME_2":"Matalam","ID_3":1204708034,"NAME_3":"Poblacion","NL_NAME_3":null,"VARNAME_3":null,"TYPE_3":"Barangay","ENGTYPE_3":"Village","PROVINCE":"Cotabato (North Cotabato)","REGION":"Region XII (Soccsksargen)","id":"barangay-1204708034","name":"Poblacion","barangayCode":"1204708034","population":null,"formattedPop":null,"densityCategory":"No data","vulnerabilityRating":"No data","healthRiskLevel":"No data","areaKm2":4.302384,"centerLat":7.08666,"centerLng":124.90107,"geometrySource":"all_barangay-2.csv detailed WKT","geometryMatchMethod":"psgc_coordinate_bridge","boundaryPointCount":23},"geometry":{"type":"MultiPolygon","coordinates":[[[[124.921509,7.09081],[124.930946,7.08907],[124.937698,7.08869],[124.947594,7.08809],[124.958038,7.08571],[124.9534,7.08422],[124.952202,7.08285],[124.949318,7.08076],[124.945236,7.07948],[124.94236,7.07853],[124.935959,7.07498],[124.933006,7.07605],[124.930847,7.07675],[124.928421,7.07727],[124.925652,7.07779],[124.925003,7.07788],[124.919357,7.07913],[124.918121,7.07917],[124.915123,7.07909],[124.918678,7.08159],[124.920822,7.08747],[124.921432,7.08941],[124.921509,7.09081]]]]}},{"type":"Feature","properties":{"ID_0":177,"ISO":"PHL","NAME_0":"Philippines","ID_1":12047,"NAME_1":"Cotabato (North Cotabato)","ID_2":1204708,"NAME_2":"Matalam","ID_3":1204708035,"NAME_3":"Salvacion","NL_NAME_3":null,"VARNAME_3":null,"TYPE_3":"Barangay","ENGTYPE_3":"Village","PROVINCE":"Cotabato (North Cotabato)","REGION":"Region XII (Soccsksargen)","id":"barangay-1204708035","name":"Salvacion","barangayCode":"1204708035","population":null,"formattedPop":null,"densityCategory":"No data","vulnerabilityRating":"No data","healthRiskLevel":"No data","areaKm2":12.468271,"centerLat":7.136578,"centerLng":124.983344,"geometrySource":"all_barangay-2.csv detailed WKT","geometryMatchMethod":"psgc_coordinate_bridge","boundaryPointCount":22},"geometry":{"type":"MultiPolygon","coordinates":[[[[124.967529,7.12153],[124.968559,7.12109],[124.970871,7.12023],[124.974876,7.11966],[124.98008,7.1194],[124.979607,7.11798],[124.980133,7.11393],[124.985069,7.11821],[124.984787,7.11089],[124.98262,7.10166],[124.978477,7.10145],[124.973007,7.10238],[124.971451,7.10829],[124.971573,7.11371],[124.96917,7.11586],[124.96804,7.1167],[124.960953,7.1193],[124.961189,7.12035],[124.962112,7.12122],[124.96386,7.1209],[124.966133,7.12024],[124.967529,7.12153]]]]}},{"type":"Feature","properties":{"ID_0":177,"ISO":"PHL","NAME_0":"Philippines","ID_1":12047,"NAME_1":"Cotabato (North Cotabato)","ID_2":1204708,"NAME_2":"Matalam","ID_3":1204708036,"NAME_3":"Santa Maria","NL_NAME_3":null,"VARNAME_3":null,"TYPE_3":"Barangay","ENGTYPE_3":"Village","PROVINCE":"Cotabato (North Cotabato)","REGION":"Region XII (Soccsksargen)","id":"barangay-1204708036","name":"Santa Maria","barangayCode":"1204708036","population":null,"formattedPop":null,"densityCategory":"No data","vulnerabilityRating":"No data","healthRiskLevel":"No data","areaKm2":8.733215,"centerLat":7.215074,"centerLng":124.977577,"geometrySource":"all_barangay-2.csv detailed WKT","geometryMatchMethod":"psgc_coordinate_bridge","boundaryPointCount":20},"geometry":{"type":"MultiPolygon","coordinates":[[[[124.968918,7.15061],[124.970154,7.14892],[124.970734,7.1476],[124.970482,7.14419],[124.971817,7.13926],[124.973351,7.13538],[124.976967,7.1306],[124.971626,7.12908],[124.969749,7.12803],[124.9673,7.12677],[124.965981,7.1264],[124.962044,7.12603],[124.957901,7.1259],[124.958069,7.12797],[124.958122,7.13431],[124.95578,7.14281],[124.954887,7.149],[124.959137,7.14968],[124.966003,7.15075],[124.968918,7.15061]]]]}},{"type":"Feature","properties":{"ID_0":177,"ISO":"PHL","NAME_0":"Philippines","ID_1":12047,"NAME_1":"Cotabato (North Cotabato)","ID_2":1204708,"NAME_2":"Matalam","ID_3":1204708037,"NAME_3":"Sarayan","NL_NAME_3":null,"VARNAME_3":null,"TYPE_3":"Barangay","ENGTYPE_3":"Village","PROVINCE":"Cotabato (North Cotabato)","REGION":"Region XII (Soccsksargen)","id":"barangay-1204708037","name":"Sarayan","barangayCode":"1204708037","population":null,"formattedPop":null,"densityCategory":"No data","vulnerabilityRating":"No data","healthRiskLevel":"No data","areaKm2":32.395119,"centerLat":7.320217,"centerLng":124.994057,"geometrySource":"all_barangay-2.csv detailed WKT","geometryMatchMethod":"psgc_coordinate_bridge","boundaryPointCount":45},"geometry":{"type":"MultiPolygon","coordinates":[[[[124.926514,7.33347],[124.928841,7.32579],[124.928963,7.31177],[124.929657,7.29561],[124.929413,7.2781],[124.931328,7.25649],[124.931831,7.24879],[124.929077,7.23932],[124.931213,7.22145],[124.93251,7.21423],[124.980568,7.21602],[125.020477,7.21528],[125.005417,7.17942],[125.003853,7.17523],[124.996407,7.1762],[124.994682,7.17823],[124.992317,7.17939],[124.991943,7.18192],[124.991417,7.18815],[124.990662,7.19556],[124.98893,7.2017],[124.984543,7.2036],[124.977203,7.20588],[124.961647,7.20626],[124.921356,7.21142],[124.918938,7.22654],[124.919853,7.23215],[124.919479,7.24077],[124.913933,7.24813],[124.921257,7.25632],[124.915657,7.26077],[124.914139,7.2784],[124.902351,7.27179],[124.899223,7.2826],[124.891373,7.30765],[124.891724,7.31052],[124.890762,7.31295],[124.88829,7.31662],[124.890312,7.3192],[124.893219,7.32235],[124.900642,7.32772],[124.905663,7.33203],[124.906097,7.33323],[124.909439,7.33777],[124.926514,7.33347]]]]}},{"type":"Feature","properties":{"ID_0":177,"ISO":"PHL","NAME_0":"Philippines","ID_1":12047,"NAME_1":"Cotabato (North Cotabato)","ID_2":1204708,"NAME_2":"Matalam","ID_3":1204708038,"NAME_3":"Taculen","NL_NAME_3":null,"VARNAME_3":null,"TYPE_3":"Barangay","ENGTYPE_3":"Village","PROVINCE":"Cotabato (North Cotabato)","REGION":"Region XII (Soccsksargen)","id":"barangay-1204708038","name":"Taculen","barangayCode":"1204708038","population":null,"formattedPop":null,"densityCategory":"No data","vulnerabilityRating":"No data","healthRiskLevel":"No data","areaKm2":3.974039,"centerLat":7.068294,"centerLng":124.87936,"geometrySource":"all_barangay-2.csv detailed WKT","geometryMatchMethod":"psgc_coordinate_bridge","boundaryPointCount":23},"geometry":{"type":"MultiPolygon","coordinates":[[[[124.915123,7.07909],[124.915466,7.07761],[124.915756,7.07428],[124.915627,7.06934],[124.915787,7.06685],[124.911247,7.05795],[124.90789,7.06037],[124.902939,7.06035],[124.89534,7.06038],[124.888153,7.06265],[124.889923,7.06796],[124.889931,7.06924],[124.890388,7.07157],[124.891296,7.07344],[124.891792,7.07543],[124.891357,7.07607],[124.894112,7.07786],[124.896149,7.07876],[124.897888,7.07917],[124.901329,7.07927],[124.905617,7.07976],[124.911087,7.07963],[124.915123,7.07909]]]]}},{"type":"Feature","properties":{"ID_0":177,"ISO":"PHL","NAME_0":"Philippines","ID_1":12047,"NAME_1":"Cotabato (North Cotabato)","ID_2":1204708,"NAME_2":"Matalam","ID_3":1204708039,"NAME_3":"Taguranao","NL_NAME_3":null,"VARNAME_3":null,"TYPE_3":"Barangay","ENGTYPE_3":"Village","PROVINCE":"Cotabato (North Cotabato)","REGION":"Region XII (Soccsksargen)","id":"barangay-1204708039","name":"Taguranao","barangayCode":"1204708039","population":null,"formattedPop":null,"densityCategory":"No data","vulnerabilityRating":"No data","healthRiskLevel":"No data","areaKm2":43.666135,"centerLat":7.278981,"centerLng":124.937437,"geometrySource":"all_barangay-2.csv detailed WKT","geometryMatchMethod":"psgc_coordinate_bridge","boundaryPointCount":28},"geometry":{"type":"MultiPolygon","coordinates":[[[[124.899986,7.22048],[124.910057,7.20478],[124.912323,7.19833],[124.917793,7.17642],[124.927582,7.16701],[124.931618,7.16305],[124.940308,7.14752],[124.937172,7.14674],[124.93084,7.14599],[124.922607,7.14522],[124.917107,7.14359],[124.90995,7.14188],[124.902634,7.14056],[124.89447,7.14121],[124.892441,7.15808],[124.889648,7.16371],[124.889,7.16626],[124.887558,7.16924],[124.886543,7.17088],[124.882217,7.18062],[124.879044,7.18811],[124.874557,7.19733],[124.87178,7.20363],[124.869164,7.21083],[124.880028,7.21649],[124.887993,7.22034],[124.895309,7.22408],[124.899986,7.22048]]]]}},{"type":"Feature","properties":{"ID_0":177,"ISO":"PHL","NAME_0":"Philippines","ID_1":12047,"NAME_1":"Cotabato (North Cotabato)","ID_2":1204708,"NAME_2":"Matalam","ID_3":1204708040,"NAME_3":"Tamped","NL_NAME_3":null,"VARNAME_3":null,"TYPE_3":"Barangay","ENGTYPE_3":"Village","PROVINCE":"Cotabato (North Cotabato)","REGION":"Region XII (Soccsksargen)","id":"barangay-1204708040","name":"Tamped","barangayCode":"1204708040","population":null,"formattedPop":null,"densityCategory":"No data","vulnerabilityRating":"No data","healthRiskLevel":"No data","areaKm2":23.240898,"centerLat":7.261807,"centerLng":124.921616,"geometrySource":"all_barangay-2.csv detailed WKT","geometryMatchMethod":"psgc_coordinate_bridge","boundaryPointCount":38},"geometry":{"type":"MultiPolygon","coordinates":[[[[124.863808,7.29178],[124.878822,7.2607],[124.883888,7.24705],[124.895309,7.22408],[124.887993,7.22034],[124.880028,7.21649],[124.869164,7.21083],[124.866386,7.21558],[124.863373,7.22875],[124.860733,7.23268],[124.857399,7.23832],[124.84935,7.25277],[124.847992,7.25559],[124.848351,7.25827],[124.848633,7.26302],[124.846138,7.26468],[124.839897,7.26665],[124.836098,7.272],[124.835358,7.27453],[124.834991,7.27717],[124.835083,7.27896],[124.845322,7.27917],[124.848381,7.27982],[124.851578,7.2812],[124.85379,7.28335],[124.854317,7.28521],[124.85392,7.28802],[124.85331,7.28906],[124.851067,7.28991],[124.848312,7.29065],[124.846207,7.29149],[124.846497,7.29323],[124.84832,7.29445],[124.85038,7.29433],[124.856163,7.29213],[124.857307,7.28902],[124.862717,7.28853],[124.863808,7.29178]]]]}},{"type":"Feature","properties":{"ID_0":177,"ISO":"PHL","NAME_0":"Philippines","ID_1":12047,"NAME_1":"Cotabato (North Cotabato)","ID_2":1204708,"NAME_2":"Matalam","ID_3":1204708041,"NAME_3":"New Abra","NL_NAME_3":null,"VARNAME_3":null,"TYPE_3":"Barangay","ENGTYPE_3":"Village","PROVINCE":"Cotabato (North Cotabato)","REGION":"Region XII (Soccsksargen)","id":"barangay-1204708041","name":"New Abra","barangayCode":"1204708041","population":null,"formattedPop":null,"densityCategory":"No data","vulnerabilityRating":"No data","healthRiskLevel":"No data","areaKm2":8.03012,"centerLat":7.18933,"centerLng":124.914385,"geometrySource":"all_barangay-2.csv detailed WKT","geometryMatchMethod":"psgc_coordinate_bridge","boundaryPointCount":23},"geometry":{"type":"MultiPolygon","coordinates":[[[[124.922607,7.14522],[124.92672,7.12628],[124.924019,7.12685],[124.920998,7.12618],[124.917793,7.12514],[124.913597,7.1239],[124.909073,7.12311],[124.90493,7.12255],[124.902863,7.12225],[124.903259,7.12047],[124.902786,7.11937],[124.896011,7.11913],[124.8881,7.11897],[124.884232,7.12209],[124.887123,7.13323],[124.889374,7.1404],[124.892227,7.15386],[124.892441,7.15808],[124.89447,7.14121],[124.902634,7.14056],[124.90995,7.14188],[124.917107,7.14359],[124.922607,7.14522]]]]}},{"type":"Feature","properties":{"ID_0":177,"ISO":"PHL","NAME_0":"Philippines","ID_1":12047,"NAME_1":"Cotabato (North Cotabato)","ID_2":1204708,"NAME_2":"Matalam","ID_3":1204708042,"NAME_3":"Pinamaton","NL_NAME_3":null,"VARNAME_3":null,"TYPE_3":"Barangay","ENGTYPE_3":"Village","PROVINCE":"Cotabato (North Cotabato)","REGION":"Region XII (Soccsksargen)","id":"barangay-1204708042","name":"Pinamaton","barangayCode":"1204708042","population":null,"formattedPop":null,"densityCategory":"No data","vulnerabilityRating":"No data","healthRiskLevel":"No data","areaKm2":12.207695,"centerLat":7.270075,"centerLng":124.977558,"geometrySource":"all_barangay-2.csv detailed WKT","geometryMatchMethod":"psgc_coordinate_bridge","boundaryPointCount":14},"geometry":{"type":"MultiPolygon","coordinates":[[[[124.913933,7.24813],[124.919479,7.24077],[124.919853,7.23215],[124.918938,7.22654],[124.921356,7.21142],[124.93782,7.18347],[124.917793,7.17642],[124.912323,7.19833],[124.910057,7.20478],[124.899986,7.22048],[124.898811,7.22355],[124.89843,7.23005],[124.903542,7.24523],[124.913933,7.24813]]]]}},{"type":"Feature","properties":{"ID_0":177,"ISO":"PHL","NAME_0":"Philippines","ID_1":12047,"NAME_1":"Cotabato (North Cotabato)","ID_2":1204709,"NAME_2":"Midsayap","ID_3":1204709002,"NAME_3":"Agriculture","NL_NAME_3":null,"VARNAME_3":null,"TYPE_3":"Barangay","ENGTYPE_3":"Village","PROVINCE":"Cotabato (North Cotabato)","REGION":"Region XII (Soccsksargen)","id":"barangay-1204709002","name":"Agriculture","barangayCode":"1204709002","population":null,"formattedPop":null,"densityCategory":"No data","vulnerabilityRating":"No data","healthRiskLevel":"No data","areaKm2":5.032299,"centerLat":7.16516,"centerLng":124.499064,"geometrySource":"all_barangay-2.csv detailed WKT","geometryMatchMethod":"psgc_coordinate_bridge","boundaryPointCount":18},"geometry":{"type":"MultiPolygon","coordinates":[[[[124.500877,7.17819],[124.502167,7.17765],[124.509361,7.17427],[124.518677,7.16932],[124.515457,7.16513],[124.514236,7.1632],[124.511978,7.16094],[124.507637,7.15718],[124.497627,7.15684],[124.484238,7.15618],[124.486183,7.16745],[124.486343,7.16876],[124.488083,7.17381],[124.490967,7.1752],[124.492973,7.17626],[124.496246,7.17697],[124.499542,7.17743],[124.500877,7.17819]]]]}},{"type":"Feature","properties":{"ID_0":177,"ISO":"PHL","NAME_0":"Philippines","ID_1":12047,"NAME_1":"Cotabato (North Cotabato)","ID_2":1204709,"NAME_2":"Midsayap","ID_3":1204709003,"NAME_3":"Anonang","NL_NAME_3":null,"VARNAME_3":null,"TYPE_3":"Barangay","ENGTYPE_3":"Village","PROVINCE":"Cotabato (North Cotabato)","REGION":"Region XII (Soccsksargen)","id":"barangay-1204709003","name":"Anonang","barangayCode":"1204709003","population":null,"formattedPop":null,"densityCategory":"No data","vulnerabilityRating":"No data","healthRiskLevel":"No data","areaKm2":6.429033,"centerLat":7.242497,"centerLng":124.56386,"geometrySource":"all_barangay-2.csv detailed WKT","geometryMatchMethod":"psgc_coordinate_bridge","boundaryPointCount":27},"geometry":{"type":"MultiPolygon","coordinates":[[[[124.569527,7.24511],[124.571861,7.22894],[124.565483,7.22779],[124.557472,7.2271],[124.550713,7.22736],[124.549347,7.22751],[124.545708,7.22754],[124.54464,7.22733],[124.53978,7.22613],[124.536247,7.22858],[124.537483,7.23839],[124.539047,7.23893],[124.541496,7.24016],[124.543877,7.24101],[124.544548,7.24186],[124.544601,7.24303],[124.545151,7.24405],[124.54538,7.24703],[124.547523,7.2475],[124.548981,7.24617],[124.549751,7.24582],[124.551407,7.24706],[124.554527,7.2481],[124.555122,7.24577],[124.558571,7.24479],[124.563797,7.24482],[124.569527,7.24511]]]]}},{"type":"Feature","properties":{"ID_0":177,"ISO":"PHL","NAME_0":"Philippines","ID_1":12047,"NAME_1":"Cotabato (North Cotabato)","ID_2":1204709,"NAME_2":"Midsayap","ID_3":1204709004,"NAME_3":"Arizona","NL_NAME_3":null,"VARNAME_3":null,"TYPE_3":"Barangay","ENGTYPE_3":"Village","PROVINCE":"Cotabato (North Cotabato)","REGION":"Region XII (Soccsksargen)","id":"barangay-1204709004","name":"Arizona","barangayCode":"1204709004","population":null,"formattedPop":null,"densityCategory":"No data","vulnerabilityRating":"No data","healthRiskLevel":"No data","areaKm2":9.5011,"centerLat":7.237477,"centerLng":124.617761,"geometrySource":"all_barangay-2.csv detailed WKT","geometryMatchMethod":"psgc_coordinate_bridge","boundaryPointCount":14},"geometry":{"type":"MultiPolygon","coordinates":[[[[124.599602,7.24701],[124.600517,7.23475],[124.60054,7.21847],[124.602783,7.19425],[124.587822,7.19443],[124.583389,7.20199],[124.583183,7.20989],[124.583733,7.21796],[124.584053,7.22108],[124.582703,7.2305],[124.5821,7.23467],[124.583977,7.2398],[124.582336,7.24601],[124.599602,7.24701]]]]}},{"type":"Feature","properties":{"ID_0":177,"ISO":"PHL","NAME_0":"Philippines","ID_1":12047,"NAME_1":"Cotabato (North Cotabato)","ID_2":1204709,"NAME_2":"Midsayap","ID_3":1204709005,"NAME_3":"Bagumba","NL_NAME_3":null,"VARNAME_3":null,"TYPE_3":"Barangay","ENGTYPE_3":"Village","PROVINCE":"Cotabato (North Cotabato)","REGION":"Region XII (Soccsksargen)","id":"barangay-1204709005","name":"Bagumba","barangayCode":"1204709005","population":null,"formattedPop":null,"densityCategory":"No data","vulnerabilityRating":"No data","healthRiskLevel":"No data","areaKm2":2.89409,"centerLat":7.193617,"centerLng":124.494839,"geometrySource":"all_barangay-2.csv detailed WKT","geometryMatchMethod":"psgc_coordinate_bridge","boundaryPointCount":9},"geometry":{"type":"MultiPolygon","coordinates":[[[[124.499847,7.20148],[124.512192,7.20171],[124.512466,7.19788],[124.511841,7.1963],[124.511139,7.19515],[124.51062,7.19382],[124.510063,7.19086],[124.505638,7.19043],[124.499847,7.20148]]]]}},{"type":"Feature","properties":{"ID_0":177,"ISO":"PHL","NAME_0":"Philippines","ID_1":12047,"NAME_1":"Cotabato (North Cotabato)","ID_2":1204709,"NAME_2":"Midsayap","ID_3":1204709006,"NAME_3":"Baliki","NL_NAME_3":null,"VARNAME_3":null,"TYPE_3":"Barangay","ENGTYPE_3":"Village","PROVINCE":"Cotabato (North Cotabato)","REGION":"Region XII (Soccsksargen)","id":"barangay-1204709006","name":"Baliki","barangayCode":"1204709006","population":null,"formattedPop":null,"densityCategory":"No data","vulnerabilityRating":"No data","healthRiskLevel":"No data","areaKm2":18.674668,"centerLat":7.118538,"centerLng":124.551344,"geometrySource":"all_barangay-2.csv detailed WKT","geometryMatchMethod":"psgc_coordinate_bridge","boundaryPointCount":15},"geometry":{"type":"MultiPolygon","coordinates":[[[[124.552528,7.14798],[124.551712,7.14286],[124.551514,7.12811],[124.544067,7.12795],[124.535744,7.12783],[124.529388,7.12765],[124.528816,7.13686],[124.527344,7.13899],[124.521233,7.14415],[124.521858,7.14634],[124.522659,7.14767],[124.531914,7.14805],[124.535606,7.1478],[124.542717,7.14844],[124.552528,7.14798]]]]}},{"type":"Feature","properties":{"ID_0":177,"ISO":"PHL","NAME_0":"Philippines","ID_1":12047,"NAME_1":"Cotabato (North Cotabato)","ID_2":1204709,"NAME_2":"Midsayap","ID_3":1204709007,"NAME_3":"Bitoka","NL_NAME_3":null,"VARNAME_3":null,"TYPE_3":"Barangay","ENGTYPE_3":"Village","PROVINCE":"Cotabato (North Cotabato)","REGION":"Region XII (Soccsksargen)","id":"barangay-1204709007","name":"Bitoka","barangayCode":"1204709007","population":null,"formattedPop":null,"densityCategory":"No data","vulnerabilityRating":"No data","healthRiskLevel":"No data","areaKm2":3.106564,"centerLat":7.191165,"centerLng":124.593462,"geometrySource":"all_barangay-2.csv detailed WKT","geometryMatchMethod":"psgc_coordinate_bridge","boundaryPointCount":6},"geometry":{"type":"MultiPolygon","coordinates":[[[[124.574249,7.1953],[124.572227,7.20471],[124.573868,7.20548],[124.577766,7.20085],[124.582268,7.19465],[124.574249,7.1953]]]]}},{"type":"Feature","properties":{"ID_0":177,"ISO":"PHL","NAME_0":"Philippines","ID_1":12047,"NAME_1":"Cotabato (North Cotabato)","ID_2":1204709,"NAME_2":"Midsayap","ID_3":1204709008,"NAME_3":"Bual Norte","NL_NAME_3":null,"VARNAME_3":null,"TYPE_3":"Barangay","ENGTYPE_3":"Village","PROVINCE":"Cotabato (North Cotabato)","REGION":"Region XII (Soccsksargen)","id":"barangay-1204709008","name":"Bual Norte","barangayCode":"1204709008","population":null,"formattedPop":null,"densityCategory":"No data","vulnerabilityRating":"No data","healthRiskLevel":"No data","areaKm2":4.174362,"centerLat":7.18099,"centerLng":124.499492,"geometrySource":"all_barangay-2.csv detailed WKT","geometryMatchMethod":"psgc_coordinate_bridge","boundaryPointCount":12},"geometry":{"type":"MultiPolygon","coordinates":[[[[124.505638,7.19043],[124.510063,7.19086],[124.515549,7.19027],[124.518829,7.18906],[124.522743,7.18625],[124.523087,7.18401],[124.523331,7.1826],[124.51886,7.18279],[124.510643,7.18238],[124.505989,7.18286],[124.505898,7.18467],[124.505638,7.19043]]]]}},{"type":"Feature","properties":{"ID_0":177,"ISO":"PHL","NAME_0":"Philippines","ID_1":12047,"NAME_1":"Cotabato (North Cotabato)","ID_2":1204709,"NAME_2":"Midsayap","ID_3":1204709009,"NAME_3":"Bual Sur","NL_NAME_3":null,"VARNAME_3":null,"TYPE_3":"Barangay","ENGTYPE_3":"Village","PROVINCE":"Cotabato (North Cotabato)","REGION":"Region XII (Soccsksargen)","id":"barangay-1204709009","name":"Bual Sur","barangayCode":"1204709009","population":null,"formattedPop":null,"densityCategory":"No data","vulnerabilityRating":"No data","healthRiskLevel":"No data","areaKm2":2.51796,"centerLat":7.180639,"centerLng":124.517372,"geometrySource":"all_barangay-2.csv detailed WKT","geometryMatchMethod":"psgc_coordinate_bridge","boundaryPointCount":11},"geometry":{"type":"MultiPolygon","coordinates":[[[[124.523331,7.1826],[124.523193,7.17646],[124.518677,7.16932],[124.509361,7.17427],[124.502167,7.17765],[124.500877,7.17819],[124.502953,7.17928],[124.505989,7.18286],[124.510643,7.18238],[124.51886,7.18279],[124.523331,7.1826]]]]}},{"type":"Feature","properties":{"ID_0":177,"ISO":"PHL","NAME_0":"Philippines","ID_1":12047,"NAME_1":"Cotabato (North Cotabato)","ID_2":1204709,"NAME_2":"Midsayap","ID_3":1204709010,"NAME_3":"Central Bulanan","NL_NAME_3":null,"VARNAME_3":null,"TYPE_3":"Barangay","ENGTYPE_3":"Village","PROVINCE":"Cotabato (North Cotabato)","REGION":"Region XII (Soccsksargen)","id":"barangay-1204709010","name":"Central Bulanan","barangayCode":"1204709010","population":null,"formattedPop":null,"densityCategory":"No data","vulnerabilityRating":"No data","healthRiskLevel":"No data","areaKm2":4.295134,"centerLat":7.151252,"centerLng":124.541957,"geometrySource":"all_barangay-2.csv detailed WKT","geometryMatchMethod":"psgc_coordinate_bridge","boundaryPointCount":21},"geometry":{"type":"MultiPolygon","coordinates":[[[[124.554283,7.18196],[124.553047,7.17322],[124.552528,7.14798],[124.542717,7.14844],[124.535606,7.1478],[124.531914,7.14805],[124.522659,7.14767],[124.524933,7.15016],[124.526192,7.15253],[124.526497,7.15485],[124.526154,7.1577],[124.52758,7.15872],[124.528702,7.16032],[124.528923,7.16144],[124.528709,7.17071],[124.53376,7.17159],[124.53495,7.17181],[124.536758,7.17246],[124.544868,7.17383],[124.544991,7.18216],[124.554283,7.18196]]]]}},{"type":"Feature","properties":{"ID_0":177,"ISO":"PHL","NAME_0":"Philippines","ID_1":12047,"NAME_1":"Cotabato (North Cotabato)","ID_2":1204709,"NAME_2":"Midsayap","ID_3":1204709012,"NAME_3":"Central Glad","NL_NAME_3":null,"VARNAME_3":null,"TYPE_3":"Barangay","ENGTYPE_3":"Village","PROVINCE":"Cotabato (North Cotabato)","REGION":"Region XII (Soccsksargen)","id":"barangay-1204709012","name":"Central Glad","barangayCode":"1204709012","population":null,"formattedPop":null,"densityCategory":"No data","vulnerabilityRating":"No data","healthRiskLevel":"No data","areaKm2":3.068747,"centerLat":7.169647,"centerLng":124.522999,"geometrySource":"all_barangay-2.csv detailed WKT","geometryMatchMethod":"psgc_coordinate_bridge","boundaryPointCount":17},"geometry":{"type":"MultiPolygon","coordinates":[[[[124.528709,7.17071],[124.528923,7.16144],[124.521858,7.16074],[124.519791,7.16081],[124.519279,7.16128],[124.518433,7.16262],[124.51841,7.16103],[124.51725,7.16091],[124.515831,7.16036],[124.515312,7.16097],[124.511978,7.16094],[124.514236,7.1632],[124.515457,7.16513],[124.518677,7.16932],[124.523193,7.17646],[124.528641,7.1759],[124.528709,7.17071]]]]}},{"type":"Feature","properties":{"ID_0":177,"ISO":"PHL","NAME_0":"Philippines","ID_1":12047,"NAME_1":"Cotabato (North Cotabato)","ID_2":1204709,"NAME_2":"Midsayap","ID_3":1204709013,"NAME_3":"Ilbocean","NL_NAME_3":null,"VARNAME_3":null,"TYPE_3":"Barangay","ENGTYPE_3":"Village","PROVINCE":"Cotabato (North Cotabato)","REGION":"Region XII (Soccsksargen)","id":"barangay-1204709013","name":"Ilbocean","barangayCode":"1204709013","population":null,"formattedPop":null,"densityCategory":"No data","vulnerabilityRating":"No data","healthRiskLevel":"No data","areaKm2":3.046734,"centerLat":7.226138,"centerLng":124.548011,"geometrySource":"all_barangay-2.csv detailed WKT","geometryMatchMethod":"psgc_coordinate_bridge","boundaryPointCount":28},"geometry":{"type":"MultiPolygon","coordinates":[[[[124.571861,7.22894],[124.571564,7.22749],[124.571693,7.22318],[124.572197,7.22031],[124.572433,7.2183],[124.568916,7.21731],[124.560699,7.21614],[124.556938,7.21556],[124.551903,7.21556],[124.550133,7.21503],[124.5494,7.21355],[124.548264,7.21181],[124.54538,7.2097],[124.542229,7.2077],[124.540207,7.20577],[124.537376,7.20423],[124.537407,7.20852],[124.537117,7.2125],[124.536812,7.22146],[124.536247,7.22858],[124.53978,7.22613],[124.54464,7.22733],[124.545708,7.22754],[124.549347,7.22751],[124.550713,7.22736],[124.557472,7.2271],[124.565483,7.22779],[124.571861,7.22894]]]]}},{"type":"Feature","properties":{"ID_0":177,"ISO":"PHL","NAME_0":"Philippines","ID_1":12047,"NAME_1":"Cotabato (North Cotabato)","ID_2":1204709,"NAME_2":"Midsayap","ID_3":1204709017,"NAME_3":"Central Katingawan","NL_NAME_3":null,"VARNAME_3":null,"TYPE_3":"Barangay","ENGTYPE_3":"Village","PROVINCE":"Cotabato (North Cotabato)","REGION":"Region XII (Soccsksargen)","id":"barangay-1204709017","name":"Central Katingawan","barangayCode":"1204709017","population":null,"formattedPop":null,"densityCategory":"No data","vulnerabilityRating":"No data","healthRiskLevel":"No data","areaKm2":3.031965,"centerLat":7.208436,"centerLng":124.526684,"geometrySource":"all_barangay-2.csv detailed WKT","geometryMatchMethod":"psgc_coordinate_bridge","boundaryPointCount":14},"geometry":{"type":"MultiPolygon","coordinates":[[[[124.519524,7.21395],[124.520554,7.2141],[124.525063,7.21477],[124.52491,7.21367],[124.527496,7.20864],[124.528526,7.2067],[124.529587,7.20394],[124.529694,7.19796],[124.52356,7.19742],[124.520126,7.19791],[124.519882,7.20058],[124.520012,7.20413],[124.520317,7.20896],[124.519524,7.21395]]]]}},{"type":"Feature","properties":{"ID_0":177,"ISO":"PHL","NAME_0":"Philippines","ID_1":12047,"NAME_1":"Cotabato (North Cotabato)","ID_2":1204709,"NAME_2":"Midsayap","ID_3":1204709018,"NAME_3":"Kimagango","NL_NAME_3":null,"VARNAME_3":null,"TYPE_3":"Barangay","ENGTYPE_3":"Village","PROVINCE":"Cotabato (North Cotabato)","REGION":"Region XII (Soccsksargen)","id":"barangay-1204709018","name":"Kimagango","barangayCode":"1204709018","population":null,"formattedPop":null,"densityCategory":"No data","vulnerabilityRating":"No data","healthRiskLevel":"No data","areaKm2":9.763361,"centerLat":7.222431,"centerLng":124.569415,"geometrySource":"all_barangay-2.csv detailed WKT","geometryMatchMethod":"psgc_coordinate_bridge","boundaryPointCount":12},"geometry":{"type":"MultiPolygon","coordinates":[[[[124.550133,7.21503],[124.551903,7.21556],[124.556938,7.21556],[124.560699,7.21614],[124.568916,7.21731],[124.572433,7.2183],[124.573593,7.20959],[124.562317,7.20656],[124.557007,7.20602],[124.552116,7.20565],[124.550713,7.20802],[124.550133,7.21503]]]]}},{"type":"Feature","properties":{"ID_0":177,"ISO":"PHL","NAME_0":"Philippines","ID_1":12047,"NAME_1":"Cotabato (North Cotabato)","ID_2":1204709,"NAME_2":"Midsayap","ID_3":1204709021,"NAME_3":"Lagumbingan","NL_NAME_3":null,"VARNAME_3":null,"TYPE_3":"Barangay","ENGTYPE_3":"Village","PROVINCE":"Cotabato (North Cotabato)","REGION":"Region XII (Soccsksargen)","id":"barangay-1204709021","name":"Lagumbingan","barangayCode":"1204709021","population":null,"formattedPop":null,"densityCategory":"No data","vulnerabilityRating":"No data","healthRiskLevel":"No data","areaKm2":4.235705,"centerLat":7.205701,"centerLng":124.495582,"geometrySource":"all_barangay-2.csv detailed WKT","geometryMatchMethod":"psgc_coordinate_bridge","boundaryPointCount":5},"geometry":{"type":"MultiPolygon","coordinates":[[[[124.49118,7.20122],[124.499847,7.20148],[124.505638,7.19043],[124.485382,7.19073],[124.49118,7.20122]]]]}},{"type":"Feature","properties":{"ID_0":177,"ISO":"PHL","NAME_0":"Philippines","ID_1":12047,"NAME_1":"Cotabato (North Cotabato)","ID_2":1204709,"NAME_2":"Midsayap","ID_3":1204709022,"NAME_3":"Lomopog","NL_NAME_3":null,"VARNAME_3":null,"TYPE_3":"Barangay","ENGTYPE_3":"Village","PROVINCE":"Cotabato (North Cotabato)","REGION":"Region XII (Soccsksargen)","id":"barangay-1204709022","name":"Lomopog","barangayCode":"1204709022","population":null,"formattedPop":null,"densityCategory":"No data","vulnerabilityRating":"No data","healthRiskLevel":"No data","areaKm2":7.471283,"centerLat":7.093907,"centerLng":124.452233,"geometrySource":"all_barangay-2.csv detailed WKT","geometryMatchMethod":"psgc_coordinate_bridge","boundaryPointCount":30},"geometry":{"type":"MultiPolygon","coordinates":[[[[124.443527,7.11183],[124.454582,7.10276],[124.463142,7.09651],[124.47332,7.08608],[124.469017,7.07855],[124.464897,7.07271],[124.461838,7.07391],[124.460983,7.07299],[124.453468,7.0696],[124.45359,7.07021],[124.454117,7.07248],[124.453812,7.07426],[124.452583,7.07667],[124.450592,7.07909],[124.448837,7.08113],[124.447304,7.0827],[124.445747,7.08339],[124.444023,7.08484],[124.441963,7.08617],[124.441116,7.0868],[124.44001,7.08732],[124.438629,7.08835],[124.437592,7.0891],[124.436836,7.08943],[124.434692,7.0895],[124.433632,7.08861],[124.432701,7.08722],[124.430923,7.08637],[124.428391,7.08672],[124.443527,7.11183]]]]}},{"type":"Feature","properties":{"ID_0":177,"ISO":"PHL","NAME_0":"Philippines","ID_1":12047,"NAME_1":"Cotabato (North Cotabato)","ID_2":1204709,"NAME_2":"Midsayap","ID_3":1204709023,"NAME_3":"Lower Glad","NL_NAME_3":null,"VARNAME_3":null,"TYPE_3":"Barangay","ENGTYPE_3":"Village","PROVINCE":"Cotabato (North Cotabato)","REGION":"Region XII (Soccsksargen)","id":"barangay-1204709023","name":"Lower Glad","barangayCode":"1204709023","population":null,"formattedPop":null,"densityCategory":"No data","vulnerabilityRating":"No data","healthRiskLevel":"No data","areaKm2":3.174481,"centerLat":7.153053,"centerLng":124.519009,"geometrySource":"all_barangay-2.csv detailed WKT","geometryMatchMethod":"psgc_coordinate_bridge","boundaryPointCount":25},"geometry":{"type":"MultiPolygon","coordinates":[[[[124.511978,7.16094],[124.515312,7.16097],[124.515831,7.16036],[124.51725,7.16091],[124.51841,7.16103],[124.518433,7.16262],[124.519279,7.16128],[124.519791,7.16081],[124.521858,7.16074],[124.528923,7.16144],[124.528702,7.16032],[124.52758,7.15872],[124.526154,7.1577],[124.526497,7.15485],[124.526192,7.15253],[124.524933,7.15016],[124.522659,7.14767],[124.521858,7.14634],[124.521233,7.14415],[124.514954,7.14344],[124.508278,7.14306],[124.502563,7.1427],[124.502068,7.15132],[124.507637,7.15718],[124.511978,7.16094]]]]}},{"type":"Feature","properties":{"ID_0":177,"ISO":"PHL","NAME_0":"Philippines","ID_1":12047,"NAME_1":"Cotabato (North Cotabato)","ID_2":1204709,"NAME_2":"Midsayap","ID_3":1204709024,"NAME_3":"Lower Katingawan","NL_NAME_3":null,"VARNAME_3":null,"TYPE_3":"Barangay","ENGTYPE_3":"Village","PROVINCE":"Cotabato (North Cotabato)","REGION":"Region XII (Soccsksargen)","id":"barangay-1204709024","name":"Lower Katingawan","barangayCode":"1204709024","population":null,"formattedPop":null,"densityCategory":"No data","vulnerabilityRating":"No data","healthRiskLevel":"No data","areaKm2":3.21176,"centerLat":7.194044,"centerLng":124.519684,"geometrySource":"all_barangay-2.csv detailed WKT","geometryMatchMethod":"psgc_coordinate_bridge","boundaryPointCount":15},"geometry":{"type":"MultiPolygon","coordinates":[[[[124.512466,7.19788],[124.517303,7.19753],[124.520126,7.19791],[124.52356,7.19742],[124.523697,7.19441],[124.52343,7.19036],[124.52317,7.18891],[124.522743,7.18625],[124.518829,7.18906],[124.515549,7.19027],[124.510063,7.19086],[124.51062,7.19382],[124.511139,7.19515],[124.511841,7.1963],[124.512466,7.19788]]]]}},{"type":"Feature","properties":{"ID_0":177,"ISO":"PHL","NAME_0":"Philippines","ID_1":12047,"NAME_1":"Cotabato (North Cotabato)","ID_2":1204709,"NAME_2":"Midsayap","ID_3":1204709025,"NAME_3":"Macasendeg","NL_NAME_3":null,"VARNAME_3":null,"TYPE_3":"Barangay","ENGTYPE_3":"Village","PROVINCE":"Cotabato (North Cotabato)","REGION":"Region XII (Soccsksargen)","id":"barangay-1204709025","name":"Macasendeg","barangayCode":"1204709025","population":null,"formattedPop":null,"densityCategory":"No data","vulnerabilityRating":"No data","healthRiskLevel":"No data","areaKm2":14.306812,"centerLat":7.06454,"centerLng":124.539841,"geometrySource":"all_barangay-2.csv detailed WKT","geometryMatchMethod":"psgc_coordinate_bridge","boundaryPointCount":25},"geometry":{"type":"MultiPolygon","coordinates":[[[[124.55098,7.06564],[124.550758,7.05751],[124.549156,7.02375],[124.549019,7.02101],[124.546883,7.0202],[124.545868,7.01994],[124.544769,7.01951],[124.542152,7.01912],[124.540588,7.01946],[124.539574,7.02],[124.538116,7.02225],[124.536407,7.02519],[124.534439,7.02681],[124.531929,7.02843],[124.530197,7.02924],[124.528931,7.03043],[124.528847,7.03174],[124.530067,7.03399],[124.533073,7.0367],[124.532898,7.03829],[124.531128,7.03905],[124.529373,7.04638],[124.528641,7.0525],[124.528473,7.05581],[124.55098,7.06564]]]]}},{"type":"Feature","properties":{"ID_0":177,"ISO":"PHL","NAME_0":"Philippines","ID_1":12047,"NAME_1":"Cotabato (North Cotabato)","ID_2":1204709,"NAME_2":"Midsayap","ID_3":1204709026,"NAME_3":"Malamote","NL_NAME_3":null,"VARNAME_3":null,"TYPE_3":"Barangay","ENGTYPE_3":"Village","PROVINCE":"Cotabato (North Cotabato)","REGION":"Region XII (Soccsksargen)","id":"barangay-1204709026","name":"Malamote","barangayCode":"1204709026","population":null,"formattedPop":null,"densityCategory":"No data","vulnerabilityRating":"No data","healthRiskLevel":"No data","areaKm2":7.173514,"centerLat":7.251547,"centerLng":124.595529,"geometrySource":"all_barangay-2.csv detailed WKT","geometryMatchMethod":"psgc_coordinate_bridge","boundaryPointCount":14},"geometry":{"type":"MultiPolygon","coordinates":[[[[124.582336,7.24601],[124.583977,7.2398],[124.5821,7.23467],[124.582703,7.2305],[124.584053,7.22108],[124.583733,7.21796],[124.575256,7.21773],[124.572433,7.2183],[124.572197,7.22031],[124.571693,7.22318],[124.571564,7.22749],[124.571861,7.22894],[124.569527,7.24511],[124.582336,7.24601]]]]}},{"type":"Feature","properties":{"ID_0":177,"ISO":"PHL","NAME_0":"Philippines","ID_1":12047,"NAME_1":"Cotabato (North Cotabato)","ID_2":1204709,"NAME_2":"Midsayap","ID_3":1204709028,"NAME_3":"Milaya","NL_NAME_3":null,"VARNAME_3":null,"TYPE_3":"Barangay","ENGTYPE_3":"Village","PROVINCE":"Cotabato (North Cotabato)","REGION":"Region XII (Soccsksargen)","id":"barangay-1204709028","name":"Milaya","barangayCode":"1204709028","population":null,"formattedPop":null,"densityCategory":"No data","vulnerabilityRating":"No data","healthRiskLevel":"No data","areaKm2":4.370544,"centerLat":7.206595,"centerLng":124.600858,"geometrySource":"all_barangay-2.csv detailed WKT","geometryMatchMethod":"psgc_coordinate_bridge","boundaryPointCount":11},"geometry":{"type":"MultiPolygon","coordinates":[[[[124.573593,7.20959],[124.573868,7.20548],[124.572227,7.20471],[124.574249,7.1953],[124.570473,7.19598],[124.569382,7.19589],[124.565369,7.19596],[124.563347,7.20271],[124.56292,7.20568],[124.562317,7.20656],[124.573593,7.20959]]]]}},{"type":"Feature","properties":{"ID_0":177,"ISO":"PHL","NAME_0":"Philippines","ID_1":12047,"NAME_1":"Cotabato (North Cotabato)","ID_2":1204709,"NAME_2":"Midsayap","ID_3":1204709031,"NAME_3":"Nalin","NL_NAME_3":null,"VARNAME_3":null,"TYPE_3":"Barangay","ENGTYPE_3":"Village","PROVINCE":"Cotabato (North Cotabato)","REGION":"Region XII (Soccsksargen)","id":"barangay-1204709031","name":"Nalin","barangayCode":"1204709031","population":null,"formattedPop":null,"densityCategory":"No data","vulnerabilityRating":"No data","healthRiskLevel":"No data","areaKm2":3.695631,"centerLat":7.228725,"centerLng":124.511154,"geometrySource":"all_barangay-2.csv detailed WKT","geometryMatchMethod":"psgc_coordinate_bridge","boundaryPointCount":19},"geometry":{"type":"MultiPolygon","coordinates":[[[[124.523529,7.22573],[124.523613,7.22447],[124.523697,7.22103],[124.524559,7.21677],[124.525063,7.21477],[124.520554,7.2141],[124.519524,7.21395],[124.512108,7.21347],[124.510498,7.21347],[124.51046,7.2215],[124.511398,7.22197],[124.513351,7.22265],[124.515793,7.22319],[124.518288,7.22408],[124.520187,7.22338],[124.521187,7.22334],[124.521927,7.2248],[124.522797,7.22481],[124.523529,7.22573]]]]}},{"type":"Feature","properties":{"ID_0":177,"ISO":"PHL","NAME_0":"Philippines","ID_1":12047,"NAME_1":"Cotabato (North Cotabato)","ID_2":1204709,"NAME_2":"Midsayap","ID_3":1204709032,"NAME_3":"Nes","NL_NAME_3":null,"VARNAME_3":null,"TYPE_3":"Barangay","ENGTYPE_3":"Village","PROVINCE":"Cotabato (North Cotabato)","REGION":"Region XII (Soccsksargen)","id":"barangay-1204709032","name":"Nes","barangayCode":"1204709032","population":null,"formattedPop":null,"densityCategory":"No data","vulnerabilityRating":"No data","healthRiskLevel":"No data","areaKm2":1.57432,"centerLat":7.144034,"centerLng":124.512447,"geometrySource":"all_barangay-2.csv detailed WKT","geometryMatchMethod":"psgc_coordinate_bridge","boundaryPointCount":13},"geometry":{"type":"MultiPolygon","coordinates":[[[[124.502563,7.1427],[124.503014,7.13781],[124.502609,7.13185],[124.498291,7.13217],[124.493149,7.13185],[124.483856,7.13142],[124.486633,7.13372],[124.491562,7.13838],[124.49231,7.13981],[124.493347,7.14109],[124.499107,7.14844],[124.502068,7.15132],[124.502563,7.1427]]]]}},{"type":"Feature","properties":{"ID_0":177,"ISO":"PHL","NAME_0":"Philippines","ID_1":12047,"NAME_1":"Cotabato (North Cotabato)","ID_2":1204709,"NAME_2":"Midsayap","ID_3":1204709034,"NAME_3":"Patindeguen","NL_NAME_3":null,"VARNAME_3":null,"TYPE_3":"Barangay","ENGTYPE_3":"Village","PROVINCE":"Cotabato (North Cotabato)","REGION":"Region XII (Soccsksargen)","id":"barangay-1204709034","name":"Patindeguen","barangayCode":"1204709034","population":null,"formattedPop":null,"densityCategory":"No data","vulnerabilityRating":"No data","healthRiskLevel":"No data","areaKm2":5.086417,"centerLat":7.219706,"centerLng":124.493477,"geometrySource":"all_barangay-2.csv detailed WKT","geometryMatchMethod":"psgc_coordinate_bridge","boundaryPointCount":12},"geometry":{"type":"MultiPolygon","coordinates":[[[[124.51046,7.2215],[124.510498,7.21347],[124.512108,7.21347],[124.512192,7.20171],[124.499847,7.20148],[124.49118,7.20122],[124.499817,7.2169],[124.502258,7.21803],[124.504143,7.21925],[124.506523,7.2209],[124.508698,7.22083],[124.51046,7.2215]]]]}},{"type":"Feature","properties":{"ID_0":177,"ISO":"PHL","NAME_0":"Philippines","ID_1":12047,"NAME_1":"Cotabato (North Cotabato)","ID_2":1204709,"NAME_2":"Midsayap","ID_3":1204709035,"NAME_3":"Barangay Poblacion 1","NL_NAME_3":null,"VARNAME_3":null,"TYPE_3":"Barangay","ENGTYPE_3":"Village","PROVINCE":"Cotabato (North Cotabato)","REGION":"Region XII (Soccsksargen)","id":"barangay-1204709035","name":"Barangay Poblacion 1","barangayCode":"1204709035","population":null,"formattedPop":null,"densityCategory":"No data","vulnerabilityRating":"No data","healthRiskLevel":"No data","areaKm2":0.397285,"centerLat":7.188761,"centerLng":124.538424,"geometrySource":"barangays.geojson simplified fallback","geometryMatchMethod":"simplified_fallback","boundaryPointCount":4},"geometry":{"type":"Polygon","coordinates":[[[124.53322993800009,7.189383170000042],[124.54321815100002,7.190014526000027],[124.54198138800007,7.185998046000066],[124.53322993800009,7.189383170000042]]]}},{"type":"Feature","properties":{"ID_0":177,"ISO":"PHL","NAME_0":"Philippines","ID_1":12047,"NAME_1":"Cotabato (North Cotabato)","ID_2":1204709,"NAME_2":"Midsayap","ID_3":1204709036,"NAME_3":"Barangay Poblacion 2","NL_NAME_3":null,"VARNAME_3":null,"TYPE_3":"Barangay","ENGTYPE_3":"Village","PROVINCE":"Cotabato (North Cotabato)","REGION":"Region XII (Soccsksargen)","id":"barangay-1204709036","name":"Barangay Poblacion 2","barangayCode":"1204709036","population":null,"formattedPop":null,"densityCategory":"No data","vulnerabilityRating":"No data","healthRiskLevel":"No data","areaKm2":0.726672,"centerLat":7.183663,"centerLng":124.53727,"geometrySource":"barangays.geojson simplified fallback","geometryMatchMethod":"simplified_fallback","boundaryPointCount":5},"geometry":{"type":"Polygon","coordinates":[[[124.53362739800002,7.18917103900003],[124.54198138800007,7.185998046000066],[124.54131317800011,7.179224372000022],[124.5330643310001,7.179789565000021],[124.53362739800002,7.18917103900003]]]}},{"type":"Feature","properties":{"ID_0":177,"ISO":"PHL","NAME_0":"Philippines","ID_1":12047,"NAME_1":"Cotabato (North Cotabato)","ID_2":1204709,"NAME_2":"Midsayap","ID_3":1204709037,"NAME_3":"Barangay Poblacion 3","NL_NAME_3":null,"VARNAME_3":null,"TYPE_3":"Barangay","ENGTYPE_3":"Village","PROVINCE":"Cotabato (North Cotabato)","REGION":"Region XII (Soccsksargen)","id":"barangay-1204709037","name":"Barangay Poblacion 3","barangayCode":"1204709037","population":null,"formattedPop":null,"densityCategory":"No data","vulnerabilityRating":"No data","healthRiskLevel":"No data","areaKm2":0.246555,"centerLat":7.191628,"centerLng":124.531406,"geometrySource":"barangays.geojson simplified fallback","geometryMatchMethod":"simplified_fallback","boundaryPointCount":4},"geometry":{"type":"Polygon","coordinates":[[[124.5283023610001,7.191142659000036],[124.53454378100002,7.191764510000041],[124.53280396500008,7.188599654000029],[124.5283023610001,7.191142659000036]]]}},{"type":"Feature","properties":{"ID_0":177,"ISO":"PHL","NAME_0":"Philippines","ID_1":12047,"NAME_1":"Cotabato (North Cotabato)","ID_2":1204709,"NAME_2":"Midsayap","ID_3":1204709038,"NAME_3":"Barangay Poblacion 4","NL_NAME_3":null,"VARNAME_3":null,"TYPE_3":"Barangay","ENGTYPE_3":"Village","PROVINCE":"Cotabato (North Cotabato)","REGION":"Region XII (Soccsksargen)","id":"barangay-1204709038","name":"Barangay Poblacion 4","barangayCode":"1204709038","population":null,"formattedPop":null,"densityCategory":"No data","vulnerabilityRating":"No data","healthRiskLevel":"No data","areaKm2":0.165987,"centerLat":7.1885,"centerLng":124.530113,"geometrySource":"barangays.geojson simplified fallback","geometryMatchMethod":"simplified_fallback","boundaryPointCount":4},"geometry":{"type":"Polygon","coordinates":[[[124.52804959200012,7.187600892000034],[124.53280396500008,7.188599654000029],[124.53145932900009,7.186226297000076],[124.52804959200012,7.187600892000034]]]}},{"type":"Feature","properties":{"ID_0":177,"ISO":"PHL","NAME_0":"Philippines","ID_1":12047,"NAME_1":"Cotabato (North Cotabato)","ID_2":1204709,"NAME_2":"Midsayap","ID_3":1204709039,"NAME_3":"Barangay Poblacion 5","NL_NAME_3":null,"VARNAME_3":null,"TYPE_3":"Barangay","ENGTYPE_3":"Village","PROVINCE":"Cotabato (North Cotabato)","REGION":"Region XII (Soccsksargen)","id":"barangay-1204709039","name":"Barangay Poblacion 5","barangayCode":"1204709039","population":null,"formattedPop":null,"densityCategory":"No data","vulnerabilityRating":"No data","healthRiskLevel":"No data","areaKm2":0.840615,"centerLat":7.198593,"centerLng":124.534494,"geometrySource":"barangays.geojson simplified fallback","geometryMatchMethod":"simplified_fallback","boundaryPointCount":4},"geometry":{"type":"Polygon","coordinates":[[[124.53094601100008,7.200726300000042],[124.53946975000008,7.20051724700005],[124.53454378100002,7.191764510000041],[124.53094601100008,7.200726300000042]]]}},{"type":"Feature","properties":{"ID_0":177,"ISO":"PHL","NAME_0":"Philippines","ID_1":12047,"NAME_1":"Cotabato (North Cotabato)","ID_2":1204709,"NAME_2":"Midsayap","ID_3":1204709040,"NAME_3":"Barangay Poblacion 6","NL_NAME_3":null,"VARNAME_3":null,"TYPE_3":"Barangay","ENGTYPE_3":"Village","PROVINCE":"Cotabato (North Cotabato)","REGION":"Region XII (Soccsksargen)","id":"barangay-1204709040","name":"Barangay Poblacion 6","barangayCode":"1204709040","population":null,"formattedPop":null,"densityCategory":"No data","vulnerabilityRating":"No data","healthRiskLevel":"No data","areaKm2":0.637527,"centerLat":7.193899,"centerLng":124.539404,"geometrySource":"barangays.geojson simplified fallback","geometryMatchMethod":"simplified_fallback","boundaryPointCount":4},"geometry":{"type":"Polygon","coordinates":[[[124.53454378100002,7.191764510000041],[124.5418254110001,7.197847885000044],[124.54321815100002,7.190014526000027],[124.53454378100002,7.191764510000041]]]}},{"type":"Feature","properties":{"ID_0":177,"ISO":"PHL","NAME_0":"Philippines","ID_1":12047,"NAME_1":"Cotabato (North Cotabato)","ID_2":1204709,"NAME_2":"Midsayap","ID_3":1204709041,"NAME_3":"Barangay Poblacion 7","NL_NAME_3":null,"VARNAME_3":null,"TYPE_3":"Barangay","ENGTYPE_3":"Village","PROVINCE":"Cotabato (North Cotabato)","REGION":"Region XII (Soccsksargen)","id":"barangay-1204709041","name":"Barangay Poblacion 7","barangayCode":"1204709041","population":null,"formattedPop":null,"densityCategory":"No data","vulnerabilityRating":"No data","healthRiskLevel":"No data","areaKm2":0.808693,"centerLat":7.183317,"centerLng":124.530201,"geometrySource":"barangays.geojson simplified fallback","geometryMatchMethod":"simplified_fallback","boundaryPointCount":5},"geometry":{"type":"Polygon","coordinates":[[[124.52804959200012,7.187600892000034],[124.53349053900001,7.185142833000043],[124.53670548100001,7.182806095000046],[124.52512315600006,7.179773250000039],[124.52804959200012,7.187600892000034]]]}},{"type":"Feature","properties":{"ID_0":177,"ISO":"PHL","NAME_0":"Philippines","ID_1":12047,"NAME_1":"Cotabato (North Cotabato)","ID_2":1204709,"NAME_2":"Midsayap","ID_3":1204709042,"NAME_3":"Barangay Poblacion 8","NL_NAME_3":null,"VARNAME_3":null,"TYPE_3":"Barangay","ENGTYPE_3":"Village","PROVINCE":"Cotabato (North Cotabato)","REGION":"Region XII (Soccsksargen)","id":"barangay-1204709042","name":"Barangay Poblacion 8","barangayCode":"1204709042","population":null,"formattedPop":null,"densityCategory":"No data","vulnerabilityRating":"No data","healthRiskLevel":"No data","areaKm2":2.776566,"centerLat":7.208084,"centerLng":124.543427,"geometrySource":"barangays.geojson simplified fallback","geometryMatchMethod":"simplified_fallback","boundaryPointCount":5},"geometry":{"type":"Polygon","coordinates":[[[124.5471274790001,7.217284224000025],[124.54791135500011,7.200012240000035],[124.53799635700011,7.197867903000031],[124.53474215000006,7.212984426000048],[124.5471274790001,7.217284224000025]]]}},{"type":"Feature","properties":{"ID_0":177,"ISO":"PHL","NAME_0":"Philippines","ID_1":12047,"NAME_1":"Cotabato (North Cotabato)","ID_2":1204709,"NAME_2":"Midsayap","ID_3":1204709043,"NAME_3":"Palongoguen","NL_NAME_3":null,"VARNAME_3":null,"TYPE_3":"Barangay","ENGTYPE_3":"Village","PROVINCE":"Cotabato (North Cotabato)","REGION":"Region XII (Soccsksargen)","id":"barangay-1204709043","name":"Palongoguen","barangayCode":"1204709043","population":null,"formattedPop":null,"densityCategory":"No data","vulnerabilityRating":"No data","healthRiskLevel":"No data","areaKm2":4.485288,"centerLat":7.179725,"centerLng":124.479366,"geometrySource":"all_barangay-2.csv detailed WKT","geometryMatchMethod":"psgc_coordinate_bridge","boundaryPointCount":19},"geometry":{"type":"MultiPolygon","coordinates":[[[[124.485382,7.19073],[124.505638,7.19043],[124.505898,7.18467],[124.505989,7.18286],[124.502953,7.17928],[124.500877,7.17819],[124.499542,7.17743],[124.496246,7.17697],[124.492973,7.17626],[124.490967,7.1752],[124.488083,7.17381],[124.487007,7.17396],[124.480301,7.1741],[124.478241,7.17293],[124.476768,7.17186],[124.479736,7.17827],[124.480453,7.17965],[124.482597,7.18493],[124.485382,7.19073]]]]}},{"type":"Feature","properties":{"ID_0":177,"ISO":"PHL","NAME_0":"Philippines","ID_1":12047,"NAME_1":"Cotabato (North Cotabato)","ID_2":1204709,"NAME_2":"Midsayap","ID_3":1204709044,"NAME_3":"Rangaban","NL_NAME_3":null,"VARNAME_3":null,"TYPE_3":"Barangay","ENGTYPE_3":"Village","PROVINCE":"Cotabato (North Cotabato)","REGION":"Region XII (Soccsksargen)","id":"barangay-1204709044","name":"Rangaban","barangayCode":"1204709044","population":null,"formattedPop":null,"densityCategory":"No data","vulnerabilityRating":"No data","healthRiskLevel":"No data","areaKm2":8.940695,"centerLat":7.120789,"centerLng":124.528941,"geometrySource":"all_barangay-2.csv detailed WKT","geometryMatchMethod":"psgc_coordinate_bridge","boundaryPointCount":13},"geometry":{"type":"MultiPolygon","coordinates":[[[[124.528816,7.13686],[124.529388,7.12765],[124.522163,7.12775],[124.520416,7.12793],[124.508522,7.12795],[124.506317,7.12809],[124.505409,7.1324],[124.502609,7.13185],[124.503014,7.13781],[124.507668,7.13753],[124.515457,7.13714],[124.521461,7.13698],[124.528816,7.13686]]]]}},{"type":"Feature","properties":{"ID_0":177,"ISO":"PHL","NAME_0":"Philippines","ID_1":12047,"NAME_1":"Cotabato (North Cotabato)","ID_2":1204709,"NAME_2":"Midsayap","ID_3":1204709045,"NAME_3":"Sadaan","NL_NAME_3":null,"VARNAME_3":null,"TYPE_3":"Barangay","ENGTYPE_3":"Village","PROVINCE":"Cotabato (North Cotabato)","REGION":"Region XII (Soccsksargen)","id":"barangay-1204709045","name":"Sadaan","barangayCode":"1204709045","population":null,"formattedPop":null,"densityCategory":"No data","vulnerabilityRating":"No data","healthRiskLevel":"No data","areaKm2":8.026443,"centerLat":7.183011,"centerLng":124.553346,"geometrySource":"all_barangay-2.csv detailed WKT","geometryMatchMethod":"psgc_coordinate_bridge","boundaryPointCount":11},"geometry":{"type":"MultiPolygon","coordinates":[[[[124.554741,7.19608],[124.554283,7.18738],[124.554283,7.18196],[124.544991,7.18216],[124.540756,7.18737],[124.537666,7.19017],[124.535103,7.19264],[124.540009,7.19635],[124.546768,7.19832],[124.553238,7.20101],[124.554741,7.19608]]]]}},{"type":"Feature","properties":{"ID_0":177,"ISO":"PHL","NAME_0":"Philippines","ID_1":12047,"NAME_1":"Cotabato (North Cotabato)","ID_2":1204709,"NAME_2":"Midsayap","ID_3":1204709046,"NAME_3":"Salunayan","NL_NAME_3":null,"VARNAME_3":null,"TYPE_3":"Barangay","ENGTYPE_3":"Village","PROVINCE":"Cotabato (North Cotabato)","REGION":"Region XII (Soccsksargen)","id":"barangay-1204709046","name":"Salunayan","barangayCode":"1204709046","population":null,"formattedPop":null,"densityCategory":"No data","vulnerabilityRating":"No data","healthRiskLevel":"No data","areaKm2":3.98769,"centerLat":7.15214,"centerLng":124.495934,"geometrySource":"all_barangay-2.csv detailed WKT","geometryMatchMethod":"psgc_coordinate_bridge","boundaryPointCount":15},"geometry":{"type":"MultiPolygon","coordinates":[[[[124.507637,7.15718],[124.502068,7.15132],[124.499107,7.14844],[124.493347,7.14109],[124.49231,7.13981],[124.490829,7.14002],[124.488167,7.13936],[124.485397,7.14009],[124.483253,7.14248],[124.482384,7.14449],[124.481651,7.14825],[124.482582,7.14709],[124.484238,7.15618],[124.497627,7.15684],[124.507637,7.15718]]]]}},{"type":"Feature","properties":{"ID_0":177,"ISO":"PHL","NAME_0":"Philippines","ID_1":12047,"NAME_1":"Cotabato (North Cotabato)","ID_2":1204709,"NAME_2":"Midsayap","ID_3":1204709048,"NAME_3":"San Isidro","NL_NAME_3":null,"VARNAME_3":null,"TYPE_3":"Barangay","ENGTYPE_3":"Village","PROVINCE":"Cotabato (North Cotabato)","REGION":"Region XII (Soccsksargen)","id":"barangay-1204709048","name":"San Isidro","barangayCode":"1204709048","population":null,"formattedPop":null,"densityCategory":"No data","vulnerabilityRating":"No data","healthRiskLevel":"No data","areaKm2":3.312924,"centerLat":7.212043,"centerLng":124.513896,"geometrySource":"all_barangay-2.csv detailed WKT","geometryMatchMethod":"psgc_coordinate_bridge","boundaryPointCount":10},"geometry":{"type":"MultiPolygon","coordinates":[[[[124.512108,7.21347],[124.519524,7.21395],[124.520317,7.20896],[124.520012,7.20413],[124.519882,7.20058],[124.520126,7.19791],[124.517303,7.19753],[124.512466,7.19788],[124.512192,7.20171],[124.512108,7.21347]]]]}},{"type":"Feature","properties":{"ID_0":177,"ISO":"PHL","NAME_0":"Philippines","ID_1":12047,"NAME_1":"Cotabato (North Cotabato)","ID_2":1204709,"NAME_2":"Midsayap","ID_3":1204709049,"NAME_3":"Santa Cruz","NL_NAME_3":null,"VARNAME_3":null,"TYPE_3":"Barangay","ENGTYPE_3":"Village","PROVINCE":"Cotabato (North Cotabato)","REGION":"Region XII (Soccsksargen)","id":"barangay-1204709049","name":"Santa Cruz","barangayCode":"1204709049","population":null,"formattedPop":null,"densityCategory":"No data","vulnerabilityRating":"No data","healthRiskLevel":"No data","areaKm2":4.302154,"centerLat":7.192739,"centerLng":124.575878,"geometrySource":"all_barangay-2.csv detailed WKT","geometryMatchMethod":"psgc_coordinate_bridge","boundaryPointCount":9},"geometry":{"type":"MultiPolygon","coordinates":[[[[124.552116,7.20565],[124.557007,7.20602],[124.562317,7.20656],[124.56292,7.20568],[124.563347,7.20271],[124.565369,7.19596],[124.554741,7.19608],[124.553238,7.20101],[124.552116,7.20565]]]]}},{"type":"Feature","properties":{"ID_0":177,"ISO":"PHL","NAME_0":"Philippines","ID_1":12047,"NAME_1":"Cotabato (North Cotabato)","ID_2":1204709,"NAME_2":"Midsayap","ID_3":1204709052,"NAME_3":"Bulanan Upper","NL_NAME_3":null,"VARNAME_3":null,"TYPE_3":"Barangay","ENGTYPE_3":"Village","PROVINCE":"Cotabato (North Cotabato)","REGION":"Region XII (Soccsksargen)","id":"barangay-1204709052","name":"Bulanan Upper","barangayCode":"1204709052","population":null,"formattedPop":null,"densityCategory":"No data","vulnerabilityRating":"No data","healthRiskLevel":"No data","areaKm2":8.49474,"centerLat":7.225168,"centerLng":124.5958,"geometrySource":"all_barangay-2.csv detailed WKT","geometryMatchMethod":"psgc_coordinate_bridge","boundaryPointCount":11},"geometry":{"type":"MultiPolygon","coordinates":[[[[124.572433,7.2183],[124.575256,7.21773],[124.583733,7.21796],[124.583183,7.20989],[124.583389,7.20199],[124.587822,7.19443],[124.582268,7.19465],[124.577766,7.20085],[124.573868,7.20548],[124.573593,7.20959],[124.572433,7.2183]]]]}},{"type":"Feature","properties":{"ID_0":177,"ISO":"PHL","NAME_0":"Philippines","ID_1":12047,"NAME_1":"Cotabato (North Cotabato)","ID_2":1204709,"NAME_2":"Midsayap","ID_3":1204709053,"NAME_3":"Upper Glad I","NL_NAME_3":null,"VARNAME_3":null,"TYPE_3":"Barangay","ENGTYPE_3":"Village","PROVINCE":"Cotabato (North Cotabato)","REGION":"Region XII (Soccsksargen)","id":"barangay-1204709053","name":"Upper Glad I","barangayCode":"1204709053","population":null,"formattedPop":null,"densityCategory":"No data","vulnerabilityRating":"No data","healthRiskLevel":"No data","areaKm2":2.090188,"centerLat":7.17339,"centerLng":124.539112,"geometrySource":"all_barangay-2.csv detailed WKT","geometryMatchMethod":"psgc_coordinate_bridge","boundaryPointCount":11},"geometry":{"type":"MultiPolygon","coordinates":[[[[124.534714,7.1822],[124.535751,7.17765],[124.536758,7.17246],[124.53495,7.17181],[124.53376,7.17159],[124.528709,7.17071],[124.528641,7.1759],[124.523193,7.17646],[124.523331,7.1826],[124.529411,7.18262],[124.534714,7.1822]]]]}},{"type":"Feature","properties":{"ID_0":177,"ISO":"PHL","NAME_0":"Philippines","ID_1":12047,"NAME_1":"Cotabato (North Cotabato)","ID_2":1204709,"NAME_2":"Midsayap","ID_3":1204709054,"NAME_3":"Upper Glad II","NL_NAME_3":null,"VARNAME_3":null,"TYPE_3":"Barangay","ENGTYPE_3":"Village","PROVINCE":"Cotabato (North Cotabato)","REGION":"Region XII (Soccsksargen)","id":"barangay-1204709054","name":"Upper Glad II","barangayCode":"1204709054","population":null,"formattedPop":null,"densityCategory":"No data","vulnerabilityRating":"No data","healthRiskLevel":"No data","areaKm2":1.179429,"centerLat":7.163666,"centerLng":124.539912,"geometrySource":"all_barangay-2.csv detailed WKT","geometryMatchMethod":"psgc_coordinate_bridge","boundaryPointCount":8},"geometry":{"type":"MultiPolygon","coordinates":[[[[124.544991,7.18216],[124.544868,7.17383],[124.536758,7.17246],[124.535751,7.17765],[124.534714,7.1822],[124.539284,7.18239],[124.541443,7.18226],[124.544991,7.18216]]]]}},{"type":"Feature","properties":{"ID_0":177,"ISO":"PHL","NAME_0":"Philippines","ID_1":12047,"NAME_1":"Cotabato (North Cotabato)","ID_2":1204709,"NAME_2":"Midsayap","ID_3":1204709055,"NAME_3":"Upper Labas","NL_NAME_3":null,"VARNAME_3":null,"TYPE_3":"Barangay","ENGTYPE_3":"Village","PROVINCE":"Cotabato (North Cotabato)","REGION":"Region XII (Soccsksargen)","id":"barangay-1204709055","name":"Upper Labas","barangayCode":"1204709055","population":null,"formattedPop":null,"densityCategory":"No data","vulnerabilityRating":"No data","healthRiskLevel":"No data","areaKm2":21.981945,"centerLat":7.22746,"centerLng":124.481199,"geometrySource":"all_barangay-2.csv detailed WKT","geometryMatchMethod":"psgc_coordinate_bridge","boundaryPointCount":20},"geometry":{"type":"MultiPolygon","coordinates":[[[[124.523529,7.22573],[124.522797,7.22481],[124.521927,7.2248],[124.521187,7.22334],[124.520187,7.22338],[124.518288,7.22408],[124.515793,7.22319],[124.513351,7.22265],[124.511398,7.22197],[124.51046,7.2215],[124.508698,7.22083],[124.506523,7.2209],[124.504143,7.21925],[124.502258,7.21803],[124.499817,7.2169],[124.503036,7.22132],[124.50412,7.22393],[124.518356,7.2317],[124.521027,7.23313],[124.523529,7.22573]]]]}},{"type":"Feature","properties":{"ID_0":177,"ISO":"PHL","NAME_0":"Philippines","ID_1":12047,"NAME_1":"Cotabato (North Cotabato)","ID_2":1204709,"NAME_2":"Midsayap","ID_3":1204709056,"NAME_3":"Villarica","NL_NAME_3":null,"VARNAME_3":null,"TYPE_3":"Barangay","ENGTYPE_3":"Village","PROVINCE":"Cotabato (North Cotabato)","REGION":"Region XII (Soccsksargen)","id":"barangay-1204709056","name":"Villarica","barangayCode":"1204709056","population":null,"formattedPop":null,"densityCategory":"No data","vulnerabilityRating":"No data","healthRiskLevel":"No data","areaKm2":3.276333,"centerLat":7.224157,"centerLng":124.532461,"geometrySource":"all_barangay-2.csv detailed WKT","geometryMatchMethod":"psgc_coordinate_bridge","boundaryPointCount":27},"geometry":{"type":"MultiPolygon","coordinates":[[[[124.537483,7.23839],[124.536247,7.22858],[124.536812,7.22146],[124.537117,7.2125],[124.537407,7.20852],[124.537376,7.20423],[124.529587,7.20394],[124.528526,7.2067],[124.527496,7.20864],[124.52491,7.21367],[124.525063,7.21477],[124.524559,7.21677],[124.523697,7.22103],[124.523613,7.22447],[124.523529,7.22573],[124.521027,7.23313],[124.522308,7.23489],[124.523773,7.23718],[124.525589,7.23825],[124.528198,7.2376],[124.529663,7.23991],[124.532097,7.24091],[124.536743,7.24143],[124.538567,7.24057],[124.535889,7.23975],[124.535713,7.23897],[124.537483,7.23839]]]]}},{"type":"Feature","properties":{"ID_0":177,"ISO":"PHL","NAME_0":"Philippines","ID_1":12047,"NAME_1":"Cotabato (North Cotabato)","ID_2":1204709,"NAME_2":"Midsayap","ID_3":1204709057,"NAME_3":"Kiwanan","NL_NAME_3":null,"VARNAME_3":null,"TYPE_3":"Barangay","ENGTYPE_3":"Village","PROVINCE":"Cotabato (North Cotabato)","REGION":"Region XII (Soccsksargen)","id":"barangay-1204709057","name":"Kiwanan","barangayCode":"1204709057","population":null,"formattedPop":null,"densityCategory":"No data","vulnerabilityRating":"No data","healthRiskLevel":"No data","areaKm2":4.415328,"centerLat":7.202967,"centerLng":124.565346,"geometrySource":"all_barangay-2.csv detailed WKT","geometryMatchMethod":"psgc_coordinate_bridge","boundaryPointCount":17},"geometry":{"type":"MultiPolygon","coordinates":[[[[124.552116,7.20565],[124.553238,7.20101],[124.546768,7.19832],[124.540009,7.19635],[124.535103,7.19264],[124.531937,7.19567],[124.529694,7.19796],[124.529587,7.20394],[124.537376,7.20423],[124.540207,7.20577],[124.542229,7.2077],[124.54538,7.2097],[124.548264,7.21181],[124.5494,7.21355],[124.550133,7.21503],[124.550713,7.20802],[124.552116,7.20565]]]]}},{"type":"Feature","properties":{"ID_0":177,"ISO":"PHL","NAME_0":"Philippines","ID_1":12047,"NAME_1":"Cotabato (North Cotabato)","ID_2":1204709,"NAME_2":"Midsayap","ID_3":1204709058,"NAME_3":"San Pedro","NL_NAME_3":null,"VARNAME_3":null,"TYPE_3":"Barangay","ENGTYPE_3":"Village","PROVINCE":"Cotabato (North Cotabato)","REGION":"Region XII (Soccsksargen)","id":"barangay-1204709058","name":"San Pedro","barangayCode":"1204709058","population":null,"formattedPop":null,"densityCategory":"No data","vulnerabilityRating":"No data","healthRiskLevel":"No data","areaKm2":2.20875,"centerLat":7.153054,"centerLng":124.529114,"geometrySource":"all_barangay-2.csv detailed WKT","geometryMatchMethod":"psgc_coordinate_bridge","boundaryPointCount":11},"geometry":{"type":"MultiPolygon","coordinates":[[[[124.502563,7.1427],[124.508278,7.14306],[124.514954,7.14344],[124.521233,7.14415],[124.527344,7.13899],[124.528816,7.13686],[124.521461,7.13698],[124.515457,7.13714],[124.507668,7.13753],[124.503014,7.13781],[124.502563,7.1427]]]]}},{"type":"Feature","properties":{"ID_0":177,"ISO":"PHL","NAME_0":"Philippines","ID_1":12047,"NAME_1":"Cotabato (North Cotabato)","ID_2":1204710,"NAME_2":"M'lang","ID_3":1204710001,"NAME_3":"Bagontapay","NL_NAME_3":null,"VARNAME_3":null,"TYPE_3":"Barangay","ENGTYPE_3":"Village","PROVINCE":"Cotabato (North Cotabato)","REGION":"Region XII (Soccsksargen)","id":"barangay-1204710001","name":"Bagontapay","barangayCode":"1204710001","population":null,"formattedPop":null,"densityCategory":"No data","vulnerabilityRating":"No data","healthRiskLevel":"No data","areaKm2":13.247137,"centerLat":6.87205,"centerLng":124.896076,"geometrySource":"all_barangay-2.csv detailed WKT","geometryMatchMethod":"psgc_coordinate_bridge","boundaryPointCount":10},"geometry":{"type":"MultiPolygon","coordinates":[[[[124.900978,6.88235],[124.900337,6.87827],[124.90004,6.87766],[124.897583,6.87102],[124.89962,6.86581],[124.884148,6.86665],[124.886223,6.87711],[124.886917,6.88338],[124.893753,6.88303],[124.900978,6.88235]]]]}},{"type":"Feature","properties":{"ID_0":177,"ISO":"PHL","NAME_0":"Philippines","ID_1":12047,"NAME_1":"Cotabato (North Cotabato)","ID_2":1204710,"NAME_2":"M'lang","ID_3":1204710002,"NAME_3":"Bialong","NL_NAME_3":null,"VARNAME_3":null,"TYPE_3":"Barangay","ENGTYPE_3":"Village","PROVINCE":"Cotabato (North Cotabato)","REGION":"Region XII (Soccsksargen)","id":"barangay-1204710002","name":"Bialong","barangayCode":"1204710002","population":null,"formattedPop":null,"densityCategory":"No data","vulnerabilityRating":"No data","healthRiskLevel":"No data","areaKm2":8.172443,"centerLat":6.954115,"centerLng":124.901402,"geometrySource":"all_barangay-2.csv detailed WKT","geometryMatchMethod":"psgc_coordinate_bridge","boundaryPointCount":29},"geometry":{"type":"MultiPolygon","coordinates":[[[[124.883202,6.9794],[124.894371,6.97755],[124.898903,6.97843],[124.909439,6.9747],[124.914658,6.97473],[124.915283,6.97445],[124.915298,6.96802],[124.916924,6.9608],[124.918259,6.96058],[124.913338,6.95415],[124.90229,6.93767],[124.900124,6.93961],[124.896828,6.94097],[124.895554,6.94225],[124.892921,6.94286],[124.89119,6.94341],[124.890503,6.94391],[124.889,6.9439],[124.887947,6.94331],[124.886971,6.94511],[124.887222,6.94688],[124.885803,6.9481],[124.885391,6.94828],[124.88192,6.94846],[124.879837,6.94926],[124.880386,6.95014],[124.878387,6.95107],[124.878723,6.95336],[124.883202,6.9794]]]]}},{"type":"Feature","properties":{"ID_0":177,"ISO":"PHL","NAME_0":"Philippines","ID_1":12047,"NAME_1":"Cotabato (North Cotabato)","ID_2":1204710,"NAME_2":"M'lang","ID_3":1204710003,"NAME_3":"Buayan","NL_NAME_3":null,"VARNAME_3":null,"TYPE_3":"Barangay","ENGTYPE_3":"Village","PROVINCE":"Cotabato (North Cotabato)","REGION":"Region XII (Soccsksargen)","id":"barangay-1204710003","name":"Buayan","barangayCode":"1204710003","population":null,"formattedPop":null,"densityCategory":"No data","vulnerabilityRating":"No data","healthRiskLevel":"No data","areaKm2":11.336871,"centerLat":6.899353,"centerLng":124.894005,"geometrySource":"all_barangay-2.csv detailed WKT","geometryMatchMethod":"psgc_coordinate_bridge","boundaryPointCount":15},"geometry":{"type":"MultiPolygon","coordinates":[[[[124.879601,6.91214],[124.886612,6.91646],[124.890442,6.91585],[124.909233,6.91012],[124.909737,6.90618],[124.907143,6.89922],[124.905159,6.89194],[124.900978,6.88235],[124.893753,6.88303],[124.886917,6.88338],[124.872093,6.89132],[124.872063,6.89134],[124.872017,6.89136],[124.87204,6.89145],[124.879601,6.91214]]]]}},{"type":"Feature","properties":{"ID_0":177,"ISO":"PHL","NAME_0":"Philippines","ID_1":12047,"NAME_1":"Cotabato (North Cotabato)","ID_2":1204710,"NAME_2":"M'lang","ID_3":1204710004,"NAME_3":"Calunasan","NL_NAME_3":null,"VARNAME_3":null,"TYPE_3":"Barangay","ENGTYPE_3":"Village","PROVINCE":"Cotabato (North Cotabato)","REGION":"Region XII (Soccsksargen)","id":"barangay-1204710004","name":"Calunasan","barangayCode":"1204710004","population":null,"formattedPop":null,"densityCategory":"No data","vulnerabilityRating":"No data","healthRiskLevel":"No data","areaKm2":9.047074,"centerLat":6.964065,"centerLng":124.96108,"geometrySource":"all_barangay-2.csv detailed WKT","geometryMatchMethod":"psgc_coordinate_bridge","boundaryPointCount":20},"geometry":{"type":"MultiPolygon","coordinates":[[[[124.994637,6.98657],[124.995789,6.97532],[124.973534,6.9679],[124.967216,6.96176],[124.965782,6.96066],[124.965187,6.95796],[124.964302,6.95514],[124.963623,6.95372],[124.962807,6.95287],[124.962067,6.95136],[124.962448,6.94933],[124.962334,6.94811],[124.961403,6.9471],[124.96003,6.94719],[124.958221,6.94863],[124.958878,6.95719],[124.957077,6.97128],[124.955788,6.98317],[124.970284,6.98551],[124.994637,6.98657]]]]}},{"type":"Feature","properties":{"ID_0":177,"ISO":"PHL","NAME_0":"Philippines","ID_1":12047,"NAME_1":"Cotabato (North Cotabato)","ID_2":1204710,"NAME_2":"M'lang","ID_3":1204710005,"NAME_3":"Dalipe","NL_NAME_3":null,"VARNAME_3":null,"TYPE_3":"Barangay","ENGTYPE_3":"Village","PROVINCE":"Cotabato (North Cotabato)","REGION":"Region XII (Soccsksargen)","id":"barangay-1204710005","name":"Dalipe","barangayCode":"1204710005","population":null,"formattedPop":null,"densityCategory":"No data","vulnerabilityRating":"No data","healthRiskLevel":"No data","areaKm2":7.487037,"centerLat":7.006253,"centerLng":124.895134,"geometrySource":"all_barangay-2.csv detailed WKT","geometryMatchMethod":"psgc_coordinate_bridge","boundaryPointCount":10},"geometry":{"type":"MultiPolygon","coordinates":[[[[124.905777,7.00227],[124.904266,6.99653],[124.891319,6.99626],[124.88736,6.99645],[124.883347,6.99595],[124.883347,6.99938],[124.879379,7.00037],[124.878883,7.0085],[124.90625,7.00933],[124.905777,7.00227]]]]}},{"type":"Feature","properties":{"ID_0":177,"ISO":"PHL","NAME_0":"Philippines","ID_1":12047,"NAME_1":"Cotabato (North Cotabato)","ID_2":1204710,"NAME_2":"M'lang","ID_3":1204710006,"NAME_3":"Dagong","NL_NAME_3":null,"VARNAME_3":null,"TYPE_3":"Barangay","ENGTYPE_3":"Village","PROVINCE":"Cotabato (North Cotabato)","REGION":"Region XII (Soccsksargen)","id":"barangay-1204710006","name":"Dagong","barangayCode":"1204710006","population":null,"formattedPop":null,"densityCategory":"No data","vulnerabilityRating":"No data","healthRiskLevel":"No data","areaKm2":21.907568,"centerLat":6.921675,"centerLng":124.848809,"geometrySource":"all_barangay-2.csv detailed WKT","geometryMatchMethod":"psgc_coordinate_bridge","boundaryPointCount":15},"geometry":{"type":"MultiPolygon","coordinates":[[[[124.808792,6.93685],[124.811546,6.9368],[124.865372,6.93586],[124.873764,6.935748],[124.87587,6.93572],[124.884247,6.93561],[124.88414,6.93481],[124.878387,6.92092],[124.876831,6.91669],[124.875122,6.91414],[124.871094,6.915],[124.858727,6.91838],[124.812714,6.92534],[124.810364,6.92569],[124.808792,6.93685]]]]}},{"type":"Feature","properties":{"ID_0":177,"ISO":"PHL","NAME_0":"Philippines","ID_1":12047,"NAME_1":"Cotabato (North Cotabato)","ID_2":1204710,"NAME_2":"M'lang","ID_3":1204710007,"NAME_3":"Dungo-an","NL_NAME_3":null,"VARNAME_3":null,"TYPE_3":"Barangay","ENGTYPE_3":"Village","PROVINCE":"Cotabato (North Cotabato)","REGION":"Region XII (Soccsksargen)","id":"barangay-1204710007","name":"Dungo-an","barangayCode":"1204710007","population":null,"formattedPop":null,"densityCategory":"No data","vulnerabilityRating":"No data","healthRiskLevel":"No data","areaKm2":21.896671,"centerLat":6.944665,"centerLng":124.837312,"geometrySource":"all_barangay-2.csv detailed WKT","geometryMatchMethod":"psgc_coordinate_bridge","boundaryPointCount":19},"geometry":{"type":"MultiPolygon","coordinates":[[[[124.807251,6.97733],[124.807487,6.97737],[124.837967,6.9825],[124.846703,6.98228],[124.855461,6.98207],[124.86026,6.98166],[124.865936,6.98119],[124.868637,6.98065],[124.870354,6.98031],[124.869797,6.97778],[124.86937,6.96455],[124.868942,6.95133],[124.867172,6.94366],[124.865372,6.93586],[124.811546,6.9368],[124.808792,6.93685],[124.808296,6.94681],[124.807808,6.95682],[124.807251,6.97733]]]]}},{"type":"Feature","properties":{"ID_0":177,"ISO":"PHL","NAME_0":"Philippines","ID_1":12047,"NAME_1":"Cotabato (North Cotabato)","ID_2":1204710,"NAME_2":"M'lang","ID_3":1204710008,"NAME_3":"Gaunan","NL_NAME_3":null,"VARNAME_3":null,"TYPE_3":"Barangay","ENGTYPE_3":"Village","PROVINCE":"Cotabato (North Cotabato)","REGION":"Region XII (Soccsksargen)","id":"barangay-1204710008","name":"Gaunan","barangayCode":"1204710008","population":null,"formattedPop":null,"densityCategory":"No data","vulnerabilityRating":"No data","healthRiskLevel":"No data","areaKm2":24.480075,"centerLat":6.88925,"centerLng":124.828788,"geometrySource":"all_barangay-2.csv detailed WKT","geometryMatchMethod":"psgc_coordinate_bridge","boundaryPointCount":11},"geometry":{"type":"MultiPolygon","coordinates":[[[[124.875122,6.91414],[124.879601,6.91214],[124.87204,6.89145],[124.813072,6.91145],[124.811623,6.91195],[124.810928,6.91942],[124.810364,6.92569],[124.812714,6.92534],[124.858727,6.91838],[124.871094,6.915],[124.875122,6.91414]]]]}},{"type":"Feature","properties":{"ID_0":177,"ISO":"PHL","NAME_0":"Philippines","ID_1":12047,"NAME_1":"Cotabato (North Cotabato)","ID_2":1204710,"NAME_2":"M'lang","ID_3":1204710009,"NAME_3":"Inas","NL_NAME_3":null,"VARNAME_3":null,"TYPE_3":"Barangay","ENGTYPE_3":"Village","PROVINCE":"Cotabato (North Cotabato)","REGION":"Region XII (Soccsksargen)","id":"barangay-1204710009","name":"Inas","barangayCode":"1204710009","population":null,"formattedPop":null,"densityCategory":"No data","vulnerabilityRating":"No data","healthRiskLevel":"No data","areaKm2":7.52124,"centerLat":6.96307,"centerLng":124.875116,"geometrySource":"all_barangay-2.csv detailed WKT","geometryMatchMethod":"psgc_coordinate_bridge","boundaryPointCount":13},"geometry":{"type":"MultiPolygon","coordinates":[[[[124.870354,6.98031],[124.883202,6.9794],[124.878723,6.95336],[124.878387,6.95107],[124.877647,6.95258],[124.875023,6.95189],[124.874168,6.95151],[124.870811,6.95165],[124.870399,6.95179],[124.868942,6.95133],[124.86937,6.96455],[124.869797,6.97778],[124.870354,6.98031]]]]}},{"type":"Feature","properties":{"ID_0":177,"ISO":"PHL","NAME_0":"Philippines","ID_1":12047,"NAME_1":"Cotabato (North Cotabato)","ID_2":1204710,"NAME_2":"M'lang","ID_3":1204710010,"NAME_3":"Katipunan","NL_NAME_3":null,"VARNAME_3":null,"TYPE_3":"Barangay","ENGTYPE_3":"Village","PROVINCE":"Cotabato (North Cotabato)","REGION":"Region XII (Soccsksargen)","id":"barangay-1204710010","name":"Katipunan","barangayCode":"1204710010","population":null,"formattedPop":null,"densityCategory":"No data","vulnerabilityRating":"No data","healthRiskLevel":"No data","areaKm2":14.953577,"centerLat":7.01408,"centerLng":124.930879,"geometrySource":"all_barangay-2.csv detailed WKT","geometryMatchMethod":"psgc_coordinate_bridge","boundaryPointCount":20},"geometry":{"type":"MultiPolygon","coordinates":[[[[124.941231,7.03689],[124.948837,7.03693],[124.95739,7.03704],[124.967903,7.03684],[124.975121,7.03545],[124.97718,7.03067],[124.978729,7.02606],[124.980026,7.0225],[124.981216,7.01835],[124.982491,7.01582],[124.98597,7.00769],[124.926514,7.00367],[124.911537,7.00281],[124.905777,7.00227],[124.90625,7.00933],[124.908073,7.038],[124.914589,7.03797],[124.920937,7.03734],[124.931938,7.03687],[124.941231,7.03689]]]]}},{"type":"Feature","properties":{"ID_0":177,"ISO":"PHL","NAME_0":"Philippines","ID_1":12047,"NAME_1":"Cotabato (North Cotabato)","ID_2":1204710,"NAME_2":"M'lang","ID_3":1204710011,"NAME_3":"La Fortuna","NL_NAME_3":null,"VARNAME_3":null,"TYPE_3":"Barangay","ENGTYPE_3":"Village","PROVINCE":"Cotabato (North Cotabato)","REGION":"Region XII (Soccsksargen)","id":"barangay-1204710011","name":"La Fortuna","barangayCode":"1204710011","population":null,"formattedPop":null,"densityCategory":"No data","vulnerabilityRating":"No data","healthRiskLevel":"No data","areaKm2":6.024048,"centerLat":6.873613,"centerLng":124.95377,"geometrySource":"all_barangay-2.csv detailed WKT","geometryMatchMethod":"psgc_coordinate_bridge","boundaryPointCount":16},"geometry":{"type":"MultiPolygon","coordinates":[[[[124.994873,6.88404],[124.989861,6.87965],[124.967003,6.87006],[124.959267,6.86797],[124.950783,6.86672],[124.95076,6.86653],[124.921379,6.86603],[124.929573,6.86784],[124.940109,6.87673],[124.942642,6.87832],[124.964241,6.88744],[124.977364,6.89077],[124.988274,6.8918],[124.995277,6.89051],[124.997932,6.88855],[124.994873,6.88404]]]]}},{"type":"Feature","properties":{"ID_0":177,"ISO":"PHL","NAME_0":"Philippines","ID_1":12047,"NAME_1":"Cotabato (North Cotabato)","ID_2":1204710,"NAME_2":"M'lang","ID_3":1204710012,"NAME_3":"La Suerte","NL_NAME_3":null,"VARNAME_3":null,"TYPE_3":"Barangay","ENGTYPE_3":"Village","PROVINCE":"Cotabato (North Cotabato)","REGION":"Region XII (Soccsksargen)","id":"barangay-1204710012","name":"La Suerte","barangayCode":"1204710012","population":null,"formattedPop":null,"densityCategory":"No data","vulnerabilityRating":"No data","healthRiskLevel":"No data","areaKm2":6.083991,"centerLat":6.888079,"centerLng":124.963152,"geometrySource":"all_barangay-2.csv detailed WKT","geometryMatchMethod":"psgc_coordinate_bridge","boundaryPointCount":19},"geometry":{"type":"MultiPolygon","coordinates":[[[[125.00264,6.90053],[124.997932,6.88855],[124.995277,6.89051],[124.988274,6.8918],[124.977364,6.89077],[124.964241,6.88744],[124.942642,6.87832],[124.940109,6.87673],[124.929573,6.86784],[124.927116,6.86999],[124.923019,6.87214],[124.920326,6.87738],[124.919319,6.87853],[124.931473,6.8928],[124.942787,6.90719],[124.944107,6.90832],[124.979683,6.90312],[124.997551,6.90168],[125.00264,6.90053]]]]}},{"type":"Feature","properties":{"ID_0":177,"ISO":"PHL","NAME_0":"Philippines","ID_1":12047,"NAME_1":"Cotabato (North Cotabato)","ID_2":1204710,"NAME_2":"M'lang","ID_3":1204710013,"NAME_3":"Langkong","NL_NAME_3":null,"VARNAME_3":null,"TYPE_3":"Barangay","ENGTYPE_3":"Village","PROVINCE":"Cotabato (North Cotabato)","REGION":"Region XII (Soccsksargen)","id":"barangay-1204710013","name":"Langkong","barangayCode":"1204710013","population":null,"formattedPop":null,"densityCategory":"No data","vulnerabilityRating":"No data","healthRiskLevel":"No data","areaKm2":4.506686,"centerLat":6.919725,"centerLng":124.897568,"geometrySource":"all_barangay-2.csv detailed WKT","geometryMatchMethod":"psgc_coordinate_bridge","boundaryPointCount":8},"geometry":{"type":"MultiPolygon","coordinates":[[[[124.911133,6.92394],[124.909233,6.91012],[124.890442,6.91585],[124.886612,6.91646],[124.891434,6.92764],[124.892578,6.92742],[124.90609,6.92533],[124.911133,6.92394]]]]}},{"type":"Feature","properties":{"ID_0":177,"ISO":"PHL","NAME_0":"Philippines","ID_1":12047,"NAME_1":"Cotabato (North Cotabato)","ID_2":1204710,"NAME_2":"M'lang","ID_3":1204710014,"NAME_3":"Lepaga","NL_NAME_3":null,"VARNAME_3":null,"TYPE_3":"Barangay","ENGTYPE_3":"Village","PROVINCE":"Cotabato (North Cotabato)","REGION":"Region XII (Soccsksargen)","id":"barangay-1204710014","name":"Lepaga","barangayCode":"1204710014","population":null,"formattedPop":null,"densityCategory":"No data","vulnerabilityRating":"No data","healthRiskLevel":"No data","areaKm2":13.31353,"centerLat":6.885387,"centerLng":124.863468,"geometrySource":"all_barangay-2.csv detailed WKT","geometryMatchMethod":"psgc_coordinate_bridge","boundaryPointCount":10},"geometry":{"type":"MultiPolygon","coordinates":[[[[124.886917,6.88338],[124.886223,6.87711],[124.884148,6.86665],[124.8741,6.867],[124.867737,6.86882],[124.869164,6.86938],[124.87117,6.88442],[124.871223,6.88489],[124.872093,6.89132],[124.886917,6.88338]]]]}},{"type":"Feature","properties":{"ID_0":177,"ISO":"PHL","NAME_0":"Philippines","ID_1":12047,"NAME_1":"Cotabato (North Cotabato)","ID_2":1204710,"NAME_2":"M'lang","ID_3":1204710015,"NAME_3":"Liboo","NL_NAME_3":null,"VARNAME_3":null,"TYPE_3":"Barangay","ENGTYPE_3":"Village","PROVINCE":"Cotabato (North Cotabato)","REGION":"Region XII (Soccsksargen)","id":"barangay-1204710015","name":"Liboo","barangayCode":"1204710015","population":null,"formattedPop":null,"densityCategory":"No data","vulnerabilityRating":"No data","healthRiskLevel":"No data","areaKm2":4.140446,"centerLat":6.963487,"centerLng":124.930069,"geometrySource":"all_barangay-2.csv detailed WKT","geometryMatchMethod":"psgc_coordinate_bridge","boundaryPointCount":14},"geometry":{"type":"MultiPolygon","coordinates":[[[[124.955788,6.98317],[124.957077,6.97128],[124.947067,6.9713],[124.946114,6.96411],[124.935837,6.96209],[124.935127,6.9615],[124.927673,6.9614],[124.918259,6.96058],[124.916924,6.9608],[124.915298,6.96802],[124.915283,6.97445],[124.914658,6.97473],[124.940269,6.97982],[124.955788,6.98317]]]]}},{"type":"Feature","properties":{"ID_0":177,"ISO":"PHL","NAME_0":"Philippines","ID_1":12047,"NAME_1":"Cotabato (North Cotabato)","ID_2":1204710,"NAME_2":"M'lang","ID_3":1204710016,"NAME_3":"Lika","NL_NAME_3":null,"VARNAME_3":null,"TYPE_3":"Barangay","ENGTYPE_3":"Village","PROVINCE":"Cotabato (North Cotabato)","REGION":"Region XII (Soccsksargen)","id":"barangay-1204710016","name":"Lika","barangayCode":"1204710016","population":null,"formattedPop":null,"densityCategory":"No data","vulnerabilityRating":"No data","healthRiskLevel":"No data","areaKm2":8.06823,"centerLat":6.984229,"centerLng":124.896915,"geometrySource":"all_barangay-2.csv detailed WKT","geometryMatchMethod":"psgc_coordinate_bridge","boundaryPointCount":11},"geometry":{"type":"MultiPolygon","coordinates":[[[[124.883347,6.99595],[124.88736,6.99645],[124.891319,6.99626],[124.904266,6.99653],[124.905357,6.98913],[124.905968,6.98635],[124.898903,6.97843],[124.894371,6.97755],[124.883202,6.9794],[124.882408,6.983],[124.883347,6.99595]]]]}},{"type":"Feature","properties":{"ID_0":177,"ISO":"PHL","NAME_0":"Philippines","ID_1":12047,"NAME_1":"Cotabato (North Cotabato)","ID_2":1204710,"NAME_2":"M'lang","ID_3":1204710017,"NAME_3":"Luz Village","NL_NAME_3":null,"VARNAME_3":null,"TYPE_3":"Barangay","ENGTYPE_3":"Village","PROVINCE":"Cotabato (North Cotabato)","REGION":"Region XII (Soccsksargen)","id":"barangay-1204710017","name":"Luz Village","barangayCode":"1204710017","population":null,"formattedPop":null,"densityCategory":"No data","vulnerabilityRating":"No data","healthRiskLevel":"No data","areaKm2":8.980809,"centerLat":6.889282,"centerLng":124.99811,"geometrySource":"all_barangay-2.csv detailed WKT","geometryMatchMethod":"psgc_coordinate_bridge","boundaryPointCount":12},"geometry":{"type":"MultiPolygon","coordinates":[[[[125.005791,6.90504],[125.013153,6.90498],[125.015099,6.90536],[125.017319,6.90708],[125.018517,6.90309],[125.022408,6.89823],[125.012032,6.89064],[125.002533,6.88792],[124.994873,6.88404],[124.997932,6.88855],[125.00264,6.90053],[125.005791,6.90504]]]]}},{"type":"Feature","properties":{"ID_0":177,"ISO":"PHL","NAME_0":"Philippines","ID_1":12047,"NAME_1":"Cotabato (North Cotabato)","ID_2":1204710,"NAME_2":"M'lang","ID_3":1204710018,"NAME_3":"Magallon","NL_NAME_3":null,"VARNAME_3":null,"TYPE_3":"Barangay","ENGTYPE_3":"Village","PROVINCE":"Cotabato (North Cotabato)","REGION":"Region XII (Soccsksargen)","id":"barangay-1204710018","name":"Magallon","barangayCode":"1204710018","population":null,"formattedPop":null,"densityCategory":"No data","vulnerabilityRating":"No data","healthRiskLevel":"No data","areaKm2":5.150152,"centerLat":6.94633,"centerLng":124.926114,"geometrySource":"all_barangay-2.csv detailed WKT","geometryMatchMethod":"psgc_coordinate_bridge","boundaryPointCount":36},"geometry":{"type":"MultiPolygon","coordinates":[[[[124.935837,6.96209],[124.935043,6.95842],[124.935257,6.9393],[124.933342,6.93934],[124.932228,6.9394],[124.93174,6.9402],[124.93074,6.94102],[124.929848,6.94013],[124.928848,6.93971],[124.927727,6.93998],[124.927292,6.93948],[124.926567,6.93788],[124.925522,6.93732],[124.924332,6.93794],[124.923058,6.93778],[124.921822,6.93628],[124.921043,6.93399],[124.920578,6.93164],[124.919487,6.93056],[124.918167,6.93261],[124.917862,6.93426],[124.917999,6.93527],[124.915459,6.93542],[124.913872,6.93512],[124.911346,6.93712],[124.910217,6.93598],[124.909187,6.93469],[124.906998,6.93496],[124.904739,6.93516],[124.903618,6.93548],[124.90229,6.93767],[124.913338,6.95415],[124.918259,6.96058],[124.927673,6.9614],[124.935127,6.9615],[124.935837,6.96209]]]]}},{"type":"Feature","properties":{"ID_0":177,"ISO":"PHL","NAME_0":"Philippines","ID_1":12047,"NAME_1":"Cotabato (North Cotabato)","ID_2":1204710,"NAME_2":"M'lang","ID_3":1204710019,"NAME_3":"Malayan","NL_NAME_3":null,"VARNAME_3":null,"TYPE_3":"Barangay","ENGTYPE_3":"Village","PROVINCE":"Cotabato (North Cotabato)","REGION":"Region XII (Soccsksargen)","id":"barangay-1204710019","name":"Malayan","barangayCode":"1204710019","population":null,"formattedPop":null,"densityCategory":"No data","vulnerabilityRating":"No data","healthRiskLevel":"No data","areaKm2":5.634304,"centerLat":6.972991,"centerLng":124.916783,"geometrySource":"all_barangay-2.csv detailed WKT","geometryMatchMethod":"psgc_coordinate_bridge","boundaryPointCount":14},"geometry":{"type":"MultiPolygon","coordinates":[[[[124.905777,7.00227],[124.911537,7.00281],[124.926514,7.00367],[124.98597,7.00769],[124.989014,6.99937],[124.991013,6.99629],[124.952454,6.99289],[124.93927,6.99224],[124.915894,6.99052],[124.911247,6.98892],[124.905968,6.98635],[124.905357,6.98913],[124.904266,6.99653],[124.905777,7.00227]]]]}},{"type":"Feature","properties":{"ID_0":177,"ISO":"PHL","NAME_0":"Philippines","ID_1":12047,"NAME_1":"Cotabato (North Cotabato)","ID_2":1204710,"NAME_2":"M'lang","ID_3":1204710020,"NAME_3":"New Antique","NL_NAME_3":null,"VARNAME_3":null,"TYPE_3":"Barangay","ENGTYPE_3":"Village","PROVINCE":"Cotabato (North Cotabato)","REGION":"Region XII (Soccsksargen)","id":"barangay-1204710020","name":"New Antique","barangayCode":"1204710020","population":null,"formattedPop":null,"densityCategory":"No data","vulnerabilityRating":"No data","healthRiskLevel":"No data","areaKm2":24.687031,"centerLat":6.984061,"centerLng":124.851441,"geometrySource":"all_barangay-2.csv detailed WKT","geometryMatchMethod":"psgc_coordinate_bridge","boundaryPointCount":20},"geometry":{"type":"MultiPolygon","coordinates":[[[[124.83522,6.99963],[124.851677,6.99899],[124.879379,7.00037],[124.883347,6.99938],[124.883347,6.99595],[124.882408,6.983],[124.883202,6.9794],[124.870354,6.98031],[124.868637,6.98065],[124.865936,6.98119],[124.86026,6.98166],[124.855461,6.98207],[124.846703,6.98228],[124.837967,6.9825],[124.807487,6.97737],[124.807251,6.97733],[124.807243,6.97839],[124.807114,6.98978],[124.807693,7.00041],[124.83522,6.99963]]]]}},{"type":"Feature","properties":{"ID_0":177,"ISO":"PHL","NAME_0":"Philippines","ID_1":12047,"NAME_1":"Cotabato (North Cotabato)","ID_2":1204710,"NAME_2":"M'lang","ID_3":1204710021,"NAME_3":"New Barbaza","NL_NAME_3":null,"VARNAME_3":null,"TYPE_3":"Barangay","ENGTYPE_3":"Village","PROVINCE":"Cotabato (North Cotabato)","REGION":"Region XII (Soccsksargen)","id":"barangay-1204710021","name":"New Barbaza","barangayCode":"1204710021","population":null,"formattedPop":null,"densityCategory":"No data","vulnerabilityRating":"No data","healthRiskLevel":"No data","areaKm2":4.908835,"centerLat":6.873257,"centerLng":124.926997,"geometrySource":"all_barangay-2.csv detailed WKT","geometryMatchMethod":"psgc_coordinate_bridge","boundaryPointCount":11},"geometry":{"type":"MultiPolygon","coordinates":[[[[124.900337,6.87827],[124.919319,6.87853],[124.920326,6.87738],[124.923019,6.87214],[124.927116,6.86999],[124.929573,6.86784],[124.921379,6.86603],[124.89962,6.86581],[124.897583,6.87102],[124.90004,6.87766],[124.900337,6.87827]]]]}},{"type":"Feature","properties":{"ID_0":177,"ISO":"PHL","NAME_0":"Philippines","ID_1":12047,"NAME_1":"Cotabato (North Cotabato)","ID_2":1204710,"NAME_2":"M'lang","ID_3":1204710022,"NAME_3":"New Kalibo","NL_NAME_3":null,"VARNAME_3":null,"TYPE_3":"Barangay","ENGTYPE_3":"Village","PROVINCE":"Cotabato (North Cotabato)","REGION":"Region XII (Soccsksargen)","id":"barangay-1204710022","name":"New Kalibo","barangayCode":"1204710022","population":null,"formattedPop":null,"densityCategory":"No data","vulnerabilityRating":"No data","healthRiskLevel":"No data","areaKm2":5.678214,"centerLat":6.931503,"centerLng":124.944594,"geometrySource":"all_barangay-2.csv detailed WKT","geometryMatchMethod":"psgc_coordinate_bridge","boundaryPointCount":57},"geometry":{"type":"MultiPolygon","coordinates":[[[[124.949799,6.94737],[124.951424,6.93959],[124.952751,6.93191],[124.953194,6.92846],[124.954117,6.92869],[124.953079,6.9275],[124.947922,6.91414],[124.947968,6.91405],[124.944107,6.90832],[124.941757,6.90786],[124.932953,6.90733],[124.924187,6.90666],[124.911034,6.90662],[124.909737,6.90618],[124.909233,6.91012],[124.911133,6.92394],[124.912956,6.93415],[124.913872,6.93512],[124.915459,6.93542],[124.917999,6.93527],[124.917862,6.93426],[124.918167,6.93261],[124.919487,6.93056],[124.920578,6.93164],[124.921043,6.93399],[124.921822,6.93628],[124.923058,6.93778],[124.924332,6.93794],[124.925522,6.93732],[124.926567,6.93788],[124.927292,6.93948],[124.927727,6.93998],[124.928848,6.93971],[124.929848,6.94013],[124.93074,6.94102],[124.93174,6.9402],[124.932228,6.9394],[124.933342,6.93934],[124.935257,6.9393],[124.936653,6.93871],[124.937202,6.93724],[124.937431,6.93679],[124.939911,6.93727],[124.940048,6.93986],[124.941093,6.94117],[124.942039,6.93975],[124.943024,6.93959],[124.943649,6.94088],[124.944427,6.94143],[124.946007,6.94116],[124.945702,6.94315],[124.945587,6.94374],[124.945442,6.94466],[124.944366,6.94623],[124.9459,6.94674],[124.947304,6.94777],[124.949799,6.94737]]]]}},{"type":"Feature","properties":{"ID_0":177,"ISO":"PHL","NAME_0":"Philippines","ID_1":12047,"NAME_1":"Cotabato (North Cotabato)","ID_2":1204710,"NAME_2":"M'lang","ID_3":1204710024,"NAME_3":"New Consolacion","NL_NAME_3":null,"VARNAME_3":null,"TYPE_3":"Barangay","ENGTYPE_3":"Village","PROVINCE":"Cotabato (North Cotabato)","REGION":"Region XII (Soccsksargen)","id":"barangay-1204710024","name":"New Consolacion","barangayCode":"1204710024","population":null,"formattedPop":null,"densityCategory":"No data","vulnerabilityRating":"No data","healthRiskLevel":"No data","areaKm2":9.957823,"centerLat":6.983974,"centerLng":124.959728,"geometrySource":"all_barangay-2.csv detailed WKT","geometryMatchMethod":"psgc_coordinate_bridge","boundaryPointCount":8},"geometry":{"type":"MultiPolygon","coordinates":[[[[124.991013,6.99629],[124.994637,6.98657],[124.970284,6.98551],[124.955788,6.98317],[124.940269,6.97982],[124.93927,6.99224],[124.952454,6.99289],[124.991013,6.99629]]]]}},{"type":"Feature","properties":{"ID_0":177,"ISO":"PHL","NAME_0":"Philippines","ID_1":12047,"NAME_1":"Cotabato (North Cotabato)","ID_2":1204710,"NAME_2":"M'lang","ID_3":1204710025,"NAME_3":"New Esperanza","NL_NAME_3":null,"VARNAME_3":null,"TYPE_3":"Barangay","ENGTYPE_3":"Village","PROVINCE":"Cotabato (North Cotabato)","REGION":"Region XII (Soccsksargen)","id":"barangay-1204710025","name":"New Esperanza","barangayCode":"1204710025","population":null,"formattedPop":null,"densityCategory":"No data","vulnerabilityRating":"No data","healthRiskLevel":"No data","areaKm2":6.852658,"centerLat":6.956947,"centerLng":124.981263,"geometrySource":"all_barangay-2.csv detailed WKT","geometryMatchMethod":"psgc_coordinate_bridge","boundaryPointCount":16},"geometry":{"type":"MultiPolygon","coordinates":[[[[124.995789,6.97532],[125.001297,6.9595],[125.002563,6.95547],[125.007507,6.9393],[125.000122,6.93706],[124.995583,6.93299],[124.989227,6.93101],[124.986893,6.93694],[124.984978,6.94191],[124.984489,6.94638],[124.982552,6.95151],[124.97892,6.95572],[124.976852,6.95909],[124.975906,6.96272],[124.973534,6.9679],[124.995789,6.97532]]]]}},{"type":"Feature","properties":{"ID_0":177,"ISO":"PHL","NAME_0":"Philippines","ID_1":12047,"NAME_1":"Cotabato (North Cotabato)","ID_2":1204710,"NAME_2":"M'lang","ID_3":1204710026,"NAME_3":"New Janiuay","NL_NAME_3":null,"VARNAME_3":null,"TYPE_3":"Barangay","ENGTYPE_3":"Village","PROVINCE":"Cotabato (North Cotabato)","REGION":"Region XII (Soccsksargen)","id":"barangay-1204710026","name":"New Janiuay","barangayCode":"1204710026","population":null,"formattedPop":null,"densityCategory":"No data","vulnerabilityRating":"No data","healthRiskLevel":"No data","areaKm2":7.386904,"centerLat":6.894049,"centerLng":124.921687,"geometrySource":"all_barangay-2.csv detailed WKT","geometryMatchMethod":"psgc_coordinate_bridge","boundaryPointCount":14},"geometry":{"type":"MultiPolygon","coordinates":[[[[124.944107,6.90832],[124.942787,6.90719],[124.931473,6.8928],[124.919319,6.87853],[124.900337,6.87827],[124.900978,6.88235],[124.905159,6.89194],[124.907143,6.89922],[124.909737,6.90618],[124.911034,6.90662],[124.924187,6.90666],[124.932953,6.90733],[124.941757,6.90786],[124.944107,6.90832]]]]}},{"type":"Feature","properties":{"ID_0":177,"ISO":"PHL","NAME_0":"Philippines","ID_1":12047,"NAME_1":"Cotabato (North Cotabato)","ID_2":1204710,"NAME_2":"M'lang","ID_3":1204710027,"NAME_3":"New Lawa-an","NL_NAME_3":null,"VARNAME_3":null,"TYPE_3":"Barangay","ENGTYPE_3":"Village","PROVINCE":"Cotabato (North Cotabato)","REGION":"Region XII (Soccsksargen)","id":"barangay-1204710027","name":"New Lawa-an","barangayCode":"1204710027","population":null,"formattedPop":null,"densityCategory":"No data","vulnerabilityRating":"No data","healthRiskLevel":"No data","areaKm2":8.874919,"centerLat":6.993496,"centerLng":124.936084,"geometrySource":"all_barangay-2.csv detailed WKT","geometryMatchMethod":"psgc_coordinate_bridge","boundaryPointCount":9},"geometry":{"type":"MultiPolygon","coordinates":[[[[124.93927,6.99224],[124.940269,6.97982],[124.914658,6.97473],[124.909439,6.9747],[124.898903,6.97843],[124.905968,6.98635],[124.911247,6.98892],[124.915894,6.99052],[124.93927,6.99224]]]]}},{"type":"Feature","properties":{"ID_0":177,"ISO":"PHL","NAME_0":"Philippines","ID_1":12047,"NAME_1":"Cotabato (North Cotabato)","ID_2":1204710,"NAME_2":"M'lang","ID_3":1204710028,"NAME_3":"New Rizal","NL_NAME_3":null,"VARNAME_3":null,"TYPE_3":"Barangay","ENGTYPE_3":"Village","PROVINCE":"Cotabato (North Cotabato)","REGION":"Region XII (Soccsksargen)","id":"barangay-1204710028","name":"New Rizal","barangayCode":"1204710028","population":null,"formattedPop":null,"densityCategory":"No data","vulnerabilityRating":"No data","healthRiskLevel":"No data","areaKm2":9.435892,"centerLat":6.907061,"centerLng":124.937944,"geometrySource":"all_barangay-2.csv detailed WKT","geometryMatchMethod":"psgc_coordinate_bridge","boundaryPointCount":12},"geometry":{"type":"MultiPolygon","coordinates":[[[[124.994339,6.91983],[124.998756,6.91721],[125.005791,6.90504],[125.00264,6.90053],[124.997551,6.90168],[124.979683,6.90312],[124.944107,6.90832],[124.947968,6.91405],[124.947922,6.91414],[124.959457,6.91524],[124.969231,6.91605],[124.994339,6.91983]]]]}},{"type":"Feature","properties":{"ID_0":177,"ISO":"PHL","NAME_0":"Philippines","ID_1":12047,"NAME_1":"Cotabato (North Cotabato)","ID_2":1204710,"NAME_2":"M'lang","ID_3":1204710029,"NAME_3":"Nueva Vida","NL_NAME_3":null,"VARNAME_3":null,"TYPE_3":"Barangay","ENGTYPE_3":"Village","PROVINCE":"Cotabato (North Cotabato)","REGION":"Region XII (Soccsksargen)","id":"barangay-1204710029","name":"Nueva Vida","barangayCode":"1204710029","population":null,"formattedPop":null,"densityCategory":"No data","vulnerabilityRating":"No data","healthRiskLevel":"No data","areaKm2":11.038559,"centerLat":6.920908,"centerLng":124.993672,"geometrySource":"all_barangay-2.csv detailed WKT","geometryMatchMethod":"psgc_coordinate_bridge","boundaryPointCount":16},"geometry":{"type":"MultiPolygon","coordinates":[[[[125.007507,6.9393],[125.012268,6.92284],[125.015327,6.914],[125.017319,6.90708],[125.015099,6.90536],[125.013153,6.90498],[125.005791,6.90504],[124.998756,6.91721],[124.994339,6.91983],[124.990707,6.92166],[124.989372,6.92307],[124.988586,6.92573],[124.989227,6.93101],[124.995583,6.93299],[125.000122,6.93706],[125.007507,6.9393]]]]}},{"type":"Feature","properties":{"ID_0":177,"ISO":"PHL","NAME_0":"Philippines","ID_1":12047,"NAME_1":"Cotabato (North Cotabato)","ID_2":1204710,"NAME_2":"M'lang","ID_3":1204710030,"NAME_3":"Pag-asa","NL_NAME_3":null,"VARNAME_3":null,"TYPE_3":"Barangay","ENGTYPE_3":"Village","PROVINCE":"Cotabato (North Cotabato)","REGION":"Region XII (Soccsksargen)","id":"barangay-1204710030","name":"Pag-asa","barangayCode":"1204710030","population":null,"formattedPop":null,"densityCategory":"No data","vulnerabilityRating":"No data","healthRiskLevel":"No data","areaKm2":11.062625,"centerLat":6.908794,"centerLng":124.969454,"geometrySource":"all_barangay-2.csv detailed WKT","geometryMatchMethod":"psgc_coordinate_bridge","boundaryPointCount":16},"geometry":{"type":"MultiPolygon","coordinates":[[[[124.989227,6.93101],[124.988586,6.92573],[124.989372,6.92307],[124.990707,6.92166],[124.994339,6.91983],[124.969231,6.91605],[124.959457,6.91524],[124.947922,6.91414],[124.953079,6.9275],[124.954117,6.92869],[124.967331,6.93317],[124.97818,6.93727],[124.983841,6.93967],[124.984978,6.94191],[124.986893,6.93694],[124.989227,6.93101]]]]}},{"type":"Feature","properties":{"ID_0":177,"ISO":"PHL","NAME_0":"Philippines","ID_1":12047,"NAME_1":"Cotabato (North Cotabato)","ID_2":1204710,"NAME_2":"M'lang","ID_3":1204710031,"NAME_3":"Poblacion","NL_NAME_3":null,"VARNAME_3":null,"TYPE_3":"Barangay","ENGTYPE_3":"Village","PROVINCE":"Cotabato (North Cotabato)","REGION":"Region XII (Soccsksargen)","id":"barangay-1204710031","name":"Poblacion","barangayCode":"1204710031","population":null,"formattedPop":null,"densityCategory":"No data","vulnerabilityRating":"No data","healthRiskLevel":"No data","areaKm2":0.871257,"centerLat":6.945009,"centerLng":124.884004,"geometrySource":"all_barangay-2.csv detailed WKT","geometryMatchMethod":"psgc_coordinate_bridge","boundaryPointCount":14},"geometry":{"type":"MultiPolygon","coordinates":[[[[124.878387,6.95107],[124.880386,6.95014],[124.879837,6.94926],[124.88192,6.94846],[124.885391,6.94828],[124.885803,6.9481],[124.887222,6.94688],[124.886971,6.94511],[124.887947,6.94331],[124.884247,6.93561],[124.87587,6.93572],[124.873764,6.935748],[124.877647,6.95258],[124.878387,6.95107]]]]}},{"type":"Feature","properties":{"ID_0":177,"ISO":"PHL","NAME_0":"Philippines","ID_1":12047,"NAME_1":"Cotabato (North Cotabato)","ID_2":1204710,"NAME_2":"M'lang","ID_3":1204710032,"NAME_3":"Pulang-lupa","NL_NAME_3":null,"VARNAME_3":null,"TYPE_3":"Barangay","ENGTYPE_3":"Village","PROVINCE":"Cotabato (North Cotabato)","REGION":"Region XII (Soccsksargen)","id":"barangay-1204710032","name":"Pulang-lupa","barangayCode":"1204710032","population":null,"formattedPop":null,"densityCategory":"No data","vulnerabilityRating":"No data","healthRiskLevel":"No data","areaKm2":7.863553,"centerLat":6.935068,"centerLng":124.966234,"geometrySource":"all_barangay-2.csv detailed WKT","geometryMatchMethod":"psgc_coordinate_bridge","boundaryPointCount":35},"geometry":{"type":"MultiPolygon","coordinates":[[[[124.973534,6.9679],[124.975906,6.96272],[124.976852,6.95909],[124.97892,6.95572],[124.982552,6.95151],[124.984489,6.94638],[124.984978,6.94191],[124.983841,6.93967],[124.97818,6.93727],[124.967331,6.93317],[124.954117,6.92869],[124.953194,6.92846],[124.952751,6.93191],[124.951424,6.93959],[124.949799,6.94737],[124.951523,6.9466],[124.952568,6.94417],[124.953552,6.94344],[124.954369,6.94397],[124.956169,6.94407],[124.957428,6.94554],[124.957741,6.94799],[124.958221,6.94863],[124.96003,6.94719],[124.961403,6.9471],[124.962334,6.94811],[124.962448,6.94933],[124.962067,6.95136],[124.962807,6.95287],[124.963623,6.95372],[124.964302,6.95514],[124.965187,6.95796],[124.965782,6.96066],[124.967216,6.96176],[124.973534,6.9679]]]]}},{"type":"Feature","properties":{"ID_0":177,"ISO":"PHL","NAME_0":"Philippines","ID_1":12047,"NAME_1":"Cotabato (North Cotabato)","ID_2":1204710,"NAME_2":"M'lang","ID_3":1204710033,"NAME_3":"Sangat","NL_NAME_3":null,"VARNAME_3":null,"TYPE_3":"Barangay","ENGTYPE_3":"Village","PROVINCE":"Cotabato (North Cotabato)","REGION":"Region XII (Soccsksargen)","id":"barangay-1204710033","name":"Sangat","barangayCode":"1204710033","population":null,"formattedPop":null,"densityCategory":"No data","vulnerabilityRating":"No data","healthRiskLevel":"No data","areaKm2":3.432582,"centerLat":6.933484,"centerLng":124.888787,"geometrySource":"all_barangay-2.csv detailed WKT","geometryMatchMethod":"psgc_coordinate_bridge","boundaryPointCount":17},"geometry":{"type":"MultiPolygon","coordinates":[[[[124.895554,6.94225],[124.892998,6.93408],[124.891983,6.93002],[124.891434,6.92764],[124.886612,6.91646],[124.879601,6.91214],[124.875122,6.91414],[124.876831,6.91669],[124.878387,6.92092],[124.88414,6.93481],[124.884247,6.93561],[124.887947,6.94331],[124.889,6.9439],[124.890503,6.94391],[124.89119,6.94341],[124.892921,6.94286],[124.895554,6.94225]]]]}},{"type":"Feature","properties":{"ID_0":177,"ISO":"PHL","NAME_0":"Philippines","ID_1":12047,"NAME_1":"Cotabato (North Cotabato)","ID_2":1204710,"NAME_2":"M'lang","ID_3":1204710034,"NAME_3":"Tawantawan","NL_NAME_3":null,"VARNAME_3":null,"TYPE_3":"Barangay","ENGTYPE_3":"Village","PROVINCE":"Cotabato (North Cotabato)","REGION":"Region XII (Soccsksargen)","id":"barangay-1204710034","name":"Tawantawan","barangayCode":"1204710034","population":null,"formattedPop":null,"densityCategory":"No data","vulnerabilityRating":"No data","healthRiskLevel":"No data","areaKm2":7.913697,"centerLat":6.929352,"centerLng":124.915604,"geometrySource":"all_barangay-2.csv detailed WKT","geometryMatchMethod":"psgc_coordinate_bridge","boundaryPointCount":19},"geometry":{"type":"MultiPolygon","coordinates":[[[[124.90229,6.93767],[124.903618,6.93548],[124.904739,6.93516],[124.906998,6.93496],[124.909187,6.93469],[124.910217,6.93598],[124.911346,6.93712],[124.913872,6.93512],[124.912956,6.93415],[124.911133,6.92394],[124.90609,6.92533],[124.892578,6.92742],[124.891434,6.92764],[124.891983,6.93002],[124.892998,6.93408],[124.895554,6.94225],[124.896828,6.94097],[124.900124,6.93961],[124.90229,6.93767]]]]}},{"type":"Feature","properties":{"ID_0":177,"ISO":"PHL","NAME_0":"Philippines","ID_1":12047,"NAME_1":"Cotabato (North Cotabato)","ID_2":1204710,"NAME_2":"M'lang","ID_3":1204710035,"NAME_3":"Tibao","NL_NAME_3":null,"VARNAME_3":null,"TYPE_3":"Barangay","ENGTYPE_3":"Village","PROVINCE":"Cotabato (North Cotabato)","REGION":"Region XII (Soccsksargen)","id":"barangay-1204710035","name":"Tibao","barangayCode":"1204710035","population":null,"formattedPop":null,"densityCategory":"No data","vulnerabilityRating":"No data","healthRiskLevel":"No data","areaKm2":28.778509,"centerLat":7.018656,"centerLng":124.86109,"geometrySource":"all_barangay-2.csv detailed WKT","geometryMatchMethod":"psgc_coordinate_bridge","boundaryPointCount":14},"geometry":{"type":"MultiPolygon","coordinates":[[[[124.861382,7.03959],[124.868973,7.03932],[124.870407,7.03934],[124.87587,7.03956],[124.883217,7.03917],[124.889542,7.03903],[124.895172,7.03847],[124.901619,7.03794],[124.908073,7.038],[124.90625,7.00933],[124.878883,7.0085],[124.879379,7.00037],[124.851677,6.99899],[124.861382,7.03959]]]]}},{"type":"Feature","properties":{"ID_0":177,"ISO":"PHL","NAME_0":"Philippines","ID_1":12047,"NAME_1":"Cotabato (North Cotabato)","ID_2":1204710,"NAME_2":"M'lang","ID_3":1204710036,"NAME_3":"Ugpay","NL_NAME_3":null,"VARNAME_3":null,"TYPE_3":"Barangay","ENGTYPE_3":"Village","PROVINCE":"Cotabato (North Cotabato)","REGION":"Region XII (Soccsksargen)","id":"barangay-1204710036","name":"Ugpay","barangayCode":"1204710036","population":null,"formattedPop":null,"densityCategory":"No data","vulnerabilityRating":"No data","healthRiskLevel":"No data","areaKm2":3.430046,"centerLat":6.956116,"centerLng":124.942657,"geometrySource":"all_barangay-2.csv detailed WKT","geometryMatchMethod":"psgc_coordinate_bridge","boundaryPointCount":34},"geometry":{"type":"MultiPolygon","coordinates":[[[[124.935837,6.96209],[124.946114,6.96411],[124.947067,6.9713],[124.957077,6.97128],[124.958878,6.95719],[124.958221,6.94863],[124.957741,6.94799],[124.957428,6.94554],[124.956169,6.94407],[124.954369,6.94397],[124.953552,6.94344],[124.952568,6.94417],[124.951523,6.9466],[124.949799,6.94737],[124.947304,6.94777],[124.9459,6.94674],[124.944366,6.94623],[124.945442,6.94466],[124.945587,6.94374],[124.945702,6.94315],[124.946007,6.94116],[124.944427,6.94143],[124.943649,6.94088],[124.943024,6.93959],[124.942039,6.93975],[124.941093,6.94117],[124.940048,6.93986],[124.939911,6.93727],[124.937431,6.93679],[124.937202,6.93724],[124.936653,6.93871],[124.935257,6.9393],[124.935043,6.95842],[124.935837,6.96209]]]]}},{"type":"Feature","properties":{"ID_0":177,"ISO":"PHL","NAME_0":"Philippines","ID_1":12047,"NAME_1":"Cotabato (North Cotabato)","ID_2":1204710,"NAME_2":"M'lang","ID_3":1204710037,"NAME_3":"Palma-Perez","NL_NAME_3":null,"VARNAME_3":null,"TYPE_3":"Barangay","ENGTYPE_3":"Village","PROVINCE":"Cotabato (North Cotabato)","REGION":"Region XII (Soccsksargen)","id":"barangay-1204710037","name":"Palma-Perez","barangayCode":"1204710037","population":null,"formattedPop":null,"densityCategory":"No data","vulnerabilityRating":"No data","healthRiskLevel":"No data","areaKm2":5.156045,"centerLat":6.872664,"centerLng":124.981536,"geometrySource":"all_barangay-2.csv detailed WKT","geometryMatchMethod":"psgc_coordinate_bridge","boundaryPointCount":14},"geometry":{"type":"MultiPolygon","coordinates":[[[[124.87204,6.89145],[124.872017,6.89136],[124.872063,6.89134],[124.872093,6.89132],[124.871223,6.88489],[124.87117,6.88442],[124.869164,6.86938],[124.867737,6.86882],[124.858063,6.8784],[124.850082,6.88509],[124.813049,6.91095],[124.811623,6.91195],[124.813072,6.91145],[124.87204,6.89145]]]]}},{"type":"Feature","properties":{"ID_0":177,"ISO":"PHL","NAME_0":"Philippines","ID_1":12047,"NAME_1":"Cotabato (North Cotabato)","ID_2":1204710,"NAME_2":"M'lang","ID_3":1204710038,"NAME_3":"Poblacion B","NL_NAME_3":null,"VARNAME_3":null,"TYPE_3":"Barangay","ENGTYPE_3":"Village","PROVINCE":"Cotabato (North Cotabato)","REGION":"Region XII (Soccsksargen)","id":"barangay-1204710038","name":"Poblacion B","barangayCode":"1204710038","population":null,"formattedPop":null,"densityCategory":"No data","vulnerabilityRating":"No data","healthRiskLevel":"No data","areaKm2":1.06355,"centerLat":6.947723,"centerLng":124.875766,"geometrySource":"all_barangay-2.csv detailed WKT","geometryMatchMethod":"psgc_coordinate_bridge","boundaryPointCount":10},"geometry":{"type":"MultiPolygon","coordinates":[[[[124.877647,6.95258],[124.873764,6.935748],[124.865372,6.93586],[124.867172,6.94366],[124.868942,6.95133],[124.870399,6.95179],[124.870811,6.95165],[124.874168,6.95151],[124.875023,6.95189],[124.877647,6.95258]]]]}},{"type":"Feature","properties":{"ID_0":177,"ISO":"PHL","NAME_0":"Philippines","ID_1":12047,"NAME_1":"Cotabato (North Cotabato)","ID_2":1204711,"NAME_2":"Pigkawayan","ID_3":1204711001,"NAME_3":"Anick","NL_NAME_3":null,"VARNAME_3":null,"TYPE_3":"Barangay","ENGTYPE_3":"Village","PROVINCE":"Cotabato (North Cotabato)","REGION":"Region XII (Soccsksargen)","id":"barangay-1204711001","name":"Anick","barangayCode":"1204711001","population":null,"formattedPop":null,"densityCategory":"No data","vulnerabilityRating":"No data","healthRiskLevel":"No data","areaKm2":13.596814,"centerLat":7.325769,"centerLng":124.454201,"geometrySource":"all_barangay-2.csv detailed WKT","geometryMatchMethod":"psgc_coordinate_bridge","boundaryPointCount":9},"geometry":{"type":"MultiPolygon","coordinates":[[[[124.463837,7.29734],[124.46566,7.29359],[124.467377,7.2917],[124.472801,7.28632],[124.472054,7.27939],[124.452591,7.28203],[124.453506,7.29936],[124.456306,7.29718],[124.463837,7.29734]]]]}},{"type":"Feature","properties":{"ID_0":177,"ISO":"PHL","NAME_0":"Philippines","ID_1":12047,"NAME_1":"Cotabato (North Cotabato)","ID_2":1204711,"NAME_2":"Pigkawayan","ID_3":1204711002,"NAME_3":"Upper Baguer","NL_NAME_3":null,"VARNAME_3":null,"TYPE_3":"Barangay","ENGTYPE_3":"Village","PROVINCE":"Cotabato (North Cotabato)","REGION":"Region XII (Soccsksargen)","id":"barangay-1204711002","name":"Upper Baguer","barangayCode":"1204711002","population":null,"formattedPop":null,"densityCategory":"No data","vulnerabilityRating":"No data","healthRiskLevel":"No data","areaKm2":2.844322,"centerLat":7.268401,"centerLng":124.463464,"geometrySource":"all_barangay-2.csv detailed WKT","geometryMatchMethod":"psgc_coordinate_bridge","boundaryPointCount":7},"geometry":{"type":"MultiPolygon","coordinates":[[[[124.438438,7.28097],[124.438812,7.27337],[124.43103,7.27317],[124.423347,7.27409],[124.424011,7.27758],[124.423439,7.28058],[124.438438,7.28097]]]]}},{"type":"Feature","properties":{"ID_0":177,"ISO":"PHL","NAME_0":"Philippines","ID_1":12047,"NAME_1":"Cotabato (North Cotabato)","ID_2":1204711,"NAME_2":"Pigkawayan","ID_3":1204711004,"NAME_3":"Balogo","NL_NAME_3":null,"VARNAME_3":null,"TYPE_3":"Barangay","ENGTYPE_3":"Village","PROVINCE":"Cotabato (North Cotabato)","REGION":"Region XII (Soccsksargen)","id":"barangay-1204711004","name":"Balogo","barangayCode":"1204711004","population":null,"formattedPop":null,"densityCategory":"No data","vulnerabilityRating":"No data","healthRiskLevel":"No data","areaKm2":18.549884,"centerLat":7.267023,"centerLng":124.456235,"geometrySource":"all_barangay-2.csv detailed WKT","geometryMatchMethod":"psgc_coordinate_bridge","boundaryPointCount":12},"geometry":{"type":"MultiPolygon","coordinates":[[[[124.472054,7.27939],[124.467377,7.27646],[124.462357,7.27339],[124.45919,7.27166],[124.456917,7.27053],[124.456596,7.27353],[124.453552,7.27372],[124.451477,7.27378],[124.452187,7.27669],[124.452011,7.28041],[124.452591,7.28203],[124.472054,7.27939]]]]}},{"type":"Feature","properties":{"ID_0":177,"ISO":"PHL","NAME_0":"Philippines","ID_1":12047,"NAME_1":"Cotabato (North Cotabato)","ID_2":1204711,"NAME_2":"Pigkawayan","ID_3":1204711006,"NAME_3":"Banucagon","NL_NAME_3":null,"VARNAME_3":null,"TYPE_3":"Barangay","ENGTYPE_3":"Village","PROVINCE":"Cotabato (North Cotabato)","REGION":"Region XII (Soccsksargen)","id":"barangay-1204711006","name":"Banucagon","barangayCode":"1204711006","population":null,"formattedPop":null,"densityCategory":"No data","vulnerabilityRating":"No data","healthRiskLevel":"No data","areaKm2":4.113995,"centerLat":7.253336,"centerLng":124.401129,"geometrySource":"all_barangay-2.csv detailed WKT","geometryMatchMethod":"psgc_coordinate_bridge","boundaryPointCount":20},"geometry":{"type":"MultiPolygon","coordinates":[[[[124.407623,7.26709],[124.407722,7.26311],[124.407349,7.25974],[124.406967,7.25659],[124.405968,7.25377],[124.405411,7.24974],[124.403099,7.25084],[124.399406,7.25253],[124.395279,7.254],[124.391037,7.2547],[124.390907,7.25472],[124.391197,7.25492],[124.391357,7.25662],[124.3918,7.25958],[124.393341,7.26474],[124.393433,7.26804],[124.392906,7.26892],[124.396797,7.26759],[124.403328,7.26715],[124.407623,7.26709]]]]}},{"type":"Feature","properties":{"ID_0":177,"ISO":"PHL","NAME_0":"Philippines","ID_1":12047,"NAME_1":"Cotabato (North Cotabato)","ID_2":1204711,"NAME_2":"Pigkawayan","ID_3":1204711007,"NAME_3":"Bulucaon","NL_NAME_3":null,"VARNAME_3":null,"TYPE_3":"Barangay","ENGTYPE_3":"Village","PROVINCE":"Cotabato (North Cotabato)","REGION":"Region XII (Soccsksargen)","id":"barangay-1204711007","name":"Bulucaon","barangayCode":"1204711007","population":null,"formattedPop":null,"densityCategory":"No data","vulnerabilityRating":"No data","healthRiskLevel":"No data","areaKm2":11.960406,"centerLat":7.247948,"centerLng":124.421041,"geometrySource":"all_barangay-2.csv detailed WKT","geometryMatchMethod":"psgc_coordinate_bridge","boundaryPointCount":31},"geometry":{"type":"MultiPolygon","coordinates":[[[[124.423477,7.26841],[124.423218,7.26016],[124.423882,7.253],[124.42437,7.24745],[124.423958,7.24262],[124.424782,7.23782],[124.424873,7.23084],[124.42482,7.22678],[124.423111,7.22184],[124.422173,7.22264],[124.421921,7.22412],[124.421471,7.22555],[124.420067,7.22586],[124.418243,7.22569],[124.417191,7.22557],[124.41452,7.22558],[124.412918,7.22452],[124.409363,7.22932],[124.409248,7.23166],[124.408974,7.23523],[124.408524,7.23808],[124.408379,7.24258],[124.407082,7.24661],[124.405411,7.24974],[124.405968,7.25377],[124.406967,7.25659],[124.407349,7.25974],[124.407722,7.26311],[124.407623,7.26709],[124.419189,7.26758],[124.423477,7.26841]]]]}},{"type":"Feature","properties":{"ID_0":177,"ISO":"PHL","NAME_0":"Philippines","ID_1":12047,"NAME_1":"Cotabato (North Cotabato)","ID_2":1204711,"NAME_2":"Pigkawayan","ID_3":1204711008,"NAME_3":"Buluan","NL_NAME_3":null,"VARNAME_3":null,"TYPE_3":"Barangay","ENGTYPE_3":"Village","PROVINCE":"Cotabato (North Cotabato)","REGION":"Region XII (Soccsksargen)","id":"barangay-1204711008","name":"Buluan","barangayCode":"1204711008","population":null,"formattedPop":null,"densityCategory":"No data","vulnerabilityRating":"No data","healthRiskLevel":"No data","areaKm2":3.614884,"centerLat":7.296531,"centerLng":124.415303,"geometrySource":"all_barangay-2.csv detailed WKT","geometryMatchMethod":"psgc_coordinate_bridge","boundaryPointCount":14},"geometry":{"type":"MultiPolygon","coordinates":[[[[124.486519,7.44401],[124.483292,7.41603],[124.479889,7.38338],[124.476097,7.33418],[124.471008,7.33487],[124.465378,7.33287],[124.45919,7.32978],[124.456093,7.32665],[124.453484,7.32426],[124.441093,7.3267],[124.435349,7.32629],[124.424843,7.32514],[124.455597,7.38479],[124.486519,7.44401]]]]}},{"type":"Feature","properties":{"ID_0":177,"ISO":"PHL","NAME_0":"Philippines","ID_1":12047,"NAME_1":"Cotabato (North Cotabato)","ID_2":1204711,"NAME_2":"Pigkawayan","ID_3":1204711010,"NAME_3":"Capayuran","NL_NAME_3":null,"VARNAME_3":null,"TYPE_3":"Barangay","ENGTYPE_3":"Village","PROVINCE":"Cotabato (North Cotabato)","REGION":"Region XII (Soccsksargen)","id":"barangay-1204711010","name":"Capayuran","barangayCode":"1204711010","population":null,"formattedPop":null,"densityCategory":"No data","vulnerabilityRating":"No data","healthRiskLevel":"No data","areaKm2":4.549987,"centerLat":7.263875,"centerLng":124.449187,"geometrySource":"all_barangay-2.csv detailed WKT","geometryMatchMethod":"psgc_coordinate_bridge","boundaryPointCount":12},"geometry":{"type":"MultiPolygon","coordinates":[[[[124.438812,7.27337],[124.443443,7.27297],[124.451477,7.27378],[124.453552,7.27372],[124.456596,7.27353],[124.456917,7.27053],[124.456413,7.26862],[124.456673,7.26117],[124.43885,7.2603],[124.439011,7.26803],[124.439079,7.27258],[124.438812,7.27337]]]]}},{"type":"Feature","properties":{"ID_0":177,"ISO":"PHL","NAME_0":"Philippines","ID_1":12047,"NAME_1":"Cotabato (North Cotabato)","ID_2":1204711,"NAME_2":"Pigkawayan","ID_3":1204711011,"NAME_3":"Central Panatan","NL_NAME_3":null,"VARNAME_3":null,"TYPE_3":"Barangay","ENGTYPE_3":"Village","PROVINCE":"Cotabato (North Cotabato)","REGION":"Region XII (Soccsksargen)","id":"barangay-1204711011","name":"Central Panatan","barangayCode":"1204711011","population":null,"formattedPop":null,"densityCategory":"No data","vulnerabilityRating":"No data","healthRiskLevel":"No data","areaKm2":7.911353,"centerLat":7.259223,"centerLng":124.378059,"geometrySource":"all_barangay-2.csv detailed WKT","geometryMatchMethod":"psgc_coordinate_bridge","boundaryPointCount":13},"geometry":{"type":"MultiPolygon","coordinates":[[[[124.392906,7.26892],[124.393433,7.26804],[124.393341,7.26474],[124.3918,7.25958],[124.391357,7.25662],[124.391197,7.25492],[124.390907,7.25472],[124.391037,7.2547],[124.390282,7.25365],[124.386658,7.25172],[124.378387,7.25459],[124.387703,7.27083],[124.392906,7.26892]]]]}},{"type":"Feature","properties":{"ID_0":177,"ISO":"PHL","NAME_0":"Philippines","ID_1":12047,"NAME_1":"Cotabato (North Cotabato)","ID_2":1204711,"NAME_2":"Pigkawayan","ID_3":1204711015,"NAME_3":"Kimarayang","NL_NAME_3":null,"VARNAME_3":null,"TYPE_3":"Barangay","ENGTYPE_3":"Village","PROVINCE":"Cotabato (North Cotabato)","REGION":"Region XII (Soccsksargen)","id":"barangay-1204711015","name":"Kimarayang","barangayCode":"1204711015","population":null,"formattedPop":null,"densityCategory":"No data","vulnerabilityRating":"No data","healthRiskLevel":"No data","areaKm2":53.666908,"centerLat":7.366317,"centerLng":124.481202,"geometrySource":"all_barangay-2.csv detailed WKT","geometryMatchMethod":"psgc_coordinate_bridge","boundaryPointCount":20},"geometry":{"type":"MultiPolygon","coordinates":[[[[124.476097,7.33418],[124.474838,7.30606],[124.472801,7.28632],[124.467377,7.2917],[124.46566,7.29359],[124.463837,7.29734],[124.463898,7.30386],[124.463722,7.3081],[124.456734,7.30966],[124.452888,7.30912],[124.452072,7.31168],[124.450867,7.31561],[124.452957,7.31663],[124.455353,7.31836],[124.453484,7.32426],[124.456093,7.32665],[124.45919,7.32978],[124.465378,7.33287],[124.471008,7.33487],[124.476097,7.33418]]]]}},{"type":"Feature","properties":{"ID_0":177,"ISO":"PHL","NAME_0":"Philippines","ID_1":12047,"NAME_1":"Cotabato (North Cotabato)","ID_2":1204711,"NAME_2":"Pigkawayan","ID_3":1204711019,"NAME_3":"Malagakit","NL_NAME_3":null,"VARNAME_3":null,"TYPE_3":"Barangay","ENGTYPE_3":"Village","PROVINCE":"Cotabato (North Cotabato)","REGION":"Region XII (Soccsksargen)","id":"barangay-1204711019","name":"Malagakit","barangayCode":"1204711019","population":null,"formattedPop":null,"densityCategory":"No data","vulnerabilityRating":"No data","healthRiskLevel":"No data","areaKm2":5.223543,"centerLat":7.241211,"centerLng":124.39581,"geometrySource":"all_barangay-2.csv detailed WKT","geometryMatchMethod":"psgc_coordinate_bridge","boundaryPointCount":21},"geometry":{"type":"MultiPolygon","coordinates":[[[[124.391037,7.2547],[124.395279,7.254],[124.399406,7.25253],[124.403099,7.25084],[124.405411,7.24974],[124.407082,7.24661],[124.408379,7.24258],[124.408524,7.23808],[124.408974,7.23523],[124.409248,7.23166],[124.407562,7.23279],[124.398781,7.23401],[124.39077,7.23419],[124.382088,7.23415],[124.38356,7.23851],[124.383789,7.24159],[124.384857,7.24569],[124.385933,7.251],[124.386658,7.25172],[124.390282,7.25365],[124.391037,7.2547]]]]}},{"type":"Feature","properties":{"ID_0":177,"ISO":"PHL","NAME_0":"Philippines","ID_1":12047,"NAME_1":"Cotabato (North Cotabato)","ID_2":1204711,"NAME_2":"Pigkawayan","ID_3":1204711020,"NAME_3":"Maluao","NL_NAME_3":null,"VARNAME_3":null,"TYPE_3":"Barangay","ENGTYPE_3":"Village","PROVINCE":"Cotabato (North Cotabato)","REGION":"Region XII (Soccsksargen)","id":"barangay-1204711020","name":"Maluao","barangayCode":"1204711020","population":null,"formattedPop":null,"densityCategory":"No data","vulnerabilityRating":"No data","healthRiskLevel":"No data","areaKm2":12.482366,"centerLat":7.30445,"centerLng":124.397828,"geometrySource":"all_barangay-2.csv detailed WKT","geometryMatchMethod":"psgc_coordinate_bridge","boundaryPointCount":7},"geometry":{"type":"MultiPolygon","coordinates":[[[[124.416313,7.29214],[124.411392,7.28384],[124.406067,7.28541],[124.402153,7.28726],[124.397881,7.28795],[124.403374,7.29623],[124.416313,7.29214]]]]}},{"type":"Feature","properties":{"ID_0":177,"ISO":"PHL","NAME_0":"Philippines","ID_1":12047,"NAME_1":"Cotabato (North Cotabato)","ID_2":1204711,"NAME_2":"Pigkawayan","ID_3":1204711021,"NAME_3":"North Manuangan","NL_NAME_3":null,"VARNAME_3":null,"TYPE_3":"Barangay","ENGTYPE_3":"Village","PROVINCE":"Cotabato (North Cotabato)","REGION":"Region XII (Soccsksargen)","id":"barangay-1204711021","name":"North Manuangan","barangayCode":"1204711021","population":null,"formattedPop":null,"densityCategory":"No data","vulnerabilityRating":"No data","healthRiskLevel":"No data","areaKm2":3.12857,"centerLat":7.28013,"centerLng":124.404229,"geometrySource":"all_barangay-2.csv detailed WKT","geometryMatchMethod":"psgc_coordinate_bridge","boundaryPointCount":11},"geometry":{"type":"MultiPolygon","coordinates":[[[[124.395927,7.27432],[124.397743,7.27367],[124.402069,7.27453],[124.408638,7.27444],[124.408524,7.27269],[124.4077,7.26962],[124.407623,7.26709],[124.403328,7.26715],[124.396797,7.26759],[124.392906,7.26892],[124.395927,7.27432]]]]}},{"type":"Feature","properties":{"ID_0":177,"ISO":"PHL","NAME_0":"Philippines","ID_1":12047,"NAME_1":"Cotabato (North Cotabato)","ID_2":1204711,"NAME_2":"Pigkawayan","ID_3":1204711023,"NAME_3":"Midpapan I","NL_NAME_3":null,"VARNAME_3":null,"TYPE_3":"Barangay","ENGTYPE_3":"Village","PROVINCE":"Cotabato (North Cotabato)","REGION":"Region XII (Soccsksargen)","id":"barangay-1204711023","name":"Midpapan I","barangayCode":"1204711023","population":null,"formattedPop":null,"densityCategory":"No data","vulnerabilityRating":"No data","healthRiskLevel":"No data","areaKm2":4.961806,"centerLat":7.289866,"centerLng":124.435094,"geometrySource":"all_barangay-2.csv detailed WKT","geometryMatchMethod":"psgc_coordinate_bridge","boundaryPointCount":12},"geometry":{"type":"MultiPolygon","coordinates":[[[[124.41906,7.29521],[124.426819,7.29274],[124.430672,7.29084],[124.439941,7.28662],[124.438438,7.28097],[124.423439,7.28058],[124.416847,7.28062],[124.411179,7.28236],[124.411392,7.28384],[124.416313,7.29214],[124.417267,7.2932],[124.41906,7.29521]]]]}},{"type":"Feature","properties":{"ID_0":177,"ISO":"PHL","NAME_0":"Philippines","ID_1":12047,"NAME_1":"Cotabato (North Cotabato)","ID_2":1204711,"NAME_2":"Pigkawayan","ID_3":1204711024,"NAME_3":"Mulok","NL_NAME_3":null,"VARNAME_3":null,"TYPE_3":"Barangay","ENGTYPE_3":"Village","PROVINCE":"Cotabato (North Cotabato)","REGION":"Region XII (Soccsksargen)","id":"barangay-1204711024","name":"Mulok","barangayCode":"1204711024","population":null,"formattedPop":null,"densityCategory":"No data","vulnerabilityRating":"No data","healthRiskLevel":"No data","areaKm2":4.388443,"centerLat":7.339232,"centerLng":124.396065,"geometrySource":"all_barangay-2.csv detailed WKT","geometryMatchMethod":"psgc_coordinate_bridge","boundaryPointCount":7},"geometry":{"type":"MultiPolygon","coordinates":[[[[124.41938,7.29646],[124.41906,7.29521],[124.417267,7.2932],[124.416313,7.29214],[124.403374,7.29623],[124.407372,7.30275],[124.41938,7.29646]]]]}},{"type":"Feature","properties":{"ID_0":177,"ISO":"PHL","NAME_0":"Philippines","ID_1":12047,"NAME_1":"Cotabato (North Cotabato)","ID_2":1204711,"NAME_2":"Pigkawayan","ID_3":1204711025,"NAME_3":"New Culasi","NL_NAME_3":null,"VARNAME_3":null,"TYPE_3":"Barangay","ENGTYPE_3":"Village","PROVINCE":"Cotabato (North Cotabato)","REGION":"Region XII (Soccsksargen)","id":"barangay-1204711025","name":"New Culasi","barangayCode":"1204711025","population":null,"formattedPop":null,"densityCategory":"No data","vulnerabilityRating":"No data","healthRiskLevel":"No data","areaKm2":3.877666,"centerLat":7.298888,"centerLng":124.384355,"geometrySource":"all_barangay-2.csv detailed WKT","geometryMatchMethod":"psgc_coordinate_bridge","boundaryPointCount":9},"geometry":{"type":"MultiPolygon","coordinates":[[[[124.402153,7.28726],[124.40097,7.28504],[124.395927,7.27432],[124.392906,7.26892],[124.387703,7.27083],[124.389709,7.27447],[124.394341,7.28145],[124.397881,7.28795],[124.402153,7.28726]]]]}},{"type":"Feature","properties":{"ID_0":177,"ISO":"PHL","NAME_0":"Philippines","ID_1":12047,"NAME_1":"Cotabato (North Cotabato)","ID_2":1204711,"NAME_2":"Pigkawayan","ID_3":1204711026,"NAME_3":"New Igbaras","NL_NAME_3":null,"VARNAME_3":null,"TYPE_3":"Barangay","ENGTYPE_3":"Village","PROVINCE":"Cotabato (North Cotabato)","REGION":"Region XII (Soccsksargen)","id":"barangay-1204711026","name":"New Igbaras","barangayCode":"1204711026","population":null,"formattedPop":null,"densityCategory":"No data","vulnerabilityRating":"No data","healthRiskLevel":"No data","areaKm2":8.881335,"centerLat":7.349462,"centerLng":124.4178,"geometrySource":"all_barangay-2.csv detailed WKT","geometryMatchMethod":"psgc_coordinate_bridge","boundaryPointCount":18},"geometry":{"type":"MultiPolygon","coordinates":[[[[124.422394,7.29934],[124.42482,7.29872],[124.426369,7.29928],[124.428383,7.29947],[124.429001,7.2978],[124.431976,7.29728],[124.435417,7.29732],[124.436378,7.29583],[124.438606,7.29433],[124.440613,7.29445],[124.442421,7.29412],[124.439941,7.28662],[124.430672,7.29084],[124.426819,7.29274],[124.41906,7.29521],[124.41938,7.29646],[124.421303,7.29611],[124.422394,7.29934]]]]}},{"type":"Feature","properties":{"ID_0":177,"ISO":"PHL","NAME_0":"Philippines","ID_1":12047,"NAME_1":"Cotabato (North Cotabato)","ID_2":1204711,"NAME_2":"Pigkawayan","ID_3":1204711027,"NAME_3":"New Panay","NL_NAME_3":null,"VARNAME_3":null,"TYPE_3":"Barangay","ENGTYPE_3":"Village","PROVINCE":"Cotabato (North Cotabato)","REGION":"Region XII (Soccsksargen)","id":"barangay-1204711027","name":"New Panay","barangayCode":"1204711027","population":null,"formattedPop":null,"densityCategory":"No data","vulnerabilityRating":"No data","healthRiskLevel":"No data","areaKm2":7.288398,"centerLat":7.31959,"centerLng":124.41318,"geometrySource":"all_barangay-2.csv detailed WKT","geometryMatchMethod":"psgc_coordinate_bridge","boundaryPointCount":16},"geometry":{"type":"MultiPolygon","coordinates":[[[[124.443604,7.30069],[124.442421,7.29412],[124.440613,7.29445],[124.438606,7.29433],[124.436378,7.29583],[124.435417,7.29732],[124.431976,7.29728],[124.429001,7.2978],[124.428383,7.29947],[124.426369,7.29928],[124.42482,7.29872],[124.422394,7.29934],[124.423767,7.30414],[124.42807,7.30309],[124.43676,7.30163],[124.443604,7.30069]]]]}},{"type":"Feature","properties":{"ID_0":177,"ISO":"PHL","NAME_0":"Philippines","ID_1":12047,"NAME_1":"Cotabato (North Cotabato)","ID_2":1204711,"NAME_2":"Pigkawayan","ID_3":1204711030,"NAME_3":"Payong-payong","NL_NAME_3":null,"VARNAME_3":null,"TYPE_3":"Barangay","ENGTYPE_3":"Village","PROVINCE":"Cotabato (North Cotabato)","REGION":"Region XII (Soccsksargen)","id":"barangay-1204711030","name":"Payong-payong","barangayCode":"1204711030","population":null,"formattedPop":null,"densityCategory":"No data","vulnerabilityRating":"No data","healthRiskLevel":"No data","areaKm2":9.145825,"centerLat":7.340423,"centerLng":124.434048,"geometrySource":"all_barangay-2.csv detailed WKT","geometryMatchMethod":"psgc_coordinate_bridge","boundaryPointCount":17},"geometry":{"type":"MultiPolygon","coordinates":[[[[124.452888,7.30912],[124.453529,7.3047],[124.451729,7.3027],[124.451401,7.3013],[124.449471,7.30133],[124.448929,7.30017],[124.443604,7.30069],[124.43676,7.30163],[124.42807,7.30309],[124.423767,7.30414],[124.424583,7.30913],[124.426468,7.30936],[124.433342,7.30975],[124.441238,7.30832],[124.448097,7.30843],[124.449203,7.30836],[124.452888,7.30912]]]]}},{"type":"Feature","properties":{"ID_0":177,"ISO":"PHL","NAME_0":"Philippines","ID_1":12047,"NAME_1":"Cotabato (North Cotabato)","ID_2":1204711,"NAME_2":"Pigkawayan","ID_3":1204711031,"NAME_3":"Poblacion I","NL_NAME_3":null,"VARNAME_3":null,"TYPE_3":"Barangay","ENGTYPE_3":"Village","PROVINCE":"Cotabato (North Cotabato)","REGION":"Region XII (Soccsksargen)","id":"barangay-1204711031","name":"Poblacion I","barangayCode":"1204711031","population":null,"formattedPop":null,"densityCategory":"No data","vulnerabilityRating":"No data","healthRiskLevel":"No data","areaKm2":0.799026,"centerLat":7.274445,"centerLng":124.422815,"geometrySource":"all_barangay-2.csv detailed WKT","geometryMatchMethod":"psgc_coordinate_bridge","boundaryPointCount":13},"geometry":{"type":"MultiPolygon","coordinates":[[[[124.408638,7.27444],[124.410072,7.27417],[124.415581,7.27438],[124.417198,7.27446],[124.418419,7.27449],[124.420113,7.27436],[124.423347,7.27409],[124.423477,7.26841],[124.419189,7.26758],[124.407623,7.26709],[124.4077,7.26962],[124.408524,7.27269],[124.408638,7.27444]]]]}},{"type":"Feature","properties":{"ID_0":177,"ISO":"PHL","NAME_0":"Philippines","ID_1":12047,"NAME_1":"Cotabato (North Cotabato)","ID_2":1204711,"NAME_2":"Pigkawayan","ID_3":1204711032,"NAME_3":"Poblacion II","NL_NAME_3":null,"VARNAME_3":null,"TYPE_3":"Barangay","ENGTYPE_3":"Village","PROVINCE":"Cotabato (North Cotabato)","REGION":"Region XII (Soccsksargen)","id":"barangay-1204711032","name":"Poblacion II","barangayCode":"1204711032","population":null,"formattedPop":null,"densityCategory":"No data","vulnerabilityRating":"No data","healthRiskLevel":"No data","areaKm2":1.037548,"centerLat":7.282342,"centerLng":124.419187,"geometrySource":"all_barangay-2.csv detailed WKT","geometryMatchMethod":"psgc_coordinate_bridge","boundaryPointCount":11},"geometry":{"type":"MultiPolygon","coordinates":[[[[124.416847,7.28062],[124.417488,7.2768],[124.417198,7.27446],[124.415581,7.27438],[124.410072,7.27417],[124.408638,7.27444],[124.408684,7.27601],[124.409462,7.27893],[124.410698,7.2816],[124.411179,7.28236],[124.416847,7.28062]]]]}},{"type":"Feature","properties":{"ID_0":177,"ISO":"PHL","NAME_0":"Philippines","ID_1":12047,"NAME_1":"Cotabato (North Cotabato)","ID_2":1204711,"NAME_2":"Pigkawayan","ID_3":1204711033,"NAME_3":"Poblacion III","NL_NAME_3":null,"VARNAME_3":null,"TYPE_3":"Barangay","ENGTYPE_3":"Village","PROVINCE":"Cotabato (North Cotabato)","REGION":"Region XII (Soccsksargen)","id":"barangay-1204711033","name":"Poblacion III","barangayCode":"1204711033","population":null,"formattedPop":null,"densityCategory":"No data","vulnerabilityRating":"No data","healthRiskLevel":"No data","areaKm2":1.002081,"centerLat":7.282368,"centerLng":124.42646,"geometrySource":"all_barangay-2.csv detailed WKT","geometryMatchMethod":"psgc_coordinate_bridge","boundaryPointCount":9},"geometry":{"type":"MultiPolygon","coordinates":[[[[124.423439,7.28058],[124.424011,7.27758],[124.423347,7.27409],[124.420113,7.27436],[124.418419,7.27449],[124.417198,7.27446],[124.417488,7.2768],[124.416847,7.28062],[124.423439,7.28058]]]]}},{"type":"Feature","properties":{"ID_0":177,"ISO":"PHL","NAME_0":"Philippines","ID_1":12047,"NAME_1":"Cotabato (North Cotabato)","ID_2":1204711,"NAME_2":"Pigkawayan","ID_3":1204711034,"NAME_3":"Presbitero","NL_NAME_3":null,"VARNAME_3":null,"TYPE_3":"Barangay","ENGTYPE_3":"Village","PROVINCE":"Cotabato (North Cotabato)","REGION":"Region XII (Soccsksargen)","id":"barangay-1204711034","name":"Presbitero","barangayCode":"1204711034","population":null,"formattedPop":null,"densityCategory":"No data","vulnerabilityRating":"No data","healthRiskLevel":"No data","areaKm2":0.563034,"centerLat":7.284142,"centerLng":124.460867,"geometrySource":"all_barangay-2.csv detailed WKT","geometryMatchMethod":"psgc_coordinate_bridge","boundaryPointCount":9},"geometry":{"type":"MultiPolygon","coordinates":[[[[124.452591,7.28203],[124.452011,7.28041],[124.452187,7.27669],[124.451477,7.27378],[124.443443,7.27297],[124.438812,7.27337],[124.438438,7.28097],[124.447197,7.28147],[124.452591,7.28203]]]]}},{"type":"Feature","properties":{"ID_0":177,"ISO":"PHL","NAME_0":"Philippines","ID_1":12047,"NAME_1":"Cotabato (North Cotabato)","ID_2":1204711,"NAME_2":"Pigkawayan","ID_3":1204711035,"NAME_3":"Renibon","NL_NAME_3":null,"VARNAME_3":null,"TYPE_3":"Barangay","ENGTYPE_3":"Village","PROVINCE":"Cotabato (North Cotabato)","REGION":"Region XII (Soccsksargen)","id":"barangay-1204711035","name":"Renibon","barangayCode":"1204711035","population":null,"formattedPop":null,"densityCategory":"No data","vulnerabilityRating":"No data","healthRiskLevel":"No data","areaKm2":15.130877,"centerLat":7.385871,"centerLng":124.457023,"geometrySource":"all_barangay-2.csv detailed WKT","geometryMatchMethod":"psgc_coordinate_bridge","boundaryPointCount":13},"geometry":{"type":"MultiPolygon","coordinates":[[[[124.452888,7.30912],[124.456734,7.30966],[124.463722,7.3081],[124.463898,7.30386],[124.463837,7.29734],[124.456306,7.29718],[124.453506,7.29936],[124.448929,7.30017],[124.449471,7.30133],[124.451401,7.3013],[124.451729,7.3027],[124.453529,7.3047],[124.452888,7.30912]]]]}},{"type":"Feature","properties":{"ID_0":177,"ISO":"PHL","NAME_0":"Philippines","ID_1":12047,"NAME_1":"Cotabato (North Cotabato)","ID_2":1204711,"NAME_2":"Pigkawayan","ID_3":1204711037,"NAME_3":"South Manuangan","NL_NAME_3":null,"VARNAME_3":null,"TYPE_3":"Barangay","ENGTYPE_3":"Village","PROVINCE":"Cotabato (North Cotabato)","REGION":"Region XII (Soccsksargen)","id":"barangay-1204711037","name":"South Manuangan","barangayCode":"1204711037","population":null,"formattedPop":null,"densityCategory":"No data","vulnerabilityRating":"No data","healthRiskLevel":"No data","areaKm2":25.313417,"centerLat":7.268089,"centerLng":124.399933,"geometrySource":"all_barangay-2.csv detailed WKT","geometryMatchMethod":"psgc_coordinate_bridge","boundaryPointCount":13},"geometry":{"type":"MultiPolygon","coordinates":[[[[124.411392,7.28384],[124.411179,7.28236],[124.410698,7.2816],[124.409462,7.27893],[124.408684,7.27601],[124.408638,7.27444],[124.402069,7.27453],[124.397743,7.27367],[124.395927,7.27432],[124.40097,7.28504],[124.402153,7.28726],[124.406067,7.28541],[124.411392,7.28384]]]]}},{"type":"Feature","properties":{"ID_0":177,"ISO":"PHL","NAME_0":"Philippines","ID_1":12047,"NAME_1":"Cotabato (North Cotabato)","ID_2":1204711,"NAME_2":"Pigkawayan","ID_3":1204711038,"NAME_3":"Tigbawan","NL_NAME_3":null,"VARNAME_3":null,"TYPE_3":"Barangay","ENGTYPE_3":"Village","PROVINCE":"Cotabato (North Cotabato)","REGION":"Region XII (Soccsksargen)","id":"barangay-1204711038","name":"Tigbawan","barangayCode":"1204711038","population":null,"formattedPop":null,"densityCategory":"No data","vulnerabilityRating":"No data","healthRiskLevel":"No data","areaKm2":4.69114,"centerLat":7.295896,"centerLng":124.454337,"geometrySource":"all_barangay-2.csv detailed WKT","geometryMatchMethod":"psgc_coordinate_bridge","boundaryPointCount":9},"geometry":{"type":"MultiPolygon","coordinates":[[[[124.448929,7.30017],[124.453506,7.29936],[124.452591,7.28203],[124.447197,7.28147],[124.438438,7.28097],[124.439941,7.28662],[124.442421,7.29412],[124.443604,7.30069],[124.448929,7.30017]]]]}},{"type":"Feature","properties":{"ID_0":177,"ISO":"PHL","NAME_0":"Philippines","ID_1":12047,"NAME_1":"Cotabato (North Cotabato)","ID_2":1204711,"NAME_2":"Pigkawayan","ID_3":1204711039,"NAME_3":"Tubon","NL_NAME_3":null,"VARNAME_3":null,"TYPE_3":"Barangay","ENGTYPE_3":"Village","PROVINCE":"Cotabato (North Cotabato)","REGION":"Region XII (Soccsksargen)","id":"barangay-1204711039","name":"Tubon","barangayCode":"1204711039","population":null,"formattedPop":null,"densityCategory":"No data","vulnerabilityRating":"No data","healthRiskLevel":"No data","areaKm2":4.89891,"centerLat":7.264239,"centerLng":124.437465,"geometrySource":"all_barangay-2.csv detailed WKT","geometryMatchMethod":"psgc_coordinate_bridge","boundaryPointCount":38},"geometry":{"type":"MultiPolygon","coordinates":[[[[124.423347,7.27409],[124.43103,7.27317],[124.438812,7.27337],[124.439079,7.27258],[124.439011,7.26803],[124.43885,7.2603],[124.438538,7.25477],[124.439049,7.2506],[124.439857,7.24758],[124.440842,7.24489],[124.441856,7.24275],[124.448021,7.23622],[124.444397,7.23511],[124.441521,7.23332],[124.439194,7.22932],[124.437569,7.2279],[124.435753,7.22661],[124.434013,7.22568],[124.433662,7.22444],[124.433617,7.22318],[124.431503,7.2224],[124.430443,7.22247],[124.42878,7.22206],[124.428123,7.22187],[124.427147,7.22185],[124.426369,7.22235],[124.425217,7.22207],[124.424606,7.22176],[124.423111,7.22184],[124.42482,7.22678],[124.424873,7.23084],[124.424782,7.23782],[124.423958,7.24262],[124.42437,7.24745],[124.423882,7.253],[124.423218,7.26016],[124.423477,7.26841],[124.423347,7.27409]]]]}},{"type":"Feature","properties":{"ID_0":177,"ISO":"PHL","NAME_0":"Philippines","ID_1":12047,"NAME_1":"Cotabato (North Cotabato)","ID_2":1204711,"NAME_2":"Pigkawayan","ID_3":1204711040,"NAME_3":"Midpapan II","NL_NAME_3":null,"VARNAME_3":null,"TYPE_3":"Barangay","ENGTYPE_3":"Village","PROVINCE":"Cotabato (North Cotabato)","REGION":"Region XII (Soccsksargen)","id":"barangay-1204711040","name":"Midpapan II","barangayCode":"1204711040","population":null,"formattedPop":null,"densityCategory":"No data","vulnerabilityRating":"No data","healthRiskLevel":"No data","areaKm2":3.613556,"centerLat":7.309602,"centerLng":124.433108,"geometrySource":"all_barangay-2.csv detailed WKT","geometryMatchMethod":"psgc_coordinate_bridge","boundaryPointCount":18},"geometry":{"type":"MultiPolygon","coordinates":[[[[124.472054,7.27939],[124.471626,7.26999],[124.470978,7.26247],[124.469414,7.24268],[124.467018,7.2417],[124.464493,7.2412],[124.461807,7.23944],[124.459007,7.23914],[124.456207,7.23842],[124.45649,7.25296],[124.456642,7.25728],[124.456673,7.26117],[124.456413,7.26862],[124.456917,7.27053],[124.45919,7.27166],[124.462357,7.27339],[124.467377,7.27646],[124.472054,7.27939]]]]}},{"type":"Feature","properties":{"ID_0":177,"ISO":"PHL","NAME_0":"Philippines","ID_1":12047,"NAME_1":"Cotabato (North Cotabato)","ID_2":1204711,"NAME_2":"Pigkawayan","ID_3":1204711041,"NAME_3":"Cabpangi","NL_NAME_3":null,"VARNAME_3":null,"TYPE_3":"Barangay","ENGTYPE_3":"Village","PROVINCE":"Cotabato (North Cotabato)","REGION":"Region XII (Soccsksargen)","id":"barangay-1204711041","name":"Cabpangi","barangayCode":"1204711041","population":null,"formattedPop":null,"densityCategory":"No data","vulnerabilityRating":"No data","healthRiskLevel":"No data","areaKm2":4.134886,"centerLat":7.240483,"centerLng":124.436519,"geometrySource":"all_barangay-2.csv detailed WKT","geometryMatchMethod":"psgc_coordinate_bridge","boundaryPointCount":15},"geometry":{"type":"MultiPolygon","coordinates":[[[[124.456673,7.26117],[124.456642,7.25728],[124.45649,7.25296],[124.456207,7.23842],[124.453918,7.23839],[124.451981,7.23718],[124.450729,7.23698],[124.448021,7.23622],[124.441856,7.24275],[124.440842,7.24489],[124.439857,7.24758],[124.439049,7.2506],[124.438538,7.25477],[124.43885,7.2603],[124.456673,7.26117]]]]}},{"type":"Feature","properties":{"ID_0":177,"ISO":"PHL","NAME_0":"Philippines","ID_1":12047,"NAME_1":"Cotabato (North Cotabato)","ID_2":1204712,"NAME_2":"Pikit","ID_3":1204712003,"NAME_3":"Balabak","NL_NAME_3":null,"VARNAME_3":null,"TYPE_3":"Barangay","ENGTYPE_3":"Village","PROVINCE":"Cotabato (North Cotabato)","REGION":"Region XII (Soccsksargen)","id":"barangay-1204712003","name":"Balabak","barangayCode":"1204712003","population":null,"formattedPop":null,"densityCategory":"No data","vulnerabilityRating":"No data","healthRiskLevel":"No data","areaKm2":4.215022,"centerLat":7.121665,"centerLng":124.718208,"geometrySource":"all_barangay-2.csv detailed WKT","geometryMatchMethod":"psgc_coordinate_bridge","boundaryPointCount":34},"geometry":{"type":"MultiPolygon","coordinates":[[[[124.725189,7.12578],[124.716919,7.11708],[124.713928,7.11627],[124.703842,7.11558],[124.7006,7.11444],[124.699669,7.11427],[124.692833,7.12076],[124.697227,7.1219],[124.700447,7.12367],[124.703003,7.1271],[124.714958,7.13542],[124.715797,7.135],[124.717117,7.1352],[124.718071,7.13542],[124.717613,7.134],[124.717209,7.13329],[124.716042,7.13203],[124.714394,7.13118],[124.712997,7.12994],[124.713142,7.12905],[124.714996,7.1285],[124.71682,7.12892],[124.717621,7.12887],[124.717659,7.12794],[124.71759,7.12717],[124.717842,7.12673],[124.719193,7.12716],[124.720154,7.12781],[124.721817,7.12886],[124.722359,7.12927],[124.723099,7.12931],[124.723579,7.12747],[124.723747,7.12674],[124.725189,7.12578]]]]}},{"type":"Feature","properties":{"ID_0":177,"ISO":"PHL","NAME_0":"Philippines","ID_1":12047,"NAME_1":"Cotabato (North Cotabato)","ID_2":1204712,"NAME_2":"Pikit","ID_3":1204712004,"NAME_3":"Balatican","NL_NAME_3":null,"VARNAME_3":null,"TYPE_3":"Barangay","ENGTYPE_3":"Village","PROVINCE":"Cotabato (North Cotabato)","REGION":"Region XII (Soccsksargen)","id":"barangay-1204712004","name":"Balatican","barangayCode":"1204712004","population":null,"formattedPop":null,"densityCategory":"No data","vulnerabilityRating":"No data","healthRiskLevel":"No data","areaKm2":6.198616,"centerLat":7.086289,"centerLng":124.682532,"geometrySource":"all_barangay-2.csv detailed WKT","geometryMatchMethod":"psgc_coordinate_bridge","boundaryPointCount":40},"geometry":{"type":"MultiPolygon","coordinates":[[[[124.692833,7.12076],[124.699669,7.11427],[124.702393,7.10691],[124.704491,7.10331],[124.707176,7.10016],[124.707993,7.09629],[124.70713,7.09289],[124.707039,7.09058],[124.707809,7.08812],[124.709091,7.08456],[124.709396,7.07878],[124.708,7.07666],[124.705917,7.07331],[124.703728,7.06999],[124.702568,7.06853],[124.701408,7.06726],[124.699852,7.06666],[124.697151,7.06732],[124.6959,7.0702],[124.695923,7.07263],[124.6968,7.07611],[124.698128,7.08214],[124.696198,7.08216],[124.693939,7.08113],[124.686333,7.07932],[124.684013,7.07957],[124.684868,7.07644],[124.68856,7.07086],[124.669502,7.07004],[124.669312,7.07177],[124.669273,7.0772],[124.668381,7.07855],[124.668716,7.0846],[124.668427,7.09569],[124.66761,7.10305],[124.668503,7.10849],[124.671371,7.11632],[124.668854,7.12142],[124.686928,7.12067],[124.692833,7.12076]]]]}},{"type":"Feature","properties":{"ID_0":177,"ISO":"PHL","NAME_0":"Philippines","ID_1":12047,"NAME_1":"Cotabato (North Cotabato)","ID_2":1204712,"NAME_2":"Pikit","ID_3":1204712011,"NAME_3":"Bulod","NL_NAME_3":null,"VARNAME_3":null,"TYPE_3":"Barangay","ENGTYPE_3":"Village","PROVINCE":"Cotabato (North Cotabato)","REGION":"Region XII (Soccsksargen)","id":"barangay-1204712011","name":"Bulod","barangayCode":"1204712011","population":null,"formattedPop":null,"densityCategory":"No data","vulnerabilityRating":"No data","healthRiskLevel":"No data","areaKm2":17.642632,"centerLat":7.019505,"centerLng":124.686904,"geometrySource":"all_barangay-2.csv detailed WKT","geometryMatchMethod":"psgc_coordinate_bridge","boundaryPointCount":17},"geometry":{"type":"MultiPolygon","coordinates":[[[[124.681839,7.003],[124.683983,7.00444],[124.688263,7.00488],[124.687889,7.0002],[124.687523,6.99552],[124.687691,6.97217],[124.687691,6.97187],[124.687263,6.97187],[124.686813,6.97187],[124.684052,6.97188],[124.681297,6.97189],[124.67601,6.97276],[124.674622,6.98022],[124.676163,6.98744],[124.677223,6.99251],[124.678413,6.99862],[124.681839,7.003]]]]}},{"type":"Feature","properties":{"ID_0":177,"ISO":"PHL","NAME_0":"Philippines","ID_1":12047,"NAME_1":"Cotabato (North Cotabato)","ID_2":1204712,"NAME_2":"Pikit","ID_3":1204712013,"NAME_3":"Calawag","NL_NAME_3":null,"VARNAME_3":null,"TYPE_3":"Barangay","ENGTYPE_3":"Village","PROVINCE":"Cotabato (North Cotabato)","REGION":"Region XII (Soccsksargen)","id":"barangay-1204712013","name":"Calawag","barangayCode":"1204712013","population":null,"formattedPop":null,"densityCategory":"No data","vulnerabilityRating":"No data","healthRiskLevel":"No data","areaKm2":3.404511,"centerLat":7.040772,"centerLng":124.651342,"geometrySource":"all_barangay-2.csv detailed WKT","geometryMatchMethod":"psgc_coordinate_bridge","boundaryPointCount":17},"geometry":{"type":"MultiPolygon","coordinates":[[[[124.648087,7.04185],[124.654411,7.04037],[124.660477,7.04051],[124.661392,7.03984],[124.665703,7.04028],[124.66996,7.041],[124.672607,7.04145],[124.676987,7.03975],[124.679604,7.03526],[124.684593,7.02821],[124.665489,7.02822],[124.663017,7.02815],[124.656487,7.02921],[124.647659,7.03104],[124.64566,7.031],[124.648117,7.03822],[124.648087,7.04185]]]]}},{"type":"Feature","properties":{"ID_0":177,"ISO":"PHL","NAME_0":"Philippines","ID_1":12047,"NAME_1":"Cotabato (North Cotabato)","ID_2":1204712,"NAME_2":"Pikit","ID_3":1204712015,"NAME_3":"Dalingaoen","NL_NAME_3":null,"VARNAME_3":null,"TYPE_3":"Barangay","ENGTYPE_3":"Village","PROVINCE":"Cotabato (North Cotabato)","REGION":"Region XII (Soccsksargen)","id":"barangay-1204712015","name":"Dalingaoen","barangayCode":"1204712015","population":null,"formattedPop":null,"densityCategory":"No data","vulnerabilityRating":"No data","healthRiskLevel":"No data","areaKm2":10.364949,"centerLat":7.084703,"centerLng":124.655403,"geometrySource":"all_barangay-2.csv detailed WKT","geometryMatchMethod":"psgc_coordinate_bridge","boundaryPointCount":15},"geometry":{"type":"MultiPolygon","coordinates":[[[[124.66761,7.10305],[124.668427,7.09569],[124.668716,7.0846],[124.668381,7.07855],[124.657242,7.0791],[124.645477,7.0794],[124.643356,7.0808],[124.64399,7.08442],[124.644417,7.09098],[124.642113,7.09305],[124.639923,7.09658],[124.639282,7.09858],[124.636818,7.103],[124.641296,7.10291],[124.66761,7.10305]]]]}},{"type":"Feature","properties":{"ID_0":177,"ISO":"PHL","NAME_0":"Philippines","ID_1":12047,"NAME_1":"Cotabato (North Cotabato)","ID_2":1204712,"NAME_2":"Pikit","ID_3":1204712016,"NAME_3":"Damalasak","NL_NAME_3":null,"VARNAME_3":null,"TYPE_3":"Barangay","ENGTYPE_3":"Village","PROVINCE":"Cotabato (North Cotabato)","REGION":"Region XII (Soccsksargen)","id":"barangay-1204712016","name":"Damalasak","barangayCode":"1204712016","population":null,"formattedPop":null,"densityCategory":"No data","vulnerabilityRating":"No data","healthRiskLevel":"No data","areaKm2":2.228869,"centerLat":7.031602,"centerLng":124.606585,"geometrySource":"all_barangay-2.csv detailed WKT","geometryMatchMethod":"psgc_coordinate_bridge","boundaryPointCount":17},"geometry":{"type":"MultiPolygon","coordinates":[[[[124.616333,7.06458],[124.617371,7.06483],[124.619881,7.06499],[124.623161,7.06367],[124.626297,7.06148],[124.629227,7.05866],[124.630814,7.05729],[124.630608,7.04915],[124.621887,7.04851],[124.615913,7.04757],[124.607918,7.04698],[124.607201,7.05035],[124.606277,7.05582],[124.60656,7.06052],[124.607803,7.064],[124.612198,7.06456],[124.616333,7.06458]]]]}},{"type":"Feature","properties":{"ID_0":177,"ISO":"PHL","NAME_0":"Philippines","ID_1":12047,"NAME_1":"Cotabato (North Cotabato)","ID_2":1204712,"NAME_2":"Pikit","ID_3":1204712020,"NAME_3":"Ginatilan","NL_NAME_3":null,"VARNAME_3":null,"TYPE_3":"Barangay","ENGTYPE_3":"Village","PROVINCE":"Cotabato (North Cotabato)","REGION":"Region XII (Soccsksargen)","id":"barangay-1204712020","name":"Ginatilan","barangayCode":"1204712020","population":null,"formattedPop":null,"densityCategory":"No data","vulnerabilityRating":"No data","healthRiskLevel":"No data","areaKm2":6.030623,"centerLat":7.053304,"centerLng":124.637055,"geometrySource":"all_barangay-2.csv detailed WKT","geometryMatchMethod":"psgc_coordinate_bridge","boundaryPointCount":13},"geometry":{"type":"MultiPolygon","coordinates":[[[[124.647293,7.05724],[124.647781,7.05099],[124.648651,7.04565],[124.648087,7.04185],[124.643044,7.04243],[124.63884,7.0431],[124.631721,7.04321],[124.631508,7.04524],[124.629929,7.046],[124.630608,7.04915],[124.630814,7.05729],[124.63546,7.05737],[124.647293,7.05724]]]]}},{"type":"Feature","properties":{"ID_0":177,"ISO":"PHL","NAME_0":"Philippines","ID_1":12047,"NAME_1":"Cotabato (North Cotabato)","ID_2":1204712,"NAME_2":"Pikit","ID_3":1204712023,"NAME_3":"Inug-ug","NL_NAME_3":null,"VARNAME_3":null,"TYPE_3":"Barangay","ENGTYPE_3":"Village","PROVINCE":"Cotabato (North Cotabato)","REGION":"Region XII (Soccsksargen)","id":"barangay-1204712023","name":"Inug-ug","barangayCode":"1204712023","population":null,"formattedPop":null,"densityCategory":"No data","vulnerabilityRating":"No data","healthRiskLevel":"No data","areaKm2":18.911722,"centerLat":7.043513,"centerLng":124.690977,"geometrySource":"all_barangay-2.csv detailed WKT","geometryMatchMethod":"psgc_coordinate_bridge","boundaryPointCount":29},"geometry":{"type":"MultiPolygon","coordinates":[[[[124.683456,7.05623],[124.68692,7.05483],[124.689377,7.05327],[124.689789,7.0524],[124.690712,7.0507],[124.692284,7.04917],[124.694069,7.04855],[124.696953,7.04867],[124.699181,7.04888],[124.700119,7.0468],[124.699753,7.04395],[124.69957,7.04286],[124.69928,7.04068],[124.699448,7.03806],[124.70034,7.036],[124.702507,7.03433],[124.704102,7.03339],[124.705902,7.03225],[124.707413,7.03066],[124.707893,7.02908],[124.707527,7.02777],[124.706902,7.02684],[124.706207,7.02479],[124.687927,7.02816],[124.684593,7.02821],[124.679604,7.03526],[124.676987,7.03975],[124.677063,7.05621],[124.683456,7.05623]]]]}},{"type":"Feature","properties":{"ID_0":177,"ISO":"PHL","NAME_0":"Philippines","ID_1":12047,"NAME_1":"Cotabato (North Cotabato)","ID_2":1204712,"NAME_2":"Pikit","ID_3":1204712025,"NAME_3":"Kalacacan","NL_NAME_3":null,"VARNAME_3":null,"TYPE_3":"Barangay","ENGTYPE_3":"Village","PROVINCE":"Cotabato (North Cotabato)","REGION":"Region XII (Soccsksargen)","id":"barangay-1204712025","name":"Kalacacan","barangayCode":"1204712025","population":null,"formattedPop":null,"densityCategory":"No data","vulnerabilityRating":"No data","healthRiskLevel":"No data","areaKm2":10.79389,"centerLat":7.119903,"centerLng":124.650862,"geometrySource":"all_barangay-2.csv detailed WKT","geometryMatchMethod":"psgc_coordinate_bridge","boundaryPointCount":23},"geometry":{"type":"MultiPolygon","coordinates":[[[[124.622688,7.13626],[124.634483,7.13257],[124.635986,7.13137],[124.650757,7.13081],[124.662582,7.13083],[124.666611,7.12793],[124.668854,7.12142],[124.671371,7.11632],[124.668503,7.10849],[124.66761,7.10305],[124.641296,7.10291],[124.636818,7.103],[124.626053,7.10352],[124.627983,7.10659],[124.629433,7.10729],[124.630791,7.10975],[124.632637,7.1127],[124.633217,7.11502],[124.632118,7.11792],[124.629601,7.11966],[124.6297,7.12153],[124.614738,7.12315],[124.622688,7.13626]]]]}},{"type":"Feature","properties":{"ID_0":177,"ISO":"PHL","NAME_0":"Philippines","ID_1":12047,"NAME_1":"Cotabato (North Cotabato)","ID_2":1204712,"NAME_2":"Pikit","ID_3":1204712026,"NAME_3":"Katilacan","NL_NAME_3":null,"VARNAME_3":null,"TYPE_3":"Barangay","ENGTYPE_3":"Village","PROVINCE":"Cotabato (North Cotabato)","REGION":"Region XII (Soccsksargen)","id":"barangay-1204712026","name":"Katilacan","barangayCode":"1204712026","population":null,"formattedPop":null,"densityCategory":"No data","vulnerabilityRating":"No data","healthRiskLevel":"No data","areaKm2":5.473079,"centerLat":7.009003,"centerLng":124.601426,"geometrySource":"all_barangay-2.csv detailed WKT","geometryMatchMethod":"psgc_coordinate_bridge","boundaryPointCount":19},"geometry":{"type":"MultiPolygon","coordinates":[[[[124.645447,7.01905],[124.645683,7.01831],[124.643593,7.01034],[124.641769,7.00307],[124.637604,6.99612],[124.627792,6.98641],[124.62043,6.98698],[124.61795,6.98707],[124.615471,6.98716],[124.61425,6.99103],[124.614166,6.99745],[124.613037,7.004],[124.613907,7.00854],[124.614113,7.01266],[124.614197,7.01718],[124.614342,7.01837],[124.620064,7.02728],[124.6334,7.02381],[124.645447,7.01905]]]]}},{"type":"Feature","properties":{"ID_0":177,"ISO":"PHL","NAME_0":"Philippines","ID_1":12047,"NAME_1":"Cotabato (North Cotabato)","ID_2":1204712,"NAME_2":"Pikit","ID_3":1204712028,"NAME_3":"Kolambog","NL_NAME_3":null,"VARNAME_3":null,"TYPE_3":"Barangay","ENGTYPE_3":"Village","PROVINCE":"Cotabato (North Cotabato)","REGION":"Region XII (Soccsksargen)","id":"barangay-1204712028","name":"Kolambog","barangayCode":"1204712028","population":null,"formattedPop":null,"densityCategory":"No data","vulnerabilityRating":"No data","healthRiskLevel":"No data","areaKm2":5.594449,"centerLat":7.042134,"centerLng":124.576604,"geometrySource":"all_barangay-2.csv detailed WKT","geometryMatchMethod":"psgc_coordinate_bridge","boundaryPointCount":15},"geometry":{"type":"MultiPolygon","coordinates":[[[[124.588287,7.05796],[124.588142,7.05523],[124.587753,7.04977],[124.588753,7.04647],[124.589638,7.04376],[124.59137,7.04308],[124.588951,7.04182],[124.588997,7.03775],[124.580383,7.0353],[124.567596,7.03096],[124.567841,7.04781],[124.56749,7.05834],[124.571762,7.05767],[124.580978,7.05813],[124.588287,7.05796]]]]}},{"type":"Feature","properties":{"ID_0":177,"ISO":"PHL","NAME_0":"Philippines","ID_1":12047,"NAME_1":"Cotabato (North Cotabato)","ID_2":1204712,"NAME_2":"Pikit","ID_3":1204712029,"NAME_3":"Ladtingan","NL_NAME_3":null,"VARNAME_3":null,"TYPE_3":"Barangay","ENGTYPE_3":"Village","PROVINCE":"Cotabato (North Cotabato)","REGION":"Region XII (Soccsksargen)","id":"barangay-1204712029","name":"Ladtingan","barangayCode":"1204712029","population":null,"formattedPop":null,"densityCategory":"No data","vulnerabilityRating":"No data","healthRiskLevel":"No data","areaKm2":4.820116,"centerLat":7.053373,"centerLng":124.66041,"geometrySource":"all_barangay-2.csv detailed WKT","geometryMatchMethod":"psgc_coordinate_bridge","boundaryPointCount":9},"geometry":{"type":"MultiPolygon","coordinates":[[[[124.656792,7.05676],[124.660477,7.04051],[124.654411,7.04037],[124.648087,7.04185],[124.648651,7.04565],[124.647781,7.05099],[124.647293,7.05724],[124.649651,7.05675],[124.656792,7.05676]]]]}},{"type":"Feature","properties":{"ID_0":177,"ISO":"PHL","NAME_0":"Philippines","ID_1":12047,"NAME_1":"Cotabato (North Cotabato)","ID_2":1204712,"NAME_2":"Pikit","ID_3":1204712031,"NAME_3":"Langayen","NL_NAME_3":null,"VARNAME_3":null,"TYPE_3":"Barangay","ENGTYPE_3":"Village","PROVINCE":"Cotabato (North Cotabato)","REGION":"Region XII (Soccsksargen)","id":"barangay-1204712031","name":"Langayen","barangayCode":"1204712031","population":null,"formattedPop":null,"densityCategory":"No data","vulnerabilityRating":"No data","healthRiskLevel":"No data","areaKm2":6.636185,"centerLat":7.07193,"centerLng":124.569911,"geometrySource":"all_barangay-2.csv detailed WKT","geometryMatchMethod":"psgc_coordinate_bridge","boundaryPointCount":10},"geometry":{"type":"MultiPolygon","coordinates":[[[[124.567207,7.09436],[124.579628,7.09376],[124.581329,7.08005],[124.581413,7.0676],[124.580978,7.05813],[124.571762,7.05767],[124.56749,7.05834],[124.566902,7.07167],[124.567909,7.07941],[124.567207,7.09436]]]]}},{"type":"Feature","properties":{"ID_0":177,"ISO":"PHL","NAME_0":"Philippines","ID_1":12047,"NAME_1":"Cotabato (North Cotabato)","ID_2":1204712,"NAME_2":"Pikit","ID_3":1204712046,"NAME_3":"Paidu Pulangi","NL_NAME_3":null,"VARNAME_3":null,"TYPE_3":"Barangay","ENGTYPE_3":"Village","PROVINCE":"Cotabato (North Cotabato)","REGION":"Region XII (Soccsksargen)","id":"barangay-1204712046","name":"Paidu Pulangi","barangayCode":"1204712046","population":null,"formattedPop":null,"densityCategory":"No data","vulnerabilityRating":"No data","healthRiskLevel":"No data","areaKm2":5.511955,"centerLat":7.023434,"centerLng":124.570702,"geometrySource":"all_barangay-2.csv detailed WKT","geometryMatchMethod":"psgc_coordinate_bridge","boundaryPointCount":32},"geometry":{"type":"MultiPolygon","coordinates":[[[[124.568382,7.02072],[124.57209,7.01579],[124.581337,7.00475],[124.592438,6.99114],[124.601303,6.97992],[124.605667,6.97819],[124.594162,6.96922],[124.588547,6.96957],[124.586067,6.96963],[124.584267,6.97155],[124.583344,6.97372],[124.581688,6.97695],[124.579933,6.97994],[124.576874,6.98292],[124.574753,6.98539],[124.573097,6.98731],[124.569893,6.99118],[124.567596,6.99501],[124.566803,6.99588],[124.562218,6.99814],[124.559311,7.0003],[124.557999,7.00199],[124.556328,7.0035],[124.554741,7.00534],[124.553596,7.00798],[124.553284,7.00985],[124.553642,7.01141],[124.554459,7.01413],[124.555077,7.01742],[124.554108,7.02023],[124.55172,7.02159],[124.568382,7.02072]]]]}},{"type":"Feature","properties":{"ID_0":177,"ISO":"PHL","NAME_0":"Philippines","ID_1":12047,"NAME_1":"Cotabato (North Cotabato)","ID_2":1204712,"NAME_2":"Pikit","ID_3":1204712050,"NAME_3":"Poblacion","NL_NAME_3":null,"VARNAME_3":null,"TYPE_3":"Barangay","ENGTYPE_3":"Village","PROVINCE":"Cotabato (North Cotabato)","REGION":"Region XII (Soccsksargen)","id":"barangay-1204712050","name":"Poblacion","barangayCode":"1204712050","population":null,"formattedPop":null,"densityCategory":"No data","vulnerabilityRating":"No data","healthRiskLevel":"No data","areaKm2":1.424183,"centerLat":7.0529,"centerLng":124.675768,"geometrySource":"all_barangay-2.csv detailed WKT","geometryMatchMethod":"psgc_coordinate_bridge","boundaryPointCount":10},"geometry":{"type":"MultiPolygon","coordinates":[[[[124.671013,7.0566],[124.677063,7.05621],[124.676987,7.03975],[124.672607,7.04145],[124.66996,7.041],[124.665703,7.04028],[124.661392,7.03984],[124.660477,7.04051],[124.656792,7.05676],[124.671013,7.0566]]]]}},{"type":"Feature","properties":{"ID_0":177,"ISO":"PHL","NAME_0":"Philippines","ID_1":12047,"NAME_1":"Cotabato (North Cotabato)","ID_2":1204712,"NAME_2":"Pikit","ID_3":1204712051,"NAME_3":"Punol","NL_NAME_3":null,"VARNAME_3":null,"TYPE_3":"Barangay","ENGTYPE_3":"Village","PROVINCE":"Cotabato (North Cotabato)","REGION":"Region XII (Soccsksargen)","id":"barangay-1204712051","name":"Punol","barangayCode":"1204712051","population":null,"formattedPop":null,"densityCategory":"No data","vulnerabilityRating":"No data","healthRiskLevel":"No data","areaKm2":7.191613,"centerLat":7.009464,"centerLng":124.585008,"geometrySource":"all_barangay-2.csv detailed WKT","geometryMatchMethod":"psgc_coordinate_bridge","boundaryPointCount":18},"geometry":{"type":"MultiPolygon","coordinates":[[[[124.614342,7.01837],[124.614197,7.01718],[124.614113,7.01266],[124.613907,7.00854],[124.613037,7.004],[124.614166,6.99745],[124.61425,6.99103],[124.615471,6.98716],[124.605667,6.97819],[124.601303,6.97992],[124.592438,6.99114],[124.581337,7.00475],[124.583549,7.00509],[124.588814,7.01089],[124.595703,7.01605],[124.602013,7.01988],[124.60936,7.02191],[124.614342,7.01837]]]]}},{"type":"Feature","properties":{"ID_0":177,"ISO":"PHL","NAME_0":"Philippines","ID_1":12047,"NAME_1":"Cotabato (North Cotabato)","ID_2":1204712,"NAME_2":"Pikit","ID_3":1204712055,"NAME_3":"Silik","NL_NAME_3":null,"VARNAME_3":null,"TYPE_3":"Barangay","ENGTYPE_3":"Village","PROVINCE":"Cotabato (North Cotabato)","REGION":"Region XII (Soccsksargen)","id":"barangay-1204712055","name":"Silik","barangayCode":"1204712055","population":null,"formattedPop":null,"densityCategory":"No data","vulnerabilityRating":"No data","healthRiskLevel":"No data","areaKm2":2.921946,"centerLat":7.034635,"centerLng":124.59212,"geometrySource":"all_barangay-2.csv detailed WKT","geometryMatchMethod":"psgc_coordinate_bridge","boundaryPointCount":20},"geometry":{"type":"MultiPolygon","coordinates":[[[[124.588997,7.03775],[124.593323,7.03827],[124.598587,7.039],[124.600433,7.03964],[124.605728,7.03786],[124.61084,7.03469],[124.620064,7.02728],[124.614342,7.01837],[124.60936,7.02191],[124.602013,7.01988],[124.595703,7.01605],[124.588814,7.01089],[124.583549,7.00509],[124.581337,7.00475],[124.57209,7.01579],[124.568382,7.02072],[124.56778,7.02197],[124.567596,7.03096],[124.580383,7.0353],[124.588997,7.03775]]]]}},{"type":"Feature","properties":{"ID_0":177,"ISO":"PHL","NAME_0":"Philippines","ID_1":12047,"NAME_1":"Cotabato (North Cotabato)","ID_2":1204712,"NAME_2":"Pikit","ID_3":1204712056,"NAME_3":"Takipan","NL_NAME_3":null,"VARNAME_3":null,"TYPE_3":"Barangay","ENGTYPE_3":"Village","PROVINCE":"Cotabato (North Cotabato)","REGION":"Region XII (Soccsksargen)","id":"barangay-1204712056","name":"Takipan","barangayCode":"1204712056","population":null,"formattedPop":null,"densityCategory":"No data","vulnerabilityRating":"No data","healthRiskLevel":"No data","areaKm2":5.656801,"centerLat":7.094287,"centerLng":124.637629,"geometrySource":"all_barangay-2.csv detailed WKT","geometryMatchMethod":"psgc_coordinate_bridge","boundaryPointCount":22},"geometry":{"type":"MultiPolygon","coordinates":[[[[124.636818,7.103],[124.639282,7.09858],[124.639923,7.09658],[124.642113,7.09305],[124.644417,7.09098],[124.64399,7.08442],[124.643356,7.0808],[124.645477,7.0794],[124.645767,7.0763],[124.646713,7.07362],[124.644669,7.07564],[124.640747,7.07437],[124.637787,7.0761],[124.638283,7.07777],[124.63488,7.08205],[124.629631,7.08701],[124.630623,7.08722],[124.627563,7.08981],[124.625603,7.09263],[124.624893,7.09786],[124.626053,7.10352],[124.636818,7.103]]]]}},{"type":"Feature","properties":{"ID_0":177,"ISO":"PHL","NAME_0":"Philippines","ID_1":12047,"NAME_1":"Cotabato (North Cotabato)","ID_2":1204712,"NAME_2":"Pikit","ID_3":1204712057,"NAME_3":"Talitay","NL_NAME_3":null,"VARNAME_3":null,"TYPE_3":"Barangay","ENGTYPE_3":"Village","PROVINCE":"Cotabato (North Cotabato)","REGION":"Region XII (Soccsksargen)","id":"barangay-1204712057","name":"Talitay","barangayCode":"1204712057","population":null,"formattedPop":null,"densityCategory":"No data","vulnerabilityRating":"No data","healthRiskLevel":"No data","areaKm2":3.711545,"centerLat":7.028098,"centerLng":124.699393,"geometrySource":"all_barangay-2.csv detailed WKT","geometryMatchMethod":"psgc_coordinate_bridge","boundaryPointCount":43},"geometry":{"type":"MultiPolygon","coordinates":[[[[124.688263,7.00488],[124.696587,7.00471],[124.704727,7.00455],[124.706017,7.00303],[124.70681,7.0025],[124.707588,7.00198],[124.709976,7.00122],[124.711159,7.00118],[124.713692,7.00057],[124.715279,7.00034],[124.716537,7.00015],[124.716881,6.99968],[124.718086,6.99803],[124.718262,6.99682],[124.717247,6.99474],[124.715851,6.99337],[124.714127,6.99256],[124.712288,6.99242],[124.711288,6.9923],[124.710411,6.9922],[124.709831,6.99217],[124.709267,6.99213],[124.705643,6.99172],[124.70192,6.99022],[124.700668,6.98764],[124.701019,6.98722],[124.704224,6.98327],[124.704742,6.98182],[124.705238,6.98047],[124.703789,6.98012],[124.701736,6.97962],[124.699463,6.97923],[124.697166,6.97884],[124.696091,6.97638],[124.695801,6.97572],[124.695671,6.9756],[124.694687,6.9747],[124.692047,6.97253],[124.687691,6.97187],[124.687691,6.97217],[124.687523,6.99552],[124.687889,7.0002],[124.688263,7.00488]]]]}},{"type":"Feature","properties":{"ID_0":177,"ISO":"PHL","NAME_0":"Philippines","ID_1":12047,"NAME_1":"Cotabato (North Cotabato)","ID_2":1204712,"NAME_2":"Pikit","ID_3":1204712060,"NAME_3":"Tinutulan","NL_NAME_3":null,"VARNAME_3":null,"TYPE_3":"Barangay","ENGTYPE_3":"Village","PROVINCE":"Cotabato (North Cotabato)","REGION":"Region XII (Soccsksargen)","id":"barangay-1204712060","name":"Tinutulan","barangayCode":"1204712060","population":null,"formattedPop":null,"densityCategory":"No data","vulnerabilityRating":"No data","healthRiskLevel":"No data","areaKm2":10.419475,"centerLat":7.137775,"centerLng":124.694904,"geometrySource":"all_barangay-2.csv detailed WKT","geometryMatchMethod":"psgc_coordinate_bridge","boundaryPointCount":52},"geometry":{"type":"MultiPolygon","coordinates":[[[[124.693039,7.14678],[124.692917,7.14514],[124.694473,7.14333],[124.695908,7.14207],[124.697578,7.14179],[124.698807,7.14173],[124.701347,7.14113],[124.703194,7.14159],[124.7043,7.14202],[124.706139,7.14192],[124.707367,7.14116],[124.707771,7.13964],[124.706734,7.13844],[124.705803,7.13749],[124.706787,7.13678],[124.70842,7.13716],[124.709671,7.13765],[124.710533,7.13726],[124.710197,7.13663],[124.709007,7.13557],[124.708939,7.13402],[124.709969,7.1337],[124.711456,7.13438],[124.712318,7.13528],[124.712112,7.13648],[124.712784,7.13686],[124.714211,7.13601],[124.714958,7.13542],[124.703003,7.1271],[124.700447,7.12367],[124.697227,7.1219],[124.692833,7.12076],[124.686928,7.12067],[124.668854,7.12142],[124.666611,7.12793],[124.662582,7.13083],[124.650757,7.13081],[124.635986,7.13137],[124.634483,7.13257],[124.622688,7.13626],[124.626419,7.1436],[124.627083,7.1434],[124.632957,7.14256],[124.640617,7.14071],[124.647476,7.14652],[124.65583,7.14349],[124.660103,7.14938],[124.666618,7.14897],[124.675888,7.14843],[124.679916,7.14835],[124.682549,7.14817],[124.693039,7.14678]]]]}},{"type":"Feature","properties":{"ID_0":177,"ISO":"PHL","NAME_0":"Philippines","ID_1":12047,"NAME_1":"Cotabato (North Cotabato)","ID_2":1204713,"NAME_2":"President Roxas","ID_3":1204713001,"NAME_3":"Alegria","NL_NAME_3":null,"VARNAME_3":null,"TYPE_3":"Barangay","ENGTYPE_3":"Village","PROVINCE":"Cotabato (North Cotabato)","REGION":"Region XII (Soccsksargen)","id":"barangay-1204713001","name":"Alegria","barangayCode":"1204713001","population":null,"formattedPop":null,"densityCategory":"No data","vulnerabilityRating":"No data","healthRiskLevel":"No data","areaKm2":4.913831,"centerLat":7.123488,"centerLng":125.066594,"geometrySource":"all_barangay-2.csv detailed WKT","geometryMatchMethod":"psgc_coordinate_bridge","boundaryPointCount":11},"geometry":{"type":"MultiPolygon","coordinates":[[[[125.052383,7.13116],[125.05394,7.13184],[125.056808,7.13164],[125.060577,7.13034],[125.059143,7.12185],[125.055687,7.12298],[125.051857,7.12512],[125.050056,7.12553],[125.050667,7.12724],[125.052231,7.12839],[125.052383,7.13116]]]]}},{"type":"Feature","properties":{"ID_0":177,"ISO":"PHL","NAME_0":"Philippines","ID_1":12047,"NAME_1":"Cotabato (North Cotabato)","ID_2":1204713,"NAME_2":"President Roxas","ID_3":1204713002,"NAME_3":"Bato-bato","NL_NAME_3":null,"VARNAME_3":null,"TYPE_3":"Barangay","ENGTYPE_3":"Village","PROVINCE":"Cotabato (North Cotabato)","REGION":"Region XII (Soccsksargen)","id":"barangay-1204713002","name":"Bato-bato","barangayCode":"1204713002","population":null,"formattedPop":null,"densityCategory":"No data","vulnerabilityRating":"No data","healthRiskLevel":"No data","areaKm2":19.53456,"centerLat":7.411513,"centerLng":125.081393,"geometrySource":"all_barangay-2.csv detailed WKT","geometryMatchMethod":"psgc_coordinate_bridge","boundaryPointCount":63},"geometry":{"type":"MultiPolygon","coordinates":[[[[125.08773,7.42477],[125.090843,7.42587],[125.098038,7.41231],[125.102913,7.40015],[125.100723,7.40118],[125.099007,7.39969],[125.098106,7.39775],[125.099274,7.39706],[125.099983,7.39642],[125.100052,7.39548],[125.09938,7.3935],[125.100273,7.39218],[125.100883,7.39109],[125.1007,7.38976],[125.100502,7.38851],[125.101021,7.38697],[125.100929,7.38642],[125.102386,7.3863],[125.103867,7.38487],[125.102142,7.38251],[125.105087,7.38265],[125.10704,7.38049],[125.106354,7.37826],[125.108856,7.37857],[125.107437,7.37567],[125.109573,7.37506],[125.108887,7.37283],[125.110527,7.37415],[125.111649,7.3725],[125.113693,7.37396],[125.115318,7.37478],[125.117271,7.37881],[125.116226,7.36896],[125.116272,7.3531],[125.115982,7.33248],[125.114098,7.3315],[125.111961,7.33367],[125.112518,7.33543],[125.111481,7.33659],[125.108627,7.33709],[125.105217,7.3376],[125.106003,7.33944],[125.105652,7.34163],[125.104446,7.34167],[125.101601,7.34274],[125.098503,7.34458],[125.096817,7.34678],[125.093033,7.34647],[125.090714,7.34462],[125.090988,7.35186],[125.092682,7.36424],[125.09584,7.37395],[125.095833,7.37592],[125.09684,7.37665],[125.098167,7.3785],[125.096367,7.3844],[125.094032,7.38736],[125.090874,7.39438],[125.086777,7.40011],[125.076233,7.4173],[125.078239,7.42101],[125.083557,7.42362],[125.08773,7.42477]]]]}},{"type":"Feature","properties":{"ID_0":177,"ISO":"PHL","NAME_0":"Philippines","ID_1":12047,"NAME_1":"Cotabato (North Cotabato)","ID_2":1204713,"NAME_2":"President Roxas","ID_3":1204713003,"NAME_3":"Del Carmen","NL_NAME_3":null,"VARNAME_3":null,"TYPE_3":"Barangay","ENGTYPE_3":"Village","PROVINCE":"Cotabato (North Cotabato)","REGION":"Region XII (Soccsksargen)","id":"barangay-1204713003","name":"Del Carmen","barangayCode":"1204713003","population":null,"formattedPop":null,"densityCategory":"No data","vulnerabilityRating":"No data","healthRiskLevel":"No data","areaKm2":6.675129,"centerLat":7.111,"centerLng":125.036835,"geometrySource":"all_barangay-2.csv detailed WKT","geometryMatchMethod":"psgc_coordinate_bridge","boundaryPointCount":32},"geometry":{"type":"MultiPolygon","coordinates":[[[[125.050056,7.12553],[125.047989,7.12254],[125.047623,7.11965],[125.046654,7.11684],[125.042618,7.11468],[125.037354,7.11157],[125.029991,7.10779],[125.024849,7.10581],[125.020897,7.10491],[125.017906,7.10523],[125.017036,7.10355],[125.014977,7.10989],[125.015068,7.11464],[125.014679,7.11881],[125.013901,7.11938],[125.012672,7.1191],[125.012337,7.12008],[125.01181,7.12214],[125.011993,7.12402],[125.012566,7.12481],[125.014343,7.12535],[125.01548,7.12467],[125.019836,7.12438],[125.023308,7.12444],[125.027672,7.1254],[125.030792,7.12527],[125.036003,7.1242],[125.040123,7.12383],[125.042259,7.12332],[125.046143,7.1247],[125.050667,7.12724],[125.050056,7.12553]]]]}},{"type":"Feature","properties":{"ID_0":177,"ISO":"PHL","NAME_0":"Philippines","ID_1":12047,"NAME_1":"Cotabato (North Cotabato)","ID_2":1204713,"NAME_2":"President Roxas","ID_3":1204713005,"NAME_3":"F. Cajelo","NL_NAME_3":null,"VARNAME_3":null,"TYPE_3":"Barangay","ENGTYPE_3":"Village","PROVINCE":"Cotabato (North Cotabato)","REGION":"Region XII (Soccsksargen)","id":"barangay-1204713005","name":"F. Cajelo","barangayCode":"1204713005","population":null,"formattedPop":null,"densityCategory":"No data","vulnerabilityRating":"No data","healthRiskLevel":"No data","areaKm2":4.480352,"centerLat":7.193072,"centerLng":125.02401,"geometrySource":"all_barangay-2.csv detailed WKT","geometryMatchMethod":"psgc_coordinate_bridge","boundaryPointCount":16},"geometry":{"type":"MultiPolygon","coordinates":[[[[125.075363,7.24902],[125.075119,7.2483],[125.07132,7.23916],[125.06797,7.22952],[125.058884,7.21122],[125.047363,7.17958],[125.038658,7.18092],[125.030968,7.18069],[125.02005,7.17985],[125.005417,7.17942],[125.020477,7.21528],[125.030891,7.23337],[125.041183,7.24119],[125.046349,7.25023],[125.06002,7.24916],[125.075363,7.24902]]]]}},{"type":"Feature","properties":{"ID_0":177,"ISO":"PHL","NAME_0":"Philippines","ID_1":12047,"NAME_1":"Cotabato (North Cotabato)","ID_2":1204713,"NAME_2":"President Roxas","ID_3":1204713006,"NAME_3":"Idaoman","NL_NAME_3":null,"VARNAME_3":null,"TYPE_3":"Barangay","ENGTYPE_3":"Village","PROVINCE":"Cotabato (North Cotabato)","REGION":"Region XII (Soccsksargen)","id":"barangay-1204713006","name":"Idaoman","barangayCode":"1204713006","population":null,"formattedPop":null,"densityCategory":"No data","vulnerabilityRating":"No data","healthRiskLevel":"No data","areaKm2":5.66648,"centerLat":7.15383,"centerLng":125.011839,"geometrySource":"all_barangay-2.csv detailed WKT","geometryMatchMethod":"psgc_coordinate_bridge","boundaryPointCount":37},"geometry":{"type":"MultiPolygon","coordinates":[[[[125.044228,7.15903],[125.043182,7.15608],[125.040199,7.14897],[125.037323,7.14099],[125.033073,7.13411],[125.02916,7.13656],[125.025452,7.13861],[125.020523,7.13732],[125.017464,7.13632],[125.014992,7.13569],[125.013252,7.13671],[125.01355,7.13673],[125.008034,7.13703],[125.006088,7.13781],[125.002777,7.13868],[124.999352,7.14128],[124.996872,7.13998],[124.994507,7.13978],[124.991623,7.14222],[124.987053,7.14309],[124.990158,7.14802],[124.991547,7.15143],[124.993217,7.15527],[124.994179,7.1547],[125.001839,7.15289],[125.007553,7.15061],[125.010307,7.15223],[125.017181,7.15637],[125.018951,7.1572],[125.022293,7.15765],[125.027878,7.15898],[125.030312,7.15981],[125.033539,7.16033],[125.039124,7.15942],[125.0401,7.16055],[125.044594,7.15967],[125.044228,7.15903]]]]}},{"type":"Feature","properties":{"ID_0":177,"ISO":"PHL","NAME_0":"Philippines","ID_1":12047,"NAME_1":"Cotabato (North Cotabato)","ID_2":1204713,"NAME_2":"President Roxas","ID_3":1204713007,"NAME_3":"Ilustre","NL_NAME_3":null,"VARNAME_3":null,"TYPE_3":"Barangay","ENGTYPE_3":"Village","PROVINCE":"Cotabato (North Cotabato)","REGION":"Region XII (Soccsksargen)","id":"barangay-1204713007","name":"Ilustre","barangayCode":"1204713007","population":null,"formattedPop":null,"densityCategory":"No data","vulnerabilityRating":"No data","healthRiskLevel":"No data","areaKm2":12.343159,"centerLat":7.344303,"centerLng":125.060397,"geometrySource":"all_barangay-2.csv detailed WKT","geometryMatchMethod":"psgc_coordinate_bridge","boundaryPointCount":51},"geometry":{"type":"MultiPolygon","coordinates":[[[[125.090988,7.35186],[125.090714,7.34462],[125.093071,7.33772],[125.091599,7.3249],[125.089821,7.3161],[125.087914,7.31066],[125.08699,7.31314],[125.085213,7.31332],[125.084473,7.31519],[125.084251,7.32082],[125.083649,7.32355],[125.083076,7.33082],[125.073097,7.33589],[125.067947,7.33822],[125.052116,7.34417],[125.047493,7.34539],[125.049423,7.34697],[125.05085,7.35337],[125.050957,7.35806],[125.048286,7.35897],[125.050148,7.36987],[125.047203,7.37321],[125.043556,7.37868],[125.043839,7.38802],[125.045677,7.38502],[125.050407,7.38257],[125.056282,7.37817],[125.057243,7.3705],[125.056137,7.36937],[125.055199,7.3682],[125.053673,7.36662],[125.054497,7.36375],[125.053169,7.36249],[125.05368,7.36137],[125.056549,7.36082],[125.059769,7.35947],[125.063477,7.35937],[125.066818,7.36227],[125.070137,7.36155],[125.072472,7.36223],[125.074753,7.36014],[125.075256,7.35763],[125.074211,7.35423],[125.075981,7.35588],[125.078262,7.35607],[125.081413,7.35508],[125.083946,7.35252],[125.085518,7.35431],[125.087143,7.35645],[125.088867,7.35303],[125.090988,7.35186]]]]}},{"type":"Feature","properties":{"ID_0":177,"ISO":"PHL","NAME_0":"Philippines","ID_1":12047,"NAME_1":"Cotabato (North Cotabato)","ID_2":1204713,"NAME_2":"President Roxas","ID_3":1204713008,"NAME_3":"Kamarahan","NL_NAME_3":null,"VARNAME_3":null,"TYPE_3":"Barangay","ENGTYPE_3":"Village","PROVINCE":"Cotabato (North Cotabato)","REGION":"Region XII (Soccsksargen)","id":"barangay-1204713008","name":"Kamarahan","barangayCode":"1204713008","population":null,"formattedPop":null,"densityCategory":"No data","vulnerabilityRating":"No data","healthRiskLevel":"No data","areaKm2":5.091972,"centerLat":7.129623,"centerLng":125.012375,"geometrySource":"all_barangay-2.csv detailed WKT","geometryMatchMethod":"psgc_coordinate_bridge","boundaryPointCount":26},"geometry":{"type":"MultiPolygon","coordinates":[[[[124.987053,7.14309],[124.991623,7.14222],[124.994507,7.13978],[124.996872,7.13998],[124.999352,7.14128],[125.002777,7.13868],[125.006088,7.13781],[125.008034,7.13703],[125.01355,7.13673],[125.013252,7.13671],[125.014992,7.13569],[125.017464,7.13632],[125.017563,7.13618],[125.015717,7.13251],[125.014587,7.12765],[125.014343,7.12535],[125.012566,7.12481],[125.01017,7.12408],[125.006691,7.12508],[125.004303,7.12546],[124.999786,7.12791],[124.995483,7.12691],[124.989769,7.1273],[124.985367,7.12669],[124.98558,7.13165],[124.987053,7.14309]]]]}},{"type":"Feature","properties":{"ID_0":177,"ISO":"PHL","NAME_0":"Philippines","ID_1":12047,"NAME_1":"Cotabato (North Cotabato)","ID_2":1204713,"NAME_2":"President Roxas","ID_3":1204713009,"NAME_3":"Camasi","NL_NAME_3":null,"VARNAME_3":null,"TYPE_3":"Barangay","ENGTYPE_3":"Village","PROVINCE":"Cotabato (North Cotabato)","REGION":"Region XII (Soccsksargen)","id":"barangay-1204713009","name":"Camasi","barangayCode":"1204713009","population":null,"formattedPop":null,"densityCategory":"No data","vulnerabilityRating":"No data","healthRiskLevel":"No data","areaKm2":4.097695,"centerLat":7.207304,"centerLng":125.082663,"geometrySource":"all_barangay-2.csv detailed WKT","geometryMatchMethod":"psgc_coordinate_bridge","boundaryPointCount":36},"geometry":{"type":"MultiPolygon","coordinates":[[[[125.075363,7.24902],[125.087936,7.24958],[125.113724,7.25103],[125.112694,7.24618],[125.107758,7.24314],[125.103111,7.24036],[125.100357,7.23897],[125.098793,7.23543],[125.095253,7.23141],[125.09198,7.22685],[125.089508,7.2263],[125.086121,7.22488],[125.0811,7.22301],[125.076027,7.22144],[125.073547,7.21932],[125.071037,7.21683],[125.06926,7.21504],[125.068398,7.2107],[125.068497,7.20786],[125.068817,7.20336],[125.071182,7.19979],[125.075974,7.19336],[125.079208,7.19022],[125.085411,7.18564],[125.088226,7.184],[125.079887,7.18384],[125.070686,7.18512],[125.059471,7.18305],[125.052368,7.18026],[125.048187,7.17991],[125.047363,7.17958],[125.058884,7.21122],[125.06797,7.22952],[125.07132,7.23916],[125.075119,7.2483],[125.075363,7.24902]]]]}},{"type":"Feature","properties":{"ID_0":177,"ISO":"PHL","NAME_0":"Philippines","ID_1":12047,"NAME_1":"Cotabato (North Cotabato)","ID_2":1204713,"NAME_2":"President Roxas","ID_3":1204713011,"NAME_3":"Kisupaan","NL_NAME_3":null,"VARNAME_3":null,"TYPE_3":"Barangay","ENGTYPE_3":"Village","PROVINCE":"Cotabato (North Cotabato)","REGION":"Region XII (Soccsksargen)","id":"barangay-1204713011","name":"Kisupaan","barangayCode":"1204713011","population":null,"formattedPop":null,"densityCategory":"No data","vulnerabilityRating":"No data","healthRiskLevel":"No data","areaKm2":35.299249,"centerLat":7.37394,"centerLng":125.015053,"geometrySource":"all_barangay-2.csv detailed WKT","geometryMatchMethod":"psgc_coordinate_bridge","boundaryPointCount":42},"geometry":{"type":"MultiPolygon","coordinates":[[[[125.046204,7.40458],[125.045242,7.39882],[125.043839,7.38802],[125.043556,7.37868],[125.047203,7.37321],[125.050148,7.36987],[125.048286,7.35897],[125.050957,7.35806],[125.05085,7.35337],[125.049423,7.34697],[125.047493,7.34539],[125.036469,7.34944],[125.026756,7.35344],[125.026573,7.35701],[125.012642,7.36485],[125.003731,7.37013],[124.995934,7.37441],[124.995392,7.37391],[124.996117,7.37734],[124.998909,7.38189],[125.002518,7.38926],[125.001732,7.40173],[125.003517,7.40201],[125.005333,7.40316],[125.006859,7.40319],[125.008614,7.40308],[125.010498,7.40253],[125.012192,7.4022],[125.014259,7.40176],[125.016693,7.40225],[125.017838,7.40232],[125.021347,7.40151],[125.022751,7.40124],[125.025307,7.40112],[125.028503,7.40151],[125.030457,7.40151],[125.033882,7.4015],[125.035973,7.40222],[125.037613,7.4027],[125.040077,7.40319],[125.042709,7.4037],[125.046204,7.40458]]]]}},{"type":"Feature","properties":{"ID_0":177,"ISO":"PHL","NAME_0":"Philippines","ID_1":12047,"NAME_1":"Cotabato (North Cotabato)","ID_2":1204713,"NAME_2":"President Roxas","ID_3":1204713012,"NAME_3":"La Esperanza","NL_NAME_3":null,"VARNAME_3":null,"TYPE_3":"Barangay","ENGTYPE_3":"Village","PROVINCE":"Cotabato (North Cotabato)","REGION":"Region XII (Soccsksargen)","id":"barangay-1204713012","name":"La Esperanza","barangayCode":"1204713012","population":null,"formattedPop":null,"densityCategory":"No data","vulnerabilityRating":"No data","healthRiskLevel":"No data","areaKm2":1.953525,"centerLat":7.112689,"centerLng":124.993709,"geometrySource":"all_barangay-2.csv detailed WKT","geometryMatchMethod":"psgc_coordinate_bridge","boundaryPointCount":19},"geometry":{"type":"MultiPolygon","coordinates":[[[[124.985069,7.11821],[124.991669,7.11738],[124.997658,7.11934],[125.002029,7.11943],[125.006264,7.11781],[125.009872,7.11732],[125.012672,7.1191],[125.013901,7.11938],[125.014679,7.11881],[125.015068,7.11464],[125.014977,7.10989],[125.017036,7.10355],[125.008163,7.10554],[125.001556,7.10545],[124.998756,7.10569],[124.992218,7.10763],[124.985741,7.10967],[124.984787,7.11089],[124.985069,7.11821]]]]}},{"type":"Feature","properties":{"ID_0":177,"ISO":"PHL","NAME_0":"Philippines","ID_1":12047,"NAME_1":"Cotabato (North Cotabato)","ID_2":1204713,"NAME_2":"President Roxas","ID_3":1204713013,"NAME_3":"Labu-o","NL_NAME_3":null,"VARNAME_3":null,"TYPE_3":"Barangay","ENGTYPE_3":"Village","PROVINCE":"Cotabato (North Cotabato)","REGION":"Region XII (Soccsksargen)","id":"barangay-1204713013","name":"Labu-o","barangayCode":"1204713013","population":null,"formattedPop":null,"densityCategory":"No data","vulnerabilityRating":"No data","healthRiskLevel":"No data","areaKm2":12.222425,"centerLat":7.134561,"centerLng":125.035397,"geometrySource":"all_barangay-2.csv detailed WKT","geometryMatchMethod":"psgc_coordinate_bridge","boundaryPointCount":28},"geometry":{"type":"MultiPolygon","coordinates":[[[[125.033073,7.13411],[125.033447,7.13384],[125.035583,7.13171],[125.040283,7.13184],[125.044273,7.13243],[125.044281,7.13141],[125.048363,7.13019],[125.052383,7.13116],[125.052231,7.12839],[125.050667,7.12724],[125.046143,7.1247],[125.042259,7.12332],[125.040123,7.12383],[125.036003,7.1242],[125.030792,7.12527],[125.027672,7.1254],[125.023308,7.12444],[125.019836,7.12438],[125.01548,7.12467],[125.014343,7.12535],[125.014587,7.12765],[125.015717,7.13251],[125.017563,7.13618],[125.017464,7.13632],[125.020523,7.13732],[125.025452,7.13861],[125.02916,7.13656],[125.033073,7.13411]]]]}},{"type":"Feature","properties":{"ID_0":177,"ISO":"PHL","NAME_0":"Philippines","ID_1":12047,"NAME_1":"Cotabato (North Cotabato)","ID_2":1204713,"NAME_2":"President Roxas","ID_3":1204713014,"NAME_3":"Lamalama","NL_NAME_3":null,"VARNAME_3":null,"TYPE_3":"Barangay","ENGTYPE_3":"Village","PROVINCE":"Cotabato (North Cotabato)","REGION":"Region XII (Soccsksargen)","id":"barangay-1204713014","name":"Lamalama","barangayCode":"1204713014","population":null,"formattedPop":null,"densityCategory":"No data","vulnerabilityRating":"No data","healthRiskLevel":"No data","areaKm2":11.141391,"centerLat":7.383419,"centerLng":125.047203,"geometrySource":"all_barangay-2.csv detailed WKT","geometryMatchMethod":"psgc_coordinate_bridge","boundaryPointCount":39},"geometry":{"type":"MultiPolygon","coordinates":[[[[125.046204,7.40458],[125.049103,7.40556],[125.056877,7.40616],[125.06752,7.40852],[125.071564,7.40008],[125.077782,7.39115],[125.087646,7.38163],[125.09584,7.37395],[125.092682,7.36424],[125.090988,7.35186],[125.088867,7.35303],[125.087143,7.35645],[125.085518,7.35431],[125.083946,7.35252],[125.081413,7.35508],[125.078262,7.35607],[125.075981,7.35588],[125.074211,7.35423],[125.075256,7.35763],[125.074753,7.36014],[125.072472,7.36223],[125.070137,7.36155],[125.066818,7.36227],[125.063477,7.35937],[125.059769,7.35947],[125.056549,7.36082],[125.05368,7.36137],[125.053169,7.36249],[125.054497,7.36375],[125.053673,7.36662],[125.055199,7.3682],[125.056137,7.36937],[125.057243,7.3705],[125.056282,7.37817],[125.050407,7.38257],[125.045677,7.38502],[125.043839,7.38802],[125.045242,7.39882],[125.046204,7.40458]]]]}},{"type":"Feature","properties":{"ID_0":177,"ISO":"PHL","NAME_0":"Philippines","ID_1":12047,"NAME_1":"Cotabato (North Cotabato)","ID_2":1204713,"NAME_2":"President Roxas","ID_3":1204713016,"NAME_3":"Lomonay","NL_NAME_3":null,"VARNAME_3":null,"TYPE_3":"Barangay","ENGTYPE_3":"Village","PROVINCE":"Cotabato (North Cotabato)","REGION":"Region XII (Soccsksargen)","id":"barangay-1204713016","name":"Lomonay","barangayCode":"1204713016","population":null,"formattedPop":null,"densityCategory":"No data","vulnerabilityRating":"No data","healthRiskLevel":"No data","areaKm2":5.681927,"centerLat":7.11593,"centerLng":125.008008,"geometrySource":"all_barangay-2.csv detailed WKT","geometryMatchMethod":"psgc_coordinate_bridge","boundaryPointCount":19},"geometry":{"type":"MultiPolygon","coordinates":[[[[125.012566,7.12481],[125.011993,7.12402],[125.01181,7.12214],[125.012337,7.12008],[125.012672,7.1191],[125.009872,7.11732],[125.006264,7.11781],[125.002029,7.11943],[124.997658,7.11934],[124.991669,7.11738],[124.985069,7.11821],[124.985367,7.12669],[124.989769,7.1273],[124.995483,7.12691],[124.999786,7.12791],[125.004303,7.12546],[125.006691,7.12508],[125.01017,7.12408],[125.012566,7.12481]]]]}},{"type":"Feature","properties":{"ID_0":177,"ISO":"PHL","NAME_0":"Philippines","ID_1":12047,"NAME_1":"Cotabato (North Cotabato)","ID_2":1204713,"NAME_2":"President Roxas","ID_3":1204713022,"NAME_3":"New Cebu","NL_NAME_3":null,"VARNAME_3":null,"TYPE_3":"Barangay","ENGTYPE_3":"Village","PROVINCE":"Cotabato (North Cotabato)","REGION":"Region XII (Soccsksargen)","id":"barangay-1204713022","name":"New Cebu","barangayCode":"1204713022","population":null,"formattedPop":null,"densityCategory":"No data","vulnerabilityRating":"No data","healthRiskLevel":"No data","areaKm2":8.309852,"centerLat":7.094338,"centerLng":125.035086,"geometrySource":"all_barangay-2.csv detailed WKT","geometryMatchMethod":"psgc_coordinate_bridge","boundaryPointCount":31},"geometry":{"type":"MultiPolygon","coordinates":[[[[125.058144,7.11144],[125.057114,7.10435],[125.057167,7.09796],[125.057129,7.09554],[125.057129,7.09339],[125.062233,7.08781],[125.065041,7.08933],[125.067017,7.08022],[125.06665,7.07879],[125.061523,7.07923],[125.053596,7.08583],[125.049553,7.08706],[125.044884,7.08895],[125.040543,7.09288],[125.03994,7.0958],[125.035133,7.09712],[125.031258,7.09951],[125.028877,7.10034],[125.024063,7.1019],[125.019508,7.10274],[125.017036,7.10355],[125.017906,7.10523],[125.020897,7.10491],[125.024849,7.10581],[125.029991,7.10779],[125.037354,7.11157],[125.042618,7.11468],[125.046654,7.11684],[125.049232,7.11551],[125.055061,7.11189],[125.058144,7.11144]]]]}},{"type":"Feature","properties":{"ID_0":177,"ISO":"PHL","NAME_0":"Philippines","ID_1":12047,"NAME_1":"Cotabato (North Cotabato)","ID_2":1204713,"NAME_2":"President Roxas","ID_3":1204713024,"NAME_3":"Poblacion","NL_NAME_3":null,"VARNAME_3":null,"TYPE_3":"Barangay","ENGTYPE_3":"Village","PROVINCE":"Cotabato (North Cotabato)","REGION":"Region XII (Soccsksargen)","id":"barangay-1204713024","name":"Poblacion","barangayCode":"1204713024","population":null,"formattedPop":null,"densityCategory":"No data","vulnerabilityRating":"No data","healthRiskLevel":"No data","areaKm2":15.486948,"centerLat":7.160184,"centerLng":125.051133,"geometrySource":"all_barangay-2.csv detailed WKT","geometryMatchMethod":"psgc_coordinate_bridge","boundaryPointCount":31},"geometry":{"type":"MultiPolygon","coordinates":[[[[125.071648,7.14873],[125.067123,7.14802],[125.062943,7.14774],[125.061867,7.14511],[125.058678,7.14633],[125.05661,7.14625],[125.055008,7.14336],[125.054077,7.13842],[125.054337,7.13579],[125.052383,7.13116],[125.048363,7.13019],[125.044281,7.13141],[125.044273,7.13243],[125.040283,7.13184],[125.035583,7.13171],[125.033447,7.13384],[125.033073,7.13411],[125.037323,7.14099],[125.040199,7.14897],[125.043182,7.15608],[125.044228,7.15903],[125.04435,7.15904],[125.04673,7.15923],[125.049629,7.15796],[125.051422,7.16229],[125.05587,7.16134],[125.05986,7.15886],[125.063843,7.15601],[125.065666,7.15544],[125.068642,7.15279],[125.071648,7.14873]]]]}},{"type":"Feature","properties":{"ID_0":177,"ISO":"PHL","NAME_0":"Philippines","ID_1":12047,"NAME_1":"Cotabato (North Cotabato)","ID_2":1204713,"NAME_2":"President Roxas","ID_3":1204713026,"NAME_3":"Sagcungan","NL_NAME_3":null,"VARNAME_3":null,"TYPE_3":"Barangay","ENGTYPE_3":"Village","PROVINCE":"Cotabato (North Cotabato)","REGION":"Region XII (Soccsksargen)","id":"barangay-1204713026","name":"Sagcungan","barangayCode":"1204713026","population":null,"formattedPop":null,"densityCategory":"No data","vulnerabilityRating":"No data","healthRiskLevel":"No data","areaKm2":5.32513,"centerLat":7.103421,"centerLng":125.062083,"geometrySource":"all_barangay-2.csv detailed WKT","geometryMatchMethod":"psgc_coordinate_bridge","boundaryPointCount":12},"geometry":{"type":"MultiPolygon","coordinates":[[[[125.059143,7.12185],[125.058907,7.11783],[125.058144,7.11144],[125.055061,7.11189],[125.049232,7.11551],[125.046654,7.11684],[125.047623,7.11965],[125.047989,7.12254],[125.050056,7.12553],[125.051857,7.12512],[125.055687,7.12298],[125.059143,7.12185]]]]}},{"type":"Feature","properties":{"ID_0":177,"ISO":"PHL","NAME_0":"Philippines","ID_1":12047,"NAME_1":"Cotabato (North Cotabato)","ID_2":1204713,"NAME_2":"President Roxas","ID_3":1204713027,"NAME_3":"Salat","NL_NAME_3":null,"VARNAME_3":null,"TYPE_3":"Barangay","ENGTYPE_3":"Village","PROVINCE":"Cotabato (North Cotabato)","REGION":"Region XII (Soccsksargen)","id":"barangay-1204713027","name":"Salat","barangayCode":"1204713027","population":null,"formattedPop":null,"densityCategory":"No data","vulnerabilityRating":"No data","healthRiskLevel":"No data","areaKm2":27.432673,"centerLat":7.37615,"centerLng":124.968079,"geometrySource":"all_barangay-2.csv detailed WKT","geometryMatchMethod":"psgc_coordinate_bridge","boundaryPointCount":80},"geometry":{"type":"MultiPolygon","coordinates":[[[[125.001732,7.40173],[125.002518,7.38926],[124.998909,7.38189],[124.996117,7.37734],[124.995392,7.37391],[124.991882,7.3752],[124.988411,7.37595],[124.982292,7.3799],[124.980591,7.38335],[124.979027,7.38689],[124.976707,7.38671],[124.973679,7.38243],[124.971367,7.38064],[124.96859,7.37623],[124.965088,7.38043],[124.961868,7.37622],[124.958794,7.37984],[124.958817,7.38554],[124.95047,7.38203],[124.946793,7.37664],[124.944923,7.39204],[124.944687,7.39529],[124.944397,7.4026],[124.943909,7.40761],[124.9412,7.4155],[124.942337,7.41531],[124.943863,7.41515],[124.944397,7.41436],[124.945183,7.41305],[124.945808,7.41191],[124.946457,7.4113],[124.948257,7.41127],[124.949081,7.41176],[124.949181,7.41204],[124.949898,7.41217],[124.950439,7.41096],[124.95121,7.40988],[124.952568,7.40933],[124.953453,7.40957],[124.953812,7.40944],[124.954407,7.40922],[124.954781,7.40916],[124.954987,7.4086],[124.955147,7.40764],[124.956161,7.4068],[124.957397,7.40626],[124.958847,7.40719],[124.96003,7.40776],[124.961159,7.40748],[124.963074,7.40688],[124.964378,7.40673],[124.966133,7.40605],[124.967667,7.40475],[124.968597,7.40401],[124.969887,7.40289],[124.970833,7.40155],[124.971909,7.40071],[124.97332,7.40042],[124.975777,7.40061],[124.977463,7.40143],[124.978287,7.40249],[124.978699,7.40337],[124.979797,7.40522],[124.980919,7.4061],[124.981941,7.40584],[124.982903,7.40499],[124.984039,7.40331],[124.984711,7.40213],[124.985718,7.40124],[124.986748,7.40034],[124.988113,7.39988],[124.989677,7.40002],[124.991272,7.40037],[124.992653,7.40012],[124.994347,7.40048],[124.995857,7.40046],[124.997429,7.40139],[124.998177,7.40177],[124.999512,7.40185],[125.001732,7.40173]]]]}},{"type":"Feature","properties":{"ID_0":177,"ISO":"PHL","NAME_0":"Philippines","ID_1":12047,"NAME_1":"Cotabato (North Cotabato)","ID_2":1204713,"NAME_2":"President Roxas","ID_3":1204713028,"NAME_3":"Sarayan","NL_NAME_3":null,"VARNAME_3":null,"TYPE_3":"Barangay","ENGTYPE_3":"Village","PROVINCE":"Cotabato (North Cotabato)","REGION":"Region XII (Soccsksargen)","id":"barangay-1204713028","name":"Sarayan","barangayCode":"1204713028","population":null,"formattedPop":null,"densityCategory":"No data","vulnerabilityRating":"No data","healthRiskLevel":"No data","areaKm2":12.706656,"centerLat":7.335933,"centerLng":125.027523,"geometrySource":"all_barangay-2.csv detailed WKT","geometryMatchMethod":"psgc_coordinate_bridge","boundaryPointCount":103},"geometry":{"type":"MultiPolygon","coordinates":[[[[125.047493,7.34539],[125.052116,7.34417],[125.067947,7.33822],[125.073097,7.33589],[125.083076,7.33082],[125.083649,7.32355],[125.084251,7.32082],[125.082443,7.321],[125.080566,7.31961],[125.0784,7.31841],[125.0774,7.31851],[125.076958,7.31993],[125.076271,7.32157],[125.076302,7.32241],[125.07608,7.32398],[125.075157,7.32429],[125.073837,7.32503],[125.072823,7.32545],[125.07148,7.32435],[125.071007,7.32327],[125.069717,7.3239],[125.068298,7.32369],[125.06768,7.32351],[125.066803,7.32307],[125.066193,7.3228],[125.065163,7.32411],[125.064301,7.32403],[125.063393,7.32308],[125.062263,7.32251],[125.061211,7.32175],[125.060043,7.32162],[125.058937,7.32109],[125.057533,7.32095],[125.056953,7.32109],[125.054749,7.32062],[125.053413,7.32125],[125.05262,7.32164],[125.051193,7.32141],[125.05085,7.3198],[125.050339,7.31908],[125.04966,7.31881],[125.048759,7.31844],[125.048317,7.31876],[125.04734,7.32016],[125.046509,7.32078],[125.045853,7.31961],[125.044983,7.31834],[125.044472,7.31808],[125.042,7.31799],[125.041054,7.31816],[125.039436,7.31941],[125.038406,7.32024],[125.037788,7.32131],[125.03688,7.32148],[125.035751,7.32093],[125.035316,7.32077],[125.034714,7.32046],[125.033493,7.32052],[125.033234,7.32087],[125.033043,7.3213],[125.033112,7.32435],[125.033524,7.32593],[125.031776,7.32584],[125.029457,7.32462],[125.027863,7.32488],[125.026581,7.32695],[125.025436,7.32662],[125.024391,7.32465],[125.02253,7.3236],[125.021309,7.32432],[125.021057,7.32526],[125.019592,7.32714],[125.018059,7.3285],[125.01635,7.32941],[125.015038,7.32799],[125.014427,7.32663],[125.012383,7.32522],[125.009987,7.32423],[125.008217,7.32466],[125.006859,7.32658],[125.006409,7.32813],[125.005577,7.32876],[125.004021,7.32791],[125.002197,7.32775],[124.999153,7.32897],[124.998581,7.33029],[124.998428,7.33168],[124.9981,7.33373],[124.998199,7.33491],[124.998596,7.33593],[124.997307,7.34424],[124.996933,7.35278],[124.996483,7.36052],[124.996323,7.36303],[124.995491,7.36946],[124.995392,7.37391],[124.995934,7.37441],[125.003731,7.37013],[125.012642,7.36485],[125.026573,7.35701],[125.026756,7.35344],[125.036469,7.34944],[125.047493,7.34539]]]]}},{"type":"Feature","properties":{"ID_0":177,"ISO":"PHL","NAME_0":"Philippines","ID_1":12047,"NAME_1":"Cotabato (North Cotabato)","ID_2":1204713,"NAME_2":"President Roxas","ID_3":1204713029,"NAME_3":"Tuael","NL_NAME_3":null,"VARNAME_3":null,"TYPE_3":"Barangay","ENGTYPE_3":"Village","PROVINCE":"Cotabato (North Cotabato)","REGION":"Region XII (Soccsksargen)","id":"barangay-1204713029","name":"Tuael","barangayCode":"1204713029","population":null,"formattedPop":null,"densityCategory":"No data","vulnerabilityRating":"No data","healthRiskLevel":"No data","areaKm2":98.563236,"centerLat":7.360415,"centerLng":124.909914,"geometrySource":"all_barangay-2.csv detailed WKT","geometryMatchMethod":"psgc_coordinate_bridge","boundaryPointCount":10},"geometry":{"type":"MultiPolygon","coordinates":[[[[125.060966,7.13364],[125.060738,7.13178],[125.060577,7.13034],[125.056808,7.13164],[125.05394,7.13184],[125.052383,7.13116],[125.054337,7.13579],[125.05526,7.1352],[125.057999,7.13421],[125.060966,7.13364]]]]}},{"type":"Feature","properties":{"ID_0":177,"ISO":"PHL","NAME_0":"Philippines","ID_1":12047,"NAME_1":"Cotabato (North Cotabato)","ID_2":1204713,"NAME_2":"President Roxas","ID_3":1204713030,"NAME_3":"Greenhill","NL_NAME_3":null,"VARNAME_3":null,"TYPE_3":"Barangay","ENGTYPE_3":"Village","PROVINCE":"Cotabato (North Cotabato)","REGION":"Region XII (Soccsksargen)","id":"barangay-1204713030","name":"Greenhill","barangayCode":"1204713030","population":null,"formattedPop":null,"densityCategory":"No data","vulnerabilityRating":"No data","healthRiskLevel":"No data","areaKm2":12.113922,"centerLat":7.188495,"centerLng":125.057415,"geometrySource":"all_barangay-2.csv detailed WKT","geometryMatchMethod":"psgc_coordinate_bridge","boundaryPointCount":37},"geometry":{"type":"MultiPolygon","coordinates":[[[[125.088226,7.184],[125.093964,7.17642],[125.095467,7.1709],[125.096512,7.1673],[125.096428,7.15938],[125.094582,7.15169],[125.092697,7.14692],[125.091339,7.14468],[125.088409,7.14073],[125.082764,7.13878],[125.078773,7.14104],[125.074707,7.14585],[125.071648,7.14873],[125.068642,7.15279],[125.065666,7.15544],[125.063843,7.15601],[125.05986,7.15886],[125.05587,7.16134],[125.051422,7.16229],[125.049629,7.15796],[125.04673,7.15923],[125.04435,7.15904],[125.044228,7.15903],[125.044594,7.15967],[125.0401,7.16055],[125.039124,7.15942],[125.039253,7.16188],[125.03952,7.16467],[125.041237,7.16726],[125.044006,7.17319],[125.047287,7.17922],[125.048187,7.17991],[125.052368,7.18026],[125.059471,7.18305],[125.070686,7.18512],[125.079887,7.18384],[125.088226,7.184]]]]}},{"type":"Feature","properties":{"ID_0":177,"ISO":"PHL","NAME_0":"Philippines","ID_1":12047,"NAME_1":"Cotabato (North Cotabato)","ID_2":1204713,"NAME_2":"President Roxas","ID_3":1204713031,"NAME_3":"Cabangbangan","NL_NAME_3":null,"VARNAME_3":null,"TYPE_3":"Barangay","ENGTYPE_3":"Village","PROVINCE":"Cotabato (North Cotabato)","REGION":"Region XII (Soccsksargen)","id":"barangay-1204713031","name":"Cabangbangan","barangayCode":"1204713031","population":null,"formattedPop":null,"densityCategory":"No data","vulnerabilityRating":"No data","healthRiskLevel":"No data","areaKm2":5.624737,"centerLat":7.169609,"centerLng":125.023514,"geometrySource":"all_barangay-2.csv detailed WKT","geometryMatchMethod":"psgc_coordinate_bridge","boundaryPointCount":26},"geometry":{"type":"MultiPolygon","coordinates":[[[[125.048187,7.17991],[125.047287,7.17922],[125.044006,7.17319],[125.041237,7.16726],[125.03952,7.16467],[125.039253,7.16188],[125.039124,7.15942],[125.033539,7.16033],[125.030312,7.15981],[125.027878,7.15898],[125.022293,7.15765],[125.018951,7.1572],[125.017181,7.15637],[125.010307,7.15223],[125.007553,7.15061],[125.001839,7.15289],[124.994179,7.1547],[124.993217,7.15527],[125.002731,7.17163],[125.003853,7.17523],[125.005417,7.17942],[125.02005,7.17985],[125.030968,7.18069],[125.038658,7.18092],[125.047363,7.17958],[125.048187,7.17991]]]]}},{"type":"Feature","properties":{"ID_0":177,"ISO":"PHL","NAME_0":"Philippines","ID_1":12047,"NAME_1":"Cotabato (North Cotabato)","ID_2":1204713,"NAME_2":"President Roxas","ID_3":1204713032,"NAME_3":"Datu Indang","NL_NAME_3":null,"VARNAME_3":null,"TYPE_3":"Barangay","ENGTYPE_3":"Village","PROVINCE":"Cotabato (North Cotabato)","REGION":"Region XII (Soccsksargen)","id":"barangay-1204713032","name":"Datu Indang","barangayCode":"1204713032","population":null,"formattedPop":null,"densityCategory":"No data","vulnerabilityRating":"No data","healthRiskLevel":"No data","areaKm2":6.419404,"centerLat":7.404492,"centerLng":125.097738,"geometrySource":"all_barangay-2.csv detailed WKT","geometryMatchMethod":"psgc_coordinate_bridge","boundaryPointCount":21},"geometry":{"type":"MultiPolygon","coordinates":[[[[125.072403,7.45163],[125.085159,7.4512],[125.099358,7.45144],[125.099838,7.45152],[125.105019,7.4523],[125.113983,7.4531],[125.117508,7.45353],[125.119713,7.45314],[125.120468,7.43569],[125.118507,7.42002],[125.118584,7.40368],[125.106567,7.40137],[125.102913,7.40015],[125.098038,7.41231],[125.090843,7.42587],[125.08773,7.42477],[125.085274,7.42874],[125.08065,7.43732],[125.075409,7.44791],[125.067787,7.45176],[125.072403,7.45163]]]]}},{"type":"Feature","properties":{"ID_0":177,"ISO":"PHL","NAME_0":"Philippines","ID_1":12047,"NAME_1":"Cotabato (North Cotabato)","ID_2":1204713,"NAME_2":"President Roxas","ID_3":1204713033,"NAME_3":"Datu Sandongan","NL_NAME_3":null,"VARNAME_3":null,"TYPE_3":"Barangay","ENGTYPE_3":"Village","PROVINCE":"Cotabato (North Cotabato)","REGION":"Region XII (Soccsksargen)","id":"barangay-1204713033","name":"Datu Sandongan","barangayCode":"1204713033","population":null,"formattedPop":null,"densityCategory":"No data","vulnerabilityRating":"No data","healthRiskLevel":"No data","areaKm2":14.642091,"centerLat":7.394222,"centerLng":125.066541,"geometrySource":"all_barangay-2.csv detailed WKT","geometryMatchMethod":"psgc_coordinate_bridge","boundaryPointCount":38},"geometry":{"type":"MultiPolygon","coordinates":[[[[125.06723,7.44401],[125.067787,7.45176],[125.075409,7.44791],[125.08065,7.43732],[125.085274,7.42874],[125.08773,7.42477],[125.083557,7.42362],[125.078239,7.42101],[125.076233,7.4173],[125.086777,7.40011],[125.090874,7.39438],[125.094032,7.38736],[125.096367,7.3844],[125.098167,7.3785],[125.09684,7.37665],[125.095833,7.37592],[125.09584,7.37395],[125.087646,7.38163],[125.077782,7.39115],[125.071564,7.40008],[125.06752,7.40852],[125.056877,7.40616],[125.049103,7.40556],[125.050941,7.40796],[125.051804,7.40927],[125.052887,7.41042],[125.055611,7.41343],[125.05632,7.41417],[125.057983,7.41602],[125.059967,7.41957],[125.060829,7.42192],[125.062157,7.42457],[125.062798,7.42633],[125.064117,7.42956],[125.065376,7.43282],[125.066429,7.43558],[125.066261,7.43851],[125.06723,7.44401]]]]}},{"type":"Feature","properties":{"ID_0":177,"ISO":"PHL","NAME_0":"Philippines","ID_1":12047,"NAME_1":"Cotabato (North Cotabato)","ID_2":1204713,"NAME_2":"President Roxas","ID_3":1204713034,"NAME_3":"Kimaruhing","NL_NAME_3":null,"VARNAME_3":null,"TYPE_3":"Barangay","ENGTYPE_3":"Village","PROVINCE":"Cotabato (North Cotabato)","REGION":"Region XII (Soccsksargen)","id":"barangay-1204713034","name":"Kimaruhing","barangayCode":"1204713034","population":null,"formattedPop":null,"densityCategory":"No data","vulnerabilityRating":"No data","healthRiskLevel":"No data","areaKm2":3.281549,"centerLat":7.379398,"centerLng":125.103533,"geometrySource":"all_barangay-2.csv detailed WKT","geometryMatchMethod":"psgc_coordinate_bridge","boundaryPointCount":33},"geometry":{"type":"MultiPolygon","coordinates":[[[[125.118584,7.40368],[125.11795,7.38619],[125.117271,7.37881],[125.115318,7.37478],[125.113693,7.37396],[125.111649,7.3725],[125.110527,7.37415],[125.108887,7.37283],[125.109573,7.37506],[125.107437,7.37567],[125.108856,7.37857],[125.106354,7.37826],[125.10704,7.38049],[125.105087,7.38265],[125.102142,7.38251],[125.103867,7.38487],[125.102386,7.3863],[125.100929,7.38642],[125.101021,7.38697],[125.100502,7.38851],[125.1007,7.38976],[125.100883,7.39109],[125.100273,7.39218],[125.09938,7.3935],[125.100052,7.39548],[125.099983,7.39642],[125.099274,7.39706],[125.098106,7.39775],[125.099007,7.39969],[125.100723,7.40118],[125.102913,7.40015],[125.106567,7.40137],[125.118584,7.40368]]]]}},{"type":"Feature","properties":{"ID_0":177,"ISO":"PHL","NAME_0":"Philippines","ID_1":12047,"NAME_1":"Cotabato (North Cotabato)","ID_2":1204713,"NAME_2":"President Roxas","ID_3":1204713035,"NAME_3":"Mabuhay","NL_NAME_3":null,"VARNAME_3":null,"TYPE_3":"Barangay","ENGTYPE_3":"Village","PROVINCE":"Cotabato (North Cotabato)","REGION":"Region XII (Soccsksargen)","id":"barangay-1204713035","name":"Mabuhay","barangayCode":"1204713035","population":null,"formattedPop":null,"densityCategory":"No data","vulnerabilityRating":"No data","healthRiskLevel":"No data","areaKm2":6.923629,"centerLat":7.163712,"centerLng":125.078972,"geometrySource":"all_barangay-2.csv detailed WKT","geometryMatchMethod":"psgc_coordinate_bridge","boundaryPointCount":10},"geometry":{"type":"MultiPolygon","coordinates":[[[[125.061867,7.14511],[125.060966,7.13364],[125.057999,7.13421],[125.05526,7.1352],[125.054337,7.13579],[125.054077,7.13842],[125.055008,7.14336],[125.05661,7.14625],[125.058678,7.14633],[125.061867,7.14511]]]]}},{"type":"Feature","properties":{"ID_0":177,"ISO":"PHL","NAME_0":"Philippines","ID_1":12047,"NAME_1":"Cotabato (North Cotabato)","ID_2":1204714,"NAME_2":"Tulunan","ID_3":1204714001,"NAME_3":"Bagumbayan","NL_NAME_3":null,"VARNAME_3":null,"TYPE_3":"Barangay","ENGTYPE_3":"Village","PROVINCE":"Cotabato (North Cotabato)","REGION":"Region XII (Soccsksargen)","id":"barangay-1204714001","name":"Bagumbayan","barangayCode":"1204714001","population":null,"formattedPop":null,"densityCategory":"No data","vulnerabilityRating":"No data","healthRiskLevel":"No data","areaKm2":5.038775,"centerLat":6.854122,"centerLng":124.870491,"geometrySource":"all_barangay-2.csv detailed WKT","geometryMatchMethod":"psgc_coordinate_bridge","boundaryPointCount":16},"geometry":{"type":"MultiPolygon","coordinates":[[[[124.811623,6.91195],[124.813049,6.91095],[124.850082,6.88509],[124.858063,6.8784],[124.867737,6.86882],[124.866829,6.86725],[124.863647,6.86172],[124.862679,6.86313],[124.860023,6.8658],[124.850952,6.87174],[124.832748,6.88014],[124.825142,6.88425],[124.811691,6.89168],[124.81115,6.89198],[124.811401,6.90281],[124.811623,6.91195]]]]}},{"type":"Feature","properties":{"ID_0":177,"ISO":"PHL","NAME_0":"Philippines","ID_1":12047,"NAME_1":"Cotabato (North Cotabato)","ID_2":1204714,"NAME_2":"Tulunan","ID_3":1204714002,"NAME_3":"Banayal","NL_NAME_3":null,"VARNAME_3":null,"TYPE_3":"Barangay","ENGTYPE_3":"Village","PROVINCE":"Cotabato (North Cotabato)","REGION":"Region XII (Soccsksargen)","id":"barangay-1204714002","name":"Banayal","barangayCode":"1204714002","population":null,"formattedPop":null,"densityCategory":"No data","vulnerabilityRating":"No data","healthRiskLevel":"No data","areaKm2":9.205631,"centerLat":6.842111,"centerLng":124.986386,"geometrySource":"all_barangay-2.csv detailed WKT","geometryMatchMethod":"psgc_coordinate_bridge","boundaryPointCount":46},"geometry":{"type":"MultiPolygon","coordinates":[[[[124.953613,6.86302],[124.955727,6.86256],[124.956627,6.86125],[124.970627,6.86141],[124.979683,6.86199],[124.989258,6.86195],[124.991318,6.86088],[124.992416,6.86018],[124.993347,6.85967],[124.993431,6.85932],[124.994423,6.85676],[124.996384,6.85456],[124.999924,6.85143],[125.000793,6.85016],[125.003647,6.84837],[125.00782,6.84738],[125.009293,6.84633],[125.01162,6.8436],[125.013199,6.84053],[125.017578,6.83546],[125.022774,6.83363],[125.026207,6.83101],[125.031212,6.82869],[125.036041,6.82546],[125.043373,6.82109],[125.048653,6.81873],[125.062393,6.81394],[125.062531,6.81389],[125.060371,6.81384],[125.057991,6.81378],[125.045227,6.81308],[125.037216,6.81225],[125.029953,6.81149],[125.011559,6.80789],[124.998627,6.80536],[124.993797,6.80912],[124.990318,6.81274],[124.983849,6.8179],[124.982742,6.82046],[124.974876,6.82931],[124.971237,6.83284],[124.951988,6.8526],[124.952461,6.85357],[124.952591,6.85564],[124.953163,6.85973],[124.953613,6.86302]]]]}},{"type":"Feature","properties":{"ID_0":177,"ISO":"PHL","NAME_0":"Philippines","ID_1":12047,"NAME_1":"Cotabato (North Cotabato)","ID_2":1204714,"NAME_2":"Tulunan","ID_3":1204714003,"NAME_3":"Batang","NL_NAME_3":null,"VARNAME_3":null,"TYPE_3":"Barangay","ENGTYPE_3":"Village","PROVINCE":"Cotabato (North Cotabato)","REGION":"Region XII (Soccsksargen)","id":"barangay-1204714003","name":"Batang","barangayCode":"1204714003","population":null,"formattedPop":null,"densityCategory":"No data","vulnerabilityRating":"No data","healthRiskLevel":"No data","areaKm2":10.001292,"centerLat":6.838305,"centerLng":125.034996,"geometrySource":"all_barangay-2.csv detailed WKT","geometryMatchMethod":"psgc_coordinate_bridge","boundaryPointCount":34},"geometry":{"type":"MultiPolygon","coordinates":[[[[125.038483,6.8858],[125.02951,6.87225],[125.025673,6.86528],[125.024429,6.86273],[125.024208,6.86197],[125.027771,6.85843],[125.029602,6.85743],[125.031792,6.8559],[125.033234,6.85492],[125.033638,6.85435],[125.034393,6.85418],[125.035294,6.84881],[125.036003,6.84584],[125.036537,6.84524],[125.032387,6.84195],[125.021622,6.83748],[125.017578,6.83546],[125.013199,6.84053],[125.01162,6.8436],[125.009293,6.84633],[125.00782,6.84738],[125.003647,6.84837],[125.000793,6.85016],[124.999924,6.85143],[124.996384,6.85456],[124.994423,6.85676],[124.993431,6.85932],[124.993347,6.85967],[125.009453,6.87205],[125.019417,6.87776],[125.027191,6.88321],[125.033073,6.88744],[125.034187,6.88917],[125.038483,6.8858]]]]}},{"type":"Feature","properties":{"ID_0":177,"ISO":"PHL","NAME_0":"Philippines","ID_1":12047,"NAME_1":"Cotabato (North Cotabato)","ID_2":1204714,"NAME_2":"Tulunan","ID_3":1204714004,"NAME_3":"Bituan","NL_NAME_3":null,"VARNAME_3":null,"TYPE_3":"Barangay","ENGTYPE_3":"Village","PROVINCE":"Cotabato (North Cotabato)","REGION":"Region XII (Soccsksargen)","id":"barangay-1204714004","name":"Bituan","barangayCode":"1204714004","population":null,"formattedPop":null,"densityCategory":"No data","vulnerabilityRating":"No data","healthRiskLevel":"No data","areaKm2":12.771865,"centerLat":6.838211,"centerLng":125.009781,"geometrySource":"all_barangay-2.csv detailed WKT","geometryMatchMethod":"psgc_coordinate_bridge","boundaryPointCount":24},"geometry":{"type":"MultiPolygon","coordinates":[[[[124.989861,6.87965],[124.994408,6.87893],[124.998497,6.87923],[125.000847,6.87806],[125.00325,6.87607],[125.005371,6.87518],[125.00737,6.87395],[125.008667,6.87307],[125.009453,6.87205],[124.993347,6.85967],[124.992416,6.86018],[124.991318,6.86088],[124.989258,6.86195],[124.979683,6.86199],[124.970627,6.86141],[124.956627,6.86125],[124.955727,6.86256],[124.953613,6.86302],[124.953033,6.86417],[124.95076,6.86653],[124.950783,6.86672],[124.959267,6.86797],[124.967003,6.87006],[124.989861,6.87965]]]]}},{"type":"Feature","properties":{"ID_0":177,"ISO":"PHL","NAME_0":"Philippines","ID_1":12047,"NAME_1":"Cotabato (North Cotabato)","ID_2":1204714,"NAME_2":"Tulunan","ID_3":1204714005,"NAME_3":"Bual","NL_NAME_3":null,"VARNAME_3":null,"TYPE_3":"Barangay","ENGTYPE_3":"Village","PROVINCE":"Cotabato (North Cotabato)","REGION":"Region XII (Soccsksargen)","id":"barangay-1204714005","name":"Bual","barangayCode":"1204714005","population":null,"formattedPop":null,"densityCategory":"No data","vulnerabilityRating":"No data","healthRiskLevel":"No data","areaKm2":9.86631,"centerLat":6.808535,"centerLng":124.8868,"geometrySource":"all_barangay-2.csv detailed WKT","geometryMatchMethod":"psgc_coordinate_bridge","boundaryPointCount":24},"geometry":{"type":"MultiPolygon","coordinates":[[[[124.867172,6.82843],[124.884903,6.82882],[124.885963,6.82084],[124.885437,6.81886],[124.884773,6.8005],[124.855743,6.79989],[124.853203,6.79966],[124.85009,6.7994],[124.841949,6.79907],[124.835426,6.79913],[124.835197,6.79948],[124.835152,6.79956],[124.83519,6.79961],[124.83522,6.79965],[124.836243,6.80164],[124.836601,6.80233],[124.839203,6.80873],[124.840607,6.8153],[124.842361,6.82868],[124.842247,6.82894],[124.842133,6.8292],[124.847023,6.82852],[124.858856,6.82807],[124.867172,6.82843]]]]}},{"type":"Feature","properties":{"ID_0":177,"ISO":"PHL","NAME_0":"Philippines","ID_1":12047,"NAME_1":"Cotabato (North Cotabato)","ID_2":1204714,"NAME_2":"Tulunan","ID_3":1204714006,"NAME_3":"Daig","NL_NAME_3":null,"VARNAME_3":null,"TYPE_3":"Barangay","ENGTYPE_3":"Village","PROVINCE":"Cotabato (North Cotabato)","REGION":"Region XII (Soccsksargen)","id":"barangay-1204714006","name":"Daig","barangayCode":"1204714006","population":null,"formattedPop":null,"densityCategory":"No data","vulnerabilityRating":"No data","healthRiskLevel":"No data","areaKm2":9.321191,"centerLat":6.798965,"centerLng":125.064903,"geometrySource":"all_barangay-2.csv detailed WKT","geometryMatchMethod":"psgc_coordinate_bridge","boundaryPointCount":18},"geometry":{"type":"MultiPolygon","coordinates":[[[[125.036537,6.84524],[125.052933,6.83894],[125.066093,6.83389],[125.072021,6.83114],[125.076736,6.82798],[125.069839,6.82284],[125.062531,6.81389],[125.062393,6.81394],[125.048653,6.81873],[125.043373,6.82109],[125.036041,6.82546],[125.031212,6.82869],[125.026207,6.83101],[125.022774,6.83363],[125.017578,6.83546],[125.021622,6.83748],[125.032387,6.84195],[125.036537,6.84524]]]]}},{"type":"Feature","properties":{"ID_0":177,"ISO":"PHL","NAME_0":"Philippines","ID_1":12047,"NAME_1":"Cotabato (North Cotabato)","ID_2":1204714,"NAME_2":"Tulunan","ID_3":1204714007,"NAME_3":"Damawato","NL_NAME_3":null,"VARNAME_3":null,"TYPE_3":"Barangay","ENGTYPE_3":"Village","PROVINCE":"Cotabato (North Cotabato)","REGION":"Region XII (Soccsksargen)","id":"barangay-1204714007","name":"Damawato","barangayCode":"1204714007","population":null,"formattedPop":null,"densityCategory":"No data","vulnerabilityRating":"No data","healthRiskLevel":"No data","areaKm2":4.033518,"centerLat":6.803767,"centerLng":124.867376,"geometrySource":"all_barangay-2.csv detailed WKT","geometryMatchMethod":"psgc_coordinate_bridge","boundaryPointCount":34},"geometry":{"type":"MultiPolygon","coordinates":[[[[124.884773,6.8005],[124.884537,6.79921],[124.884842,6.79202],[124.885193,6.78925],[124.885193,6.78697],[124.885597,6.77758],[124.883034,6.77736],[124.878807,6.77758],[124.876694,6.77724],[124.873833,6.7756],[124.87146,6.77354],[124.869339,6.77249],[124.866867,6.77223],[124.863022,6.77411],[124.859543,6.77538],[124.856354,6.77514],[124.8535,6.77393],[124.850548,6.77184],[124.848061,6.77019],[124.847122,6.76969],[124.8451,6.76861],[124.842758,6.76817],[124.840271,6.76843],[124.836937,6.76919],[124.834747,6.76949],[124.831879,6.77286],[124.8367,6.78045],[124.840958,6.78542],[124.845886,6.79288],[124.849609,6.79811],[124.85009,6.7994],[124.853203,6.79966],[124.855743,6.79989],[124.884773,6.8005]]]]}},{"type":"Feature","properties":{"ID_0":177,"ISO":"PHL","NAME_0":"Philippines","ID_1":12047,"NAME_1":"Cotabato (North Cotabato)","ID_2":1204714,"NAME_2":"Tulunan","ID_3":1204714008,"NAME_3":"Dungos","NL_NAME_3":null,"VARNAME_3":null,"TYPE_3":"Barangay","ENGTYPE_3":"Village","PROVINCE":"Cotabato (North Cotabato)","REGION":"Region XII (Soccsksargen)","id":"barangay-1204714008","name":"Dungos","barangayCode":"1204714008","population":null,"formattedPop":null,"densityCategory":"No data","vulnerabilityRating":"No data","healthRiskLevel":"No data","areaKm2":12.92879,"centerLat":6.846222,"centerLng":124.833939,"geometrySource":"all_barangay-2.csv detailed WKT","geometryMatchMethod":"psgc_coordinate_bridge","boundaryPointCount":12},"geometry":{"type":"MultiPolygon","coordinates":[[[[124.8414,6.85511],[124.840599,6.84648],[124.833687,6.84653],[124.809853,6.8459],[124.809624,6.84589],[124.809158,6.85447],[124.809982,6.85446],[124.820351,6.85438],[124.82782,6.85431],[124.835274,6.85472],[124.841049,6.85503],[124.8414,6.85511]]]]}},{"type":"Feature","properties":{"ID_0":177,"ISO":"PHL","NAME_0":"Philippines","ID_1":12047,"NAME_1":"Cotabato (North Cotabato)","ID_2":1204714,"NAME_2":"Tulunan","ID_3":1204714009,"NAME_3":"Kanibong","NL_NAME_3":null,"VARNAME_3":null,"TYPE_3":"Barangay","ENGTYPE_3":"Village","PROVINCE":"Cotabato (North Cotabato)","REGION":"Region XII (Soccsksargen)","id":"barangay-1204714009","name":"Kanibong","barangayCode":"1204714009","population":null,"formattedPop":null,"densityCategory":"No data","vulnerabilityRating":"No data","healthRiskLevel":"No data","areaKm2":12.286504,"centerLat":6.79615,"centerLng":124.954419,"geometrySource":"all_barangay-2.csv detailed WKT","geometryMatchMethod":"psgc_coordinate_bridge","boundaryPointCount":117},"geometry":{"type":"MultiPolygon","coordinates":[[[[124.971237,6.83284],[124.974876,6.82931],[124.982742,6.82046],[124.983849,6.8179],[124.990318,6.81274],[124.993797,6.80912],[124.998627,6.80536],[124.996468,6.80141],[124.993736,6.79912],[124.99131,6.79807],[124.98761,6.79747],[124.983963,6.79728],[124.982269,6.79722],[124.980583,6.79717],[124.979652,6.79712],[124.97905,6.79707],[124.978447,6.79702],[124.977547,6.79705],[124.976517,6.79709],[124.975594,6.79698],[124.974663,6.79687],[124.973701,6.79682],[124.97274,6.79678],[124.971992,6.7972],[124.971931,6.79723],[124.971107,6.79769],[124.969658,6.79819],[124.968597,6.79926],[124.968628,6.79937],[124.968674,6.79948],[124.96685,6.79966],[124.965347,6.79964],[124.964577,6.79989],[124.96357,6.79997],[124.96244,6.80007],[124.961792,6.80048],[124.961197,6.80085],[124.960403,6.80107],[124.959587,6.8013],[124.959381,6.80199],[124.958237,6.80183],[124.95723,6.80169],[124.95578,6.80116],[124.953537,6.80152],[124.9534,6.80214],[124.953163,6.80319],[124.952888,6.80382],[124.952766,6.80408],[124.952278,6.80469],[124.951118,6.80602],[124.950478,6.80706],[124.949959,6.8072],[124.949226,6.8074],[124.949203,6.80834],[124.948463,6.80998],[124.947723,6.81073],[124.947029,6.80993],[124.945999,6.80881],[124.945137,6.80901],[124.944511,6.80916],[124.944641,6.80966],[124.944763,6.81013],[124.943642,6.80982],[124.943817,6.81185],[124.943817,6.81243],[124.94384,6.81312],[124.94352,6.81381],[124.943497,6.81387],[124.942734,6.81555],[124.941467,6.8159],[124.940041,6.8163],[124.938004,6.8164],[124.937424,6.81622],[124.93718,6.81614],[124.93589,6.81626],[124.935471,6.81606],[124.934486,6.81571],[124.933609,6.81602],[124.932983,6.81596],[124.932228,6.81589],[124.931488,6.81489],[124.93071,6.81428],[124.929977,6.81346],[124.928322,6.81209],[124.927307,6.81229],[124.926292,6.8125],[124.925697,6.81242],[124.925041,6.81233],[124.923859,6.81232],[124.922546,6.81048],[124.922417,6.80954],[124.922287,6.80858],[124.922241,6.80802],[124.922173,6.80734],[124.921402,6.80708],[124.919037,6.80636],[124.917793,6.80608],[124.913681,6.80571],[124.910217,6.80748],[124.909523,6.80796],[124.908592,6.808],[124.907784,6.80847],[124.907127,6.80844],[124.906593,6.80832],[124.906433,6.80878],[124.904167,6.807],[124.902771,6.81309],[124.902321,6.81745],[124.901817,6.8211],[124.901772,6.82114],[124.9021,6.8212],[124.90255,6.82798],[124.907158,6.82953],[124.912407,6.82932],[124.927612,6.82996],[124.931488,6.83021],[124.971237,6.83284]]]]}},{"type":"Feature","properties":{"ID_0":177,"ISO":"PHL","NAME_0":"Philippines","ID_1":12047,"NAME_1":"Cotabato (North Cotabato)","ID_2":1204714,"NAME_2":"Tulunan","ID_3":1204714010,"NAME_3":"La Esperanza","NL_NAME_3":null,"VARNAME_3":null,"TYPE_3":"Barangay","ENGTYPE_3":"Village","PROVINCE":"Cotabato (North Cotabato)","REGION":"Region XII (Soccsksargen)","id":"barangay-1204714010","name":"La Esperanza","barangayCode":"1204714010","population":null,"formattedPop":null,"densityCategory":"No data","vulnerabilityRating":"No data","healthRiskLevel":"No data","areaKm2":9.963919,"centerLat":6.846972,"centerLng":124.900691,"geometrySource":"all_barangay-2.csv detailed WKT","geometryMatchMethod":"psgc_coordinate_bridge","boundaryPointCount":19},"geometry":{"type":"MultiPolygon","coordinates":[[[[124.867737,6.86882],[124.8741,6.867],[124.884148,6.86665],[124.89962,6.86581],[124.897911,6.85968],[124.897339,6.85851],[124.897697,6.85541],[124.888908,6.85581],[124.88327,6.85548],[124.874298,6.85579],[124.870277,6.85571],[124.868736,6.85518],[124.867157,6.85491],[124.863983,6.85437],[124.864151,6.85663],[124.864357,6.85938],[124.863647,6.86172],[124.866829,6.86725],[124.867737,6.86882]]]]}},{"type":"Feature","properties":{"ID_0":177,"ISO":"PHL","NAME_0":"Philippines","ID_1":12047,"NAME_1":"Cotabato (North Cotabato)","ID_2":1204714,"NAME_2":"Tulunan","ID_3":1204714011,"NAME_3":"Lampagang","NL_NAME_3":null,"VARNAME_3":null,"TYPE_3":"Barangay","ENGTYPE_3":"Village","PROVINCE":"Cotabato (North Cotabato)","REGION":"Region XII (Soccsksargen)","id":"barangay-1204714011","name":"Lampagang","barangayCode":"1204714011","population":null,"formattedPop":null,"densityCategory":"No data","vulnerabilityRating":"No data","healthRiskLevel":"No data","areaKm2":18.60706,"centerLat":6.809909,"centerLng":124.971813,"geometrySource":"all_barangay-2.csv detailed WKT","geometryMatchMethod":"psgc_coordinate_bridge","boundaryPointCount":12},"geometry":{"type":"MultiPolygon","coordinates":[[[[124.951988,6.8526],[124.971237,6.83284],[124.931488,6.83021],[124.927612,6.82996],[124.92733,6.83363],[124.927719,6.83758],[124.925072,6.84123],[124.924026,6.84171],[124.920174,6.84629],[124.919769,6.85131],[124.928139,6.85148],[124.951988,6.8526]]]]}},{"type":"Feature","properties":{"ID_0":177,"ISO":"PHL","NAME_0":"Philippines","ID_1":12047,"NAME_1":"Cotabato (North Cotabato)","ID_2":1204714,"NAME_2":"Tulunan","ID_3":1204714012,"NAME_3":"Bunawan","NL_NAME_3":null,"VARNAME_3":null,"TYPE_3":"Barangay","ENGTYPE_3":"Village","PROVINCE":"Cotabato (North Cotabato)","REGION":"Region XII (Soccsksargen)","id":"barangay-1204714012","name":"Bunawan","barangayCode":"1204714012","population":null,"formattedPop":null,"densityCategory":"No data","vulnerabilityRating":"No data","healthRiskLevel":"No data","areaKm2":18.994141,"centerLat":6.748458,"centerLng":124.977905,"geometrySource":"all_barangay-2.csv detailed WKT","geometryMatchMethod":"psgc_coordinate_bridge","boundaryPointCount":21},"geometry":{"type":"MultiPolygon","coordinates":[[[[124.902031,6.80161],[124.904587,6.79273],[124.905159,6.79027],[124.906273,6.77907],[124.906403,6.77749],[124.906532,6.7759],[124.903549,6.77697],[124.902748,6.77778],[124.900467,6.78001],[124.897537,6.78321],[124.894577,6.78306],[124.892502,6.78179],[124.889488,6.7795],[124.885597,6.77758],[124.885193,6.78697],[124.885193,6.78925],[124.884842,6.79202],[124.884537,6.79921],[124.884773,6.8005],[124.896919,6.80155],[124.902031,6.80161]]]]}},{"type":"Feature","properties":{"ID_0":177,"ISO":"PHL","NAME_0":"Philippines","ID_1":12047,"NAME_1":"Cotabato (North Cotabato)","ID_2":1204714,"NAME_2":"Tulunan","ID_3":1204714013,"NAME_3":"Magbok","NL_NAME_3":null,"VARNAME_3":null,"TYPE_3":"Barangay","ENGTYPE_3":"Village","PROVINCE":"Cotabato (North Cotabato)","REGION":"Region XII (Soccsksargen)","id":"barangay-1204714013","name":"Magbok","barangayCode":"1204714013","population":null,"formattedPop":null,"densityCategory":"No data","vulnerabilityRating":"No data","healthRiskLevel":"No data","areaKm2":8.011752,"centerLat":6.824791,"centerLng":125.064079,"geometrySource":"all_barangay-2.csv detailed WKT","geometryMatchMethod":"psgc_coordinate_bridge","boundaryPointCount":23},"geometry":{"type":"MultiPolygon","coordinates":[[[[125.074226,6.85937],[125.098793,6.84055],[125.107773,6.83344],[125.12027,6.8247],[125.107872,6.82006],[125.102158,6.82084],[125.100563,6.8187],[125.076736,6.82798],[125.072021,6.83114],[125.066093,6.83389],[125.052933,6.83894],[125.036537,6.84524],[125.036003,6.84584],[125.035294,6.84881],[125.034393,6.85418],[125.034943,6.85501],[125.036469,6.85665],[125.040642,6.85989],[125.044243,6.86353],[125.046112,6.86561],[125.048721,6.86845],[125.054459,6.87379],[125.074226,6.85937]]]]}},{"type":"Feature","properties":{"ID_0":177,"ISO":"PHL","NAME_0":"Philippines","ID_1":12047,"NAME_1":"Cotabato (North Cotabato)","ID_2":1204714,"NAME_2":"Tulunan","ID_3":1204714014,"NAME_3":"Maybula","NL_NAME_3":null,"VARNAME_3":null,"TYPE_3":"Barangay","ENGTYPE_3":"Village","PROVINCE":"Cotabato (North Cotabato)","REGION":"Region XII (Soccsksargen)","id":"barangay-1204714014","name":"Maybula","barangayCode":"1204714014","population":null,"formattedPop":null,"densityCategory":"No data","vulnerabilityRating":"No data","healthRiskLevel":"No data","areaKm2":15.933742,"centerLat":6.771996,"centerLng":124.98095,"geometrySource":"all_barangay-2.csv detailed WKT","geometryMatchMethod":"psgc_coordinate_bridge","boundaryPointCount":205},"geometry":{"type":"MultiPolygon","coordinates":[[[[124.902031,6.80161],[124.903816,6.80266],[124.903664,6.80363],[124.903481,6.8048],[124.903519,6.80542],[124.903549,6.8059],[124.904167,6.807],[124.906433,6.80878],[124.906593,6.80832],[124.907127,6.80844],[124.907784,6.80847],[124.908592,6.808],[124.909523,6.80796],[124.910217,6.80748],[124.913681,6.80571],[124.917793,6.80608],[124.919037,6.80636],[124.921402,6.80708],[124.922173,6.80734],[124.922241,6.80802],[124.922287,6.80858],[124.922417,6.80954],[124.922546,6.81048],[124.923859,6.81232],[124.925041,6.81233],[124.925697,6.81242],[124.926292,6.8125],[124.927307,6.81229],[124.928322,6.81209],[124.929977,6.81346],[124.93071,6.81428],[124.931488,6.81489],[124.932228,6.81589],[124.932983,6.81596],[124.933609,6.81602],[124.934486,6.81571],[124.935471,6.81606],[124.93589,6.81626],[124.93718,6.81614],[124.937424,6.81622],[124.938004,6.8164],[124.940041,6.8163],[124.941467,6.8159],[124.942734,6.81555],[124.943497,6.81387],[124.94352,6.81381],[124.94384,6.81312],[124.943817,6.81243],[124.943817,6.81185],[124.943642,6.80982],[124.944763,6.81013],[124.944641,6.80966],[124.944511,6.80916],[124.945137,6.80901],[124.945999,6.80881],[124.947029,6.80993],[124.947723,6.81073],[124.948463,6.80998],[124.949203,6.80834],[124.949226,6.8074],[124.949959,6.8072],[124.950478,6.80706],[124.951118,6.80602],[124.952278,6.80469],[124.952766,6.80408],[124.952888,6.80382],[124.953163,6.80319],[124.9534,6.80214],[124.953537,6.80152],[124.95578,6.80116],[124.95723,6.80169],[124.958237,6.80183],[124.959381,6.80199],[124.959587,6.8013],[124.960403,6.80107],[124.961197,6.80085],[124.961792,6.80048],[124.96244,6.80007],[124.96357,6.79997],[124.964577,6.79989],[124.965347,6.79964],[124.96685,6.79966],[124.968674,6.79948],[124.968628,6.79937],[124.968597,6.79926],[124.969658,6.79819],[124.971107,6.79769],[124.971931,6.79723],[124.971992,6.7972],[124.97274,6.79678],[124.973701,6.79682],[124.974663,6.79687],[124.975594,6.79698],[124.976517,6.79709],[124.977547,6.79705],[124.978447,6.79702],[124.97905,6.79707],[124.979652,6.79712],[124.980583,6.79717],[124.982269,6.79722],[124.983963,6.79728],[124.98761,6.79747],[124.99131,6.79807],[124.993736,6.79912],[124.996468,6.80141],[124.998627,6.80536],[125.003906,6.79821],[125.013031,6.78585],[125.036377,6.77291],[125.037109,6.7725],[125.081047,6.748157],[125.0131,6.72569],[125.0037,6.72055],[125.001068,6.72428],[124.999672,6.72559],[124.998497,6.72623],[124.998337,6.72716],[124.997414,6.72779],[124.99659,6.72816],[124.996117,6.72904],[124.993896,6.72874],[124.993187,6.73001],[124.99189,6.72982],[124.990501,6.72824],[124.989014,6.72733],[124.98877,6.72613],[124.989212,6.72492],[124.988899,6.7247],[124.988403,6.72477],[124.987877,6.72521],[124.98658,6.72662],[124.985168,6.72713],[124.984138,6.72734],[124.983849,6.72708],[124.983482,6.72823],[124.982964,6.72901],[124.982101,6.72897],[124.981216,6.7306],[124.97979,6.73153],[124.977707,6.73131],[124.976082,6.7318],[124.975967,6.73183],[124.976082,6.73189],[124.976677,6.73225],[124.977364,6.73339],[124.976273,6.73399],[124.974937,6.73542],[124.974487,6.7346],[124.973671,6.73477],[124.97332,6.73547],[124.973358,6.73641],[124.972923,6.73792],[124.971001,6.73903],[124.969971,6.7386],[124.96862,6.73916],[124.967918,6.7379],[124.967796,6.73671],[124.966614,6.73664],[124.964897,6.73719],[124.962631,6.73707],[124.960091,6.73683],[124.960052,6.73715],[124.960327,6.73798],[124.960487,6.74007],[124.959244,6.7418],[124.957733,6.74268],[124.956596,6.74318],[124.956352,6.74513],[124.955544,6.74771],[124.954193,6.74976],[124.953819,6.7507],[124.952454,6.74971],[124.951202,6.75142],[124.951828,6.75281],[124.950737,6.75414],[124.949783,6.75527],[124.949249,6.75639],[124.94812,6.75726],[124.9468,6.75684],[124.944672,6.75675],[124.940193,6.75872],[124.937973,6.7599],[124.937241,6.76136],[124.936172,6.76237],[124.935181,6.76343],[124.933319,6.7639],[124.932739,6.76303],[124.931686,6.76583],[124.931374,6.76597],[124.931099,6.7661],[124.92997,6.76662],[124.929482,6.76684],[124.925362,6.76887],[124.923492,6.76953],[124.920029,6.77044],[124.917503,6.77136],[124.914436,6.77218],[124.912308,6.77291],[124.908073,6.7748],[124.906532,6.7759],[124.906403,6.77749],[124.906273,6.77907],[124.905159,6.79027],[124.904587,6.79273],[124.902031,6.80161]]]]}},{"type":"Feature","properties":{"ID_0":177,"ISO":"PHL","NAME_0":"Philippines","ID_1":12047,"NAME_1":"Cotabato (North Cotabato)","ID_2":1204714,"NAME_2":"Tulunan","ID_3":1204714015,"NAME_3":"Minapan","NL_NAME_3":null,"VARNAME_3":null,"TYPE_3":"Barangay","ENGTYPE_3":"Village","PROVINCE":"Cotabato (North Cotabato)","REGION":"Region XII (Soccsksargen)","id":"barangay-1204714015","name":"Minapan","barangayCode":"1204714015","population":null,"formattedPop":null,"densityCategory":"No data","vulnerabilityRating":"No data","healthRiskLevel":"No data","areaKm2":7.690054,"centerLat":6.799882,"centerLng":124.914595,"geometrySource":"all_barangay-2.csv detailed WKT","geometryMatchMethod":"psgc_coordinate_bridge","boundaryPointCount":16},"geometry":{"type":"MultiPolygon","coordinates":[[[[124.901772,6.82114],[124.901817,6.8211],[124.902321,6.81745],[124.902771,6.81309],[124.904167,6.807],[124.903549,6.8059],[124.903519,6.80542],[124.903481,6.8048],[124.903664,6.80363],[124.903816,6.80266],[124.902031,6.80161],[124.896919,6.80155],[124.884773,6.8005],[124.885437,6.81886],[124.885963,6.82084],[124.901772,6.82114]]]]}},{"type":"Feature","properties":{"ID_0":177,"ISO":"PHL","NAME_0":"Philippines","ID_1":12047,"NAME_1":"Cotabato (North Cotabato)","ID_2":1204714,"NAME_2":"Tulunan","ID_3":1204714016,"NAME_3":"New Caridad","NL_NAME_3":null,"VARNAME_3":null,"TYPE_3":"Barangay","ENGTYPE_3":"Village","PROVINCE":"Cotabato (North Cotabato)","REGION":"Region XII (Soccsksargen)","id":"barangay-1204714016","name":"New Caridad","barangayCode":"1204714016","population":null,"formattedPop":null,"densityCategory":"No data","vulnerabilityRating":"No data","healthRiskLevel":"No data","areaKm2":13.551872,"centerLat":6.86862,"centerLng":125.016914,"geometrySource":"all_barangay-2.csv detailed WKT","geometryMatchMethod":"psgc_coordinate_bridge","boundaryPointCount":20},"geometry":{"type":"MultiPolygon","coordinates":[[[[125.025017,6.89594],[125.030228,6.89132],[125.034187,6.88917],[125.033073,6.88744],[125.027191,6.88321],[125.019417,6.87776],[125.009453,6.87205],[125.008667,6.87307],[125.00737,6.87395],[125.005371,6.87518],[125.00325,6.87607],[125.000847,6.87806],[124.998497,6.87923],[124.994408,6.87893],[124.989861,6.87965],[124.994873,6.88404],[125.002533,6.88792],[125.012032,6.89064],[125.022408,6.89823],[125.025017,6.89594]]]]}},{"type":"Feature","properties":{"ID_0":177,"ISO":"PHL","NAME_0":"Philippines","ID_1":12047,"NAME_1":"Cotabato (North Cotabato)","ID_2":1204714,"NAME_2":"Tulunan","ID_3":1204714017,"NAME_3":"New Culasi","NL_NAME_3":null,"VARNAME_3":null,"TYPE_3":"Barangay","ENGTYPE_3":"Village","PROVINCE":"Cotabato (North Cotabato)","REGION":"Region XII (Soccsksargen)","id":"barangay-1204714017","name":"New Culasi","barangayCode":"1204714017","population":null,"formattedPop":null,"densityCategory":"No data","vulnerabilityRating":"No data","healthRiskLevel":"No data","areaKm2":6.130995,"centerLat":6.81961,"centerLng":124.926167,"geometrySource":"all_barangay-2.csv detailed WKT","geometryMatchMethod":"psgc_coordinate_bridge","boundaryPointCount":23},"geometry":{"type":"MultiPolygon","coordinates":[[[[124.919769,6.85131],[124.920174,6.84629],[124.924026,6.84171],[124.925072,6.84123],[124.927719,6.83758],[124.92733,6.83363],[124.927612,6.82996],[124.912407,6.82932],[124.907158,6.82953],[124.90255,6.82798],[124.9021,6.8212],[124.901772,6.82114],[124.885963,6.82084],[124.884903,6.82882],[124.884666,6.83833],[124.884407,6.84946],[124.894478,6.85024],[124.89463,6.85001],[124.898209,6.85008],[124.905342,6.85029],[124.915154,6.85072],[124.919884,6.8514],[124.919769,6.85131]]]]}},{"type":"Feature","properties":{"ID_0":177,"ISO":"PHL","NAME_0":"Philippines","ID_1":12047,"NAME_1":"Cotabato (North Cotabato)","ID_2":1204714,"NAME_2":"Tulunan","ID_3":1204714018,"NAME_3":"New Panay","NL_NAME_3":null,"VARNAME_3":null,"TYPE_3":"Barangay","ENGTYPE_3":"Village","PROVINCE":"Cotabato (North Cotabato)","REGION":"Region XII (Soccsksargen)","id":"barangay-1204714018","name":"New Panay","barangayCode":"1204714018","population":null,"formattedPop":null,"densityCategory":"No data","vulnerabilityRating":"No data","healthRiskLevel":"No data","areaKm2":10.493144,"centerLat":6.850587,"centerLng":124.934307,"geometrySource":"all_barangay-2.csv detailed WKT","geometryMatchMethod":"psgc_coordinate_bridge","boundaryPointCount":20},"geometry":{"type":"MultiPolygon","coordinates":[[[[124.89962,6.86581],[124.921379,6.86603],[124.921547,6.86262],[124.921783,6.86147],[124.921852,6.85978],[124.921898,6.859],[124.922501,6.85758],[124.921944,6.85714],[124.921707,6.85467],[124.921242,6.85248],[124.919884,6.8514],[124.915154,6.85072],[124.905342,6.85029],[124.898209,6.85008],[124.89463,6.85001],[124.894478,6.85024],[124.897697,6.85541],[124.897339,6.85851],[124.897911,6.85968],[124.89962,6.86581]]]]}},{"type":"Feature","properties":{"ID_0":177,"ISO":"PHL","NAME_0":"Philippines","ID_1":12047,"NAME_1":"Cotabato (North Cotabato)","ID_2":1204714,"NAME_2":"Tulunan","ID_3":1204714019,"NAME_3":"Paraiso","NL_NAME_3":null,"VARNAME_3":null,"TYPE_3":"Barangay","ENGTYPE_3":"Village","PROVINCE":"Cotabato (North Cotabato)","REGION":"Region XII (Soccsksargen)","id":"barangay-1204714019","name":"Paraiso","barangayCode":"1204714019","population":null,"formattedPop":null,"densityCategory":"No data","vulnerabilityRating":"No data","healthRiskLevel":"No data","areaKm2":4.347657,"centerLat":6.836894,"centerLng":125.052348,"geometrySource":"all_barangay-2.csv detailed WKT","geometryMatchMethod":"psgc_coordinate_bridge","boundaryPointCount":20},"geometry":{"type":"MultiPolygon","coordinates":[[[[125.046753,6.8801],[125.054459,6.87379],[125.048721,6.86845],[125.046112,6.86561],[125.044243,6.86353],[125.040642,6.85989],[125.036469,6.85665],[125.034943,6.85501],[125.034393,6.85418],[125.033638,6.85435],[125.033234,6.85492],[125.031792,6.8559],[125.029602,6.85743],[125.027771,6.85843],[125.024208,6.86197],[125.024429,6.86273],[125.025673,6.86528],[125.02951,6.87225],[125.038483,6.8858],[125.046753,6.8801]]]]}},{"type":"Feature","properties":{"ID_0":177,"ISO":"PHL","NAME_0":"Philippines","ID_1":12047,"NAME_1":"Cotabato (North Cotabato)","ID_2":1204714,"NAME_2":"Tulunan","ID_3":1204714020,"NAME_3":"Poblacion","NL_NAME_3":null,"VARNAME_3":null,"TYPE_3":"Barangay","ENGTYPE_3":"Village","PROVINCE":"Cotabato (North Cotabato)","REGION":"Region XII (Soccsksargen)","id":"barangay-1204714020","name":"Poblacion","barangayCode":"1204714020","population":null,"formattedPop":null,"densityCategory":"No data","vulnerabilityRating":"No data","healthRiskLevel":"No data","areaKm2":1.558871,"centerLat":6.829433,"centerLng":124.876276,"geometrySource":"all_barangay-2.csv detailed WKT","geometryMatchMethod":"psgc_coordinate_bridge","boundaryPointCount":22},"geometry":{"type":"MultiPolygon","coordinates":[[[[124.867157,6.85491],[124.868423,6.85014],[124.867737,6.84489],[124.868561,6.83901],[124.868584,6.83412],[124.867737,6.83155],[124.866814,6.82914],[124.867172,6.82843],[124.858856,6.82807],[124.847023,6.82852],[124.842133,6.8292],[124.841614,6.83854],[124.841187,6.84589],[124.840637,6.84644],[124.840599,6.84648],[124.8414,6.85511],[124.842346,6.85515],[124.843369,6.85518],[124.852013,6.85532],[124.857513,6.85488],[124.863983,6.85437],[124.867157,6.85491]]]]}},{"type":"Feature","properties":{"ID_0":177,"ISO":"PHL","NAME_0":"Philippines","ID_1":12047,"NAME_1":"Cotabato (North Cotabato)","ID_2":1204714,"NAME_2":"Tulunan","ID_3":1204714021,"NAME_3":"Popoyon","NL_NAME_3":null,"VARNAME_3":null,"TYPE_3":"Barangay","ENGTYPE_3":"Village","PROVINCE":"Cotabato (North Cotabato)","REGION":"Region XII (Soccsksargen)","id":"barangay-1204714021","name":"Popoyon","barangayCode":"1204714021","population":null,"formattedPop":null,"densityCategory":"No data","vulnerabilityRating":"No data","healthRiskLevel":"No data","areaKm2":12.538286,"centerLat":6.823441,"centerLng":124.833558,"geometrySource":"all_barangay-2.csv detailed WKT","geometryMatchMethod":"psgc_coordinate_bridge","boundaryPointCount":39},"geometry":{"type":"MultiPolygon","coordinates":[[[[124.840599,6.84648],[124.840637,6.84644],[124.841187,6.84589],[124.841614,6.83854],[124.842133,6.8292],[124.842247,6.82894],[124.842361,6.82868],[124.840607,6.8153],[124.839203,6.80873],[124.836601,6.80233],[124.836243,6.80164],[124.83522,6.79965],[124.83519,6.79961],[124.835152,6.79956],[124.835197,6.79948],[124.835426,6.79913],[124.834633,6.79907],[124.833679,6.79899],[124.829239,6.79878],[124.824806,6.79857],[124.818863,6.7988],[124.812973,6.79903],[124.811768,6.79871],[124.811401,6.79887],[124.81102,6.79903],[124.81118,6.80182],[124.810547,6.80449],[124.81057,6.80662],[124.810593,6.80869],[124.810539,6.81099],[124.810493,6.81329],[124.810562,6.81832],[124.810638,6.82345],[124.808403,6.84005],[124.808327,6.8406],[124.809624,6.84589],[124.809853,6.8459],[124.833687,6.84653],[124.840599,6.84648]]]]}},{"type":"Feature","properties":{"ID_0":177,"ISO":"PHL","NAME_0":"Philippines","ID_1":12047,"NAME_1":"Cotabato (North Cotabato)","ID_2":1204714,"NAME_2":"Tulunan","ID_3":1204714022,"NAME_3":"Sibsib","NL_NAME_3":null,"VARNAME_3":null,"TYPE_3":"Barangay","ENGTYPE_3":"Village","PROVINCE":"Cotabato (North Cotabato)","REGION":"Region XII (Soccsksargen)","id":"barangay-1204714022","name":"Sibsib","barangayCode":"1204714022","population":null,"formattedPop":null,"densityCategory":"No data","vulnerabilityRating":"No data","healthRiskLevel":"No data","areaKm2":5.752245,"centerLat":6.824602,"centerLng":124.898527,"geometrySource":"all_barangay-2.csv detailed WKT","geometryMatchMethod":"psgc_coordinate_bridge","boundaryPointCount":13},"geometry":{"type":"MultiPolygon","coordinates":[[[[124.884407,6.84946],[124.884666,6.83833],[124.884903,6.82882],[124.867172,6.82843],[124.866814,6.82914],[124.867737,6.83155],[124.868584,6.83412],[124.868561,6.83901],[124.867737,6.84489],[124.868423,6.85014],[124.869827,6.85034],[124.874542,6.85058],[124.884407,6.84946]]]]}},{"type":"Feature","properties":{"ID_0":177,"ISO":"PHL","NAME_0":"Philippines","ID_1":12047,"NAME_1":"Cotabato (North Cotabato)","ID_2":1204714,"NAME_2":"Tulunan","ID_3":1204714023,"NAME_3":"Tambac","NL_NAME_3":null,"VARNAME_3":null,"TYPE_3":"Barangay","ENGTYPE_3":"Village","PROVINCE":"Cotabato (North Cotabato)","REGION":"Region XII (Soccsksargen)","id":"barangay-1204714023","name":"Tambac","barangayCode":"1204714023","population":null,"formattedPop":null,"densityCategory":"No data","vulnerabilityRating":"No data","healthRiskLevel":"No data","areaKm2":8.256192,"centerLat":6.840284,"centerLng":124.862059,"geometrySource":"all_barangay-2.csv detailed WKT","geometryMatchMethod":"psgc_coordinate_bridge","boundaryPointCount":27},"geometry":{"type":"MultiPolygon","coordinates":[[[[124.863647,6.86172],[124.864357,6.85938],[124.864151,6.85663],[124.863983,6.85437],[124.857513,6.85488],[124.852013,6.85532],[124.843369,6.85518],[124.842346,6.85515],[124.8414,6.85511],[124.841049,6.85503],[124.835274,6.85472],[124.82782,6.85431],[124.820351,6.85438],[124.809982,6.85446],[124.809158,6.85447],[124.809464,6.85775],[124.809479,6.8579],[124.809883,6.86209],[124.81028,6.87486],[124.81115,6.89198],[124.811691,6.89168],[124.825142,6.88425],[124.832748,6.88014],[124.850952,6.87174],[124.860023,6.8658],[124.862679,6.86313],[124.863647,6.86172]]]]}},{"type":"Feature","properties":{"ID_0":177,"ISO":"PHL","NAME_0":"Philippines","ID_1":12047,"NAME_1":"Cotabato (North Cotabato)","ID_2":1204714,"NAME_2":"Tulunan","ID_3":1204714024,"NAME_3":"Tuburan","NL_NAME_3":null,"VARNAME_3":null,"TYPE_3":"Barangay","ENGTYPE_3":"Village","PROVINCE":"Cotabato (North Cotabato)","REGION":"Region XII (Soccsksargen)","id":"barangay-1204714024","name":"Tuburan","barangayCode":"1204714024","population":null,"formattedPop":null,"densityCategory":"No data","vulnerabilityRating":"No data","healthRiskLevel":"No data","areaKm2":8.416099,"centerLat":6.83611,"centerLng":124.964853,"geometrySource":"all_barangay-2.csv detailed WKT","geometryMatchMethod":"psgc_coordinate_bridge","boundaryPointCount":17},"geometry":{"type":"MultiPolygon","coordinates":[[[[124.953163,6.85973],[124.952591,6.85564],[124.952461,6.85357],[124.951988,6.8526],[124.928139,6.85148],[124.919769,6.85131],[124.919884,6.8514],[124.921242,6.85248],[124.921707,6.85467],[124.921944,6.85714],[124.922501,6.85758],[124.927673,6.85769],[124.931572,6.85732],[124.940071,6.85783],[124.942627,6.85806],[124.944977,6.85854],[124.953163,6.85973]]]]}},{"type":"Feature","properties":{"ID_0":177,"ISO":"PHL","NAME_0":"Philippines","ID_1":12047,"NAME_1":"Cotabato (North Cotabato)","ID_2":1204714,"NAME_2":"Tulunan","ID_3":1204714026,"NAME_3":"F. Cajelo","NL_NAME_3":null,"VARNAME_3":null,"TYPE_3":"Barangay","ENGTYPE_3":"Village","PROVINCE":"Cotabato (North Cotabato)","REGION":"Region XII (Soccsksargen)","id":"barangay-1204714026","name":"F. Cajelo","barangayCode":"1204714026","population":null,"formattedPop":null,"densityCategory":"No data","vulnerabilityRating":"No data","healthRiskLevel":"No data","areaKm2":3.722822,"centerLat":6.83293,"centerLng":124.920631,"geometrySource":"all_barangay-2.csv detailed WKT","geometryMatchMethod":"psgc_coordinate_bridge","boundaryPointCount":13},"geometry":{"type":"MultiPolygon","coordinates":[[[[124.897697,6.85541],[124.894478,6.85024],[124.884407,6.84946],[124.874542,6.85058],[124.869827,6.85034],[124.868423,6.85014],[124.867157,6.85491],[124.868736,6.85518],[124.870277,6.85571],[124.874298,6.85579],[124.88327,6.85548],[124.888908,6.85581],[124.897697,6.85541]]]]}},{"type":"Feature","properties":{"ID_0":177,"ISO":"PHL","NAME_0":"Philippines","ID_1":12047,"NAME_1":"Cotabato (North Cotabato)","ID_2":1204714,"NAME_2":"Tulunan","ID_3":1204714027,"NAME_3":"Bacong","NL_NAME_3":null,"VARNAME_3":null,"TYPE_3":"Barangay","ENGTYPE_3":"Village","PROVINCE":"Cotabato (North Cotabato)","REGION":"Region XII (Soccsksargen)","id":"barangay-1204714027","name":"Bacong","barangayCode":"1204714027","population":null,"formattedPop":null,"densityCategory":"No data","vulnerabilityRating":"No data","healthRiskLevel":"No data","areaKm2":32.758306,"centerLat":6.792577,"centerLng":125.024612,"geometrySource":"all_barangay-2.csv detailed WKT","geometryMatchMethod":"psgc_coordinate_bridge","boundaryPointCount":37},"geometry":{"type":"MultiPolygon","coordinates":[[[[125.062531,6.81389],[125.062607,6.81362],[125.062729,6.8132],[125.064751,6.81288],[125.066238,6.81265],[125.071342,6.81093],[125.075813,6.80943],[125.097313,6.80306],[125.109901,6.79899],[125.110878,6.79659],[125.111847,6.79419],[125.114067,6.79263],[125.114143,6.79127],[125.114227,6.78951],[125.113983,6.78422],[125.11396,6.78358],[125.114449,6.78227],[125.114952,6.78092],[125.116493,6.77537],[125.11795,6.76998],[125.117996,6.76982],[125.119377,6.76474],[125.120773,6.75631],[125.099136,6.75414],[125.081047,6.748157],[125.037109,6.7725],[125.036377,6.77291],[125.013031,6.78585],[125.003906,6.79821],[124.998627,6.80536],[125.011559,6.80789],[125.029953,6.81149],[125.037216,6.81225],[125.045227,6.81308],[125.057991,6.81378],[125.060371,6.81384],[125.062531,6.81389]]]]}},{"type":"Feature","properties":{"ID_0":177,"ISO":"PHL","NAME_0":"Philippines","ID_1":12047,"NAME_1":"Cotabato (North Cotabato)","ID_2":1204714,"NAME_2":"Tulunan","ID_3":1204714028,"NAME_3":"Galidan","NL_NAME_3":null,"VARNAME_3":null,"TYPE_3":"Barangay","ENGTYPE_3":"Village","PROVINCE":"Cotabato (North Cotabato)","REGION":"Region XII (Soccsksargen)","id":"barangay-1204714028","name":"Galidan","barangayCode":"1204714028","population":null,"formattedPop":null,"densityCategory":"No data","vulnerabilityRating":"No data","healthRiskLevel":"No data","areaKm2":8.98527,"centerLat":6.803015,"centerLng":124.839098,"geometrySource":"all_barangay-2.csv detailed WKT","geometryMatchMethod":"psgc_coordinate_bridge","boundaryPointCount":24},"geometry":{"type":"MultiPolygon","coordinates":[[[[124.85009,6.7994],[124.849609,6.79811],[124.845886,6.79288],[124.840958,6.78542],[124.8367,6.78045],[124.831879,6.77286],[124.830559,6.7737],[124.828117,6.77511],[124.825768,6.7757],[124.824432,6.77494],[124.814308,6.78091],[124.812477,6.79249],[124.81102,6.79903],[124.811401,6.79887],[124.811768,6.79871],[124.812973,6.79903],[124.818863,6.7988],[124.824806,6.79857],[124.829239,6.79878],[124.833679,6.79899],[124.834633,6.79907],[124.835426,6.79913],[124.841949,6.79907],[124.85009,6.7994]]]]}},{"type":"Feature","properties":{"ID_0":177,"ISO":"PHL","NAME_0":"Philippines","ID_1":12047,"NAME_1":"Cotabato (North Cotabato)","ID_2":1204714,"NAME_2":"Tulunan","ID_3":1204714029,"NAME_3":"Genoveva Baynosa","NL_NAME_3":null,"VARNAME_3":null,"TYPE_3":"Barangay","ENGTYPE_3":"Village","PROVINCE":"Cotabato (North Cotabato)","REGION":"Region XII (Soccsksargen)","id":"barangay-1204714029","name":"Genoveva Baynosa","barangayCode":"1204714029","population":null,"formattedPop":null,"densityCategory":"No data","vulnerabilityRating":"No data","healthRiskLevel":"No data","areaKm2":3.413751,"centerLat":6.881113,"centerLng":125.044206,"geometrySource":"all_barangay-2.csv detailed WKT","geometryMatchMethod":"psgc_coordinate_bridge","boundaryPointCount":16},"geometry":{"type":"MultiPolygon","coordinates":[[[[125.076736,6.82798],[125.100563,6.8187],[125.10157,6.81274],[125.103157,6.8077],[125.106972,6.80254],[125.109901,6.79899],[125.097313,6.80306],[125.075813,6.80943],[125.071342,6.81093],[125.066238,6.81265],[125.064751,6.81288],[125.062729,6.8132],[125.062607,6.81362],[125.062531,6.81389],[125.069839,6.82284],[125.076736,6.82798]]]]}},{"type":"Feature","properties":{"ID_0":177,"ISO":"PHL","NAME_0":"Philippines","ID_1":12047,"NAME_1":"Cotabato (North Cotabato)","ID_2":1204714,"NAME_2":"Tulunan","ID_3":1204714030,"NAME_3":"Nabundasan","NL_NAME_3":null,"VARNAME_3":null,"TYPE_3":"Barangay","ENGTYPE_3":"Village","PROVINCE":"Cotabato (North Cotabato)","REGION":"Region XII (Soccsksargen)","id":"barangay-1204714030","name":"Nabundasan","barangayCode":"1204714030","population":null,"formattedPop":null,"densityCategory":"No data","vulnerabilityRating":"No data","healthRiskLevel":"No data","areaKm2":5.893844,"centerLat":6.856212,"centerLng":124.962455,"geometrySource":"all_barangay-2.csv detailed WKT","geometryMatchMethod":"psgc_coordinate_bridge","boundaryPointCount":16},"geometry":{"type":"MultiPolygon","coordinates":[[[[124.921379,6.86603],[124.95076,6.86653],[124.953033,6.86417],[124.953613,6.86302],[124.953163,6.85973],[124.944977,6.85854],[124.942627,6.85806],[124.940071,6.85783],[124.931572,6.85732],[124.927673,6.85769],[124.922501,6.85758],[124.921898,6.859],[124.921852,6.85978],[124.921783,6.86147],[124.921547,6.86262],[124.921379,6.86603]]]]}},{"type":"Feature","properties":{"ID_0":177,"ISO":"PHL","NAME_0":"Philippines","ID_1":12047,"NAME_1":"Cotabato (North Cotabato)","ID_2":1204715,"NAME_2":"Antipas","ID_3":1204715001,"NAME_3":"Camutan","NL_NAME_3":null,"VARNAME_3":null,"TYPE_3":"Barangay","ENGTYPE_3":"Village","PROVINCE":"Cotabato (North Cotabato)","REGION":"Region XII (Soccsksargen)","id":"barangay-1204715001","name":"Camutan","barangayCode":"1204715001","population":null,"formattedPop":null,"densityCategory":"No data","vulnerabilityRating":"No data","healthRiskLevel":"No data","areaKm2":10.871198,"centerLat":7.256994,"centerLng":125.106787,"geometrySource":"all_barangay-2.csv detailed WKT","geometryMatchMethod":"psgc_coordinate_bridge","boundaryPointCount":70},"geometry":{"type":"MultiPolygon","coordinates":[[[[125.115982,7.33248],[125.115128,7.3114],[125.114883,7.3034],[125.113724,7.25103],[125.087936,7.24958],[125.075363,7.24902],[125.06002,7.24916],[125.046349,7.25023],[125.055473,7.26628],[125.051376,7.29324],[125.042023,7.29913],[125.042236,7.30279],[125.048759,7.31844],[125.04966,7.31881],[125.050339,7.31908],[125.05085,7.3198],[125.051193,7.32141],[125.05262,7.32164],[125.053413,7.32125],[125.054749,7.32062],[125.056953,7.32109],[125.057533,7.32095],[125.058937,7.32109],[125.060043,7.32162],[125.061211,7.32175],[125.062263,7.32251],[125.063393,7.32308],[125.064301,7.32403],[125.065163,7.32411],[125.066193,7.3228],[125.066803,7.32307],[125.06768,7.32351],[125.068298,7.32369],[125.069717,7.3239],[125.071007,7.32327],[125.07148,7.32435],[125.072823,7.32545],[125.073837,7.32503],[125.075157,7.32429],[125.07608,7.32398],[125.076302,7.32241],[125.076271,7.32157],[125.076958,7.31993],[125.0774,7.31851],[125.0784,7.31841],[125.080566,7.31961],[125.082443,7.321],[125.084251,7.32082],[125.084473,7.31519],[125.085213,7.31332],[125.08699,7.31314],[125.087914,7.31066],[125.089821,7.3161],[125.091599,7.3249],[125.093071,7.33772],[125.090714,7.34462],[125.093033,7.34647],[125.096817,7.34678],[125.098503,7.34458],[125.101601,7.34274],[125.104446,7.34167],[125.105652,7.34163],[125.106003,7.33944],[125.105217,7.3376],[125.108627,7.33709],[125.111481,7.33659],[125.112518,7.33543],[125.111961,7.33367],[125.114098,7.3315],[125.115982,7.33248]]]]}},{"type":"Feature","properties":{"ID_0":177,"ISO":"PHL","NAME_0":"Philippines","ID_1":12047,"NAME_1":"Cotabato (North Cotabato)","ID_2":1204715,"NAME_2":"Antipas","ID_3":1204715002,"NAME_3":"Canaan","NL_NAME_3":null,"VARNAME_3":null,"TYPE_3":"Barangay","ENGTYPE_3":"Village","PROVINCE":"Cotabato (North Cotabato)","REGION":"Region XII (Soccsksargen)","id":"barangay-1204715002","name":"Canaan","barangayCode":"1204715002","population":null,"formattedPop":null,"densityCategory":"No data","vulnerabilityRating":"No data","healthRiskLevel":"No data","areaKm2":5.327961,"centerLat":7.244609,"centerLng":125.089218,"geometrySource":"all_barangay-2.csv detailed WKT","geometryMatchMethod":"psgc_coordinate_bridge","boundaryPointCount":16},"geometry":{"type":"MultiPolygon","coordinates":[[[[125.042023,7.29913],[125.051376,7.29324],[125.055473,7.26628],[125.046349,7.25023],[125.044151,7.25855],[125.036034,7.26588],[125.030853,7.26865],[125.02195,7.26822],[125.008759,7.26724],[125.003677,7.26703],[125.001892,7.27312],[125.000526,7.28731],[125.013496,7.28974],[125.025887,7.29294],[125.03199,7.29437],[125.042023,7.29913]]]]}},{"type":"Feature","properties":{"ID_0":177,"ISO":"PHL","NAME_0":"Philippines","ID_1":12047,"NAME_1":"Cotabato (North Cotabato)","ID_2":1204715,"NAME_2":"Antipas","ID_3":1204715003,"NAME_3":"Dolores","NL_NAME_3":null,"VARNAME_3":null,"TYPE_3":"Barangay","ENGTYPE_3":"Village","PROVINCE":"Cotabato (North Cotabato)","REGION":"Region XII (Soccsksargen)","id":"barangay-1204715003","name":"Dolores","barangayCode":"1204715003","population":null,"formattedPop":null,"densityCategory":"No data","vulnerabilityRating":"No data","healthRiskLevel":"No data","areaKm2":4.89611,"centerLat":7.222265,"centerLng":125.078476,"geometrySource":"all_barangay-2.csv detailed WKT","geometryMatchMethod":"psgc_coordinate_bridge","boundaryPointCount":12},"geometry":{"type":"MultiPolygon","coordinates":[[[[125.046349,7.25023],[125.041183,7.24119],[125.030891,7.23337],[125.013489,7.24254],[125.008759,7.25118],[125.003677,7.26703],[125.008759,7.26724],[125.02195,7.26822],[125.030853,7.26865],[125.036034,7.26588],[125.044151,7.25855],[125.046349,7.25023]]]]}},{"type":"Feature","properties":{"ID_0":177,"ISO":"PHL","NAME_0":"Philippines","ID_1":12047,"NAME_1":"Cotabato (North Cotabato)","ID_2":1204715,"NAME_2":"Antipas","ID_3":1204715004,"NAME_3":"Kiyaab","NL_NAME_3":null,"VARNAME_3":null,"TYPE_3":"Barangay","ENGTYPE_3":"Village","PROVINCE":"Cotabato (North Cotabato)","REGION":"Region XII (Soccsksargen)","id":"barangay-1204715004","name":"Kiyaab","barangayCode":"1204715004","population":null,"formattedPop":null,"densityCategory":"No data","vulnerabilityRating":"No data","healthRiskLevel":"No data","areaKm2":6.808914,"centerLat":7.226722,"centerLng":125.046375,"geometrySource":"all_barangay-2.csv detailed WKT","geometryMatchMethod":"psgc_coordinate_bridge","boundaryPointCount":8},"geometry":{"type":"MultiPolygon","coordinates":[[[[124.974159,7.26274],[124.974831,7.24381],[124.948303,7.24295],[124.929077,7.23932],[124.931831,7.24879],[124.931328,7.25649],[124.929413,7.2781],[124.974159,7.26274]]]]}},{"type":"Feature","properties":{"ID_0":177,"ISO":"PHL","NAME_0":"Philippines","ID_1":12047,"NAME_1":"Cotabato (North Cotabato)","ID_2":1204715,"NAME_2":"Antipas","ID_3":1204715005,"NAME_3":"Luhong","NL_NAME_3":null,"VARNAME_3":null,"TYPE_3":"Barangay","ENGTYPE_3":"Village","PROVINCE":"Cotabato (North Cotabato)","REGION":"Region XII (Soccsksargen)","id":"barangay-1204715005","name":"Luhong","barangayCode":"1204715005","population":null,"formattedPop":null,"densityCategory":"No data","vulnerabilityRating":"No data","healthRiskLevel":"No data","areaKm2":8.022883,"centerLat":7.207473,"centerLng":125.042443,"geometrySource":"all_barangay-2.csv detailed WKT","geometryMatchMethod":"psgc_coordinate_bridge","boundaryPointCount":7},"geometry":{"type":"MultiPolygon","coordinates":[[[[124.974831,7.24381],[124.980568,7.21602],[124.93251,7.21423],[124.931213,7.22145],[124.929077,7.23932],[124.948303,7.24295],[124.974831,7.24381]]]]}},{"type":"Feature","properties":{"ID_0":177,"ISO":"PHL","NAME_0":"Philippines","ID_1":12047,"NAME_1":"Cotabato (North Cotabato)","ID_2":1204715,"NAME_2":"Antipas","ID_3":1204715006,"NAME_3":"Magsaysay","NL_NAME_3":null,"VARNAME_3":null,"TYPE_3":"Barangay","ENGTYPE_3":"Village","PROVINCE":"Cotabato (North Cotabato)","REGION":"Region XII (Soccsksargen)","id":"barangay-1204715006","name":"Magsaysay","barangayCode":"1204715006","population":null,"formattedPop":null,"densityCategory":"No data","vulnerabilityRating":"No data","healthRiskLevel":"No data","areaKm2":6.448738,"centerLat":7.228359,"centerLng":125.066643,"geometrySource":"all_barangay-2.csv detailed WKT","geometryMatchMethod":"psgc_coordinate_bridge","boundaryPointCount":12},"geometry":{"type":"MultiPolygon","coordinates":[[[[125.000526,7.28731],[125.001892,7.27312],[125.003677,7.26703],[125.008759,7.25118],[125.013489,7.24254],[125.030891,7.23337],[125.020477,7.21528],[124.980568,7.21602],[124.974831,7.24381],[124.974159,7.26274],[124.973137,7.27892],[125.000526,7.28731]]]]}},{"type":"Feature","properties":{"ID_0":177,"ISO":"PHL","NAME_0":"Philippines","ID_1":12047,"NAME_1":"Cotabato (North Cotabato)","ID_2":1204715,"NAME_2":"Antipas","ID_3":1204715007,"NAME_3":"Malangag","NL_NAME_3":null,"VARNAME_3":null,"TYPE_3":"Barangay","ENGTYPE_3":"Village","PROVINCE":"Cotabato (North Cotabato)","REGION":"Region XII (Soccsksargen)","id":"barangay-1204715007","name":"Malangag","barangayCode":"1204715007","population":null,"formattedPop":null,"densityCategory":"No data","vulnerabilityRating":"No data","healthRiskLevel":"No data","areaKm2":12.568391,"centerLat":7.302449,"centerLng":125.072412,"geometrySource":"all_barangay-2.csv detailed WKT","geometryMatchMethod":"psgc_coordinate_bridge","boundaryPointCount":25},"geometry":{"type":"MultiPolygon","coordinates":[[[[124.995392,7.37391],[124.995491,7.36946],[124.996323,7.36303],[124.996483,7.36052],[124.996933,7.35278],[124.997307,7.34424],[124.998596,7.33593],[124.998199,7.33491],[124.9981,7.33373],[124.998428,7.33168],[124.998581,7.33029],[124.999153,7.32897],[125.002197,7.32775],[124.992088,7.31805],[124.984413,7.31939],[124.975288,7.32184],[124.97168,7.3295],[124.972809,7.34171],[124.977333,7.3557],[124.979027,7.38689],[124.980591,7.38335],[124.982292,7.3799],[124.988411,7.37595],[124.991882,7.3752],[124.995392,7.37391]]]]}},{"type":"Feature","properties":{"ID_0":177,"ISO":"PHL","NAME_0":"Philippines","ID_1":12047,"NAME_1":"Cotabato (North Cotabato)","ID_2":1204715,"NAME_2":"Antipas","ID_3":1204715008,"NAME_3":"Malatad","NL_NAME_3":null,"VARNAME_3":null,"TYPE_3":"Barangay","ENGTYPE_3":"Village","PROVINCE":"Cotabato (North Cotabato)","REGION":"Region XII (Soccsksargen)","id":"barangay-1204715008","name":"Malatad","barangayCode":"1204715008","population":null,"formattedPop":null,"densityCategory":"No data","vulnerabilityRating":"No data","healthRiskLevel":"No data","areaKm2":12.259821,"centerLat":7.303467,"centerLng":125.041856,"geometrySource":"barangays.geojson simplified fallback","geometryMatchMethod":"simplified_fallback","boundaryPointCount":8},"geometry":{"type":"Polygon","coordinates":[[[125.06456575200002,7.324153325000054],[125.04970408100007,7.28891382200004],[125.01798869400011,7.289088764000041],[125.0182401300001,7.302018821000047],[125.03379316900009,7.307355801000028],[125.03621449700006,7.32219155000007],[125.04838214100005,7.316855192000048],[125.06456575200002,7.324153325000054]]]}},{"type":"Feature","properties":{"ID_0":177,"ISO":"PHL","NAME_0":"Philippines","ID_1":12047,"NAME_1":"Cotabato (North Cotabato)","ID_2":1204715,"NAME_2":"Antipas","ID_3":1204715009,"NAME_3":"Malire","NL_NAME_3":null,"VARNAME_3":null,"TYPE_3":"Barangay","ENGTYPE_3":"Village","PROVINCE":"Cotabato (North Cotabato)","REGION":"Region XII (Soccsksargen)","id":"barangay-1204715009","name":"Malire","barangayCode":"1204715009","population":null,"formattedPop":null,"densityCategory":"No data","vulnerabilityRating":"No data","healthRiskLevel":"No data","areaKm2":12.798555,"centerLat":7.288654,"centerLng":125.098008,"geometrySource":"all_barangay-2.csv detailed WKT","geometryMatchMethod":"psgc_coordinate_bridge","boundaryPointCount":54},"geometry":{"type":"MultiPolygon","coordinates":[[[[125.002197,7.32775],[125.004021,7.32791],[125.005577,7.32876],[125.006409,7.32813],[125.006859,7.32658],[125.008217,7.32466],[125.009987,7.32423],[125.012383,7.32522],[125.014427,7.32663],[125.015038,7.32799],[125.01635,7.32941],[125.018059,7.3285],[125.019592,7.32714],[125.021057,7.32526],[125.021309,7.32432],[125.02253,7.3236],[125.024391,7.32465],[125.025436,7.32662],[125.026581,7.32695],[125.027863,7.32488],[125.029457,7.32462],[125.031776,7.32584],[125.033524,7.32593],[125.033112,7.32435],[125.033043,7.3213],[125.033234,7.32087],[125.033493,7.32052],[125.034714,7.32046],[125.035316,7.32077],[125.035751,7.32093],[125.03688,7.32148],[125.037788,7.32131],[125.038406,7.32024],[125.039436,7.31941],[125.041054,7.31816],[125.042,7.31799],[125.044472,7.31808],[125.044983,7.31834],[125.045853,7.31961],[125.046509,7.32078],[125.04734,7.32016],[125.048317,7.31876],[125.048759,7.31844],[125.042236,7.30279],[125.042023,7.29913],[125.03199,7.29437],[125.025887,7.29294],[125.013496,7.28974],[125.000526,7.28731],[124.993317,7.29508],[124.987457,7.30064],[124.984413,7.31939],[124.992088,7.31805],[125.002197,7.32775]]]]}},{"type":"Feature","properties":{"ID_0":177,"ISO":"PHL","NAME_0":"Philippines","ID_1":12047,"NAME_1":"Cotabato (North Cotabato)","ID_2":1204715,"NAME_2":"Antipas","ID_3":1204715010,"NAME_3":"New Pontevedra","NL_NAME_3":null,"VARNAME_3":null,"TYPE_3":"Barangay","ENGTYPE_3":"Village","PROVINCE":"Cotabato (North Cotabato)","REGION":"Region XII (Soccsksargen)","id":"barangay-1204715010","name":"New Pontevedra","barangayCode":"1204715010","population":null,"formattedPop":null,"densityCategory":"No data","vulnerabilityRating":"No data","healthRiskLevel":"No data","areaKm2":8.854442,"centerLat":7.274091,"centerLng":125.038921,"geometrySource":"all_barangay-2.csv detailed WKT","geometryMatchMethod":"psgc_coordinate_bridge","boundaryPointCount":10},"geometry":{"type":"MultiPolygon","coordinates":[[[[124.931686,7.3383],[124.930054,7.33407],[124.954323,7.32863],[124.952293,7.31665],[124.954323,7.30744],[124.938316,7.30657],[124.928963,7.31177],[124.928841,7.32579],[124.926514,7.33347],[124.931686,7.3383]]]]}},{"type":"Feature","properties":{"ID_0":177,"ISO":"PHL","NAME_0":"Philippines","ID_1":12047,"NAME_1":"Cotabato (North Cotabato)","ID_2":1204715,"NAME_2":"Antipas","ID_3":1204715011,"NAME_3":"Poblacion","NL_NAME_3":null,"VARNAME_3":null,"TYPE_3":"Barangay","ENGTYPE_3":"Village","PROVINCE":"Cotabato (North Cotabato)","REGION":"Region XII (Soccsksargen)","id":"barangay-1204715011","name":"Poblacion","barangayCode":"1204715011","population":null,"formattedPop":null,"densityCategory":"No data","vulnerabilityRating":"No data","healthRiskLevel":"No data","areaKm2":5.719345,"centerLat":7.24628,"centerLng":125.048975,"geometrySource":"all_barangay-2.csv detailed WKT","geometryMatchMethod":"psgc_coordinate_bridge","boundaryPointCount":9},"geometry":{"type":"MultiPolygon","coordinates":[[[[124.954323,7.30744],[124.953934,7.28592],[124.973137,7.27892],[124.974159,7.26274],[124.929413,7.2781],[124.929657,7.29561],[124.928963,7.31177],[124.938316,7.30657],[124.954323,7.30744]]]]}},{"type":"Feature","properties":{"ID_0":177,"ISO":"PHL","NAME_0":"Philippines","ID_1":12047,"NAME_1":"Cotabato (North Cotabato)","ID_2":1204715,"NAME_2":"Antipas","ID_3":1204715012,"NAME_3":"B. Cadungon","NL_NAME_3":null,"VARNAME_3":null,"TYPE_3":"Barangay","ENGTYPE_3":"Village","PROVINCE":"Cotabato (North Cotabato)","REGION":"Region XII (Soccsksargen)","id":"barangay-1204715012","name":"B. Cadungon","barangayCode":"1204715012","population":null,"formattedPop":null,"densityCategory":"No data","vulnerabilityRating":"No data","healthRiskLevel":"No data","areaKm2":9.496426,"centerLat":7.272569,"centerLng":125.063236,"geometrySource":"all_barangay-2.csv detailed WKT","geometryMatchMethod":"psgc_coordinate_bridge","boundaryPointCount":7},"geometry":{"type":"MultiPolygon","coordinates":[[[[124.984413,7.31939],[124.987457,7.30064],[124.993317,7.29508],[125.000526,7.28731],[124.973137,7.27892],[124.975288,7.32184],[124.984413,7.31939]]]]}},{"type":"Feature","properties":{"ID_0":177,"ISO":"PHL","NAME_0":"Philippines","ID_1":12047,"NAME_1":"Cotabato (North Cotabato)","ID_2":1204715,"NAME_2":"Antipas","ID_3":1204715013,"NAME_3":"Datu Agod","NL_NAME_3":null,"VARNAME_3":null,"TYPE_3":"Barangay","ENGTYPE_3":"Village","PROVINCE":"Cotabato (North Cotabato)","REGION":"Region XII (Soccsksargen)","id":"barangay-1204715013","name":"Datu Agod","barangayCode":"1204715013","population":null,"formattedPop":null,"densityCategory":"No data","vulnerabilityRating":"No data","healthRiskLevel":"No data","areaKm2":5.959332,"centerLat":7.258959,"centerLng":125.078547,"geometrySource":"all_barangay-2.csv detailed WKT","geometryMatchMethod":"psgc_coordinate_bridge","boundaryPointCount":8},"geometry":{"type":"MultiPolygon","coordinates":[[[[124.97168,7.3295],[124.975288,7.32184],[124.973137,7.27892],[124.953934,7.28592],[124.954323,7.30744],[124.952293,7.31665],[124.954323,7.32863],[124.97168,7.3295]]]]}},{"type":"Feature","properties":{"ID_0":177,"ISO":"PHL","NAME_0":"Philippines","ID_1":12047,"NAME_1":"Cotabato (North Cotabato)","ID_2":1204716,"NAME_2":"Banisilan","ID_3":1204716001,"NAME_3":"Banisilan Poblacion","NL_NAME_3":null,"VARNAME_3":null,"TYPE_3":"Barangay","ENGTYPE_3":"Village","PROVINCE":"Cotabato (North Cotabato)","REGION":"Region XII (Soccsksargen)","id":"barangay-1204716001","name":"Banisilan Poblacion","barangayCode":"1204716001","population":null,"formattedPop":null,"densityCategory":"No data","vulnerabilityRating":"No data","healthRiskLevel":"No data","areaKm2":9.750974,"centerLat":7.494615,"centerLng":124.690115,"geometrySource":"barangays.geojson simplified fallback","geometryMatchMethod":"simplified_fallback","boundaryPointCount":8},"geometry":{"type":"Polygon","coordinates":[[[124.67472750000002,7.510040372000049],[124.70446612400008,7.506334176000053],[124.7045451780001,7.486625756000024],[124.69466610300003,7.482312410000077],[124.69549759600011,7.474913665000031],[124.68255690300009,7.475745750000044],[124.67607080700009,7.497854353000037],[124.67472750000002,7.510040372000049]]]}},{"type":"Feature","properties":{"ID_0":177,"ISO":"PHL","NAME_0":"Philippines","ID_1":12047,"NAME_1":"Cotabato (North Cotabato)","ID_2":1204716,"NAME_2":"Banisilan","ID_3":1204716002,"NAME_3":"Busaon","NL_NAME_3":null,"VARNAME_3":null,"TYPE_3":"Barangay","ENGTYPE_3":"Village","PROVINCE":"Cotabato (North Cotabato)","REGION":"Region XII (Soccsksargen)","id":"barangay-1204716002","name":"Busaon","barangayCode":"1204716002","population":null,"formattedPop":null,"densityCategory":"No data","vulnerabilityRating":"No data","healthRiskLevel":"No data","areaKm2":14.939869,"centerLat":7.476527,"centerLng":124.762989,"geometrySource":"all_barangay-2.csv detailed WKT","geometryMatchMethod":"psgc_coordinate_bridge","boundaryPointCount":24},"geometry":{"type":"MultiPolygon","coordinates":[[[[124.790459,7.49261],[124.790573,7.4915],[124.79097,7.49063],[124.791542,7.48965],[124.791344,7.48853],[124.790848,7.48795],[124.789703,7.48736],[124.789192,7.48671],[124.788963,7.48567],[124.78891,7.48472],[124.788773,7.48316],[124.788193,7.4813],[124.788231,7.48023],[124.784271,7.47638],[124.779289,7.47389],[124.776268,7.47149],[124.773682,7.4697],[124.762878,7.47387],[124.755234,7.47712],[124.763878,7.48308],[124.777382,7.49382],[124.780807,7.49598],[124.782867,7.4938],[124.790459,7.49261]]]]}},{"type":"Feature","properties":{"ID_0":177,"ISO":"PHL","NAME_0":"Philippines","ID_1":12047,"NAME_1":"Cotabato (North Cotabato)","ID_2":1204716,"NAME_2":"Banisilan","ID_3":1204716003,"NAME_3":"Capayangan","NL_NAME_3":null,"VARNAME_3":null,"TYPE_3":"Barangay","ENGTYPE_3":"Village","PROVINCE":"Cotabato (North Cotabato)","REGION":"Region XII (Soccsksargen)","id":"barangay-1204716003","name":"Capayangan","barangayCode":"1204716003","population":null,"formattedPop":null,"densityCategory":"No data","vulnerabilityRating":"No data","healthRiskLevel":"No data","areaKm2":11.085708,"centerLat":7.54501,"centerLng":124.756195,"geometrySource":"all_barangay-2.csv detailed WKT","geometryMatchMethod":"psgc_coordinate_bridge","boundaryPointCount":78},"geometry":{"type":"MultiPolygon","coordinates":[[[[124.80674,7.60358],[124.806152,7.60219],[124.805687,7.6018],[124.805298,7.60037],[124.804527,7.59988],[124.804359,7.59935],[124.804443,7.59852],[124.805252,7.59733],[124.806099,7.59639],[124.807037,7.59536],[124.807877,7.59553],[124.808708,7.59618],[124.80999,7.59774],[124.811157,7.59881],[124.811951,7.59868],[124.812263,7.59824],[124.813004,7.5971],[124.813728,7.5965],[124.814484,7.59635],[124.815033,7.59582],[124.815063,7.59493],[124.814468,7.59402],[124.813919,7.59321],[124.813118,7.59203],[124.813293,7.59185],[124.814323,7.59181],[124.815079,7.59207],[124.816399,7.59236],[124.817627,7.59249],[124.817886,7.5923],[124.817574,7.59198],[124.816879,7.5914],[124.816063,7.59051],[124.815033,7.58908],[124.814392,7.5881],[124.812798,7.5862],[124.811684,7.58472],[124.811577,7.5837],[124.812202,7.58217],[124.813332,7.5813],[124.814217,7.5808],[124.815399,7.5801],[124.816017,7.57882],[124.815979,7.57824],[124.815758,7.57766],[124.814667,7.57719],[124.813553,7.5776],[124.812317,7.57752],[124.811729,7.57671],[124.811653,7.57567],[124.812263,7.57411],[124.805519,7.57128],[124.792938,7.57103],[124.778671,7.57009],[124.763077,7.56852],[124.753242,7.56651],[124.745163,7.56784],[124.740967,7.5671],[124.739861,7.5673],[124.738968,7.57222],[124.739822,7.58122],[124.740387,7.59294],[124.739777,7.59937],[124.739899,7.60377],[124.742447,7.60351],[124.746292,7.60381],[124.748848,7.60653],[124.754517,7.60643],[124.757668,7.60528],[124.763847,7.60375],[124.770264,7.60421],[124.780319,7.60344],[124.793091,7.60266],[124.79599,7.60205],[124.799248,7.60315],[124.799103,7.60555],[124.802483,7.60744],[124.80674,7.60358]]]]}},{"type":"Feature","properties":{"ID_0":177,"ISO":"PHL","NAME_0":"Philippines","ID_1":12047,"NAME_1":"Cotabato (North Cotabato)","ID_2":1204716,"NAME_2":"Banisilan","ID_3":1204716004,"NAME_3":"Carugmanan","NL_NAME_3":null,"VARNAME_3":null,"TYPE_3":"Barangay","ENGTYPE_3":"Village","PROVINCE":"Cotabato (North Cotabato)","REGION":"Region XII (Soccsksargen)","id":"barangay-1204716004","name":"Carugmanan","barangayCode":"1204716004","population":null,"formattedPop":null,"densityCategory":"No data","vulnerabilityRating":"No data","healthRiskLevel":"No data","areaKm2":8.667458,"centerLat":7.509217,"centerLng":124.751891,"geometrySource":"all_barangay-2.csv detailed WKT","geometryMatchMethod":"psgc_coordinate_bridge","boundaryPointCount":15},"geometry":{"type":"MultiPolygon","coordinates":[[[[124.742859,7.53145],[124.7547,7.53041],[124.764397,7.52377],[124.767937,7.52369],[124.772957,7.51404],[124.775658,7.50542],[124.780807,7.49598],[124.768066,7.49649],[124.755074,7.49652],[124.748222,7.49627],[124.747543,7.49623],[124.743843,7.50611],[124.744347,7.5143],[124.744629,7.52375],[124.742859,7.53145]]]]}},{"type":"Feature","properties":{"ID_0":177,"ISO":"PHL","NAME_0":"Philippines","ID_1":12047,"NAME_1":"Cotabato (North Cotabato)","ID_2":1204716,"NAME_2":"Banisilan","ID_3":1204716005,"NAME_3":"Gastay","NL_NAME_3":null,"VARNAME_3":null,"TYPE_3":"Barangay","ENGTYPE_3":"Village","PROVINCE":"Cotabato (North Cotabato)","REGION":"Region XII (Soccsksargen)","id":"barangay-1204716005","name":"Gastay","barangayCode":"1204716005","population":null,"formattedPop":null,"densityCategory":"No data","vulnerabilityRating":"No data","healthRiskLevel":"No data","areaKm2":8.608676,"centerLat":7.582005,"centerLng":124.722665,"geometrySource":"all_barangay-2.csv detailed WKT","geometryMatchMethod":"psgc_coordinate_bridge","boundaryPointCount":25},"geometry":{"type":"MultiPolygon","coordinates":[[[[124.725403,7.62923],[124.730186,7.62815],[124.734756,7.62752],[124.739769,7.62441],[124.743729,7.62181],[124.741669,7.61429],[124.74099,7.6091],[124.739899,7.60377],[124.739777,7.59937],[124.73642,7.59941],[124.729111,7.59951],[124.720222,7.59906],[124.710716,7.60128],[124.705643,7.6011],[124.701088,7.6013],[124.699921,7.6009],[124.700256,7.63983],[124.703049,7.63843],[124.705772,7.63638],[124.706581,7.63608],[124.709763,7.6365],[124.712067,7.63568],[124.718422,7.63362],[124.722763,7.63178],[124.725403,7.62923]]]]}},{"type":"Feature","properties":{"ID_0":177,"ISO":"PHL","NAME_0":"Philippines","ID_1":12047,"NAME_1":"Cotabato (North Cotabato)","ID_2":1204716,"NAME_2":"Banisilan","ID_3":1204716006,"NAME_3":"Kalawaig","NL_NAME_3":null,"VARNAME_3":null,"TYPE_3":"Barangay","ENGTYPE_3":"Village","PROVINCE":"Cotabato (North Cotabato)","REGION":"Region XII (Soccsksargen)","id":"barangay-1204716006","name":"Kalawaig","barangayCode":"1204716006","population":null,"formattedPop":null,"densityCategory":"No data","vulnerabilityRating":"No data","healthRiskLevel":"No data","areaKm2":5.25732,"centerLat":7.570541,"centerLng":124.747776,"geometrySource":"all_barangay-2.csv detailed WKT","geometryMatchMethod":"psgc_coordinate_bridge","boundaryPointCount":33},"geometry":{"type":"MultiPolygon","coordinates":[[[[124.76712,7.62025],[124.775124,7.61974],[124.777206,7.61704],[124.778671,7.61511],[124.780777,7.61328],[124.781502,7.6117],[124.784126,7.60992],[124.786057,7.60849],[124.791946,7.60776],[124.796654,7.60708],[124.799103,7.60555],[124.799248,7.60315],[124.79599,7.60205],[124.793091,7.60266],[124.780319,7.60344],[124.770264,7.60421],[124.763847,7.60375],[124.757668,7.60528],[124.754517,7.60643],[124.748848,7.60653],[124.746292,7.60381],[124.742447,7.60351],[124.739899,7.60377],[124.74099,7.6091],[124.741669,7.61429],[124.743729,7.62181],[124.744812,7.62038],[124.74929,7.62045],[124.752159,7.61905],[124.757141,7.61822],[124.758621,7.61715],[124.763138,7.61863],[124.76712,7.62025]]]]}},{"type":"Feature","properties":{"ID_0":177,"ISO":"PHL","NAME_0":"Philippines","ID_1":12047,"NAME_1":"Cotabato (North Cotabato)","ID_2":1204716,"NAME_2":"Banisilan","ID_3":1204716007,"NAME_3":"Kiaring","NL_NAME_3":null,"VARNAME_3":null,"TYPE_3":"Barangay","ENGTYPE_3":"Village","PROVINCE":"Cotabato (North Cotabato)","REGION":"Region XII (Soccsksargen)","id":"barangay-1204716007","name":"Kiaring","barangayCode":"1204716007","population":null,"formattedPop":null,"densityCategory":"No data","vulnerabilityRating":"No data","healthRiskLevel":"No data","areaKm2":15.680368,"centerLat":7.379979,"centerLng":124.698252,"geometrySource":"all_barangay-2.csv detailed WKT","geometryMatchMethod":"psgc_coordinate_bridge","boundaryPointCount":19},"geometry":{"type":"MultiPolygon","coordinates":[[[[124.75309,7.39621],[124.751137,7.39035],[124.748177,7.38747],[124.743683,7.38582],[124.733414,7.38244],[124.72728,7.37863],[124.724403,7.37351],[124.704437,7.35979],[124.694397,7.35377],[124.68969,7.36158],[124.687408,7.36953],[124.687927,7.37958],[124.69136,7.38942],[124.698227,7.39732],[124.704498,7.40284],[124.710968,7.40733],[124.718033,7.4099],[124.729568,7.40528],[124.75309,7.39621]]]]}},{"type":"Feature","properties":{"ID_0":177,"ISO":"PHL","NAME_0":"Philippines","ID_1":12047,"NAME_1":"Cotabato (North Cotabato)","ID_2":1204716,"NAME_2":"Banisilan","ID_3":1204716008,"NAME_3":"Malagap","NL_NAME_3":null,"VARNAME_3":null,"TYPE_3":"Barangay","ENGTYPE_3":"Village","PROVINCE":"Cotabato (North Cotabato)","REGION":"Region XII (Soccsksargen)","id":"barangay-1204716008","name":"Malagap","barangayCode":"1204716008","population":null,"formattedPop":null,"densityCategory":"No data","vulnerabilityRating":"No data","healthRiskLevel":"No data","areaKm2":22.141522,"centerLat":7.400397,"centerLng":124.675768,"geometrySource":"all_barangay-2.csv detailed WKT","geometryMatchMethod":"psgc_coordinate_bridge","boundaryPointCount":39},"geometry":{"type":"MultiPolygon","coordinates":[[[[124.718033,7.4099],[124.710968,7.40733],[124.704498,7.40284],[124.698227,7.39732],[124.69136,7.38942],[124.687927,7.37958],[124.687408,7.36953],[124.68969,7.36158],[124.694397,7.35377],[124.684181,7.34701],[124.682411,7.34766],[124.679817,7.35228],[124.675949,7.35954],[124.670601,7.36447],[124.662209,7.36769],[124.649429,7.36775],[124.647186,7.37021],[124.645828,7.37275],[124.646759,7.37665],[124.6483,7.38084],[124.647827,7.38443],[124.647453,7.38817],[124.647232,7.3924],[124.647942,7.39643],[124.648537,7.39736],[124.650673,7.39578],[124.654671,7.39409],[124.656143,7.39401],[124.656799,7.39843],[124.657921,7.40142],[124.662849,7.40865],[124.666267,7.41016],[124.668159,7.41233],[124.67009,7.41649],[124.672989,7.4206],[124.676437,7.42746],[124.698868,7.41744],[124.709473,7.41207],[124.718033,7.4099]]]]}},{"type":"Feature","properties":{"ID_0":177,"ISO":"PHL","NAME_0":"Philippines","ID_1":12047,"NAME_1":"Cotabato (North Cotabato)","ID_2":1204716,"NAME_2":"Banisilan","ID_3":1204716009,"NAME_3":"Malinao","NL_NAME_3":null,"VARNAME_3":null,"TYPE_3":"Barangay","ENGTYPE_3":"Village","PROVINCE":"Cotabato (North Cotabato)","REGION":"Region XII (Soccsksargen)","id":"barangay-1204716009","name":"Malinao","barangayCode":"1204716009","population":null,"formattedPop":null,"densityCategory":"No data","vulnerabilityRating":"No data","healthRiskLevel":"No data","areaKm2":12.294965,"centerLat":7.560864,"centerLng":124.717327,"geometrySource":"all_barangay-2.csv detailed WKT","geometryMatchMethod":"psgc_coordinate_bridge","boundaryPointCount":29},"geometry":{"type":"MultiPolygon","coordinates":[[[[124.739777,7.59937],[124.740387,7.59294],[124.739822,7.58122],[124.738968,7.57222],[124.739861,7.5673],[124.741493,7.55977],[124.745163,7.55429],[124.739326,7.55213],[124.736679,7.5505],[124.733238,7.54869],[124.730377,7.54833],[124.729233,7.54965],[124.714607,7.5511],[124.709267,7.5553],[124.705887,7.55626],[124.704903,7.55693],[124.702652,7.5592],[124.70192,7.56275],[124.701134,7.56782],[124.699966,7.57334],[124.700256,7.57616],[124.699921,7.6009],[124.701088,7.6013],[124.705643,7.6011],[124.710716,7.60128],[124.720222,7.59906],[124.729111,7.59951],[124.73642,7.59941],[124.739777,7.59937]]]]}},{"type":"Feature","properties":{"ID_0":177,"ISO":"PHL","NAME_0":"Philippines","ID_1":12047,"NAME_1":"Cotabato (North Cotabato)","ID_2":1204716,"NAME_2":"Banisilan","ID_3":1204716010,"NAME_3":"Miguel Macasarte","NL_NAME_3":null,"VARNAME_3":null,"TYPE_3":"Barangay","ENGTYPE_3":"Village","PROVINCE":"Cotabato (North Cotabato)","REGION":"Region XII (Soccsksargen)","id":"barangay-1204716010","name":"Miguel Macasarte","barangayCode":"1204716010","population":null,"formattedPop":null,"densityCategory":"No data","vulnerabilityRating":"No data","healthRiskLevel":"No data","areaKm2":5.845162,"centerLat":7.537397,"centerLng":124.734133,"geometrySource":"all_barangay-2.csv detailed WKT","geometryMatchMethod":"psgc_coordinate_bridge","boundaryPointCount":50},"geometry":{"type":"MultiPolygon","coordinates":[[[[124.812263,7.57411],[124.813232,7.57278],[124.814308,7.57226],[124.815842,7.57258],[124.816879,7.573],[124.819206,7.57378],[124.820511,7.57297],[124.820648,7.57175],[124.819817,7.57089],[124.818626,7.57072],[124.81768,7.5708],[124.816399,7.57115],[124.815262,7.5705],[124.814583,7.56948],[124.814301,7.56812],[124.814789,7.56665],[124.815887,7.56581],[124.817093,7.56518],[124.818077,7.5641],[124.819122,7.56322],[124.82019,7.56194],[124.821159,7.56082],[124.822289,7.56032],[124.823898,7.55865],[124.825012,7.55834],[124.824303,7.55568],[124.823807,7.55268],[124.823532,7.55226],[124.822617,7.54985],[124.8228,7.54698],[124.797699,7.54953],[124.786278,7.54889],[124.777733,7.54921],[124.760597,7.54883],[124.753242,7.54677],[124.751198,7.5456],[124.749199,7.54703],[124.747391,7.55153],[124.745941,7.55326],[124.745163,7.55429],[124.741493,7.55977],[124.739861,7.5673],[124.740967,7.5671],[124.745163,7.56784],[124.753242,7.56651],[124.763077,7.56852],[124.778671,7.57009],[124.792938,7.57103],[124.805519,7.57128],[124.812263,7.57411]]]]}},{"type":"Feature","properties":{"ID_0":177,"ISO":"PHL","NAME_0":"Philippines","ID_1":12047,"NAME_1":"Cotabato (North Cotabato)","ID_2":1204716,"NAME_2":"Banisilan","ID_3":1204716011,"NAME_3":"Pantar","NL_NAME_3":null,"VARNAME_3":null,"TYPE_3":"Barangay","ENGTYPE_3":"Village","PROVINCE":"Cotabato (North Cotabato)","REGION":"Region XII (Soccsksargen)","id":"barangay-1204716011","name":"Pantar","barangayCode":"1204716011","population":null,"formattedPop":null,"densityCategory":"No data","vulnerabilityRating":"No data","healthRiskLevel":"No data","areaKm2":17.964745,"centerLat":7.465664,"centerLng":124.704445,"geometrySource":"all_barangay-2.csv detailed WKT","geometryMatchMethod":"psgc_coordinate_bridge","boundaryPointCount":29},"geometry":{"type":"MultiPolygon","coordinates":[[[[124.698593,7.49172],[124.716499,7.49265],[124.722427,7.49413],[124.730293,7.49508],[124.73204,7.49524],[124.731117,7.49429],[124.725731,7.4894],[124.72403,7.48394],[124.720169,7.47854],[124.71682,7.47187],[124.718338,7.46338],[124.709969,7.46366],[124.700981,7.46455],[124.680252,7.46141],[124.679802,7.46266],[124.679359,7.46388],[124.678909,7.46714],[124.679237,7.46865],[124.679543,7.47],[124.678146,7.47427],[124.677879,7.47506],[124.677193,7.47705],[124.676086,7.48045],[124.675507,7.48218],[124.675011,7.48435],[124.6745,7.48652],[124.683632,7.48902],[124.691269,7.49137],[124.698593,7.49172]]]]}},{"type":"Feature","properties":{"ID_0":177,"ISO":"PHL","NAME_0":"Philippines","ID_1":12047,"NAME_1":"Cotabato (North Cotabato)","ID_2":1204716,"NAME_2":"Banisilan","ID_3":1204716012,"NAME_3":"Paradise","NL_NAME_3":null,"VARNAME_3":null,"TYPE_3":"Barangay","ENGTYPE_3":"Village","PROVINCE":"Cotabato (North Cotabato)","REGION":"Region XII (Soccsksargen)","id":"barangay-1204716012","name":"Paradise","barangayCode":"1204716012","population":null,"formattedPop":null,"densityCategory":"No data","vulnerabilityRating":"No data","healthRiskLevel":"No data","areaKm2":17.251742,"centerLat":7.581018,"centerLng":124.676108,"geometrySource":"all_barangay-2.csv detailed WKT","geometryMatchMethod":"psgc_coordinate_bridge","boundaryPointCount":46},"geometry":{"type":"MultiPolygon","coordinates":[[[[124.700256,7.63983],[124.699921,7.6009],[124.700256,7.57616],[124.695267,7.57643],[124.681,7.57632],[124.672531,7.57713],[124.661377,7.5781],[124.656242,7.57786],[124.656487,7.57962],[124.655518,7.58242],[124.655052,7.58377],[124.654716,7.58478],[124.654381,7.5858],[124.65406,7.587],[124.653732,7.5882],[124.652046,7.59083],[124.650307,7.59372],[124.64875,7.5955],[124.646423,7.59811],[124.646278,7.59827],[124.643562,7.60134],[124.643097,7.60559],[124.643181,7.60662],[124.643188,7.60669],[124.643257,7.6078],[124.643448,7.60965],[124.643646,7.61151],[124.644096,7.61284],[124.648621,7.61308],[124.653427,7.61577],[124.658859,7.61874],[124.664742,7.62125],[124.669952,7.62342],[124.671181,7.62387],[124.671638,7.62404],[124.675247,7.62716],[124.676033,7.62606],[124.675972,7.62842],[124.677231,7.62957],[124.677567,7.63112],[124.680077,7.63311],[124.68689,7.63272],[124.687927,7.63335],[124.69207,7.63383],[124.697739,7.63713],[124.700256,7.63983]]]]}},{"type":"Feature","properties":{"ID_0":177,"ISO":"PHL","NAME_0":"Philippines","ID_1":12047,"NAME_1":"Cotabato (North Cotabato)","ID_2":1204716,"NAME_2":"Banisilan","ID_3":1204716013,"NAME_3":"Pinamulaan","NL_NAME_3":null,"VARNAME_3":null,"TYPE_3":"Barangay","ENGTYPE_3":"Village","PROVINCE":"Cotabato (North Cotabato)","REGION":"Region XII (Soccsksargen)","id":"barangay-1204716013","name":"Pinamulaan","barangayCode":"1204716013","population":null,"formattedPop":null,"densityCategory":"No data","vulnerabilityRating":"No data","healthRiskLevel":"No data","areaKm2":19.768047,"centerLat":7.518675,"centerLng":124.780229,"geometrySource":"all_barangay-2.csv detailed WKT","geometryMatchMethod":"psgc_coordinate_bridge","boundaryPointCount":55},"geometry":{"type":"MultiPolygon","coordinates":[[[[124.8228,7.54698],[124.823914,7.54483],[124.825073,7.54148],[124.823929,7.53935],[124.821747,7.53828],[124.820297,7.53762],[124.819344,7.53579],[124.81916,7.53449],[124.817047,7.53258],[124.815269,7.53263],[124.813011,7.53225],[124.811996,7.53171],[124.810677,7.53056],[124.808807,7.52774],[124.808006,7.5253],[124.806412,7.52276],[124.805717,7.52069],[124.804527,7.5187],[124.802879,7.5177],[124.801079,7.51758],[124.799812,7.51733],[124.799072,7.51571],[124.798813,7.51264],[124.800148,7.5103],[124.801582,7.50877],[124.801598,7.50709],[124.800598,7.50535],[124.798653,7.5048],[124.796516,7.50435],[124.794937,7.50255],[124.794724,7.501],[124.795227,7.49796],[124.796257,7.49586],[124.796432,7.49467],[124.794777,7.49352],[124.793297,7.49363],[124.790993,7.49359],[124.790459,7.49261],[124.782867,7.4938],[124.780807,7.49598],[124.775658,7.50542],[124.772957,7.51404],[124.767937,7.52369],[124.764397,7.52377],[124.7547,7.53041],[124.752708,7.53492],[124.75235,7.5371],[124.752083,7.54115],[124.751198,7.5456],[124.753242,7.54677],[124.760597,7.54883],[124.777733,7.54921],[124.786278,7.54889],[124.797699,7.54953],[124.8228,7.54698]]]]}},{"type":"Feature","properties":{"ID_0":177,"ISO":"PHL","NAME_0":"Philippines","ID_1":12047,"NAME_1":"Cotabato (North Cotabato)","ID_2":1204716,"NAME_2":"Banisilan","ID_3":1204716014,"NAME_3":"Poblacion II","NL_NAME_3":null,"VARNAME_3":null,"TYPE_3":"Barangay","ENGTYPE_3":"Village","PROVINCE":"Cotabato (North Cotabato)","REGION":"Region XII (Soccsksargen)","id":"barangay-1204716014","name":"Poblacion II","barangayCode":"1204716014","population":null,"formattedPop":null,"densityCategory":"No data","vulnerabilityRating":"No data","healthRiskLevel":"No data","areaKm2":11.722095,"centerLat":7.522956,"centerLng":124.684866,"geometrySource":"all_barangay-2.csv detailed WKT","geometryMatchMethod":"psgc_coordinate_bridge","boundaryPointCount":20},"geometry":{"type":"MultiPolygon","coordinates":[[[[124.742859,7.53145],[124.744629,7.52375],[124.744347,7.5143],[124.743843,7.50611],[124.747543,7.49623],[124.73922,7.49729],[124.73204,7.49524],[124.730293,7.49508],[124.722427,7.49413],[124.716499,7.49265],[124.698593,7.49172],[124.69799,7.50158],[124.698303,7.51075],[124.698753,7.52117],[124.701286,7.53168],[124.70118,7.53307],[124.70224,7.53339],[124.712532,7.53228],[124.733231,7.5314],[124.742859,7.53145]]]]}},{"type":"Feature","properties":{"ID_0":177,"ISO":"PHL","NAME_0":"Philippines","ID_1":12047,"NAME_1":"Cotabato (North Cotabato)","ID_2":1204716,"NAME_2":"Banisilan","ID_3":1204716015,"NAME_3":"Puting-bato","NL_NAME_3":null,"VARNAME_3":null,"TYPE_3":"Barangay","ENGTYPE_3":"Village","PROVINCE":"Cotabato (North Cotabato)","REGION":"Region XII (Soccsksargen)","id":"barangay-1204716015","name":"Puting-bato","barangayCode":"1204716015","population":null,"formattedPop":null,"densityCategory":"No data","vulnerabilityRating":"No data","healthRiskLevel":"No data","areaKm2":12.345939,"centerLat":7.356284,"centerLng":124.659334,"geometrySource":"all_barangay-2.csv detailed WKT","geometryMatchMethod":"psgc_coordinate_bridge","boundaryPointCount":33},"geometry":{"type":"MultiPolygon","coordinates":[[[[124.649429,7.36775],[124.662209,7.36769],[124.670601,7.36447],[124.675949,7.35954],[124.679817,7.35228],[124.682411,7.34766],[124.684181,7.34701],[124.630592,7.31189],[124.632439,7.31399],[124.63446,7.31616],[124.631439,7.31874],[124.63353,7.32145],[124.635139,7.32281],[124.635612,7.32435],[124.636017,7.32483],[124.636871,7.32603],[124.641838,7.32912],[124.641579,7.33278],[124.64064,7.33476],[124.643127,7.3366],[124.644096,7.33859],[124.642891,7.34167],[124.637802,7.35217],[124.637703,7.35347],[124.638283,7.35685],[124.639374,7.3587],[124.640297,7.35981],[124.641144,7.36075],[124.642273,7.36202],[124.644722,7.36245],[124.646896,7.36151],[124.648598,7.36217],[124.649429,7.36775]]]]}},{"type":"Feature","properties":{"ID_0":177,"ISO":"PHL","NAME_0":"Philippines","ID_1":12047,"NAME_1":"Cotabato (North Cotabato)","ID_2":1204716,"NAME_2":"Banisilan","ID_3":1204716016,"NAME_3":"Solama","NL_NAME_3":null,"VARNAME_3":null,"TYPE_3":"Barangay","ENGTYPE_3":"Village","PROVINCE":"Cotabato (North Cotabato)","REGION":"Region XII (Soccsksargen)","id":"barangay-1204716016","name":"Solama","barangayCode":"1204716016","population":null,"formattedPop":null,"densityCategory":"No data","vulnerabilityRating":"No data","healthRiskLevel":"No data","areaKm2":23.283005,"centerLat":7.410234,"centerLng":124.730123,"geometrySource":"all_barangay-2.csv detailed WKT","geometryMatchMethod":"psgc_coordinate_bridge","boundaryPointCount":36},"geometry":{"type":"MultiPolygon","coordinates":[[[[124.763733,7.4421],[124.764267,7.44108],[124.764427,7.43777],[124.763863,7.43502],[124.765533,7.43082],[124.7649,7.42648],[124.760841,7.42136],[124.760117,7.41619],[124.759277,7.41009],[124.757294,7.40588],[124.754494,7.40213],[124.75309,7.39621],[124.729568,7.40528],[124.718033,7.4099],[124.709473,7.41207],[124.698868,7.41744],[124.676437,7.42746],[124.68145,7.43033],[124.684242,7.43301],[124.684723,7.43686],[124.684258,7.44129],[124.734627,7.43536],[124.734589,7.43632],[124.734444,7.43886],[124.734657,7.44149],[124.736481,7.44642],[124.738564,7.44778],[124.742493,7.44232],[124.745193,7.43873],[124.74839,7.43864],[124.751556,7.43903],[124.75293,7.44004],[124.75544,7.44017],[124.757141,7.44063],[124.759087,7.43946],[124.763733,7.4421]]]]}},{"type":"Feature","properties":{"ID_0":177,"ISO":"PHL","NAME_0":"Philippines","ID_1":12047,"NAME_1":"Cotabato (North Cotabato)","ID_2":1204716,"NAME_2":"Banisilan","ID_3":1204716017,"NAME_3":"Thailand","NL_NAME_3":null,"VARNAME_3":null,"TYPE_3":"Barangay","ENGTYPE_3":"Village","PROVINCE":"Cotabato (North Cotabato)","REGION":"Region XII (Soccsksargen)","id":"barangay-1204716017","name":"Thailand","barangayCode":"1204716017","population":null,"formattedPop":null,"densityCategory":"No data","vulnerabilityRating":"No data","healthRiskLevel":"No data","areaKm2":19.039882,"centerLat":7.49317,"centerLng":124.730854,"geometrySource":"all_barangay-2.csv detailed WKT","geometryMatchMethod":"psgc_coordinate_bridge","boundaryPointCount":24},"geometry":{"type":"MultiPolygon","coordinates":[[[[124.780807,7.49598],[124.777382,7.49382],[124.763878,7.48308],[124.755234,7.47712],[124.753098,7.47618],[124.748459,7.47187],[124.741402,7.46708],[124.736252,7.46316],[124.731819,7.4623],[124.723793,7.46301],[124.718742,7.46322],[124.718338,7.46338],[124.71682,7.47187],[124.720169,7.47854],[124.72403,7.48394],[124.725731,7.4894],[124.731117,7.49429],[124.73204,7.49524],[124.73922,7.49729],[124.747543,7.49623],[124.748222,7.49627],[124.755074,7.49652],[124.768066,7.49649],[124.780807,7.49598]]]]}},{"type":"Feature","properties":{"ID_0":177,"ISO":"PHL","NAME_0":"Philippines","ID_1":12047,"NAME_1":"Cotabato (North Cotabato)","ID_2":1204716,"NAME_2":"Banisilan","ID_3":1204716018,"NAME_3":"Tinimbacan","NL_NAME_3":null,"VARNAME_3":null,"TYPE_3":"Barangay","ENGTYPE_3":"Village","PROVINCE":"Cotabato (North Cotabato)","REGION":"Region XII (Soccsksargen)","id":"barangay-1204716018","name":"Tinimbacan","barangayCode":"1204716018","population":null,"formattedPop":null,"densityCategory":"No data","vulnerabilityRating":"No data","healthRiskLevel":"No data","areaKm2":25.426788,"centerLat":7.441225,"centerLng":124.733283,"geometrySource":"all_barangay-2.csv detailed WKT","geometryMatchMethod":"psgc_coordinate_bridge","boundaryPointCount":47},"geometry":{"type":"MultiPolygon","coordinates":[[[[124.755234,7.47712],[124.762878,7.47387],[124.773682,7.4697],[124.770889,7.46791],[124.768921,7.46499],[124.768211,7.46175],[124.767937,7.45817],[124.764511,7.45267],[124.763184,7.44884],[124.763634,7.44537],[124.763733,7.4421],[124.759087,7.43946],[124.757141,7.44063],[124.75544,7.44017],[124.75293,7.44004],[124.751556,7.43903],[124.74839,7.43864],[124.745193,7.43873],[124.742493,7.44232],[124.738564,7.44778],[124.736481,7.44642],[124.734657,7.44149],[124.734444,7.43886],[124.734589,7.43632],[124.734627,7.43536],[124.684258,7.44129],[124.684929,7.44315],[124.685768,7.44547],[124.68602,7.44712],[124.686302,7.44907],[124.684883,7.45246],[124.68232,7.45553],[124.681152,7.45779],[124.680603,7.4587],[124.680473,7.45893],[124.680252,7.46141],[124.700981,7.46455],[124.709969,7.46366],[124.718338,7.46338],[124.718742,7.46322],[124.723793,7.46301],[124.731819,7.4623],[124.736252,7.46316],[124.741402,7.46708],[124.748459,7.47187],[124.753098,7.47618],[124.755234,7.47712]]]]}},{"type":"Feature","properties":{"ID_0":177,"ISO":"PHL","NAME_0":"Philippines","ID_1":12047,"NAME_1":"Cotabato (North Cotabato)","ID_2":1204716,"NAME_2":"Banisilan","ID_3":1204716019,"NAME_3":"Tumbao-Camalig","NL_NAME_3":null,"VARNAME_3":null,"TYPE_3":"Barangay","ENGTYPE_3":"Village","PROVINCE":"Cotabato (North Cotabato)","REGION":"Region XII (Soccsksargen)","id":"barangay-1204716019","name":"Tumbao-Camalig","barangayCode":"1204716019","population":null,"formattedPop":null,"densityCategory":"No data","vulnerabilityRating":"No data","healthRiskLevel":"No data","areaKm2":10.434316,"centerLat":7.529129,"centerLng":124.714481,"geometrySource":"all_barangay-2.csv detailed WKT","geometryMatchMethod":"psgc_coordinate_bridge","boundaryPointCount":28},"geometry":{"type":"MultiPolygon","coordinates":[[[[124.704903,7.55693],[124.705887,7.55626],[124.709267,7.5553],[124.714607,7.5511],[124.729233,7.54965],[124.730377,7.54833],[124.733238,7.54869],[124.736679,7.5505],[124.739326,7.55213],[124.745163,7.55429],[124.745941,7.55326],[124.747391,7.55153],[124.749199,7.54703],[124.751198,7.5456],[124.752083,7.54115],[124.75235,7.5371],[124.752708,7.53492],[124.7547,7.53041],[124.742859,7.53145],[124.733231,7.5314],[124.712532,7.53228],[124.70224,7.53339],[124.70118,7.53307],[124.701477,7.53649],[124.702423,7.54116],[124.703194,7.54585],[124.703697,7.5529],[124.704903,7.55693]]]]}},{"type":"Feature","properties":{"ID_0":177,"ISO":"PHL","NAME_0":"Philippines","ID_1":12047,"NAME_1":"Cotabato (North Cotabato)","ID_2":1204716,"NAME_2":"Banisilan","ID_3":1204716020,"NAME_3":"Wadya","NL_NAME_3":null,"VARNAME_3":null,"TYPE_3":"Barangay","ENGTYPE_3":"Village","PROVINCE":"Cotabato (North Cotabato)","REGION":"Region XII (Soccsksargen)","id":"barangay-1204716020","name":"Wadya","barangayCode":"1204716020","population":null,"formattedPop":null,"densityCategory":"No data","vulnerabilityRating":"No data","healthRiskLevel":"No data","areaKm2":13.625785,"centerLat":7.551045,"centerLng":124.680234,"geometrySource":"all_barangay-2.csv detailed WKT","geometryMatchMethod":"psgc_coordinate_bridge","boundaryPointCount":39},"geometry":{"type":"MultiPolygon","coordinates":[[[[124.700256,7.57616],[124.699966,7.57334],[124.701134,7.56782],[124.70192,7.56275],[124.702652,7.5592],[124.704903,7.55693],[124.703697,7.5529],[124.703194,7.54585],[124.702423,7.54116],[124.701477,7.53649],[124.70118,7.53307],[124.685471,7.53434],[124.672234,7.53495],[124.6604,7.53595],[124.659737,7.53778],[124.659103,7.53956],[124.659012,7.54252],[124.658943,7.54531],[124.658958,7.54951],[124.658363,7.55241],[124.657951,7.55434],[124.657242,7.55607],[124.657211,7.55615],[124.656593,7.55766],[124.652946,7.56017],[124.652641,7.56319],[124.652847,7.56586],[124.653481,7.56796],[124.653503,7.56801],[124.654373,7.57095],[124.655006,7.57326],[124.655609,7.57541],[124.65593,7.57666],[124.656242,7.57786],[124.661377,7.5781],[124.672531,7.57713],[124.681,7.57632],[124.695267,7.57643],[124.700256,7.57616]]]]}},{"type":"Feature","properties":{"ID_0":177,"ISO":"PHL","NAME_0":"Philippines","ID_1":12047,"NAME_1":"Cotabato (North Cotabato)","ID_2":1204717,"NAME_2":"Aleosan","ID_3":1204717001,"NAME_3":"Bagolibas","NL_NAME_3":null,"VARNAME_3":null,"TYPE_3":"Barangay","ENGTYPE_3":"Village","PROVINCE":"Cotabato (North Cotabato)","REGION":"Region XII (Soccsksargen)","id":"barangay-1204717001","name":"Bagolibas","barangayCode":"1204717001","population":null,"formattedPop":null,"densityCategory":"No data","vulnerabilityRating":"No data","healthRiskLevel":"No data","areaKm2":7.14317,"centerLat":7.114079,"centerLng":124.583701,"geometrySource":"all_barangay-2.csv detailed WKT","geometryMatchMethod":"psgc_coordinate_bridge","boundaryPointCount":9},"geometry":{"type":"MultiPolygon","coordinates":[[[[124.606972,7.1472],[124.602287,7.12699],[124.589897,7.12311],[124.569946,7.11681],[124.568222,7.12478],[124.570168,7.13138],[124.587357,7.13833],[124.603973,7.14604],[124.606972,7.1472]]]]}},{"type":"Feature","properties":{"ID_0":177,"ISO":"PHL","NAME_0":"Philippines","ID_1":12047,"NAME_1":"Cotabato (North Cotabato)","ID_2":1204717,"NAME_2":"Aleosan","ID_3":1204717002,"NAME_3":"Cawilihan","NL_NAME_3":null,"VARNAME_3":null,"TYPE_3":"Barangay","ENGTYPE_3":"Village","PROVINCE":"Cotabato (North Cotabato)","REGION":"Region XII (Soccsksargen)","id":"barangay-1204717002","name":"Cawilihan","barangayCode":"1204717002","population":null,"formattedPop":null,"densityCategory":"No data","vulnerabilityRating":"No data","healthRiskLevel":"No data","areaKm2":5.804614,"centerLat":7.214752,"centerLng":124.62839,"geometrySource":"all_barangay-2.csv detailed WKT","geometryMatchMethod":"psgc_coordinate_bridge","boundaryPointCount":8},"geometry":{"type":"MultiPolygon","coordinates":[[[[124.60054,7.21847],[124.639816,7.20199],[124.621483,7.18725],[124.606537,7.17676],[124.601303,7.17265],[124.599899,7.17224],[124.602783,7.19425],[124.60054,7.21847]]]]}},{"type":"Feature","properties":{"ID_0":177,"ISO":"PHL","NAME_0":"Philippines","ID_1":12047,"NAME_1":"Cotabato (North Cotabato)","ID_2":1204717,"NAME_2":"Aleosan","ID_3":1204717003,"NAME_3":"Dualing","NL_NAME_3":null,"VARNAME_3":null,"TYPE_3":"Barangay","ENGTYPE_3":"Village","PROVINCE":"Cotabato (North Cotabato)","REGION":"Region XII (Soccsksargen)","id":"barangay-1204717003","name":"Dualing","barangayCode":"1204717003","population":null,"formattedPop":null,"densityCategory":"No data","vulnerabilityRating":"No data","healthRiskLevel":"No data","areaKm2":6.695481,"centerLat":7.148337,"centerLng":124.565719,"geometrySource":"all_barangay-2.csv detailed WKT","geometryMatchMethod":"psgc_coordinate_bridge","boundaryPointCount":12},"geometry":{"type":"MultiPolygon","coordinates":[[[[124.599899,7.17224],[124.598022,7.17108],[124.591347,7.16505],[124.583542,7.15854],[124.575203,7.15348],[124.573807,7.15282],[124.551712,7.14286],[124.552528,7.14798],[124.553047,7.17322],[124.559143,7.1728],[124.564636,7.17324],[124.599899,7.17224]]]]}},{"type":"Feature","properties":{"ID_0":177,"ISO":"PHL","NAME_0":"Philippines","ID_1":12047,"NAME_1":"Cotabato (North Cotabato)","ID_2":1204717,"NAME_2":"Aleosan","ID_3":1204717005,"NAME_3":"Katalicanan","NL_NAME_3":null,"VARNAME_3":null,"TYPE_3":"Barangay","ENGTYPE_3":"Village","PROVINCE":"Cotabato (North Cotabato)","REGION":"Region XII (Soccsksargen)","id":"barangay-1204717005","name":"Katalicanan","barangayCode":"1204717005","population":null,"formattedPop":null,"densityCategory":"No data","vulnerabilityRating":"No data","healthRiskLevel":"No data","areaKm2":5.500713,"centerLat":7.192918,"centerLng":124.612548,"geometrySource":"all_barangay-2.csv detailed WKT","geometryMatchMethod":"psgc_coordinate_bridge","boundaryPointCount":11},"geometry":{"type":"MultiPolygon","coordinates":[[[[124.565369,7.19596],[124.569382,7.19589],[124.570473,7.19598],[124.599899,7.17224],[124.564636,7.17324],[124.559143,7.1728],[124.553047,7.17322],[124.554283,7.18196],[124.554283,7.18738],[124.554741,7.19608],[124.565369,7.19596]]]]}},{"type":"Feature","properties":{"ID_0":177,"ISO":"PHL","NAME_0":"Philippines","ID_1":12047,"NAME_1":"Cotabato (North Cotabato)","ID_2":1204717,"NAME_2":"Aleosan","ID_3":1204717006,"NAME_3":"Lawili","NL_NAME_3":null,"VARNAME_3":null,"TYPE_3":"Barangay","ENGTYPE_3":"Village","PROVINCE":"Cotabato (North Cotabato)","REGION":"Region XII (Soccsksargen)","id":"barangay-1204717006","name":"Lawili","barangayCode":"1204717006","population":null,"formattedPop":null,"densityCategory":"No data","vulnerabilityRating":"No data","healthRiskLevel":"No data","areaKm2":13.290833,"centerLat":7.237177,"centerLng":124.643828,"geometrySource":"all_barangay-2.csv detailed WKT","geometryMatchMethod":"psgc_coordinate_bridge","boundaryPointCount":22},"geometry":{"type":"MultiPolygon","coordinates":[[[[124.663712,7.23268],[124.665268,7.23131],[124.668411,7.22883],[124.669998,7.22821],[124.646057,7.20766],[124.639816,7.20199],[124.60054,7.21847],[124.600517,7.23475],[124.64183,7.22774],[124.64679,7.23989],[124.647888,7.2395],[124.648376,7.23863],[124.650391,7.23832],[124.652153,7.23841],[124.65451,7.23927],[124.656197,7.24089],[124.657539,7.23938],[124.658073,7.23791],[124.660568,7.23555],[124.659508,7.23393],[124.661209,7.23242],[124.663712,7.23268]]]]}},{"type":"Feature","properties":{"ID_0":177,"ISO":"PHL","NAME_0":"Philippines","ID_1":12047,"NAME_1":"Cotabato (North Cotabato)","ID_2":1204717,"NAME_2":"Aleosan","ID_3":1204717007,"NAME_3":"Lower Mingading","NL_NAME_3":null,"VARNAME_3":null,"TYPE_3":"Barangay","ENGTYPE_3":"Village","PROVINCE":"Cotabato (North Cotabato)","REGION":"Region XII (Soccsksargen)","id":"barangay-1204717007","name":"Lower Mingading","barangayCode":"1204717007","population":null,"formattedPop":null,"densityCategory":"No data","vulnerabilityRating":"No data","healthRiskLevel":"No data","areaKm2":7.008246,"centerLat":7.137422,"centerLng":124.614472,"geometrySource":"all_barangay-2.csv detailed WKT","geometryMatchMethod":"psgc_coordinate_bridge","boundaryPointCount":10},"geometry":{"type":"MultiPolygon","coordinates":[[[[124.626419,7.1436],[124.622688,7.13626],[124.614738,7.12315],[124.610687,7.11597],[124.606262,7.12153],[124.602287,7.12699],[124.606972,7.1472],[124.60936,7.14661],[124.615921,7.14477],[124.626419,7.1436]]]]}},{"type":"Feature","properties":{"ID_0":177,"ISO":"PHL","NAME_0":"Philippines","ID_1":12047,"NAME_1":"Cotabato (North Cotabato)","ID_2":1204717,"NAME_2":"Aleosan","ID_3":1204717008,"NAME_3":"Luanan","NL_NAME_3":null,"VARNAME_3":null,"TYPE_3":"Barangay","ENGTYPE_3":"Village","PROVINCE":"Cotabato (North Cotabato)","REGION":"Region XII (Soccsksargen)","id":"barangay-1204717008","name":"Luanan","barangayCode":"1204717008","population":null,"formattedPop":null,"densityCategory":"No data","vulnerabilityRating":"No data","healthRiskLevel":"No data","areaKm2":5.87452,"centerLat":7.179643,"centerLng":124.665642,"geometrySource":"all_barangay-2.csv detailed WKT","geometryMatchMethod":"psgc_coordinate_bridge","boundaryPointCount":10},"geometry":{"type":"MultiPolygon","coordinates":[[[[124.685493,7.18643],[124.6782,7.17587],[124.670013,7.16464],[124.665672,7.16586],[124.668121,7.17799],[124.668877,7.17929],[124.669907,7.18285],[124.672234,7.18934],[124.67791,7.18454],[124.685493,7.18643]]]]}},{"type":"Feature","properties":{"ID_0":177,"ISO":"PHL","NAME_0":"Philippines","ID_1":12047,"NAME_1":"Cotabato (North Cotabato)","ID_2":1204717,"NAME_2":"Aleosan","ID_3":1204717009,"NAME_3":"Malapang","NL_NAME_3":null,"VARNAME_3":null,"TYPE_3":"Barangay","ENGTYPE_3":"Village","PROVINCE":"Cotabato (North Cotabato)","REGION":"Region XII (Soccsksargen)","id":"barangay-1204717009","name":"Malapang","barangayCode":"1204717009","population":null,"formattedPop":null,"densityCategory":"No data","vulnerabilityRating":"No data","healthRiskLevel":"No data","areaKm2":15.487036,"centerLat":7.151687,"centerLng":124.660975,"geometrySource":"all_barangay-2.csv detailed WKT","geometryMatchMethod":"psgc_coordinate_bridge","boundaryPointCount":24},"geometry":{"type":"MultiPolygon","coordinates":[[[[124.644218,7.17449],[124.656532,7.16743],[124.665672,7.16586],[124.670013,7.16464],[124.660103,7.14938],[124.65583,7.14349],[124.647476,7.14652],[124.640617,7.14071],[124.642212,7.14416],[124.642464,7.14722],[124.641823,7.14886],[124.641693,7.15198],[124.640137,7.15485],[124.639862,7.15714],[124.64109,7.16038],[124.639816,7.16328],[124.63871,7.16651],[124.639931,7.16739],[124.641373,7.16839],[124.64193,7.16799],[124.64296,7.16815],[124.643944,7.1701],[124.644836,7.17169],[124.644218,7.17449]]]]}},{"type":"Feature","properties":{"ID_0":177,"ISO":"PHL","NAME_0":"Philippines","ID_1":12047,"NAME_1":"Cotabato (North Cotabato)","ID_2":1204717,"NAME_2":"Aleosan","ID_3":1204717010,"NAME_3":"New Leon","NL_NAME_3":null,"VARNAME_3":null,"TYPE_3":"Barangay","ENGTYPE_3":"Village","PROVINCE":"Cotabato (North Cotabato)","REGION":"Region XII (Soccsksargen)","id":"barangay-1204717010","name":"New Leon","barangayCode":"1204717010","population":null,"formattedPop":null,"densityCategory":"No data","vulnerabilityRating":"No data","healthRiskLevel":"No data","areaKm2":10.897226,"centerLat":7.193298,"centerLng":124.644009,"geometrySource":"all_barangay-2.csv detailed WKT","geometryMatchMethod":"psgc_coordinate_bridge","boundaryPointCount":14},"geometry":{"type":"MultiPolygon","coordinates":[[[[124.639816,7.20199],[124.646057,7.20766],[124.659233,7.19855],[124.672234,7.18934],[124.669907,7.18285],[124.668877,7.17929],[124.668121,7.17799],[124.665672,7.16586],[124.656532,7.16743],[124.644218,7.17449],[124.635147,7.18021],[124.633179,7.18066],[124.621483,7.18725],[124.639816,7.20199]]]]}},{"type":"Feature","properties":{"ID_0":177,"ISO":"PHL","NAME_0":"Philippines","ID_1":12047,"NAME_1":"Cotabato (North Cotabato)","ID_2":1204717,"NAME_2":"Aleosan","ID_3":1204717011,"NAME_3":"New Panay","NL_NAME_3":null,"VARNAME_3":null,"TYPE_3":"Barangay","ENGTYPE_3":"Village","PROVINCE":"Cotabato (North Cotabato)","REGION":"Region XII (Soccsksargen)","id":"barangay-1204717011","name":"New Panay","barangayCode":"1204717011","population":null,"formattedPop":null,"densityCategory":"No data","vulnerabilityRating":"No data","healthRiskLevel":"No data","areaKm2":13.73731,"centerLat":7.211609,"centerLng":124.674591,"geometrySource":"all_barangay-2.csv detailed WKT","geometryMatchMethod":"psgc_coordinate_bridge","boundaryPointCount":37},"geometry":{"type":"MultiPolygon","coordinates":[[[[124.669998,7.22821],[124.671059,7.22605],[124.672928,7.22467],[124.675774,7.22443],[124.676666,7.22288],[124.677017,7.22171],[124.676552,7.21963],[124.677933,7.21946],[124.678268,7.21795],[124.680847,7.21694],[124.683853,7.21737],[124.687263,7.21771],[124.689758,7.21556],[124.691223,7.21697],[124.692772,7.2164],[124.691727,7.21405],[124.694168,7.21394],[124.694023,7.21226],[124.693283,7.21025],[124.695343,7.21013],[124.697159,7.20913],[124.698738,7.20762],[124.700813,7.20381],[124.702873,7.20085],[124.703613,7.19946],[124.704597,7.19797],[124.703583,7.1974],[124.702721,7.19669],[124.704514,7.19482],[124.703484,7.19293],[124.696709,7.18987],[124.685493,7.18643],[124.67791,7.18454],[124.672234,7.18934],[124.659233,7.19855],[124.646057,7.20766],[124.669998,7.22821]]]]}},{"type":"Feature","properties":{"ID_0":177,"ISO":"PHL","NAME_0":"Philippines","ID_1":12047,"NAME_1":"Cotabato (North Cotabato)","ID_2":1204717,"NAME_2":"Aleosan","ID_3":1204717012,"NAME_3":"Pagangan","NL_NAME_3":null,"VARNAME_3":null,"TYPE_3":"Barangay","ENGTYPE_3":"Village","PROVINCE":"Cotabato (North Cotabato)","REGION":"Region XII (Soccsksargen)","id":"barangay-1204717012","name":"Pagangan","barangayCode":"1204717012","population":null,"formattedPop":null,"densityCategory":"No data","vulnerabilityRating":"No data","healthRiskLevel":"No data","areaKm2":14.177639,"centerLat":7.104191,"centerLng":124.601193,"geometrySource":"all_barangay-2.csv detailed WKT","geometryMatchMethod":"psgc_coordinate_bridge","boundaryPointCount":11},"geometry":{"type":"MultiPolygon","coordinates":[[[[124.602287,7.12699],[124.606262,7.12153],[124.610687,7.11597],[124.60392,7.11362],[124.598007,7.11188],[124.582878,7.10679],[124.5812,7.10702],[124.572121,7.11544],[124.569946,7.11681],[124.589897,7.12311],[124.602287,7.12699]]]]}},{"type":"Feature","properties":{"ID_0":177,"ISO":"PHL","NAME_0":"Philippines","ID_1":12047,"NAME_1":"Cotabato (North Cotabato)","ID_2":1204717,"NAME_2":"Aleosan","ID_3":1204717013,"NAME_3":"Palacat","NL_NAME_3":null,"VARNAME_3":null,"TYPE_3":"Barangay","ENGTYPE_3":"Village","PROVINCE":"Cotabato (North Cotabato)","REGION":"Region XII (Soccsksargen)","id":"barangay-1204717013","name":"Palacat","barangayCode":"1204717013","population":null,"formattedPop":null,"densityCategory":"No data","vulnerabilityRating":"No data","healthRiskLevel":"No data","areaKm2":3.666449,"centerLat":7.282247,"centerLng":124.629517,"geometrySource":"all_barangay-2.csv detailed WKT","geometryMatchMethod":"psgc_coordinate_bridge","boundaryPointCount":9},"geometry":{"type":"MultiPolygon","coordinates":[[[[124.641037,7.25047],[124.642723,7.24765],[124.644577,7.24508],[124.645714,7.24303],[124.64679,7.23989],[124.628647,7.24406],[124.620422,7.24593],[124.599602,7.24701],[124.641037,7.25047]]]]}},{"type":"Feature","properties":{"ID_0":177,"ISO":"PHL","NAME_0":"Philippines","ID_1":12047,"NAME_1":"Cotabato (North Cotabato)","ID_2":1204717,"NAME_2":"Aleosan","ID_3":1204717014,"NAME_3":"Pentil","NL_NAME_3":null,"VARNAME_3":null,"TYPE_3":"Barangay","ENGTYPE_3":"Village","PROVINCE":"Cotabato (North Cotabato)","REGION":"Region XII (Soccsksargen)","id":"barangay-1204717014","name":"Pentil","barangayCode":"1204717014","population":null,"formattedPop":null,"densityCategory":"No data","vulnerabilityRating":"No data","healthRiskLevel":"No data","areaKm2":7.906887,"centerLat":7.268502,"centerLng":124.613486,"geometrySource":"all_barangay-2.csv detailed WKT","geometryMatchMethod":"psgc_coordinate_bridge","boundaryPointCount":7},"geometry":{"type":"MultiPolygon","coordinates":[[[[124.64679,7.23989],[124.64183,7.22774],[124.600517,7.23475],[124.599602,7.24701],[124.620422,7.24593],[124.628647,7.24406],[124.64679,7.23989]]]]}},{"type":"Feature","properties":{"ID_0":177,"ISO":"PHL","NAME_0":"Philippines","ID_1":12047,"NAME_1":"Cotabato (North Cotabato)","ID_2":1204717,"NAME_2":"Aleosan","ID_3":1204717015,"NAME_3":"San Mateo","NL_NAME_3":null,"VARNAME_3":null,"TYPE_3":"Barangay","ENGTYPE_3":"Village","PROVINCE":"Cotabato (North Cotabato)","REGION":"Region XII (Soccsksargen)","id":"barangay-1204717015","name":"San Mateo","barangayCode":"1204717015","population":null,"formattedPop":null,"densityCategory":"No data","vulnerabilityRating":"No data","healthRiskLevel":"No data","areaKm2":15.11957,"centerLat":7.150833,"centerLng":124.586462,"geometrySource":"all_barangay-2.csv detailed WKT","geometryMatchMethod":"psgc_coordinate_bridge","boundaryPointCount":14},"geometry":{"type":"MultiPolygon","coordinates":[[[[124.606972,7.1472],[124.603973,7.14604],[124.587357,7.13833],[124.570168,7.13138],[124.551712,7.14286],[124.573807,7.15282],[124.575203,7.15348],[124.583542,7.15854],[124.591347,7.16505],[124.598022,7.17108],[124.599899,7.17224],[124.601051,7.16716],[124.603661,7.15772],[124.606972,7.1472]]]]}},{"type":"Feature","properties":{"ID_0":177,"ISO":"PHL","NAME_0":"Philippines","ID_1":12047,"NAME_1":"Cotabato (North Cotabato)","ID_2":1204717,"NAME_2":"Aleosan","ID_3":1204717016,"NAME_3":"Santa Cruz","NL_NAME_3":null,"VARNAME_3":null,"TYPE_3":"Barangay","ENGTYPE_3":"Village","PROVINCE":"Cotabato (North Cotabato)","REGION":"Region XII (Soccsksargen)","id":"barangay-1204717016","name":"Santa Cruz","barangayCode":"1204717016","population":null,"formattedPop":null,"densityCategory":"No data","vulnerabilityRating":"No data","healthRiskLevel":"No data","areaKm2":4.992861,"centerLat":7.177411,"centerLng":124.578887,"geometrySource":"all_barangay-2.csv detailed WKT","geometryMatchMethod":"psgc_coordinate_bridge","boundaryPointCount":7},"geometry":{"type":"MultiPolygon","coordinates":[[[[124.574249,7.1953],[124.582268,7.19465],[124.587822,7.19443],[124.602783,7.19425],[124.599899,7.17224],[124.570473,7.19598],[124.574249,7.1953]]]]}},{"type":"Feature","properties":{"ID_0":177,"ISO":"PHL","NAME_0":"Philippines","ID_1":12047,"NAME_1":"Cotabato (North Cotabato)","ID_2":1204717,"NAME_2":"Aleosan","ID_3":1204717018,"NAME_3":"Tomado","NL_NAME_3":null,"VARNAME_3":null,"TYPE_3":"Barangay","ENGTYPE_3":"Village","PROVINCE":"Cotabato (North Cotabato)","REGION":"Region XII (Soccsksargen)","id":"barangay-1204717018","name":"Tomado","barangayCode":"1204717018","population":null,"formattedPop":null,"densityCategory":"No data","vulnerabilityRating":"No data","healthRiskLevel":"No data","areaKm2":12.008196,"centerLat":7.15368,"centerLng":124.634561,"geometrySource":"all_barangay-2.csv detailed WKT","geometryMatchMethod":"psgc_coordinate_bridge","boundaryPointCount":28},"geometry":{"type":"MultiPolygon","coordinates":[[[[124.644218,7.17449],[124.644836,7.17169],[124.643944,7.1701],[124.64296,7.16815],[124.64193,7.16799],[124.641373,7.16839],[124.639931,7.16739],[124.63871,7.16651],[124.639816,7.16328],[124.64109,7.16038],[124.639862,7.15714],[124.640137,7.15485],[124.641693,7.15198],[124.641823,7.14886],[124.642464,7.14722],[124.642212,7.14416],[124.640617,7.14071],[124.632957,7.14256],[124.627083,7.1434],[124.626419,7.1436],[124.615921,7.14477],[124.60936,7.14661],[124.606972,7.1472],[124.613541,7.1552],[124.625847,7.17139],[124.633179,7.18066],[124.635147,7.18021],[124.644218,7.17449]]]]}},{"type":"Feature","properties":{"ID_0":177,"ISO":"PHL","NAME_0":"Philippines","ID_1":12047,"NAME_1":"Cotabato (North Cotabato)","ID_2":1204717,"NAME_2":"Aleosan","ID_3":1204717019,"NAME_3":"Upper Mingading","NL_NAME_3":null,"VARNAME_3":null,"TYPE_3":"Barangay","ENGTYPE_3":"Village","PROVINCE":"Cotabato (North Cotabato)","REGION":"Region XII (Soccsksargen)","id":"barangay-1204717019","name":"Upper Mingading","barangayCode":"1204717019","population":null,"formattedPop":null,"densityCategory":"No data","vulnerabilityRating":"No data","healthRiskLevel":"No data","areaKm2":11.255862,"centerLat":7.170011,"centerLng":124.613866,"geometrySource":"all_barangay-2.csv detailed WKT","geometryMatchMethod":"psgc_coordinate_bridge","boundaryPointCount":11},"geometry":{"type":"MultiPolygon","coordinates":[[[[124.633179,7.18066],[124.625847,7.17139],[124.613541,7.1552],[124.606972,7.1472],[124.603661,7.15772],[124.601051,7.16716],[124.599899,7.17224],[124.601303,7.17265],[124.606537,7.17676],[124.621483,7.18725],[124.633179,7.18066]]]]}},{"type":"Feature","properties":{"ID_0":177,"ISO":"PHL","NAME_0":"Philippines","ID_1":12047,"NAME_1":"Cotabato (North Cotabato)","ID_2":1204718,"NAME_2":"Arakan","ID_3":1204718001,"NAME_3":"Allab","NL_NAME_3":null,"VARNAME_3":null,"TYPE_3":"Barangay","ENGTYPE_3":"Village","PROVINCE":"Cotabato (North Cotabato)","REGION":"Region XII (Soccsksargen)","id":"barangay-1204718001","name":"Allab","barangayCode":"1204718001","population":null,"formattedPop":null,"densityCategory":"No data","vulnerabilityRating":"No data","healthRiskLevel":"No data","areaKm2":10.062147,"centerLat":7.287415,"centerLng":125.225706,"geometrySource":"all_barangay-2.csv detailed WKT","geometryMatchMethod":"psgc_coordinate_bridge","boundaryPointCount":19},"geometry":{"type":"MultiPolygon","coordinates":[[[[125.239532,7.29026],[125.222069,7.28403],[125.214973,7.28019],[125.210007,7.27551],[125.205437,7.27487],[125.202148,7.27055],[125.198624,7.26858],[125.197037,7.27027],[125.194977,7.27713],[125.189713,7.27814],[125.185532,7.27808],[125.201973,7.29228],[125.210197,7.2977],[125.217163,7.30191],[125.224998,7.30653],[125.233124,7.31155],[125.236839,7.31405],[125.238533,7.29349],[125.239532,7.29026]]]]}},{"type":"Feature","properties":{"ID_0":177,"ISO":"PHL","NAME_0":"Philippines","ID_1":12047,"NAME_1":"Cotabato (North Cotabato)","ID_2":1204718,"NAME_2":"Arakan","ID_3":1204718002,"NAME_3":"Anapolon","NL_NAME_3":null,"VARNAME_3":null,"TYPE_3":"Barangay","ENGTYPE_3":"Village","PROVINCE":"Cotabato (North Cotabato)","REGION":"Region XII (Soccsksargen)","id":"barangay-1204718002","name":"Anapolon","barangayCode":"1204718002","population":null,"formattedPop":null,"densityCategory":"No data","vulnerabilityRating":"No data","healthRiskLevel":"No data","areaKm2":5.587774,"centerLat":7.386376,"centerLng":125.137791,"geometrySource":"all_barangay-2.csv detailed WKT","geometryMatchMethod":"psgc_coordinate_bridge","boundaryPointCount":30},"geometry":{"type":"MultiPolygon","coordinates":[[[[125.16777,7.46566],[125.17054,7.45893],[125.172562,7.45358],[125.18119,7.44519],[125.173149,7.43894],[125.166687,7.4338],[125.16568,7.43381],[125.151039,7.42738],[125.145027,7.42433],[125.137863,7.41694],[125.130257,7.40557],[125.124031,7.39403],[125.119629,7.38589],[125.117271,7.37881],[125.11795,7.38619],[125.118584,7.40368],[125.118507,7.42002],[125.120468,7.43569],[125.119713,7.45314],[125.125458,7.45413],[125.125771,7.45493],[125.126556,7.45584],[125.127968,7.45783],[125.129341,7.45956],[125.130867,7.46162],[125.131378,7.46214],[125.132629,7.46413],[125.155319,7.46537],[125.15937,7.46314],[125.16777,7.46566]]]]}},{"type":"Feature","properties":{"ID_0":177,"ISO":"PHL","NAME_0":"Philippines","ID_1":12047,"NAME_1":"Cotabato (North Cotabato)","ID_2":1204718,"NAME_2":"Arakan","ID_3":1204718003,"NAME_3":"Badiangon","NL_NAME_3":null,"VARNAME_3":null,"TYPE_3":"Barangay","ENGTYPE_3":"Village","PROVINCE":"Cotabato (North Cotabato)","REGION":"Region XII (Soccsksargen)","id":"barangay-1204718003","name":"Badiangon","barangayCode":"1204718003","population":null,"formattedPop":null,"densityCategory":"No data","vulnerabilityRating":"No data","healthRiskLevel":"No data","areaKm2":13.241234,"centerLat":7.289138,"centerLng":125.130193,"geometrySource":"all_barangay-2.csv detailed WKT","geometryMatchMethod":"psgc_coordinate_bridge","boundaryPointCount":14},"geometry":{"type":"MultiPolygon","coordinates":[[[[125.142174,7.30896],[125.140381,7.30146],[125.139847,7.29331],[125.141449,7.2846],[125.14006,7.27923],[125.138947,7.2713],[125.135468,7.25852],[125.131828,7.25041],[125.113724,7.25103],[125.114883,7.3034],[125.11982,7.30426],[125.122498,7.30595],[125.13076,7.3068],[125.142174,7.30896]]]]}},{"type":"Feature","properties":{"ID_0":177,"ISO":"PHL","NAME_0":"Philippines","ID_1":12047,"NAME_1":"Cotabato (North Cotabato)","ID_2":1204718,"NAME_2":"Arakan","ID_3":1204718004,"NAME_3":"Binoongan","NL_NAME_3":null,"VARNAME_3":null,"TYPE_3":"Barangay","ENGTYPE_3":"Village","PROVINCE":"Cotabato (North Cotabato)","REGION":"Region XII (Soccsksargen)","id":"barangay-1204718004","name":"Binoongan","barangayCode":"1204718004","population":null,"formattedPop":null,"densityCategory":"No data","vulnerabilityRating":"No data","healthRiskLevel":"No data","areaKm2":16.059453,"centerLat":7.431371,"centerLng":125.16916,"geometrySource":"all_barangay-2.csv detailed WKT","geometryMatchMethod":"psgc_coordinate_bridge","boundaryPointCount":17},"geometry":{"type":"MultiPolygon","coordinates":[[[[125.219307,7.50768],[125.217819,7.50497],[125.218193,7.50084],[125.212921,7.49028],[125.207993,7.48005],[125.197113,7.45742],[125.191711,7.453837],[125.192337,7.45431],[125.18985,7.46266],[125.190887,7.4684],[125.192123,7.47841],[125.190842,7.48008],[125.190063,7.48512],[125.186256,7.48879],[125.192551,7.49955],[125.202759,7.51414],[125.219307,7.50768]]]]}},{"type":"Feature","properties":{"ID_0":177,"ISO":"PHL","NAME_0":"Philippines","ID_1":12047,"NAME_1":"Cotabato (North Cotabato)","ID_2":1204718,"NAME_2":"Arakan","ID_3":1204718005,"NAME_3":"Dallag","NL_NAME_3":null,"VARNAME_3":null,"TYPE_3":"Barangay","ENGTYPE_3":"Village","PROVINCE":"Cotabato (North Cotabato)","REGION":"Region XII (Soccsksargen)","id":"barangay-1204718005","name":"Dallag","barangayCode":"1204718005","population":null,"formattedPop":null,"densityCategory":"No data","vulnerabilityRating":"No data","healthRiskLevel":"No data","areaKm2":12.170708,"centerLat":7.260504,"centerLng":125.236649,"geometrySource":"all_barangay-2.csv detailed WKT","geometryMatchMethod":"psgc_coordinate_bridge","boundaryPointCount":40},"geometry":{"type":"MultiPolygon","coordinates":[[[[125.242577,7.27196],[125.24411,7.25921],[125.245193,7.252],[125.243103,7.2425],[125.241386,7.23732],[125.237053,7.22896],[125.233849,7.22083],[125.22879,7.20945],[125.226837,7.20425],[125.226212,7.19189],[125.228638,7.18113],[125.229057,7.18113],[125.229111,7.18093],[125.231216,7.17488],[125.208267,7.1749],[125.211594,7.22687],[125.209663,7.2284],[125.208023,7.23062],[125.206207,7.23334],[125.203987,7.2382],[125.202263,7.23288],[125.198448,7.23032],[125.194298,7.22666],[125.191994,7.2237],[125.191116,7.22326],[125.192436,7.23661],[125.193977,7.24333],[125.193298,7.25225],[125.194054,7.25697],[125.195961,7.26147],[125.197113,7.26615],[125.197037,7.27027],[125.198624,7.26858],[125.202148,7.27055],[125.205437,7.27487],[125.210007,7.27551],[125.214973,7.28019],[125.222069,7.28403],[125.239532,7.29026],[125.242577,7.27196]]]]}},{"type":"Feature","properties":{"ID_0":177,"ISO":"PHL","NAME_0":"Philippines","ID_1":12047,"NAME_1":"Cotabato (North Cotabato)","ID_2":1204718,"NAME_2":"Arakan","ID_3":1204718006,"NAME_3":"Datu Ladayon","NL_NAME_3":null,"VARNAME_3":null,"TYPE_3":"Barangay","ENGTYPE_3":"Village","PROVINCE":"Cotabato (North Cotabato)","REGION":"Region XII (Soccsksargen)","id":"barangay-1204718006","name":"Datu Ladayon","barangayCode":"1204718006","population":null,"formattedPop":null,"densityCategory":"No data","vulnerabilityRating":"No data","healthRiskLevel":"No data","areaKm2":11.002894,"centerLat":7.395703,"centerLng":125.234032,"geometrySource":"all_barangay-2.csv detailed WKT","geometryMatchMethod":"psgc_coordinate_bridge","boundaryPointCount":23},"geometry":{"type":"MultiPolygon","coordinates":[[[[125.244492,7.44636],[125.243263,7.4388],[125.242439,7.43269],[125.242477,7.42405],[125.244713,7.41247],[125.245903,7.40356],[125.231483,7.39966],[125.220016,7.39668],[125.211441,7.40123],[125.200783,7.40594],[125.199738,7.40973],[125.197281,7.41234],[125.211372,7.42214],[125.214378,7.42958],[125.213814,7.43578],[125.212318,7.44246],[125.208679,7.44452],[125.211823,7.44659],[125.220993,7.45289],[125.22348,7.451],[125.242599,7.45968],[125.243469,7.45292],[125.244492,7.44636]]]]}},{"type":"Feature","properties":{"ID_0":177,"ISO":"PHL","NAME_0":"Philippines","ID_1":12047,"NAME_1":"Cotabato (North Cotabato)","ID_2":1204718,"NAME_2":"Arakan","ID_3":1204718007,"NAME_3":"Datu Matangkil","NL_NAME_3":null,"VARNAME_3":null,"TYPE_3":"Barangay","ENGTYPE_3":"Village","PROVINCE":"Cotabato (North Cotabato)","REGION":"Region XII (Soccsksargen)","id":"barangay-1204718007","name":"Datu Matangkil","barangayCode":"1204718007","population":null,"formattedPop":null,"densityCategory":"No data","vulnerabilityRating":"No data","healthRiskLevel":"No data","areaKm2":9.976717,"centerLat":7.412328,"centerLng":125.150353,"geometrySource":"all_barangay-2.csv detailed WKT","geometryMatchMethod":"psgc_coordinate_bridge","boundaryPointCount":16},"geometry":{"type":"MultiPolygon","coordinates":[[[[125.16777,7.46566],[125.167099,7.46795],[125.166428,7.47562],[125.171806,7.47678],[125.183006,7.47857],[125.18998,7.47959],[125.192123,7.47841],[125.190887,7.4684],[125.18985,7.46266],[125.192337,7.45431],[125.191711,7.453837],[125.186478,7.44989],[125.18119,7.44519],[125.172562,7.45358],[125.17054,7.45893],[125.16777,7.46566]]]]}},{"type":"Feature","properties":{"ID_0":177,"ISO":"PHL","NAME_0":"Philippines","ID_1":12047,"NAME_1":"Cotabato (North Cotabato)","ID_2":1204718,"NAME_2":"Arakan","ID_3":1204718008,"NAME_3":"Doroluman","NL_NAME_3":null,"VARNAME_3":null,"TYPE_3":"Barangay","ENGTYPE_3":"Village","PROVINCE":"Cotabato (North Cotabato)","REGION":"Region XII (Soccsksargen)","id":"barangay-1204718008","name":"Doroluman","barangayCode":"1204718008","population":null,"formattedPop":null,"densityCategory":"No data","vulnerabilityRating":"No data","healthRiskLevel":"No data","areaKm2":12.69012,"centerLat":7.341468,"centerLng":125.093837,"geometrySource":"all_barangay-2.csv detailed WKT","geometryMatchMethod":"psgc_coordinate_bridge","boundaryPointCount":14},"geometry":{"type":"MultiPolygon","coordinates":[[[[125.116272,7.3531],[125.122643,7.35308],[125.135384,7.35245],[125.141388,7.3513],[125.145729,7.35137],[125.143997,7.34001],[125.14325,7.3396],[125.138168,7.33804],[125.132393,7.33699],[125.129181,7.3362],[125.128304,7.33568],[125.117851,7.33385],[125.115982,7.33248],[125.116272,7.3531]]]]}},{"type":"Feature","properties":{"ID_0":177,"ISO":"PHL","NAME_0":"Philippines","ID_1":12047,"NAME_1":"Cotabato (North Cotabato)","ID_2":1204718,"NAME_2":"Arakan","ID_3":1204718009,"NAME_3":"Gambodes","NL_NAME_3":null,"VARNAME_3":null,"TYPE_3":"Barangay","ENGTYPE_3":"Village","PROVINCE":"Cotabato (North Cotabato)","REGION":"Region XII (Soccsksargen)","id":"barangay-1204718009","name":"Gambodes","barangayCode":"1204718009","population":null,"formattedPop":null,"densityCategory":"No data","vulnerabilityRating":"No data","healthRiskLevel":"No data","areaKm2":8.25709,"centerLat":7.444005,"centerLng":125.219897,"geometrySource":"all_barangay-2.csv detailed WKT","geometryMatchMethod":"psgc_coordinate_bridge","boundaryPointCount":23},"geometry":{"type":"MultiPolygon","coordinates":[[[[125.262016,7.52777],[125.261787,7.52616],[125.26265,7.51944],[125.26268,7.51299],[125.263786,7.50886],[125.264679,7.50371],[125.262207,7.49846],[125.257179,7.49451],[125.236343,7.49137],[125.226982,7.48928],[125.226433,7.48883],[125.224922,7.49282],[125.223503,7.48788],[125.220749,7.49078],[125.220467,7.49595],[125.219437,7.49943],[125.218193,7.50084],[125.217819,7.50497],[125.219307,7.50768],[125.22583,7.51054],[125.240158,7.51584],[125.252411,7.52102],[125.262016,7.52777]]]]}},{"type":"Feature","properties":{"ID_0":177,"ISO":"PHL","NAME_0":"Philippines","ID_1":12047,"NAME_1":"Cotabato (North Cotabato)","ID_2":1204718,"NAME_2":"Arakan","ID_3":1204718010,"NAME_3":"Ganatan","NL_NAME_3":null,"VARNAME_3":null,"TYPE_3":"Barangay","ENGTYPE_3":"Village","PROVINCE":"Cotabato (North Cotabato)","REGION":"Region XII (Soccsksargen)","id":"barangay-1204718010","name":"Ganatan","barangayCode":"1204718010","population":null,"formattedPop":null,"densityCategory":"No data","vulnerabilityRating":"No data","healthRiskLevel":"No data","areaKm2":43.021394,"centerLat":7.2358,"centerLng":125.190795,"geometrySource":"all_barangay-2.csv detailed WKT","geometryMatchMethod":"psgc_coordinate_bridge","boundaryPointCount":31},"geometry":{"type":"MultiPolygon","coordinates":[[[[125.185532,7.27808],[125.189713,7.27814],[125.194977,7.27713],[125.197037,7.27027],[125.197113,7.26615],[125.195961,7.26147],[125.194054,7.25697],[125.193298,7.25225],[125.193977,7.24333],[125.192436,7.23661],[125.191116,7.22326],[125.19088,7.22243],[125.189323,7.21192],[125.187737,7.20079],[125.187447,7.19442],[125.187897,7.17512],[125.179199,7.17444],[125.171471,7.17531],[125.170502,7.17542],[125.167877,7.17569],[125.168999,7.19317],[125.1688,7.20822],[125.16848,7.26291],[125.171318,7.26398],[125.173378,7.26788],[125.171669,7.27353],[125.172684,7.27726],[125.173203,7.27876],[125.175652,7.27892],[125.180191,7.27833],[125.185532,7.27808]]]]}},{"type":"Feature","properties":{"ID_0":177,"ISO":"PHL","NAME_0":"Philippines","ID_1":12047,"NAME_1":"Cotabato (North Cotabato)","ID_2":1204718,"NAME_2":"Arakan","ID_3":1204718011,"NAME_3":"Greenfield","NL_NAME_3":null,"VARNAME_3":null,"TYPE_3":"Barangay","ENGTYPE_3":"Village","PROVINCE":"Cotabato (North Cotabato)","REGION":"Region XII (Soccsksargen)","id":"barangay-1204718011","name":"Greenfield","barangayCode":"1204718011","population":null,"formattedPop":null,"densityCategory":"No data","vulnerabilityRating":"No data","healthRiskLevel":"No data","areaKm2":21.339671,"centerLat":7.35282,"centerLng":125.126513,"geometrySource":"all_barangay-2.csv detailed WKT","geometryMatchMethod":"psgc_coordinate_bridge","boundaryPointCount":15},"geometry":{"type":"MultiPolygon","coordinates":[[[[125.116226,7.36896],[125.117477,7.36999],[125.125168,7.37534],[125.1315,7.37918],[125.137947,7.38249],[125.142853,7.37847],[125.143517,7.37646],[125.143547,7.37027],[125.14566,7.36392],[125.145729,7.35137],[125.141388,7.3513],[125.135384,7.35245],[125.122643,7.35308],[125.116272,7.3531],[125.116226,7.36896]]]]}},{"type":"Feature","properties":{"ID_0":177,"ISO":"PHL","NAME_0":"Philippines","ID_1":12047,"NAME_1":"Cotabato (North Cotabato)","ID_2":1204718,"NAME_2":"Arakan","ID_3":1204718012,"NAME_3":"Kabalantian","NL_NAME_3":null,"VARNAME_3":null,"TYPE_3":"Barangay","ENGTYPE_3":"Village","PROVINCE":"Cotabato (North Cotabato)","REGION":"Region XII (Soccsksargen)","id":"barangay-1204718012","name":"Kabalantian","barangayCode":"1204718012","population":null,"formattedPop":null,"densityCategory":"No data","vulnerabilityRating":"No data","healthRiskLevel":"No data","areaKm2":40.06817,"centerLat":7.427704,"centerLng":125.12141,"geometrySource":"all_barangay-2.csv detailed WKT","geometryMatchMethod":"psgc_coordinate_bridge","boundaryPointCount":24},"geometry":{"type":"MultiPolygon","coordinates":[[[[125.164757,7.51627],[125.170036,7.50503],[125.171677,7.50057],[125.17511,7.49827],[125.179153,7.49773],[125.183434,7.49676],[125.186096,7.49287],[125.186256,7.48879],[125.190063,7.48512],[125.190842,7.48008],[125.192123,7.47841],[125.18998,7.47959],[125.183006,7.47857],[125.171806,7.47678],[125.166428,7.47562],[125.167099,7.46795],[125.16777,7.46566],[125.15937,7.46314],[125.155319,7.46537],[125.156799,7.48512],[125.158493,7.4919],[125.160294,7.49938],[125.161987,7.5052],[125.164757,7.51627]]]]}},{"type":"Feature","properties":{"ID_0":177,"ISO":"PHL","NAME_0":"Philippines","ID_1":12047,"NAME_1":"Cotabato (North Cotabato)","ID_2":1204718,"NAME_2":"Arakan","ID_3":1204718013,"NAME_3":"Katipunan","NL_NAME_3":null,"VARNAME_3":null,"TYPE_3":"Barangay","ENGTYPE_3":"Village","PROVINCE":"Cotabato (North Cotabato)","REGION":"Region XII (Soccsksargen)","id":"barangay-1204718013","name":"Katipunan","barangayCode":"1204718013","population":null,"formattedPop":null,"densityCategory":"No data","vulnerabilityRating":"No data","healthRiskLevel":"No data","areaKm2":4.422925,"centerLat":7.418894,"centerLng":125.227596,"geometrySource":"all_barangay-2.csv detailed WKT","geometryMatchMethod":"psgc_coordinate_bridge","boundaryPointCount":23},"geometry":{"type":"MultiPolygon","coordinates":[[[[125.226433,7.48883],[125.226982,7.48928],[125.236343,7.49137],[125.257179,7.49451],[125.255959,7.49253],[125.253143,7.48538],[125.25251,7.47938],[125.251427,7.47529],[125.250526,7.4729],[125.242943,7.46829],[125.241898,7.4635],[125.242599,7.45968],[125.22348,7.451],[125.220993,7.45289],[125.211823,7.44659],[125.208679,7.44452],[125.204407,7.45167],[125.201309,7.45662],[125.212051,7.46841],[125.219849,7.47381],[125.229759,7.47835],[125.230637,7.47888],[125.226433,7.48883]]]]}},{"type":"Feature","properties":{"ID_0":177,"ISO":"PHL","NAME_0":"Philippines","ID_1":12047,"NAME_1":"Cotabato (North Cotabato)","ID_2":1204718,"NAME_2":"Arakan","ID_3":1204718014,"NAME_3":"Kinawayan","NL_NAME_3":null,"VARNAME_3":null,"TYPE_3":"Barangay","ENGTYPE_3":"Village","PROVINCE":"Cotabato (North Cotabato)","REGION":"Region XII (Soccsksargen)","id":"barangay-1204718014","name":"Kinawayan","barangayCode":"1204718014","population":null,"formattedPop":null,"densityCategory":"No data","vulnerabilityRating":"No data","healthRiskLevel":"No data","areaKm2":15.988491,"centerLat":7.392093,"centerLng":125.17655,"geometrySource":"all_barangay-2.csv detailed WKT","geometryMatchMethod":"psgc_coordinate_bridge","boundaryPointCount":20},"geometry":{"type":"MultiPolygon","coordinates":[[[[125.197113,7.45742],[125.201309,7.45662],[125.204407,7.45167],[125.208679,7.44452],[125.212318,7.44246],[125.213814,7.43578],[125.214378,7.42958],[125.211372,7.42214],[125.197281,7.41234],[125.186729,7.40565],[125.17939,7.40157],[125.174316,7.41366],[125.171768,7.42589],[125.16568,7.43381],[125.166687,7.4338],[125.173149,7.43894],[125.18119,7.44519],[125.186478,7.44989],[125.191711,7.453837],[125.197113,7.45742]]]]}},{"type":"Feature","properties":{"ID_0":177,"ISO":"PHL","NAME_0":"Philippines","ID_1":12047,"NAME_1":"Cotabato (North Cotabato)","ID_2":1204718,"NAME_2":"Arakan","ID_3":1204718015,"NAME_3":"Kulaman Valley","NL_NAME_3":null,"VARNAME_3":null,"TYPE_3":"Barangay","ENGTYPE_3":"Village","PROVINCE":"Cotabato (North Cotabato)","REGION":"Region XII (Soccsksargen)","id":"barangay-1204718015","name":"Kulaman Valley","barangayCode":"1204718015","population":null,"formattedPop":null,"densityCategory":"No data","vulnerabilityRating":"No data","healthRiskLevel":"No data","areaKm2":28.015786,"centerLat":7.475918,"centerLng":125.179339,"geometrySource":"all_barangay-2.csv detailed WKT","geometryMatchMethod":"psgc_coordinate_bridge","boundaryPointCount":35},"geometry":{"type":"MultiPolygon","coordinates":[[[[125.184189,7.55385],[125.188164,7.54761],[125.194427,7.53948],[125.194611,7.53489],[125.193733,7.53059],[125.197868,7.52591],[125.201309,7.52309],[125.203522,7.51612],[125.202759,7.51414],[125.192551,7.49955],[125.186256,7.48879],[125.186096,7.49287],[125.183434,7.49676],[125.179153,7.49773],[125.17511,7.49827],[125.171677,7.50057],[125.170036,7.50503],[125.164757,7.51627],[125.165863,7.52297],[125.166344,7.52408],[125.167633,7.52577],[125.170341,7.52878],[125.172684,7.53079],[125.174362,7.53213],[125.175583,7.53491],[125.17617,7.53847],[125.17646,7.54013],[125.177742,7.5429],[125.178368,7.54349],[125.18084,7.54613],[125.181038,7.54826],[125.181396,7.54963],[125.18203,7.55103],[125.183006,7.55242],[125.184189,7.55385]]]]}},{"type":"Feature","properties":{"ID_0":177,"ISO":"PHL","NAME_0":"Philippines","ID_1":12047,"NAME_1":"Cotabato (North Cotabato)","ID_2":1204718,"NAME_2":"Arakan","ID_3":1204718016,"NAME_3":"Lanao Kuran","NL_NAME_3":null,"VARNAME_3":null,"TYPE_3":"Barangay","ENGTYPE_3":"Village","PROVINCE":"Cotabato (North Cotabato)","REGION":"Region XII (Soccsksargen)","id":"barangay-1204718016","name":"Lanao Kuran","barangayCode":"1204718016","population":null,"formattedPop":null,"densityCategory":"No data","vulnerabilityRating":"No data","healthRiskLevel":"No data","areaKm2":28.454198,"centerLat":7.326229,"centerLng":125.216491,"geometrySource":"all_barangay-2.csv detailed WKT","geometryMatchMethod":"psgc_coordinate_bridge","boundaryPointCount":29},"geometry":{"type":"MultiPolygon","coordinates":[[[[125.234016,7.32649],[125.23513,7.32023],[125.236839,7.31405],[125.233124,7.31155],[125.224998,7.30653],[125.217163,7.30191],[125.210197,7.2977],[125.201973,7.29228],[125.185532,7.27808],[125.180191,7.27833],[125.175652,7.27892],[125.173203,7.27876],[125.176323,7.28745],[125.180313,7.29357],[125.182541,7.30032],[125.182037,7.30505],[125.181229,7.30913],[125.182777,7.30947],[125.184761,7.30951],[125.186996,7.30975],[125.190109,7.31302],[125.190498,7.31345],[125.196808,7.31667],[125.199783,7.31842],[125.205711,7.32179],[125.21286,7.32374],[125.221962,7.3247],[125.229607,7.32685],[125.234016,7.32649]]]]}},{"type":"Feature","properties":{"ID_0":177,"ISO":"PHL","NAME_0":"Philippines","ID_1":12047,"NAME_1":"Cotabato (North Cotabato)","ID_2":1204718,"NAME_2":"Arakan","ID_3":1204718017,"NAME_3":"Libertad","NL_NAME_3":null,"VARNAME_3":null,"TYPE_3":"Barangay","ENGTYPE_3":"Village","PROVINCE":"Cotabato (North Cotabato)","REGION":"Region XII (Soccsksargen)","id":"barangay-1204718017","name":"Libertad","barangayCode":"1204718017","population":null,"formattedPop":null,"densityCategory":"No data","vulnerabilityRating":"No data","healthRiskLevel":"No data","areaKm2":20.727145,"centerLat":7.211596,"centerLng":125.216048,"geometrySource":"all_barangay-2.csv detailed WKT","geometryMatchMethod":"psgc_coordinate_bridge","boundaryPointCount":19},"geometry":{"type":"MultiPolygon","coordinates":[[[[125.187897,7.17512],[125.187447,7.19442],[125.187737,7.20079],[125.189323,7.21192],[125.19088,7.22243],[125.191116,7.22326],[125.191994,7.2237],[125.194298,7.22666],[125.198448,7.23032],[125.202263,7.23288],[125.203987,7.2382],[125.206207,7.23334],[125.208023,7.23062],[125.209663,7.2284],[125.211594,7.22687],[125.208267,7.1749],[125.204727,7.17471],[125.201019,7.17451],[125.187897,7.17512]]]]}},{"type":"Feature","properties":{"ID_0":177,"ISO":"PHL","NAME_0":"Philippines","ID_1":12047,"NAME_1":"Cotabato (North Cotabato)","ID_2":1204718,"NAME_2":"Arakan","ID_3":1204718018,"NAME_3":"Makalangot","NL_NAME_3":null,"VARNAME_3":null,"TYPE_3":"Barangay","ENGTYPE_3":"Village","PROVINCE":"Cotabato (North Cotabato)","REGION":"Region XII (Soccsksargen)","id":"barangay-1204718018","name":"Makalangot","barangayCode":"1204718018","population":null,"formattedPop":null,"densityCategory":"No data","vulnerabilityRating":"No data","healthRiskLevel":"No data","areaKm2":6.84964,"centerLat":7.319068,"centerLng":125.099443,"geometrySource":"all_barangay-2.csv detailed WKT","geometryMatchMethod":"psgc_coordinate_bridge","boundaryPointCount":13},"geometry":{"type":"MultiPolygon","coordinates":[[[[125.14325,7.3396],[125.145844,7.32021],[125.145088,7.32017],[125.14418,7.31277],[125.143639,7.3106],[125.142174,7.30896],[125.13076,7.3068],[125.132446,7.32308],[125.128304,7.33568],[125.129181,7.3362],[125.132393,7.33699],[125.138168,7.33804],[125.14325,7.3396]]]]}},{"type":"Feature","properties":{"ID_0":177,"ISO":"PHL","NAME_0":"Philippines","ID_1":12047,"NAME_1":"Cotabato (North Cotabato)","ID_2":1204718,"NAME_2":"Arakan","ID_3":1204718019,"NAME_3":"Malibatuan","NL_NAME_3":null,"VARNAME_3":null,"TYPE_3":"Barangay","ENGTYPE_3":"Village","PROVINCE":"Cotabato (North Cotabato)","REGION":"Region XII (Soccsksargen)","id":"barangay-1204718019","name":"Malibatuan","barangayCode":"1204718019","population":null,"formattedPop":null,"densityCategory":"No data","vulnerabilityRating":"No data","healthRiskLevel":"No data","areaKm2":19.308931,"centerLat":7.312251,"centerLng":125.141125,"geometrySource":"all_barangay-2.csv detailed WKT","geometryMatchMethod":"psgc_coordinate_bridge","boundaryPointCount":33},"geometry":{"type":"MultiPolygon","coordinates":[[[[125.162857,7.30998],[125.160812,7.29462],[125.158127,7.27622],[125.155212,7.26635],[125.153572,7.25903],[125.151382,7.25017],[125.148293,7.23954],[125.148033,7.239],[125.132179,7.23845],[125.131668,7.24123],[125.1306,7.246],[125.131828,7.25041],[125.135468,7.25852],[125.138947,7.2713],[125.14006,7.27923],[125.141449,7.2846],[125.139847,7.29331],[125.140381,7.30146],[125.142174,7.30896],[125.143639,7.3106],[125.14418,7.31277],[125.145088,7.32017],[125.145844,7.32021],[125.148407,7.31804],[125.150482,7.3174],[125.153152,7.31737],[125.156342,7.31933],[125.158279,7.31805],[125.161377,7.31681],[125.161621,7.31352],[125.162247,7.3114],[125.16288,7.31008],[125.162857,7.30998]]]]}},{"type":"Feature","properties":{"ID_0":177,"ISO":"PHL","NAME_0":"Philippines","ID_1":12047,"NAME_1":"Cotabato (North Cotabato)","ID_2":1204718,"NAME_2":"Arakan","ID_3":1204718020,"NAME_3":"Maria Caridad","NL_NAME_3":null,"VARNAME_3":null,"TYPE_3":"Barangay","ENGTYPE_3":"Village","PROVINCE":"Cotabato (North Cotabato)","REGION":"Region XII (Soccsksargen)","id":"barangay-1204718020","name":"Maria Caridad","barangayCode":"1204718020","population":null,"formattedPop":null,"densityCategory":"No data","vulnerabilityRating":"No data","healthRiskLevel":"No data","areaKm2":5.514501,"centerLat":7.37333,"centerLng":125.141484,"geometrySource":"all_barangay-2.csv detailed WKT","geometryMatchMethod":"psgc_coordinate_bridge","boundaryPointCount":25},"geometry":{"type":"MultiPolygon","coordinates":[[[[125.17939,7.40157],[125.167473,7.39513],[125.160744,7.39141],[125.154877,7.38846],[125.152061,7.3854],[125.148918,7.38137],[125.145416,7.37812],[125.143517,7.37646],[125.142853,7.37847],[125.137947,7.38249],[125.1315,7.37918],[125.125168,7.37534],[125.117477,7.36999],[125.116226,7.36896],[125.117271,7.37881],[125.119629,7.38589],[125.124031,7.39403],[125.130257,7.40557],[125.137863,7.41694],[125.145027,7.42433],[125.151039,7.42738],[125.16568,7.43381],[125.171768,7.42589],[125.174316,7.41366],[125.17939,7.40157]]]]}},{"type":"Feature","properties":{"ID_0":177,"ISO":"PHL","NAME_0":"Philippines","ID_1":12047,"NAME_1":"Cotabato (North Cotabato)","ID_2":1204718,"NAME_2":"Arakan","ID_3":1204718021,"NAME_3":"Meocan","NL_NAME_3":null,"VARNAME_3":null,"TYPE_3":"Barangay","ENGTYPE_3":"Village","PROVINCE":"Cotabato (North Cotabato)","REGION":"Region XII (Soccsksargen)","id":"barangay-1204718021","name":"Meocan","barangayCode":"1204718021","population":null,"formattedPop":null,"densityCategory":"No data","vulnerabilityRating":"No data","healthRiskLevel":"No data","areaKm2":22.745875,"centerLat":7.293605,"centerLng":125.181456,"geometrySource":"all_barangay-2.csv detailed WKT","geometryMatchMethod":"psgc_coordinate_bridge","boundaryPointCount":22},"geometry":{"type":"MultiPolygon","coordinates":[[[[125.18045,7.31002],[125.181229,7.30913],[125.182037,7.30505],[125.182541,7.30032],[125.180313,7.29357],[125.176323,7.28745],[125.173203,7.27876],[125.172684,7.27726],[125.171669,7.27353],[125.173378,7.26788],[125.171318,7.26398],[125.16848,7.26291],[125.164558,7.26522],[125.163017,7.27023],[125.161957,7.27476],[125.158127,7.27622],[125.160812,7.29462],[125.162857,7.30998],[125.166168,7.3105],[125.169998,7.31148],[125.175407,7.30928],[125.18045,7.31002]]]]}},{"type":"Feature","properties":{"ID_0":177,"ISO":"PHL","NAME_0":"Philippines","ID_1":12047,"NAME_1":"Cotabato (North Cotabato)","ID_2":1204718,"NAME_2":"Arakan","ID_3":1204718022,"NAME_3":"Naje","NL_NAME_3":null,"VARNAME_3":null,"TYPE_3":"Barangay","ENGTYPE_3":"Village","PROVINCE":"Cotabato (North Cotabato)","REGION":"Region XII (Soccsksargen)","id":"barangay-1204718022","name":"Naje","barangayCode":"1204718022","population":null,"formattedPop":null,"densityCategory":"No data","vulnerabilityRating":"No data","healthRiskLevel":"No data","areaKm2":2.914253,"centerLat":7.329368,"centerLng":125.07517,"geometrySource":"all_barangay-2.csv detailed WKT","geometryMatchMethod":"psgc_coordinate_bridge","boundaryPointCount":10},"geometry":{"type":"MultiPolygon","coordinates":[[[[125.128304,7.33568],[125.132446,7.32308],[125.13076,7.3068],[125.122498,7.30595],[125.11982,7.30426],[125.114883,7.3034],[125.115128,7.3114],[125.115982,7.33248],[125.117851,7.33385],[125.128304,7.33568]]]]}},{"type":"Feature","properties":{"ID_0":177,"ISO":"PHL","NAME_0":"Philippines","ID_1":12047,"NAME_1":"Cotabato (North Cotabato)","ID_2":1204718,"NAME_2":"Arakan","ID_3":1204718023,"NAME_3":"Napalico","NL_NAME_3":null,"VARNAME_3":null,"TYPE_3":"Barangay","ENGTYPE_3":"Village","PROVINCE":"Cotabato (North Cotabato)","REGION":"Region XII (Soccsksargen)","id":"barangay-1204718023","name":"Napalico","barangayCode":"1204718023","population":null,"formattedPop":null,"densityCategory":"No data","vulnerabilityRating":"No data","healthRiskLevel":"No data","areaKm2":14.056255,"centerLat":7.427658,"centerLng":125.200518,"geometrySource":"all_barangay-2.csv detailed WKT","geometryMatchMethod":"psgc_coordinate_bridge","boundaryPointCount":16},"geometry":{"type":"MultiPolygon","coordinates":[[[[125.218193,7.50084],[125.219437,7.49943],[125.220467,7.49595],[125.220749,7.49078],[125.223503,7.48788],[125.224922,7.49282],[125.226433,7.48883],[125.230637,7.47888],[125.229759,7.47835],[125.219849,7.47381],[125.212051,7.46841],[125.201309,7.45662],[125.197113,7.45742],[125.207993,7.48005],[125.212921,7.49028],[125.218193,7.50084]]]]}},{"type":"Feature","properties":{"ID_0":177,"ISO":"PHL","NAME_0":"Philippines","ID_1":12047,"NAME_1":"Cotabato (North Cotabato)","ID_2":1204718,"NAME_2":"Arakan","ID_3":1204718024,"NAME_3":"Salasang","NL_NAME_3":null,"VARNAME_3":null,"TYPE_3":"Barangay","ENGTYPE_3":"Village","PROVINCE":"Cotabato (North Cotabato)","REGION":"Region XII (Soccsksargen)","id":"barangay-1204718024","name":"Salasang","barangayCode":"1204718024","population":null,"formattedPop":null,"densityCategory":"No data","vulnerabilityRating":"No data","healthRiskLevel":"No data","areaKm2":23.858445,"centerLat":7.371485,"centerLng":125.188878,"geometrySource":"all_barangay-2.csv detailed WKT","geometryMatchMethod":"psgc_coordinate_bridge","boundaryPointCount":27},"geometry":{"type":"MultiPolygon","coordinates":[[[[125.197281,7.41234],[125.199738,7.40973],[125.200783,7.40594],[125.201576,7.3918],[125.199318,7.37966],[125.195374,7.36185],[125.193497,7.35108],[125.181259,7.35544],[125.173119,7.35255],[125.169693,7.35006],[125.169189,7.34993],[125.161057,7.34358],[125.154968,7.34274],[125.151039,7.34552],[125.145729,7.35137],[125.14566,7.36392],[125.143547,7.37027],[125.143517,7.37646],[125.145416,7.37812],[125.148918,7.38137],[125.152061,7.3854],[125.154877,7.38846],[125.160744,7.39141],[125.167473,7.39513],[125.17939,7.40157],[125.186729,7.40565],[125.197281,7.41234]]]]}},{"type":"Feature","properties":{"ID_0":177,"ISO":"PHL","NAME_0":"Philippines","ID_1":12047,"NAME_1":"Cotabato (North Cotabato)","ID_2":1204718,"NAME_2":"Arakan","ID_3":1204718025,"NAME_3":"San Miguel","NL_NAME_3":null,"VARNAME_3":null,"TYPE_3":"Barangay","ENGTYPE_3":"Village","PROVINCE":"Cotabato (North Cotabato)","REGION":"Region XII (Soccsksargen)","id":"barangay-1204718025","name":"San Miguel","barangayCode":"1204718025","population":null,"formattedPop":null,"densityCategory":"No data","vulnerabilityRating":"No data","healthRiskLevel":"No data","areaKm2":12.544661,"centerLat":7.371907,"centerLng":125.241805,"geometrySource":"all_barangay-2.csv detailed WKT","geometryMatchMethod":"psgc_coordinate_bridge","boundaryPointCount":25},"geometry":{"type":"MultiPolygon","coordinates":[[[[125.200783,7.40594],[125.211441,7.40123],[125.220016,7.39668],[125.231483,7.39966],[125.245903,7.40356],[125.245758,7.39342],[125.247253,7.38677],[125.247169,7.37824],[125.240837,7.36875],[125.233223,7.35894],[125.226784,7.35225],[125.225723,7.34439],[125.234016,7.32649],[125.229607,7.32685],[125.221962,7.3247],[125.21286,7.32374],[125.205711,7.32179],[125.207741,7.32689],[125.211807,7.33783],[125.201431,7.34476],[125.193497,7.35108],[125.195374,7.36185],[125.199318,7.37966],[125.201576,7.3918],[125.200783,7.40594]]]]}},{"type":"Feature","properties":{"ID_0":177,"ISO":"PHL","NAME_0":"Philippines","ID_1":12047,"NAME_1":"Cotabato (North Cotabato)","ID_2":1204718,"NAME_2":"Arakan","ID_3":1204718026,"NAME_3":"Santo Niño","NL_NAME_3":null,"VARNAME_3":"Santo Nino","TYPE_3":"Barangay","ENGTYPE_3":"Village","PROVINCE":"Cotabato (North Cotabato)","REGION":"Region XII (Soccsksargen)","id":"barangay-1204718026","name":"Santo Niño","barangayCode":"1204718026","population":null,"formattedPop":null,"densityCategory":"No data","vulnerabilityRating":"No data","healthRiskLevel":"No data","areaKm2":8.32731,"centerLat":7.333405,"centerLng":125.167287,"geometrySource":"all_barangay-2.csv detailed WKT","geometryMatchMethod":"psgc_coordinate_bridge","boundaryPointCount":25},"geometry":{"type":"MultiPolygon","coordinates":[[[[125.145729,7.35137],[125.151039,7.34552],[125.154968,7.34274],[125.161057,7.34358],[125.169189,7.34993],[125.175697,7.33829],[125.178596,7.33073],[125.18045,7.31002],[125.175407,7.30928],[125.169998,7.31148],[125.166168,7.3105],[125.162857,7.30998],[125.16288,7.31008],[125.162247,7.3114],[125.161621,7.31352],[125.161377,7.31681],[125.158279,7.31805],[125.156342,7.31933],[125.153152,7.31737],[125.150482,7.3174],[125.148407,7.31804],[125.145844,7.32021],[125.14325,7.3396],[125.143997,7.34001],[125.145729,7.35137]]]]}},{"type":"Feature","properties":{"ID_0":177,"ISO":"PHL","NAME_0":"Philippines","ID_1":12047,"NAME_1":"Cotabato (North Cotabato)","ID_2":1204718,"NAME_2":"Arakan","ID_3":1204718027,"NAME_3":"Sumalili","NL_NAME_3":null,"VARNAME_3":null,"TYPE_3":"Barangay","ENGTYPE_3":"Village","PROVINCE":"Cotabato (North Cotabato)","REGION":"Region XII (Soccsksargen)","id":"barangay-1204718027","name":"Sumalili","barangayCode":"1204718027","population":null,"formattedPop":null,"densityCategory":"No data","vulnerabilityRating":"No data","healthRiskLevel":"No data","areaKm2":15.004614,"centerLat":7.479544,"centerLng":125.212836,"geometrySource":"all_barangay-2.csv detailed WKT","geometryMatchMethod":"psgc_coordinate_bridge","boundaryPointCount":73},"geometry":{"type":"MultiPolygon","coordinates":[[[[125.218941,7.59196],[125.222763,7.59018],[125.226929,7.58858],[125.229057,7.58813],[125.232758,7.58796],[125.235817,7.58799],[125.239464,7.58716],[125.240959,7.58552],[125.2435,7.58357],[125.246429,7.58149],[125.248238,7.58024],[125.250427,7.57939],[125.250923,7.5772],[125.251282,7.57613],[125.25206,7.57494],[125.252769,7.57254],[125.253639,7.56478],[125.253616,7.56224],[125.252357,7.55812],[125.256088,7.55259],[125.260643,7.54604],[125.261543,7.53941],[125.262016,7.52777],[125.252411,7.52102],[125.240158,7.51584],[125.22583,7.51054],[125.219307,7.50768],[125.202759,7.51414],[125.203522,7.51612],[125.201309,7.52309],[125.197868,7.52591],[125.193733,7.53059],[125.194611,7.53489],[125.194427,7.53948],[125.188164,7.54761],[125.184189,7.55385],[125.185547,7.55548],[125.185959,7.55704],[125.187279,7.5586],[125.188408,7.56034],[125.188423,7.56257],[125.188858,7.56397],[125.189537,7.56656],[125.190514,7.56822],[125.191521,7.56954],[125.192749,7.57138],[125.193298,7.57212],[125.195099,7.57273],[125.196678,7.57332],[125.199631,7.57353],[125.202553,7.57325],[125.204971,7.57259],[125.206329,7.57198],[125.207947,7.57086],[125.208847,7.5694],[125.209679,7.56903],[125.211143,7.56926],[125.211777,7.56975],[125.212967,7.57016],[125.214973,7.57039],[125.216568,7.57054],[125.216797,7.57246],[125.216293,7.57433],[125.216026,7.57595],[125.216148,7.57716],[125.217278,7.57924],[125.217194,7.5814],[125.217163,7.58177],[125.217056,7.58336],[125.216652,7.58525],[125.216972,7.58718],[125.2173,7.58794],[125.218941,7.59196]]]]}},{"type":"Feature","properties":{"ID_0":177,"ISO":"PHL","NAME_0":"Philippines","ID_1":12047,"NAME_1":"Cotabato (North Cotabato)","ID_2":1204718,"NAME_2":"Arakan","ID_3":1204718028,"NAME_3":"Tumanding","NL_NAME_3":null,"VARNAME_3":null,"TYPE_3":"Barangay","ENGTYPE_3":"Village","PROVINCE":"Cotabato (North Cotabato)","REGION":"Region XII (Soccsksargen)","id":"barangay-1204718028","name":"Tumanding","barangayCode":"1204718028","population":null,"formattedPop":null,"densityCategory":"No data","vulnerabilityRating":"No data","healthRiskLevel":"No data","areaKm2":10.923512,"centerLat":7.34229,"centerLng":125.191505,"geometrySource":"all_barangay-2.csv detailed WKT","geometryMatchMethod":"psgc_coordinate_bridge","boundaryPointCount":21},"geometry":{"type":"MultiPolygon","coordinates":[[[[125.169189,7.34993],[125.169693,7.35006],[125.173119,7.35255],[125.181259,7.35544],[125.193497,7.35108],[125.201431,7.34476],[125.211807,7.33783],[125.207741,7.32689],[125.205711,7.32179],[125.199783,7.31842],[125.196808,7.31667],[125.190498,7.31345],[125.190109,7.31302],[125.186996,7.30975],[125.184761,7.30951],[125.182777,7.30947],[125.181229,7.30913],[125.18045,7.31002],[125.178596,7.33073],[125.175697,7.33829],[125.169189,7.34993]]]]}}]}
