{"type":"FeatureCollection","features":[{"type":"Feature","properties":{"ID_0":177,"ISO":"PHL","NAME_0":"Philippines","ID_1":17053,"NAME_1":"Palawan","ID_2":1705312,"NAME_2":"El Nido (Bacuit)","ID_3":1705312001,"NAME_3":"Bagong Bayan","NL_NAME_3":null,"VARNAME_3":null,"TYPE_3":"Barangay","ENGTYPE_3":"Village","PROVINCE":"Palawan","REGION":"Mimaropa Region","id":"barangay-1705312001","name":"Bagong Bayan","barangayCode":"1705312001","population":null,"formattedPop":null,"densityCategory":"No data","vulnerabilityRating":"No data","healthRiskLevel":"No data","areaKm2":21.73758,"centerLat":11.016106,"centerLng":119.434486,"geometrySource":"all_barangay-2.csv detailed WKT","geometryMatchMethod":"psgc_coordinate_bridge","boundaryPointCount":222},"geometry":{"type":"MultiPolygon","coordinates":[[[[119.448929,11.0489],[119.399727,10.97904],[119.399818,10.9839],[119.399834,10.98464],[119.399673,10.98483],[119.398972,10.98739],[119.397713,10.98931],[119.397079,10.99121],[119.397293,10.99172],[119.397308,10.99176],[119.397453,10.99211],[119.398727,10.99308],[119.39846,10.99453],[119.40065,10.99539],[119.401627,10.99649],[119.401367,10.99728],[119.402328,10.99794],[119.401314,10.99935],[119.401451,10.99997],[119.401466,11.00003],[119.401688,11.00105],[119.401993,11.0016],[119.403687,11.00209],[119.403763,11.00253],[119.40387,11.00312],[119.404007,11.00404],[119.404114,11.00468],[119.403732,11.00459],[119.402618,11.00427],[119.401543,11.00504],[119.40123,11.00526],[119.40078,11.0056],[119.398773,11.00653],[119.397346,11.00666],[119.396629,11.0062],[119.39579,11.00445],[119.394913,11.00432],[119.39431,11.00422],[119.39267,11.00523],[119.39064,11.00648],[119.389664,11.00581],[119.389267,11.00466],[119.389229,11.00432],[119.389168,11.00373],[119.390068,11.00192],[119.389992,11.0015],[119.389236,11.00012],[119.388763,10.99906],[119.388847,10.99904],[119.390289,10.99881],[119.389381,10.99861],[119.38932,10.9986],[119.388603,10.99844],[119.387619,10.99894],[119.388367,11.00038],[119.388412,11.00045],[119.388786,11.00118],[119.389252,11.00097],[119.388588,11.00274],[119.385513,11.00184],[119.384598,10.99995],[119.382217,11.00012],[119.381729,11.00015],[119.378693,11.00122],[119.375557,11.00179],[119.374603,11.00243],[119.374184,11.00303],[119.372673,11.00515],[119.373047,11.00472],[119.373611,11.00472],[119.373894,11.005],[119.373894,11.00556],[119.373611,11.00583],[119.373123,11.00673],[119.372513,11.00744],[119.394676,11.0344],[119.394974,11.03469],[119.395279,11.03472],[119.39653,11.03486],[119.396873,11.03486],[119.397438,11.03472],[119.397858,11.03452],[119.398552,11.03424],[119.398972,11.03417],[119.39946,11.03376],[119.400017,11.03369],[119.400581,11.03369],[119.40062,11.03341],[119.400864,11.03351],[119.401108,11.03362],[119.401367,11.03376],[119.401627,11.03394],[119.401894,11.03417],[119.402161,11.03443],[119.402367,11.03479],[119.402519,11.03521],[119.402687,11.03564],[119.402809,11.03609],[119.403053,11.03639],[119.403267,11.03695],[119.403473,11.03716],[119.403893,11.03799],[119.403816,11.03882],[119.403763,11.03964],[119.403893,11.04033],[119.403893,11.04056],[119.403893,11.04111],[119.404167,11.04139],[119.404167,11.04167],[119.404442,11.04194],[119.404442,11.04222],[119.404716,11.0425],[119.404716,11.04417],[119.405281,11.04472],[119.40583,11.04472],[119.406113,11.04444],[119.406113,11.044],[119.406113,11.04302],[119.406113,11.04193],[119.406113,11.04139],[119.405968,11.04096],[119.406387,11.04054],[119.406807,11.04013],[119.406937,11.03944],[119.40667,11.03917],[119.407219,11.03861],[119.407219,11.03778],[119.407501,11.0375],[119.407501,11.03683],[119.407501,11.03667],[119.407593,11.03658],[119.407784,11.03639],[119.407784,11.03611],[119.408058,11.03583],[119.408058,11.03563],[119.408058,11.03528],[119.408333,11.035],[119.408333,11.03417],[119.409447,11.03306],[119.409866,11.03306],[119.410004,11.03306],[119.410278,11.03278],[119.410553,11.03306],[119.410553,11.03333],[119.41111,11.03389],[119.41111,11.03417],[119.411392,11.03444],[119.411392,11.03556],[119.411461,11.03611],[119.41153,11.03645],[119.411743,11.03673],[119.4123,11.03666],[119.412643,11.03618],[119.412781,11.03597],[119.413063,11.03569],[119.41333,11.03556],[119.413612,11.03556],[119.413887,11.03583],[119.413887,11.03611],[119.414169,11.03639],[119.414719,11.03639],[119.415001,11.03667],[119.415787,11.03667],[119.416077,11.03715],[119.416206,11.03736],[119.415932,11.03763],[119.415833,11.03833],[119.414719,11.03945],[119.414627,11.03978],[119.414543,11.04016],[119.414581,11.04056],[119.414703,11.04087],[119.414719,11.04113],[119.414703,11.04138],[119.414581,11.04161],[119.414436,11.04194],[119.414612,11.0425],[119.414818,11.04312],[119.414818,11.04354],[119.414757,11.04415],[119.414749,11.0443],[119.414673,11.04446],[119.414543,11.04471],[119.41449,11.04501],[119.414467,11.04519],[119.414467,11.04568],[119.414261,11.04651],[119.413902,11.04763],[119.413841,11.04782],[119.413773,11.04858],[119.413628,11.04899],[119.413696,11.04961],[119.41391,11.05051],[119.414047,11.05072],[119.414131,11.0517],[119.41433,11.05265],[119.414124,11.05306],[119.413727,11.0538],[119.41394,11.05442],[119.414009,11.05525],[119.414574,11.05573],[119.414917,11.05608],[119.415268,11.05677],[119.415482,11.05732],[119.415688,11.05766],[119.415688,11.05842],[119.415688,11.05939],[119.415756,11.06022],[119.415901,11.0616],[119.416107,11.06278],[119.41597,11.06347],[119.41597,11.06437],[119.415741,11.0659],[119.415337,11.06654],[119.415031,11.06721],[119.414864,11.06792],[119.414726,11.06865],[119.414963,11.06956],[119.415314,11.0708],[119.415497,11.07127],[119.415848,11.07124],[119.448929,11.0489]]]]}},{"type":"Feature","properties":{"ID_0":177,"ISO":"PHL","NAME_0":"Philippines","ID_1":17053,"NAME_1":"Palawan","ID_2":1705312,"NAME_2":"El Nido (Bacuit)","ID_3":1705312002,"NAME_3":"Buena Suerte Pob.","NL_NAME_3":null,"VARNAME_3":null,"TYPE_3":"Barangay","ENGTYPE_3":"Village","PROVINCE":"Palawan","REGION":"Mimaropa Region","id":"barangay-1705312002","name":"Buena Suerte Pob.","barangayCode":"1705312002","population":null,"formattedPop":null,"densityCategory":"No data","vulnerabilityRating":"No data","healthRiskLevel":"No data","areaKm2":13.430858,"centerLat":11.215107,"centerLng":119.360917,"geometrySource":"all_barangay-2.csv detailed WKT","geometryMatchMethod":"psgc_coordinate_bridge","boundaryPointCount":782},"geometry":{"type":"MultiPolygon","coordinates":[[[[119.383972,11.18421],[119.384323,11.18393],[119.384377,11.18393],[119.384811,11.18393],[119.3853,11.18386],[119.385651,11.18379],[119.38607,11.18365],[119.386337,11.1831],[119.386337,11.18269],[119.386208,11.18227],[119.386337,11.18193],[119.386543,11.18118],[119.386917,11.18111],[119.387321,11.18107],[119.387733,11.18098],[119.388397,11.18093],[119.388962,11.18093],[119.38987,11.18121],[119.390167,11.18135],[119.39045,11.18111],[119.393623,11.17117],[119.394073,11.1695],[119.393623,11.1695],[119.39325,11.16936],[119.393066,11.16929],[119.392723,11.16895],[119.392021,11.16874],[119.391922,11.16863],[119.391533,11.16819],[119.391182,11.16757],[119.390968,11.16695],[119.390846,11.1668],[119.390617,11.16653],[119.390556,11.16649],[119.390419,11.16639],[119.390266,11.16611],[119.389999,11.16583],[119.389717,11.16583],[119.389587,11.1659],[119.389168,11.1659],[119.38868,11.16639],[119.388611,11.16722],[119.388527,11.16723],[119.388344,11.16724],[119.387901,11.16729],[119.387131,11.16736],[119.386513,11.16715],[119.386421,11.16695],[119.386093,11.16696],[119.385834,11.16707],[119.385338,11.16688],[119.385231,11.16695],[119.385017,11.16709],[119.385063,11.16721],[119.385223,11.16777],[119.384979,11.16804],[119.384727,11.16832],[119.384468,11.1686],[119.384193,11.16887],[119.383926,11.16916],[119.383774,11.16955],[119.383629,11.16994],[119.383522,11.17034],[119.383362,11.17067],[119.38324,11.17099],[119.383209,11.17104],[119.383133,11.1712],[119.383133,11.17148],[119.382912,11.17178],[119.382782,11.17191],[119.382584,11.17238],[119.382477,11.17241],[119.382217,11.1725],[119.381943,11.17278],[119.381393,11.17278],[119.381027,11.1725],[119.380608,11.17279],[119.380173,11.17306],[119.379707,11.17332],[119.379189,11.17355],[119.378609,11.17368],[119.378052,11.17389],[119.377777,11.17389],[119.377487,11.17401],[119.377449,11.17404],[119.377281,11.17407],[119.376953,11.17417],[119.376518,11.17413],[119.376251,11.1741],[119.375763,11.17431],[119.375633,11.17487],[119.375687,11.17563],[119.375832,11.17667],[119.375557,11.17741],[119.375526,11.1782],[119.37545,11.17849],[119.375511,11.17911],[119.375107,11.17924],[119.375107,11.17972],[119.375183,11.18007],[119.37545,11.18034],[119.37545,11.1811],[119.375504,11.18136],[119.375587,11.18193],[119.375587,11.1831],[119.375526,11.18374],[119.375519,11.18393],[119.375732,11.18466],[119.375801,11.1849],[119.375977,11.18538],[119.376083,11.18566],[119.37664,11.18655],[119.377197,11.18683],[119.378113,11.18731],[119.379028,11.18804],[119.379868,11.18831],[119.380219,11.18866],[119.38118,11.18938],[119.381668,11.18945],[119.382088,11.18917],[119.382217,11.18855],[119.382271,11.18815],[119.382294,11.18793],[119.382347,11.18776],[119.382507,11.18724],[119.38279,11.18669],[119.382874,11.18656],[119.383553,11.18545],[119.383774,11.1849],[119.383972,11.18421]]],[[[119.340683,11.2041],[119.340683,11.20341],[119.340752,11.203],[119.340752,11.20265],[119.340553,11.20222],[119.340607,11.20183],[119.340813,11.20128],[119.340881,11.20068],[119.340698,11.20008],[119.340347,11.19955],[119.339897,11.19911],[119.339539,11.19861],[119.339417,11.19802],[119.339409,11.19771],[119.339317,11.19752],[119.339203,11.1973],[119.339104,11.19707],[119.338943,11.19692],[119.33889,11.19667],[119.338333,11.19611],[119.338203,11.19585],[119.337784,11.19557],[119.337646,11.19523],[119.337509,11.19495],[119.337158,11.19447],[119.33667,11.19419],[119.336617,11.19417],[119.336182,11.19398],[119.335617,11.19398],[119.33548,11.19412],[119.335411,11.19419],[119.335472,11.19425],[119.335762,11.19454],[119.336037,11.19474],[119.336533,11.19509],[119.336388,11.1955],[119.336601,11.19571],[119.336487,11.19624],[119.336143,11.1963],[119.335999,11.19658],[119.336349,11.19699],[119.336563,11.19727],[119.336838,11.19727],[119.337334,11.19755],[119.337387,11.19789],[119.337051,11.19803],[119.336632,11.19803],[119.336281,11.19796],[119.336349,11.19851],[119.336418,11.19879],[119.336563,11.19907],[119.336563,11.19969],[119.336349,11.19982],[119.336067,11.20003],[119.336067,11.20051],[119.336143,11.201],[119.336281,11.20155],[119.336487,11.20196],[119.336563,11.20238],[119.336281,11.20286],[119.335793,11.20314],[119.335793,11.20362],[119.335716,11.2039],[119.335159,11.2039],[119.334877,11.20417],[119.334953,11.20452],[119.335442,11.205],[119.335716,11.20541],[119.335793,11.20576],[119.335793,11.20617],[119.335861,11.20652],[119.33593,11.20679],[119.335999,11.20714],[119.33609,11.20735],[119.336143,11.20748],[119.336349,11.20783],[119.336632,11.20817],[119.336983,11.20831],[119.337471,11.20797],[119.337959,11.20762],[119.338173,11.20741],[119.338303,11.20693],[119.338303,11.20631],[119.338654,11.20597],[119.338997,11.20576],[119.339363,11.20541],[119.339706,11.20521],[119.339981,11.205],[119.340187,11.20459],[119.340401,11.20431],[119.340683,11.2041]]],[[[119.379303,11.20831],[119.378883,11.20734],[119.377769,11.20748],[119.377213,11.20776],[119.37735,11.20845],[119.37735,11.20928],[119.377419,11.20947],[119.377502,11.20972],[119.377853,11.21007],[119.378326,11.21056],[119.378609,11.21056],[119.379173,11.21111],[119.379448,11.21083],[119.379448,11.21056],[119.380142,11.21052],[119.380142,11.20983],[119.379593,11.20886],[119.379303,11.20831]]],[[[119.366096,11.23101],[119.365471,11.23046],[119.365318,11.23051],[119.364906,11.23066],[119.364853,11.2317],[119.365334,11.23197],[119.365303,11.2324],[119.365227,11.23316],[119.365227,11.23321],[119.365227,11.23351],[119.365784,11.23364],[119.366417,11.23364],[119.366386,11.23333],[119.366447,11.23218],[119.366096,11.23101]]],[[[119.351311,11.24478],[119.351936,11.24471],[119.352837,11.24471],[119.353607,11.24464],[119.35408,11.2446],[119.354309,11.24457],[119.354797,11.24488],[119.354874,11.2452],[119.354942,11.24527],[119.355713,11.2454],[119.355988,11.24513],[119.356117,11.24457],[119.356117,11.24402],[119.356194,11.24375],[119.356407,11.2434],[119.356483,11.24292],[119.356407,11.24264],[119.356339,11.24223],[119.356339,11.24175],[119.356483,11.2414],[119.356537,11.24106],[119.356537,11.24071],[119.356339,11.24043],[119.356339,11.24023],[119.356483,11.2394],[119.356483,11.23912],[119.356339,11.23843],[119.356117,11.23836],[119.355637,11.23816],[119.355347,11.23774],[119.355217,11.23747],[119.354942,11.23726],[119.354729,11.23705],[119.354523,11.23678],[119.354591,11.23643],[119.354797,11.23588],[119.354874,11.2354],[119.354874,11.23505],[119.354797,11.23464],[119.355011,11.23415],[119.355568,11.23367],[119.356117,11.23305],[119.356407,11.23257],[119.356537,11.23243],[119.356537,11.23202],[119.356339,11.23188],[119.356194,11.23181],[119.355988,11.23153],[119.355988,11.23015],[119.35627,11.22974],[119.356407,11.22932],[119.356483,11.22905],[119.356483,11.22753],[119.356339,11.22698],[119.356613,11.22656],[119.356956,11.22608],[119.357307,11.2256],[119.35759,11.2247],[119.357803,11.22429],[119.357872,11.22394],[119.358292,11.22318],[119.358429,11.22291],[119.35878,11.22236],[119.358917,11.2218],[119.358917,11.22084],[119.3592,11.22028],[119.359482,11.21994],[119.359756,11.21953],[119.35997,11.21939],[119.360603,11.21856],[119.360809,11.21849],[119.361427,11.21835],[119.361794,11.21821],[119.361908,11.2182],[119.362267,11.21815],[119.362968,11.21856],[119.363533,11.2189],[119.363808,11.2189],[119.364647,11.21877],[119.365349,11.2187],[119.365692,11.21863],[119.365952,11.21863],[119.366112,11.21863],[119.3666,11.21884],[119.367233,11.21904],[119.367279,11.21909],[119.367439,11.21925],[119.368141,11.21966],[119.368629,11.21973],[119.36898,11.21966],[119.369118,11.21932],[119.369118,11.21897],[119.369537,11.21863],[119.369812,11.21842],[119.370033,11.21828],[119.370079,11.21821],[119.370377,11.2178],[119.370651,11.21773],[119.371223,11.21773],[119.371353,11.21801],[119.37149,11.21828],[119.371559,11.21897],[119.371773,11.21959],[119.37191,11.22022],[119.371841,11.22077],[119.371773,11.22125],[119.371773,11.2216],[119.37178,11.22172],[119.371841,11.22236],[119.372261,11.2227],[119.372681,11.2227],[119.372864,11.22245],[119.372887,11.22242],[119.373238,11.22222],[119.373657,11.22199],[119.373787,11.22277],[119.374077,11.22339],[119.374496,11.22422],[119.374359,11.22498],[119.374283,11.22546],[119.374702,11.22574],[119.375343,11.22594],[119.375397,11.22607],[119.375473,11.22622],[119.375816,11.22629],[119.376518,11.22574],[119.376801,11.22525],[119.376869,11.22442],[119.37722,11.22408],[119.377502,11.22367],[119.377502,11.22118],[119.377434,11.22063],[119.377434,11.21946],[119.377289,11.21904],[119.376732,11.21849],[119.376389,11.21806],[119.376106,11.21778],[119.376106,11.2175],[119.375557,11.21694],[119.375557,11.21667],[119.375832,11.21639],[119.375832,11.215],[119.375557,11.21472],[119.375557,11.21361],[119.375267,11.21333],[119.375267,11.21278],[119.375557,11.2125],[119.375557,11.21167],[119.375832,11.21139],[119.375832,11.21083],[119.375557,11.21056],[119.375557,11.21028],[119.375832,11.21],[119.375832,11.20944],[119.376106,11.20917],[119.376106,11.20861],[119.376389,11.20833],[119.376389,11.20722],[119.376106,11.20694],[119.376106,11.20611],[119.376389,11.20583],[119.376389,11.205],[119.376106,11.20472],[119.376106,11.20417],[119.376953,11.20417],[119.37722,11.20389],[119.377373,11.2038],[119.377777,11.20346],[119.377899,11.2034],[119.378342,11.20318],[119.379227,11.20296],[119.379738,11.20284],[119.379936,11.202],[119.379951,11.20194],[119.380157,11.20111],[119.38044,11.20035],[119.380997,11.19966],[119.381157,11.19923],[119.38121,11.19911],[119.381233,11.19903],[119.381554,11.19773],[119.381767,11.19704],[119.381897,11.19662],[119.382057,11.19593],[119.382263,11.19504],[119.382263,11.19455],[119.380859,11.19442],[119.380371,11.19442],[119.379807,11.1949],[119.379463,11.19573],[119.379387,11.19593],[119.379044,11.19669],[119.378487,11.19752],[119.377998,11.19828],[119.377373,11.1989],[119.376671,11.19897],[119.376053,11.19891],[119.375832,11.19889],[119.375763,11.19871],[119.375557,11.19826],[119.375267,11.19806],[119.374901,11.19809],[119.374733,11.19833],[119.374733,11.19889],[119.374863,11.19917],[119.374496,11.19952],[119.374107,11.1996],[119.373543,11.19938],[119.373207,11.20003],[119.372421,11.20005],[119.3722,11.19925],[119.370872,11.19932],[119.370728,11.19941],[119.370239,11.19973],[119.369614,11.20021],[119.368767,11.20063],[119.367996,11.20097],[119.367378,11.20152],[119.366753,11.20221],[119.365936,11.2027],[119.365669,11.20325],[119.36525,11.20394],[119.36483,11.20408],[119.365143,11.20484],[119.364029,11.20546],[119.36277,11.20546],[119.36235,11.20553],[119.361511,11.20587],[119.360893,11.20656],[119.360184,11.20711],[119.359627,11.20746],[119.358856,11.2078],[119.358368,11.20794],[119.357597,11.20794],[119.357109,11.2078],[119.356773,11.20767],[119.356468,11.20708],[119.356407,11.20698],[119.355957,11.2067],[119.355858,11.20663],[119.354874,11.20649],[119.353828,11.20677],[119.352013,11.20677],[119.351387,11.20684],[119.350327,11.20711],[119.349358,11.20732],[119.348747,11.20774],[119.34816,11.20829],[119.347397,11.20863],[119.346916,11.2087],[119.346428,11.2087],[119.345863,11.20877],[119.345657,11.2087],[119.345573,11.20861],[119.34552,11.20856],[119.345032,11.20836],[119.344437,11.2083],[119.344261,11.20829],[119.344131,11.20836],[119.343773,11.20856],[119.343712,11.20875],[119.343582,11.20917],[119.343559,11.20925],[119.343353,11.21036],[119.343758,11.21095],[119.34391,11.21118],[119.344467,11.21181],[119.344704,11.21244],[119.344879,11.2129],[119.345161,11.21318],[119.34565,11.21338],[119.345871,11.21349],[119.346207,11.21366],[119.34642,11.21428],[119.345787,11.21435],[119.345016,11.21421],[119.344917,11.21414],[119.344597,11.21394],[119.344437,11.21386],[119.344322,11.2138],[119.343407,11.21373],[119.342644,11.21366],[119.342216,11.21352],[119.341949,11.21352],[119.341949,11.21373],[119.341881,11.21394],[119.341667,11.21414],[119.34153,11.21435],[119.341393,11.2147],[119.341316,11.21538],[119.341454,11.2162],[119.341461,11.21628],[119.34153,11.21663],[119.341667,11.21704],[119.341881,11.21739],[119.341881,11.21821],[119.341797,11.21911],[119.34153,11.21939],[119.341461,11.21994],[119.34153,11.22015],[119.341599,11.22056],[119.341042,11.22077],[119.340553,11.22097],[119.33992,11.22084],[119.339577,11.22091],[119.339783,11.22166],[119.339783,11.22194],[119.339851,11.22242],[119.339821,11.2227],[119.339783,11.22298],[119.33992,11.22325],[119.340202,11.22353],[119.340622,11.22374],[119.34111,11.22325],[119.341461,11.22298],[119.341667,11.22291],[119.342216,11.22298],[119.343208,11.22298],[119.343826,11.22291],[119.344322,11.22281],[119.344543,11.22277],[119.344879,11.22291],[119.345367,11.22325],[119.34565,11.22374],[119.345787,11.22436],[119.346069,11.22484],[119.346283,11.22532],[119.346283,11.22581],[119.34642,11.22636],[119.346626,11.22684],[119.346909,11.22719],[119.347054,11.22753],[119.347183,11.22781],[119.34726,11.22843],[119.347397,11.22891],[119.34726,11.2296],[119.346909,11.22995],[119.346764,11.23036],[119.34642,11.2305],[119.346001,11.2305],[119.345581,11.23084],[119.345581,11.23146],[119.345093,11.2316],[119.344948,11.23208],[119.34523,11.23243],[119.345367,11.23326],[119.34565,11.23436],[119.346207,11.23491],[119.346069,11.23602],[119.346207,11.23671],[119.346352,11.23754],[119.346909,11.23823],[119.347054,11.23864],[119.347328,11.23905],[119.347397,11.23968],[119.347672,11.2403],[119.347397,11.2405],[119.346626,11.24092],[119.346138,11.24112],[119.345268,11.2417],[119.345154,11.24227],[119.345047,11.24279],[119.344994,11.24308],[119.345123,11.24377],[119.345268,11.24446],[119.345413,11.24482],[119.345543,11.24515],[119.346283,11.24527],[119.346207,11.24589],[119.34642,11.24637],[119.346687,11.24665],[119.347092,11.24696],[119.347397,11.2472],[119.347816,11.24733],[119.348297,11.24727],[119.348579,11.24706],[119.348579,11.24651],[119.34893,11.24595],[119.349281,11.24561],[119.349632,11.24554],[119.349983,11.2454],[119.350471,11.24513],[119.350807,11.24485],[119.351311,11.24478]]],[[[119.356903,11.24809],[119.356056,11.24754],[119.355713,11.24761],[119.355423,11.24778],[119.355347,11.24797],[119.355217,11.2483],[119.355217,11.24885],[119.355499,11.24934],[119.355667,11.24948],[119.355759,11.24955],[119.355919,11.24968],[119.356483,11.24989],[119.356827,11.24989],[119.357101,11.24968],[119.357246,11.24906],[119.357101,11.24844],[119.356903,11.24809]]],[[[119.351433,11.27154],[119.351433,11.27092],[119.351738,11.2711],[119.351913,11.2712],[119.352333,11.27113],[119.35247,11.27078],[119.352737,11.27023],[119.352821,11.26982],[119.35289,11.26913],[119.35289,11.26747],[119.353104,11.26733],[119.35331,11.26719],[119.353378,11.26671],[119.353378,11.26547],[119.35331,11.26492],[119.35331,11.26443],[119.353523,11.26416],[119.353996,11.26395],[119.354286,11.26395],[119.354492,11.2634],[119.353867,11.26291],[119.353378,11.26257],[119.35331,11.26202],[119.353569,11.26156],[119.354347,11.26153],[119.354652,11.26176],[119.35498,11.26202],[119.355331,11.26264],[119.355927,11.26207],[119.356277,11.26152],[119.356697,11.26138],[119.357407,11.26138],[119.358383,11.26041],[119.358658,11.26],[119.358887,11.25889],[119.359169,11.25861],[119.359169,11.25833],[119.358887,11.25806],[119.358612,11.25806],[119.35833,11.25778],[119.35833,11.25556],[119.358612,11.25528],[119.358612,11.25472],[119.358063,11.25417],[119.357628,11.25417],[119.357224,11.25417],[119.35611,11.25528],[119.355827,11.25528],[119.355553,11.25556],[119.355453,11.25556],[119.355278,11.25556],[119.355003,11.25583],[119.354721,11.25583],[119.354446,11.25611],[119.353767,11.25643],[119.353653,11.25684],[119.353737,11.25723],[119.353897,11.25762],[119.354088,11.25804],[119.354057,11.25854],[119.353851,11.25907],[119.353508,11.25957],[119.353157,11.25994],[119.352921,11.25999],[119.352692,11.2599],[119.352432,11.25976],[119.352081,11.25972],[119.351997,11.25972],[119.351677,11.25972],[119.351257,11.25978],[119.351013,11.25993],[119.350883,11.26],[119.350563,11.26039],[119.35022,11.26085],[119.349854,11.26133],[119.349777,11.26173],[119.349922,11.26207],[119.349983,11.26244],[119.349922,11.26282],[119.349739,11.2632],[119.349533,11.26356],[119.34919,11.26382],[119.348717,11.26396],[119.348541,11.26405],[119.348259,11.26418],[119.347832,11.26446],[119.347549,11.26488],[119.347557,11.2654],[119.347588,11.26557],[119.347649,11.26595],[119.347549,11.2664],[119.347504,11.26686],[119.34745,11.26731],[119.347313,11.26772],[119.347313,11.26808],[119.347519,11.26835],[119.347763,11.26857],[119.348351,11.26933],[119.348557,11.26995],[119.348701,11.27051],[119.348839,11.27133],[119.349113,11.27202],[119.349983,11.27257],[119.350098,11.27264],[119.350723,11.27264],[119.351143,11.2723],[119.351433,11.27161],[119.351433,11.27154]]],[[[119.343819,11.27186],[119.343536,11.27179],[119.343353,11.27199],[119.343117,11.27229],[119.342171,11.27267],[119.341873,11.27347],[119.341751,11.27377],[119.341751,11.27501],[119.34259,11.27584],[119.343163,11.27575],[119.34343,11.2757],[119.343712,11.27515],[119.344414,11.27474],[119.344513,11.27439],[119.344612,11.27395],[119.344856,11.27322],[119.344673,11.27262],[119.344307,11.27213],[119.343819,11.27186]]]]}},{"type":"Feature","properties":{"ID_0":177,"ISO":"PHL","NAME_0":"Philippines","ID_1":17053,"NAME_1":"Palawan","ID_2":1705312,"NAME_2":"El Nido (Bacuit)","ID_3":1705312003,"NAME_3":"Barotuan","NL_NAME_3":null,"VARNAME_3":null,"TYPE_3":"Barangay","ENGTYPE_3":"Village","PROVINCE":"Palawan","REGION":"Mimaropa Region","id":"barangay-1705312003","name":"Barotuan","barangayCode":"1705312003","population":null,"formattedPop":null,"densityCategory":"No data","vulnerabilityRating":"No data","healthRiskLevel":"No data","areaKm2":25.47967,"centerLat":11.297917,"centerLng":119.464568,"geometrySource":"all_barangay-2.csv detailed WKT","geometryMatchMethod":"psgc_coordinate_bridge","boundaryPointCount":10},"geometry":{"type":"MultiPolygon","coordinates":[[[[119.528084,11.29522],[119.499489,11.27619],[119.457397,11.27303],[119.418869,11.28984],[119.419243,11.29],[119.419441,11.29028],[119.419167,11.29056],[119.419167,11.29106],[119.478333,11.32782],[119.528084,11.29522]]]]}},{"type":"Feature","properties":{"ID_0":177,"ISO":"PHL","NAME_0":"Philippines","ID_1":17053,"NAME_1":"Palawan","ID_2":1705312,"NAME_2":"El Nido (Bacuit)","ID_3":1705312004,"NAME_3":"Bebeladan","NL_NAME_3":null,"VARNAME_3":null,"TYPE_3":"Barangay","ENGTYPE_3":"Village","PROVINCE":"Palawan","REGION":"Mimaropa Region","id":"barangay-1705312004","name":"Bebeladan","barangayCode":"1705312004","population":null,"formattedPop":null,"densityCategory":"No data","vulnerabilityRating":"No data","healthRiskLevel":"No data","areaKm2":58.373786,"centerLat":11.073824,"centerLng":119.343296,"geometrySource":"barangays.geojson simplified fallback","geometryMatchMethod":"simplified_fallback","boundaryPointCount":132},"geometry":{"type":"MultiPolygon","coordinates":[[[[119.3547752820001,11.013666827000065],[119.35521551700003,11.01515052600007],[119.35590949200002,11.01438556200003],[119.3547752820001,11.013666827000065]]],[[[119.3048153850001,11.039815662000024],[119.30487124600006,11.039206179000075],[119.30452382300007,11.039545338000039],[119.3048153850001,11.039815662000024]]],[[[119.30321059900007,11.042307227000038],[119.3044877530001,11.042185347000043],[119.30464163600004,11.039693123000063],[119.30321059900007,11.042307227000038]]],[[[119.30340904800005,11.046082009000031],[119.30691870800001,11.047263576000034],[119.30458427000008,11.044120914000075],[119.30340904800005,11.046082009000031]]],[[[119.32364554500009,11.056815246000042],[119.32447475200001,11.056302292000055],[119.323551382,11.055563843000073],[119.32364554500009,11.056815246000042]]],[[[119.37255825300008,11.069827708000048],[119.37501656600011,11.063850187000071],[119.37198568600002,11.060160039000039],[119.36925159200007,11.06184423600007],[119.37255825300008,11.069827708000048]]],[[[119.3411791200001,11.095902394000063],[119.34055857800001,11.094400452000059],[119.34046890400009,11.096438301000035],[119.3411791200001,11.095902394000063]]],[[[119.35632814600001,11.101244550000047],[119.35687362400006,11.099648047000073],[119.35597360000008,11.099656910000022],[119.35632814600001,11.101244550000047]]],[[[119.32577096400007,11.106395247000023],[119.33585008500006,11.105180006000069],[119.34047715400004,11.084691164000049],[119.34461154700011,11.090422369000066],[119.3544869210001,11.088647535000064],[119.34615230300005,11.073807398000042],[119.36943981800005,11.04488694400004],[119.381844795,11.048306075000028],[119.39959208500011,11.031373444000053],[119.40558950500008,11.045159305000027],[119.420503,11.0206],[119.4006,11.022476],[119.40372286800005,11.003527060000067],[119.39026070400007,11.006444867000027],[119.38140667400012,10.999603377000028],[119.34468800400009,11.023910611000076],[119.3443443540001,11.033228593000047],[119.33364366100011,11.02837783800004],[119.32825134000007,11.04020231100003],[119.34439659600002,11.054643412000075],[119.33776355700002,11.058204476000071],[119.33221181600004,11.050403299000038],[119.32346976600002,11.05792956700003],[119.32577096400007,11.106395247000023]]],[[[119.30497805700008,11.111241972000073],[119.30655743600005,11.107127666000054],[119.306384535,11.106465208000031],[119.30497805700008,11.111241972000073]]],[[[119.32659452500002,11.115764114000058],[119.33544062100009,11.116698666000048],[119.33673172800002,11.112875174000067],[119.32659452500002,11.115764114000058]]],[[[119.24823936300004,11.12434582700007],[119.26029711300009,11.121691121000026],[119.26125848800007,11.111691558000075],[119.24823936300004,11.12434582700007]]],[[[119.33012093100001,11.128006439000046],[119.33542089700006,11.131190919000062],[119.33674759400003,11.126223080000045],[119.33012093100001,11.128006439000046]]],[[[119.31532800200011,11.133526957000072],[119.32051039900011,11.135360886000058],[119.3144072230001,11.128694321000069],[119.31532800200011,11.133526957000072]]],[[[119.24908447200005,11.12689209000007],[119.23791503900009,11.136718750000057],[119.23791503900009,11.140319825000063],[119.24847412100007,11.133911133000026],[119.24908447200005,11.12689209000007]]],[[[119.31776729400008,11.137806089000037],[119.31923162800001,11.139228875000072],[119.31916503600007,11.137593034000076],[119.31776729400008,11.137806089000037]]],[[[119.31814019500007,11.140739599000028],[119.3179879170001,11.140444384000034],[119.31794021600001,11.140809802000035],[119.31814019500007,11.140739599000028]]],[[[119.3199266470001,11.159263923000026],[119.32643668600008,11.153062946000034],[119.31858787300007,11.156069665000075],[119.3219678160001,11.143474209000033],[119.30519879600001,11.143391093000048],[119.3096150990001,11.155722625000067],[119.3199266470001,11.159263923000026]]],[[[119.29185838500007,11.179751875000022],[119.2923469750001,11.178699152000036],[119.29167927200001,11.178209716000026],[119.29185838500007,11.179751875000022]]],[[[119.28257847900011,11.190285473000074],[119.28327429700005,11.190412560000027],[119.28295403700008,11.189431714000023],[119.28257847900011,11.190285473000074]]],[[[119.2817950860001,11.19185439100005],[119.28209050700002,11.191785928000058],[119.28213727900004,11.191507068000021],[119.2817950860001,11.19185439100005]]],[[[119.27010350800003,11.20450168800005],[119.27042022700005,11.203298447000066],[119.2696312920001,11.204807496000058],[119.27010350800003,11.20450168800005]]],[[[119.274605199,11.213173684000026],[119.27780273300004,11.197571829000026],[119.28396121700007,11.186226005000037],[119.29149044400003,11.179346343000077],[119.28282228000012,11.16351196200003],[119.28303324100011,11.13605758600005],[119.274605199,11.213173684000026]]],[[[119.29216697600009,11.216597788000058],[119.29804234100004,11.204213442000025],[119.29732405800007,11.194438584000068],[119.29252575800001,11.199744569000075],[119.29216697600009,11.216597788000058]]],[[[119.25921472000005,11.226420523000058],[119.26651633200004,11.21959798100005],[119.26810465900007,11.20437843700006],[119.27309137800012,11.200553117000027],[119.27038198200012,11.188122822000025],[119.25465979100011,11.207982978000075],[119.25921472000005,11.226420523000058]]]]}},{"type":"Feature","properties":{"ID_0":177,"ISO":"PHL","NAME_0":"Philippines","ID_1":17053,"NAME_1":"Palawan","ID_2":1705312,"NAME_2":"El Nido (Bacuit)","ID_3":1705312005,"NAME_3":"Corong-corong Pob.","NL_NAME_3":null,"VARNAME_3":null,"TYPE_3":"Barangay","ENGTYPE_3":"Village","PROVINCE":"Palawan","REGION":"Mimaropa Region","id":"barangay-1705312005","name":"Corong-corong Pob.","barangayCode":"1705312005","population":null,"formattedPop":null,"densityCategory":"No data","vulnerabilityRating":"No data","healthRiskLevel":"No data","areaKm2":21.279592,"centerLat":11.162709,"centerLng":119.423832,"geometrySource":"all_barangay-2.csv detailed WKT","geometryMatchMethod":"psgc_coordinate_bridge","boundaryPointCount":250},"geometry":{"type":"MultiPolygon","coordinates":[[[[119.394173,11.12203],[119.394272,11.12199],[119.39418,11.12148],[119.394249,11.121],[119.394447,11.12052],[119.394669,11.12004],[119.394737,11.11962],[119.394669,11.11907],[119.394524,11.11893],[119.394318,11.11872],[119.393547,11.11872],[119.39299,11.11886],[119.392014,11.11872],[119.391586,11.11866],[119.391144,11.11868],[119.390556,11.11917],[119.390518,11.11961],[119.390556,11.11967],[119.390663,11.11982],[119.3908,11.12017],[119.390869,11.12031],[119.390938,11.12058],[119.3908,11.12079],[119.390663,11.12106],[119.390663,11.12127],[119.390732,11.12141],[119.39045,11.12155],[119.390244,11.12155],[119.389893,11.12175],[119.389893,11.1221],[119.390244,11.12203],[119.390381,11.12203],[119.39045,11.12244],[119.39045,11.12265],[119.390099,11.12279],[119.389961,11.12293],[119.389961,11.1232],[119.390167,11.12348],[119.390167,11.12362],[119.390106,11.12365],[119.389816,11.12376],[119.389961,11.12438],[119.390244,11.12445],[119.390587,11.12451],[119.3908,11.12458],[119.391006,11.12465],[119.391434,11.12465],[119.391487,11.12486],[119.392273,11.12493],[119.392677,11.125],[119.393097,11.12493],[119.393173,11.12465],[119.393173,11.12445],[119.393593,11.12438],[119.393806,11.12417],[119.393806,11.12387],[119.393806,11.12376],[119.393967,11.12359],[119.394081,11.12348],[119.393967,11.12342],[119.393806,11.12334],[119.39373,11.12313],[119.393806,11.12279],[119.393883,11.12258],[119.393806,11.12244],[119.393806,11.12217],[119.394173,11.12203]]],[[[119.391678,11.14448],[119.391113,11.14403],[119.390167,11.14409],[119.389999,11.1441],[119.389664,11.14431],[119.389664,11.14472],[119.389717,11.14528],[119.389717,11.14556],[119.389717,11.14583],[119.389931,11.14646],[119.390488,11.1466],[119.3909,11.14653],[119.391113,11.14639],[119.391457,11.1457],[119.391388,11.14556],[119.391808,11.14458],[119.391678,11.14448]]],[[[119.409126,11.17131],[119.410217,11.16771],[119.414803,11.15403],[119.414421,11.14583],[119.414169,11.14583],[119.412354,11.14514],[119.410278,11.14556],[119.409927,11.14562],[119.409653,11.14549],[119.409378,11.14521],[119.409157,11.145],[119.409019,11.14485],[119.40889,11.14472],[119.408684,11.14467],[119.408157,11.14453],[119.407654,11.14435],[119.407127,11.14422],[119.406601,11.14416],[119.406082,11.14405],[119.405434,11.14396],[119.405296,11.14334],[119.405243,11.14323],[119.405022,11.14287],[119.404877,11.14234],[119.404907,11.14171],[119.404808,11.14095],[119.404938,11.1405],[119.4049,11.14021],[119.404984,11.13996],[119.405083,11.13977],[119.405281,11.13951],[119.405296,11.13922],[119.40535,11.13892],[119.405479,11.13862],[119.405563,11.13832],[119.405647,11.13802],[119.405762,11.13777],[119.405869,11.13757],[119.405891,11.1375],[119.406036,11.13727],[119.405998,11.13719],[119.406227,11.1369],[119.406258,11.13657],[119.406387,11.1362],[119.406212,11.13551],[119.405724,11.1353],[119.405342,11.13525],[119.405151,11.13517],[119.404953,11.13524],[119.404716,11.13516],[119.404503,11.13522],[119.404259,11.1353],[119.40403,11.13529],[119.403778,11.13528],[119.403511,11.13528],[119.403236,11.13525],[119.402946,11.13517],[119.402687,11.13504],[119.402428,11.13494],[119.402191,11.13479],[119.40197,11.13461],[119.401772,11.13442],[119.401604,11.13422],[119.40139,11.13389],[119.40139,11.13361],[119.401253,11.13271],[119.400833,11.13246],[119.400558,11.1323],[119.400002,11.1325],[119.399719,11.13278],[119.399582,11.13292],[119.399384,11.1334],[119.399231,11.1337],[119.39875,11.13417],[119.3983,11.13465],[119.397858,11.13513],[119.397469,11.13565],[119.397377,11.13575],[119.397141,11.13604],[119.397057,11.13614],[119.396652,11.13662],[119.396217,11.13702],[119.395889,11.13743],[119.395721,11.13788],[119.395531,11.13832],[119.395271,11.13866],[119.394989,11.13895],[119.394707,11.13934],[119.394577,11.13975],[119.394371,11.14002],[119.39415,11.1404],[119.393883,11.14073],[119.393753,11.14101],[119.393646,11.14135],[119.393501,11.14195],[119.393387,11.14208],[119.393173,11.14232],[119.393127,11.14243],[119.39299,11.14291],[119.392776,11.14306],[119.392502,11.14333],[119.392502,11.14416],[119.393608,11.14472],[119.39389,11.14472],[119.394157,11.145],[119.394447,11.145],[119.394997,11.14556],[119.395767,11.14604],[119.396393,11.14722],[119.396446,11.14726],[119.396637,11.14763],[119.396667,11.14807],[119.396667,11.14854],[119.396622,11.14902],[119.396431,11.14949],[119.396393,11.15],[119.396439,11.15051],[119.396629,11.15096],[119.396751,11.15145],[119.39695,11.15188],[119.397133,11.1523],[119.397202,11.15271],[119.397141,11.15311],[119.39698,11.15348],[119.396896,11.15382],[119.396751,11.15413],[119.396797,11.15448],[119.39727,11.15499],[119.397476,11.15543],[119.397583,11.15561],[119.397682,11.15627],[119.397507,11.15691],[119.397369,11.15742],[119.397339,11.15753],[119.397346,11.15762],[119.397461,11.15814],[119.397499,11.15877],[119.397499,11.15939],[119.397453,11.16001],[119.39727,11.16058],[119.397217,11.16119],[119.397163,11.16178],[119.397011,11.16235],[119.39695,11.16296],[119.396896,11.16357],[119.396744,11.16412],[119.39669,11.16424],[119.396538,11.16461],[119.396599,11.16493],[119.396629,11.16511],[119.396606,11.16562],[119.39592,11.16639],[119.395813,11.16651],[119.395447,11.16693],[119.395111,11.16741],[119.395172,11.16782],[119.39518,11.16789],[119.39566,11.16811],[119.3955,11.16837],[119.395187,11.16849],[119.39463,11.16869],[119.394737,11.16936],[119.394112,11.1695],[119.394073,11.1695],[119.393623,11.17117],[119.409126,11.17131]]]]}},{"type":"Feature","properties":{"ID_0":177,"ISO":"PHL","NAME_0":"Philippines","ID_1":17053,"NAME_1":"Palawan","ID_2":1705312,"NAME_2":"El Nido (Bacuit)","ID_3":1705312006,"NAME_3":"Mabini","NL_NAME_3":null,"VARNAME_3":null,"TYPE_3":"Barangay","ENGTYPE_3":"Village","PROVINCE":"Palawan","REGION":"Mimaropa Region","id":"barangay-1705312006","name":"Mabini","barangayCode":"1705312006","population":null,"formattedPop":null,"densityCategory":"No data","vulnerabilityRating":"No data","healthRiskLevel":"No data","areaKm2":39.751292,"centerLat":11.111896,"centerLng":119.4861,"geometrySource":"all_barangay-2.csv detailed WKT","geometryMatchMethod":"psgc_coordinate_bridge","boundaryPointCount":93},"geometry":{"type":"MultiPolygon","coordinates":[[[[119.510521,11.14718],[119.510002,11.14667],[119.510002,11.14639],[119.510109,11.14628],[119.510277,11.14611],[119.50972,11.14556],[119.509453,11.14556],[119.509308,11.14569],[119.508888,11.14611],[119.508331,11.14611],[119.50811,11.14589],[119.507767,11.14556],[119.507584,11.14556],[119.5075,11.14556],[119.507263,11.14531],[119.507217,11.1453],[119.507156,11.14528],[119.506943,11.14528],[119.506844,11.14518],[119.506668,11.145],[119.506393,11.145],[119.505859,11.14448],[119.505547,11.14417],[119.505547,11.14406],[119.505547,11.14361],[119.50528,11.14333],[119.50528,11.14306],[119.504997,11.14278],[119.504997,11.1425],[119.504723,11.14222],[119.504723,11.14195],[119.504517,11.1416],[119.504379,11.14139],[119.504448,11.14111],[119.504723,11.14076],[119.504723,11.14014],[119.504448,11.13972],[119.504173,11.13944],[119.503983,11.13932],[119.503471,11.13909],[119.503403,11.13854],[119.503326,11.13833],[119.50222,11.13722],[119.50222,11.13694],[119.502502,11.13667],[119.502502,11.13611],[119.501106,11.13472],[119.5009,11.13361],[119.500832,11.13306],[119.500908,11.13281],[119.500862,11.1323],[119.500908,11.13178],[119.501053,11.13128],[119.501167,11.13075],[119.501343,11.13022],[119.501457,11.12968],[119.501663,11.12917],[119.501862,11.12866],[119.502022,11.1281],[119.502167,11.12753],[119.502296,11.12694],[119.502487,11.12637],[119.502701,11.1258],[119.502731,11.12564],[119.476898,11.08837],[119.458397,11.06168],[119.459839,11.06925],[119.464729,11.11822],[119.465103,11.13285],[119.464706,11.14476],[119.466187,11.15807],[119.467232,11.17104],[119.473549,11.17131],[119.474297,11.17052],[119.474854,11.16942],[119.474838,11.16867],[119.475159,11.16824],[119.475052,11.16775],[119.475388,11.16732],[119.475258,11.16657],[119.475616,11.16616],[119.475311,11.16529],[119.47644,11.16495],[119.477348,11.16463],[119.478119,11.16409],[119.47863,11.16273],[119.480637,11.16181],[119.482132,11.1622],[119.482262,11.16193],[119.483597,11.16052],[119.484444,11.16013],[119.486252,11.15916],[119.510521,11.14718]]]]}},{"type":"Feature","properties":{"ID_0":177,"ISO":"PHL","NAME_0":"Philippines","ID_1":17053,"NAME_1":"Palawan","ID_2":1705312,"NAME_2":"El Nido (Bacuit)","ID_3":1705312007,"NAME_3":"Manlag","NL_NAME_3":null,"VARNAME_3":null,"TYPE_3":"Barangay","ENGTYPE_3":"Village","PROVINCE":"Palawan","REGION":"Mimaropa Region","id":"barangay-1705312007","name":"Manlag","barangayCode":"1705312007","population":null,"formattedPop":null,"densityCategory":"No data","vulnerabilityRating":"No data","healthRiskLevel":"No data","areaKm2":44.673507,"centerLat":11.110213,"centerLng":119.444771,"geometrySource":"all_barangay-2.csv detailed WKT","geometryMatchMethod":"psgc_coordinate_bridge","boundaryPointCount":50},"geometry":{"type":"MultiPolygon","coordinates":[[[[119.467232,11.17104],[119.466187,11.15807],[119.464706,11.14476],[119.465103,11.13285],[119.426491,11.13532],[119.425659,11.13479],[119.425247,11.13593],[119.425407,11.13604],[119.425972,11.13618],[119.426308,11.13673],[119.426338,11.13716],[119.426262,11.13763],[119.426643,11.13816],[119.426819,11.13867],[119.426697,11.1391],[119.426437,11.13951],[119.426178,11.13993],[119.425873,11.14035],[119.425568,11.14081],[119.425278,11.14131],[119.425003,11.14183],[119.424713,11.14237],[119.424377,11.1429],[119.423988,11.14342],[119.423714,11.14399],[119.423553,11.14463],[119.423309,11.14525],[119.422943,11.14579],[119.422462,11.14628],[119.421967,11.14676],[119.421829,11.14692],[119.421539,11.14725],[119.421028,11.14754],[119.420547,11.14767],[119.420128,11.14752],[119.419724,11.14735],[119.419296,11.14717],[119.418922,11.14693],[119.418579,11.14664],[119.418266,11.14631],[119.417938,11.14602],[119.417397,11.14594],[119.416679,11.14611],[119.415932,11.14633],[119.415176,11.14639],[119.414719,11.14611],[119.414421,11.14583],[119.414803,11.15403],[119.410217,11.16771],[119.467232,11.17104]]]]}},{"type":"Feature","properties":{"ID_0":177,"ISO":"PHL","NAME_0":"Philippines","ID_1":17053,"NAME_1":"Palawan","ID_2":1705312,"NAME_2":"El Nido (Bacuit)","ID_3":1705312008,"NAME_3":"Masagana Pob.","NL_NAME_3":null,"VARNAME_3":null,"TYPE_3":"Barangay","ENGTYPE_3":"Village","PROVINCE":"Palawan","REGION":"Mimaropa Region","id":"barangay-1705312008","name":"Masagana Pob.","barangayCode":"1705312008","population":null,"formattedPop":null,"densityCategory":"No data","vulnerabilityRating":"No data","healthRiskLevel":"No data","areaKm2":1.694839,"centerLat":11.183199,"centerLng":119.397345,"geometrySource":"all_barangay-2.csv detailed WKT","geometryMatchMethod":"psgc_coordinate_bridge","boundaryPointCount":45},"geometry":{"type":"MultiPolygon","coordinates":[[[[119.390167,11.18135],[119.390427,11.18148],[119.391052,11.18197],[119.39119,11.1822],[119.391327,11.18252],[119.39151,11.18297],[119.391769,11.18333],[119.392014,11.18369],[119.392212,11.18402],[119.392357,11.18433],[119.392479,11.18462],[119.392479,11.18466],[119.392487,11.18477],[119.392487,11.18486],[119.392372,11.18507],[119.392014,11.18584],[119.392082,11.18646],[119.392502,11.1868],[119.393257,11.18722],[119.393898,11.18784],[119.394447,11.18846],[119.394943,11.18908],[119.395782,11.19012],[119.396202,11.19074],[119.396408,11.19129],[119.396729,11.19186],[119.39711,11.19253],[119.397377,11.19308],[119.397247,11.19391],[119.397133,11.19415],[119.396927,11.19452],[119.396759,11.19488],[119.396553,11.19557],[119.396477,11.19667],[119.396553,11.19702],[119.397377,11.19722],[119.397949,11.1975],[119.398308,11.19841],[119.398773,11.19905],[119.398804,11.20043],[119.398804,11.20067],[119.399887,11.20062],[119.406273,11.18071],[119.39045,11.18111],[119.390167,11.18135]]]]}},{"type":"Feature","properties":{"ID_0":177,"ISO":"PHL","NAME_0":"Philippines","ID_1":17053,"NAME_1":"Palawan","ID_2":1705312,"NAME_2":"El Nido (Bacuit)","ID_3":1705312009,"NAME_3":"New Ibajay","NL_NAME_3":null,"VARNAME_3":null,"TYPE_3":"Barangay","ENGTYPE_3":"Village","PROVINCE":"Palawan","REGION":"Mimaropa Region","id":"barangay-1705312009","name":"New Ibajay","barangayCode":"1705312009","population":null,"formattedPop":null,"densityCategory":"No data","vulnerabilityRating":"No data","healthRiskLevel":"No data","areaKm2":59.349429,"centerLat":11.18448,"centerLng":119.494577,"geometrySource":"all_barangay-2.csv detailed WKT","geometryMatchMethod":"psgc_coordinate_bridge","boundaryPointCount":151},"geometry":{"type":"MultiPolygon","coordinates":[[[[119.482094,11.22312],[119.543716,11.20065],[119.542976,11.1998],[119.542664,11.19942],[119.542603,11.19936],[119.542572,11.19932],[119.542236,11.19889],[119.541924,11.19839],[119.541656,11.19778],[119.541389,11.19778],[119.540283,11.19667],[119.5401,11.19667],[119.540001,11.19667],[119.539719,11.19639],[119.538544,11.19576],[119.539436,11.195],[119.539597,11.19496],[119.539932,11.19486],[119.540123,11.19446],[119.540207,11.19424],[119.540001,11.19389],[119.540001,11.19056],[119.539719,11.19028],[119.539719,11.1898],[119.539719,11.18833],[119.540833,11.18722],[119.540833,11.18639],[119.540413,11.18604],[119.539719,11.18611],[119.539169,11.18556],[119.539169,11.18528],[119.538887,11.185],[119.538887,11.18444],[119.538612,11.18417],[119.538612,11.18361],[119.53833,11.18333],[119.53833,11.18195],[119.538094,11.18171],[119.538063,11.18167],[119.538063,11.18139],[119.53833,11.18111],[119.538307,11.18083],[119.538498,11.18027],[119.538467,11.17988],[119.538422,11.17936],[119.538322,11.17882],[119.5383,11.17823],[119.538193,11.17762],[119.538109,11.17701],[119.538116,11.1764],[119.538269,11.17581],[119.538277,11.1755],[119.538307,11.17519],[119.538254,11.17459],[119.538017,11.17406],[119.537842,11.17367],[119.537781,11.17356],[119.537498,11.17306],[119.537216,11.17256],[119.536942,11.17205],[119.536667,11.17154],[119.536392,11.17102],[119.53611,11.17049],[119.535843,11.16996],[119.535561,11.16942],[119.535278,11.16888],[119.534981,11.16834],[119.534637,11.16782],[119.534264,11.16732],[119.53389,11.16681],[119.533493,11.1663],[119.533073,11.16582],[119.532692,11.16531],[119.532303,11.16479],[119.531937,11.16424],[119.531563,11.16371],[119.531097,11.16321],[119.530647,11.16273],[119.530212,11.16222],[119.529793,11.16169],[119.529419,11.16111],[119.529007,11.16056],[119.528572,11.16005],[119.528053,11.15961],[119.527496,11.15922],[119.526863,11.15889],[119.526108,11.15861],[119.524719,11.15722],[119.523331,11.15722],[119.523064,11.15694],[119.522781,11.15694],[119.522499,11.15667],[119.522217,11.15667],[119.521667,11.15611],[119.521393,11.15611],[119.520554,11.15528],[119.520554,11.155],[119.519447,11.15389],[119.519447,11.15378],[119.519447,11.15333],[119.519157,11.15306],[119.519157,11.15278],[119.51889,11.1525],[119.51889,11.15222],[119.518608,11.15194],[119.518608,11.15167],[119.518333,11.15139],[119.518333,11.15056],[119.51812,11.15034],[119.518059,11.15028],[119.518059,11.15],[119.517128,11.14907],[119.516113,11.14806],[119.516113,11.14779],[119.516083,11.14774],[119.515831,11.1475],[119.515266,11.1475],[119.514999,11.14722],[119.514442,11.14722],[119.513893,11.14778],[119.513496,11.14778],[119.512497,11.14778],[119.511948,11.14722],[119.510941,11.14722],[119.510559,11.14722],[119.510521,11.14718],[119.486252,11.15916],[119.484444,11.16013],[119.483597,11.16052],[119.482262,11.16193],[119.482132,11.1622],[119.480637,11.16181],[119.47863,11.16273],[119.478119,11.16409],[119.477348,11.16463],[119.47644,11.16495],[119.475311,11.16529],[119.475616,11.16616],[119.475258,11.16657],[119.475388,11.16732],[119.475052,11.16775],[119.475159,11.16824],[119.474838,11.16867],[119.474854,11.16942],[119.474297,11.17052],[119.473549,11.17131],[119.467232,11.17104],[119.469238,11.18471],[119.471718,11.19337],[119.474983,11.20379],[119.482094,11.22312]]]]}},{"type":"Feature","properties":{"ID_0":177,"ISO":"PHL","NAME_0":"Philippines","ID_1":17053,"NAME_1":"Palawan","ID_2":1705312,"NAME_2":"El Nido (Bacuit)","ID_3":1705312010,"NAME_3":"Pasadeña","NL_NAME_3":null,"VARNAME_3":"Pasadena","TYPE_3":"Barangay","ENGTYPE_3":"Village","PROVINCE":"Palawan","REGION":"Mimaropa Region","id":"barangay-1705312010","name":"Pasadeña","barangayCode":"1705312010","population":null,"formattedPop":null,"densityCategory":"No data","vulnerabilityRating":"No data","healthRiskLevel":"No data","areaKm2":54.118131,"centerLat":11.252196,"centerLng":119.448505,"geometrySource":"barangays.geojson simplified fallback","geometryMatchMethod":"simplified_fallback","boundaryPointCount":16},"geometry":{"type":"MultiPolygon","coordinates":[[[[119.40836324000009,11.249282808000032],[119.40954372200008,11.25046837800005],[119.4092990580001,11.249251963000063],[119.40836324000009,11.249282808000032]]],[[[119.41894483200008,11.294358588000023],[119.445165,11.294902],[119.47099664400002,11.26796532800006],[119.48254758000007,11.273922476000052],[119.49538782600007,11.268298022000067],[119.45952173600006,11.20681322400003],[119.41688497100006,11.216362165000021],[119.4226598350001,11.233796916000074],[119.41202628500002,11.248285181000028],[119.42062039100006,11.25694495700003],[119.41641615600008,11.282031244000052],[119.41894483200008,11.294358588000023]]]]}},{"type":"Feature","properties":{"ID_0":177,"ISO":"PHL","NAME_0":"Philippines","ID_1":17053,"NAME_1":"Palawan","ID_2":1705312,"NAME_2":"El Nido (Bacuit)","ID_3":1705312011,"NAME_3":"Maligaya Pob.","NL_NAME_3":null,"VARNAME_3":null,"TYPE_3":"Barangay","ENGTYPE_3":"Village","PROVINCE":"Palawan","REGION":"Mimaropa Region","id":"barangay-1705312011","name":"Maligaya Pob.","barangayCode":"1705312011","population":null,"formattedPop":null,"densityCategory":"No data","vulnerabilityRating":"No data","healthRiskLevel":"No data","areaKm2":0.782342,"centerLat":11.173547,"centerLng":119.390624,"geometrySource":"all_barangay-2.csv detailed WKT","geometryMatchMethod":"psgc_coordinate_bridge","boundaryPointCount":5},"geometry":{"type":"MultiPolygon","coordinates":[[[[119.39045,11.18111],[119.406273,11.18071],[119.409126,11.17131],[119.393623,11.17117],[119.39045,11.18111]]]]}},{"type":"Feature","properties":{"ID_0":177,"ISO":"PHL","NAME_0":"Philippines","ID_1":17053,"NAME_1":"Palawan","ID_2":1705312,"NAME_2":"El Nido (Bacuit)","ID_3":1705312012,"NAME_3":"San Fernando","NL_NAME_3":null,"VARNAME_3":null,"TYPE_3":"Barangay","ENGTYPE_3":"Village","PROVINCE":"Palawan","REGION":"Mimaropa Region","id":"barangay-1705312012","name":"San Fernando","barangayCode":"1705312012","population":null,"formattedPop":null,"densityCategory":"No data","vulnerabilityRating":"No data","healthRiskLevel":"No data","areaKm2":22.178862,"centerLat":11.305132,"centerLng":119.521176,"geometrySource":"all_barangay-2.csv detailed WKT","geometryMatchMethod":"psgc_coordinate_bridge","boundaryPointCount":265},"geometry":{"type":"MultiPolygon","coordinates":[[[[119.551376,11.33989],[119.551666,11.33983],[119.552254,11.33984],[119.552498,11.34],[119.553337,11.34],[119.553612,11.34028],[119.554161,11.33973],[119.554329,11.33956],[119.554443,11.33944],[119.554443,11.33917],[119.554733,11.33889],[119.554604,11.33877],[119.553886,11.33806],[119.553047,11.33806],[119.552498,11.3375],[119.552223,11.33738],[119.552071,11.33703],[119.551987,11.33664],[119.552017,11.33621],[119.552109,11.33602],[119.552208,11.3358],[119.552467,11.33542],[119.552834,11.33517],[119.553192,11.33486],[119.55352,11.33452],[119.553574,11.33446],[119.553642,11.33436],[119.553818,11.33415],[119.554077,11.33374],[119.554283,11.33325],[119.554329,11.33296],[119.554367,11.33269],[119.554382,11.33211],[119.554497,11.33153],[119.554657,11.33096],[119.55471,11.33077],[119.554764,11.33056],[119.554787,11.33038],[119.555008,11.32985],[119.555237,11.32933],[119.555443,11.32878],[119.555519,11.32819],[119.555511,11.32759],[119.555382,11.32702],[119.55513,11.32652],[119.554733,11.32612],[119.554657,11.32605],[119.554314,11.32572],[119.55426,11.32564],[119.55407,11.32538],[119.553947,11.32522],[119.553902,11.32509],[119.553719,11.32464],[119.553703,11.324],[119.553833,11.32337],[119.553947,11.32271],[119.554039,11.32205],[119.553978,11.32136],[119.553978,11.32068],[119.553947,11.32001],[119.554039,11.31939],[119.554314,11.31896],[119.554352,11.31889],[119.554901,11.31854],[119.555481,11.31843],[119.55603,11.31813],[119.556503,11.31773],[119.556892,11.31728],[119.557213,11.31678],[119.557503,11.31626],[119.557793,11.31576],[119.558113,11.31529],[119.558456,11.31489],[119.558838,11.31452],[119.559158,11.31413],[119.559464,11.31374],[119.559769,11.31338],[119.560066,11.31304],[119.560333,11.31271],[119.560547,11.3125],[119.561111,11.31194],[119.561394,11.31194],[119.561508,11.31206],[119.561668,11.31222],[119.561943,11.31222],[119.562233,11.3125],[119.5625,11.3125],[119.562767,11.31278],[119.563583,11.31278],[119.563957,11.31278],[119.564453,11.31278],[119.564453,11.31255],[119.564453,11.31222],[119.564049,11.31182],[119.563606,11.31139],[119.563332,11.31139],[119.563332,11.31111],[119.563217,11.311],[119.563057,11.31083],[119.562767,11.31083],[119.5625,11.31056],[119.562317,11.31056],[119.562233,11.31056],[119.561394,11.30972],[119.561394,11.30861],[119.561668,11.30833],[119.561668,11.30778],[119.561943,11.3075],[119.561943,11.30722],[119.561668,11.30695],[119.561668,11.30667],[119.561394,11.30639],[119.561394,11.305],[119.561668,11.30472],[119.561668,11.30083],[119.561707,11.30076],[119.561722,11.3007],[119.561249,11.3003],[119.528084,11.29522],[119.478333,11.32782],[119.510017,11.33345],[119.51004,11.33335],[119.510277,11.33277],[119.51059,11.33222],[119.510963,11.33175],[119.511391,11.33135],[119.511848,11.33098],[119.512337,11.33067],[119.512787,11.33031],[119.513222,11.32995],[119.513634,11.32955],[119.51403,11.32914],[119.51442,11.32873],[119.514793,11.32834],[119.515266,11.32804],[119.515518,11.32789],[119.515747,11.32776],[119.516159,11.32749],[119.516197,11.32746],[119.516632,11.32714],[119.517052,11.32682],[119.517563,11.32662],[119.518066,11.32651],[119.518593,11.32666],[119.518738,11.32673],[119.519089,11.3269],[119.519539,11.32722],[119.519974,11.32753],[119.520432,11.32778],[119.520752,11.3278],[119.520973,11.32781],[119.521507,11.32761],[119.522034,11.32731],[119.52256,11.32703],[119.523148,11.32683],[119.523697,11.32657],[119.524231,11.32629],[119.524773,11.32603],[119.525253,11.32568],[119.525681,11.32529],[119.526123,11.32491],[119.526581,11.32455],[119.527092,11.32425],[119.527679,11.32402],[119.528328,11.32386],[119.528893,11.32389],[119.529037,11.32389],[119.529999,11.32389],[119.529999,11.32361],[119.530037,11.32357],[119.530281,11.32333],[119.53083,11.32333],[119.531113,11.32306],[119.531387,11.32306],[119.53167,11.32278],[119.532219,11.32278],[119.532501,11.3225],[119.532784,11.3225],[119.533058,11.32222],[119.53389,11.32222],[119.53405,11.32239],[119.534157,11.3225],[119.534447,11.32222],[119.535004,11.32222],[119.535141,11.32208],[119.535278,11.32194],[119.53688,11.32194],[119.537262,11.32194],[119.537498,11.32194],[119.537613,11.32205],[119.53833,11.32278],[119.539307,11.32278],[119.539436,11.32278],[119.539597,11.32293],[119.540283,11.32361],[119.540558,11.32361],[119.540947,11.32422],[119.541237,11.3247],[119.541588,11.32504],[119.542084,11.32532],[119.542503,11.32567],[119.542557,11.32636],[119.542213,11.32677],[119.541939,11.32677],[119.541031,11.32732],[119.540894,11.3278],[119.540817,11.32822],[119.540947,11.32877],[119.541107,11.32917],[119.541946,11.33],[119.541946,11.33028],[119.542221,11.33056],[119.542221,11.33083],[119.543053,11.33167],[119.543053,11.33306],[119.544167,11.33417],[119.544167,11.33444],[119.544724,11.335],[119.544724,11.33528],[119.544998,11.33556],[119.544998,11.33583],[119.54528,11.33611],[119.54528,11.33639],[119.545563,11.33667],[119.545563,11.33722],[119.545486,11.33783],[119.545418,11.33823],[119.545403,11.33829],[119.545464,11.33879],[119.545609,11.33919],[119.545631,11.33925],[119.545929,11.33968],[119.54628,11.34008],[119.546417,11.34024],[119.546532,11.34038],[119.546631,11.34049],[119.547058,11.34085],[119.5476,11.34106],[119.54818,11.34108],[119.548714,11.341],[119.549171,11.34082],[119.549606,11.34065],[119.550041,11.34056],[119.550453,11.34048],[119.550797,11.3403],[119.551102,11.3401],[119.551376,11.33989]]],[[[119.545914,11.34472],[119.546387,11.34444],[119.546669,11.34444],[119.547783,11.34333],[119.547783,11.34306],[119.547432,11.34271],[119.547089,11.34229],[119.546669,11.3425],[119.546082,11.3426],[119.54583,11.34264],[119.544998,11.34278],[119.544724,11.34306],[119.544724,11.34361],[119.545143,11.34396],[119.545197,11.3441],[119.545418,11.34438],[119.545563,11.34472],[119.545914,11.34472]]]]}},{"type":"Feature","properties":{"ID_0":177,"ISO":"PHL","NAME_0":"Philippines","ID_1":17053,"NAME_1":"Palawan","ID_2":1705312,"NAME_2":"El Nido (Bacuit)","ID_3":1705312013,"NAME_3":"Sibaltan","NL_NAME_3":null,"VARNAME_3":null,"TYPE_3":"Barangay","ENGTYPE_3":"Village","PROVINCE":"Palawan","REGION":"Mimaropa Region","id":"barangay-1705312013","name":"Sibaltan","barangayCode":"1705312013","population":null,"formattedPop":null,"densityCategory":"No data","vulnerabilityRating":"No data","healthRiskLevel":"No data","areaKm2":37.88894,"centerLat":11.274089,"centerLng":119.538427,"geometrySource":"all_barangay-2.csv detailed WKT","geometryMatchMethod":"psgc_coordinate_bridge","boundaryPointCount":105},"geometry":{"type":"MultiPolygon","coordinates":[[[[119.561722,11.3007],[119.561798,11.30022],[119.562012,11.29972],[119.562347,11.29932],[119.562782,11.29902],[119.563316,11.29887],[119.563843,11.29866],[119.564209,11.29822],[119.564362,11.29768],[119.564667,11.29715],[119.565208,11.2967],[119.565788,11.29625],[119.566254,11.2956],[119.566582,11.29487],[119.566948,11.29416],[119.567352,11.29347],[119.567833,11.29285],[119.568237,11.29226],[119.568367,11.29164],[119.568153,11.29121],[119.567818,11.29084],[119.567657,11.29066],[119.567497,11.29046],[119.567352,11.29029],[119.567169,11.29008],[119.566811,11.28972],[119.566467,11.28935],[119.566223,11.2889],[119.566139,11.28831],[119.566162,11.28767],[119.566277,11.28703],[119.56636,11.28638],[119.566383,11.28572],[119.56633,11.28506],[119.566193,11.2844],[119.56604,11.28374],[119.565857,11.2831],[119.565697,11.28245],[119.56562,11.28179],[119.565666,11.28112],[119.565872,11.28047],[119.566032,11.27981],[119.566093,11.27911],[119.566063,11.27841],[119.565987,11.27771],[119.566078,11.27702],[119.566238,11.27635],[119.566513,11.27577],[119.566727,11.27518],[119.566887,11.27455],[119.566917,11.2739],[119.566887,11.27324],[119.566757,11.27261],[119.566643,11.27223],[119.566582,11.27201],[119.566353,11.27144],[119.566116,11.27087],[119.565903,11.2703],[119.565773,11.26968],[119.565536,11.2691],[119.565269,11.26855],[119.564987,11.268],[119.564774,11.26757],[119.564713,11.26744],[119.564522,11.26683],[119.564453,11.26616],[119.564423,11.2659],[119.564392,11.26547],[119.564247,11.26479],[119.56414,11.26409],[119.564011,11.2634],[119.563957,11.26269],[119.563873,11.26198],[119.563766,11.26127],[119.563751,11.26056],[119.56366,11.25987],[119.563591,11.25919],[119.563477,11.25852],[119.563309,11.25789],[119.563057,11.25728],[119.56279,11.25669],[119.5625,11.25611],[119.56221,11.25553],[119.561943,11.25493],[119.561668,11.25433],[119.561394,11.25372],[119.561119,11.25312],[119.560898,11.2525],[119.560837,11.25226],[119.560753,11.25188],[119.560562,11.25128],[119.560379,11.25068],[119.56028,11.25004],[119.560173,11.2494],[119.560059,11.24907],[119.559967,11.24881],[119.559723,11.24825],[119.559631,11.24809],[119.490143,11.24879],[119.493942,11.25995],[119.494057,11.26027],[119.499489,11.27619],[119.528084,11.29522],[119.561249,11.3003],[119.561722,11.3007]]]]}},{"type":"Feature","properties":{"ID_0":177,"ISO":"PHL","NAME_0":"Philippines","ID_1":17053,"NAME_1":"Palawan","ID_2":1705312,"NAME_2":"El Nido (Bacuit)","ID_3":1705312014,"NAME_3":"Teneguiban","NL_NAME_3":null,"VARNAME_3":null,"TYPE_3":"Barangay","ENGTYPE_3":"Village","PROVINCE":"Palawan","REGION":"Mimaropa Region","id":"barangay-1705312014","name":"Teneguiban","barangayCode":"1705312014","population":null,"formattedPop":null,"densityCategory":"No data","vulnerabilityRating":"No data","healthRiskLevel":"No data","areaKm2":47.346258,"centerLat":11.364583,"centerLng":119.493792,"geometrySource":"all_barangay-2.csv detailed WKT","geometryMatchMethod":"psgc_coordinate_bridge","boundaryPointCount":839},"geometry":{"type":"MultiPolygon","coordinates":[[[[119.538162,11.37389],[119.538727,11.37381],[119.538811,11.37383],[119.539307,11.37397],[119.539864,11.37394],[119.540337,11.37357],[119.540741,11.37302],[119.541031,11.37237],[119.541473,11.37243],[119.541946,11.3725],[119.542778,11.37167],[119.542503,11.37139],[119.542503,11.37111],[119.542221,11.37083],[119.541389,11.37083],[119.541107,11.37111],[119.540833,11.3712],[119.54055,11.37113],[119.540222,11.3712],[119.539864,11.37134],[119.539467,11.37134],[119.539078,11.37116],[119.538681,11.37093],[119.538338,11.37055],[119.537987,11.37012],[119.537613,11.36971],[119.537193,11.3693],[119.53672,11.36894],[119.536186,11.36864],[119.535767,11.36829],[119.53569,11.36821],[119.535553,11.36806],[119.535278,11.36778],[119.535278,11.3675],[119.535553,11.36722],[119.535553,11.36694],[119.536186,11.3663],[119.537216,11.36528],[119.537216,11.36472],[119.53688,11.36438],[119.536667,11.36417],[119.53611,11.36417],[119.535278,11.365],[119.535278,11.36528],[119.535004,11.36556],[119.535004,11.36583],[119.534721,11.36611],[119.534447,11.36611],[119.534157,11.36639],[119.533058,11.36639],[119.532478,11.36609],[119.532082,11.36595],[119.531868,11.36588],[119.531227,11.36575],[119.530617,11.36551],[119.53009,11.36513],[119.52961,11.36466],[119.52906,11.36428],[119.528458,11.36408],[119.527847,11.36408],[119.52729,11.36428],[119.526787,11.36463],[119.526657,11.36472],[119.525833,11.36556],[119.525833,11.36694],[119.525558,11.36722],[119.525558,11.36778],[119.525284,11.36806],[119.525284,11.36833],[119.524719,11.36889],[119.524719,11.36917],[119.526108,11.36917],[119.52639,11.36889],[119.526718,11.36866],[119.527382,11.36849],[119.528,11.3682],[119.528648,11.36818],[119.529259,11.36843],[119.529861,11.36871],[119.530487,11.36885],[119.530739,11.36888],[119.530792,11.36888],[119.531143,11.36891],[119.531769,11.36903],[119.532227,11.36926],[119.532349,11.36932],[119.53286,11.36972],[119.533073,11.36993],[119.533318,11.37018],[119.533653,11.37069],[119.533607,11.37111],[119.533607,11.37139],[119.533333,11.37167],[119.533333,11.37194],[119.533058,11.37222],[119.533058,11.3725],[119.533257,11.37305],[119.533333,11.37381],[119.533623,11.37436],[119.533752,11.37463],[119.534241,11.37498],[119.534813,11.37498],[119.535568,11.37505],[119.536217,11.37509],[119.536774,11.37506],[119.537231,11.37469],[119.537666,11.37423],[119.538162,11.37389]]],[[[119.455276,11.38472],[119.455002,11.38444],[119.45472,11.38472],[119.45472,11.385],[119.453888,11.38583],[119.453888,11.38694],[119.453613,11.38722],[119.453613,11.3875],[119.453331,11.38778],[119.453331,11.38833],[119.453056,11.38861],[119.453056,11.38944],[119.453331,11.38972],[119.453331,11.39],[119.453537,11.39021],[119.453888,11.39056],[119.453888,11.39083],[119.45417,11.39111],[119.454437,11.39139],[119.454437,11.39166],[119.454437,11.39195],[119.454521,11.39202],[119.455002,11.3925],[119.455559,11.3925],[119.456383,11.39167],[119.45639,11.39163],[119.45639,11.39139],[119.456421,11.39136],[119.456657,11.39111],[119.456657,11.39],[119.456947,11.38972],[119.456657,11.38944],[119.456657,11.38889],[119.456108,11.38833],[119.456108,11.38806],[119.455833,11.38778],[119.455833,11.3875],[119.455833,11.38667],[119.455627,11.38646],[119.455559,11.38639],[119.455559,11.38588],[119.455559,11.38556],[119.455833,11.38528],[119.455833,11.385],[119.455559,11.38472],[119.455276,11.38472]]],[[[119.514717,11.40111],[119.514717,11.40083],[119.513649,11.40083],[119.513611,11.40083],[119.513611,11.40111],[119.513344,11.40111],[119.513046,11.40139],[119.513046,11.40146],[119.513046,11.40167],[119.513222,11.40183],[119.513344,11.40193],[119.513344,11.40222],[119.514442,11.40333],[119.514717,11.40333],[119.514999,11.40361],[119.515556,11.40361],[119.516296,11.40308],[119.516388,11.40222],[119.515831,11.40222],[119.514717,11.40111]]],[[[119.466393,11.42167],[119.466393,11.42111],[119.465843,11.42111],[119.465553,11.42139],[119.465279,11.42111],[119.464447,11.42111],[119.463333,11.42222],[119.463333,11.4225],[119.46389,11.42306],[119.464157,11.42306],[119.464447,11.42333],[119.464722,11.42333],[119.464996,11.42361],[119.465279,11.42361],[119.465843,11.42417],[119.46611,11.42417],[119.467499,11.42556],[119.467667,11.42556],[119.467781,11.42556],[119.467934,11.4254],[119.46833,11.425],[119.46833,11.42444],[119.46788,11.42399],[119.467499,11.42361],[119.467499,11.42342],[119.467499,11.42306],[119.467216,11.42278],[119.467216,11.42222],[119.466942,11.42194],[119.466393,11.42167]]],[[[119.478333,11.42419],[119.478333,11.42333],[119.478607,11.42306],[119.478706,11.42268],[119.478867,11.42224],[119.478989,11.42177],[119.479233,11.42134],[119.479553,11.42097],[119.479973,11.42069],[119.480507,11.42055],[119.480782,11.42052],[119.481087,11.4205],[119.481667,11.42056],[119.481941,11.42056],[119.482162,11.42078],[119.48278,11.42139],[119.483612,11.42139],[119.484734,11.4225],[119.485001,11.4225],[119.485283,11.42278],[119.485832,11.42278],[119.486221,11.42317],[119.486656,11.42361],[119.487221,11.42417],[119.487823,11.42417],[119.488052,11.42417],[119.488327,11.42389],[119.488327,11.42278],[119.488052,11.4225],[119.488052,11.42222],[119.487778,11.42194],[119.487801,11.42157],[119.488037,11.42134],[119.488251,11.42106],[119.488457,11.42077],[119.488777,11.42053],[119.48912,11.42027],[119.489471,11.41996],[119.489777,11.41958],[119.490013,11.41908],[119.490196,11.41851],[119.490242,11.41789],[119.490173,11.41723],[119.490158,11.41655],[119.49044,11.41592],[119.49102,11.41549],[119.49176,11.41518],[119.492012,11.41476],[119.492233,11.41445],[119.492477,11.41424],[119.49276,11.41415],[119.493027,11.41405],[119.493294,11.41393],[119.493607,11.41389],[119.493889,11.41389],[119.494164,11.41403],[119.494507,11.41403],[119.494789,11.41403],[119.495003,11.41417],[119.495277,11.41444],[119.495277,11.41472],[119.495827,11.41528],[119.495827,11.41556],[119.496948,11.41667],[119.496948,11.41694],[119.497223,11.41722],[119.497223,11.4175],[119.498337,11.41861],[119.498611,11.41861],[119.499168,11.41868],[119.499733,11.41861],[119.500557,11.41861],[119.500832,11.41833],[119.500977,11.41819],[119.501167,11.41797],[119.501427,11.41774],[119.501984,11.41739],[119.502571,11.41707],[119.502632,11.41705],[119.503189,11.4168],[119.503799,11.4165],[119.504341,11.41611],[119.504509,11.41594],[119.504738,11.41573],[119.504807,11.41566],[119.50499,11.41526],[119.505043,11.41515],[119.505081,11.41504],[119.504959,11.41441],[119.504723,11.41378],[119.504463,11.41316],[119.504242,11.41252],[119.50412,11.41186],[119.503937,11.41124],[119.503906,11.41111],[119.503777,11.41062],[119.503593,11.41003],[119.503372,11.40946],[119.50322,11.40891],[119.503082,11.40833],[119.502983,11.40777],[119.502899,11.40738],[119.502869,11.40724],[119.502899,11.40673],[119.503143,11.40635],[119.503181,11.40629],[119.503616,11.40594],[119.503891,11.40583],[119.50415,11.40557],[119.504448,11.40556],[119.504707,11.40529],[119.504997,11.40528],[119.505722,11.40455],[119.505867,11.4044],[119.506393,11.40389],[119.506393,11.40371],[119.506393,11.40361],[119.506943,11.40306],[119.506943,11.40278],[119.507217,11.4025],[119.507217,11.40222],[119.508331,11.40111],[119.508331,11.40083],[119.508881,11.40028],[119.508888,11.39972],[119.508987,11.39944],[119.50885,11.39913],[119.508743,11.39888],[119.508682,11.39827],[119.50869,11.39763],[119.508629,11.39702],[119.508568,11.39638],[119.508476,11.39591],[119.508453,11.39577],[119.508369,11.39516],[119.508347,11.39454],[119.508377,11.39393],[119.508476,11.39331],[119.508583,11.3927],[119.508583,11.39207],[119.508469,11.39145],[119.508301,11.39084],[119.508133,11.39023],[119.508057,11.38959],[119.507988,11.38896],[119.507843,11.38835],[119.507713,11.38779],[119.50769,11.38773],[119.507446,11.38718],[119.507172,11.38664],[119.50708,11.38641],[119.506943,11.38607],[119.50676,11.38567],[119.506691,11.3855],[119.5065,11.38491],[119.506371,11.38428],[119.506233,11.38366],[119.506012,11.38307],[119.505783,11.38248],[119.505577,11.38189],[119.505432,11.38126],[119.505333,11.3807],[119.505318,11.38064],[119.50531,11.38],[119.505386,11.37938],[119.505592,11.37881],[119.505867,11.3783],[119.506187,11.37781],[119.506531,11.37735],[119.506882,11.37688],[119.507187,11.3764],[119.507477,11.37591],[119.507637,11.37541],[119.507553,11.37513],[119.507477,11.37488],[119.507233,11.37435],[119.507019,11.3738],[119.507004,11.37369],[119.50695,11.37319],[119.506943,11.37256],[119.506943,11.37193],[119.506973,11.37132],[119.507072,11.37073],[119.507263,11.3702],[119.507492,11.3697],[119.507736,11.3692],[119.507797,11.3691],[119.508003,11.36869],[119.508293,11.36822],[119.508537,11.36773],[119.508759,11.36728],[119.508789,11.36722],[119.509048,11.3667],[119.509361,11.36621],[119.509697,11.36572],[119.509857,11.36543],[119.509987,11.36521],[119.510002,11.36517],[119.510094,11.36469],[119.509888,11.36425],[119.509529,11.36385],[119.50914,11.36346],[119.508713,11.36309],[119.508247,11.36279],[119.507767,11.36278],[119.507309,11.36224],[119.507057,11.36181],[119.50708,11.36131],[119.507217,11.36079],[119.507133,11.36013],[119.50721,11.35955],[119.507309,11.35912],[119.507339,11.35898],[119.5075,11.35845],[119.507607,11.35791],[119.507507,11.35738],[119.507393,11.35683],[119.507423,11.35623],[119.507561,11.35561],[119.507721,11.35499],[119.507843,11.35437],[119.508003,11.35378],[119.508148,11.35319],[119.508293,11.35258],[119.508507,11.35199],[119.508789,11.35142],[119.509117,11.35087],[119.509438,11.35031],[119.509781,11.34975],[119.510178,11.34925],[119.510307,11.34911],[119.510628,11.3488],[119.510696,11.34871],[119.511017,11.34833],[119.511292,11.34777],[119.511368,11.34717],[119.51136,11.34655],[119.511276,11.34595],[119.511108,11.34537],[119.510933,11.34479],[119.510887,11.34415],[119.510887,11.34406],[119.510948,11.34351],[119.511047,11.34287],[119.511093,11.34223],[119.511063,11.34159],[119.511002,11.34132],[119.510933,11.34098],[119.510689,11.34042],[119.510536,11.34021],[119.510353,11.33995],[119.510002,11.33948],[119.509712,11.33899],[119.509644,11.33844],[119.50959,11.33821],[119.509567,11.33813],[119.509506,11.3379],[119.509377,11.33739],[119.509323,11.33689],[119.509308,11.33682],[119.50972,11.33638],[119.509804,11.3363],[119.510048,11.33573],[119.510117,11.3352],[119.510139,11.33512],[119.510017,11.33455],[119.509941,11.33406],[119.509933,11.33396],[119.510017,11.33345],[119.478333,11.32782],[119.465248,11.33394],[119.450943,11.34414],[119.450943,11.34425],[119.45108,11.34487],[119.451134,11.3453],[119.451149,11.34556],[119.451218,11.34632],[119.451149,11.34667],[119.451218,11.34701],[119.451332,11.3471],[119.4515,11.34722],[119.451714,11.34812],[119.452408,11.34867],[119.452507,11.34888],[119.453033,11.34917],[119.453041,11.34931],[119.453056,11.34944],[119.453278,11.34944],[119.453331,11.34944],[119.453377,11.34949],[119.453613,11.34972],[119.45417,11.34972],[119.454338,11.34956],[119.454437,11.34944],[119.455383,11.34944],[119.455559,11.34944],[119.456192,11.34881],[119.456657,11.34833],[119.45694,11.34817],[119.457603,11.34805],[119.458221,11.34824],[119.458809,11.34853],[119.459396,11.34884],[119.459976,11.34916],[119.460548,11.34948],[119.46106,11.34986],[119.46154,11.35028],[119.462013,11.3507],[119.462486,11.35107],[119.46302,11.35137],[119.464104,11.35259],[119.464653,11.35307],[119.464996,11.35355],[119.465424,11.35397],[119.465981,11.35445],[119.466537,11.355],[119.466751,11.35535],[119.467171,11.3559],[119.467453,11.35624],[119.467659,11.35659],[119.467796,11.35707],[119.467857,11.35728],[119.468224,11.35769],[119.468277,11.35831],[119.468277,11.3588],[119.468567,11.35928],[119.468597,11.3593],[119.46933,11.35997],[119.470306,11.35997],[119.470657,11.36031],[119.471077,11.36066],[119.471497,11.36114],[119.472267,11.36197],[119.472549,11.36245],[119.473038,11.36308],[119.473312,11.36349],[119.473587,11.36411],[119.473717,11.36474],[119.473732,11.3648],[119.473824,11.36493],[119.473877,11.36501],[119.473892,11.36506],[119.474037,11.36554],[119.474083,11.3657],[119.474152,11.36618],[119.474289,11.36728],[119.474777,11.36797],[119.474991,11.36818],[119.475128,11.36894],[119.475212,11.36913],[119.475693,11.37018],[119.475899,11.3708],[119.476044,11.37118],[119.476318,11.37146],[119.476463,11.37202],[119.476608,11.37342],[119.476753,11.37383],[119.476807,11.37452],[119.476952,11.37493],[119.476952,11.37693],[119.476608,11.377],[119.47612,11.3768],[119.475632,11.3768],[119.475433,11.37666],[119.475166,11.3768],[119.475037,11.37706],[119.475304,11.37757],[119.475731,11.37819],[119.476143,11.37839],[119.47641,11.3788],[119.476288,11.37902],[119.476143,11.37928],[119.475922,11.37947],[119.47583,11.38005],[119.4757,11.38057],[119.475677,11.38067],[119.475601,11.38132],[119.475212,11.38195],[119.475143,11.38203],[119.474693,11.38251],[119.474419,11.3825],[119.473999,11.38229],[119.473579,11.38264],[119.473442,11.38326],[119.473267,11.38393],[119.473267,11.38434],[119.47348,11.38489],[119.47361,11.38506],[119.473969,11.38551],[119.474037,11.38579],[119.474037,11.38627],[119.474068,11.38664],[119.47393,11.38726],[119.473877,11.38734],[119.473717,11.38754],[119.47361,11.38778],[119.47361,11.38806],[119.472504,11.38917],[119.472198,11.38912],[119.471657,11.38927],[119.471428,11.38945],[119.471382,11.38966],[119.47139,11.38989],[119.47139,11.39015],[119.47139,11.39044],[119.471367,11.39073],[119.471291,11.39103],[119.471123,11.39132],[119.471046,11.39167],[119.471451,11.39226],[119.471581,11.39297],[119.471481,11.39371],[119.471367,11.39445],[119.471207,11.39518],[119.471001,11.39589],[119.470642,11.39656],[119.470177,11.3972],[119.46962,11.39773],[119.469612,11.39794],[119.469772,11.39813],[119.469887,11.39841],[119.469917,11.39881],[119.469963,11.3992],[119.469887,11.39953],[119.469727,11.39979],[119.469551,11.40005],[119.469414,11.40035],[119.469231,11.40062],[119.469078,11.4009],[119.468857,11.40113],[119.468681,11.40132],[119.468613,11.40167],[119.46917,11.40222],[119.469276,11.40222],[119.469437,11.40222],[119.469437,11.40263],[119.469788,11.40333],[119.470169,11.40384],[119.470573,11.40422],[119.470963,11.40461],[119.471069,11.40471],[119.471352,11.405],[119.471703,11.40537],[119.471764,11.40541],[119.472122,11.40566],[119.472687,11.40577],[119.473343,11.4057],[119.47393,11.40538],[119.474541,11.40507],[119.475212,11.40493],[119.475899,11.40513],[119.475998,11.40513],[119.477097,11.40512],[119.477432,11.40512],[119.477921,11.40512],[119.478409,11.40539],[119.478683,11.40581],[119.479248,11.40643],[119.47966,11.40684],[119.479874,11.40739],[119.479942,11.40808],[119.479958,11.40827],[119.480011,11.40891],[119.479874,11.40974],[119.47966,11.41036],[119.479607,11.41041],[119.479156,11.41083],[119.479156,11.41111],[119.478607,11.41167],[119.478333,11.41167],[119.478058,11.41139],[119.477783,11.41139],[119.477783,11.41111],[119.477501,11.41083],[119.477219,11.41083],[119.476936,11.41111],[119.476936,11.41222],[119.477219,11.4125],[119.477386,11.4125],[119.477699,11.4125],[119.477608,11.41309],[119.477524,11.4132],[119.477211,11.41355],[119.476669,11.41389],[119.476387,11.41417],[119.474442,11.41417],[119.474442,11.41444],[119.474167,11.41472],[119.474167,11.41556],[119.474327,11.41572],[119.474442,11.41583],[119.474716,11.41599],[119.474716,11.41638],[119.474716,11.41658],[119.474716,11.41716],[119.474693,11.41774],[119.474617,11.4183],[119.474617,11.41887],[119.474586,11.41944],[119.474716,11.42],[119.474792,11.42054],[119.474602,11.42101],[119.474319,11.42144],[119.474159,11.42187],[119.47438,11.42233],[119.474937,11.4227],[119.475616,11.42292],[119.47583,11.42306],[119.476112,11.42278],[119.476387,11.42278],[119.476669,11.42306],[119.476669,11.42333],[119.476936,11.42361],[119.476387,11.42417],[119.47628,11.42417],[119.476112,11.42417],[119.47583,11.42444],[119.47583,11.425],[119.47596,11.42513],[119.476509,11.42568],[119.476669,11.42583],[119.476959,11.42583],[119.477219,11.42583],[119.478058,11.425],[119.478058,11.42472],[119.478233,11.42454],[119.478333,11.42444],[119.478333,11.42419]]],[[[119.498611,11.445],[119.498894,11.44472],[119.499168,11.44472],[119.499443,11.44457],[119.500053,11.44475],[119.500549,11.44467],[119.500999,11.44445],[119.501068,11.4444],[119.501427,11.44418],[119.501846,11.44391],[119.502197,11.4435],[119.502487,11.44302],[119.502747,11.44251],[119.502983,11.44197],[119.503258,11.44146],[119.503593,11.4411],[119.503632,11.44105],[119.504089,11.44072],[119.504677,11.44051],[119.505096,11.44033],[119.505272,11.44026],[119.505836,11.43995],[119.506302,11.4395],[119.506607,11.43892],[119.506737,11.43824],[119.506592,11.43757],[119.506348,11.43693],[119.506104,11.43625],[119.505867,11.43557],[119.505699,11.43489],[119.505501,11.43425],[119.505249,11.43364],[119.50499,11.43305],[119.504738,11.43246],[119.504578,11.43185],[119.504639,11.43116],[119.504662,11.43048],[119.504807,11.42981],[119.50502,11.42918],[119.505257,11.4286],[119.505493,11.42801],[119.505653,11.42743],[119.505653,11.42683],[119.505409,11.42626],[119.505119,11.42572],[119.504997,11.425],[119.504753,11.42475],[119.504723,11.42472],[119.504723,11.42464],[119.504723,11.42333],[119.503616,11.42223],[119.503326,11.42222],[119.503052,11.42194],[119.502777,11.42194],[119.502502,11.42167],[119.502419,11.42167],[119.50222,11.42167],[119.501663,11.42222],[119.501663,11.4225],[119.501389,11.42278],[119.501389,11.42444],[119.501106,11.42472],[119.501106,11.425],[119.500557,11.42556],[119.499924,11.42576],[119.499931,11.42674],[119.499931,11.42757],[119.5,11.42806],[119.5,11.42861],[119.499931,11.42923],[119.499733,11.42972],[119.499313,11.43028],[119.499367,11.43139],[119.499031,11.43195],[119.499031,11.43236],[119.498901,11.43249],[119.498627,11.43296],[119.498337,11.43361],[119.497223,11.43472],[119.497223,11.435],[119.496948,11.43528],[119.496948,11.43556],[119.496391,11.43611],[119.496391,11.43639],[119.496109,11.43667],[119.496109,11.43694],[119.495827,11.43722],[119.495827,11.4375],[119.495552,11.43778],[119.495552,11.43806],[119.495491,11.43868],[119.495506,11.43881],[119.49556,11.43924],[119.495827,11.43944],[119.496391,11.43966],[119.496674,11.44],[119.496948,11.44028],[119.496948,11.44056],[119.496391,11.44111],[119.496391,11.44139],[119.496109,11.44167],[119.496109,11.4425],[119.496384,11.4425],[119.497566,11.44347],[119.49778,11.44424],[119.498123,11.44479],[119.498611,11.445]]]]}},{"type":"Feature","properties":{"ID_0":177,"ISO":"PHL","NAME_0":"Philippines","ID_1":17053,"NAME_1":"Palawan","ID_2":1705312,"NAME_2":"El Nido (Bacuit)","ID_3":1705312015,"NAME_3":"Villa Libertad","NL_NAME_3":null,"VARNAME_3":null,"TYPE_3":"Barangay","ENGTYPE_3":"Village","PROVINCE":"Palawan","REGION":"Mimaropa Region","id":"barangay-1705312015","name":"Villa Libertad","barangayCode":"1705312015","population":null,"formattedPop":null,"densityCategory":"No data","vulnerabilityRating":"No data","healthRiskLevel":"No data","areaKm2":24.349161,"centerLat":11.195019,"centerLng":119.430647,"geometrySource":"all_barangay-2.csv detailed WKT","geometryMatchMethod":"psgc_coordinate_bridge","boundaryPointCount":55},"geometry":{"type":"MultiPolygon","coordinates":[[[[119.41732,11.21234],[119.438553,11.21588],[119.442451,11.21652],[119.482094,11.22312],[119.474983,11.20379],[119.471718,11.19337],[119.469238,11.18471],[119.467232,11.17104],[119.410217,11.16771],[119.409126,11.17131],[119.406273,11.18071],[119.399887,11.20062],[119.398804,11.20067],[119.398804,11.20105],[119.398872,11.2016],[119.399498,11.20194],[119.400414,11.20208],[119.401176,11.20208],[119.401733,11.20229],[119.402443,11.2025],[119.403084,11.20256],[119.40313,11.20257],[119.403412,11.20263],[119.404251,11.20325],[119.404533,11.2035],[119.405006,11.20395],[119.405357,11.20429],[119.405922,11.20443],[119.406273,11.20457],[119.406387,11.20458],[119.406937,11.20445],[119.409157,11.20445],[119.409554,11.2049],[119.410667,11.20524],[119.411003,11.2053],[119.411087,11.20531],[119.41172,11.20552],[119.412697,11.20587],[119.413322,11.20621],[119.41423,11.20711],[119.41436,11.20765],[119.414757,11.20781],[119.415131,11.20804],[119.415466,11.2083],[119.41571,11.20862],[119.415932,11.20895],[119.416199,11.20924],[119.416344,11.2096],[119.41655,11.21006],[119.416687,11.21048],[119.416618,11.21096],[119.416901,11.21131],[119.417183,11.21179],[119.41732,11.2122],[119.41732,11.21234]]]]}},{"type":"Feature","properties":{"ID_0":177,"ISO":"PHL","NAME_0":"Philippines","ID_1":17053,"NAME_1":"Palawan","ID_2":1705312,"NAME_2":"El Nido (Bacuit)","ID_3":1705312016,"NAME_3":"Villa Paz","NL_NAME_3":null,"VARNAME_3":null,"TYPE_3":"Barangay","ENGTYPE_3":"Village","PROVINCE":"Palawan","REGION":"Mimaropa Region","id":"barangay-1705312016","name":"Villa Paz","barangayCode":"1705312016","population":null,"formattedPop":null,"densityCategory":"No data","vulnerabilityRating":"No data","healthRiskLevel":"No data","areaKm2":37.360909,"centerLat":11.230216,"centerLng":119.518971,"geometrySource":"all_barangay-2.csv detailed WKT","geometryMatchMethod":"psgc_coordinate_bridge","boundaryPointCount":106},"geometry":{"type":"MultiPolygon","coordinates":[[[[119.559631,11.24809],[119.559464,11.24773],[119.559441,11.2477],[119.559174,11.24715],[119.558907,11.24658],[119.55867,11.24599],[119.558487,11.24536],[119.558052,11.24472],[119.55722,11.24472],[119.556664,11.24417],[119.556664,11.24389],[119.556389,11.24361],[119.556389,11.24333],[119.556664,11.24306],[119.556664,11.2425],[119.556732,11.24224],[119.556763,11.24168],[119.556763,11.24161],[119.556618,11.24101],[119.556396,11.24043],[119.556198,11.23986],[119.556137,11.2394],[119.556129,11.23926],[119.556137,11.23899],[119.556152,11.23866],[119.556236,11.23809],[119.556389,11.23754],[119.556557,11.237],[119.556808,11.23651],[119.557129,11.23608],[119.557388,11.23564],[119.557419,11.23511],[119.557388,11.23454],[119.557297,11.23396],[119.557129,11.23338],[119.556923,11.23283],[119.556679,11.23232],[119.55645,11.2318],[119.556297,11.23125],[119.556107,11.23074],[119.555901,11.23024],[119.555702,11.22972],[119.555511,11.22921],[119.555351,11.22868],[119.555344,11.22812],[119.55545,11.22756],[119.555527,11.22696],[119.555527,11.22648],[119.555527,11.22632],[119.555519,11.22613],[119.555489,11.22567],[119.555344,11.22503],[119.555283,11.22437],[119.555252,11.22394],[119.555229,11.2237],[119.555138,11.22305],[119.55513,11.22301],[119.555054,11.22239],[119.555054,11.22171],[119.555092,11.22103],[119.555038,11.22032],[119.555,11.21962],[119.554939,11.21893],[119.554863,11.2186],[119.554787,11.21827],[119.554604,11.21763],[119.554298,11.21707],[119.553993,11.21673],[119.553864,11.21659],[119.553383,11.21615],[119.552917,11.21567],[119.552513,11.21515],[119.552109,11.21461],[119.551727,11.21406],[119.551407,11.21348],[119.551109,11.21289],[119.550827,11.21229],[119.550552,11.2117],[119.550278,11.21112],[119.550003,11.21054],[119.549721,11.20998],[119.549438,11.20943],[119.549156,11.20887],[119.548897,11.20831],[119.548683,11.20775],[119.548523,11.20717],[119.548233,11.20668],[119.547791,11.20632],[119.547318,11.20598],[119.546867,11.20558],[119.546432,11.20517],[119.546013,11.20474],[119.545624,11.2043],[119.545288,11.20383],[119.545013,11.20333],[119.544762,11.20281],[119.544548,11.20227],[119.544388,11.20167],[119.544128,11.20113],[119.543793,11.20065],[119.543404,11.20022],[119.542976,11.1998],[119.543716,11.20065],[119.482094,11.22312],[119.490143,11.24879],[119.559631,11.24809]]]]}},{"type":"Feature","properties":{"ID_0":177,"ISO":"PHL","NAME_0":"Philippines","ID_1":17053,"NAME_1":"Palawan","ID_2":1705312,"NAME_2":"El Nido (Bacuit)","ID_3":1705312017,"NAME_3":"Bucana","NL_NAME_3":null,"VARNAME_3":null,"TYPE_3":"Barangay","ENGTYPE_3":"Village","PROVINCE":"Palawan","REGION":"Mimaropa Region","id":"barangay-1705312017","name":"Bucana","barangayCode":"1705312017","population":null,"formattedPop":null,"densityCategory":"No data","vulnerabilityRating":"No data","healthRiskLevel":"No data","areaKm2":21.345576,"centerLat":11.330553,"centerLng":119.448897,"geometrySource":"all_barangay-2.csv detailed WKT","geometryMatchMethod":"psgc_coordinate_bridge","boundaryPointCount":382},"geometry":{"type":"MultiPolygon","coordinates":[[[[119.413063,11.31528],[119.413261,11.31493],[119.413612,11.31493],[119.413887,11.31444],[119.413612,11.31389],[119.413612,11.31361],[119.41333,11.31326],[119.412216,11.31306],[119.411667,11.31389],[119.411667,11.31444],[119.411919,11.31469],[119.412498,11.31528],[119.412666,11.31528],[119.413063,11.31528]]],[[[119.431664,11.34639],[119.431953,11.34611],[119.43222,11.34611],[119.433327,11.345],[119.433891,11.345],[119.434174,11.34459],[119.434669,11.34466],[119.435127,11.34455],[119.435577,11.34434],[119.43602,11.3441],[119.43647,11.34386],[119.436974,11.34368],[119.437531,11.34362],[119.438057,11.34361],[119.438889,11.34361],[119.439163,11.34333],[119.441109,11.34333],[119.441391,11.34361],[119.441948,11.34361],[119.442223,11.34333],[119.442436,11.34333],[119.443047,11.34333],[119.443611,11.34278],[119.443611,11.3425],[119.443893,11.34222],[119.443893,11.34194],[119.443611,11.34167],[119.443611,11.34139],[119.443047,11.34083],[119.443047,11.34065],[119.443047,11.34056],[119.443336,11.34028],[119.443398,11.34028],[119.443611,11.34028],[119.44384,11.34019],[119.444023,11.33986],[119.444168,11.33944],[119.444168,11.33833],[119.444443,11.33806],[119.444344,11.33752],[119.443893,11.33722],[119.443893,11.33667],[119.443047,11.33583],[119.443047,11.33535],[119.443329,11.33466],[119.443527,11.33432],[119.443672,11.33411],[119.444023,11.33383],[119.444237,11.33363],[119.444397,11.33342],[119.444511,11.33328],[119.444977,11.33301],[119.445282,11.33287],[119.44577,11.3328],[119.446053,11.33266],[119.446152,11.33251],[119.44619,11.33245],[119.446609,11.33225],[119.447098,11.33211],[119.447517,11.33211],[119.448776,11.33211],[119.449623,11.33231],[119.450027,11.33231],[119.450378,11.33225],[119.450943,11.33231],[119.451286,11.33259],[119.451714,11.3328],[119.452057,11.33287],[119.452133,11.33287],[119.452682,11.33349],[119.453453,11.33425],[119.45359,11.33473],[119.453796,11.33542],[119.453659,11.33583],[119.452957,11.33618],[119.452408,11.33652],[119.452133,11.33694],[119.451988,11.33735],[119.451988,11.33761],[119.451988,11.33777],[119.451767,11.33818],[119.451767,11.33866],[119.451553,11.33889],[119.4515,11.33894],[119.451523,11.33901],[119.451569,11.33935],[119.451714,11.33984],[119.451286,11.34018],[119.45108,11.34039],[119.45108,11.34094],[119.451286,11.34149],[119.451149,11.34246],[119.450943,11.34301],[119.450943,11.34414],[119.465248,11.33394],[119.478333,11.32782],[119.419167,11.29106],[119.419167,11.29167],[119.418892,11.29194],[119.418892,11.29222],[119.419167,11.2925],[119.419167,11.29306],[119.419441,11.29333],[119.419441,11.29417],[119.419167,11.29447],[119.419167,11.29611],[119.418777,11.2965],[119.41861,11.29667],[119.41861,11.29679],[119.41861,11.29694],[119.418327,11.29722],[119.418251,11.29722],[119.418053,11.29722],[119.417221,11.29806],[119.417221,11.29851],[119.417221,11.29889],[119.417427,11.29978],[119.417229,11.3002],[119.416786,11.30048],[119.416656,11.30056],[119.416107,11.30111],[119.416107,11.30167],[119.416229,11.30178],[119.416389,11.30194],[119.416946,11.30215],[119.417152,11.30278],[119.417084,11.3034],[119.416473,11.30371],[119.416107,11.30389],[119.415833,11.30389],[119.415558,11.30417],[119.415558,11.30472],[119.415604,11.30476],[119.416389,11.30556],[119.416603,11.3059],[119.417221,11.30639],[119.417503,11.30639],[119.417732,11.30612],[119.418266,11.30643],[119.418327,11.30647],[119.418739,11.30694],[119.418808,11.30753],[119.418663,11.30811],[119.418503,11.30867],[119.418243,11.30915],[119.418053,11.30917],[119.417221,11.31],[119.416946,11.31],[119.416656,11.31028],[119.415863,11.30996],[119.415497,11.30975],[119.415222,11.3092],[119.414597,11.30913],[119.414108,11.3094],[119.41362,11.30961],[119.412987,11.30961],[119.412079,11.31002],[119.41124,11.31044],[119.410553,11.31099],[119.409988,11.31154],[119.410057,11.31209],[119.410271,11.31213],[119.411171,11.3123],[119.41201,11.31203],[119.412643,11.31189],[119.412987,11.31168],[119.413406,11.31134],[119.414108,11.31106],[119.414803,11.31106],[119.415367,11.31113],[119.415993,11.31127],[119.417038,11.3114],[119.417953,11.31175],[119.418716,11.31196],[119.419067,11.31196],[119.420479,11.31272],[119.4216,11.31327],[119.42244,11.31396],[119.423073,11.31451],[119.423973,11.31513],[119.425232,11.31679],[119.425926,11.31769],[119.42614,11.31831],[119.426353,11.31872],[119.426697,11.31927],[119.426842,11.31941],[119.426979,11.31996],[119.427177,11.32024],[119.42775,11.32114],[119.428162,11.32203],[119.428513,11.32286],[119.428658,11.32348],[119.428864,11.3241],[119.428932,11.32459],[119.429283,11.32569],[119.429352,11.32638],[119.42942,11.32728],[119.42942,11.32838],[119.429489,11.32852],[119.429573,11.32928],[119.429626,11.32955],[119.429703,11.3299],[119.430054,11.33031],[119.430328,11.33073],[119.430542,11.33135],[119.430748,11.33163],[119.430893,11.3319],[119.430962,11.33245],[119.431099,11.33314],[119.430962,11.33363],[119.430847,11.33378],[119.430817,11.33383],[119.430679,11.33445],[119.430397,11.3348],[119.430122,11.33494],[119.429703,11.33528],[119.42942,11.33556],[119.429077,11.33583],[119.429001,11.33597],[119.428673,11.33602],[119.428459,11.33648],[119.428162,11.33683],[119.427849,11.33716],[119.427544,11.33746],[119.427238,11.33776],[119.426941,11.33805],[119.426613,11.3383],[119.426239,11.33851],[119.42598,11.33874],[119.425781,11.33895],[119.425713,11.33918],[119.425957,11.33947],[119.425987,11.33951],[119.426483,11.33986],[119.427078,11.34014],[119.427696,11.34033],[119.428284,11.34025],[119.428879,11.33999],[119.429497,11.33967],[119.430153,11.33942],[119.430817,11.33957],[119.431343,11.33998],[119.431808,11.34047],[119.432259,11.34095],[119.432564,11.34152],[119.432716,11.34217],[119.432503,11.34248],[119.432503,11.34278],[119.43222,11.34306],[119.43222,11.3432],[119.43222,11.34333],[119.431953,11.34361],[119.431953,11.34389],[119.431664,11.34417],[119.431664,11.34444],[119.431389,11.34472],[119.431389,11.345],[119.431107,11.34528],[119.431107,11.34583],[119.431389,11.34611],[119.431664,11.34639]]],[[[119.418098,11.36618],[119.41787,11.36564],[119.417633,11.36505],[119.417427,11.3644],[119.417183,11.3638],[119.416817,11.36322],[119.416428,11.36264],[119.416054,11.36205],[119.415604,11.36154],[119.415192,11.361],[119.414886,11.3604],[119.414726,11.35974],[119.414597,11.35906],[119.414429,11.35841],[119.414223,11.35777],[119.414978,11.35707],[119.414597,11.35614],[119.413368,11.35629],[119.412758,11.35562],[119.4123,11.35517],[119.411888,11.35469],[119.411453,11.35427],[119.410927,11.35393],[119.410393,11.35364],[119.409843,11.35339],[119.409393,11.35308],[119.408974,11.35278],[119.408577,11.35247],[119.408257,11.35213],[119.407967,11.3518],[119.407784,11.35167],[119.407784,11.35111],[119.407921,11.3509],[119.408043,11.35014],[119.408058,11.34979],[119.407784,11.34944],[119.407501,11.34917],[119.407219,11.34917],[119.406937,11.34944],[119.406807,11.34944],[119.406677,11.34944],[119.40583,11.35028],[119.40583,11.35043],[119.40583,11.35083],[119.405563,11.35111],[119.405632,11.3515],[119.40554,11.35174],[119.405472,11.352],[119.405411,11.35209],[119.405319,11.35223],[119.405281,11.35255],[119.405281,11.35291],[119.405296,11.35323],[119.405312,11.35329],[119.405449,11.35365],[119.405533,11.35405],[119.405479,11.35449],[119.405273,11.35489],[119.404999,11.35531],[119.404716,11.35574],[119.404503,11.35618],[119.404472,11.35665],[119.404556,11.35712],[119.404259,11.35798],[119.404716,11.35871],[119.406067,11.35816],[119.406281,11.35823],[119.406761,11.35841],[119.407372,11.35874],[119.407661,11.35887],[119.407928,11.35889],[119.408241,11.35893],[119.408501,11.35905],[119.408684,11.35921],[119.40889,11.35917],[119.409508,11.35966],[119.409508,11.36014],[119.409233,11.36056],[119.409233,11.36084],[119.408951,11.36119],[119.408684,11.3616],[119.408607,11.36195],[119.408607,11.36222],[119.408234,11.36242],[119.40818,11.36292],[119.40844,11.36342],[119.408829,11.36391],[119.409264,11.3644],[119.409737,11.36487],[119.410263,11.36533],[119.410812,11.36573],[119.411179,11.36584],[119.411484,11.36594],[119.41217,11.36589],[119.41272,11.36606],[119.413239,11.36635],[119.413788,11.36659],[119.414368,11.36667],[119.414963,11.36673],[119.415543,11.3669],[119.416107,11.36713],[119.416687,11.36733],[119.416992,11.36735],[119.417328,11.36736],[119.4179,11.36713],[119.418167,11.36669],[119.418098,11.36618]]]]}},{"type":"Feature","properties":{"ID_0":177,"ISO":"PHL","NAME_0":"Philippines","ID_1":17053,"NAME_1":"Palawan","ID_2":1705312,"NAME_2":"El Nido (Bacuit)","ID_3":1705312018,"NAME_3":"Aberawan","NL_NAME_3":null,"VARNAME_3":null,"TYPE_3":"Barangay","ENGTYPE_3":"Village","PROVINCE":"Palawan","REGION":"Mimaropa Region","id":"barangay-1705312018","name":"Aberawan","barangayCode":"1705312018","population":null,"formattedPop":null,"densityCategory":"No data","vulnerabilityRating":"No data","healthRiskLevel":"No data","areaKm2":30.879541,"centerLat":11.05339,"centerLng":119.430971,"geometrySource":"all_barangay-2.csv detailed WKT","geometryMatchMethod":"psgc_coordinate_bridge","boundaryPointCount":428},"geometry":{"type":"MultiPolygon","coordinates":[[[[119.392502,11.09889],[119.393333,11.09806],[119.393608,11.09806],[119.39389,11.09778],[119.394127,11.09778],[119.39492,11.09729],[119.395027,11.09718],[119.395126,11.09709],[119.39534,11.09667],[119.39534,11.09592],[119.395409,11.09516],[119.39576,11.09474],[119.395973,11.09433],[119.396179,11.09378],[119.396599,11.09295],[119.396942,11.09246],[119.397362,11.09191],[119.397636,11.0915],[119.397926,11.09153],[119.398682,11.09162],[119.400223,11.09217],[119.400864,11.09205],[119.401283,11.09212],[119.401558,11.09219],[119.40197,11.0924],[119.40239,11.0924],[119.402672,11.09205],[119.402969,11.0918],[119.40358,11.09129],[119.404289,11.09108],[119.405006,11.09048],[119.405128,11.09039],[119.405144,11.09032],[119.405411,11.08915],[119.405968,11.08735],[119.406464,11.08661],[119.406517,11.08652],[119.406479,11.0864],[119.406441,11.08632],[119.406487,11.08626],[119.406593,11.08612],[119.406807,11.08589],[119.40686,11.08584],[119.407066,11.08556],[119.407211,11.08508],[119.407494,11.0848],[119.407669,11.08458],[119.407913,11.08425],[119.408257,11.08377],[119.40847,11.08342],[119.408821,11.08308],[119.409103,11.0826],[119.409027,11.0817],[119.409241,11.08115],[119.409241,11.0806],[119.409157,11.08011],[119.409142,11.08005],[119.408958,11.07956],[119.409103,11.07908],[119.409103,11.07866],[119.409111,11.07851],[119.409157,11.07804],[119.408958,11.07749],[119.408684,11.07701],[119.408188,11.07639],[119.407913,11.07597],[119.407631,11.07549],[119.407402,11.07536],[119.406792,11.07501],[119.406372,11.0748],[119.405769,11.07447],[119.405487,11.07419],[119.405388,11.07387],[119.405357,11.07378],[119.404716,11.07343],[119.404297,11.07371],[119.404282,11.07445],[119.404137,11.0748],[119.404213,11.07494],[119.403793,11.07494],[119.403793,11.07556],[119.403374,11.07563],[119.403053,11.07583],[119.403053,11.07611],[119.402779,11.07639],[119.402779,11.07667],[119.402496,11.07694],[119.402496,11.07722],[119.402458,11.07726],[119.402222,11.0775],[119.402222,11.07778],[119.402191,11.07781],[119.401947,11.07806],[119.401947,11.07833],[119.401917,11.07835],[119.401657,11.07861],[119.401573,11.07885],[119.401627,11.07895],[119.401703,11.07906],[119.401779,11.07919],[119.401627,11.0794],[119.401428,11.0794],[119.401291,11.0794],[119.401009,11.07968],[119.400726,11.08009],[119.400307,11.0803],[119.400169,11.0805],[119.400238,11.08078],[119.400383,11.08092],[119.400169,11.08126],[119.399887,11.08161],[119.399818,11.08188],[119.399681,11.0823],[119.399567,11.08258],[119.399544,11.08264],[119.39933,11.08299],[119.399063,11.08312],[119.398911,11.08319],[119.398216,11.08319],[119.397987,11.08322],[119.397652,11.08326],[119.397308,11.08326],[119.396606,11.08306],[119.396263,11.08278],[119.395897,11.08267],[119.395561,11.08257],[119.394928,11.08271],[119.394157,11.08361],[119.393257,11.08409],[119.392967,11.08416],[119.392693,11.08437],[119.392349,11.08464],[119.392067,11.08492],[119.39193,11.08527],[119.391838,11.08531],[119.391373,11.08554],[119.391159,11.08554],[119.39109,11.08554],[119.390739,11.08568],[119.390533,11.08596],[119.39032,11.0863],[119.390457,11.08665],[119.390617,11.08674],[119.390739,11.08699],[119.390831,11.08713],[119.390877,11.0872],[119.390739,11.08768],[119.390602,11.08809],[119.390556,11.08844],[119.390533,11.08858],[119.390419,11.08867],[119.390182,11.08885],[119.3899,11.08885],[119.389412,11.08913],[119.389107,11.08945],[119.388817,11.08925],[119.388496,11.08926],[119.388153,11.0897],[119.387413,11.09034],[119.386848,11.0913],[119.386429,11.09241],[119.386292,11.09337],[119.386429,11.09393],[119.386909,11.0937],[119.387016,11.09435],[119.38723,11.09492],[119.387459,11.09545],[119.387672,11.09593],[119.387978,11.09626],[119.388046,11.09708],[119.388046,11.09756],[119.388496,11.09779],[119.388977,11.09779],[119.389259,11.09772],[119.389748,11.09786],[119.390099,11.09807],[119.390213,11.09835],[119.390213,11.09884],[119.390282,11.09946],[119.390503,11.0998],[119.390907,11.09987],[119.391258,11.09987],[119.39196,11.09953],[119.392311,11.09918],[119.392349,11.09912],[119.392502,11.09889]]],[[[119.40667,11.10694],[119.406479,11.10675],[119.406387,11.10667],[119.406387,11.10639],[119.406113,11.10611],[119.406113,11.10508],[119.406113,11.105],[119.406059,11.10495],[119.405563,11.10444],[119.405563,11.10417],[119.405281,11.10389],[119.405281,11.10367],[119.405281,11.10333],[119.405563,11.10306],[119.405563,11.10278],[119.40583,11.1025],[119.40583,11.10194],[119.406113,11.10167],[119.406113,11.10101],[119.406113,11.09995],[119.406113,11.09833],[119.405281,11.09833],[119.404442,11.09917],[119.403603,11.09986],[119.403473,11.10041],[119.403053,11.10056],[119.402817,11.10095],[119.402962,11.10116],[119.403107,11.10143],[119.403183,11.10167],[119.403236,11.10185],[119.403236,11.10205],[119.403038,11.1024],[119.402893,11.10274],[119.402802,11.10287],[119.402687,11.10302],[119.402344,11.1035],[119.401711,11.10426],[119.401428,11.10488],[119.401291,11.1053],[119.401077,11.10585],[119.40139,11.10611],[119.401657,11.10639],[119.401466,11.10703],[119.401337,11.10751],[119.40155,11.10793],[119.402039,11.108],[119.402458,11.10779],[119.402779,11.1075],[119.403053,11.10722],[119.403343,11.10722],[119.40361,11.10694],[119.404167,11.10694],[119.404442,11.10722],[119.404716,11.10722],[119.40583,11.10833],[119.40667,11.1075],[119.40667,11.10694]]],[[[119.425247,11.13593],[119.425659,11.13479],[119.426491,11.13532],[119.465103,11.13285],[119.464729,11.11822],[119.459839,11.06925],[119.458397,11.06168],[119.448929,11.0489],[119.415848,11.07124],[119.415497,11.07127],[119.415863,11.07211],[119.415962,11.07257],[119.416,11.07273],[119.416,11.07335],[119.416138,11.0739],[119.416206,11.07459],[119.415932,11.07549],[119.415718,11.07618],[119.415314,11.07728],[119.415367,11.0777],[119.415756,11.07792],[119.415863,11.07798],[119.416351,11.07798],[119.417122,11.07818],[119.417877,11.07818],[119.418327,11.07861],[119.41861,11.07889],[119.418892,11.07889],[119.419167,11.07917],[119.419441,11.07917],[119.419998,11.07972],[119.42028,11.07972],[119.421112,11.08056],[119.421516,11.08082],[119.421867,11.08137],[119.422218,11.0822],[119.422287,11.08317],[119.422081,11.08386],[119.421867,11.08476],[119.421623,11.08533],[119.421631,11.08567],[119.421547,11.08589],[119.421516,11.08599],[119.421494,11.08634],[119.421516,11.08644],[119.421669,11.08682],[119.421707,11.08693],[119.421967,11.08761],[119.422073,11.08839],[119.421959,11.0892],[119.422119,11.08956],[119.422203,11.08989],[119.422203,11.09019],[119.421944,11.09056],[119.421867,11.09075],[119.4216,11.09146],[119.421463,11.09202],[119.421318,11.09222],[119.421249,11.09236],[119.421028,11.09264],[119.42099,11.09268],[119.420731,11.09301],[119.420593,11.09346],[119.420181,11.09375],[119.419678,11.094],[119.419258,11.09496],[119.418839,11.09565],[119.41835,11.09683],[119.418213,11.09738],[119.418198,11.09743],[119.417931,11.09841],[119.417931,11.09924],[119.418007,11.09966],[119.418282,11.10097],[119.418556,11.10159],[119.41877,11.10235],[119.418678,11.10243],[119.418587,11.1025],[119.418602,11.10296],[119.418533,11.10339],[119.418327,11.10375],[119.418297,11.1038],[119.418129,11.10409],[119.418083,11.10414],[119.417953,11.10429],[119.417877,11.10436],[119.417503,11.10444],[119.417221,11.10472],[119.416946,11.10472],[119.416389,11.10528],[119.416107,11.10528],[119.415833,11.10556],[119.415283,11.10604],[119.414963,11.10632],[119.414436,11.10681],[119.414169,11.10806],[119.413887,11.10833],[119.413887,11.10861],[119.413963,11.10896],[119.413818,11.10951],[119.41375,11.10993],[119.414093,11.11062],[119.415207,11.11097],[119.41597,11.11076],[119.416237,11.10986],[119.417084,11.10951],[119.417358,11.10889],[119.418053,11.10806],[119.41861,11.1075],[119.419441,11.1075],[119.419724,11.10722],[119.420563,11.10722],[119.421112,11.10778],[119.421387,11.10778],[119.421669,11.10806],[119.421669,11.10833],[119.421944,11.10861],[119.421944,11.10944],[119.422234,11.10972],[119.42244,11.10981],[119.422981,11.11004],[119.423126,11.11024],[119.423309,11.1105],[119.42347,11.11105],[119.423332,11.11165],[119.423073,11.11224],[119.422783,11.11284],[119.42247,11.11343],[119.422089,11.11397],[119.421593,11.11441],[119.421051,11.11485],[119.420563,11.11556],[119.420563,11.11583],[119.4207,11.11604],[119.420563,11.11653],[119.420578,11.11667],[119.420502,11.1168],[119.420631,11.117],[119.420776,11.11722],[119.420753,11.1175],[119.420647,11.11781],[119.42054,11.11816],[119.420387,11.11851],[119.420242,11.1189],[119.420036,11.11928],[119.419998,11.11975],[119.419998,11.12027],[119.419998,11.12081],[119.420013,11.12096],[119.420067,11.12138],[119.420227,11.12185],[119.420319,11.12241],[119.420387,11.12259],[119.42054,11.12296],[119.420517,11.12303],[119.420609,11.12355],[119.420723,11.12414],[119.420807,11.12474],[119.420837,11.12535],[119.420898,11.12595],[119.421066,11.1265],[119.421097,11.12705],[119.420982,11.12758],[119.420647,11.12806],[119.42028,11.12854],[119.420143,11.12882],[119.420021,11.12907],[119.420158,11.12976],[119.42067,11.1302],[119.421303,11.13044],[119.421967,11.13058],[119.4226,11.13078],[119.423019,11.13121],[119.423286,11.13175],[119.423439,11.13231],[119.423607,11.13278],[119.423607,11.13333],[119.423889,11.13361],[119.423889,11.13389],[119.424156,11.13417],[119.424156,11.13528],[119.424454,11.13556],[119.424721,11.13556],[119.425247,11.13593]]]]}}]}
