{"type":"FeatureCollection","features":[{"type":"Feature","properties":{"ID_0":177,"ISO":"PHL","NAME_0":"Philippines","ID_1":8037,"NAME_1":"Leyte","ID_2":803747,"NAME_2":"Tacloban City (Capital)","ID_3":831600006,"NAME_3":"Barangay 2","NL_NAME_3":null,"VARNAME_3":null,"TYPE_3":"Barangay","ENGTYPE_3":"Village","PROVINCE":"Leyte","REGION":"Region VIII (Eastern Visayas)","id":"barangay-0831600006","name":"Barangay 2","barangayCode":"0831600006","population":null,"formattedPop":null,"densityCategory":"No data","vulnerabilityRating":"No data","healthRiskLevel":"No data","areaKm2":0.13403,"centerLat":11.247597,"centerLng":125.007474,"geometrySource":"all_barangay-2.csv detailed WKT","geometryMatchMethod":"psgc_coordinate_bridge","boundaryPointCount":13},"geometry":{"type":"MultiPolygon","coordinates":[[[[124.993294,11.25049],[124.99353,11.25036],[124.994034,11.25013],[124.994293,11.24964],[124.994583,11.24921],[124.994499,11.24913],[124.994133,11.2487],[124.99334,11.24816],[124.992653,11.24768],[124.991928,11.24698],[124.991043,11.24795],[124.993141,11.25038],[124.993294,11.25049]]]]}},{"type":"Feature","properties":{"ID_0":177,"ISO":"PHL","NAME_0":"Philippines","ID_1":8037,"NAME_1":"Leyte","ID_2":803747,"NAME_2":"Tacloban City (Capital)","ID_3":831600008,"NAME_3":"Nula-tula","NL_NAME_3":null,"VARNAME_3":null,"TYPE_3":"Barangay","ENGTYPE_3":"Village","PROVINCE":"Leyte","REGION":"Region VIII (Eastern Visayas)","id":"barangay-0831600008","name":"Nula-tula","barangayCode":"0831600008","population":null,"formattedPop":null,"densityCategory":"No data","vulnerabilityRating":"No data","healthRiskLevel":"No data","areaKm2":0.278174,"centerLat":11.249266,"centerLng":124.970311,"geometrySource":"all_barangay-2.csv detailed WKT","geometryMatchMethod":"psgc_coordinate_bridge","boundaryPointCount":5},"geometry":{"type":"MultiPolygon","coordinates":[[[[124.981194,11.24598],[124.979919,11.23929],[124.971588,11.24253],[124.973099,11.24824],[124.981194,11.24598]]]]}},{"type":"Feature","properties":{"ID_0":177,"ISO":"PHL","NAME_0":"Philippines","ID_1":8037,"NAME_1":"Leyte","ID_2":803747,"NAME_2":"Tacloban City (Capital)","ID_3":831600010,"NAME_3":"Libertad","NL_NAME_3":null,"VARNAME_3":null,"TYPE_3":"Barangay","ENGTYPE_3":"Village","PROVINCE":"Leyte","REGION":"Region VIII (Eastern Visayas)","id":"barangay-0831600010","name":"Libertad","barangayCode":"0831600010","population":null,"formattedPop":null,"densityCategory":"No data","vulnerabilityRating":"No data","healthRiskLevel":"No data","areaKm2":0.373233,"centerLat":11.250041,"centerLng":125.004043,"geometrySource":"all_barangay-2.csv detailed WKT","geometryMatchMethod":"psgc_coordinate_bridge","boundaryPointCount":9},"geometry":{"type":"MultiPolygon","coordinates":[[[[124.992683,11.25149],[124.992706,11.25114],[124.99295,11.25068],[124.993294,11.25049],[124.993141,11.25038],[124.991043,11.24795],[124.989822,11.24896],[124.992523,11.25134],[124.992683,11.25149]]]]}},{"type":"Feature","properties":{"ID_0":177,"ISO":"PHL","NAME_0":"Philippines","ID_1":8037,"NAME_1":"Leyte","ID_2":803747,"NAME_2":"Tacloban City (Capital)","ID_3":831600011,"NAME_3":"Barangay 5","NL_NAME_3":null,"VARNAME_3":null,"TYPE_3":"Barangay","ENGTYPE_3":"Village","PROVINCE":"Leyte","REGION":"Region VIII (Eastern Visayas)","id":"barangay-0831600011","name":"Barangay 5","barangayCode":"0831600011","population":null,"formattedPop":null,"densityCategory":"No data","vulnerabilityRating":"No data","healthRiskLevel":"No data","areaKm2":0.052055,"centerLat":11.247409,"centerLng":125.003773,"geometrySource":"all_barangay-2.csv detailed WKT","geometryMatchMethod":"psgc_coordinate_bridge","boundaryPointCount":5},"geometry":{"type":"MultiPolygon","coordinates":[[[[124.99334,11.24816],[124.994873,11.24669],[124.994217,11.2463],[124.992653,11.24768],[124.99334,11.24816]]]]}},{"type":"Feature","properties":{"ID_0":177,"ISO":"PHL","NAME_0":"Philippines","ID_1":8037,"NAME_1":"Leyte","ID_2":803747,"NAME_2":"Tacloban City (Capital)","ID_3":831600012,"NAME_3":"Barangay 6","NL_NAME_3":null,"VARNAME_3":null,"TYPE_3":"Barangay","ENGTYPE_3":"Village","PROVINCE":"Leyte","REGION":"Region VIII (Eastern Visayas)","id":"barangay-0831600012","name":"Barangay 6","barangayCode":"0831600012","population":null,"formattedPop":null,"densityCategory":"No data","vulnerabilityRating":"No data","healthRiskLevel":"No data","areaKm2":0.153427,"centerLat":11.245335,"centerLng":125.005161,"geometrySource":"all_barangay-2.csv detailed WKT","geometryMatchMethod":"psgc_coordinate_bridge","boundaryPointCount":5},"geometry":{"type":"MultiPolygon","coordinates":[[[[124.995903,11.24713],[124.997009,11.24579],[124.996239,11.24536],[124.994873,11.24669],[124.995903,11.24713]]]]}},{"type":"Feature","properties":{"ID_0":177,"ISO":"PHL","NAME_0":"Philippines","ID_1":8037,"NAME_1":"Leyte","ID_2":803747,"NAME_2":"Tacloban City (Capital)","ID_3":831600014,"NAME_3":"Barangay 7","NL_NAME_3":null,"VARNAME_3":null,"TYPE_3":"Barangay","ENGTYPE_3":"Village","PROVINCE":"Leyte","REGION":"Region VIII (Eastern Visayas)","id":"barangay-0831600014","name":"Barangay 7","barangayCode":"0831600014","population":null,"formattedPop":null,"densityCategory":"No data","vulnerabilityRating":"No data","healthRiskLevel":"No data","areaKm2":0.016202,"centerLat":11.24375,"centerLng":125.002741,"geometrySource":"all_barangay-2.csv detailed WKT","geometryMatchMethod":"psgc_coordinate_bridge","boundaryPointCount":5},"geometry":{"type":"MultiPolygon","coordinates":[[[[124.997391,11.2444],[124.998459,11.24325],[124.998177,11.24284],[124.996857,11.24415],[124.997391,11.2444]]]]}},{"type":"Feature","properties":{"ID_0":177,"ISO":"PHL","NAME_0":"Philippines","ID_1":8037,"NAME_1":"Leyte","ID_2":803747,"NAME_2":"Tacloban City (Capital)","ID_3":831600015,"NAME_3":"Barangay 8","NL_NAME_3":null,"VARNAME_3":null,"TYPE_3":"Barangay","ENGTYPE_3":"Village","PROVINCE":"Leyte","REGION":"Region VIII (Eastern Visayas)","id":"barangay-0831600015","name":"Barangay 8","barangayCode":"0831600015","population":null,"formattedPop":null,"densityCategory":"No data","vulnerabilityRating":"No data","healthRiskLevel":"No data","areaKm2":0.029039,"centerLat":11.246675,"centerLng":125.002624,"geometrySource":"all_barangay-2.csv detailed WKT","geometryMatchMethod":"psgc_coordinate_bridge","boundaryPointCount":5},"geometry":{"type":"MultiPolygon","coordinates":[[[[124.993279,11.24588],[124.994217,11.2463],[124.995651,11.24494],[124.994919,11.24454],[124.993279,11.24588]]]]}},{"type":"Feature","properties":{"ID_0":177,"ISO":"PHL","NAME_0":"Philippines","ID_1":8037,"NAME_1":"Leyte","ID_2":803747,"NAME_2":"Tacloban City (Capital)","ID_3":831600018,"NAME_3":"Barangay 100","NL_NAME_3":null,"VARNAME_3":null,"TYPE_3":"Barangay","ENGTYPE_3":"Village","PROVINCE":"Leyte","REGION":"Region VIII (Eastern Visayas)","id":"barangay-0831600018","name":"Barangay 100","barangayCode":"0831600018","population":null,"formattedPop":null,"densityCategory":"No data","vulnerabilityRating":"No data","healthRiskLevel":"No data","areaKm2":6.827309,"centerLat":11.274511,"centerLng":124.942113,"geometrySource":"all_barangay-2.csv detailed WKT","geometryMatchMethod":"psgc_coordinate_bridge","boundaryPointCount":7},"geometry":{"type":"MultiPolygon","coordinates":[[[[124.907738,11.27674],[124.936279,11.27646],[124.948593,11.27634],[124.946472,11.26288],[124.921021,11.26288],[124.916237,11.26861],[124.907738,11.27674]]]]}},{"type":"Feature","properties":{"ID_0":177,"ISO":"PHL","NAME_0":"Philippines","ID_1":8037,"NAME_1":"Leyte","ID_2":803747,"NAME_2":"Tacloban City (Capital)","ID_3":831600019,"NAME_3":"Barangay 101","NL_NAME_3":null,"VARNAME_3":null,"TYPE_3":"Barangay","ENGTYPE_3":"Village","PROVINCE":"Leyte","REGION":"Region VIII (Eastern Visayas)","id":"barangay-0831600019","name":"Barangay 101","barangayCode":"0831600019","population":null,"formattedPop":null,"densityCategory":"No data","vulnerabilityRating":"No data","healthRiskLevel":"No data","areaKm2":1.420055,"centerLat":11.333273,"centerLng":124.952701,"geometrySource":"all_barangay-2.csv detailed WKT","geometryMatchMethod":"psgc_coordinate_bridge","boundaryPointCount":8},"geometry":{"type":"MultiPolygon","coordinates":[[[[124.94622,11.34016],[124.9571,11.34496],[124.963173,11.32097],[124.963074,11.32059],[124.941849,11.32621],[124.923729,11.33185],[124.936928,11.33683],[124.94622,11.34016]]]]}},{"type":"Feature","properties":{"ID_0":177,"ISO":"PHL","NAME_0":"Philippines","ID_1":8037,"NAME_1":"Leyte","ID_2":803747,"NAME_2":"Tacloban City (Capital)","ID_3":831600020,"NAME_3":"Barangay 102","NL_NAME_3":null,"VARNAME_3":null,"TYPE_3":"Barangay","ENGTYPE_3":"Village","PROVINCE":"Leyte","REGION":"Region VIII (Eastern Visayas)","id":"barangay-0831600020","name":"Barangay 102","barangayCode":"0831600020","population":null,"formattedPop":null,"densityCategory":"No data","vulnerabilityRating":"No data","healthRiskLevel":"No data","areaKm2":1.146231,"centerLat":11.334729,"centerLng":124.964269,"geometrySource":"all_barangay-2.csv detailed WKT","geometryMatchMethod":"psgc_coordinate_bridge","boundaryPointCount":71},"geometry":{"type":"MultiPolygon","coordinates":[[[[124.967331,11.344773],[124.967613,11.34441],[124.967812,11.34401],[124.968048,11.34365],[124.968246,11.3433],[124.96843,11.34294],[124.968536,11.34249],[124.968628,11.34204],[124.968758,11.34162],[124.968857,11.34124],[124.968887,11.34088],[124.968887,11.34054],[124.968849,11.34022],[124.968727,11.33995],[124.96843,11.3399],[124.968201,11.33956],[124.968384,11.33904],[124.968407,11.33886],[124.968407,11.33878],[124.968437,11.33876],[124.968933,11.33846],[124.969116,11.3382],[124.969269,11.33791],[124.96946,11.33762],[124.970467,11.3367],[124.970032,11.33569],[124.969658,11.33543],[124.969254,11.3355],[124.968857,11.33531],[124.968513,11.33513],[124.968224,11.33516],[124.967796,11.33488],[124.967461,11.33461],[124.967453,11.33376],[124.967148,11.33329],[124.966743,11.33295],[124.966408,11.33281],[124.966179,11.3327],[124.965897,11.33215],[124.965698,11.33167],[124.965431,11.33107],[124.965302,11.33043],[124.965317,11.32986],[124.965309,11.32981],[124.9655,11.32926],[124.965553,11.32875],[124.965553,11.32826],[124.965073,11.32783],[124.965332,11.32715],[124.965782,11.32664],[124.965767,11.32603],[124.965523,11.32553],[124.965317,11.32509],[124.965057,11.32481],[124.96492,11.32452],[124.964752,11.32427],[124.964653,11.32398],[124.964493,11.32373],[124.964378,11.32344],[124.964302,11.32333],[124.964211,11.32319],[124.964104,11.32289],[124.963921,11.32265],[124.963768,11.32238],[124.963623,11.32208],[124.963516,11.32173],[124.963341,11.32138],[124.963173,11.32097],[124.9571,11.34496],[124.967438,11.34439],[124.967331,11.344773]]]]}},{"type":"Feature","properties":{"ID_0":177,"ISO":"PHL","NAME_0":"Philippines","ID_1":8037,"NAME_1":"Leyte","ID_2":803747,"NAME_2":"Tacloban City (Capital)","ID_3":831600021,"NAME_3":"Barangay 103","NL_NAME_3":null,"VARNAME_3":null,"TYPE_3":"Barangay","ENGTYPE_3":"Village","PROVINCE":"Leyte","REGION":"Region VIII (Eastern Visayas)","id":"barangay-0831600021","name":"Barangay 103","barangayCode":"0831600021","population":null,"formattedPop":null,"densityCategory":"No data","vulnerabilityRating":"No data","healthRiskLevel":"No data","areaKm2":11.726524,"centerLat":11.252665,"centerLng":124.944472,"geometrySource":"all_barangay-2.csv detailed WKT","geometryMatchMethod":"psgc_coordinate_bridge","boundaryPointCount":13},"geometry":{"type":"MultiPolygon","coordinates":[[[[124.921021,11.26288],[124.946472,11.26288],[124.946037,11.25599],[124.94561,11.25351],[124.945183,11.25063],[124.942101,11.24786],[124.940804,11.2458],[124.93174,11.2449],[124.93087,11.2479],[124.929367,11.24951],[124.927002,11.2532],[124.923714,11.25809],[124.921021,11.26288]]]]}},{"type":"Feature","properties":{"ID_0":177,"ISO":"PHL","NAME_0":"Philippines","ID_1":8037,"NAME_1":"Leyte","ID_2":803747,"NAME_2":"Tacloban City (Capital)","ID_3":831600023,"NAME_3":"Barangay 104","NL_NAME_3":null,"VARNAME_3":null,"TYPE_3":"Barangay","ENGTYPE_3":"Village","PROVINCE":"Leyte","REGION":"Region VIII (Eastern Visayas)","id":"barangay-0831600023","name":"Barangay 104","barangayCode":"0831600023","population":null,"formattedPop":null,"densityCategory":"No data","vulnerabilityRating":"No data","healthRiskLevel":"No data","areaKm2":6.613024,"centerLat":11.232955,"centerLng":124.957921,"geometrySource":"all_barangay-2.csv detailed WKT","geometryMatchMethod":"psgc_coordinate_bridge","boundaryPointCount":11},"geometry":{"type":"MultiPolygon","coordinates":[[[[124.972183,11.23243],[124.972748,11.22365],[124.973091,11.2109],[124.967484,11.2142],[124.960007,11.21797],[124.954727,11.22033],[124.952492,11.22133],[124.948624,11.22349],[124.94735,11.22437],[124.95134,11.23877],[124.972183,11.23243]]]]}},{"type":"Feature","properties":{"ID_0":177,"ISO":"PHL","NAME_0":"Philippines","ID_1":8037,"NAME_1":"Leyte","ID_2":803747,"NAME_2":"Tacloban City (Capital)","ID_3":831600024,"NAME_3":"Barangay 105","NL_NAME_3":null,"VARNAME_3":null,"TYPE_3":"Barangay","ENGTYPE_3":"Village","PROVINCE":"Leyte","REGION":"Region VIII (Eastern Visayas)","id":"barangay-0831600024","name":"Barangay 105","barangayCode":"0831600024","population":null,"formattedPop":null,"densityCategory":"No data","vulnerabilityRating":"No data","healthRiskLevel":"No data","areaKm2":6.656388,"centerLat":11.31122,"centerLng":124.94451,"geometrySource":"all_barangay-2.csv detailed WKT","geometryMatchMethod":"psgc_coordinate_bridge","boundaryPointCount":39},"geometry":{"type":"MultiPolygon","coordinates":[[[[124.928726,11.31623],[124.963043,11.3205],[124.963043,11.32046],[124.962883,11.31995],[124.962791,11.31941],[124.962753,11.31889],[124.962608,11.31842],[124.962517,11.31792],[124.962502,11.31739],[124.962502,11.3169],[124.962486,11.31647],[124.962448,11.31612],[124.962273,11.31582],[124.962242,11.31552],[124.962334,11.31518],[124.962486,11.31481],[124.962593,11.31458],[124.962646,11.31442],[124.962738,11.31401],[124.962784,11.31361],[124.962799,11.31349],[124.962837,11.31323],[124.96302,11.31286],[124.96315,11.31244],[124.963333,11.31197],[124.963463,11.31169],[124.963539,11.31148],[124.963768,11.31099],[124.964012,11.31054],[124.964172,11.31004],[124.964302,11.30962],[124.964447,11.3093],[124.964577,11.309],[124.964699,11.30865],[124.964722,11.3082],[124.964722,11.30774],[124.964104,11.30788],[124.940407,11.31293],[124.928726,11.31623]]]]}},{"type":"Feature","properties":{"ID_0":177,"ISO":"PHL","NAME_0":"Philippines","ID_1":8037,"NAME_1":"Leyte","ID_2":803747,"NAME_2":"Tacloban City (Capital)","ID_3":831600025,"NAME_3":"Barangay 106","NL_NAME_3":null,"VARNAME_3":"Barangay 106 (Santo Nino)","TYPE_3":"Barangay","ENGTYPE_3":"Village","PROVINCE":"Leyte","REGION":"Region VIII (Eastern Visayas)","id":"barangay-0831600025","name":"Barangay 106","barangayCode":"0831600025","population":null,"formattedPop":null,"densityCategory":"No data","vulnerabilityRating":"No data","healthRiskLevel":"No data","areaKm2":9.290289,"centerLat":11.316542,"centerLng":124.929047,"geometrySource":"all_barangay-2.csv detailed WKT","geometryMatchMethod":"psgc_coordinate_bridge","boundaryPointCount":8},"geometry":{"type":"MultiPolygon","coordinates":[[[[124.923729,11.33185],[124.941849,11.32621],[124.963074,11.32059],[124.963043,11.3205],[124.928726,11.31623],[124.896851,11.31248],[124.896942,11.33031],[124.923729,11.33185]]]]}},{"type":"Feature","properties":{"ID_0":177,"ISO":"PHL","NAME_0":"Philippines","ID_1":8037,"NAME_1":"Leyte","ID_2":803747,"NAME_2":"Tacloban City (Capital)","ID_3":831600026,"NAME_3":"Barangay 107","NL_NAME_3":null,"VARNAME_3":null,"TYPE_3":"Barangay","ENGTYPE_3":"Village","PROVINCE":"Leyte","REGION":"Region VIII (Eastern Visayas)","id":"barangay-0831600026","name":"Barangay 107","barangayCode":"0831600026","population":null,"formattedPop":null,"densityCategory":"No data","vulnerabilityRating":"No data","healthRiskLevel":"No data","areaKm2":9.425176,"centerLat":11.326389,"centerLng":124.917771,"geometrySource":"all_barangay-2.csv detailed WKT","geometryMatchMethod":"psgc_coordinate_bridge","boundaryPointCount":7},"geometry":{"type":"MultiPolygon","coordinates":[[[[124.94622,11.34016],[124.936928,11.33683],[124.923729,11.33185],[124.896942,11.33031],[124.931633,11.34871],[124.93959,11.34421],[124.94622,11.34016]]]]}},{"type":"Feature","properties":{"ID_0":177,"ISO":"PHL","NAME_0":"Philippines","ID_1":8037,"NAME_1":"Leyte","ID_2":803747,"NAME_2":"Tacloban City (Capital)","ID_3":831600027,"NAME_3":"Barangay 108","NL_NAME_3":null,"VARNAME_3":null,"TYPE_3":"Barangay","ENGTYPE_3":"Village","PROVINCE":"Leyte","REGION":"Region VIII (Eastern Visayas)","id":"barangay-0831600027","name":"Barangay 108","barangayCode":"0831600027","population":null,"formattedPop":null,"densityCategory":"No data","vulnerabilityRating":"No data","healthRiskLevel":"No data","areaKm2":3.25513,"centerLat":11.344364,"centerLng":124.957019,"geometrySource":"all_barangay-2.csv detailed WKT","geometryMatchMethod":"psgc_coordinate_bridge","boundaryPointCount":70},"geometry":{"type":"MultiPolygon","coordinates":[[[[124.966759,11.3536],[124.96653,11.35356],[124.966316,11.35342],[124.966042,11.35335],[124.965828,11.35335],[124.965553,11.35342],[124.965134,11.35342],[124.964897,11.35343],[124.964493,11.35343],[124.964211,11.35336],[124.963997,11.35329],[124.963722,11.35308],[124.963654,11.35294],[124.96299,11.35294],[124.962708,11.35287],[124.962486,11.35267],[124.962433,11.35246],[124.962486,11.35225],[124.96257,11.35198],[124.962639,11.35177],[124.962914,11.35156],[124.963127,11.35149],[124.963547,11.35156],[124.963676,11.35163],[124.963898,11.3517],[124.964172,11.3517],[124.964592,11.35177],[124.964706,11.3519],[124.965134,11.35197],[124.965202,11.35218],[124.96534,11.35239],[124.965622,11.35259],[124.96611,11.35273],[124.966743,11.35273],[124.967018,11.35273],[124.967163,11.35266],[124.967216,11.35266],[124.967369,11.35218],[124.967216,11.35197],[124.967163,11.3519],[124.967163,11.3517],[124.967216,11.35114],[124.967293,11.3508],[124.967247,11.35073],[124.967216,11.35031],[124.967216,11.3499],[124.967201,11.34948],[124.967087,11.34907],[124.966972,11.34866],[124.966919,11.3482],[124.966873,11.34803],[124.966797,11.34775],[124.966713,11.34728],[124.966667,11.34681],[124.96669,11.34636],[124.966827,11.34596],[124.967049,11.3456],[124.967209,11.3452],[124.967247,11.34509],[124.967331,11.344773],[124.967438,11.34439],[124.9571,11.34496],[124.94622,11.34016],[124.93959,11.34421],[124.931633,11.34871],[124.937798,11.35232],[124.943764,11.35503],[124.952087,11.35454],[124.966759,11.35378],[124.966759,11.3536]]]]}},{"type":"Feature","properties":{"ID_0":177,"ISO":"PHL","NAME_0":"Philippines","ID_1":8037,"NAME_1":"Leyte","ID_2":803747,"NAME_2":"Tacloban City (Capital)","ID_3":831600032,"NAME_3":"Barangay 12","NL_NAME_3":null,"VARNAME_3":null,"TYPE_3":"Barangay","ENGTYPE_3":"Village","PROVINCE":"Leyte","REGION":"Region VIII (Eastern Visayas)","id":"barangay-0831600032","name":"Barangay 12","barangayCode":"0831600032","population":null,"formattedPop":null,"densityCategory":"No data","vulnerabilityRating":"No data","healthRiskLevel":"No data","areaKm2":0.845297,"centerLat":11.246963,"centerLng":124.954103,"geometrySource":"all_barangay-2.csv detailed WKT","geometryMatchMethod":"psgc_coordinate_bridge","boundaryPointCount":10},"geometry":{"type":"MultiPolygon","coordinates":[[[[124.946472,11.26288],[124.958008,11.26287],[124.955467,11.25402],[124.954224,11.24966],[124.940804,11.2458],[124.942101,11.24786],[124.945183,11.25063],[124.94561,11.25351],[124.946037,11.25599],[124.946472,11.26288]]]]}},{"type":"Feature","properties":{"ID_0":177,"ISO":"PHL","NAME_0":"Philippines","ID_1":8037,"NAME_1":"Leyte","ID_2":803747,"NAME_2":"Tacloban City (Capital)","ID_3":831600034,"NAME_3":"Barangay 13","NL_NAME_3":null,"VARNAME_3":null,"TYPE_3":"Barangay","ENGTYPE_3":"Village","PROVINCE":"Leyte","REGION":"Region VIII (Eastern Visayas)","id":"barangay-0831600034","name":"Barangay 13","barangayCode":"0831600034","population":null,"formattedPop":null,"densityCategory":"No data","vulnerabilityRating":"No data","healthRiskLevel":"No data","areaKm2":0.017395,"centerLat":11.246421,"centerLng":125.000667,"geometrySource":"all_barangay-2.csv detailed WKT","geometryMatchMethod":"psgc_coordinate_bridge","boundaryPointCount":10},"geometry":{"type":"MultiPolygon","coordinates":[[[[124.989822,11.24896],[124.991043,11.24795],[124.991928,11.24698],[124.993279,11.24588],[124.994919,11.24454],[124.99572,11.24363],[124.994904,11.24343],[124.990761,11.247],[124.989311,11.24834],[124.989822,11.24896]]]]}},{"type":"Feature","properties":{"ID_0":177,"ISO":"PHL","NAME_0":"Philippines","ID_1":8037,"NAME_1":"Leyte","ID_2":803747,"NAME_2":"Tacloban City (Capital)","ID_3":831600035,"NAME_3":"Barangay 14","NL_NAME_3":null,"VARNAME_3":null,"TYPE_3":"Barangay","ENGTYPE_3":"Village","PROVINCE":"Leyte","REGION":"Region VIII (Eastern Visayas)","id":"barangay-0831600035","name":"Barangay 14","barangayCode":"0831600035","population":null,"formattedPop":null,"densityCategory":"No data","vulnerabilityRating":"No data","healthRiskLevel":"No data","areaKm2":0.021913,"centerLat":11.245542,"centerLng":125.001972,"geometrySource":"all_barangay-2.csv detailed WKT","geometryMatchMethod":"psgc_coordinate_bridge","boundaryPointCount":6},"geometry":{"type":"MultiPolygon","coordinates":[[[[124.996239,11.24536],[124.996857,11.24415],[124.99572,11.24363],[124.994919,11.24454],[124.995651,11.24494],[124.996239,11.24536]]]]}},{"type":"Feature","properties":{"ID_0":177,"ISO":"PHL","NAME_0":"Philippines","ID_1":8037,"NAME_1":"Leyte","ID_2":803747,"NAME_2":"Tacloban City (Capital)","ID_3":831600036,"NAME_3":"Barangay 15","NL_NAME_3":null,"VARNAME_3":null,"TYPE_3":"Barangay","ENGTYPE_3":"Village","PROVINCE":"Leyte","REGION":"Region VIII (Eastern Visayas)","id":"barangay-0831600036","name":"Barangay 15","barangayCode":"0831600036","population":null,"formattedPop":null,"densityCategory":"No data","vulnerabilityRating":"No data","healthRiskLevel":"No data","areaKm2":0.019976,"centerLat":11.244324,"centerLng":125.003551,"geometrySource":"all_barangay-2.csv detailed WKT","geometryMatchMethod":"psgc_coordinate_bridge","boundaryPointCount":6},"geometry":{"type":"MultiPolygon","coordinates":[[[[124.996239,11.24536],[124.997009,11.24579],[124.997917,11.2447],[124.997391,11.2444],[124.996857,11.24415],[124.996239,11.24536]]]]}},{"type":"Feature","properties":{"ID_0":177,"ISO":"PHL","NAME_0":"Philippines","ID_1":8037,"NAME_1":"Leyte","ID_2":803747,"NAME_2":"Tacloban City (Capital)","ID_3":831600037,"NAME_3":"Barangay 16","NL_NAME_3":null,"VARNAME_3":null,"TYPE_3":"Barangay","ENGTYPE_3":"Village","PROVINCE":"Leyte","REGION":"Region VIII (Eastern Visayas)","id":"barangay-0831600037","name":"Barangay 16","barangayCode":"0831600037","population":null,"formattedPop":null,"densityCategory":"No data","vulnerabilityRating":"No data","healthRiskLevel":"No data","areaKm2":0.010886,"centerLat":11.245526,"centerLng":125.000337,"geometrySource":"all_barangay-2.csv detailed WKT","geometryMatchMethod":"psgc_coordinate_bridge","boundaryPointCount":5},"geometry":{"type":"MultiPolygon","coordinates":[[[[124.994904,11.24343],[124.99572,11.24363],[124.996979,11.24244],[124.996361,11.24178],[124.994904,11.24343]]]]}},{"type":"Feature","properties":{"ID_0":177,"ISO":"PHL","NAME_0":"Philippines","ID_1":8037,"NAME_1":"Leyte","ID_2":803747,"NAME_2":"Tacloban City (Capital)","ID_3":831600038,"NAME_3":"Barangay 17","NL_NAME_3":null,"VARNAME_3":null,"TYPE_3":"Barangay","ENGTYPE_3":"Village","PROVINCE":"Leyte","REGION":"Region VIII (Eastern Visayas)","id":"barangay-0831600038","name":"Barangay 17","barangayCode":"0831600038","population":null,"formattedPop":null,"densityCategory":"No data","vulnerabilityRating":"No data","healthRiskLevel":"No data","areaKm2":0.021343,"centerLat":11.244651,"centerLng":125.001547,"geometrySource":"all_barangay-2.csv detailed WKT","geometryMatchMethod":"psgc_coordinate_bridge","boundaryPointCount":5},"geometry":{"type":"MultiPolygon","coordinates":[[[[124.99572,11.24363],[124.996857,11.24415],[124.998177,11.24284],[124.996979,11.24244],[124.99572,11.24363]]]]}},{"type":"Feature","properties":{"ID_0":177,"ISO":"PHL","NAME_0":"Philippines","ID_1":8037,"NAME_1":"Leyte","ID_2":803747,"NAME_2":"Tacloban City (Capital)","ID_3":831600039,"NAME_3":"Barangay 18","NL_NAME_3":null,"VARNAME_3":null,"TYPE_3":"Barangay","ENGTYPE_3":"Village","PROVINCE":"Leyte","REGION":"Region VIII (Eastern Visayas)","id":"barangay-0831600039","name":"Barangay 18","barangayCode":"0831600039","population":null,"formattedPop":null,"densityCategory":"No data","vulnerabilityRating":"No data","healthRiskLevel":"No data","areaKm2":0.007476,"centerLat":11.243167,"centerLng":125.003466,"geometrySource":"all_barangay-2.csv detailed WKT","geometryMatchMethod":"psgc_coordinate_bridge","boundaryPointCount":5},"geometry":{"type":"MultiPolygon","coordinates":[[[[124.997917,11.2447],[124.998718,11.2439],[124.998459,11.24325],[124.997391,11.2444],[124.997917,11.2447]]]]}},{"type":"Feature","properties":{"ID_0":177,"ISO":"PHL","NAME_0":"Philippines","ID_1":8037,"NAME_1":"Leyte","ID_2":803747,"NAME_2":"Tacloban City (Capital)","ID_3":831600040,"NAME_3":"Barangay 19","NL_NAME_3":null,"VARNAME_3":null,"TYPE_3":"Barangay","ENGTYPE_3":"Village","PROVINCE":"Leyte","REGION":"Region VIII (Eastern Visayas)","id":"barangay-0831600040","name":"Barangay 19","barangayCode":"0831600040","population":null,"formattedPop":null,"densityCategory":"No data","vulnerabilityRating":"No data","healthRiskLevel":"No data","areaKm2":0.015811,"centerLat":11.244756,"centerLng":124.999684,"geometrySource":"all_barangay-2.csv detailed WKT","geometryMatchMethod":"psgc_coordinate_bridge","boundaryPointCount":5},"geometry":{"type":"MultiPolygon","coordinates":[[[[124.996361,11.24178],[124.996979,11.24244],[124.997963,11.24118],[124.997139,11.24052],[124.996361,11.24178]]]]}},{"type":"Feature","properties":{"ID_0":177,"ISO":"PHL","NAME_0":"Philippines","ID_1":8037,"NAME_1":"Leyte","ID_2":803747,"NAME_2":"Tacloban City (Capital)","ID_3":831600041,"NAME_3":"Barangay 20","NL_NAME_3":null,"VARNAME_3":null,"TYPE_3":"Barangay","ENGTYPE_3":"Village","PROVINCE":"Leyte","REGION":"Region VIII (Eastern Visayas)","id":"barangay-0831600041","name":"Barangay 20","barangayCode":"0831600041","population":null,"formattedPop":null,"densityCategory":"No data","vulnerabilityRating":"No data","healthRiskLevel":"No data","areaKm2":0.028931,"centerLat":11.243798,"centerLng":125.000847,"geometrySource":"all_barangay-2.csv detailed WKT","geometryMatchMethod":"psgc_coordinate_bridge","boundaryPointCount":6},"geometry":{"type":"MultiPolygon","coordinates":[[[[124.996979,11.24244],[124.998177,11.24284],[124.998917,11.24185],[124.998512,11.24151],[124.997963,11.24118],[124.996979,11.24244]]]]}},{"type":"Feature","properties":{"ID_0":177,"ISO":"PHL","NAME_0":"Philippines","ID_1":8037,"NAME_1":"Leyte","ID_2":803747,"NAME_2":"Tacloban City (Capital)","ID_3":831600042,"NAME_3":"Barangay 21","NL_NAME_3":null,"VARNAME_3":null,"TYPE_3":"Barangay","ENGTYPE_3":"Village","PROVINCE":"Leyte","REGION":"Region VIII (Eastern Visayas)","id":"barangay-0831600042","name":"Barangay 21","barangayCode":"0831600042","population":null,"formattedPop":null,"densityCategory":"No data","vulnerabilityRating":"No data","healthRiskLevel":"No data","areaKm2":0.025482,"centerLat":11.242839,"centerLng":125.002088,"geometrySource":"all_barangay-2.csv detailed WKT","geometryMatchMethod":"psgc_coordinate_bridge","boundaryPointCount":5},"geometry":{"type":"MultiPolygon","coordinates":[[[[124.998177,11.24284],[124.998459,11.24325],[124.999489,11.24223],[124.998917,11.24185],[124.998177,11.24284]]]]}},{"type":"Feature","properties":{"ID_0":177,"ISO":"PHL","NAME_0":"Philippines","ID_1":8037,"NAME_1":"Leyte","ID_2":803747,"NAME_2":"Tacloban City (Capital)","ID_3":831600044,"NAME_3":"Barangay 22","NL_NAME_3":null,"VARNAME_3":null,"TYPE_3":"Barangay","ENGTYPE_3":"Village","PROVINCE":"Leyte","REGION":"Region VIII (Eastern Visayas)","id":"barangay-0831600044","name":"Barangay 22","barangayCode":"0831600044","population":null,"formattedPop":null,"densityCategory":"No data","vulnerabilityRating":"No data","healthRiskLevel":"No data","areaKm2":0.012283,"centerLat":11.243861,"centerLng":124.998957,"geometrySource":"all_barangay-2.csv detailed WKT","geometryMatchMethod":"psgc_coordinate_bridge","boundaryPointCount":5},"geometry":{"type":"MultiPolygon","coordinates":[[[[124.997963,11.24118],[124.998833,11.23955],[124.997543,11.23862],[124.997139,11.24052],[124.997963,11.24118]]]]}},{"type":"Feature","properties":{"ID_0":177,"ISO":"PHL","NAME_0":"Philippines","ID_1":8037,"NAME_1":"Leyte","ID_2":803747,"NAME_2":"Tacloban City (Capital)","ID_3":831600045,"NAME_3":"Barangay 23","NL_NAME_3":null,"VARNAME_3":null,"TYPE_3":"Barangay","ENGTYPE_3":"Village","PROVINCE":"Leyte","REGION":"Region VIII (Eastern Visayas)","id":"barangay-0831600045","name":"Barangay 23","barangayCode":"0831600045","population":null,"formattedPop":null,"densityCategory":"No data","vulnerabilityRating":"No data","healthRiskLevel":"No data","areaKm2":0.03105,"centerLat":11.243144,"centerLng":124.999635,"geometrySource":"all_barangay-2.csv detailed WKT","geometryMatchMethod":"psgc_coordinate_bridge","boundaryPointCount":5},"geometry":{"type":"MultiPolygon","coordinates":[[[[124.998512,11.24151],[124.999573,11.23999],[124.998833,11.23955],[124.997963,11.24118],[124.998512,11.24151]]]]}},{"type":"Feature","properties":{"ID_0":177,"ISO":"PHL","NAME_0":"Philippines","ID_1":8037,"NAME_1":"Leyte","ID_2":803747,"NAME_2":"Tacloban City (Capital)","ID_3":831600046,"NAME_3":"Barangay 24","NL_NAME_3":null,"VARNAME_3":null,"TYPE_3":"Barangay","ENGTYPE_3":"Village","PROVINCE":"Leyte","REGION":"Region VIII (Eastern Visayas)","id":"barangay-0831600046","name":"Barangay 24","barangayCode":"0831600046","population":null,"formattedPop":null,"densityCategory":"No data","vulnerabilityRating":"No data","healthRiskLevel":"No data","areaKm2":0.024402,"centerLat":11.241676,"centerLng":125.001618,"geometrySource":"all_barangay-2.csv detailed WKT","geometryMatchMethod":"psgc_coordinate_bridge","boundaryPointCount":6},"geometry":{"type":"MultiPolygon","coordinates":[[[[125.001358,11.24231],[125.000153,11.24041],[124.998917,11.24185],[124.999489,11.24223],[125.000183,11.24285],[125.001358,11.24231]]]]}},{"type":"Feature","properties":{"ID_0":177,"ISO":"PHL","NAME_0":"Philippines","ID_1":8037,"NAME_1":"Leyte","ID_2":803747,"NAME_2":"Tacloban City (Capital)","ID_3":831600047,"NAME_3":"Barangay 25","NL_NAME_3":null,"VARNAME_3":null,"TYPE_3":"Barangay","ENGTYPE_3":"Village","PROVINCE":"Leyte","REGION":"Region VIII (Eastern Visayas)","id":"barangay-0831600047","name":"Barangay 25","barangayCode":"0831600047","population":null,"formattedPop":null,"densityCategory":"No data","vulnerabilityRating":"No data","healthRiskLevel":"No data","areaKm2":0.193134,"centerLat":11.243332,"centerLng":125.007624,"geometrySource":"all_barangay-2.csv detailed WKT","geometryMatchMethod":"psgc_coordinate_bridge","boundaryPointCount":21},"geometry":{"type":"MultiPolygon","coordinates":[[[[124.994583,11.24921],[124.994873,11.24914],[124.995323,11.24884],[124.995689,11.24865],[124.996353,11.24883],[124.996696,11.24839],[124.996674,11.24806],[124.996948,11.24806],[124.997223,11.24833],[124.997498,11.24833],[124.997841,11.24767],[124.997803,11.24765],[124.997704,11.24758],[124.997726,11.24722],[124.997787,11.2467],[124.997917,11.2447],[124.997009,11.24579],[124.995903,11.24713],[124.994133,11.2487],[124.994499,11.24913],[124.994583,11.24921]]]]}},{"type":"Feature","properties":{"ID_0":177,"ISO":"PHL","NAME_0":"Philippines","ID_1":8037,"NAME_1":"Leyte","ID_2":803747,"NAME_2":"Tacloban City (Capital)","ID_3":831600048,"NAME_3":"Barangay 26","NL_NAME_3":null,"VARNAME_3":null,"TYPE_3":"Barangay","ENGTYPE_3":"Village","PROVINCE":"Leyte","REGION":"Region VIII (Eastern Visayas)","id":"barangay-0831600048","name":"Barangay 26","barangayCode":"0831600048","population":null,"formattedPop":null,"densityCategory":"No data","vulnerabilityRating":"No data","healthRiskLevel":"No data","areaKm2":0.014188,"centerLat":11.242598,"centerLng":125.004145,"geometrySource":"all_barangay-2.csv detailed WKT","geometryMatchMethod":"psgc_coordinate_bridge","boundaryPointCount":6},"geometry":{"type":"MultiPolygon","coordinates":[[[[124.999519,11.24539],[124.999237,11.24464],[124.998718,11.2439],[124.997917,11.2447],[124.997787,11.2467],[124.999519,11.24539]]]]}},{"type":"Feature","properties":{"ID_0":177,"ISO":"PHL","NAME_0":"Philippines","ID_1":8037,"NAME_1":"Leyte","ID_2":803747,"NAME_2":"Tacloban City (Capital)","ID_3":831600049,"NAME_3":"Barangay 27","NL_NAME_3":null,"VARNAME_3":null,"TYPE_3":"Barangay","ENGTYPE_3":"Village","PROVINCE":"Leyte","REGION":"Region VIII (Eastern Visayas)","id":"barangay-0831600049","name":"Barangay 27","barangayCode":"0831600049","population":null,"formattedPop":null,"densityCategory":"No data","vulnerabilityRating":"No data","healthRiskLevel":"No data","areaKm2":0.030919,"centerLat":11.241368,"centerLng":125.005608,"geometrySource":"all_barangay-2.csv detailed WKT","geometryMatchMethod":"psgc_coordinate_bridge","boundaryPointCount":13},"geometry":{"type":"MultiPolygon","coordinates":[[[[124.997841,11.24767],[124.998466,11.24647],[124.998894,11.24654],[124.999382,11.24716],[124.999382,11.2484],[124.999451,11.24855],[124.999603,11.24647],[124.999519,11.24539],[124.997787,11.2467],[124.997726,11.24722],[124.997704,11.24758],[124.997803,11.24765],[124.997841,11.24767]]]]}},{"type":"Feature","properties":{"ID_0":177,"ISO":"PHL","NAME_0":"Philippines","ID_1":8037,"NAME_1":"Leyte","ID_2":803747,"NAME_2":"Tacloban City (Capital)","ID_3":831600050,"NAME_3":"Barangay 28","NL_NAME_3":null,"VARNAME_3":null,"TYPE_3":"Barangay","ENGTYPE_3":"Village","PROVINCE":"Leyte","REGION":"Region VIII (Eastern Visayas)","id":"barangay-0831600050","name":"Barangay 28","barangayCode":"0831600050","population":null,"formattedPop":null,"densityCategory":"No data","vulnerabilityRating":"No data","healthRiskLevel":"No data","areaKm2":0.01571,"centerLat":11.241758,"centerLng":125.003441,"geometrySource":"all_barangay-2.csv detailed WKT","geometryMatchMethod":"psgc_coordinate_bridge","boundaryPointCount":5},"geometry":{"type":"MultiPolygon","coordinates":[[[[125.000427,11.2441],[125.000183,11.24285],[124.998718,11.2439],[124.999237,11.24464],[125.000427,11.2441]]]]}},{"type":"Feature","properties":{"ID_0":177,"ISO":"PHL","NAME_0":"Philippines","ID_1":8037,"NAME_1":"Leyte","ID_2":803747,"NAME_2":"Tacloban City (Capital)","ID_3":831600051,"NAME_3":"Barangay 29","NL_NAME_3":null,"VARNAME_3":null,"TYPE_3":"Barangay","ENGTYPE_3":"Village","PROVINCE":"Leyte","REGION":"Region VIII (Eastern Visayas)","id":"barangay-0831600051","name":"Barangay 29","barangayCode":"0831600051","population":null,"formattedPop":null,"densityCategory":"No data","vulnerabilityRating":"No data","healthRiskLevel":"No data","areaKm2":0.013812,"centerLat":11.241104,"centerLng":125.004236,"geometrySource":"all_barangay-2.csv detailed WKT","geometryMatchMethod":"psgc_coordinate_bridge","boundaryPointCount":5},"geometry":{"type":"MultiPolygon","coordinates":[[[[125.000671,11.24501],[125.000427,11.2441],[124.999237,11.24464],[124.999519,11.24539],[125.000671,11.24501]]]]}},{"type":"Feature","properties":{"ID_0":177,"ISO":"PHL","NAME_0":"Philippines","ID_1":8037,"NAME_1":"Leyte","ID_2":803747,"NAME_2":"Tacloban City (Capital)","ID_3":831600052,"NAME_3":"Barangay 30","NL_NAME_3":null,"VARNAME_3":null,"TYPE_3":"Barangay","ENGTYPE_3":"Village","PROVINCE":"Leyte","REGION":"Region VIII (Eastern Visayas)","id":"barangay-0831600052","name":"Barangay 30","barangayCode":"0831600052","population":null,"formattedPop":null,"densityCategory":"No data","vulnerabilityRating":"No data","healthRiskLevel":"No data","areaKm2":0.011636,"centerLat":11.240529,"centerLng":125.004918,"geometrySource":"all_barangay-2.csv detailed WKT","geometryMatchMethod":"psgc_coordinate_bridge","boundaryPointCount":5},"geometry":{"type":"MultiPolygon","coordinates":[[[[124.999603,11.24647],[125.000603,11.24635],[125.000671,11.24501],[124.999519,11.24539],[124.999603,11.24647]]]]}},{"type":"Feature","properties":{"ID_0":177,"ISO":"PHL","NAME_0":"Philippines","ID_1":8037,"NAME_1":"Leyte","ID_2":803747,"NAME_2":"Tacloban City (Capital)","ID_3":831600053,"NAME_3":"Barangay 31","NL_NAME_3":null,"VARNAME_3":null,"TYPE_3":"Barangay","ENGTYPE_3":"Village","PROVINCE":"Leyte","REGION":"Region VIII (Eastern Visayas)","id":"barangay-0831600053","name":"Barangay 31","barangayCode":"0831600053","population":null,"formattedPop":null,"densityCategory":"No data","vulnerabilityRating":"No data","healthRiskLevel":"No data","areaKm2":0.018289,"centerLat":11.23989,"centerLng":125.005759,"geometrySource":"all_barangay-2.csv detailed WKT","geometryMatchMethod":"psgc_coordinate_bridge","boundaryPointCount":8},"geometry":{"type":"MultiPolygon","coordinates":[[[[124.999451,11.24855],[125.0,11.24972],[125.000214,11.25025],[125.000351,11.24931],[125.000504,11.24839],[125.000603,11.24635],[124.999603,11.24647],[124.999451,11.24855]]]]}},{"type":"Feature","properties":{"ID_0":177,"ISO":"PHL","NAME_0":"Philippines","ID_1":8037,"NAME_1":"Leyte","ID_2":803747,"NAME_2":"Tacloban City (Capital)","ID_3":831600054,"NAME_3":"Barangay 32","NL_NAME_3":null,"VARNAME_3":null,"TYPE_3":"Barangay","ENGTYPE_3":"Village","PROVINCE":"Leyte","REGION":"Region VIII (Eastern Visayas)","id":"barangay-0831600054","name":"Barangay 32","barangayCode":"0831600054","population":null,"formattedPop":null,"densityCategory":"No data","vulnerabilityRating":"No data","healthRiskLevel":"No data","areaKm2":0.014681,"centerLat":11.240841,"centerLng":125.002676,"geometrySource":"all_barangay-2.csv detailed WKT","geometryMatchMethod":"psgc_coordinate_bridge","boundaryPointCount":5},"geometry":{"type":"MultiPolygon","coordinates":[[[[125.000427,11.2441],[125.001701,11.24338],[125.001358,11.24231],[125.000183,11.24285],[125.000427,11.2441]]]]}},{"type":"Feature","properties":{"ID_0":177,"ISO":"PHL","NAME_0":"Philippines","ID_1":8037,"NAME_1":"Leyte","ID_2":803747,"NAME_2":"Tacloban City (Capital)","ID_3":831600055,"NAME_3":"Barangay 33","NL_NAME_3":null,"VARNAME_3":null,"TYPE_3":"Barangay","ENGTYPE_3":"Village","PROVINCE":"Leyte","REGION":"Region VIII (Eastern Visayas)","id":"barangay-0831600055","name":"Barangay 33","barangayCode":"0831600055","population":null,"formattedPop":null,"densityCategory":"No data","vulnerabilityRating":"No data","healthRiskLevel":"No data","areaKm2":0.013662,"centerLat":11.240223,"centerLng":125.003452,"geometrySource":"all_barangay-2.csv detailed WKT","geometryMatchMethod":"psgc_coordinate_bridge","boundaryPointCount":5},"geometry":{"type":"MultiPolygon","coordinates":[[[[125.001953,11.24471],[125.001701,11.24338],[125.000427,11.2441],[125.000671,11.24501],[125.001953,11.24471]]]]}},{"type":"Feature","properties":{"ID_0":177,"ISO":"PHL","NAME_0":"Philippines","ID_1":8037,"NAME_1":"Leyte","ID_2":803747,"NAME_2":"Tacloban City (Capital)","ID_3":831600056,"NAME_3":"Barangay 34","NL_NAME_3":null,"VARNAME_3":null,"TYPE_3":"Barangay","ENGTYPE_3":"Village","PROVINCE":"Leyte","REGION":"Region VIII (Eastern Visayas)","id":"barangay-0831600056","name":"Barangay 34","barangayCode":"0831600056","population":null,"formattedPop":null,"densityCategory":"No data","vulnerabilityRating":"No data","healthRiskLevel":"No data","areaKm2":0.014443,"centerLat":11.239591,"centerLng":125.004207,"geometrySource":"all_barangay-2.csv detailed WKT","geometryMatchMethod":"psgc_coordinate_bridge","boundaryPointCount":6},"geometry":{"type":"MultiPolygon","coordinates":[[[[125.001381,11.2466],[125.001991,11.24654],[125.001953,11.24471],[125.000671,11.24501],[125.000603,11.24635],[125.001381,11.2466]]]]}},{"type":"Feature","properties":{"ID_0":177,"ISO":"PHL","NAME_0":"Philippines","ID_1":8037,"NAME_1":"Leyte","ID_2":803747,"NAME_2":"Tacloban City (Capital)","ID_3":831600057,"NAME_3":"Barangay 35","NL_NAME_3":null,"VARNAME_3":null,"TYPE_3":"Barangay","ENGTYPE_3":"Village","PROVINCE":"Leyte","REGION":"Region VIII (Eastern Visayas)","id":"barangay-0831600057","name":"Barangay 35","barangayCode":"0831600057","population":null,"formattedPop":null,"densityCategory":"No data","vulnerabilityRating":"No data","healthRiskLevel":"No data","areaKm2":0.019764,"centerLat":11.239112,"centerLng":125.004864,"geometrySource":"all_barangay-2.csv detailed WKT","geometryMatchMethod":"psgc_coordinate_bridge","boundaryPointCount":5},"geometry":{"type":"MultiPolygon","coordinates":[[[[125.001266,11.24863],[125.001381,11.2466],[125.000603,11.24635],[125.000504,11.24839],[125.001266,11.24863]]]]}},{"type":"Feature","properties":{"ID_0":177,"ISO":"PHL","NAME_0":"Philippines","ID_1":8037,"NAME_1":"Leyte","ID_2":803747,"NAME_2":"Tacloban City (Capital)","ID_3":831600059,"NAME_3":"Barangay 36","NL_NAME_3":null,"VARNAME_3":null,"TYPE_3":"Barangay","ENGTYPE_3":"Village","PROVINCE":"Leyte","REGION":"Region VIII (Eastern Visayas)","id":"barangay-0831600059","name":"Barangay 36","barangayCode":"0831600059","population":null,"formattedPop":null,"densityCategory":"No data","vulnerabilityRating":"No data","healthRiskLevel":"No data","areaKm2":0.105913,"centerLat":11.247033,"centerLng":124.995421,"geometrySource":"all_barangay-2.csv detailed WKT","geometryMatchMethod":"psgc_coordinate_bridge","boundaryPointCount":6},"geometry":{"type":"MultiPolygon","coordinates":[[[[124.990761,11.247],[124.989418,11.24182],[124.988823,11.24253],[124.987068,11.24605],[124.989311,11.24834],[124.990761,11.247]]]]}},{"type":"Feature","properties":{"ID_0":177,"ISO":"PHL","NAME_0":"Philippines","ID_1":8037,"NAME_1":"Leyte","ID_2":803747,"NAME_2":"Tacloban City (Capital)","ID_3":831600060,"NAME_3":"Barangay 37","NL_NAME_3":null,"VARNAME_3":null,"TYPE_3":"Barangay","ENGTYPE_3":"Village","PROVINCE":"Leyte","REGION":"Region VIII (Eastern Visayas)","id":"barangay-0831600060","name":"Barangay 37","barangayCode":"0831600060","population":null,"formattedPop":null,"densityCategory":"No data","vulnerabilityRating":"No data","healthRiskLevel":"No data","areaKm2":0.921066,"centerLat":11.246838,"centerLng":124.997341,"geometrySource":"all_barangay-2.csv detailed WKT","geometryMatchMethod":"psgc_coordinate_bridge","boundaryPointCount":7},"geometry":{"type":"MultiPolygon","coordinates":[[[[124.996361,11.24178],[124.994667,11.2411],[124.995293,11.23941],[124.992104,11.23649],[124.990112,11.23998],[124.994904,11.24343],[124.996361,11.24178]]]]}},{"type":"Feature","properties":{"ID_0":177,"ISO":"PHL","NAME_0":"Philippines","ID_1":8037,"NAME_1":"Leyte","ID_2":803747,"NAME_2":"Tacloban City (Capital)","ID_3":831600062,"NAME_3":"Barangay 38","NL_NAME_3":null,"VARNAME_3":null,"TYPE_3":"Barangay","ENGTYPE_3":"Village","PROVINCE":"Leyte","REGION":"Region VIII (Eastern Visayas)","id":"barangay-0831600062","name":"Barangay 38","barangayCode":"0831600062","population":null,"formattedPop":null,"densityCategory":"No data","vulnerabilityRating":"No data","healthRiskLevel":"No data","areaKm2":0.023903,"centerLat":11.245651,"centerLng":124.996776,"geometrySource":"all_barangay-2.csv detailed WKT","geometryMatchMethod":"psgc_coordinate_bridge","boundaryPointCount":6},"geometry":{"type":"MultiPolygon","coordinates":[[[[124.995827,11.23776],[124.9963,11.23564],[124.993446,11.23389],[124.992104,11.23649],[124.995293,11.23941],[124.995827,11.23776]]]]}},{"type":"Feature","properties":{"ID_0":177,"ISO":"PHL","NAME_0":"Philippines","ID_1":8037,"NAME_1":"Leyte","ID_2":803747,"NAME_2":"Tacloban City (Capital)","ID_3":831600063,"NAME_3":"Barangay 39","NL_NAME_3":null,"VARNAME_3":null,"TYPE_3":"Barangay","ENGTYPE_3":"Village","PROVINCE":"Leyte","REGION":"Region VIII (Eastern Visayas)","id":"barangay-0831600063","name":"Barangay 39","barangayCode":"0831600063","population":null,"formattedPop":null,"densityCategory":"No data","vulnerabilityRating":"No data","healthRiskLevel":"No data","areaKm2":0.08511,"centerLat":11.244426,"centerLng":124.99527,"geometrySource":"all_barangay-2.csv detailed WKT","geometryMatchMethod":"psgc_coordinate_bridge","boundaryPointCount":7},"geometry":{"type":"MultiPolygon","coordinates":[[[[124.9963,11.23564],[124.996849,11.23283],[124.995842,11.23243],[124.994637,11.23197],[124.994148,11.23283],[124.993446,11.23389],[124.9963,11.23564]]]]}},{"type":"Feature","properties":{"ID_0":177,"ISO":"PHL","NAME_0":"Philippines","ID_1":8037,"NAME_1":"Leyte","ID_2":803747,"NAME_2":"Tacloban City (Capital)","ID_3":831600064,"NAME_3":"Barangay 40","NL_NAME_3":null,"VARNAME_3":null,"TYPE_3":"Barangay","ENGTYPE_3":"Village","PROVINCE":"Leyte","REGION":"Region VIII (Eastern Visayas)","id":"barangay-0831600064","name":"Barangay 40","barangayCode":"0831600064","population":null,"formattedPop":null,"densityCategory":"No data","vulnerabilityRating":"No data","healthRiskLevel":"No data","areaKm2":0.011407,"centerLat":11.245221,"centerLng":124.998777,"geometrySource":"all_barangay-2.csv detailed WKT","geometryMatchMethod":"psgc_coordinate_bridge","boundaryPointCount":5},"geometry":{"type":"MultiPolygon","coordinates":[[[[124.997139,11.24052],[124.995293,11.23941],[124.994667,11.2411],[124.996361,11.24178],[124.997139,11.24052]]]]}},{"type":"Feature","properties":{"ID_0":177,"ISO":"PHL","NAME_0":"Philippines","ID_1":8037,"NAME_1":"Leyte","ID_2":803747,"NAME_2":"Tacloban City (Capital)","ID_3":831600065,"NAME_3":"Barangay 41","NL_NAME_3":null,"VARNAME_3":null,"TYPE_3":"Barangay","ENGTYPE_3":"Village","PROVINCE":"Leyte","REGION":"Region VIII (Eastern Visayas)","id":"barangay-0831600065","name":"Barangay 41","barangayCode":"0831600065","population":null,"formattedPop":null,"densityCategory":"No data","vulnerabilityRating":"No data","healthRiskLevel":"No data","areaKm2":0.013354,"centerLat":11.244562,"centerLng":124.998119,"geometrySource":"all_barangay-2.csv detailed WKT","geometryMatchMethod":"psgc_coordinate_bridge","boundaryPointCount":5},"geometry":{"type":"MultiPolygon","coordinates":[[[[124.995293,11.23941],[124.997139,11.24052],[124.997543,11.23862],[124.995827,11.23776],[124.995293,11.23941]]]]}},{"type":"Feature","properties":{"ID_0":177,"ISO":"PHL","NAME_0":"Philippines","ID_1":8037,"NAME_1":"Leyte","ID_2":803747,"NAME_2":"Tacloban City (Capital)","ID_3":831600066,"NAME_3":"Barangay 42","NL_NAME_3":null,"VARNAME_3":null,"TYPE_3":"Barangay","ENGTYPE_3":"Village","PROVINCE":"Leyte","REGION":"Region VIII (Eastern Visayas)","id":"barangay-0831600066","name":"Barangay 42","barangayCode":"0831600066","population":null,"formattedPop":null,"densityCategory":"No data","vulnerabilityRating":"No data","healthRiskLevel":"No data","areaKm2":0.056027,"centerLat":11.243693,"centerLng":124.99748,"geometrySource":"all_barangay-2.csv detailed WKT","geometryMatchMethod":"psgc_coordinate_bridge","boundaryPointCount":5},"geometry":{"type":"MultiPolygon","coordinates":[[[[124.997543,11.23862],[124.997772,11.23653],[124.9963,11.23564],[124.995827,11.23776],[124.997543,11.23862]]]]}},{"type":"Feature","properties":{"ID_0":177,"ISO":"PHL","NAME_0":"Philippines","ID_1":8037,"NAME_1":"Leyte","ID_2":803747,"NAME_2":"Tacloban City (Capital)","ID_3":831600067,"NAME_3":"Barangay 43","NL_NAME_3":null,"VARNAME_3":null,"TYPE_3":"Barangay","ENGTYPE_3":"Village","PROVINCE":"Leyte","REGION":"Region VIII (Eastern Visayas)","id":"barangay-0831600067","name":"Barangay 43","barangayCode":"0831600067","population":null,"formattedPop":null,"densityCategory":"No data","vulnerabilityRating":"No data","healthRiskLevel":"No data","areaKm2":0.300932,"centerLat":11.242888,"centerLng":124.998217,"geometrySource":"all_barangay-2.csv detailed WKT","geometryMatchMethod":"psgc_coordinate_bridge","boundaryPointCount":5},"geometry":{"type":"MultiPolygon","coordinates":[[[[124.998833,11.23955],[124.999153,11.23781],[124.997772,11.23653],[124.997543,11.23862],[124.998833,11.23955]]]]}},{"type":"Feature","properties":{"ID_0":177,"ISO":"PHL","NAME_0":"Philippines","ID_1":8037,"NAME_1":"Leyte","ID_2":803747,"NAME_2":"Tacloban City (Capital)","ID_3":831600070,"NAME_3":"Barangay 44","NL_NAME_3":null,"VARNAME_3":null,"TYPE_3":"Barangay","ENGTYPE_3":"Village","PROVINCE":"Leyte","REGION":"Region VIII (Eastern Visayas)","id":"barangay-0831600070","name":"Barangay 44","barangayCode":"0831600070","population":null,"formattedPop":null,"densityCategory":"No data","vulnerabilityRating":"No data","healthRiskLevel":"No data","areaKm2":0.080359,"centerLat":11.240714,"centerLng":124.999105,"geometrySource":"all_barangay-2.csv detailed WKT","geometryMatchMethod":"psgc_coordinate_bridge","boundaryPointCount":5},"geometry":{"type":"MultiPolygon","coordinates":[[[[125.000793,11.23926],[125.001633,11.23782],[125.000587,11.23674],[125.000053,11.23854],[125.000793,11.23926]]]]}},{"type":"Feature","properties":{"ID_0":177,"ISO":"PHL","NAME_0":"Philippines","ID_1":8037,"NAME_1":"Leyte","ID_2":803747,"NAME_2":"Tacloban City (Capital)","ID_3":831600072,"NAME_3":"Barangay 45","NL_NAME_3":null,"VARNAME_3":null,"TYPE_3":"Barangay","ENGTYPE_3":"Village","PROVINCE":"Leyte","REGION":"Region VIII (Eastern Visayas)","id":"barangay-0831600072","name":"Barangay 45","barangayCode":"0831600072","population":null,"formattedPop":null,"densityCategory":"No data","vulnerabilityRating":"No data","healthRiskLevel":"No data","areaKm2":0.036274,"centerLat":11.239948,"centerLng":125.001474,"geometrySource":"all_barangay-2.csv detailed WKT","geometryMatchMethod":"psgc_coordinate_bridge","boundaryPointCount":6},"geometry":{"type":"MultiPolygon","coordinates":[[[[125.001358,11.24231],[125.003159,11.2396],[125.001633,11.23782],[125.000793,11.23926],[125.000153,11.24041],[125.001358,11.24231]]]]}},{"type":"Feature","properties":{"ID_0":177,"ISO":"PHL","NAME_0":"Philippines","ID_1":8037,"NAME_1":"Leyte","ID_2":803747,"NAME_2":"Tacloban City (Capital)","ID_3":831600073,"NAME_3":"Barangay 46","NL_NAME_3":null,"VARNAME_3":null,"TYPE_3":"Barangay","ENGTYPE_3":"Village","PROVINCE":"Leyte","REGION":"Region VIII (Eastern Visayas)","id":"barangay-0831600073","name":"Barangay 46","barangayCode":"0831600073","population":null,"formattedPop":null,"densityCategory":"No data","vulnerabilityRating":"No data","healthRiskLevel":"No data","areaKm2":0.017492,"centerLat":11.239181,"centerLng":125.002541,"geometrySource":"all_barangay-2.csv detailed WKT","geometryMatchMethod":"psgc_coordinate_bridge","boundaryPointCount":8},"geometry":{"type":"MultiPolygon","coordinates":[[[[125.001701,11.24338],[125.001892,11.2429],[125.002319,11.24171],[125.003281,11.24121],[125.004181,11.24102],[125.003159,11.2396],[125.001358,11.24231],[125.001701,11.24338]]]]}},{"type":"Feature","properties":{"ID_0":177,"ISO":"PHL","NAME_0":"Philippines","ID_1":8037,"NAME_1":"Leyte","ID_2":803747,"NAME_2":"Tacloban City (Capital)","ID_3":831600074,"NAME_3":"Barangay 47","NL_NAME_3":null,"VARNAME_3":null,"TYPE_3":"Barangay","ENGTYPE_3":"Village","PROVINCE":"Leyte","REGION":"Region VIII (Eastern Visayas)","id":"barangay-0831600074","name":"Barangay 47","barangayCode":"0831600074","population":null,"formattedPop":null,"densityCategory":"No data","vulnerabilityRating":"No data","healthRiskLevel":"No data","areaKm2":0.032966,"centerLat":11.238271,"centerLng":125.003222,"geometrySource":"all_barangay-2.csv detailed WKT","geometryMatchMethod":"psgc_coordinate_bridge","boundaryPointCount":6},"geometry":{"type":"MultiPolygon","coordinates":[[[[125.002968,11.24663],[125.002762,11.24483],[125.002792,11.24382],[125.001953,11.24471],[125.001991,11.24654],[125.002968,11.24663]]]]}},{"type":"Feature","properties":{"ID_0":177,"ISO":"PHL","NAME_0":"Philippines","ID_1":8037,"NAME_1":"Leyte","ID_2":803747,"NAME_2":"Tacloban City (Capital)","ID_3":831600075,"NAME_3":"Barangay 48","NL_NAME_3":null,"VARNAME_3":null,"TYPE_3":"Barangay","ENGTYPE_3":"Village","PROVINCE":"Leyte","REGION":"Region VIII (Eastern Visayas)","id":"barangay-0831600075","name":"Barangay 48","barangayCode":"0831600075","population":null,"formattedPop":null,"densityCategory":"No data","vulnerabilityRating":"No data","healthRiskLevel":"No data","areaKm2":0.046237,"centerLat":11.2381,"centerLng":125.004402,"geometrySource":"all_barangay-2.csv detailed WKT","geometryMatchMethod":"psgc_coordinate_bridge","boundaryPointCount":5},"geometry":{"type":"MultiPolygon","coordinates":[[[[125.001839,11.24906],[125.001991,11.24654],[125.001381,11.2466],[125.001266,11.24863],[125.001839,11.24906]]]]}},{"type":"Feature","properties":{"ID_0":177,"ISO":"PHL","NAME_0":"Philippines","ID_1":8037,"NAME_1":"Leyte","ID_2":803747,"NAME_2":"Tacloban City (Capital)","ID_3":831600076,"NAME_3":"Barangay 49","NL_NAME_3":null,"VARNAME_3":null,"TYPE_3":"Barangay","ENGTYPE_3":"Village","PROVINCE":"Leyte","REGION":"Region VIII (Eastern Visayas)","id":"barangay-0831600076","name":"Barangay 49","barangayCode":"0831600076","population":null,"formattedPop":null,"densityCategory":"No data","vulnerabilityRating":"No data","healthRiskLevel":"No data","areaKm2":0.139938,"centerLat":11.237851,"centerLng":124.999591,"geometrySource":"all_barangay-2.csv detailed WKT","geometryMatchMethod":"psgc_coordinate_bridge","boundaryPointCount":9},"geometry":{"type":"MultiPolygon","coordinates":[[[[125.002792,11.24382],[125.003304,11.24233],[125.004181,11.24102],[125.003281,11.24121],[125.002319,11.24171],[125.001892,11.2429],[125.001701,11.24338],[125.001953,11.24471],[125.002792,11.24382]]]]}},{"type":"Feature","properties":{"ID_0":177,"ISO":"PHL","NAME_0":"Philippines","ID_1":8037,"NAME_1":"Leyte","ID_2":803747,"NAME_2":"Tacloban City (Capital)","ID_3":831600077,"NAME_3":"Barangay 50","NL_NAME_3":null,"VARNAME_3":null,"TYPE_3":"Barangay","ENGTYPE_3":"Village","PROVINCE":"Leyte","REGION":"Region VIII (Eastern Visayas)","id":"barangay-0831600077","name":"Barangay 50","barangayCode":"0831600077","population":null,"formattedPop":null,"densityCategory":"No data","vulnerabilityRating":"No data","healthRiskLevel":"No data","areaKm2":0.295562,"centerLat":11.23676,"centerLng":125.00197,"geometrySource":"all_barangay-2.csv detailed WKT","geometryMatchMethod":"psgc_coordinate_bridge","boundaryPointCount":8},"geometry":{"type":"MultiPolygon","coordinates":[[[[125.00428,11.24686],[125.003983,11.2448],[125.004181,11.24102],[125.003304,11.24233],[125.002792,11.24382],[125.002762,11.24483],[125.002968,11.24663],[125.00428,11.24686]]]]}},{"type":"Feature","properties":{"ID_0":177,"ISO":"PHL","NAME_0":"Philippines","ID_1":8037,"NAME_1":"Leyte","ID_2":803747,"NAME_2":"Tacloban City (Capital)","ID_3":831600080,"NAME_3":"Barangay 51","NL_NAME_3":null,"VARNAME_3":null,"TYPE_3":"Barangay","ENGTYPE_3":"Village","PROVINCE":"Leyte","REGION":"Region VIII (Eastern Visayas)","id":"barangay-0831600080","name":"Barangay 51","barangayCode":"0831600080","population":null,"formattedPop":null,"densityCategory":"No data","vulnerabilityRating":"No data","healthRiskLevel":"No data","areaKm2":0.023141,"centerLat":11.236017,"centerLng":125.004977,"geometrySource":"all_barangay-2.csv detailed WKT","geometryMatchMethod":"psgc_coordinate_bridge","boundaryPointCount":10},"geometry":{"type":"MultiPolygon","coordinates":[[[[125.001472,11.25259],[125.001663,11.25278],[125.001953,11.25278],[125.00222,11.25306],[125.002373,11.25315],[125.002441,11.2529],[125.003036,11.24994],[125.002357,11.24926],[125.001579,11.25224],[125.001472,11.25259]]]]}},{"type":"Feature","properties":{"ID_0":177,"ISO":"PHL","NAME_0":"Philippines","ID_1":8037,"NAME_1":"Leyte","ID_2":803747,"NAME_2":"Tacloban City (Capital)","ID_3":831600081,"NAME_3":"Barangay 52","NL_NAME_3":null,"VARNAME_3":null,"TYPE_3":"Barangay","ENGTYPE_3":"Village","PROVINCE":"Leyte","REGION":"Region VIII (Eastern Visayas)","id":"barangay-0831600081","name":"Barangay 52","barangayCode":"0831600081","population":null,"formattedPop":null,"densityCategory":"No data","vulnerabilityRating":"No data","healthRiskLevel":"No data","areaKm2":0.044133,"centerLat":11.235166,"centerLng":125.003936,"geometrySource":"all_barangay-2.csv detailed WKT","geometryMatchMethod":"psgc_coordinate_bridge","boundaryPointCount":10},"geometry":{"type":"MultiPolygon","coordinates":[[[[125.002373,11.25315],[125.003021,11.25357],[125.00383,11.25357],[125.004433,11.25338],[125.005081,11.24983],[125.005302,11.24772],[125.00428,11.24686],[125.003036,11.24994],[125.002441,11.2529],[125.002373,11.25315]]]]}},{"type":"Feature","properties":{"ID_0":177,"ISO":"PHL","NAME_0":"Philippines","ID_1":8037,"NAME_1":"Leyte","ID_2":803747,"NAME_2":"Tacloban City (Capital)","ID_3":831600082,"NAME_3":"Barangay 53","NL_NAME_3":null,"VARNAME_3":null,"TYPE_3":"Barangay","ENGTYPE_3":"Village","PROVINCE":"Leyte","REGION":"Region VIII (Eastern Visayas)","id":"barangay-0831600082","name":"Barangay 53","barangayCode":"0831600082","population":null,"formattedPop":null,"densityCategory":"No data","vulnerabilityRating":"No data","healthRiskLevel":"No data","areaKm2":0.025784,"centerLat":11.234248,"centerLng":125.001896,"geometrySource":"all_barangay-2.csv detailed WKT","geometryMatchMethod":"psgc_coordinate_bridge","boundaryPointCount":6},"geometry":{"type":"MultiPolygon","coordinates":[[[[125.006317,11.24687],[125.00547,11.24455],[125.003983,11.2448],[125.00428,11.24686],[125.005302,11.24772],[125.006317,11.24687]]]]}},{"type":"Feature","properties":{"ID_0":177,"ISO":"PHL","NAME_0":"Philippines","ID_1":8037,"NAME_1":"Leyte","ID_2":803747,"NAME_2":"Tacloban City (Capital)","ID_3":831600083,"NAME_3":"Barangay 54","NL_NAME_3":null,"VARNAME_3":null,"TYPE_3":"Barangay","ENGTYPE_3":"Village","PROVINCE":"Leyte","REGION":"Region VIII (Eastern Visayas)","id":"barangay-0831600083","name":"Barangay 54","barangayCode":"0831600083","population":null,"formattedPop":null,"densityCategory":"No data","vulnerabilityRating":"No data","healthRiskLevel":"No data","areaKm2":0.103765,"centerLat":11.233235,"centerLng":125.003456,"geometrySource":"all_barangay-2.csv detailed WKT","geometryMatchMethod":"psgc_coordinate_bridge","boundaryPointCount":9},"geometry":{"type":"MultiPolygon","coordinates":[[[[125.004433,11.25338],[125.005119,11.25316],[125.005814,11.25302],[125.006233,11.25265],[125.00663,11.24898],[125.006317,11.24687],[125.005302,11.24772],[125.005081,11.24983],[125.004433,11.25338]]]]}},{"type":"Feature","properties":{"ID_0":177,"ISO":"PHL","NAME_0":"Philippines","ID_1":8037,"NAME_1":"Leyte","ID_2":803747,"NAME_2":"Tacloban City (Capital)","ID_3":831600084,"NAME_3":"El Reposo","NL_NAME_3":null,"VARNAME_3":null,"TYPE_3":"Barangay","ENGTYPE_3":"Village","PROVINCE":"Leyte","REGION":"Region VIII (Eastern Visayas)","id":"barangay-0831600084","name":"El Reposo","barangayCode":"0831600084","population":null,"formattedPop":null,"densityCategory":"No data","vulnerabilityRating":"No data","healthRiskLevel":"No data","areaKm2":0.088947,"centerLat":11.2308,"centerLng":125.000885,"geometrySource":"all_barangay-2.csv detailed WKT","geometryMatchMethod":"psgc_coordinate_bridge","boundaryPointCount":7},"geometry":{"type":"MultiPolygon","coordinates":[[[[125.006538,11.24258],[125.007927,11.24173],[125.007431,11.24083],[125.007217,11.24083],[125.006554,11.24017],[125.006111,11.2403],[125.006538,11.24258]]]]}},{"type":"Feature","properties":{"ID_0":177,"ISO":"PHL","NAME_0":"Philippines","ID_1":8037,"NAME_1":"Leyte","ID_2":803747,"NAME_2":"Tacloban City (Capital)","ID_3":831600085,"NAME_3":"Barangay 56","NL_NAME_3":null,"VARNAME_3":null,"TYPE_3":"Barangay","ENGTYPE_3":"Village","PROVINCE":"Leyte","REGION":"Region VIII (Eastern Visayas)","id":"barangay-0831600085","name":"Barangay 56","barangayCode":"0831600085","population":null,"formattedPop":null,"densityCategory":"No data","vulnerabilityRating":"No data","healthRiskLevel":"No data","areaKm2":0.125581,"centerLat":11.230189,"centerLng":125.002238,"geometrySource":"all_barangay-2.csv detailed WKT","geometryMatchMethod":"psgc_coordinate_bridge","boundaryPointCount":6},"geometry":{"type":"MultiPolygon","coordinates":[[[[125.007874,11.2453],[125.007027,11.24391],[125.006638,11.24333],[125.00547,11.24455],[125.006317,11.24687],[125.007874,11.2453]]]]}},{"type":"Feature","properties":{"ID_0":177,"ISO":"PHL","NAME_0":"Philippines","ID_1":8037,"NAME_1":"Leyte","ID_2":803747,"NAME_2":"Tacloban City (Capital)","ID_3":831600086,"NAME_3":"Barangay 57","NL_NAME_3":null,"VARNAME_3":null,"TYPE_3":"Barangay","ENGTYPE_3":"Village","PROVINCE":"Leyte","REGION":"Region VIII (Eastern Visayas)","id":"barangay-0831600086","name":"Barangay 57","barangayCode":"0831600086","population":null,"formattedPop":null,"densityCategory":"No data","vulnerabilityRating":"No data","healthRiskLevel":"No data","areaKm2":0.020437,"centerLat":11.228676,"centerLng":124.999914,"geometrySource":"all_barangay-2.csv detailed WKT","geometryMatchMethod":"psgc_coordinate_bridge","boundaryPointCount":6},"geometry":{"type":"MultiPolygon","coordinates":[[[[125.009407,11.24435],[125.008614,11.24294],[125.007027,11.24391],[125.007874,11.2453],[125.008537,11.24503],[125.009407,11.24435]]]]}},{"type":"Feature","properties":{"ID_0":177,"ISO":"PHL","NAME_0":"Philippines","ID_1":8037,"NAME_1":"Leyte","ID_2":803747,"NAME_2":"Tacloban City (Capital)","ID_3":831600087,"NAME_3":"Barangay 58","NL_NAME_3":null,"VARNAME_3":null,"TYPE_3":"Barangay","ENGTYPE_3":"Village","PROVINCE":"Leyte","REGION":"Region VIII (Eastern Visayas)","id":"barangay-0831600087","name":"Barangay 58","barangayCode":"0831600087","population":null,"formattedPop":null,"densityCategory":"No data","vulnerabilityRating":"No data","healthRiskLevel":"No data","areaKm2":0.029312,"centerLat":11.227631,"centerLng":125.00301,"geometrySource":"all_barangay-2.csv detailed WKT","geometryMatchMethod":"psgc_coordinate_bridge","boundaryPointCount":11},"geometry":{"type":"MultiPolygon","coordinates":[[[[125.007713,11.25201],[125.008331,11.25139],[125.008057,11.25111],[125.008331,11.25083],[125.008331,11.25056],[125.008614,11.25028],[125.008614,11.24889],[125.008827,11.24867],[125.008827,11.2477],[125.007629,11.24866],[125.007713,11.25201]]]]}},{"type":"Feature","properties":{"ID_0":177,"ISO":"PHL","NAME_0":"Philippines","ID_1":8037,"NAME_1":"Leyte","ID_2":803747,"NAME_2":"Tacloban City (Capital)","ID_3":831600088,"NAME_3":"Barangay 59","NL_NAME_3":null,"VARNAME_3":null,"TYPE_3":"Barangay","ENGTYPE_3":"Village","PROVINCE":"Leyte","REGION":"Region VIII (Eastern Visayas)","id":"barangay-0831600088","name":"Barangay 59","barangayCode":"0831600088","population":null,"formattedPop":null,"densityCategory":"No data","vulnerabilityRating":"No data","healthRiskLevel":"No data","areaKm2":0.493432,"centerLat":11.219878,"centerLng":124.996878,"geometrySource":"all_barangay-2.csv detailed WKT","geometryMatchMethod":"psgc_coordinate_bridge","boundaryPointCount":6},"geometry":{"type":"MultiPolygon","coordinates":[[[[125.007874,11.2453],[125.008247,11.24617],[125.009651,11.24528],[125.009407,11.24435],[125.008537,11.24503],[125.007874,11.2453]]]]}},{"type":"Feature","properties":{"ID_0":177,"ISO":"PHL","NAME_0":"Philippines","ID_1":8037,"NAME_1":"Leyte","ID_2":803747,"NAME_2":"Tacloban City (Capital)","ID_3":831600089,"NAME_3":"Barangay 60","NL_NAME_3":null,"VARNAME_3":null,"TYPE_3":"Barangay","ENGTYPE_3":"Village","PROVINCE":"Leyte","REGION":"Region VIII (Eastern Visayas)","id":"barangay-0831600089","name":"Barangay 60","barangayCode":"0831600089","population":null,"formattedPop":null,"densityCategory":"No data","vulnerabilityRating":"No data","healthRiskLevel":"No data","areaKm2":0.075123,"centerLat":11.226081,"centerLng":125.002478,"geometrySource":"all_barangay-2.csv detailed WKT","geometryMatchMethod":"psgc_coordinate_bridge","boundaryPointCount":7},"geometry":{"type":"MultiPolygon","coordinates":[[[[125.008827,11.24867],[125.009453,11.24806],[125.009453,11.24778],[125.00972,11.2475],[125.00972,11.24708],[125.008827,11.2477],[125.008827,11.24867]]]]}},{"type":"Feature","properties":{"ID_0":177,"ISO":"PHL","NAME_0":"Philippines","ID_1":8037,"NAME_1":"Leyte","ID_2":803747,"NAME_2":"Tacloban City (Capital)","ID_3":831600091,"NAME_3":"Barangay 61","NL_NAME_3":null,"VARNAME_3":null,"TYPE_3":"Barangay","ENGTYPE_3":"Village","PROVINCE":"Leyte","REGION":"Region VIII (Eastern Visayas)","id":"barangay-0831600091","name":"Barangay 61","barangayCode":"0831600091","population":null,"formattedPop":null,"densityCategory":"No data","vulnerabilityRating":"No data","healthRiskLevel":"No data","areaKm2":0.062714,"centerLat":11.222907,"centerLng":125.004214,"geometrySource":"all_barangay-2.csv detailed WKT","geometryMatchMethod":"psgc_coordinate_bridge","boundaryPointCount":12},"geometry":{"type":"MultiPolygon","coordinates":[[[[125.009857,11.246],[125.009918,11.24647],[125.010002,11.24639],[125.010002,11.24611],[125.010277,11.24583],[125.010277,11.24556],[125.010002,11.24528],[125.010002,11.24445],[125.00975,11.2442],[125.009407,11.24435],[125.009651,11.24528],[125.009857,11.246]]]]}},{"type":"Feature","properties":{"ID_0":177,"ISO":"PHL","NAME_0":"Philippines","ID_1":8037,"NAME_1":"Leyte","ID_2":803747,"NAME_2":"Tacloban City (Capital)","ID_3":831600092,"NAME_3":"Barangay 62","NL_NAME_3":null,"VARNAME_3":null,"TYPE_3":"Barangay","ENGTYPE_3":"Village","PROVINCE":"Leyte","REGION":"Region VIII (Eastern Visayas)","id":"barangay-0831600092","name":"Barangay 62","barangayCode":"0831600092","population":null,"formattedPop":null,"densityCategory":"No data","vulnerabilityRating":"No data","healthRiskLevel":"No data","areaKm2":0.494899,"centerLat":11.222011,"centerLng":125.00266,"geometrySource":"all_barangay-2.csv detailed WKT","geometryMatchMethod":"psgc_coordinate_bridge","boundaryPointCount":7},"geometry":{"type":"MultiPolygon","coordinates":[[[[125.006638,11.24333],[125.007027,11.24391],[125.008614,11.24294],[125.008293,11.24239],[125.007927,11.24173],[125.006538,11.24258],[125.006638,11.24333]]]]}},{"type":"Feature","properties":{"ID_0":177,"ISO":"PHL","NAME_0":"Philippines","ID_1":8037,"NAME_1":"Leyte","ID_2":803747,"NAME_2":"Tacloban City (Capital)","ID_3":831600093,"NAME_3":"Barangay 63","NL_NAME_3":null,"VARNAME_3":null,"TYPE_3":"Barangay","ENGTYPE_3":"Village","PROVINCE":"Leyte","REGION":"Region VIII (Eastern Visayas)","id":"barangay-0831600093","name":"Barangay 63","barangayCode":"0831600093","population":null,"formattedPop":null,"densityCategory":"No data","vulnerabilityRating":"No data","healthRiskLevel":"No data","areaKm2":0.185423,"centerLat":11.217615,"centerLng":125.0055,"geometrySource":"all_barangay-2.csv detailed WKT","geometryMatchMethod":"psgc_coordinate_bridge","boundaryPointCount":8},"geometry":{"type":"MultiPolygon","coordinates":[[[[125.005287,11.24053],[125.004219,11.23904],[125.002838,11.23713],[125.001633,11.23782],[125.003159,11.2396],[125.004181,11.24102],[125.004829,11.24078],[125.005287,11.24053]]]]}},{"type":"Feature","properties":{"ID_0":177,"ISO":"PHL","NAME_0":"Philippines","ID_1":8037,"NAME_1":"Leyte","ID_2":803747,"NAME_2":"Tacloban City (Capital)","ID_3":831600094,"NAME_3":"Barangay 64","NL_NAME_3":null,"VARNAME_3":null,"TYPE_3":"Barangay","ENGTYPE_3":"Village","PROVINCE":"Leyte","REGION":"Region VIII (Eastern Visayas)","id":"barangay-0831600094","name":"Barangay 64","barangayCode":"0831600094","population":null,"formattedPop":null,"densityCategory":"No data","vulnerabilityRating":"No data","healthRiskLevel":"No data","areaKm2":0.136694,"centerLat":11.215903,"centerLng":125.003404,"geometrySource":"all_barangay-2.csv detailed WKT","geometryMatchMethod":"psgc_coordinate_bridge","boundaryPointCount":14},"geometry":{"type":"MultiPolygon","coordinates":[[[[125.006111,11.2403],[125.006554,11.24017],[125.006393,11.24],[125.006393,11.23972],[125.006111,11.23944],[125.006111,11.23889],[125.005836,11.23861],[125.005836,11.2384],[125.004433,11.2364],[125.003326,11.2369],[125.002838,11.23713],[125.004219,11.23904],[125.005287,11.24053],[125.006111,11.2403]]]]}},{"type":"Feature","properties":{"ID_0":177,"ISO":"PHL","NAME_0":"Philippines","ID_1":8037,"NAME_1":"Leyte","ID_2":803747,"NAME_2":"Tacloban City (Capital)","ID_3":831600095,"NAME_3":"Barangay 65","NL_NAME_3":null,"VARNAME_3":null,"TYPE_3":"Barangay","ENGTYPE_3":"Village","PROVINCE":"Leyte","REGION":"Region VIII (Eastern Visayas)","id":"barangay-0831600095","name":"Barangay 65","barangayCode":"0831600095","population":null,"formattedPop":null,"densityCategory":"No data","vulnerabilityRating":"No data","healthRiskLevel":"No data","areaKm2":0.102034,"centerLat":11.246025,"centerLng":124.9934,"geometrySource":"all_barangay-2.csv detailed WKT","geometryMatchMethod":"psgc_coordinate_bridge","boundaryPointCount":10},"geometry":{"type":"MultiPolygon","coordinates":[[[[125.005836,11.2384],[125.005836,11.23833],[125.006111,11.23806],[125.006111,11.2375],[125.005836,11.23722],[125.005836,11.23639],[125.005547,11.23611],[125.005547,11.236],[125.004433,11.2364],[125.005836,11.2384]]]]}},{"type":"Feature","properties":{"ID_0":177,"ISO":"PHL","NAME_0":"Philippines","ID_1":8037,"NAME_1":"Leyte","ID_2":803747,"NAME_2":"Tacloban City (Capital)","ID_3":831600096,"NAME_3":"Barangay 66","NL_NAME_3":null,"VARNAME_3":null,"TYPE_3":"Barangay","ENGTYPE_3":"Village","PROVINCE":"Leyte","REGION":"Region VIII (Eastern Visayas)","id":"barangay-0831600096","name":"Barangay 66","barangayCode":"0831600096","population":null,"formattedPop":null,"densityCategory":"No data","vulnerabilityRating":"No data","healthRiskLevel":"No data","areaKm2":0.153474,"centerLat":11.247968,"centerLng":124.993314,"geometrySource":"all_barangay-2.csv detailed WKT","geometryMatchMethod":"psgc_coordinate_bridge","boundaryPointCount":15},"geometry":{"type":"MultiPolygon","coordinates":[[[[125.001633,11.23782],[125.002838,11.23713],[125.003326,11.2369],[125.004433,11.2364],[125.005547,11.236],[125.005547,11.23556],[125.00531,11.23513],[125.005157,11.23464],[125.004997,11.23417],[125.004997,11.23354],[125.004997,11.23284],[125.004768,11.23295],[124.999687,11.23553],[125.000587,11.23674],[125.001633,11.23782]]]]}},{"type":"Feature","properties":{"ID_0":177,"ISO":"PHL","NAME_0":"Philippines","ID_1":8037,"NAME_1":"Leyte","ID_2":803747,"NAME_2":"Tacloban City (Capital)","ID_3":831600098,"NAME_3":"Barangay 67","NL_NAME_3":null,"VARNAME_3":null,"TYPE_3":"Barangay","ENGTYPE_3":"Village","PROVINCE":"Leyte","REGION":"Region VIII (Eastern Visayas)","id":"barangay-0831600098","name":"Barangay 67","barangayCode":"0831600098","population":null,"formattedPop":null,"densityCategory":"No data","vulnerabilityRating":"No data","healthRiskLevel":"No data","areaKm2":0.075476,"centerLat":11.250039,"centerLng":124.990914,"geometrySource":"all_barangay-2.csv detailed WKT","geometryMatchMethod":"psgc_coordinate_bridge","boundaryPointCount":12},"geometry":{"type":"MultiPolygon","coordinates":[[[[124.996849,11.23283],[125.004318,11.22942],[125.004723,11.22923],[125.004723,11.22861],[125.004608,11.2287],[125.004547,11.22854],[125.004112,11.22866],[124.995483,11.22994],[124.995354,11.23084],[124.994637,11.23197],[124.995842,11.23243],[124.996849,11.23283]]]]}},{"type":"Feature","properties":{"ID_0":177,"ISO":"PHL","NAME_0":"Philippines","ID_1":8037,"NAME_1":"Leyte","ID_2":803747,"NAME_2":"Tacloban City (Capital)","ID_3":831600099,"NAME_3":"Barangay 68","NL_NAME_3":null,"VARNAME_3":null,"TYPE_3":"Barangay","ENGTYPE_3":"Village","PROVINCE":"Leyte","REGION":"Region VIII (Eastern Visayas)","id":"barangay-0831600099","name":"Barangay 68","barangayCode":"0831600099","population":null,"formattedPop":null,"densityCategory":"No data","vulnerabilityRating":"No data","healthRiskLevel":"No data","areaKm2":0.119575,"centerLat":11.251605,"centerLng":124.989987,"geometrySource":"all_barangay-2.csv detailed WKT","geometryMatchMethod":"psgc_coordinate_bridge","boundaryPointCount":9},"geometry":{"type":"MultiPolygon","coordinates":[[[[124.995483,11.22994],[125.004112,11.22866],[125.004547,11.22854],[125.004494,11.22835],[125.004448,11.22794],[125.00444,11.22748],[125.00444,11.22737],[124.99617,11.22744],[124.995483,11.22994]]]]}},{"type":"Feature","properties":{"ID_0":177,"ISO":"PHL","NAME_0":"Philippines","ID_1":8037,"NAME_1":"Leyte","ID_2":803747,"NAME_2":"Tacloban City (Capital)","ID_3":831600100,"NAME_3":"Barangay 69","NL_NAME_3":null,"VARNAME_3":null,"TYPE_3":"Barangay","ENGTYPE_3":"Village","PROVINCE":"Leyte","REGION":"Region VIII (Eastern Visayas)","id":"barangay-0831600100","name":"Barangay 69","barangayCode":"0831600100","population":null,"formattedPop":null,"densityCategory":"No data","vulnerabilityRating":"No data","healthRiskLevel":"No data","areaKm2":0.375894,"centerLat":11.255167,"centerLng":124.987773,"geometrySource":"all_barangay-2.csv detailed WKT","geometryMatchMethod":"psgc_coordinate_bridge","boundaryPointCount":11},"geometry":{"type":"MultiPolygon","coordinates":[[[[125.00444,11.22737],[125.00444,11.22726],[125.004448,11.22694],[125.004448,11.22667],[125.00457,11.22654],[125.004723,11.22639],[125.004753,11.22582],[125.004539,11.22582],[124.996773,11.22557],[124.99617,11.22744],[125.00444,11.22737]]]]}},{"type":"Feature","properties":{"ID_0":177,"ISO":"PHL","NAME_0":"Philippines","ID_1":8037,"NAME_1":"Leyte","ID_2":803747,"NAME_2":"Tacloban City (Capital)","ID_3":831600101,"NAME_3":"Barangay 70","NL_NAME_3":null,"VARNAME_3":null,"TYPE_3":"Barangay","ENGTYPE_3":"Village","PROVINCE":"Leyte","REGION":"Region VIII (Eastern Visayas)","id":"barangay-0831600101","name":"Barangay 70","barangayCode":"0831600101","population":null,"formattedPop":null,"densityCategory":"No data","vulnerabilityRating":"No data","healthRiskLevel":"No data","areaKm2":0.018754,"centerLat":11.257357,"centerLng":124.989539,"geometrySource":"all_barangay-2.csv detailed WKT","geometryMatchMethod":"psgc_coordinate_bridge","boundaryPointCount":7},"geometry":{"type":"MultiPolygon","coordinates":[[[[125.004753,11.22582],[125.004761,11.22526],[125.004768,11.22491],[124.997429,11.22328],[124.996773,11.22557],[125.004539,11.22582],[125.004753,11.22582]]]]}},{"type":"Feature","properties":{"ID_0":177,"ISO":"PHL","NAME_0":"Philippines","ID_1":8037,"NAME_1":"Leyte","ID_2":803747,"NAME_2":"Tacloban City (Capital)","ID_3":831600102,"NAME_3":"Barangay 71","NL_NAME_3":null,"VARNAME_3":null,"TYPE_3":"Barangay","ENGTYPE_3":"Village","PROVINCE":"Leyte","REGION":"Region VIII (Eastern Visayas)","id":"barangay-0831600102","name":"Barangay 71","barangayCode":"0831600102","population":null,"formattedPop":null,"densityCategory":"No data","vulnerabilityRating":"No data","healthRiskLevel":"No data","areaKm2":0.737894,"centerLat":11.246777,"centerLng":124.985539,"geometrySource":"all_barangay-2.csv detailed WKT","geometryMatchMethod":"psgc_coordinate_bridge","boundaryPointCount":50},"geometry":{"type":"MultiPolygon","coordinates":[[[[124.983101,11.25318],[124.983612,11.25333],[124.984734,11.25444],[124.985001,11.25444],[124.986549,11.25551],[124.986656,11.2561],[124.986908,11.25635],[124.986954,11.25657],[124.986977,11.2566],[124.986961,11.25689],[124.987427,11.25745],[124.986992,11.25799],[124.986656,11.25793],[124.986389,11.25849],[124.986099,11.25915],[124.985909,11.25985],[124.985626,11.26067],[124.986397,11.26121],[124.98732,11.26143],[124.988007,11.2608],[124.988037,11.26077],[124.988411,11.26044],[124.988487,11.26034],[124.988564,11.26024],[124.988762,11.25985],[124.988899,11.25934],[124.989052,11.25888],[124.989212,11.25846],[124.989441,11.25809],[124.989677,11.2577],[124.989769,11.25753],[124.989891,11.25727],[124.990219,11.2569],[124.990402,11.2564],[124.99057,11.25592],[124.990784,11.25548],[124.990929,11.25505],[124.991112,11.25466],[124.991127,11.25461],[124.991188,11.25427],[124.99128,11.25396],[124.991333,11.2539],[124.991508,11.25373],[124.991661,11.25345],[124.991783,11.2531],[124.99202,11.25273],[124.992142,11.25259],[124.991653,11.2525],[124.982986,11.25071],[124.983101,11.25318]]]]}},{"type":"Feature","properties":{"ID_0":177,"ISO":"PHL","NAME_0":"Philippines","ID_1":8037,"NAME_1":"Leyte","ID_2":803747,"NAME_2":"Tacloban City (Capital)","ID_3":831600103,"NAME_3":"Barangay 72","NL_NAME_3":null,"VARNAME_3":null,"TYPE_3":"Barangay","ENGTYPE_3":"Village","PROVINCE":"Leyte","REGION":"Region VIII (Eastern Visayas)","id":"barangay-0831600103","name":"Barangay 72","barangayCode":"0831600103","population":null,"formattedPop":null,"densityCategory":"No data","vulnerabilityRating":"No data","healthRiskLevel":"No data","areaKm2":0.111323,"centerLat":11.247767,"centerLng":124.982786,"geometrySource":"all_barangay-2.csv detailed WKT","geometryMatchMethod":"psgc_coordinate_bridge","boundaryPointCount":12},"geometry":{"type":"MultiPolygon","coordinates":[[[[124.992142,11.25259],[124.992363,11.25235],[124.992653,11.25183],[124.992683,11.25149],[124.992523,11.25134],[124.989822,11.24896],[124.989311,11.24834],[124.987068,11.24605],[124.982277,11.24613],[124.982986,11.25071],[124.991653,11.2525],[124.992142,11.25259]]]]}},{"type":"Feature","properties":{"ID_0":177,"ISO":"PHL","NAME_0":"Philippines","ID_1":8037,"NAME_1":"Leyte","ID_2":803747,"NAME_2":"Tacloban City (Capital)","ID_3":831600104,"NAME_3":"Barangay 73","NL_NAME_3":null,"VARNAME_3":null,"TYPE_3":"Barangay","ENGTYPE_3":"Village","PROVINCE":"Leyte","REGION":"Region VIII (Eastern Visayas)","id":"barangay-0831600104","name":"Barangay 73","barangayCode":"0831600104","population":null,"formattedPop":null,"densityCategory":"No data","vulnerabilityRating":"No data","healthRiskLevel":"No data","areaKm2":0.049197,"centerLat":11.246602,"centerLng":124.980422,"geometrySource":"all_barangay-2.csv detailed WKT","geometryMatchMethod":"psgc_coordinate_bridge","boundaryPointCount":6},"geometry":{"type":"MultiPolygon","coordinates":[[[[124.982277,11.24613],[124.987068,11.24605],[124.984947,11.23755],[124.979919,11.23929],[124.981194,11.24598],[124.982277,11.24613]]]]}},{"type":"Feature","properties":{"ID_0":177,"ISO":"PHL","NAME_0":"Philippines","ID_1":8037,"NAME_1":"Leyte","ID_2":803747,"NAME_2":"Tacloban City (Capital)","ID_3":831600105,"NAME_3":"Barangay 74","NL_NAME_3":null,"VARNAME_3":null,"TYPE_3":"Barangay","ENGTYPE_3":"Village","PROVINCE":"Leyte","REGION":"Region VIII (Eastern Visayas)","id":"barangay-0831600105","name":"Barangay 74","barangayCode":"0831600105","population":null,"formattedPop":null,"densityCategory":"No data","vulnerabilityRating":"No data","healthRiskLevel":"No data","areaKm2":2.006817,"centerLat":11.245043,"centerLng":124.975525,"geometrySource":"all_barangay-2.csv detailed WKT","geometryMatchMethod":"psgc_coordinate_bridge","boundaryPointCount":24},"geometry":{"type":"MultiPolygon","coordinates":[[[[124.97583,11.25611],[124.976112,11.25583],[124.976112,11.25556],[124.976387,11.25528],[124.976387,11.255],[124.976936,11.25444],[124.976936,11.25389],[124.977501,11.25333],[124.977783,11.25333],[124.978058,11.25306],[124.978607,11.25306],[124.979156,11.25361],[124.980003,11.25361],[124.980278,11.25389],[124.980827,11.25389],[124.98111,11.25361],[124.981392,11.25361],[124.982224,11.25292],[124.983101,11.25318],[124.982986,11.25071],[124.982277,11.24613],[124.981194,11.24598],[124.973099,11.24824],[124.97583,11.25611]]]]}},{"type":"Feature","properties":{"ID_0":177,"ISO":"PHL","NAME_0":"Philippines","ID_1":8037,"NAME_1":"Leyte","ID_2":803747,"NAME_2":"Tacloban City (Capital)","ID_3":831600106,"NAME_3":"Barangay 75","NL_NAME_3":null,"VARNAME_3":null,"TYPE_3":"Barangay","ENGTYPE_3":"Village","PROVINCE":"Leyte","REGION":"Region VIII (Eastern Visayas)","id":"barangay-0831600106","name":"Barangay 75","barangayCode":"0831600106","population":null,"formattedPop":null,"densityCategory":"No data","vulnerabilityRating":"No data","healthRiskLevel":"No data","areaKm2":0.148186,"centerLat":11.213332,"centerLng":125.010654,"geometrySource":"all_barangay-2.csv detailed WKT","geometryMatchMethod":"psgc_coordinate_bridge","boundaryPointCount":15},"geometry":{"type":"MultiPolygon","coordinates":[[[[125.010689,11.21461],[125.011147,11.21441],[125.011818,11.21401],[125.01236,11.21349],[125.012863,11.21303],[125.013527,11.21283],[125.014442,11.2125],[125.014999,11.2125],[125.015167,11.21233],[125.014877,11.21165],[125.014839,11.21156],[125.01461,11.21103],[125.011757,11.2121],[125.009323,11.21317],[125.010689,11.21461]]]]}},{"type":"Feature","properties":{"ID_0":177,"ISO":"PHL","NAME_0":"Philippines","ID_1":8037,"NAME_1":"Leyte","ID_2":803747,"NAME_2":"Tacloban City (Capital)","ID_3":831600107,"NAME_3":"Barangay 76","NL_NAME_3":null,"VARNAME_3":null,"TYPE_3":"Barangay","ENGTYPE_3":"Village","PROVINCE":"Leyte","REGION":"Region VIII (Eastern Visayas)","id":"barangay-0831600107","name":"Barangay 76","barangayCode":"0831600107","population":null,"formattedPop":null,"densityCategory":"No data","vulnerabilityRating":"No data","healthRiskLevel":"No data","areaKm2":0.105391,"centerLat":11.213869,"centerLng":125.007177,"geometrySource":"all_barangay-2.csv detailed WKT","geometryMatchMethod":"psgc_coordinate_bridge","boundaryPointCount":11},"geometry":{"type":"MultiPolygon","coordinates":[[[[125.007881,11.21684],[125.008331,11.21639],[125.008263,11.21638],[125.00872,11.21585],[125.009216,11.21538],[125.009819,11.21502],[125.010468,11.21471],[125.010689,11.21461],[125.009323,11.21317],[125.004784,11.21359],[125.007881,11.21684]]]]}},{"type":"Feature","properties":{"ID_0":177,"ISO":"PHL","NAME_0":"Philippines","ID_1":8037,"NAME_1":"Leyte","ID_2":803747,"NAME_2":"Tacloban City (Capital)","ID_3":831600108,"NAME_3":"Barangay 77","NL_NAME_3":null,"VARNAME_3":null,"TYPE_3":"Barangay","ENGTYPE_3":"Village","PROVINCE":"Leyte","REGION":"Region VIII (Eastern Visayas)","id":"barangay-0831600108","name":"Barangay 77","barangayCode":"0831600108","population":null,"formattedPop":null,"densityCategory":"No data","vulnerabilityRating":"No data","healthRiskLevel":"No data","areaKm2":0.499303,"centerLat":11.209928,"centerLng":125.007915,"geometrySource":"all_barangay-2.csv detailed WKT","geometryMatchMethod":"psgc_coordinate_bridge","boundaryPointCount":11},"geometry":{"type":"MultiPolygon","coordinates":[[[[125.005493,11.22055],[125.005547,11.22028],[125.005547,11.21972],[125.005836,11.21944],[125.005836,11.21917],[125.007217,11.21778],[125.007217,11.2175],[125.007881,11.21684],[125.004784,11.21359],[124.999107,11.21432],[125.005493,11.22055]]]]}},{"type":"Feature","properties":{"ID_0":177,"ISO":"PHL","NAME_0":"Philippines","ID_1":8037,"NAME_1":"Leyte","ID_2":803747,"NAME_2":"Tacloban City (Capital)","ID_3":831600109,"NAME_3":"Barangay 78","NL_NAME_3":null,"VARNAME_3":null,"TYPE_3":"Barangay","ENGTYPE_3":"Village","PROVINCE":"Leyte","REGION":"Region VIII (Eastern Visayas)","id":"barangay-0831600109","name":"Barangay 78","barangayCode":"0831600109","population":null,"formattedPop":null,"densityCategory":"No data","vulnerabilityRating":"No data","healthRiskLevel":"No data","areaKm2":0.466239,"centerLat":11.20429,"centerLng":125.005161,"geometrySource":"all_barangay-2.csv detailed WKT","geometryMatchMethod":"psgc_coordinate_bridge","boundaryPointCount":8},"geometry":{"type":"MultiPolygon","coordinates":[[[[125.009323,11.21317],[125.011757,11.2121],[125.01461,11.21103],[125.012497,11.2062],[125.007927,11.20659],[125.003082,11.20694],[125.004784,11.21359],[125.009323,11.21317]]]]}},{"type":"Feature","properties":{"ID_0":177,"ISO":"PHL","NAME_0":"Philippines","ID_1":8037,"NAME_1":"Leyte","ID_2":803747,"NAME_2":"Tacloban City (Capital)","ID_3":831600110,"NAME_3":"Barangay 79","NL_NAME_3":null,"VARNAME_3":null,"TYPE_3":"Barangay","ENGTYPE_3":"Village","PROVINCE":"Leyte","REGION":"Region VIII (Eastern Visayas)","id":"barangay-0831600110","name":"Barangay 79","barangayCode":"0831600110","population":null,"formattedPop":null,"densityCategory":"No data","vulnerabilityRating":"No data","healthRiskLevel":"No data","areaKm2":0.240861,"centerLat":11.202998,"centerLng":125.008794,"geometrySource":"all_barangay-2.csv detailed WKT","geometryMatchMethod":"psgc_coordinate_bridge","boundaryPointCount":5},"geometry":{"type":"MultiPolygon","coordinates":[[[[125.012497,11.2062],[125.009521,11.19846],[125.00518,11.19982],[125.007927,11.20659],[125.012497,11.2062]]]]}},{"type":"Feature","properties":{"ID_0":177,"ISO":"PHL","NAME_0":"Philippines","ID_1":8037,"NAME_1":"Leyte","ID_2":803747,"NAME_2":"Tacloban City (Capital)","ID_3":831600112,"NAME_3":"Barangay 80","NL_NAME_3":null,"VARNAME_3":null,"TYPE_3":"Barangay","ENGTYPE_3":"Village","PROVINCE":"Leyte","REGION":"Region VIII (Eastern Visayas)","id":"barangay-0831600112","name":"Barangay 80","barangayCode":"0831600112","population":null,"formattedPop":null,"densityCategory":"No data","vulnerabilityRating":"No data","healthRiskLevel":"No data","areaKm2":0.091289,"centerLat":11.197802,"centerLng":125.005066,"geometrySource":"all_barangay-2.csv detailed WKT","geometryMatchMethod":"psgc_coordinate_bridge","boundaryPointCount":7},"geometry":{"type":"MultiPolygon","coordinates":[[[[125.003082,11.20694],[125.007927,11.20659],[125.00518,11.19982],[125.003242,11.19438],[124.999931,11.19495],[125.000679,11.19876],[125.003082,11.20694]]]]}},{"type":"Feature","properties":{"ID_0":177,"ISO":"PHL","NAME_0":"Philippines","ID_1":8037,"NAME_1":"Leyte","ID_2":803747,"NAME_2":"Tacloban City (Capital)","ID_3":831600113,"NAME_3":"Barangay 81","NL_NAME_3":null,"VARNAME_3":null,"TYPE_3":"Barangay","ENGTYPE_3":"Village","PROVINCE":"Leyte","REGION":"Region VIII (Eastern Visayas)","id":"barangay-0831600113","name":"Barangay 81","barangayCode":"0831600113","population":null,"formattedPop":null,"densityCategory":"No data","vulnerabilityRating":"No data","healthRiskLevel":"No data","areaKm2":0.149156,"centerLat":11.196838,"centerLng":125.007022,"geometrySource":"all_barangay-2.csv detailed WKT","geometryMatchMethod":"psgc_coordinate_bridge","boundaryPointCount":5},"geometry":{"type":"MultiPolygon","coordinates":[[[[125.009521,11.19846],[125.00708,11.19347],[125.003242,11.19438],[125.00518,11.19982],[125.009521,11.19846]]]]}},{"type":"Feature","properties":{"ID_0":177,"ISO":"PHL","NAME_0":"Philippines","ID_1":8037,"NAME_1":"Leyte","ID_2":803747,"NAME_2":"Tacloban City (Capital)","ID_3":831600114,"NAME_3":"Barangay 82","NL_NAME_3":null,"VARNAME_3":null,"TYPE_3":"Barangay","ENGTYPE_3":"Village","PROVINCE":"Leyte","REGION":"Region VIII (Eastern Visayas)","id":"barangay-0831600114","name":"Barangay 82","barangayCode":"0831600114","population":null,"formattedPop":null,"densityCategory":"No data","vulnerabilityRating":"No data","healthRiskLevel":"No data","areaKm2":0.554724,"centerLat":11.191506,"centerLng":125.002971,"geometrySource":"all_barangay-2.csv detailed WKT","geometryMatchMethod":"psgc_coordinate_bridge","boundaryPointCount":8},"geometry":{"type":"MultiPolygon","coordinates":[[[[125.003242,11.19438],[125.00708,11.19347],[125.006027,11.18691],[125.003838,11.1878],[125.002586,11.18827],[124.999542,11.19013],[124.999931,11.19495],[125.003242,11.19438]]]]}},{"type":"Feature","properties":{"ID_0":177,"ISO":"PHL","NAME_0":"Philippines","ID_1":8037,"NAME_1":"Leyte","ID_2":803747,"NAME_2":"Tacloban City (Capital)","ID_3":831600115,"NAME_3":"Barangay 83","NL_NAME_3":null,"VARNAME_3":null,"TYPE_3":"Barangay","ENGTYPE_3":"Village","PROVINCE":"Leyte","REGION":"Region VIII (Eastern Visayas)","id":"barangay-0831600115","name":"Barangay 83","barangayCode":"0831600115","population":null,"formattedPop":null,"densityCategory":"No data","vulnerabilityRating":"No data","healthRiskLevel":"No data","areaKm2":1.29797,"centerLat":11.20737,"centerLng":125.016093,"geometrySource":"all_barangay-2.csv detailed WKT","geometryMatchMethod":"psgc_coordinate_bridge","boundaryPointCount":23},"geometry":{"type":"MultiPolygon","coordinates":[[[[125.021942,11.22094],[125.019524,11.22039],[125.019279,11.22033],[125.019203,11.22092],[125.019157,11.22111],[125.019157,11.22139],[125.019722,11.22222],[125.019997,11.2225],[125.020279,11.2225],[125.021111,11.22333],[125.021111,11.22479],[125.021111,11.225],[125.020554,11.22556],[125.020554,11.22611],[125.020279,11.22639],[125.020279,11.22694],[125.020554,11.2275],[125.020813,11.22776],[125.020844,11.22778],[125.020844,11.22806],[125.022781,11.23],[125.02243,11.22625],[125.021942,11.22094]]]]}},{"type":"Feature","properties":{"ID_0":177,"ISO":"PHL","NAME_0":"Philippines","ID_1":8037,"NAME_1":"Leyte","ID_2":803747,"NAME_2":"Tacloban City (Capital)","ID_3":831600117,"NAME_3":"Barangay 84","NL_NAME_3":null,"VARNAME_3":null,"TYPE_3":"Barangay","ENGTYPE_3":"Village","PROVINCE":"Leyte","REGION":"Region VIII (Eastern Visayas)","id":"barangay-0831600117","name":"Barangay 84","barangayCode":"0831600117","population":null,"formattedPop":null,"densityCategory":"No data","vulnerabilityRating":"No data","healthRiskLevel":"No data","areaKm2":1.098568,"centerLat":11.196732,"centerLng":125.0146,"geometrySource":"all_barangay-2.csv detailed WKT","geometryMatchMethod":"psgc_coordinate_bridge","boundaryPointCount":20},"geometry":{"type":"MultiPolygon","coordinates":[[[[125.025932,11.22987],[125.02787,11.22993],[125.029839,11.22999],[125.0299,11.2299],[125.029716,11.22972],[125.029716,11.22917],[125.029442,11.22889],[125.029442,11.22806],[125.029167,11.22778],[125.029167,11.22694],[125.028893,11.22667],[125.028893,11.22583],[125.02861,11.22556],[125.02861,11.22444],[125.028343,11.22417],[125.028343,11.22167],[125.028221,11.22155],[125.026619,11.22163],[125.025551,11.22168],[125.025932,11.22987]]]]}},{"type":"Feature","properties":{"ID_0":177,"ISO":"PHL","NAME_0":"Philippines","ID_1":8037,"NAME_1":"Leyte","ID_2":803747,"NAME_2":"Tacloban City (Capital)","ID_3":831600118,"NAME_3":"Barangay 85","NL_NAME_3":null,"VARNAME_3":null,"TYPE_3":"Barangay","ENGTYPE_3":"Village","PROVINCE":"Leyte","REGION":"Region VIII (Eastern Visayas)","id":"barangay-0831600118","name":"Barangay 85","barangayCode":"0831600118","population":null,"formattedPop":null,"densityCategory":"No data","vulnerabilityRating":"No data","healthRiskLevel":"No data","areaKm2":0.069431,"centerLat":11.206782,"centerLng":125.021166,"geometrySource":"all_barangay-2.csv detailed WKT","geometryMatchMethod":"psgc_coordinate_bridge","boundaryPointCount":28},"geometry":{"type":"MultiPolygon","coordinates":[[[[125.02623,11.2375],[125.026787,11.23778],[125.027367,11.23806],[125.027946,11.23832],[125.028542,11.23852],[125.029152,11.23865],[125.029716,11.23873],[125.030273,11.2384],[125.030746,11.23792],[125.031052,11.23733],[125.031113,11.23668],[125.03109,11.2363],[125.031067,11.23601],[125.030891,11.23536],[125.030838,11.23468],[125.030777,11.23405],[125.030586,11.23354],[125.030502,11.23308],[125.030563,11.23278],[125.030327,11.23255],[125.029999,11.23222],[125.029999,11.23082],[125.029999,11.23],[125.0299,11.2299],[125.029839,11.22999],[125.02787,11.22993],[125.025932,11.22987],[125.02623,11.2375]]]]}},{"type":"Feature","properties":{"ID_0":177,"ISO":"PHL","NAME_0":"Philippines","ID_1":8037,"NAME_1":"Leyte","ID_2":803747,"NAME_2":"Tacloban City (Capital)","ID_3":831600119,"NAME_3":"Barangay 86","NL_NAME_3":null,"VARNAME_3":null,"TYPE_3":"Barangay","ENGTYPE_3":"Village","PROVINCE":"Leyte","REGION":"Region VIII (Eastern Visayas)","id":"barangay-0831600119","name":"Barangay 86","barangayCode":"0831600119","population":null,"formattedPop":null,"densityCategory":"No data","vulnerabilityRating":"No data","healthRiskLevel":"No data","areaKm2":0.118243,"centerLat":11.207712,"centerLng":125.024501,"geometrySource":"all_barangay-2.csv detailed WKT","geometryMatchMethod":"psgc_coordinate_bridge","boundaryPointCount":26},"geometry":{"type":"MultiPolygon","coordinates":[[[[125.023087,11.23026],[125.023193,11.23034],[125.023064,11.23111],[125.023064,11.23143],[125.023064,11.23167],[125.022781,11.23194],[125.022781,11.23222],[125.022827,11.2325],[125.022713,11.23315],[125.02243,11.23373],[125.022003,11.23421],[125.02166,11.23475],[125.021378,11.23531],[125.021233,11.23593],[125.021362,11.23658],[125.021439,11.23667],[125.021828,11.23713],[125.022476,11.23744],[125.023178,11.23743],[125.023819,11.23722],[125.024406,11.23701],[125.025017,11.23701],[125.02562,11.23722],[125.02623,11.2375],[125.025932,11.22987],[125.023087,11.23026]]]]}},{"type":"Feature","properties":{"ID_0":177,"ISO":"PHL","NAME_0":"Philippines","ID_1":8037,"NAME_1":"Leyte","ID_2":803747,"NAME_2":"Tacloban City (Capital)","ID_3":831600120,"NAME_3":"Barangay 87","NL_NAME_3":null,"VARNAME_3":null,"TYPE_3":"Barangay","ENGTYPE_3":"Village","PROVINCE":"Leyte","REGION":"Region VIII (Eastern Visayas)","id":"barangay-0831600120","name":"Barangay 87","barangayCode":"0831600120","population":null,"formattedPop":null,"densityCategory":"No data","vulnerabilityRating":"No data","healthRiskLevel":"No data","areaKm2":0.84181,"centerLat":11.195419,"centerLng":125.018134,"geometrySource":"all_barangay-2.csv detailed WKT","geometryMatchMethod":"psgc_coordinate_bridge","boundaryPointCount":35},"geometry":{"type":"MultiPolygon","coordinates":[[[[125.025436,11.21574],[125.027527,11.21592],[125.027298,11.21474],[125.027222,11.21361],[125.027298,11.21354],[125.027222,11.21331],[125.027206,11.21297],[125.027222,11.21256],[125.027222,11.21211],[125.027222,11.21165],[125.02726,11.21119],[125.027443,11.21072],[125.027573,11.21024],[125.027779,11.20982],[125.027946,11.2094],[125.02787,11.20882],[125.028023,11.20831],[125.028053,11.20775],[125.028053,11.20767],[125.028008,11.20719],[125.027786,11.20665],[125.027634,11.20609],[125.027473,11.20551],[125.027222,11.20497],[125.027222,11.20472],[125.026978,11.20448],[125.026657,11.20417],[125.026657,11.20385],[125.02166,11.20397],[125.023781,11.20559],[125.025192,11.20706],[125.026321,11.21004],[125.026558,11.21265],[125.025917,11.21464],[125.025436,11.21574]]]]}},{"type":"Feature","properties":{"ID_0":177,"ISO":"PHL","NAME_0":"Philippines","ID_1":8037,"NAME_1":"Leyte","ID_2":803747,"NAME_2":"Tacloban City (Capital)","ID_3":831600121,"NAME_3":"Barangay 88","NL_NAME_3":null,"VARNAME_3":null,"TYPE_3":"Barangay","ENGTYPE_3":"Village","PROVINCE":"Leyte","REGION":"Region VIII (Eastern Visayas)","id":"barangay-0831600121","name":"Barangay 88","barangayCode":"0831600121","population":null,"formattedPop":null,"densityCategory":"No data","vulnerabilityRating":"No data","healthRiskLevel":"No data","areaKm2":2.41255,"centerLat":11.224415,"centerLng":125.025737,"geometrySource":"all_barangay-2.csv detailed WKT","geometryMatchMethod":"psgc_coordinate_bridge","boundaryPointCount":41},"geometry":{"type":"MultiPolygon","coordinates":[[[[125.025436,11.21574],[125.025917,11.21464],[125.026558,11.21265],[125.026321,11.21004],[125.025192,11.20706],[125.023781,11.20559],[125.02166,11.20397],[125.020088,11.20422],[125.012497,11.2062],[125.01461,11.21103],[125.014839,11.21156],[125.014877,11.21165],[125.015167,11.21233],[125.015266,11.21222],[125.015556,11.21222],[125.01722,11.21056],[125.01722,11.21],[125.017776,11.20944],[125.017906,11.20947],[125.018333,11.20915],[125.018784,11.20885],[125.019211,11.20853],[125.019722,11.20832],[125.020264,11.20811],[125.020859,11.20801],[125.021469,11.20791],[125.022079,11.20806],[125.022659,11.20833],[125.023216,11.20862],[125.0233,11.20869],[125.023499,11.20883],[125.024261,11.20945],[125.024467,11.21028],[125.023987,11.21159],[125.023918,11.21249],[125.023499,11.2127],[125.023216,11.21366],[125.023148,11.21497],[125.02253,11.21571],[125.023628,11.21579],[125.025436,11.21574]]]]}},{"type":"Feature","properties":{"ID_0":177,"ISO":"PHL","NAME_0":"Philippines","ID_1":8037,"NAME_1":"Leyte","ID_2":803747,"NAME_2":"Tacloban City (Capital)","ID_3":831600122,"NAME_3":"Barangay 89","NL_NAME_3":null,"VARNAME_3":null,"TYPE_3":"Barangay","ENGTYPE_3":"Village","PROVINCE":"Leyte","REGION":"Region VIII (Eastern Visayas)","id":"barangay-0831600122","name":"Barangay 89","barangayCode":"0831600122","population":null,"formattedPop":null,"densityCategory":"No data","vulnerabilityRating":"No data","healthRiskLevel":"No data","areaKm2":0.837105,"centerLat":11.194462,"centerLng":125.021459,"geometrySource":"all_barangay-2.csv detailed WKT","geometryMatchMethod":"psgc_coordinate_bridge","boundaryPointCount":77},"geometry":{"type":"MultiPolygon","coordinates":[[[[125.02166,11.20397],[125.026657,11.20385],[125.026657,11.20361],[125.02639,11.20333],[125.02639,11.20278],[125.026108,11.2025],[125.026108,11.20194],[125.025833,11.20167],[125.025833,11.20111],[125.025558,11.20083],[125.025558,11.19861],[125.025726,11.1984],[125.025787,11.19833],[125.025833,11.19782],[125.025833,11.19722],[125.025787,11.19664],[125.025787,11.19659],[125.025558,11.19598],[125.025284,11.19537],[125.025032,11.19475],[125.024811,11.19413],[125.024727,11.1939],[125.024597,11.19353],[125.024261,11.19321],[125.024193,11.19313],[125.023788,11.19274],[125.023483,11.19229],[125.023117,11.19181],[125.022873,11.19124],[125.022522,11.19076],[125.022217,11.19023],[125.021927,11.18968],[125.021637,11.18913],[125.021332,11.18857],[125.020973,11.18806],[125.020844,11.18778],[125.019997,11.18694],[125.019997,11.18667],[125.019722,11.18639],[125.019722,11.18611],[125.019157,11.18556],[125.019157,11.18528],[125.01889,11.185],[125.01889,11.18444],[125.018608,11.18417],[125.018608,11.18389],[125.018333,11.18361],[125.018333,11.18333],[125.018059,11.18306],[125.018059,11.18286],[125.018059,11.1825],[125.017776,11.18222],[125.017776,11.18195],[125.017502,11.18167],[125.017502,11.18139],[125.01722,11.18111],[125.01722,11.18056],[125.016937,11.18028],[125.016937,11.18],[125.01667,11.17972],[125.01667,11.17917],[125.016388,11.17889],[125.016388,11.17833],[125.016113,11.17806],[125.016113,11.17778],[125.015831,11.1775],[125.015503,11.17755],[125.015167,11.17761],[125.012604,11.18063],[125.009377,11.18441],[125.01059,11.18774],[125.010811,11.18834],[125.012131,11.19196],[125.012558,11.19402],[125.014091,11.19487],[125.020088,11.20422],[125.02166,11.20397]]]]}},{"type":"Feature","properties":{"ID_0":177,"ISO":"PHL","NAME_0":"Philippines","ID_1":8037,"NAME_1":"Leyte","ID_2":803747,"NAME_2":"Tacloban City (Capital)","ID_3":831600123,"NAME_3":"Barangay 90","NL_NAME_3":null,"VARNAME_3":null,"TYPE_3":"Barangay","ENGTYPE_3":"Village","PROVINCE":"Leyte","REGION":"Region VIII (Eastern Visayas)","id":"barangay-0831600123","name":"Barangay 90","barangayCode":"0831600123","population":null,"formattedPop":null,"densityCategory":"No data","vulnerabilityRating":"No data","healthRiskLevel":"No data","areaKm2":0.054799,"centerLat":11.197637,"centerLng":125.024782,"geometrySource":"all_barangay-2.csv detailed WKT","geometryMatchMethod":"psgc_coordinate_bridge","boundaryPointCount":12},"geometry":{"type":"MultiPolygon","coordinates":[[[[125.020088,11.20422],[125.014091,11.19487],[125.012558,11.19402],[125.012131,11.19196],[125.010811,11.18834],[125.01059,11.18774],[125.009377,11.18441],[125.006027,11.18691],[125.00708,11.19347],[125.009521,11.19846],[125.012497,11.2062],[125.020088,11.20422]]]]}},{"type":"Feature","properties":{"ID_0":177,"ISO":"PHL","NAME_0":"Philippines","ID_1":8037,"NAME_1":"Leyte","ID_2":803747,"NAME_2":"Tacloban City (Capital)","ID_3":831600124,"NAME_3":"Barangay 91","NL_NAME_3":null,"VARNAME_3":null,"TYPE_3":"Barangay","ENGTYPE_3":"Village","PROVINCE":"Leyte","REGION":"Region VIII (Eastern Visayas)","id":"barangay-0831600124","name":"Barangay 91","barangayCode":"0831600124","population":null,"formattedPop":null,"densityCategory":"No data","vulnerabilityRating":"No data","healthRiskLevel":"No data","areaKm2":3.271224,"centerLat":11.235394,"centerLng":124.983896,"geometrySource":"all_barangay-2.csv detailed WKT","geometryMatchMethod":"psgc_coordinate_bridge","boundaryPointCount":6},"geometry":{"type":"MultiPolygon","coordinates":[[[[124.971588,11.24253],[124.979919,11.23929],[124.984947,11.23755],[124.986237,11.23382],[124.972183,11.23243],[124.971588,11.24253]]]]}},{"type":"Feature","properties":{"ID_0":177,"ISO":"PHL","NAME_0":"Philippines","ID_1":8037,"NAME_1":"Leyte","ID_2":803747,"NAME_2":"Tacloban City (Capital)","ID_3":831600125,"NAME_3":"Barangay 92","NL_NAME_3":null,"VARNAME_3":null,"TYPE_3":"Barangay","ENGTYPE_3":"Village","PROVINCE":"Leyte","REGION":"Region VIII (Eastern Visayas)","id":"barangay-0831600125","name":"Barangay 92","barangayCode":"0831600125","population":null,"formattedPop":null,"densityCategory":"No data","vulnerabilityRating":"No data","healthRiskLevel":"No data","areaKm2":1.350855,"centerLat":11.219201,"centerLng":124.990131,"geometrySource":"all_barangay-2.csv detailed WKT","geometryMatchMethod":"psgc_coordinate_bridge","boundaryPointCount":10},"geometry":{"type":"MultiPolygon","coordinates":[[[[124.986237,11.23382],[124.99176,11.2308],[124.993729,11.22255],[124.994339,11.21962],[124.99147,11.21701],[124.984657,11.22398],[124.981163,11.22747],[124.972748,11.22365],[124.972183,11.23243],[124.986237,11.23382]]]]}},{"type":"Feature","properties":{"ID_0":177,"ISO":"PHL","NAME_0":"Philippines","ID_1":8037,"NAME_1":"Leyte","ID_2":803747,"NAME_2":"Tacloban City (Capital)","ID_3":831600127,"NAME_3":"Barangay 93","NL_NAME_3":null,"VARNAME_3":null,"TYPE_3":"Barangay","ENGTYPE_3":"Village","PROVINCE":"Leyte","REGION":"Region VIII (Eastern Visayas)","id":"barangay-0831600127","name":"Barangay 93","barangayCode":"0831600127","population":null,"formattedPop":null,"densityCategory":"No data","vulnerabilityRating":"No data","healthRiskLevel":"No data","areaKm2":3.576187,"centerLat":11.281712,"centerLng":124.957616,"geometrySource":"all_barangay-2.csv detailed WKT","geometryMatchMethod":"psgc_coordinate_bridge","boundaryPointCount":36},"geometry":{"type":"MultiPolygon","coordinates":[[[[124.965012,11.28691],[124.964897,11.28644],[124.964722,11.28599],[124.964531,11.2855],[124.964394,11.28496],[124.964172,11.28445],[124.963966,11.28394],[124.963852,11.2834],[124.963669,11.28287],[124.963348,11.28236],[124.963074,11.28183],[124.962807,11.28129],[124.962708,11.28076],[124.962708,11.28028],[124.962799,11.27985],[124.962982,11.27945],[124.963226,11.27908],[124.963501,11.27873],[124.963577,11.2786],[124.963737,11.27836],[124.963943,11.27804],[124.964127,11.27777],[124.964241,11.27746],[124.964394,11.27713],[124.964432,11.27669],[124.964447,11.27623],[124.963951,11.27625],[124.948593,11.27634],[124.936279,11.27646],[124.907738,11.27674],[124.901527,11.28218],[124.896858,11.28564],[124.914833,11.28887],[124.93644,11.29276],[124.964638,11.28684],[124.965012,11.28691]]]]}},{"type":"Feature","properties":{"ID_0":177,"ISO":"PHL","NAME_0":"Philippines","ID_1":8037,"NAME_1":"Leyte","ID_2":803747,"NAME_2":"Tacloban City (Capital)","ID_3":831600128,"NAME_3":"Barangay 94","NL_NAME_3":null,"VARNAME_3":null,"TYPE_3":"Barangay","ENGTYPE_3":"Village","PROVINCE":"Leyte","REGION":"Region VIII (Eastern Visayas)","id":"barangay-0831600128","name":"Barangay 94","barangayCode":"0831600128","population":null,"formattedPop":null,"densityCategory":"No data","vulnerabilityRating":"No data","healthRiskLevel":"No data","areaKm2":2.561637,"centerLat":11.254712,"centerLng":124.969493,"geometrySource":"all_barangay-2.csv detailed WKT","geometryMatchMethod":"psgc_coordinate_bridge","boundaryPointCount":25},"geometry":{"type":"MultiPolygon","coordinates":[[[[124.973686,11.26222],[124.974113,11.26199],[124.974289,11.26184],[124.974426,11.26172],[124.974716,11.26139],[124.975281,11.26083],[124.975281,11.25972],[124.975563,11.25944],[124.975563,11.25722],[124.97583,11.25694],[124.97583,11.25628],[124.97583,11.25611],[124.973099,11.24824],[124.971588,11.24253],[124.954224,11.24966],[124.955467,11.25402],[124.956573,11.25265],[124.9571,11.25575],[124.957138,11.25596],[124.958183,11.25823],[124.961227,11.25942],[124.965508,11.25909],[124.969887,11.26138],[124.971977,11.26033],[124.973686,11.26222]]]]}},{"type":"Feature","properties":{"ID_0":177,"ISO":"PHL","NAME_0":"Philippines","ID_1":8037,"NAME_1":"Leyte","ID_2":803747,"NAME_2":"Tacloban City (Capital)","ID_3":831600129,"NAME_3":"Barangay 95","NL_NAME_3":null,"VARNAME_3":null,"TYPE_3":"Barangay","ENGTYPE_3":"Village","PROVINCE":"Leyte","REGION":"Region VIII (Eastern Visayas)","id":"barangay-0831600129","name":"Barangay 95","barangayCode":"0831600129","population":null,"formattedPop":null,"densityCategory":"No data","vulnerabilityRating":"No data","healthRiskLevel":"No data","areaKm2":2.33418,"centerLat":11.21105,"centerLng":124.992873,"geometrySource":"all_barangay-2.csv detailed WKT","geometryMatchMethod":"psgc_coordinate_bridge","boundaryPointCount":12},"geometry":{"type":"MultiPolygon","coordinates":[[[[124.997589,11.21444],[124.996147,11.20879],[124.99279,11.19164],[124.989449,11.19276],[124.98658,11.19933],[124.981934,11.20457],[124.979187,11.20672],[124.974152,11.20963],[124.973091,11.2109],[124.979134,11.21565],[124.996353,11.2146],[124.997589,11.21444]]]]}},{"type":"Feature","properties":{"ID_0":177,"ISO":"PHL","NAME_0":"Philippines","ID_1":8037,"NAME_1":"Leyte","ID_2":803747,"NAME_2":"Tacloban City (Capital)","ID_3":831600130,"NAME_3":"Barangay 96","NL_NAME_3":null,"VARNAME_3":null,"TYPE_3":"Barangay","ENGTYPE_3":"Village","PROVINCE":"Leyte","REGION":"Region VIII (Eastern Visayas)","id":"barangay-0831600130","name":"Barangay 96","barangayCode":"0831600130","population":null,"formattedPop":null,"densityCategory":"No data","vulnerabilityRating":"No data","healthRiskLevel":"No data","areaKm2":0.585759,"centerLat":11.209527,"centerLng":125.000737,"geometrySource":"all_barangay-2.csv detailed WKT","geometryMatchMethod":"psgc_coordinate_bridge","boundaryPointCount":10},"geometry":{"type":"MultiPolygon","coordinates":[[[[124.997589,11.21444],[124.999107,11.21432],[125.004784,11.21359],[125.003082,11.20694],[125.000679,11.19876],[124.999931,11.19495],[124.999542,11.19013],[124.99279,11.19164],[124.996147,11.20879],[124.997589,11.21444]]]]}},{"type":"Feature","properties":{"ID_0":177,"ISO":"PHL","NAME_0":"Philippines","ID_1":8037,"NAME_1":"Leyte","ID_2":803747,"NAME_2":"Tacloban City (Capital)","ID_3":831600131,"NAME_3":"Barangay 97","NL_NAME_3":null,"VARNAME_3":null,"TYPE_3":"Barangay","ENGTYPE_3":"Village","PROVINCE":"Leyte","REGION":"Region VIII (Eastern Visayas)","id":"barangay-0831600131","name":"Barangay 97","barangayCode":"0831600131","population":null,"formattedPop":null,"densityCategory":"No data","vulnerabilityRating":"No data","healthRiskLevel":"No data","areaKm2":3.144834,"centerLat":11.298975,"centerLng":124.956,"geometrySource":"all_barangay-2.csv detailed WKT","geometryMatchMethod":"psgc_coordinate_bridge","boundaryPointCount":48},"geometry":{"type":"MultiPolygon","coordinates":[[[[124.964722,11.30774],[124.964722,11.30768],[124.964722,11.30711],[124.964737,11.30648],[124.964859,11.30583],[124.964996,11.30524],[124.965179,11.30467],[124.965317,11.30405],[124.965561,11.30345],[124.96579,11.30283],[124.965889,11.30213],[124.966072,11.30151],[124.966072,11.30091],[124.965897,11.30042],[124.965843,11.29998],[124.965721,11.29965],[124.965714,11.29937],[124.965233,11.29884],[124.966019,11.29835],[124.966057,11.29772],[124.965927,11.29702],[124.966057,11.29658],[124.965942,11.29586],[124.966003,11.29512],[124.966148,11.29473],[124.966057,11.29423],[124.965851,11.29372],[124.965302,11.29348],[124.965141,11.29341],[124.964813,11.29273],[124.964951,11.29213],[124.965111,11.29181],[124.965286,11.29151],[124.96537,11.29114],[124.965492,11.29076],[124.965553,11.29033],[124.965553,11.28984],[124.965553,11.28931],[124.965553,11.28876],[124.965477,11.28823],[124.965286,11.28779],[124.965134,11.28735],[124.965012,11.28691],[124.964638,11.28684],[124.93644,11.29276],[124.940407,11.31293],[124.964104,11.30788],[124.964722,11.30774]]]]}},{"type":"Feature","properties":{"ID_0":177,"ISO":"PHL","NAME_0":"Philippines","ID_1":8037,"NAME_1":"Leyte","ID_2":803747,"NAME_2":"Tacloban City (Capital)","ID_3":831600132,"NAME_3":"Barangay 98","NL_NAME_3":null,"VARNAME_3":null,"TYPE_3":"Barangay","ENGTYPE_3":"Village","PROVINCE":"Leyte","REGION":"Region VIII (Eastern Visayas)","id":"barangay-0831600132","name":"Barangay 98","barangayCode":"0831600132","population":null,"formattedPop":null,"densityCategory":"No data","vulnerabilityRating":"No data","healthRiskLevel":"No data","areaKm2":8.082789,"centerLat":11.293558,"centerLng":124.929339,"geometrySource":"all_barangay-2.csv detailed WKT","geometryMatchMethod":"psgc_coordinate_bridge","boundaryPointCount":8},"geometry":{"type":"MultiPolygon","coordinates":[[[[124.940407,11.31293],[124.93644,11.29276],[124.914833,11.28887],[124.896858,11.28564],[124.8974,11.31103],[124.896851,11.31248],[124.928726,11.31623],[124.940407,11.31293]]]]}},{"type":"Feature","properties":{"ID_0":177,"ISO":"PHL","NAME_0":"Philippines","ID_1":8037,"NAME_1":"Leyte","ID_2":803747,"NAME_2":"Tacloban City (Capital)","ID_3":831600133,"NAME_3":"Barangay 99","NL_NAME_3":null,"VARNAME_3":null,"TYPE_3":"Barangay","ENGTYPE_3":"Village","PROVINCE":"Leyte","REGION":"Region VIII (Eastern Visayas)","id":"barangay-0831600133","name":"Barangay 99","barangayCode":"0831600133","population":null,"formattedPop":null,"densityCategory":"No data","vulnerabilityRating":"No data","healthRiskLevel":"No data","areaKm2":2.01534,"centerLat":11.263077,"centerLng":124.965024,"geometrySource":"all_barangay-2.csv detailed WKT","geometryMatchMethod":"psgc_coordinate_bridge","boundaryPointCount":64},"geometry":{"type":"MultiPolygon","coordinates":[[[[124.97596,11.27273],[124.975761,11.2727],[124.975739,11.27298],[124.975479,11.27305],[124.975479,11.27329],[124.975479,11.27346],[124.976028,11.27391],[124.976669,11.27443],[124.976723,11.27387],[124.976738,11.27367],[124.976387,11.27332],[124.976387,11.27277],[124.97596,11.27273]]],[[[124.966759,11.2698],[124.967163,11.26976],[124.967613,11.26985],[124.967941,11.26985],[124.96817,11.26967],[124.968437,11.26933],[124.968697,11.269],[124.968857,11.26877],[124.968941,11.26864],[124.969147,11.26826],[124.969276,11.26778],[124.969421,11.26726],[124.969597,11.26669],[124.969849,11.26616],[124.970154,11.26571],[124.970467,11.26535],[124.970718,11.26499],[124.971024,11.26476],[124.971184,11.26441],[124.97139,11.26414],[124.971649,11.26386],[124.971931,11.26356],[124.972214,11.26326],[124.972488,11.26298],[124.97274,11.26274],[124.973007,11.26252],[124.958008,11.26287],[124.946472,11.26288],[124.948593,11.27634],[124.963951,11.27625],[124.964447,11.27623],[124.964493,11.27571],[124.96463,11.27523],[124.964706,11.27476],[124.964699,11.27429],[124.964607,11.27385],[124.964638,11.27351],[124.964653,11.27346],[124.964706,11.2731],[124.96476,11.27277],[124.96489,11.27247],[124.964958,11.27233],[124.96505,11.27217],[124.965218,11.27183],[124.96553,11.27157],[124.965874,11.27136],[124.966187,11.27113],[124.966301,11.27081],[124.966377,11.2706],[124.966507,11.27008],[124.966759,11.2698]]]]}},{"type":"Feature","properties":{"ID_0":177,"ISO":"PHL","NAME_0":"Philippines","ID_1":8037,"NAME_1":"Leyte","ID_2":803747,"NAME_2":"Tacloban City (Capital)","ID_3":831600134,"NAME_3":"Barangay 109","NL_NAME_3":null,"VARNAME_3":null,"TYPE_3":"Barangay","ENGTYPE_3":"Village","PROVINCE":"Leyte","REGION":"Region VIII (Eastern Visayas)","id":"barangay-0831600134","name":"Barangay 109","barangayCode":"0831600134","population":null,"formattedPop":null,"densityCategory":"No data","vulnerabilityRating":"No data","healthRiskLevel":"No data","areaKm2":1.469912,"centerLat":11.203213,"centerLng":124.995766,"geometrySource":"all_barangay-2.csv detailed WKT","geometryMatchMethod":"psgc_coordinate_bridge","boundaryPointCount":8},"geometry":{"type":"MultiPolygon","coordinates":[[[[124.995354,11.23084],[124.995483,11.22994],[124.99617,11.22744],[124.996773,11.22557],[124.997429,11.22328],[124.993729,11.22255],[124.99176,11.2308],[124.995354,11.23084]]]]}},{"type":"Feature","properties":{"ID_0":177,"ISO":"PHL","NAME_0":"Philippines","ID_1":8037,"NAME_1":"Leyte","ID_2":803747,"NAME_2":"Tacloban City (Capital)","ID_3":831600136,"NAME_3":"Barangay 110","NL_NAME_3":null,"VARNAME_3":null,"TYPE_3":"Barangay","ENGTYPE_3":"Village","PROVINCE":"Leyte","REGION":"Region VIII (Eastern Visayas)","id":"barangay-0831600136","name":"Barangay 110","barangayCode":"0831600136","population":null,"formattedPop":null,"densityCategory":"No data","vulnerabilityRating":"No data","healthRiskLevel":"No data","areaKm2":1.939789,"centerLat":11.226623,"centerLng":124.988651,"geometrySource":"all_barangay-2.csv detailed WKT","geometryMatchMethod":"psgc_coordinate_bridge","boundaryPointCount":13},"geometry":{"type":"MultiPolygon","coordinates":[[[[124.987068,11.24605],[124.988823,11.24253],[124.989418,11.24182],[124.990112,11.23998],[124.992104,11.23649],[124.993446,11.23389],[124.994148,11.23283],[124.994637,11.23197],[124.995354,11.23084],[124.99176,11.2308],[124.986237,11.23382],[124.984947,11.23755],[124.987068,11.24605]]]]}}]}
