{"type":"FeatureCollection","features":[{"type":"Feature","properties":{"ID_0":177,"ISO":"PHL","NAME_0":"Philippines","ID_1":8060,"NAME_1":"Samar (Western Samar)","ID_2":806003,"NAME_2":"Calbayog City","ID_3":806003001,"NAME_3":"Jose A. Roño","NL_NAME_3":null,"VARNAME_3":"Jose A. Rono","TYPE_3":"Barangay","ENGTYPE_3":"Village","PROVINCE":"Samar (Western Samar)","REGION":"Region VIII (Eastern Visayas)","id":"barangay-0806003001","name":"Jose A. Roño","barangayCode":"0806003001","population":null,"formattedPop":null,"densityCategory":"No data","vulnerabilityRating":"No data","healthRiskLevel":"No data","areaKm2":1.088685,"centerLat":12.205079,"centerLng":124.586631,"geometrySource":"barangays.geojson simplified fallback","geometryMatchMethod":"simplified_fallback","boundaryPointCount":4},"geometry":{"type":"Polygon","coordinates":[[[124.58083689600005,12.209903822000058],[124.59155587100008,12.208967832000042],[124.58809282400011,12.198873538000043],[124.58083689600005,12.209903822000058]]]}},{"type":"Feature","properties":{"ID_0":177,"ISO":"PHL","NAME_0":"Philippines","ID_1":8060,"NAME_1":"Samar (Western Samar)","ID_2":806003,"NAME_2":"Calbayog City","ID_3":806003002,"NAME_3":"Acedillo","NL_NAME_3":null,"VARNAME_3":null,"TYPE_3":"Barangay","ENGTYPE_3":"Village","PROVINCE":"Samar (Western Samar)","REGION":"Region VIII (Eastern Visayas)","id":"barangay-0806003002","name":"Acedillo","barangayCode":"0806003002","population":null,"formattedPop":null,"densityCategory":"No data","vulnerabilityRating":"No data","healthRiskLevel":"No data","areaKm2":2.325591,"centerLat":12.109901,"centerLng":124.552725,"geometrySource":"all_barangay-2.csv detailed WKT","geometryMatchMethod":"psgc_coordinate_bridge","boundaryPointCount":36},"geometry":{"type":"MultiPolygon","coordinates":[[[[124.554413,12.1216],[124.556679,12.11943],[124.559013,12.11771],[124.557777,12.10776],[124.556839,12.10642],[124.555794,12.10663],[124.555412,12.10598],[124.55471,12.10594],[124.553749,12.10576],[124.553627,12.10532],[124.552597,12.10554],[124.552223,12.10576],[124.552094,12.10532],[124.551971,12.10478],[124.551208,12.10445],[124.550163,12.10448],[124.549171,12.10423],[124.548531,12.1038],[124.547897,12.10325],[124.547829,12.10248],[124.546112,12.10273],[124.545731,12.10247],[124.545212,12.10255],[124.544777,12.10232],[124.544777,12.10187],[124.544518,12.10135],[124.54425,12.10135],[124.543854,12.10101],[124.543381,12.10075],[124.543121,12.10097],[124.542603,12.10097],[124.542252,12.10052],[124.541077,12.10009],[124.54496,12.11046],[124.549492,12.11868],[124.554413,12.1216]]]]}},{"type":"Feature","properties":{"ID_0":177,"ISO":"PHL","NAME_0":"Philippines","ID_1":8060,"NAME_1":"Samar (Western Samar)","ID_2":806003,"NAME_2":"Calbayog City","ID_3":806003003,"NAME_3":"Alibaba","NL_NAME_3":null,"VARNAME_3":null,"TYPE_3":"Barangay","ENGTYPE_3":"Village","PROVINCE":"Samar (Western Samar)","REGION":"Region VIII (Eastern Visayas)","id":"barangay-0806003003","name":"Alibaba","barangayCode":"0806003003","population":null,"formattedPop":null,"densityCategory":"No data","vulnerabilityRating":"No data","healthRiskLevel":"No data","areaKm2":1.688736,"centerLat":12.125928,"centerLng":124.650869,"geometrySource":"all_barangay-2.csv detailed WKT","geometryMatchMethod":"psgc_coordinate_bridge","boundaryPointCount":45},"geometry":{"type":"MultiPolygon","coordinates":[[[[124.637108,12.13641],[124.637627,12.13702],[124.639999,12.13767],[124.640358,12.13675],[124.641006,12.13709],[124.641403,12.13788],[124.64193,12.13754],[124.642227,12.13685],[124.642464,12.13607],[124.643372,12.13607],[124.643929,12.13587],[124.644043,12.13494],[124.645218,12.1346],[124.645981,12.13438],[124.64695,12.13471],[124.647942,12.13514],[124.648399,12.13573],[124.649048,12.13528],[124.649948,12.13506],[124.65065,12.13483],[124.650383,12.1337],[124.650909,12.13302],[124.651581,12.13307],[124.652634,12.13302],[124.653023,12.13325],[124.653816,12.13276],[124.653954,12.13189],[124.65329,12.13155],[124.65329,12.13099],[124.654213,12.13065],[124.654823,12.13004],[124.654869,12.12929],[124.655273,12.12873],[124.656052,12.12827],[124.656319,12.12782],[124.656837,12.12693],[124.656883,12.12623],[124.656693,12.12512],[124.656067,12.12158],[124.655907,12.11837],[124.655708,12.11617],[124.650757,12.11973],[124.647346,12.1258],[124.642258,12.13105],[124.637108,12.13641]]]]}},{"type":"Feature","properties":{"ID_0":177,"ISO":"PHL","NAME_0":"Philippines","ID_1":8060,"NAME_1":"Samar (Western Samar)","ID_2":806003,"NAME_2":"Calbayog City","ID_3":806003004,"NAME_3":"Amampacang","NL_NAME_3":null,"VARNAME_3":null,"TYPE_3":"Barangay","ENGTYPE_3":"Village","PROVINCE":"Samar (Western Samar)","REGION":"Region VIII (Eastern Visayas)","id":"barangay-0806003004","name":"Amampacang","barangayCode":"0806003004","population":null,"formattedPop":null,"densityCategory":"No data","vulnerabilityRating":"No data","healthRiskLevel":"No data","areaKm2":3.232466,"centerLat":12.098951,"centerLng":124.523839,"geometrySource":"all_barangay-2.csv detailed WKT","geometryMatchMethod":"psgc_coordinate_bridge","boundaryPointCount":11},"geometry":{"type":"MultiPolygon","coordinates":[[[[124.529793,12.10993],[124.529182,12.10701],[124.528732,12.10352],[124.529037,12.10143],[124.528893,12.09873],[124.529167,12.09405],[124.529533,12.09083],[124.520561,12.09011],[124.511864,12.09529],[124.52285,12.11385],[124.529793,12.10993]]]]}},{"type":"Feature","properties":{"ID_0":177,"ISO":"PHL","NAME_0":"Philippines","ID_1":8060,"NAME_1":"Samar (Western Samar)","ID_2":806003,"NAME_2":"Calbayog City","ID_3":806003005,"NAME_3":"Anislag","NL_NAME_3":null,"VARNAME_3":null,"TYPE_3":"Barangay","ENGTYPE_3":"Village","PROVINCE":"Samar (Western Samar)","REGION":"Region VIII (Eastern Visayas)","id":"barangay-0806003005","name":"Anislag","barangayCode":"0806003005","population":null,"formattedPop":null,"densityCategory":"No data","vulnerabilityRating":"No data","healthRiskLevel":"No data","areaKm2":0.766407,"centerLat":12.104792,"centerLng":124.533845,"geometrySource":"all_barangay-2.csv detailed WKT","geometryMatchMethod":"psgc_coordinate_bridge","boundaryPointCount":14},"geometry":{"type":"MultiPolygon","coordinates":[[[[124.529793,12.10993],[124.53801,12.11044],[124.537529,12.10892],[124.536247,12.10804],[124.535316,12.10709],[124.534889,12.10681],[124.535141,12.10594],[124.535927,12.10511],[124.536819,12.10296],[124.532837,12.10217],[124.529037,12.10143],[124.528732,12.10352],[124.529182,12.10701],[124.529793,12.10993]]]]}},{"type":"Feature","properties":{"ID_0":177,"ISO":"PHL","NAME_0":"Philippines","ID_1":8060,"NAME_1":"Samar (Western Samar)","ID_2":806003,"NAME_2":"Calbayog City","ID_3":806003007,"NAME_3":"Ba-ay","NL_NAME_3":null,"VARNAME_3":null,"TYPE_3":"Barangay","ENGTYPE_3":"Village","PROVINCE":"Samar (Western Samar)","REGION":"Region VIII (Eastern Visayas)","id":"barangay-0806003007","name":"Ba-ay","barangayCode":"0806003007","population":null,"formattedPop":null,"densityCategory":"No data","vulnerabilityRating":"No data","healthRiskLevel":"No data","areaKm2":9.214344,"centerLat":12.169075,"centerLng":124.459936,"geometrySource":"all_barangay-2.csv detailed WKT","geometryMatchMethod":"psgc_coordinate_bridge","boundaryPointCount":97},"geometry":{"type":"MultiPolygon","coordinates":[[[[124.480507,12.1763],[124.46949,12.16833],[124.469307,12.16778],[124.469276,12.16771],[124.469131,12.16727],[124.469528,12.16607],[124.469261,12.16578],[124.469231,12.16574],[124.468781,12.16526],[124.468773,12.165],[124.46875,12.16474],[124.467827,12.16397],[124.467827,12.16301],[124.467087,12.16252],[124.467003,12.16254],[124.466148,12.16269],[124.465317,12.16213],[124.464256,12.16124],[124.463348,12.16053],[124.462013,12.16027],[124.461777,12.15914],[124.461708,12.15825],[124.461632,12.15737],[124.461212,12.15726],[124.459511,12.1568],[124.458237,12.15672],[124.457153,12.15655],[124.455994,12.15608],[124.455757,12.15561],[124.455612,12.15415],[124.454109,12.15431],[124.45359,12.15437],[124.453278,12.1544],[124.451851,12.15479],[124.450348,12.15415],[124.450272,12.15414],[124.450119,12.15412],[124.450027,12.15424],[124.449333,12.15492],[124.448334,12.15505],[124.44783,12.15541],[124.447388,12.15579],[124.447151,12.15632],[124.446701,12.15658],[124.446457,12.15666],[124.446297,12.15671],[124.446007,12.15708],[124.445229,12.15821],[124.445084,12.1589],[124.444107,12.15973],[124.442459,12.16022],[124.442192,12.1606],[124.44136,12.16158],[124.440239,12.16255],[124.4394,12.16296],[124.437447,12.16323],[124.436172,12.16274],[124.436203,12.16432],[124.436287,12.16569],[124.436836,12.16599],[124.436737,12.16605],[124.437187,12.16702],[124.436256,12.1675],[124.436821,12.16815],[124.437759,12.16799],[124.438889,12.16831],[124.439827,12.16895],[124.440392,12.16976],[124.440392,12.1704],[124.440773,12.17137],[124.441521,12.17185],[124.441887,12.17233],[124.443092,12.17312],[124.443771,12.17362],[124.444527,12.17346],[124.444901,12.1741],[124.44606,12.17585],[124.44622,12.17668],[124.445663,12.17732],[124.44622,12.17813],[124.446587,12.17877],[124.447769,12.17909],[124.447906,12.18006],[124.449173,12.1802],[124.450172,12.18022],[124.45092,12.17958],[124.45208,12.17932],[124.453552,12.17926],[124.455994,12.17972],[124.45713,12.17942],[124.458252,12.17974],[124.460373,12.1805],[124.46302,12.18176],[124.468407,12.18547],[124.470551,12.18685],[124.474533,12.18753],[124.480507,12.1763]]]]}},{"type":"Feature","properties":{"ID_0":177,"ISO":"PHL","NAME_0":"Philippines","ID_1":8060,"NAME_1":"Samar (Western Samar)","ID_2":806003,"NAME_2":"Calbayog City","ID_3":806003008,"NAME_3":"Bagacay","NL_NAME_3":null,"VARNAME_3":null,"TYPE_3":"Barangay","ENGTYPE_3":"Village","PROVINCE":"Samar (Western Samar)","REGION":"Region VIII (Eastern Visayas)","id":"barangay-0806003008","name":"Bagacay","barangayCode":"0806003008","population":null,"formattedPop":null,"densityCategory":"No data","vulnerabilityRating":"No data","healthRiskLevel":"No data","areaKm2":1.554633,"centerLat":12.062806,"centerLng":124.617097,"geometrySource":"all_barangay-2.csv detailed WKT","geometryMatchMethod":"psgc_coordinate_bridge","boundaryPointCount":13},"geometry":{"type":"MultiPolygon","coordinates":[[[[124.622704,12.06743],[124.616493,12.05678],[124.616272,12.05688],[124.61515,12.0575],[124.612839,12.05881],[124.611313,12.05909],[124.610626,12.05917],[124.609077,12.06035],[124.607399,12.06131],[124.605583,12.06228],[124.604599,12.06265],[124.610611,12.07316],[124.622704,12.06743]]]]}},{"type":"Feature","properties":{"ID_0":177,"ISO":"PHL","NAME_0":"Philippines","ID_1":8060,"NAME_1":"Samar (Western Samar)","ID_2":806003,"NAME_2":"Calbayog City","ID_3":806003009,"NAME_3":"Baja","NL_NAME_3":null,"VARNAME_3":null,"TYPE_3":"Barangay","ENGTYPE_3":"Village","PROVINCE":"Samar (Western Samar)","REGION":"Region VIII (Eastern Visayas)","id":"barangay-0806003009","name":"Baja","barangayCode":"0806003009","population":null,"formattedPop":null,"densityCategory":"No data","vulnerabilityRating":"No data","healthRiskLevel":"No data","areaKm2":4.84345,"centerLat":12.164388,"centerLng":124.556586,"geometrySource":"all_barangay-2.csv detailed WKT","geometryMatchMethod":"psgc_coordinate_bridge","boundaryPointCount":109},"geometry":{"type":"MultiPolygon","coordinates":[[[[124.541428,12.17465],[124.560623,12.17886],[124.561241,12.17835],[124.561996,12.17714],[124.562134,12.17632],[124.562447,12.1749],[124.564072,12.17521],[124.564796,12.17528],[124.565643,12.17538],[124.566368,12.1758],[124.567062,12.17613],[124.567337,12.17664],[124.568077,12.17684],[124.56868,12.17684],[124.56916,12.17715],[124.569611,12.17734],[124.57,12.17671],[124.569359,12.17587],[124.568581,12.17386],[124.567879,12.17274],[124.566833,12.17163],[124.565331,12.17136],[124.564461,12.17059],[124.563713,12.1707],[124.563339,12.17049],[124.563103,12.17008],[124.562263,12.17008],[124.56147,12.17006],[124.560677,12.17019],[124.560799,12.16947],[124.560822,12.16866],[124.56102,12.16767],[124.561752,12.16726],[124.562401,12.16661],[124.56353,12.16542],[124.563927,12.16508],[124.564293,12.16456],[124.564598,12.16388],[124.565033,12.16321],[124.565033,12.16249],[124.565147,12.16187],[124.56559,12.161],[124.566116,12.16051],[124.566002,12.1601],[124.566307,12.1593],[124.565498,12.15869],[124.564171,12.15798],[124.562279,12.15823],[124.561867,12.15907],[124.561394,12.15948],[124.560913,12.15979],[124.560181,12.15958],[124.559578,12.15989],[124.559334,12.16051],[124.558701,12.1608],[124.558357,12.16131],[124.558113,12.16193],[124.557808,12.16262],[124.557022,12.16266],[124.556824,12.16156],[124.556793,12.16069],[124.556664,12.16007],[124.5569,12.15894],[124.557388,12.15801],[124.557449,12.15767],[124.557938,12.1558],[124.558609,12.15444],[124.559441,12.15229],[124.560303,12.15251],[124.561028,12.15098],[124.559669,12.14829],[124.557709,12.14764],[124.555481,12.14818],[124.551826,12.14991],[124.551682,12.15067],[124.551399,12.15141],[124.551247,12.15214],[124.551826,12.15227],[124.552551,12.15249],[124.552551,12.15313],[124.552551,12.15399],[124.552116,12.15453],[124.551689,12.15523],[124.550667,12.15498],[124.550591,12.15573],[124.550484,12.15641],[124.550613,12.15697],[124.550247,12.15758],[124.549667,12.15856],[124.550011,12.15945],[124.550102,12.16017],[124.549522,12.16042],[124.549088,12.1614],[124.549377,12.16214],[124.549026,12.16302],[124.547943,12.16387],[124.546783,12.16448],[124.546349,12.16596],[124.546043,12.16705],[124.545326,12.16781],[124.544891,12.16818],[124.544029,12.16879],[124.544029,12.16953],[124.544029,12.17003],[124.543289,12.17131],[124.543022,12.17225],[124.542587,12.17336],[124.541946,12.17432],[124.541428,12.17465]]]]}},{"type":"Feature","properties":{"ID_0":177,"ISO":"PHL","NAME_0":"Philippines","ID_1":8060,"NAME_1":"Samar (Western Samar)","ID_2":806003,"NAME_2":"Calbayog City","ID_3":806003010,"NAME_3":"Balud","NL_NAME_3":null,"VARNAME_3":null,"TYPE_3":"Barangay","ENGTYPE_3":"Village","PROVINCE":"Samar (Western Samar)","REGION":"Region VIII (Eastern Visayas)","id":"barangay-0806003010","name":"Balud","barangayCode":"0806003010","population":null,"formattedPop":null,"densityCategory":"No data","vulnerabilityRating":"No data","healthRiskLevel":"No data","areaKm2":0.119409,"centerLat":12.075205,"centerLng":124.599983,"geometrySource":"all_barangay-2.csv detailed WKT","geometryMatchMethod":"psgc_coordinate_bridge","boundaryPointCount":11},"geometry":{"type":"MultiPolygon","coordinates":[[[[124.600853,12.07721],[124.598534,12.0743],[124.59481,12.0759],[124.595268,12.07649],[124.595627,12.07702],[124.59626,12.07727],[124.596443,12.07788],[124.59671,12.07834],[124.597076,12.0785],[124.597672,12.07925],[124.600853,12.07721]]]]}},{"type":"Feature","properties":{"ID_0":177,"ISO":"PHL","NAME_0":"Philippines","ID_1":8060,"NAME_1":"Samar (Western Samar)","ID_2":806003,"NAME_2":"Calbayog City","ID_3":806003011,"NAME_3":"Bante","NL_NAME_3":null,"VARNAME_3":null,"TYPE_3":"Barangay","ENGTYPE_3":"Village","PROVINCE":"Samar (Western Samar)","REGION":"Region VIII (Eastern Visayas)","id":"barangay-0806003011","name":"Bante","barangayCode":"0806003011","population":null,"formattedPop":null,"densityCategory":"No data","vulnerabilityRating":"No data","healthRiskLevel":"No data","areaKm2":0.338992,"centerLat":12.100619,"centerLng":124.495717,"geometrySource":"all_barangay-2.csv detailed WKT","geometryMatchMethod":"psgc_coordinate_bridge","boundaryPointCount":13},"geometry":{"type":"MultiPolygon","coordinates":[[[[124.490044,12.10003],[124.494453,12.10627],[124.49749,12.10235],[124.495277,12.09816],[124.495049,12.09846],[124.493927,12.09915],[124.493233,12.09915],[124.492142,12.09858],[124.491669,12.09833],[124.491188,12.0991],[124.490936,12.09948],[124.490097,12.09996],[124.490044,12.10003]]]]}},{"type":"Feature","properties":{"ID_0":177,"ISO":"PHL","NAME_0":"Philippines","ID_1":8060,"NAME_1":"Samar (Western Samar)","ID_2":806003,"NAME_2":"Calbayog City","ID_3":806003012,"NAME_3":"Bantian","NL_NAME_3":null,"VARNAME_3":null,"TYPE_3":"Barangay","ENGTYPE_3":"Village","PROVINCE":"Samar (Western Samar)","REGION":"Region VIII (Eastern Visayas)","id":"barangay-0806003012","name":"Bantian","barangayCode":"0806003012","population":null,"formattedPop":null,"densityCategory":"No data","vulnerabilityRating":"No data","healthRiskLevel":"No data","areaKm2":4.365891,"centerLat":12.143118,"centerLng":124.479456,"geometrySource":"all_barangay-2.csv detailed WKT","geometryMatchMethod":"psgc_coordinate_bridge","boundaryPointCount":30},"geometry":{"type":"MultiPolygon","coordinates":[[[[124.493629,12.15005],[124.471916,12.13293],[124.466263,12.12874],[124.46611,12.12889],[124.46611,12.12917],[124.465843,12.12944],[124.46611,12.12972],[124.466454,12.13012],[124.467163,12.13068],[124.466743,12.13136],[124.466171,12.13185],[124.465332,12.13233],[124.464912,12.13316],[124.463478,12.13333],[124.463333,12.13361],[124.463058,12.13389],[124.463058,12.13417],[124.46299,12.13451],[124.46299,12.13479],[124.462921,12.13507],[124.462784,12.13528],[124.462639,12.1358],[124.462334,12.13618],[124.461952,12.13656],[124.461487,12.13691],[124.460983,12.13718],[124.460419,12.13738],[124.459778,12.13801],[124.48838,12.16059],[124.493629,12.15005]]]]}},{"type":"Feature","properties":{"ID_0":177,"ISO":"PHL","NAME_0":"Philippines","ID_1":8060,"NAME_1":"Samar (Western Samar)","ID_2":806003,"NAME_2":"Calbayog City","ID_3":806003013,"NAME_3":"Basud","NL_NAME_3":null,"VARNAME_3":null,"TYPE_3":"Barangay","ENGTYPE_3":"Village","PROVINCE":"Samar (Western Samar)","REGION":"Region VIII (Eastern Visayas)","id":"barangay-0806003013","name":"Basud","barangayCode":"0806003013","population":null,"formattedPop":null,"densityCategory":"No data","vulnerabilityRating":"No data","healthRiskLevel":"No data","areaKm2":2.221682,"centerLat":12.063779,"centerLng":124.546616,"geometrySource":"all_barangay-2.csv detailed WKT","geometryMatchMethod":"psgc_coordinate_bridge","boundaryPointCount":72},"geometry":{"type":"MultiPolygon","coordinates":[[[[124.56015,12.06841],[124.560089,12.06789],[124.560059,12.06763],[124.560837,12.06688],[124.561363,12.06643],[124.561539,12.06583],[124.561653,12.06507],[124.561562,12.06434],[124.56102,12.064],[124.557953,12.06317],[124.556961,12.06262],[124.55542,12.06207],[124.554314,12.06152],[124.553322,12.06097],[124.551933,12.06],[124.550797,12.06],[124.549957,12.05987],[124.548988,12.05973],[124.547729,12.05945],[124.545502,12.05834],[124.545036,12.05833],[124.544594,12.05827],[124.544212,12.05811],[124.543823,12.05807],[124.543449,12.05807],[124.543129,12.05802],[124.542908,12.05786],[124.542633,12.05773],[124.542267,12.05757],[124.541817,12.05758],[124.541267,12.05751],[124.540733,12.05751],[124.540283,12.05766],[124.539864,12.0576],[124.539207,12.05737],[124.538811,12.0573],[124.538208,12.05743],[124.537643,12.05736],[124.537064,12.05738],[124.536507,12.05762],[124.535393,12.05759],[124.535248,12.05828],[124.535797,12.05953],[124.535744,12.06024],[124.535843,12.0607],[124.535896,12.06111],[124.536041,12.06125],[124.536186,12.06167],[124.536247,12.06204],[124.536324,12.06243],[124.536392,12.06333],[124.536392,12.06361],[124.536667,12.06389],[124.536667,12.06417],[124.536942,12.06444],[124.536942,12.06472],[124.537216,12.065],[124.537216,12.06528],[124.537498,12.06556],[124.537498,12.06583],[124.537781,12.06611],[124.537781,12.06694],[124.538063,12.06722],[124.538063,12.06778],[124.537781,12.06806],[124.537781,12.06833],[124.537498,12.06861],[124.537498,12.06917],[124.537216,12.06944],[124.537079,12.07],[124.53698,12.0702],[124.56015,12.06841]]]]}},{"type":"Feature","properties":{"ID_0":177,"ISO":"PHL","NAME_0":"Philippines","ID_1":8060,"NAME_1":"Samar (Western Samar)","ID_2":806003,"NAME_2":"Calbayog City","ID_3":806003015,"NAME_3":"Bayo","NL_NAME_3":null,"VARNAME_3":null,"TYPE_3":"Barangay","ENGTYPE_3":"Village","PROVINCE":"Samar (Western Samar)","REGION":"Region VIII (Eastern Visayas)","id":"barangay-0806003015","name":"Bayo","barangayCode":"0806003015","population":null,"formattedPop":null,"densityCategory":"No data","vulnerabilityRating":"No data","healthRiskLevel":"No data","areaKm2":8.472376,"centerLat":12.265645,"centerLng":124.465489,"geometrySource":"all_barangay-2.csv detailed WKT","geometryMatchMethod":"psgc_coordinate_bridge","boundaryPointCount":38},"geometry":{"type":"MultiPolygon","coordinates":[[[[124.485397,12.26707],[124.484413,12.26595],[124.483833,12.26502],[124.482559,12.26494],[124.481377,12.26494],[124.481056,12.26438],[124.480042,12.26494],[124.478691,12.26523],[124.47802,12.26437],[124.477348,12.26379],[124.476341,12.26322],[124.475708,12.26327],[124.474831,12.2625],[124.473969,12.26205],[124.472649,12.26134],[124.471977,12.26077],[124.470627,12.26077],[124.469757,12.26121],[124.468613,12.26163],[124.46772,12.26109],[124.467049,12.26052],[124.465874,12.26023],[124.464859,12.2598],[124.464363,12.25893],[124.462608,12.25832],[124.459953,12.25717],[124.443733,12.25068],[124.43853,12.26032],[124.480103,12.28569],[124.484261,12.2711],[124.485863,12.27086],[124.486656,12.27051],[124.487022,12.26947],[124.486351,12.26875],[124.48568,12.26803],[124.485481,12.26781],[124.485558,12.26746],[124.485397,12.26707]]]]}},{"type":"Feature","properties":{"ID_0":177,"ISO":"PHL","NAME_0":"Philippines","ID_1":8060,"NAME_1":"Samar (Western Samar)","ID_2":806003,"NAME_2":"Calbayog City","ID_3":806003016,"NAME_3":"Begaho","NL_NAME_3":null,"VARNAME_3":null,"TYPE_3":"Barangay","ENGTYPE_3":"Village","PROVINCE":"Samar (Western Samar)","REGION":"Region VIII (Eastern Visayas)","id":"barangay-0806003016","name":"Begaho","barangayCode":"0806003016","population":null,"formattedPop":null,"densityCategory":"No data","vulnerabilityRating":"No data","healthRiskLevel":"No data","areaKm2":1.866781,"centerLat":12.117387,"centerLng":124.539373,"geometrySource":"all_barangay-2.csv detailed WKT","geometryMatchMethod":"psgc_coordinate_bridge","boundaryPointCount":32},"geometry":{"type":"MultiPolygon","coordinates":[[[[124.548111,12.12619],[124.543892,12.12039],[124.53801,12.11044],[124.529793,12.10993],[124.531509,12.11762],[124.532417,12.12116],[124.533546,12.12351],[124.534737,12.12687],[124.535454,12.12866],[124.535896,12.12855],[124.53653,12.1279],[124.536522,12.12702],[124.536667,12.12658],[124.537552,12.12658],[124.538307,12.12702],[124.538834,12.12702],[124.538963,12.12626],[124.539307,12.12552],[124.539841,12.12538],[124.540352,12.12527],[124.540733,12.12549],[124.540466,12.12636],[124.541557,12.12639],[124.542137,12.12658],[124.5429,12.12691],[124.543747,12.12664],[124.544693,12.1268],[124.54554,12.12729],[124.546631,12.12728],[124.547363,12.12702],[124.547607,12.12658],[124.548111,12.12619]]]]}},{"type":"Feature","properties":{"ID_0":177,"ISO":"PHL","NAME_0":"Philippines","ID_1":8060,"NAME_1":"Samar (Western Samar)","ID_2":806003,"NAME_2":"Calbayog City","ID_3":806003017,"NAME_3":"Binaliw","NL_NAME_3":null,"VARNAME_3":null,"TYPE_3":"Barangay","ENGTYPE_3":"Village","PROVINCE":"Samar (Western Samar)","REGION":"Region VIII (Eastern Visayas)","id":"barangay-0806003017","name":"Binaliw","barangayCode":"0806003017","population":null,"formattedPop":null,"densityCategory":"No data","vulnerabilityRating":"No data","healthRiskLevel":"No data","areaKm2":3.679863,"centerLat":12.159149,"centerLng":124.469382,"geometrySource":"all_barangay-2.csv detailed WKT","geometryMatchMethod":"psgc_coordinate_bridge","boundaryPointCount":56},"geometry":{"type":"MultiPolygon","coordinates":[[[[124.480507,12.1763],[124.4814,12.17443],[124.484352,12.16791],[124.456787,12.14681],[124.455627,12.14615],[124.451874,12.14635],[124.451172,12.14638],[124.451157,12.14678],[124.45137,12.14726],[124.451843,12.14733],[124.45195,12.14777],[124.451897,12.14825],[124.452026,12.14864],[124.451927,12.14903],[124.451874,12.14938],[124.451561,12.1501],[124.450867,12.15134],[124.450996,12.15217],[124.450996,12.153],[124.450119,12.15412],[124.450272,12.15414],[124.450348,12.15415],[124.451851,12.15479],[124.453278,12.1544],[124.45359,12.15437],[124.454109,12.15431],[124.455612,12.15415],[124.455757,12.15561],[124.455994,12.15608],[124.457153,12.15655],[124.458237,12.15672],[124.459511,12.1568],[124.461212,12.15726],[124.461632,12.15737],[124.461708,12.15825],[124.461777,12.15914],[124.462013,12.16027],[124.463348,12.16053],[124.464256,12.16124],[124.465317,12.16213],[124.466148,12.16269],[124.467003,12.16254],[124.467087,12.16252],[124.467827,12.16301],[124.467827,12.16397],[124.46875,12.16474],[124.468773,12.165],[124.468781,12.16526],[124.469231,12.16574],[124.469261,12.16578],[124.469528,12.16607],[124.469131,12.16727],[124.469276,12.16771],[124.469307,12.16778],[124.46949,12.16833],[124.480507,12.1763]]]]}},{"type":"Feature","properties":{"ID_0":177,"ISO":"PHL","NAME_0":"Philippines","ID_1":8060,"NAME_1":"Samar (Western Samar)","ID_2":806003,"NAME_2":"Calbayog City","ID_3":806003018,"NAME_3":"Bugtong","NL_NAME_3":null,"VARNAME_3":null,"TYPE_3":"Barangay","ENGTYPE_3":"Village","PROVINCE":"Samar (Western Samar)","REGION":"Region VIII (Eastern Visayas)","id":"barangay-0806003018","name":"Bugtong","barangayCode":"0806003018","population":null,"formattedPop":null,"densityCategory":"No data","vulnerabilityRating":"No data","healthRiskLevel":"No data","areaKm2":9.8292,"centerLat":12.264752,"centerLng":124.397551,"geometrySource":"all_barangay-2.csv detailed WKT","geometryMatchMethod":"psgc_coordinate_bridge","boundaryPointCount":20},"geometry":{"type":"MultiPolygon","coordinates":[[[[124.358902,12.27563],[124.428871,12.27954],[124.432114,12.27319],[124.363541,12.26282],[124.363197,12.26301],[124.362938,12.26405],[124.362099,12.26515],[124.361382,12.26564],[124.360573,12.266],[124.360283,12.26667],[124.360283,12.26722],[124.360153,12.26772],[124.360237,12.26823],[124.360153,12.26902],[124.360008,12.27012],[124.359253,12.27143],[124.359238,12.27155],[124.359169,12.27354],[124.359039,12.27507],[124.358902,12.27563]]]]}},{"type":"Feature","properties":{"ID_0":177,"ISO":"PHL","NAME_0":"Philippines","ID_1":8060,"NAME_1":"Samar (Western Samar)","ID_2":806003,"NAME_2":"Calbayog City","ID_3":806003019,"NAME_3":"Buenavista","NL_NAME_3":null,"VARNAME_3":null,"TYPE_3":"Barangay","ENGTYPE_3":"Village","PROVINCE":"Samar (Western Samar)","REGION":"Region VIII (Eastern Visayas)","id":"barangay-0806003019","name":"Buenavista","barangayCode":"0806003019","population":null,"formattedPop":null,"densityCategory":"No data","vulnerabilityRating":"No data","healthRiskLevel":"No data","areaKm2":7.96568,"centerLat":12.218465,"centerLng":124.720153,"geometrySource":"all_barangay-2.csv detailed WKT","geometryMatchMethod":"psgc_coordinate_bridge","boundaryPointCount":63},"geometry":{"type":"MultiPolygon","coordinates":[[[[124.711082,12.23404],[124.71434,12.23255],[124.718803,12.2302],[124.723686,12.22611],[124.729843,12.22054],[124.739449,12.21596],[124.738289,12.21415],[124.736023,12.20634],[124.735573,12.2043],[124.735153,12.20364],[124.734779,12.20302],[124.734177,12.20291],[124.733688,12.20333],[124.733093,12.20281],[124.732239,12.2025],[124.73114,12.20304],[124.730667,12.20375],[124.730309,12.20437],[124.729713,12.20339],[124.728729,12.20354],[124.728851,12.20416],[124.728477,12.20603],[124.728127,12.20666],[124.72776,12.20603],[124.727638,12.20437],[124.727417,12.20386],[124.726669,12.20416],[124.726044,12.20382],[124.725578,12.20437],[124.724609,12.20437],[124.724007,12.20479],[124.723763,12.20406],[124.724007,12.20364],[124.723846,12.20293],[124.722923,12.20302],[124.722549,12.20364],[124.722031,12.20402],[124.7118,12.21631],[124.70668,12.22209],[124.700363,12.22811],[124.694122,12.23643],[124.695107,12.23689],[124.696587,12.23697],[124.698723,12.23735],[124.699043,12.23782],[124.699219,12.23858],[124.699928,12.23858],[124.700462,12.23843],[124.701538,12.23782],[124.701576,12.23654],[124.701721,12.23597],[124.701897,12.23521],[124.703461,12.23483],[124.704224,12.23506],[124.704941,12.23567],[124.70565,12.23491],[124.706734,12.23503],[124.707619,12.23476],[124.708687,12.23491],[124.709396,12.2343],[124.70993,12.23475],[124.710457,12.23491],[124.711082,12.23404]]]]}},{"type":"Feature","properties":{"ID_0":177,"ISO":"PHL","NAME_0":"Philippines","ID_1":8060,"NAME_1":"Samar (Western Samar)","ID_2":806003,"NAME_2":"Calbayog City","ID_3":806003020,"NAME_3":"Cabacungan","NL_NAME_3":null,"VARNAME_3":null,"TYPE_3":"Barangay","ENGTYPE_3":"Village","PROVINCE":"Samar (Western Samar)","REGION":"Region VIII (Eastern Visayas)","id":"barangay-0806003020","name":"Cabacungan","barangayCode":"0806003020","population":null,"formattedPop":null,"densityCategory":"No data","vulnerabilityRating":"No data","healthRiskLevel":"No data","areaKm2":3.299479,"centerLat":12.175754,"centerLng":124.575427,"geometrySource":"all_barangay-2.csv detailed WKT","geometryMatchMethod":"psgc_coordinate_bridge","boundaryPointCount":61},"geometry":{"type":"MultiPolygon","coordinates":[[[[124.566513,12.18892],[124.567543,12.18885],[124.568314,12.18858],[124.573547,12.18438],[124.578346,12.18285],[124.58667,12.17835],[124.585327,12.17685],[124.583199,12.17631],[124.582268,12.17571],[124.582626,12.17305],[124.584343,12.17179],[124.585121,12.17043],[124.58596,12.16862],[124.586113,12.16659],[124.579483,12.16915],[124.57164,12.17066],[124.566833,12.17163],[124.567879,12.17274],[124.568581,12.17386],[124.569359,12.17587],[124.57,12.17671],[124.569611,12.17734],[124.56916,12.17715],[124.56868,12.17684],[124.568077,12.17684],[124.567337,12.17664],[124.567062,12.17613],[124.566368,12.1758],[124.565643,12.17538],[124.564796,12.17528],[124.564072,12.17521],[124.562447,12.1749],[124.562134,12.17632],[124.561996,12.17714],[124.561241,12.17835],[124.560623,12.17886],[124.560516,12.17942],[124.560516,12.18014],[124.561127,12.18035],[124.561607,12.17994],[124.562073,12.18019],[124.563332,12.18018],[124.563927,12.18026],[124.564407,12.18005],[124.564774,12.18046],[124.564957,12.18106],[124.565132,12.18162],[124.564857,12.18303],[124.564537,12.18352],[124.564293,12.18414],[124.564049,12.18486],[124.564537,12.18507],[124.565178,12.18466],[124.565376,12.18528],[124.565857,12.18559],[124.565742,12.1861],[124.565208,12.18663],[124.565018,12.18765],[124.565353,12.18826],[124.565857,12.18868],[124.566513,12.18892]]]]}},{"type":"Feature","properties":{"ID_0":177,"ISO":"PHL","NAME_0":"Philippines","ID_1":8060,"NAME_1":"Samar (Western Samar)","ID_2":806003,"NAME_2":"Calbayog City","ID_3":806003021,"NAME_3":"Cabatuan","NL_NAME_3":null,"VARNAME_3":null,"TYPE_3":"Barangay","ENGTYPE_3":"Village","PROVINCE":"Samar (Western Samar)","REGION":"Region VIII (Eastern Visayas)","id":"barangay-0806003021","name":"Cabatuan","barangayCode":"0806003021","population":null,"formattedPop":null,"densityCategory":"No data","vulnerabilityRating":"No data","healthRiskLevel":"No data","areaKm2":15.043292,"centerLat":12.208109,"centerLng":124.535748,"geometrySource":"all_barangay-2.csv detailed WKT","geometryMatchMethod":"psgc_coordinate_bridge","boundaryPointCount":98},"geometry":{"type":"MultiPolygon","coordinates":[[[[124.550781,12.22608],[124.563858,12.20912],[124.564667,12.19745],[124.563629,12.1969],[124.562714,12.19686],[124.562248,12.19658],[124.562134,12.19573],[124.561371,12.19551],[124.560677,12.19497],[124.559624,12.19465],[124.558769,12.19409],[124.558113,12.19368],[124.55748,12.194],[124.5578,12.19473],[124.556953,12.19598],[124.556717,12.19647],[124.556221,12.19755],[124.555946,12.1983],[124.554077,12.19973],[124.553963,12.20034],[124.553337,12.20077],[124.552711,12.20055],[124.551712,12.19991],[124.551102,12.20016],[124.550453,12.20056],[124.549828,12.20013],[124.549454,12.20056],[124.549202,12.20056],[124.548714,12.20045],[124.547607,12.20038],[124.546013,12.20079],[124.543648,12.20054],[124.540489,12.20024],[124.537621,12.20073],[124.534737,12.20043],[124.533386,12.20023],[124.532639,12.20023],[124.532387,12.19948],[124.531761,12.19895],[124.531013,12.19895],[124.530144,12.19852],[124.528633,12.19852],[124.527832,12.19838],[124.526756,12.19745],[124.526253,12.19713],[124.525131,12.19659],[124.524246,12.1967],[124.523872,12.19659],[124.52243,12.19632],[124.521339,12.19632],[124.521271,12.19745],[124.520973,12.1981],[124.52063,12.19881],[124.51976,12.19867],[124.518951,12.19924],[124.518448,12.19967],[124.517441,12.19981],[124.516769,12.19981],[124.515747,12.20024],[124.516197,12.20074],[124.515747,12.20153],[124.514771,12.20158],[124.513908,12.20168],[124.513069,12.20168],[124.512062,12.20182],[124.511391,12.20166],[124.510719,12.20239],[124.510872,12.2031],[124.510887,12.20382],[124.510719,12.20439],[124.510048,12.20454],[124.509537,12.20482],[124.508522,12.20512],[124.50769,12.20611],[124.506737,12.2063],[124.505676,12.2064],[124.504669,12.20654],[124.504669,12.20754],[124.504219,12.20787],[124.504333,12.20855],[124.504501,12.20955],[124.504501,12.21069],[124.503593,12.21112],[124.502647,12.21127],[124.501823,12.21184],[124.501984,12.21292],[124.50148,12.21357],[124.50148,12.21414],[124.502319,12.21471],[124.502647,12.21528],[124.502647,12.21614],[124.502151,12.21685],[124.502388,12.21774],[124.542969,12.22145],[124.546013,12.2218],[124.548279,12.22374],[124.550194,12.22479],[124.550781,12.22608]]]]}},{"type":"Feature","properties":{"ID_0":177,"ISO":"PHL","NAME_0":"Philippines","ID_1":8060,"NAME_1":"Samar (Western Samar)","ID_2":806003,"NAME_2":"Calbayog City","ID_3":806003022,"NAME_3":"Cabicahan","NL_NAME_3":null,"VARNAME_3":null,"TYPE_3":"Barangay","ENGTYPE_3":"Village","PROVINCE":"Samar (Western Samar)","REGION":"Region VIII (Eastern Visayas)","id":"barangay-0806003022","name":"Cabicahan","barangayCode":"0806003022","population":null,"formattedPop":null,"densityCategory":"No data","vulnerabilityRating":"No data","healthRiskLevel":"No data","areaKm2":2.497333,"centerLat":12.169149,"centerLng":124.605936,"geometrySource":"all_barangay-2.csv detailed WKT","geometryMatchMethod":"psgc_coordinate_bridge","boundaryPointCount":11},"geometry":{"type":"MultiPolygon","coordinates":[[[[124.606117,12.17799],[124.61953,12.17612],[124.599342,12.1609],[124.598557,12.16215],[124.595543,12.16376],[124.593826,12.16463],[124.593391,12.16632],[124.593987,12.16806],[124.594582,12.16918],[124.594467,12.1698],[124.606117,12.17799]]]]}},{"type":"Feature","properties":{"ID_0":177,"ISO":"PHL","NAME_0":"Philippines","ID_1":8060,"NAME_1":"Samar (Western Samar)","ID_2":806003,"NAME_2":"Calbayog City","ID_3":806003023,"NAME_3":"Cabugawan","NL_NAME_3":null,"VARNAME_3":null,"TYPE_3":"Barangay","ENGTYPE_3":"Village","PROVINCE":"Samar (Western Samar)","REGION":"Region VIII (Eastern Visayas)","id":"barangay-0806003023","name":"Cabugawan","barangayCode":"0806003023","population":null,"formattedPop":null,"densityCategory":"No data","vulnerabilityRating":"No data","healthRiskLevel":"No data","areaKm2":3.233549,"centerLat":12.146965,"centerLng":124.542978,"geometrySource":"all_barangay-2.csv detailed WKT","geometryMatchMethod":"psgc_coordinate_bridge","boundaryPointCount":51},"geometry":{"type":"MultiPolygon","coordinates":[[[[124.531357,12.15592],[124.542618,12.15611],[124.550613,12.15697],[124.550484,12.15641],[124.550591,12.15573],[124.550667,12.15498],[124.551689,12.15523],[124.552116,12.15453],[124.552551,12.15399],[124.552551,12.15313],[124.552551,12.15249],[124.551826,12.15227],[124.551247,12.15214],[124.551399,12.15141],[124.551682,12.15067],[124.551826,12.14991],[124.550003,12.15022],[124.548157,12.15018],[124.546982,12.14987],[124.546501,12.14946],[124.546127,12.14905],[124.54567,12.14858],[124.54364,12.14748],[124.543114,12.14586],[124.544861,12.14415],[124.547371,12.14338],[124.551033,12.14204],[124.55159,12.1409],[124.550636,12.13866],[124.549637,12.13755],[124.547752,12.1374],[124.545174,12.13727],[124.542358,12.13787],[124.540863,12.14082],[124.540817,12.14256],[124.540382,12.14403],[124.539169,12.14371],[124.537323,12.14221],[124.536293,12.14279],[124.535919,12.14505],[124.534531,12.14433],[124.532913,12.14379],[124.53363,12.14564],[124.533493,12.14779],[124.532013,12.14865],[124.53064,12.14906],[124.530128,12.14969],[124.531067,12.15131],[124.532013,12.15316],[124.531868,12.15496],[124.531357,12.15592]]]]}},{"type":"Feature","properties":{"ID_0":177,"ISO":"PHL","NAME_0":"Philippines","ID_1":8060,"NAME_1":"Samar (Western Samar)","ID_2":806003,"NAME_2":"Calbayog City","ID_3":806003024,"NAME_3":"Cacaransan","NL_NAME_3":null,"VARNAME_3":null,"TYPE_3":"Barangay","ENGTYPE_3":"Village","PROVINCE":"Samar (Western Samar)","REGION":"Region VIII (Eastern Visayas)","id":"barangay-0806003024","name":"Cacaransan","barangayCode":"0806003024","population":null,"formattedPop":null,"densityCategory":"No data","vulnerabilityRating":"No data","healthRiskLevel":"No data","areaKm2":3.675174,"centerLat":12.100153,"centerLng":124.584696,"geometrySource":"all_barangay-2.csv detailed WKT","geometryMatchMethod":"psgc_coordinate_bridge","boundaryPointCount":7},"geometry":{"type":"MultiPolygon","coordinates":[[[[124.592178,12.10895],[124.592438,12.10731],[124.593643,12.10718],[124.594559,12.09478],[124.573082,12.09399],[124.572487,12.10864],[124.592178,12.10895]]]]}},{"type":"Feature","properties":{"ID_0":177,"ISO":"PHL","NAME_0":"Philippines","ID_1":8060,"NAME_1":"Samar (Western Samar)","ID_2":806003,"NAME_2":"Calbayog City","ID_3":806003025,"NAME_3":"Cag-olango","NL_NAME_3":null,"VARNAME_3":null,"TYPE_3":"Barangay","ENGTYPE_3":"Village","PROVINCE":"Samar (Western Samar)","REGION":"Region VIII (Eastern Visayas)","id":"barangay-0806003025","name":"Cag-olango","barangayCode":"0806003025","population":null,"formattedPop":null,"densityCategory":"No data","vulnerabilityRating":"No data","healthRiskLevel":"No data","areaKm2":3.973542,"centerLat":12.197107,"centerLng":124.417616,"geometrySource":"all_barangay-2.csv detailed WKT","geometryMatchMethod":"psgc_coordinate_bridge","boundaryPointCount":39},"geometry":{"type":"MultiPolygon","coordinates":[[[[124.401131,12.19061],[124.412483,12.20377],[124.421608,12.20833],[124.426788,12.20944],[124.433434,12.21209],[124.432999,12.21004],[124.432663,12.20962],[124.432297,12.20918],[124.431732,12.20886],[124.431541,12.20822],[124.431747,12.20679],[124.431351,12.20596],[124.431541,12.20484],[124.431168,12.20419],[124.430412,12.20419],[124.429398,12.20338],[124.427971,12.20274],[124.42778,12.2021],[124.42778,12.20113],[124.427582,12.20042],[124.425552,12.19909],[124.423447,12.19872],[124.422157,12.19841],[124.409637,12.18612],[124.40976,12.18604],[124.407944,12.18477],[124.407089,12.18477],[124.405411,12.18532],[124.404572,12.18573],[124.403732,12.18656],[124.402763,12.18725],[124.401733,12.18815],[124.402031,12.18861],[124.402229,12.18907],[124.402184,12.18938],[124.402153,12.18959],[124.401817,12.18981],[124.401466,12.19022],[124.401131,12.19061]]]]}},{"type":"Feature","properties":{"ID_0":177,"ISO":"PHL","NAME_0":"Philippines","ID_1":8060,"NAME_1":"Samar (Western Samar)","ID_2":806003,"NAME_2":"Calbayog City","ID_3":806003027,"NAME_3":"Cag-anahaw","NL_NAME_3":null,"VARNAME_3":null,"TYPE_3":"Barangay","ENGTYPE_3":"Village","PROVINCE":"Samar (Western Samar)","REGION":"Region VIII (Eastern Visayas)","id":"barangay-0806003027","name":"Cag-anahaw","barangayCode":"0806003027","population":null,"formattedPop":null,"densityCategory":"No data","vulnerabilityRating":"No data","healthRiskLevel":"No data","areaKm2":13.624111,"centerLat":12.262665,"centerLng":124.567206,"geometrySource":"all_barangay-2.csv detailed WKT","geometryMatchMethod":"psgc_coordinate_bridge","boundaryPointCount":51},"geometry":{"type":"MultiPolygon","coordinates":[[[[124.548172,12.2977],[124.553688,12.29442],[124.563744,12.28831],[124.600143,12.26582],[124.597847,12.26326],[124.594337,12.26223],[124.591583,12.26171],[124.585587,12.26083],[124.574203,12.25884],[124.565598,12.25928],[124.558807,12.26245],[124.552353,12.26425],[124.543533,12.26954],[124.54425,12.2703],[124.543793,12.27082],[124.54319,12.27134],[124.543343,12.27238],[124.543793,12.27368],[124.543716,12.27483],[124.543808,12.27542],[124.544563,12.27633],[124.543808,12.27698],[124.543182,12.27749],[124.542137,12.27868],[124.54229,12.27946],[124.541977,12.28049],[124.542549,12.28116],[124.542427,12.2818],[124.54274,12.28245],[124.542587,12.2831],[124.541672,12.28349],[124.541206,12.28422],[124.540741,12.28521],[124.541199,12.28612],[124.541656,12.28677],[124.541351,12.28729],[124.541206,12.28805],[124.541656,12.28925],[124.541199,12.2899],[124.541588,12.29058],[124.542419,12.29107],[124.542877,12.29146],[124.543182,12.2925],[124.54364,12.29331],[124.544403,12.29354],[124.545158,12.29393],[124.546173,12.29435],[124.546829,12.29511],[124.546829,12.29628],[124.547287,12.29693],[124.548172,12.2977]]]]}},{"type":"Feature","properties":{"ID_0":177,"ISO":"PHL","NAME_0":"Philippines","ID_1":8060,"NAME_1":"Samar (Western Samar)","ID_2":806003,"NAME_2":"Calbayog City","ID_3":806003028,"NAME_3":"Cagbanayacao","NL_NAME_3":null,"VARNAME_3":null,"TYPE_3":"Barangay","ENGTYPE_3":"Village","PROVINCE":"Samar (Western Samar)","REGION":"Region VIII (Eastern Visayas)","id":"barangay-0806003028","name":"Cagbanayacao","barangayCode":"0806003028","population":null,"formattedPop":null,"densityCategory":"No data","vulnerabilityRating":"No data","healthRiskLevel":"No data","areaKm2":17.300806,"centerLat":12.115045,"centerLng":124.693056,"geometrySource":"all_barangay-2.csv detailed WKT","geometryMatchMethod":"psgc_coordinate_bridge","boundaryPointCount":95},"geometry":{"type":"MultiPolygon","coordinates":[[[[124.715981,12.14976],[124.730789,12.13243],[124.715981,12.12193],[124.711227,12.11765],[124.697487,12.10534],[124.689468,12.09791],[124.679237,12.08682],[124.672661,12.08075],[124.672737,12.08149],[124.671951,12.08228],[124.672081,12.08317],[124.672073,12.08397],[124.671951,12.08475],[124.672607,12.08531],[124.672333,12.08639],[124.672081,12.08722],[124.671562,12.08755],[124.670776,12.08766],[124.670509,12.08778],[124.670357,12.08883],[124.67025,12.08969],[124.67025,12.09025],[124.66964,12.09076],[124.657539,12.09153],[124.65731,12.1077],[124.676903,12.10874],[124.677948,12.10963],[124.67868,12.11027],[124.678421,12.11117],[124.679008,12.11193],[124.679863,12.11206],[124.680649,12.11173],[124.681297,12.11128],[124.681519,12.11094],[124.681953,12.11072],[124.683006,12.11083],[124.683708,12.11142],[124.684448,12.11173],[124.684708,12.11206],[124.685226,12.11161],[124.68589,12.11229],[124.686707,12.11261],[124.68644,12.11391],[124.685997,12.11544],[124.687477,12.11784],[124.68676,12.12033],[124.685127,12.11866],[124.684464,12.12019],[124.684097,12.12256],[124.684181,12.12391],[124.683052,12.12567],[124.683701,12.12594],[124.684341,12.12641],[124.684799,12.12633],[124.685738,12.12648],[124.686882,12.12659],[124.687347,12.12626],[124.68763,12.12587],[124.688179,12.12587],[124.688728,12.12555],[124.689293,12.12555],[124.689629,12.1251],[124.690536,12.12464],[124.690742,12.12493],[124.69101,12.12516],[124.691101,12.12548],[124.691467,12.12516],[124.692017,12.12493],[124.692108,12.1254],[124.692268,12.12592],[124.69239,12.12636],[124.692123,12.12745],[124.6922,12.12792],[124.692863,12.12844],[124.69339,12.12917],[124.694206,12.12979],[124.694489,12.13051],[124.695351,12.13135],[124.695763,12.13198],[124.695763,12.13276],[124.695831,12.13326],[124.702248,12.14023],[124.705139,12.14302],[124.7089,12.14676],[124.709419,12.14704],[124.710243,12.14688],[124.710983,12.14719],[124.711609,12.1475],[124.712402,12.1474],[124.713432,12.14734],[124.713989,12.14782],[124.714897,12.14797],[124.715263,12.14852],[124.71553,12.14922],[124.715981,12.14976]]]]}},{"type":"Feature","properties":{"ID_0":177,"ISO":"PHL","NAME_0":"Philippines","ID_1":8060,"NAME_1":"Samar (Western Samar)","ID_2":806003,"NAME_2":"Calbayog City","ID_3":806003029,"NAME_3":"Cagbayang","NL_NAME_3":null,"VARNAME_3":null,"TYPE_3":"Barangay","ENGTYPE_3":"Village","PROVINCE":"Samar (Western Samar)","REGION":"Region VIII (Eastern Visayas)","id":"barangay-0806003029","name":"Cagbayang","barangayCode":"0806003029","population":null,"formattedPop":null,"densityCategory":"No data","vulnerabilityRating":"No data","healthRiskLevel":"No data","areaKm2":2.004759,"centerLat":12.194316,"centerLng":124.584514,"geometrySource":"all_barangay-2.csv detailed WKT","geometryMatchMethod":"psgc_coordinate_bridge","boundaryPointCount":71},"geometry":{"type":"MultiPolygon","coordinates":[[[[124.588577,12.20078],[124.589027,12.20028],[124.589211,12.19938],[124.589211,12.19848],[124.589897,12.19795],[124.59021,12.19688],[124.590607,12.19668],[124.591827,12.19668],[124.592613,12.1966],[124.593231,12.19585],[124.593872,12.19522],[124.594193,12.1945],[124.593933,12.19368],[124.594017,12.19308],[124.590919,12.19249],[124.588051,12.19212],[124.585289,12.19136],[124.583382,12.18918],[124.580627,12.18887],[124.578957,12.18899],[124.577133,12.1885],[124.575493,12.18863],[124.57431,12.18863],[124.573517,12.18897],[124.573067,12.18892],[124.572182,12.18945],[124.571503,12.18983],[124.571449,12.19026],[124.571617,12.19065],[124.571617,12.19089],[124.572006,12.19084],[124.572617,12.19069],[124.573128,12.19041],[124.573799,12.1906],[124.574562,12.19094],[124.574638,12.19118],[124.574417,12.19142],[124.574577,12.19218],[124.574638,12.19238],[124.575027,12.19257],[124.575417,12.19271],[124.575539,12.19257],[124.575813,12.19261],[124.575989,12.19295],[124.57576,12.19329],[124.575867,12.19353],[124.57576,12.19377],[124.575539,12.1943],[124.575279,12.19471],[124.5746,12.19567],[124.575302,12.19746],[124.574921,12.20005],[124.575813,12.2028],[124.576897,12.2033],[124.57769,12.20234],[124.578537,12.19985],[124.579453,12.20007],[124.579987,12.20187],[124.580437,12.20201],[124.581398,12.20208],[124.582367,12.20186],[124.583252,12.20144],[124.583946,12.20111],[124.584213,12.20073],[124.585136,12.2007],[124.585777,12.20073],[124.58596,12.20043],[124.586693,12.20023],[124.58728,12.20043],[124.587799,12.20066],[124.588577,12.20078]]]]}},{"type":"Feature","properties":{"ID_0":177,"ISO":"PHL","NAME_0":"Philippines","ID_1":8060,"NAME_1":"Samar (Western Samar)","ID_2":806003,"NAME_2":"Calbayog City","ID_3":806003030,"NAME_3":"Cagbilwang","NL_NAME_3":null,"VARNAME_3":null,"TYPE_3":"Barangay","ENGTYPE_3":"Village","PROVINCE":"Samar (Western Samar)","REGION":"Region VIII (Eastern Visayas)","id":"barangay-0806003030","name":"Cagbilwang","barangayCode":"0806003030","population":null,"formattedPop":null,"densityCategory":"No data","vulnerabilityRating":"No data","healthRiskLevel":"No data","areaKm2":3.356807,"centerLat":12.162703,"centerLng":124.540512,"geometrySource":"all_barangay-2.csv detailed WKT","geometryMatchMethod":"psgc_coordinate_bridge","boundaryPointCount":40},"geometry":{"type":"MultiPolygon","coordinates":[[[[124.541428,12.17465],[124.541946,12.17432],[124.542587,12.17336],[124.543022,12.17225],[124.543289,12.17131],[124.544029,12.17003],[124.544029,12.16953],[124.544029,12.16879],[124.544891,12.16818],[124.545326,12.16781],[124.546043,12.16705],[124.546349,12.16596],[124.546783,12.16448],[124.547943,12.16387],[124.549026,12.16302],[124.549377,12.16214],[124.549088,12.1614],[124.549522,12.16042],[124.550102,12.16017],[124.550011,12.15945],[124.549667,12.15856],[124.550247,12.15758],[124.550613,12.15697],[124.542618,12.15611],[124.531357,12.15592],[124.529716,12.15763],[124.529282,12.15905],[124.529762,12.15956],[124.530487,12.15972],[124.531219,12.15924],[124.531937,12.16018],[124.531898,12.16138],[124.531403,12.16205],[124.531036,12.16283],[124.531937,12.16369],[124.531326,12.16533],[124.531761,12.16792],[124.530937,12.17046],[124.531029,12.17299],[124.541428,12.17465]]]]}},{"type":"Feature","properties":{"ID_0":177,"ISO":"PHL","NAME_0":"Philippines","ID_1":8060,"NAME_1":"Samar (Western Samar)","ID_2":806003,"NAME_2":"Calbayog City","ID_3":806003031,"NAME_3":"Cagboborac","NL_NAME_3":null,"VARNAME_3":null,"TYPE_3":"Barangay","ENGTYPE_3":"Village","PROVINCE":"Samar (Western Samar)","REGION":"Region VIII (Eastern Visayas)","id":"barangay-0806003031","name":"Cagboborac","barangayCode":"0806003031","population":null,"formattedPop":null,"densityCategory":"No data","vulnerabilityRating":"No data","healthRiskLevel":"No data","areaKm2":1.690923,"centerLat":12.094584,"centerLng":124.624401,"geometrySource":"all_barangay-2.csv detailed WKT","geometryMatchMethod":"psgc_coordinate_bridge","boundaryPointCount":14},"geometry":{"type":"MultiPolygon","coordinates":[[[[124.613297,12.09905],[124.628967,12.10172],[124.631119,12.0912],[124.631012,12.09112],[124.630737,12.09106],[124.630653,12.09069],[124.630493,12.09041],[124.630074,12.09037],[124.629646,12.09025],[124.629417,12.09051],[124.629227,12.09085],[124.629303,12.09112],[124.616966,12.09145],[124.613297,12.09905]]]]}},{"type":"Feature","properties":{"ID_0":177,"ISO":"PHL","NAME_0":"Philippines","ID_1":8060,"NAME_1":"Samar (Western Samar)","ID_2":806003,"NAME_2":"Calbayog City","ID_3":806003032,"NAME_3":"Caglanipao Sur","NL_NAME_3":null,"VARNAME_3":null,"TYPE_3":"Barangay","ENGTYPE_3":"Village","PROVINCE":"Samar (Western Samar)","REGION":"Region VIII (Eastern Visayas)","id":"barangay-0806003032","name":"Caglanipao Sur","barangayCode":"0806003032","population":null,"formattedPop":null,"densityCategory":"No data","vulnerabilityRating":"No data","healthRiskLevel":"No data","areaKm2":10.919407,"centerLat":12.276353,"centerLng":124.390484,"geometrySource":"all_barangay-2.csv detailed WKT","geometryMatchMethod":"psgc_coordinate_bridge","boundaryPointCount":14},"geometry":{"type":"MultiPolygon","coordinates":[[[[124.427917,12.28357],[124.428871,12.27954],[124.358902,12.27563],[124.358688,12.27651],[124.3582,12.2781],[124.357224,12.28111],[124.357048,12.28195],[124.356827,12.28254],[124.356743,12.28278],[124.356857,12.28273],[124.3592,12.28251],[124.359612,12.28156],[124.388977,12.2821],[124.427917,12.28357]]]]}},{"type":"Feature","properties":{"ID_0":177,"ISO":"PHL","NAME_0":"Philippines","ID_1":8060,"NAME_1":"Samar (Western Samar)","ID_2":806003,"NAME_2":"Calbayog City","ID_3":806003033,"NAME_3":"Cagmanipis Norte","NL_NAME_3":null,"VARNAME_3":null,"TYPE_3":"Barangay","ENGTYPE_3":"Village","PROVINCE":"Samar (Western Samar)","REGION":"Region VIII (Eastern Visayas)","id":"barangay-0806003033","name":"Cagmanipis Norte","barangayCode":"0806003033","population":null,"formattedPop":null,"densityCategory":"No data","vulnerabilityRating":"No data","healthRiskLevel":"No data","areaKm2":8.067139,"centerLat":12.244985,"centerLng":124.401164,"geometrySource":"barangays.geojson simplified fallback","geometryMatchMethod":"simplified_fallback","boundaryPointCount":5},"geometry":{"type":"Polygon","coordinates":[[[124.41792445200008,12.256224498000051],[124.42886737300012,12.245158196000034],[124.37327028900006,12.235493661000021],[124.37093435500003,12.24329896200004],[124.41792445200008,12.256224498000051]]]}},{"type":"Feature","properties":{"ID_0":177,"ISO":"PHL","NAME_0":"Philippines","ID_1":8060,"NAME_1":"Samar (Western Samar)","ID_2":806003,"NAME_2":"Calbayog City","ID_3":806003034,"NAME_3":"Cag-anibong","NL_NAME_3":null,"VARNAME_3":null,"TYPE_3":"Barangay","ENGTYPE_3":"Village","PROVINCE":"Samar (Western Samar)","REGION":"Region VIII (Eastern Visayas)","id":"barangay-0806003034","name":"Cag-anibong","barangayCode":"0806003034","population":null,"formattedPop":null,"densityCategory":"No data","vulnerabilityRating":"No data","healthRiskLevel":"No data","areaKm2":9.94914,"centerLat":12.242832,"centerLng":124.505649,"geometrySource":"all_barangay-2.csv detailed WKT","geometryMatchMethod":"psgc_coordinate_bridge","boundaryPointCount":36},"geometry":{"type":"MultiPolygon","coordinates":[[[[124.53289,12.24354],[124.514816,12.23995],[124.497368,12.23607],[124.477638,12.22911],[124.47039,12.24013],[124.489357,12.24636],[124.531471,12.26119],[124.530853,12.26035],[124.530243,12.2597],[124.53054,12.25918],[124.530693,12.2584],[124.530388,12.25775],[124.529694,12.25705],[124.52993,12.25618],[124.530243,12.25566],[124.530838,12.25501],[124.531662,12.25443],[124.532372,12.25436],[124.533432,12.25475],[124.534187,12.25566],[124.535004,12.25495],[124.535622,12.25438],[124.535141,12.25247],[124.534363,12.2525],[124.533897,12.25185],[124.534302,12.25034],[124.534958,12.24802],[124.534477,12.24679],[124.534203,12.24649],[124.53344,12.24714],[124.532654,12.24704],[124.532059,12.24688],[124.532516,12.24623],[124.532631,12.24546],[124.532516,12.24467],[124.53289,12.24354]]]]}},{"type":"Feature","properties":{"ID_0":177,"ISO":"PHL","NAME_0":"Philippines","ID_1":8060,"NAME_1":"Samar (Western Samar)","ID_2":806003,"NAME_2":"Calbayog City","ID_3":806003035,"NAME_3":"Cagnipa","NL_NAME_3":null,"VARNAME_3":null,"TYPE_3":"Barangay","ENGTYPE_3":"Village","PROVINCE":"Samar (Western Samar)","REGION":"Region VIII (Eastern Visayas)","id":"barangay-0806003035","name":"Cagnipa","barangayCode":"0806003035","population":null,"formattedPop":null,"densityCategory":"No data","vulnerabilityRating":"No data","healthRiskLevel":"No data","areaKm2":9.334506,"centerLat":12.199042,"centerLng":124.437564,"geometrySource":"all_barangay-2.csv detailed WKT","geometryMatchMethod":"psgc_coordinate_bridge","boundaryPointCount":87},"geometry":{"type":"MultiPolygon","coordinates":[[[[124.441452,12.21522],[124.457237,12.2202],[124.463516,12.20857],[124.441338,12.19923],[124.440559,12.19798],[124.439987,12.19749],[124.43924,12.19694],[124.438492,12.19701],[124.437393,12.19612],[124.436798,12.19495],[124.435478,12.19459],[124.43586,12.19379],[124.435509,12.1926],[124.435287,12.19137],[124.43454,12.19089],[124.433792,12.19105],[124.433601,12.19025],[124.433388,12.18913],[124.43322,12.18799],[124.432663,12.18735],[124.431908,12.18719],[124.431107,12.18663],[124.428642,12.18604],[124.427582,12.18606],[124.427017,12.18558],[124.426826,12.18461],[124.426323,12.18382],[124.425507,12.183],[124.424583,12.18252],[124.424042,12.1816],[124.424362,12.17985],[124.424767,12.17833],[124.423264,12.17769],[124.422127,12.17753],[124.421341,12.17707],[124.421188,12.17592],[124.420624,12.17576],[124.419884,12.17576],[124.419884,12.17495],[124.419502,12.17431],[124.419617,12.17353],[124.418938,12.17432],[124.417641,12.17634],[124.417587,12.17829],[124.417099,12.17905],[124.416473,12.17994],[124.415489,12.18063],[124.415337,12.18071],[124.41465,12.18105],[124.414238,12.18118],[124.413963,12.18125],[124.413818,12.18132],[124.413544,12.18174],[124.413612,12.18222],[124.413544,12.18264],[124.412689,12.18263],[124.412407,12.18242],[124.411942,12.18222],[124.41111,12.18222],[124.410553,12.18278],[124.410553,12.18306],[124.410454,12.18394],[124.408768,12.18477],[124.407944,12.18477],[124.40976,12.18604],[124.409637,12.18612],[124.422157,12.19841],[124.423447,12.19872],[124.425552,12.19909],[124.427582,12.20042],[124.42778,12.20113],[124.42778,12.2021],[124.427971,12.20274],[124.429398,12.20338],[124.430412,12.20419],[124.431168,12.20419],[124.431541,12.20484],[124.431351,12.20596],[124.431747,12.20679],[124.431541,12.20822],[124.431732,12.20886],[124.432297,12.20918],[124.432663,12.20962],[124.432999,12.21004],[124.433434,12.21209],[124.437286,12.21297],[124.441452,12.21522]]]]}},{"type":"Feature","properties":{"ID_0":177,"ISO":"PHL","NAME_0":"Philippines","ID_1":8060,"NAME_1":"Samar (Western Samar)","ID_2":806003,"NAME_2":"Calbayog City","ID_3":806003036,"NAME_3":"Cagsalaosao","NL_NAME_3":null,"VARNAME_3":null,"TYPE_3":"Barangay","ENGTYPE_3":"Village","PROVINCE":"Samar (Western Samar)","REGION":"Region VIII (Eastern Visayas)","id":"barangay-0806003036","name":"Cagsalaosao","barangayCode":"0806003036","population":null,"formattedPop":null,"densityCategory":"No data","vulnerabilityRating":"No data","healthRiskLevel":"No data","areaKm2":5.198905,"centerLat":12.08949,"centerLng":124.545879,"geometrySource":"all_barangay-2.csv detailed WKT","geometryMatchMethod":"psgc_coordinate_bridge","boundaryPointCount":80},"geometry":{"type":"MultiPolygon","coordinates":[[[[124.541077,12.10009],[124.542252,12.10052],[124.542603,12.10097],[124.543121,12.10097],[124.543381,12.10075],[124.543854,12.10101],[124.54425,12.10135],[124.544518,12.10135],[124.544777,12.10187],[124.544777,12.10232],[124.545212,12.10255],[124.545731,12.10247],[124.546112,12.10273],[124.547829,12.10248],[124.548088,12.10225],[124.548698,12.1024],[124.548958,12.10172],[124.549309,12.10202],[124.550133,12.10228],[124.550713,12.10262],[124.551064,12.10217],[124.551231,12.10172],[124.551666,12.1018],[124.552277,12.10202],[124.552933,12.10191],[124.553413,12.1021],[124.553848,12.10187],[124.554199,12.10142],[124.554283,12.10097],[124.554626,12.10105],[124.554977,12.1012],[124.555328,12.10109],[124.555603,12.1006],[124.555946,12.09992],[124.555946,12.09932],[124.555603,12.09842],[124.555847,12.09776],[124.555946,12.097],[124.555687,12.09647],[124.555511,12.09595],[124.555603,12.09512],[124.555473,12.0945],[124.554703,12.08899],[124.555206,12.08436],[124.555054,12.08149],[124.546227,12.08223],[124.544601,12.0814],[124.541199,12.07987],[124.537712,12.0771],[124.537514,12.07856],[124.536179,12.08247],[124.534157,12.08554],[124.531601,12.08749],[124.530823,12.08907],[124.529533,12.09083],[124.530487,12.09095],[124.530853,12.09148],[124.530746,12.09193],[124.531281,12.0923],[124.531967,12.09245],[124.532356,12.09254],[124.53289,12.09338],[124.533081,12.09473],[124.533897,12.09523],[124.534927,12.09589],[124.534508,12.09404],[124.534843,12.09313],[124.536339,12.09345],[124.536461,12.09418],[124.536537,12.09553],[124.536957,12.09598],[124.537323,12.09545],[124.537804,12.09546],[124.538223,12.09624],[124.538628,12.0962],[124.538887,12.0968],[124.538979,12.09764],[124.540077,12.09796],[124.541008,12.0988],[124.541077,12.10009]]]]}},{"type":"Feature","properties":{"ID_0":177,"ISO":"PHL","NAME_0":"Philippines","ID_1":8060,"NAME_1":"Samar (Western Samar)","ID_2":806003,"NAME_2":"Calbayog City","ID_3":806003037,"NAME_3":"Cahumpan","NL_NAME_3":null,"VARNAME_3":null,"TYPE_3":"Barangay","ENGTYPE_3":"Village","PROVINCE":"Samar (Western Samar)","REGION":"Region VIII (Eastern Visayas)","id":"barangay-0806003037","name":"Cahumpan","barangayCode":"0806003037","population":null,"formattedPop":null,"densityCategory":"No data","vulnerabilityRating":"No data","healthRiskLevel":"No data","areaKm2":2.602481,"centerLat":12.084556,"centerLng":124.519485,"geometrySource":"all_barangay-2.csv detailed WKT","geometryMatchMethod":"psgc_coordinate_bridge","boundaryPointCount":89},"geometry":{"type":"MultiPolygon","coordinates":[[[[124.509277,12.09189],[124.511864,12.09529],[124.520561,12.09011],[124.529533,12.09083],[124.530823,12.08907],[124.531601,12.08749],[124.531219,12.08711],[124.530563,12.08711],[124.530273,12.08711],[124.529953,12.08703],[124.529518,12.08654],[124.529388,12.08647],[124.529243,12.08638],[124.529198,12.08608],[124.529137,12.08561],[124.528473,12.08527],[124.528099,12.08533],[124.527908,12.08517],[124.527817,12.08493],[124.527687,12.08492],[124.527489,12.08489],[124.527107,12.08489],[124.526962,12.08483],[124.526817,12.08477],[124.526543,12.08465],[124.526413,12.08453],[124.526413,12.08413],[124.525871,12.0839],[124.52549,12.08393],[124.525063,12.08409],[124.524834,12.08397],[124.524689,12.08352],[124.524689,12.08288],[124.524452,12.08236],[124.523933,12.08189],[124.523827,12.08197],[124.523643,12.08209],[124.523552,12.08229],[124.523453,12.08254],[124.523033,12.08266],[124.522507,12.08282],[124.522324,12.08282],[124.521751,12.0827],[124.521469,12.08241],[124.521278,12.08213],[124.521187,12.08193],[124.521133,12.08181],[124.521187,12.08125],[124.521187,12.08068],[124.52095,12.08],[124.520897,12.07967],[124.520897,12.07895],[124.520714,12.07829],[124.520653,12.07797],[124.520569,12.07761],[124.520264,12.07704],[124.521263,12.075708],[124.520813,12.07588],[124.520416,12.07609],[124.5196,12.07675],[124.518127,12.077],[124.516731,12.07627],[124.515404,12.07606],[124.514008,12.07544],[124.513023,12.07592],[124.512016,12.07642],[124.511871,12.07688],[124.511917,12.07713],[124.511948,12.07722],[124.512222,12.0775],[124.512222,12.07771],[124.512779,12.07833],[124.51313,12.07847],[124.513344,12.07903],[124.513046,12.08083],[124.512779,12.08111],[124.512779,12.08139],[124.512497,12.08167],[124.511993,12.08265],[124.510452,12.08334],[124.510277,12.08308],[124.509972,12.08379],[124.510529,12.08459],[124.509972,12.08538],[124.509972,12.08682],[124.510307,12.08748],[124.510452,12.08945],[124.510353,12.09063],[124.509277,12.09189]]]]}},{"type":"Feature","properties":{"ID_0":177,"ISO":"PHL","NAME_0":"Philippines","ID_1":8060,"NAME_1":"Samar (Western Samar)","ID_2":806003,"NAME_2":"Calbayog City","ID_3":806003039,"NAME_3":"Calocnayan","NL_NAME_3":null,"VARNAME_3":null,"TYPE_3":"Barangay","ENGTYPE_3":"Village","PROVINCE":"Samar (Western Samar)","REGION":"Region VIII (Eastern Visayas)","id":"barangay-0806003039","name":"Calocnayan","barangayCode":"0806003039","population":null,"formattedPop":null,"densityCategory":"No data","vulnerabilityRating":"No data","healthRiskLevel":"No data","areaKm2":7.4955,"centerLat":12.187465,"centerLng":124.711642,"geometrySource":"all_barangay-2.csv detailed WKT","geometryMatchMethod":"psgc_coordinate_bridge","boundaryPointCount":163},"geometry":{"type":"MultiPolygon","coordinates":[[[[124.699493,12.20149],[124.699928,12.20182],[124.700409,12.20224],[124.700783,12.20203],[124.700897,12.20109],[124.701378,12.2013],[124.701378,12.20182],[124.701622,12.20255],[124.702103,12.20224],[124.702217,12.20161],[124.702744,12.20145],[124.703682,12.20172],[124.703934,12.20213],[124.704407,12.20213],[124.704887,12.20286],[124.705383,12.20245],[124.705948,12.20208],[124.706108,12.20161],[124.707092,12.2015],[124.70768,12.2013],[124.708397,12.20161],[124.709129,12.20161],[124.709793,12.2021],[124.718689,12.19538],[124.72789,12.19103],[124.728523,12.19084],[124.728981,12.19058],[124.729286,12.19032],[124.729469,12.19006],[124.729469,12.18977],[124.729797,12.18949],[124.73011,12.18921],[124.730347,12.1892],[124.730499,12.1893],[124.730743,12.18941],[124.731041,12.18941],[124.731194,12.18923],[124.731163,12.18884],[124.730988,12.18845],[124.730873,12.18832],[124.730766,12.18813],[124.730537,12.18793],[124.730453,12.18758],[124.730507,12.1873],[124.730476,12.18712],[124.730507,12.18691],[124.730682,12.18678],[124.730927,12.18676],[124.730927,12.18663],[124.730873,12.18639],[124.730827,12.18629],[124.730827,12.186],[124.730347,12.18598],[124.729851,12.18611],[124.728859,12.18568],[124.72879,12.18519],[124.729073,12.18477],[124.7295,12.1844],[124.729927,12.18397],[124.729927,12.1833],[124.7295,12.18287],[124.728928,12.18287],[124.728363,12.18348],[124.727997,12.18403],[124.727577,12.18428],[124.726936,12.18434],[124.726593,12.18397],[124.726593,12.18342],[124.726547,12.18275],[124.725998,12.18268],[124.725357,12.18268],[124.725166,12.18268],[124.724426,12.18244],[124.723793,12.18212],[124.723061,12.18202],[124.722603,12.18204],[124.722137,12.18204],[124.721786,12.18135],[124.721207,12.1807],[124.720757,12.1807],[124.72039,12.18094],[124.719917,12.18118],[124.71965,12.18102],[124.719193,12.18102],[124.718826,12.18094],[124.718643,12.18031],[124.718452,12.17983],[124.717812,12.17952],[124.717453,12.17983],[124.717072,12.18046],[124.716888,12.18086],[124.716431,12.18118],[124.716164,12.18078],[124.71579,12.18102],[124.715424,12.1811],[124.715317,12.18078],[124.714767,12.18062],[124.714317,12.18118],[124.713669,12.18086],[124.713669,12.18007],[124.713387,12.17944],[124.712936,12.17936],[124.713112,12.17861],[124.713303,12.17801],[124.713852,12.17762],[124.713943,12.17691],[124.713493,12.17644],[124.712936,12.17675],[124.712753,12.17715],[124.712936,12.17762],[124.712936,12.17809],[124.712479,12.17809],[124.711739,12.17794],[124.71138,12.1775],[124.710823,12.17738],[124.710449,12.17794],[124.710274,12.17841],[124.709808,12.17881],[124.709534,12.17873],[124.70916,12.17857],[124.708794,12.17825],[124.708519,12.17825],[124.708344,12.17857],[124.707687,12.17849],[124.707603,12.17825],[124.706284,12.17772],[124.705292,12.17699],[124.704826,12.17667],[124.704277,12.1769],[124.704086,12.17643],[124.703644,12.17612],[124.703362,12.17635],[124.703178,12.17675],[124.702621,12.17659],[124.702263,12.17643],[124.701797,12.17659],[124.701332,12.17706],[124.700867,12.17722],[124.700302,12.17692],[124.69912,12.17722],[124.69857,12.17793],[124.698387,12.17841],[124.698303,12.17888],[124.698013,12.17896],[124.697281,12.17951],[124.696907,12.17991],[124.696541,12.18054],[124.696167,12.18101],[124.696167,12.18117],[124.696167,12.18141],[124.696167,12.18204],[124.695801,12.18307],[124.695709,12.1833],[124.695251,12.18409],[124.694687,12.18449],[124.694328,12.18496],[124.693687,12.18544],[124.693413,12.18615],[124.693207,12.18689],[124.696472,12.19293],[124.697639,12.19568],[124.698357,12.19922],[124.699493,12.20149]]]]}},{"type":"Feature","properties":{"ID_0":177,"ISO":"PHL","NAME_0":"Philippines","ID_1":8060,"NAME_1":"Samar (Western Samar)","ID_2":806003,"NAME_2":"Calbayog City","ID_3":806003040,"NAME_3":"Cangomaod","NL_NAME_3":null,"VARNAME_3":null,"TYPE_3":"Barangay","ENGTYPE_3":"Village","PROVINCE":"Samar (Western Samar)","REGION":"Region VIII (Eastern Visayas)","id":"barangay-0806003040","name":"Cangomaod","barangayCode":"0806003040","population":null,"formattedPop":null,"densityCategory":"No data","vulnerabilityRating":"No data","healthRiskLevel":"No data","areaKm2":8.784966,"centerLat":12.23675,"centerLng":124.441666,"geometrySource":"all_barangay-2.csv detailed WKT","geometryMatchMethod":"psgc_coordinate_bridge","boundaryPointCount":9},"geometry":{"type":"MultiPolygon","coordinates":[[[[124.43853,12.26032],[124.443733,12.25068],[124.457237,12.2202],[124.441452,12.21522],[124.435898,12.22859],[124.432449,12.23516],[124.42746,12.24652],[124.423714,12.25739],[124.43853,12.26032]]]]}},{"type":"Feature","properties":{"ID_0":177,"ISO":"PHL","NAME_0":"Philippines","ID_1":8060,"NAME_1":"Samar (Western Samar)","ID_2":806003,"NAME_2":"Calbayog City","ID_3":806003041,"NAME_3":"Canhumadac","NL_NAME_3":null,"VARNAME_3":null,"TYPE_3":"Barangay","ENGTYPE_3":"Village","PROVINCE":"Samar (Western Samar)","REGION":"Region VIII (Eastern Visayas)","id":"barangay-0806003041","name":"Canhumadac","barangayCode":"0806003041","population":null,"formattedPop":null,"densityCategory":"No data","vulnerabilityRating":"No data","healthRiskLevel":"No data","areaKm2":7.063663,"centerLat":12.17502,"centerLng":124.66569,"geometrySource":"all_barangay-2.csv detailed WKT","geometryMatchMethod":"psgc_coordinate_bridge","boundaryPointCount":14},"geometry":{"type":"MultiPolygon","coordinates":[[[[124.675201,12.19469],[124.675529,12.17793],[124.673576,12.17046],[124.672836,12.16389],[124.671982,12.16418],[124.670547,12.1643],[124.669693,12.16498],[124.667557,12.16303],[124.665466,12.16114],[124.664032,12.16008],[124.647377,12.16461],[124.658333,12.18668],[124.669388,12.1917],[124.675201,12.19469]]]]}},{"type":"Feature","properties":{"ID_0":177,"ISO":"PHL","NAME_0":"Philippines","ID_1":8060,"NAME_1":"Samar (Western Samar)","ID_2":806003,"NAME_2":"Calbayog City","ID_3":806003042,"NAME_3":"Capacuhan","NL_NAME_3":null,"VARNAME_3":null,"TYPE_3":"Barangay","ENGTYPE_3":"Village","PROVINCE":"Samar (Western Samar)","REGION":"Region VIII (Eastern Visayas)","id":"barangay-0806003042","name":"Capacuhan","barangayCode":"0806003042","population":null,"formattedPop":null,"densityCategory":"No data","vulnerabilityRating":"No data","healthRiskLevel":"No data","areaKm2":4.489352,"centerLat":12.242256,"centerLng":124.601803,"geometrySource":"all_barangay-2.csv detailed WKT","geometryMatchMethod":"psgc_coordinate_bridge","boundaryPointCount":38},"geometry":{"type":"MultiPolygon","coordinates":[[[[124.600143,12.26582],[124.615898,12.25649],[124.610046,12.24655],[124.602867,12.23744],[124.60144,12.23485],[124.599693,12.23229],[124.598457,12.23146],[124.596458,12.23121],[124.59552,12.23014],[124.593964,12.22993],[124.592659,12.23033],[124.590988,12.22956],[124.589233,12.23016],[124.588387,12.2284],[124.588303,12.22908],[124.587387,12.22944],[124.587143,12.22976],[124.586479,12.22998],[124.586273,12.22998],[124.585587,12.22977],[124.585289,12.23052],[124.585007,12.2316],[124.584106,12.23275],[124.583519,12.23581],[124.583427,12.2384],[124.584602,12.24165],[124.587097,12.24585],[124.588509,12.24966],[124.590919,12.24958],[124.593521,12.25249],[124.593597,12.25468],[124.592453,12.25559],[124.592361,12.2579],[124.591103,12.25909],[124.591583,12.26171],[124.594337,12.26223],[124.597847,12.26326],[124.600143,12.26582]]]]}},{"type":"Feature","properties":{"ID_0":177,"ISO":"PHL","NAME_0":"Philippines","ID_1":8060,"NAME_1":"Samar (Western Samar)","ID_2":806003,"NAME_2":"Calbayog City","ID_3":806003043,"NAME_3":"Capoocan","NL_NAME_3":null,"VARNAME_3":null,"TYPE_3":"Barangay","ENGTYPE_3":"Village","PROVINCE":"Samar (Western Samar)","REGION":"Region VIII (Eastern Visayas)","id":"barangay-0806003043","name":"Capoocan","barangayCode":"0806003043","population":null,"formattedPop":null,"densityCategory":"No data","vulnerabilityRating":"No data","healthRiskLevel":"No data","areaKm2":0.809807,"centerLat":12.069268,"centerLng":124.584896,"geometrySource":"all_barangay-2.csv detailed WKT","geometryMatchMethod":"psgc_coordinate_bridge","boundaryPointCount":16},"geometry":{"type":"MultiPolygon","coordinates":[[[[124.584976,12.0753],[124.587692,12.06609],[124.587624,12.06581],[124.587471,12.06517],[124.586853,12.06541],[124.585167,12.06583],[124.583763,12.06583],[124.582787,12.06527],[124.582077,12.06514],[124.580833,12.06514],[124.580276,12.06487],[124.579849,12.0654],[124.579674,12.07045],[124.579651,12.07099],[124.579483,12.07571],[124.584976,12.0753]]]]}},{"type":"Feature","properties":{"ID_0":177,"ISO":"PHL","NAME_0":"Philippines","ID_1":8060,"NAME_1":"Samar (Western Samar)","ID_2":806003,"NAME_2":"Calbayog City","ID_3":806003044,"NAME_3":"Carayman","NL_NAME_3":null,"VARNAME_3":null,"TYPE_3":"Barangay","ENGTYPE_3":"Village","PROVINCE":"Samar (Western Samar)","REGION":"Region VIII (Eastern Visayas)","id":"barangay-0806003044","name":"Carayman","barangayCode":"0806003044","population":null,"formattedPop":null,"densityCategory":"No data","vulnerabilityRating":"No data","healthRiskLevel":"No data","areaKm2":1.907357,"centerLat":12.056547,"centerLng":124.631154,"geometrySource":"all_barangay-2.csv detailed WKT","geometryMatchMethod":"psgc_coordinate_bridge","boundaryPointCount":27},"geometry":{"type":"MultiPolygon","coordinates":[[[[124.616493,12.05678],[124.622704,12.06743],[124.644287,12.05166],[124.641899,12.05011],[124.640259,12.04905],[124.639153,12.04987],[124.638168,12.05098],[124.636909,12.05194],[124.635788,12.05235],[124.633972,12.05249],[124.632843,12.05164],[124.6325,12.05139],[124.631989,12.05144],[124.6315,12.05161],[124.630928,12.05174],[124.630341,12.05195],[124.63002,12.0521],[124.629738,12.05222],[124.629128,12.0525],[124.628807,12.05267],[124.626839,12.0544],[124.625847,12.05496],[124.624184,12.05551],[124.620956,12.05564],[124.619003,12.05592],[124.617462,12.05633],[124.616493,12.05678]]]]}},{"type":"Feature","properties":{"ID_0":177,"ISO":"PHL","NAME_0":"Philippines","ID_1":8060,"NAME_1":"Samar (Western Samar)","ID_2":806003,"NAME_2":"Calbayog City","ID_3":806003045,"NAME_3":"Catabunan","NL_NAME_3":null,"VARNAME_3":null,"TYPE_3":"Barangay","ENGTYPE_3":"Village","PROVINCE":"Samar (Western Samar)","REGION":"Region VIII (Eastern Visayas)","id":"barangay-0806003045","name":"Catabunan","barangayCode":"0806003045","population":null,"formattedPop":null,"densityCategory":"No data","vulnerabilityRating":"No data","healthRiskLevel":"No data","areaKm2":2.469347,"centerLat":12.141195,"centerLng":124.508859,"geometrySource":"all_barangay-2.csv detailed WKT","geometryMatchMethod":"psgc_coordinate_bridge","boundaryPointCount":6},"geometry":{"type":"MultiPolygon","coordinates":[[[[124.515732,12.14661],[124.517776,12.13751],[124.506027,12.13429],[124.503166,12.13866],[124.493629,12.15005],[124.515732,12.14661]]]]}},{"type":"Feature","properties":{"ID_0":177,"ISO":"PHL","NAME_0":"Philippines","ID_1":8060,"NAME_1":"Samar (Western Samar)","ID_2":806003,"NAME_2":"Calbayog City","ID_3":806003047,"NAME_3":"Caybago","NL_NAME_3":null,"VARNAME_3":null,"TYPE_3":"Barangay","ENGTYPE_3":"Village","PROVINCE":"Samar (Western Samar)","REGION":"Region VIII (Eastern Visayas)","id":"barangay-0806003047","name":"Caybago","barangayCode":"0806003047","population":null,"formattedPop":null,"densityCategory":"No data","vulnerabilityRating":"No data","healthRiskLevel":"No data","areaKm2":3.774699,"centerLat":12.198027,"centerLng":124.572928,"geometrySource":"all_barangay-2.csv detailed WKT","geometryMatchMethod":"psgc_coordinate_bridge","boundaryPointCount":59},"geometry":{"type":"MultiPolygon","coordinates":[[[[124.57943,12.21126],[124.580017,12.20732],[124.580223,12.20656],[124.580147,12.20601],[124.580063,12.20553],[124.579887,12.20485],[124.579826,12.20397],[124.579674,12.20342],[124.579422,12.20295],[124.580063,12.2024],[124.579987,12.20187],[124.579453,12.20007],[124.578537,12.19985],[124.57769,12.20234],[124.576897,12.2033],[124.575813,12.2028],[124.574921,12.20005],[124.575302,12.19746],[124.5746,12.19567],[124.575279,12.19471],[124.575539,12.1943],[124.57576,12.19377],[124.575867,12.19353],[124.57576,12.19329],[124.575989,12.19295],[124.575813,12.19261],[124.575539,12.19257],[124.575417,12.19271],[124.575027,12.19257],[124.574638,12.19238],[124.574577,12.19218],[124.574417,12.19142],[124.574638,12.19118],[124.574562,12.19094],[124.573799,12.1906],[124.573128,12.19041],[124.572617,12.19069],[124.572006,12.19084],[124.571617,12.19089],[124.571617,12.19065],[124.571449,12.19026],[124.571503,12.18983],[124.570999,12.18978],[124.570557,12.18993],[124.569939,12.19012],[124.568817,12.19022],[124.568481,12.19012],[124.568031,12.18974],[124.568199,12.18935],[124.567757,12.18916],[124.56736,12.1893],[124.567238,12.18954],[124.566917,12.1894],[124.566513,12.18892],[124.563629,12.1969],[124.564667,12.19745],[124.563858,12.20912],[124.570824,12.20982],[124.57943,12.21126]]]]}},{"type":"Feature","properties":{"ID_0":177,"ISO":"PHL","NAME_0":"Philippines","ID_1":8060,"NAME_1":"Samar (Western Samar)","ID_2":806003,"NAME_2":"Calbayog City","ID_3":806003048,"NAME_3":"Central","NL_NAME_3":null,"VARNAME_3":null,"TYPE_3":"Barangay","ENGTYPE_3":"Village","PROVINCE":"Samar (Western Samar)","REGION":"Region VIII (Eastern Visayas)","id":"barangay-0806003048","name":"Central","barangayCode":"0806003048","population":null,"formattedPop":null,"densityCategory":"No data","vulnerabilityRating":"No data","healthRiskLevel":"No data","areaKm2":0.27207,"centerLat":12.071574,"centerLng":124.595542,"geometrySource":"all_barangay-2.csv detailed WKT","geometryMatchMethod":"psgc_coordinate_bridge","boundaryPointCount":14},"geometry":{"type":"MultiPolygon","coordinates":[[[[124.59481,12.0759],[124.598534,12.0743],[124.596672,12.071],[124.595512,12.06938],[124.592308,12.07008],[124.59285,12.07142],[124.593338,12.07305],[124.592613,12.07424],[124.59227,12.07487],[124.593193,12.0751],[124.59346,12.07548],[124.593819,12.07579],[124.594269,12.07564],[124.59481,12.0759]]]]}},{"type":"Feature","properties":{"ID_0":177,"ISO":"PHL","NAME_0":"Philippines","ID_1":8060,"NAME_1":"Samar (Western Samar)","ID_2":806003,"NAME_2":"Calbayog City","ID_3":806003049,"NAME_3":"Cogon","NL_NAME_3":null,"VARNAME_3":null,"TYPE_3":"Barangay","ENGTYPE_3":"Village","PROVINCE":"Samar (Western Samar)","REGION":"Region VIII (Eastern Visayas)","id":"barangay-0806003049","name":"Cogon","barangayCode":"0806003049","population":null,"formattedPop":null,"densityCategory":"No data","vulnerabilityRating":"No data","healthRiskLevel":"No data","areaKm2":6.960609,"centerLat":12.078332,"centerLng":124.658147,"geometrySource":"all_barangay-2.csv detailed WKT","geometryMatchMethod":"psgc_coordinate_bridge","boundaryPointCount":22},"geometry":{"type":"MultiPolygon","coordinates":[[[[124.657539,12.09153],[124.66964,12.09076],[124.67025,12.09025],[124.67025,12.08969],[124.670357,12.08883],[124.670509,12.08778],[124.670776,12.08766],[124.671562,12.08755],[124.672081,12.08722],[124.672333,12.08639],[124.672607,12.08531],[124.671951,12.08475],[124.672073,12.08397],[124.672081,12.08317],[124.671951,12.08228],[124.672737,12.08149],[124.672661,12.08075],[124.658928,12.06744],[124.654861,12.0642],[124.641861,12.07456],[124.648071,12.0916],[124.657539,12.09153]]]]}},{"type":"Feature","properties":{"ID_0":177,"ISO":"PHL","NAME_0":"Philippines","ID_1":8060,"NAME_1":"Samar (Western Samar)","ID_2":806003,"NAME_2":"Calbayog City","ID_3":806003050,"NAME_3":"Dagum","NL_NAME_3":null,"VARNAME_3":null,"TYPE_3":"Barangay","ENGTYPE_3":"Village","PROVINCE":"Samar (Western Samar)","REGION":"Region VIII (Eastern Visayas)","id":"barangay-0806003050","name":"Dagum","barangayCode":"0806003050","population":null,"formattedPop":null,"densityCategory":"No data","vulnerabilityRating":"No data","healthRiskLevel":"No data","areaKm2":1.843413,"centerLat":12.088301,"centerLng":124.588059,"geometrySource":"all_barangay-2.csv detailed WKT","geometryMatchMethod":"psgc_coordinate_bridge","boundaryPointCount":36},"geometry":{"type":"MultiPolygon","coordinates":[[[[124.573082,12.09399],[124.594559,12.09478],[124.594582,12.09241],[124.594437,12.0901],[124.593758,12.0869],[124.590569,12.08452],[124.584686,12.08229],[124.584686,12.08267],[124.584831,12.08287],[124.584869,12.0833],[124.584763,12.08362],[124.584518,12.08401],[124.584709,12.08425],[124.584518,12.08477],[124.58461,12.08539],[124.584641,12.08578],[124.584518,12.08635],[124.584251,12.08649],[124.584244,12.08688],[124.583794,12.08793],[124.583237,12.08858],[124.582237,12.08928],[124.581337,12.08988],[124.580803,12.09052],[124.579887,12.09036],[124.578903,12.09083],[124.577797,12.091],[124.577339,12.09107],[124.576347,12.09122],[124.575943,12.09179],[124.57534,12.09185],[124.574661,12.09196],[124.574203,12.09234],[124.573914,12.09259],[124.573402,12.09342],[124.573082,12.09399]]]]}},{"type":"Feature","properties":{"ID_0":177,"ISO":"PHL","NAME_0":"Philippines","ID_1":8060,"NAME_1":"Samar (Western Samar)","ID_2":806003,"NAME_2":"Calbayog City","ID_3":806003052,"NAME_3":"Dawo","NL_NAME_3":null,"VARNAME_3":null,"TYPE_3":"Barangay","ENGTYPE_3":"Village","PROVINCE":"Samar (Western Samar)","REGION":"Region VIII (Eastern Visayas)","id":"barangay-0806003052","name":"Dawo","barangayCode":"0806003052","population":null,"formattedPop":null,"densityCategory":"No data","vulnerabilityRating":"No data","healthRiskLevel":"No data","areaKm2":21.734428,"centerLat":12.289473,"centerLng":124.454331,"geometrySource":"all_barangay-2.csv detailed WKT","geometryMatchMethod":"psgc_coordinate_bridge","boundaryPointCount":10},"geometry":{"type":"MultiPolygon","coordinates":[[[[124.460564,12.31377],[124.465691,12.31826],[124.471977,12.30466],[124.480103,12.28569],[124.43853,12.26032],[124.432114,12.27319],[124.428871,12.27954],[124.427917,12.28357],[124.443863,12.29791],[124.460564,12.31377]]]]}},{"type":"Feature","properties":{"ID_0":177,"ISO":"PHL","NAME_0":"Philippines","ID_1":8060,"NAME_1":"Samar (Western Samar)","ID_2":806003,"NAME_2":"Calbayog City","ID_3":806003053,"NAME_3":"De Victoria","NL_NAME_3":null,"VARNAME_3":null,"TYPE_3":"Barangay","ENGTYPE_3":"Village","PROVINCE":"Samar (Western Samar)","REGION":"Region VIII (Eastern Visayas)","id":"barangay-0806003053","name":"De Victoria","barangayCode":"0806003053","population":null,"formattedPop":null,"densityCategory":"No data","vulnerabilityRating":"No data","healthRiskLevel":"No data","areaKm2":3.203981,"centerLat":12.200653,"centerLng":124.599131,"geometrySource":"all_barangay-2.csv detailed WKT","geometryMatchMethod":"psgc_coordinate_bridge","boundaryPointCount":37},"geometry":{"type":"MultiPolygon","coordinates":[[[[124.590149,12.21033],[124.59256,12.2107],[124.594681,12.21108],[124.595833,12.21157],[124.607559,12.20737],[124.606003,12.20143],[124.606003,12.20061],[124.606003,12.19966],[124.605377,12.19945],[124.604721,12.19871],[124.604088,12.19817],[124.60392,12.19693],[124.603767,12.19613],[124.603928,12.19531],[124.603287,12.19449],[124.60276,12.19464],[124.602333,12.19341],[124.6017,12.19286],[124.6017,12.19191],[124.60186,12.19109],[124.601173,12.1906],[124.594017,12.19308],[124.593933,12.19368],[124.594193,12.1945],[124.593872,12.19522],[124.593231,12.19585],[124.592613,12.1966],[124.591827,12.19668],[124.590607,12.19668],[124.59021,12.19688],[124.589897,12.19795],[124.589211,12.19848],[124.589211,12.19938],[124.589027,12.20028],[124.588577,12.20078],[124.590118,12.20723],[124.590149,12.21033]]]]}},{"type":"Feature","properties":{"ID_0":177,"ISO":"PHL","NAME_0":"Philippines","ID_1":8060,"NAME_1":"Samar (Western Samar)","ID_2":806003,"NAME_2":"Calbayog City","ID_3":806003054,"NAME_3":"Dinabongan","NL_NAME_3":null,"VARNAME_3":null,"TYPE_3":"Barangay","ENGTYPE_3":"Village","PROVINCE":"Samar (Western Samar)","REGION":"Region VIII (Eastern Visayas)","id":"barangay-0806003054","name":"Dinabongan","barangayCode":"0806003054","population":null,"formattedPop":null,"densityCategory":"No data","vulnerabilityRating":"No data","healthRiskLevel":"No data","areaKm2":3.874827,"centerLat":12.181878,"centerLng":124.606126,"geometrySource":"all_barangay-2.csv detailed WKT","geometryMatchMethod":"psgc_coordinate_bridge","boundaryPointCount":23},"geometry":{"type":"MultiPolygon","coordinates":[[[[124.601173,12.1906],[124.621094,12.18419],[124.61953,12.17612],[124.606117,12.17799],[124.58667,12.17835],[124.587288,12.1788],[124.587631,12.17888],[124.587807,12.17933],[124.587631,12.18],[124.587723,12.18053],[124.588242,12.18098],[124.588417,12.18045],[124.588768,12.18008],[124.588997,12.18086],[124.58947,12.18091],[124.589813,12.18121],[124.59034,12.18143],[124.591179,12.18118],[124.591827,12.18128],[124.59256,12.18145],[124.593483,12.18983],[124.594017,12.19308],[124.601173,12.1906]]]]}},{"type":"Feature","properties":{"ID_0":177,"ISO":"PHL","NAME_0":"Philippines","ID_1":8060,"NAME_1":"Samar (Western Samar)","ID_2":806003,"NAME_2":"Calbayog City","ID_3":806003055,"NAME_3":"Dinagan","NL_NAME_3":null,"VARNAME_3":null,"TYPE_3":"Barangay","ENGTYPE_3":"Village","PROVINCE":"Samar (Western Samar)","REGION":"Region VIII (Eastern Visayas)","id":"barangay-0806003055","name":"Dinagan","barangayCode":"0806003055","population":null,"formattedPop":null,"densityCategory":"No data","vulnerabilityRating":"No data","healthRiskLevel":"No data","areaKm2":3.228691,"centerLat":12.120529,"centerLng":124.526319,"geometrySource":"all_barangay-2.csv detailed WKT","geometryMatchMethod":"psgc_coordinate_bridge","boundaryPointCount":9},"geometry":{"type":"MultiPolygon","coordinates":[[[[124.535454,12.12866],[124.534737,12.12687],[124.533546,12.12351],[124.532417,12.12116],[124.531509,12.11762],[124.529793,12.10993],[124.52285,12.11385],[124.510262,12.12871],[124.535454,12.12866]]]]}},{"type":"Feature","properties":{"ID_0":177,"ISO":"PHL","NAME_0":"Philippines","ID_1":8060,"NAME_1":"Samar (Western Samar)","ID_2":806003,"NAME_2":"Calbayog City","ID_3":806003056,"NAME_3":"Dinawacan","NL_NAME_3":null,"VARNAME_3":null,"TYPE_3":"Barangay","ENGTYPE_3":"Village","PROVINCE":"Samar (Western Samar)","REGION":"Region VIII (Eastern Visayas)","id":"barangay-0806003056","name":"Dinawacan","barangayCode":"0806003056","population":null,"formattedPop":null,"densityCategory":"No data","vulnerabilityRating":"No data","healthRiskLevel":"No data","areaKm2":17.633443,"centerLat":12.179853,"centerLng":124.805167,"geometrySource":"all_barangay-2.csv detailed WKT","geometryMatchMethod":"psgc_coordinate_bridge","boundaryPointCount":60},"geometry":{"type":"MultiPolygon","coordinates":[[[[124.788551,12.19456],[124.798653,12.19498],[124.836388,12.19768],[124.830757,12.17574],[124.815872,12.1716],[124.799271,12.16703],[124.782799,12.16266],[124.778412,12.16138],[124.776672,12.1625],[124.774933,12.16419],[124.774117,12.16618],[124.773529,12.16718],[124.772827,12.16898],[124.7733,12.16987],[124.773643,12.17116],[124.774673,12.17274],[124.775162,12.17326],[124.775429,12.17448],[124.775047,12.17546],[124.775047,12.17595],[124.775742,12.17635],[124.775627,12.17734],[124.776093,12.17744],[124.776443,12.17694],[124.777023,12.17694],[124.777519,12.1775],[124.777138,12.17874],[124.777138,12.17933],[124.777489,12.17993],[124.777367,12.18031],[124.776787,12.18072],[124.777023,12.18141],[124.776871,12.18251],[124.777367,12.18341],[124.777832,12.1837],[124.778877,12.18341],[124.779694,12.18351],[124.780487,12.18366],[124.780983,12.1841],[124.780861,12.18479],[124.78125,12.18568],[124.781776,12.18663],[124.782021,12.18728],[124.782837,12.18798],[124.782951,12.18828],[124.784027,12.18852],[124.784698,12.18877],[124.785583,12.18845],[124.786209,12.18897],[124.786507,12.18974],[124.78714,12.19037],[124.787376,12.19077],[124.78714,12.19126],[124.787613,12.19146],[124.787262,12.19195],[124.787613,12.19185],[124.788361,12.19186],[124.789001,12.19245],[124.788773,12.19326],[124.788551,12.19456]]]]}},{"type":"Feature","properties":{"ID_0":177,"ISO":"PHL","NAME_0":"Philippines","ID_1":8060,"NAME_1":"Samar (Western Samar)","ID_2":806003,"NAME_2":"Calbayog City","ID_3":806003057,"NAME_3":"Esperanza","NL_NAME_3":null,"VARNAME_3":null,"TYPE_3":"Barangay","ENGTYPE_3":"Village","PROVINCE":"Samar (Western Samar)","REGION":"Region VIII (Eastern Visayas)","id":"barangay-0806003057","name":"Esperanza","barangayCode":"0806003057","population":null,"formattedPop":null,"densityCategory":"No data","vulnerabilityRating":"No data","healthRiskLevel":"No data","areaKm2":8.257121,"centerLat":12.202751,"centerLng":124.671729,"geometrySource":"all_barangay-2.csv detailed WKT","geometryMatchMethod":"psgc_coordinate_bridge","boundaryPointCount":21},"geometry":{"type":"MultiPolygon","coordinates":[[[[124.681503,12.21404],[124.687592,12.20173],[124.681252,12.19773],[124.675201,12.19469],[124.669388,12.1917],[124.658333,12.18668],[124.65551,12.1997],[124.667,12.21512],[124.671181,12.21906],[124.670853,12.21988],[124.670853,12.22102],[124.671387,12.22148],[124.67112,12.22205],[124.671516,12.22239],[124.672211,12.22304],[124.672462,12.2241],[124.671791,12.22536],[124.671791,12.22628],[124.672127,12.22729],[124.675987,12.22078],[124.681503,12.21404]]]]}},{"type":"Feature","properties":{"ID_0":177,"ISO":"PHL","NAME_0":"Philippines","ID_1":8060,"NAME_1":"Samar (Western Samar)","ID_2":806003,"NAME_2":"Calbayog City","ID_3":806003058,"NAME_3":"Gadgaran","NL_NAME_3":null,"VARNAME_3":null,"TYPE_3":"Barangay","ENGTYPE_3":"Village","PROVINCE":"Samar (Western Samar)","REGION":"Region VIII (Eastern Visayas)","id":"barangay-0806003058","name":"Gadgaran","barangayCode":"0806003058","population":null,"formattedPop":null,"densityCategory":"No data","vulnerabilityRating":"No data","healthRiskLevel":"No data","areaKm2":2.202762,"centerLat":12.087761,"centerLng":124.565371,"geometrySource":"all_barangay-2.csv detailed WKT","geometryMatchMethod":"psgc_coordinate_bridge","boundaryPointCount":8},"geometry":{"type":"MultiPolygon","coordinates":[[[[124.555473,12.0945],[124.573082,12.09399],[124.572533,12.08357],[124.569901,12.08369],[124.56955,12.08371],[124.555206,12.08436],[124.554703,12.08899],[124.555473,12.0945]]]]}},{"type":"Feature","properties":{"ID_0":177,"ISO":"PHL","NAME_0":"Philippines","ID_1":8060,"NAME_1":"Samar (Western Samar)","ID_2":806003,"NAME_2":"Calbayog City","ID_3":806003059,"NAME_3":"Gasdo","NL_NAME_3":null,"VARNAME_3":null,"TYPE_3":"Barangay","ENGTYPE_3":"Village","PROVINCE":"Samar (Western Samar)","REGION":"Region VIII (Eastern Visayas)","id":"barangay-0806003059","name":"Gasdo","barangayCode":"0806003059","population":null,"formattedPop":null,"densityCategory":"No data","vulnerabilityRating":"No data","healthRiskLevel":"No data","areaKm2":3.738764,"centerLat":12.244062,"centerLng":124.688249,"geometrySource":"all_barangay-2.csv detailed WKT","geometryMatchMethod":"psgc_coordinate_bridge","boundaryPointCount":22},"geometry":{"type":"MultiPolygon","coordinates":[[[[124.692574,12.27594],[124.692467,12.26705],[124.692017,12.26052],[124.694473,12.2515],[124.695251,12.24188],[124.694122,12.23643],[124.693138,12.23689],[124.692429,12.23598],[124.691704,12.2351],[124.69046,12.23476],[124.690109,12.23506],[124.689346,12.23546],[124.687973,12.23552],[124.687431,12.23582],[124.686829,12.23537],[124.685654,12.23521],[124.685471,12.2343],[124.684219,12.23385],[124.683434,12.23326],[124.663719,12.25677],[124.679672,12.26893],[124.692574,12.27594]]]]}},{"type":"Feature","properties":{"ID_0":177,"ISO":"PHL","NAME_0":"Philippines","ID_1":8060,"NAME_1":"Samar (Western Samar)","ID_2":806003,"NAME_2":"Calbayog City","ID_3":806003060,"NAME_3":"Helino","NL_NAME_3":null,"VARNAME_3":null,"TYPE_3":"Barangay","ENGTYPE_3":"Village","PROVINCE":"Samar (Western Samar)","REGION":"Region VIII (Eastern Visayas)","id":"barangay-0806003060","name":"Helino","barangayCode":"0806003060","population":null,"formattedPop":null,"densityCategory":"No data","vulnerabilityRating":"No data","healthRiskLevel":"No data","areaKm2":7.697156,"centerLat":12.228558,"centerLng":124.736726,"geometrySource":"all_barangay-2.csv detailed WKT","geometryMatchMethod":"psgc_coordinate_bridge","boundaryPointCount":40},"geometry":{"type":"MultiPolygon","coordinates":[[[[124.746529,12.24065],[124.745644,12.23938],[124.744614,12.2385],[124.744431,12.2369],[124.746422,12.23514],[124.748444,12.23585],[124.748978,12.23586],[124.749489,12.2352],[124.750427,12.23359],[124.752136,12.23357],[124.753326,12.23193],[124.753082,12.23062],[124.753342,12.22886],[124.753853,12.22556],[124.754677,12.22401],[124.754173,12.22313],[124.753906,12.22182],[124.752281,12.22159],[124.75135,12.2216],[124.750839,12.22095],[124.750069,12.21963],[124.748787,12.21963],[124.747276,12.22107],[124.746231,12.22051],[124.74469,12.21963],[124.743492,12.22003],[124.741867,12.22007],[124.741364,12.2192],[124.741364,12.21832],[124.740784,12.21724],[124.739449,12.21596],[124.729843,12.22054],[124.723686,12.22611],[124.718803,12.2302],[124.71434,12.23255],[124.711082,12.23404],[124.711777,12.23617],[124.713867,12.23823],[124.722939,12.23888],[124.746529,12.24065]]]]}},{"type":"Feature","properties":{"ID_0":177,"ISO":"PHL","NAME_0":"Philippines","ID_1":8060,"NAME_1":"Samar (Western Samar)","ID_2":806003,"NAME_2":"Calbayog City","ID_3":806003061,"NAME_3":"Geragaan","NL_NAME_3":null,"VARNAME_3":null,"TYPE_3":"Barangay","ENGTYPE_3":"Village","PROVINCE":"Samar (Western Samar)","REGION":"Region VIII (Eastern Visayas)","id":"barangay-0806003061","name":"Geragaan","barangayCode":"0806003061","population":null,"formattedPop":null,"densityCategory":"No data","vulnerabilityRating":"No data","healthRiskLevel":"No data","areaKm2":4.16554,"centerLat":12.123247,"centerLng":124.638613,"geometrySource":"barangays.geojson simplified fallback","geometryMatchMethod":"simplified_fallback","boundaryPointCount":5},"geometry":{"type":"Polygon","coordinates":[[[124.64366435200009,12.129693982000049],[124.65711524700009,12.114818931000059],[124.62546832300006,12.117370917000073],[124.62610939000001,12.130429021000054],[124.64366435200009,12.129693982000049]]]}},{"type":"Feature","properties":{"ID_0":177,"ISO":"PHL","NAME_0":"Philippines","ID_1":8060,"NAME_1":"Samar (Western Samar)","ID_2":806003,"NAME_2":"Calbayog City","ID_3":806003062,"NAME_3":"Guin-on","NL_NAME_3":null,"VARNAME_3":null,"TYPE_3":"Barangay","ENGTYPE_3":"Village","PROVINCE":"Samar (Western Samar)","REGION":"Region VIII (Eastern Visayas)","id":"barangay-0806003062","name":"Guin-on","barangayCode":"0806003062","population":null,"formattedPop":null,"densityCategory":"No data","vulnerabilityRating":"No data","healthRiskLevel":"No data","areaKm2":4.546687,"centerLat":12.096352,"centerLng":124.605976,"geometrySource":"all_barangay-2.csv detailed WKT","geometryMatchMethod":"psgc_coordinate_bridge","boundaryPointCount":25},"geometry":{"type":"MultiPolygon","coordinates":[[[[124.605186,12.10804],[124.609337,12.10872],[124.613297,12.09905],[124.616966,12.09145],[124.611557,12.0907],[124.594559,12.09478],[124.593643,12.10718],[124.594093,12.10731],[124.594994,12.1072],[124.595619,12.10742],[124.595741,12.10807],[124.596001,12.10829],[124.596626,12.10872],[124.597229,12.10894],[124.598152,12.10921],[124.599182,12.10926],[124.599869,12.10868],[124.600723,12.1085],[124.601349,12.10861],[124.601753,12.10792],[124.602371,12.10752],[124.602867,12.1073],[124.603638,12.10773],[124.604271,12.10777],[124.605186,12.10804]]]]}},{"type":"Feature","properties":{"ID_0":177,"ISO":"PHL","NAME_0":"Philippines","ID_1":8060,"NAME_1":"Samar (Western Samar)","ID_2":806003,"NAME_2":"Calbayog City","ID_3":806003063,"NAME_3":"Guinbaoyan Norte","NL_NAME_3":null,"VARNAME_3":null,"TYPE_3":"Barangay","ENGTYPE_3":"Village","PROVINCE":"Samar (Western Samar)","REGION":"Region VIII (Eastern Visayas)","id":"barangay-0806003063","name":"Guinbaoyan Norte","barangayCode":"0806003063","population":null,"formattedPop":null,"densityCategory":"No data","vulnerabilityRating":"No data","healthRiskLevel":"No data","areaKm2":2.139553,"centerLat":12.104227,"centerLng":124.621026,"geometrySource":"barangays.geojson simplified fallback","geometryMatchMethod":"simplified_fallback","boundaryPointCount":5},"geometry":{"type":"Polygon","coordinates":[[[124.6303742240001,12.100366055000052],[124.614711241,12.097696318000033],[124.61074329900009,12.107368675000032],[124.62801628500006,12.11108633300006],[124.6303742240001,12.100366055000052]]]}},{"type":"Feature","properties":{"ID_0":177,"ISO":"PHL","NAME_0":"Philippines","ID_1":8060,"NAME_1":"Samar (Western Samar)","ID_2":806003,"NAME_2":"Calbayog City","ID_3":806003064,"NAME_3":"Guinbaoyan Sur","NL_NAME_3":null,"VARNAME_3":null,"TYPE_3":"Barangay","ENGTYPE_3":"Village","PROVINCE":"Samar (Western Samar)","REGION":"Region VIII (Eastern Visayas)","id":"barangay-0806003064","name":"Guinbaoyan Sur","barangayCode":"0806003064","population":null,"formattedPop":null,"densityCategory":"No data","vulnerabilityRating":"No data","healthRiskLevel":"No data","areaKm2":2.870621,"centerLat":12.084987,"centerLng":124.640399,"geometrySource":"barangays.geojson simplified fallback","geometryMatchMethod":"simplified_fallback","boundaryPointCount":5},"geometry":{"type":"Polygon","coordinates":[[[124.64947813300012,12.090249650000032],[124.64326705700012,12.073208848000036],[124.63353210500009,12.078798515000074],[124.6395601800001,12.095279356000049],[124.64947813300012,12.090249650000032]]]}},{"type":"Feature","properties":{"ID_0":177,"ISO":"PHL","NAME_0":"Philippines","ID_1":8060,"NAME_1":"Samar (Western Samar)","ID_2":806003,"NAME_2":"Calbayog City","ID_3":806003065,"NAME_3":"Hamorawon","NL_NAME_3":null,"VARNAME_3":null,"TYPE_3":"Barangay","ENGTYPE_3":"Village","PROVINCE":"Samar (Western Samar)","REGION":"Region VIII (Eastern Visayas)","id":"barangay-0806003065","name":"Hamorawon","barangayCode":"0806003065","population":null,"formattedPop":null,"densityCategory":"No data","vulnerabilityRating":"No data","healthRiskLevel":"No data","areaKm2":0.247018,"centerLat":12.077084,"centerLng":124.602755,"geometrySource":"all_barangay-2.csv detailed WKT","geometryMatchMethod":"psgc_coordinate_bridge","boundaryPointCount":23},"geometry":{"type":"MultiPolygon","coordinates":[[[[124.599602,12.0817],[124.600037,12.0813],[124.600098,12.08127],[124.600853,12.08084],[124.601479,12.0806],[124.601578,12.07998],[124.601936,12.0799],[124.602097,12.07987],[124.602386,12.07983],[124.602753,12.07952],[124.60347,12.07944],[124.604019,12.07875],[124.604469,12.07828],[124.604637,12.07734],[124.604271,12.07623],[124.60424,12.07613],[124.603943,12.07521],[124.600853,12.07721],[124.597672,12.07925],[124.597908,12.07977],[124.598267,12.08023],[124.598633,12.08101],[124.599602,12.0817]]]]}},{"type":"Feature","properties":{"ID_0":177,"ISO":"PHL","NAME_0":"Philippines","ID_1":8060,"NAME_1":"Samar (Western Samar)","ID_2":806003,"NAME_2":"Calbayog City","ID_3":806003066,"NAME_3":"Hibabngan","NL_NAME_3":null,"VARNAME_3":null,"TYPE_3":"Barangay","ENGTYPE_3":"Village","PROVINCE":"Samar (Western Samar)","REGION":"Region VIII (Eastern Visayas)","id":"barangay-0806003066","name":"Hibabngan","barangayCode":"0806003066","population":null,"formattedPop":null,"densityCategory":"No data","vulnerabilityRating":"No data","healthRiskLevel":"No data","areaKm2":5.615514,"centerLat":12.227521,"centerLng":124.618195,"geometrySource":"all_barangay-2.csv detailed WKT","geometryMatchMethod":"psgc_coordinate_bridge","boundaryPointCount":9},"geometry":{"type":"MultiPolygon","coordinates":[[[[124.63044,12.2488],[124.632713,12.24792],[124.640961,12.24248],[124.633537,12.22143],[124.603867,12.22022],[124.602867,12.23744],[124.610046,12.24655],[124.615898,12.25649],[124.63044,12.2488]]]]}},{"type":"Feature","properties":{"ID_0":177,"ISO":"PHL","NAME_0":"Philippines","ID_1":8060,"NAME_1":"Samar (Western Samar)","ID_2":806003,"NAME_2":"Calbayog City","ID_3":806003067,"NAME_3":"Hibatang","NL_NAME_3":null,"VARNAME_3":null,"TYPE_3":"Barangay","ENGTYPE_3":"Village","PROVINCE":"Samar (Western Samar)","REGION":"Region VIII (Eastern Visayas)","id":"barangay-0806003067","name":"Hibatang","barangayCode":"0806003067","population":null,"formattedPop":null,"densityCategory":"No data","vulnerabilityRating":"No data","healthRiskLevel":"No data","areaKm2":5.720596,"centerLat":12.218333,"centerLng":124.660894,"geometrySource":"all_barangay-2.csv detailed WKT","geometryMatchMethod":"psgc_coordinate_bridge","boundaryPointCount":83},"geometry":{"type":"MultiPolygon","coordinates":[[[[124.672127,12.22729],[124.671791,12.22628],[124.671791,12.22536],[124.672462,12.2241],[124.672211,12.22304],[124.671516,12.22239],[124.67112,12.22205],[124.671387,12.22148],[124.670853,12.22102],[124.670853,12.21988],[124.671181,12.21906],[124.667,12.21512],[124.65551,12.1997],[124.653221,12.2072],[124.652908,12.2086],[124.652641,12.20975],[124.652367,12.21066],[124.651428,12.21112],[124.651428,12.21169],[124.651299,12.21249],[124.650757,12.21353],[124.650093,12.2141],[124.649963,12.21471],[124.650093,12.2157],[124.650093,12.21604],[124.649559,12.21604],[124.649452,12.2169],[124.649689,12.21742],[124.649559,12.21788],[124.649559,12.21868],[124.649017,12.21857],[124.648781,12.21894],[124.648392,12.22006],[124.648621,12.22099],[124.648888,12.22144],[124.648621,12.22236],[124.648582,12.22299],[124.649109,12.22411],[124.650093,12.22511],[124.650673,12.2255],[124.651421,12.22639],[124.651299,12.22695],[124.651703,12.22786],[124.652496,12.22775],[124.652901,12.22798],[124.653038,12.22877],[124.652481,12.22948],[124.651703,12.22991],[124.652237,12.23071],[124.652634,12.23174],[124.653572,12.23128],[124.653992,12.23183],[124.654114,12.2331],[124.65464,12.2339],[124.655579,12.23334],[124.656517,12.23304],[124.656647,12.23231],[124.657463,12.2322],[124.658524,12.23242],[124.659187,12.23242],[124.659782,12.23195],[124.660927,12.23185],[124.661278,12.23261],[124.661743,12.23345],[124.662407,12.23311],[124.663231,12.23299],[124.664146,12.23242],[124.664963,12.23231],[124.664688,12.23174],[124.664993,12.23117],[124.665497,12.2306],[124.666252,12.2302],[124.666702,12.22991],[124.667458,12.23008],[124.667908,12.23049],[124.668442,12.23049],[124.668983,12.23015],[124.669693,12.22956],[124.670319,12.22878],[124.670448,12.22798],[124.671051,12.22763],[124.671387,12.2273],[124.672127,12.22729]]]]}},{"type":"Feature","properties":{"ID_0":177,"ISO":"PHL","NAME_0":"Philippines","ID_1":8060,"NAME_1":"Samar (Western Samar)","ID_2":806003,"NAME_2":"Calbayog City","ID_3":806003068,"NAME_3":"Higasaan","NL_NAME_3":null,"VARNAME_3":null,"TYPE_3":"Barangay","ENGTYPE_3":"Village","PROVINCE":"Samar (Western Samar)","REGION":"Region VIII (Eastern Visayas)","id":"barangay-0806003068","name":"Higasaan","barangayCode":"0806003068","population":null,"formattedPop":null,"densityCategory":"No data","vulnerabilityRating":"No data","healthRiskLevel":"No data","areaKm2":26.751706,"centerLat":12.229435,"centerLng":124.773549,"geometrySource":"all_barangay-2.csv detailed WKT","geometryMatchMethod":"psgc_coordinate_bridge","boundaryPointCount":105},"geometry":{"type":"MultiPolygon","coordinates":[[[[124.753189,12.26282],[124.79081,12.24223],[124.796867,12.23957],[124.804176,12.2368],[124.804497,12.23553],[124.804947,12.234],[124.805847,12.2317],[124.806328,12.22995],[124.806961,12.2294],[124.80629,12.22825],[124.806519,12.22729],[124.807098,12.22646],[124.807632,12.22519],[124.80629,12.22461],[124.804619,12.22468],[124.804497,12.22327],[124.803047,12.22284],[124.802269,12.22212],[124.802711,12.22098],[124.802711,12.22002],[124.801247,12.21909],[124.800034,12.21926],[124.798264,12.21861],[124.796593,12.21761],[124.795349,12.21638],[124.794678,12.21524],[124.793068,12.21437],[124.791779,12.21409],[124.789757,12.21486],[124.788483,12.21503],[124.786636,12.21443],[124.784393,12.21313],[124.783058,12.21218],[124.782387,12.21084],[124.7827,12.20918],[124.783951,12.20797],[124.78434,12.20635],[124.784172,12.20529],[124.784393,12.20415],[124.785294,12.2028],[124.785744,12.20164],[124.785744,12.20031],[124.78595,12.19953],[124.786163,12.19756],[124.785011,12.19667],[124.783859,12.19662],[124.782211,12.19849],[124.778801,12.20218],[124.776253,12.2049],[124.773788,12.20667],[124.748489,12.2133],[124.739449,12.21596],[124.740784,12.21724],[124.741364,12.21832],[124.741364,12.2192],[124.741867,12.22007],[124.743492,12.22003],[124.74469,12.21963],[124.746231,12.22051],[124.747276,12.22107],[124.748787,12.21963],[124.750069,12.21963],[124.750839,12.22095],[124.75135,12.2216],[124.752281,12.22159],[124.753906,12.22182],[124.754173,12.22313],[124.754677,12.22401],[124.753853,12.22556],[124.753342,12.22886],[124.753082,12.23062],[124.753326,12.23193],[124.752136,12.23357],[124.750427,12.23359],[124.749489,12.2352],[124.748978,12.23586],[124.748444,12.23585],[124.746422,12.23514],[124.744431,12.2369],[124.744614,12.2385],[124.745644,12.23938],[124.746529,12.24065],[124.746933,12.24289],[124.74707,12.24408],[124.747437,12.24686],[124.746933,12.24818],[124.74688,12.24909],[124.746674,12.25081],[124.746407,12.25169],[124.745392,12.25234],[124.745079,12.25399],[124.743858,12.25564],[124.74334,12.25608],[124.742317,12.25761],[124.741791,12.25835],[124.741043,12.25982],[124.741043,12.26135],[124.741989,12.2619],[124.742317,12.26289],[124.743103,12.2642],[124.743103,12.26486],[124.743103,12.26596],[124.743874,12.26683],[124.744133,12.26862],[124.753189,12.26282]]]]}},{"type":"Feature","properties":{"ID_0":177,"ISO":"PHL","NAME_0":"Philippines","ID_1":8060,"NAME_1":"Samar (Western Samar)","ID_2":806003,"NAME_2":"Calbayog City","ID_3":806003069,"NAME_3":"Himalandrog","NL_NAME_3":null,"VARNAME_3":null,"TYPE_3":"Barangay","ENGTYPE_3":"Village","PROVINCE":"Samar (Western Samar)","REGION":"Region VIII (Eastern Visayas)","id":"barangay-0806003069","name":"Himalandrog","barangayCode":"0806003069","population":null,"formattedPop":null,"densityCategory":"No data","vulnerabilityRating":"No data","healthRiskLevel":"No data","areaKm2":22.046605,"centerLat":12.160679,"centerLng":124.719498,"geometrySource":"all_barangay-2.csv detailed WKT","geometryMatchMethod":"psgc_coordinate_bridge","boundaryPointCount":148},"geometry":{"type":"MultiPolygon","coordinates":[[[[124.730827,12.186],[124.740669,12.16758],[124.748772,12.14566],[124.745438,12.14354],[124.735832,12.13603],[124.730789,12.13243],[124.715981,12.14976],[124.715797,12.14996],[124.715767,12.15092],[124.715767,12.15207],[124.714867,12.15188],[124.713982,12.1515],[124.713539,12.15245],[124.713081,12.15375],[124.713089,12.15532],[124.711899,12.15601],[124.710617,12.15589],[124.709732,12.15666],[124.709671,12.15738],[124.708389,12.158],[124.707047,12.15819],[124.706108,12.15646],[124.704819,12.15646],[124.703033,12.15626],[124.701874,12.15683],[124.699059,12.15708],[124.697441,12.15741],[124.696098,12.1576],[124.694298,12.15701],[124.69297,12.15722],[124.691177,12.15703],[124.690277,12.15631],[124.687622,12.1551],[124.685791,12.15531],[124.68512,12.1555],[124.683327,12.1555],[124.681778,12.15473],[124.679993,12.1555],[124.679428,12.15618],[124.689697,12.1778],[124.693207,12.18689],[124.693413,12.18615],[124.693687,12.18544],[124.694328,12.18496],[124.694687,12.18449],[124.695251,12.18409],[124.695709,12.1833],[124.695801,12.18307],[124.696167,12.18204],[124.696167,12.18141],[124.696167,12.18117],[124.696167,12.18101],[124.696541,12.18054],[124.696907,12.17991],[124.697281,12.17951],[124.698013,12.17896],[124.698303,12.17888],[124.698387,12.17841],[124.69857,12.17793],[124.69912,12.17722],[124.700302,12.17692],[124.700867,12.17722],[124.701332,12.17706],[124.701797,12.17659],[124.702263,12.17643],[124.702621,12.17659],[124.703178,12.17675],[124.703362,12.17635],[124.703644,12.17612],[124.704086,12.17643],[124.704277,12.1769],[124.704826,12.17667],[124.705292,12.17699],[124.706284,12.17772],[124.707603,12.17825],[124.707687,12.17849],[124.708344,12.17857],[124.708519,12.17825],[124.708794,12.17825],[124.70916,12.17857],[124.709534,12.17873],[124.709808,12.17881],[124.710274,12.17841],[124.710449,12.17794],[124.710823,12.17738],[124.71138,12.1775],[124.711739,12.17794],[124.712479,12.17809],[124.712936,12.17809],[124.712936,12.17762],[124.712753,12.17715],[124.712936,12.17675],[124.713493,12.17644],[124.713943,12.17691],[124.713852,12.17762],[124.713303,12.17801],[124.713112,12.17861],[124.712936,12.17936],[124.713387,12.17944],[124.713669,12.18007],[124.713669,12.18086],[124.714317,12.18118],[124.714767,12.18062],[124.715317,12.18078],[124.715424,12.1811],[124.71579,12.18102],[124.716164,12.18078],[124.716431,12.18118],[124.716888,12.18086],[124.717072,12.18046],[124.717453,12.17983],[124.717812,12.17952],[124.718452,12.17983],[124.718643,12.18031],[124.718826,12.18094],[124.719193,12.18102],[124.71965,12.18102],[124.719917,12.18118],[124.72039,12.18094],[124.720757,12.1807],[124.721207,12.1807],[124.721786,12.18135],[124.722137,12.18204],[124.722603,12.18204],[124.723061,12.18202],[124.723793,12.18212],[124.724426,12.18244],[124.725166,12.18268],[124.725357,12.18268],[124.725998,12.18268],[124.726547,12.18275],[124.726593,12.18342],[124.726593,12.18397],[124.726936,12.18434],[124.727577,12.18428],[124.727997,12.18403],[124.728363,12.18348],[124.728928,12.18287],[124.7295,12.18287],[124.729927,12.1833],[124.729927,12.18397],[124.7295,12.1844],[124.729073,12.18477],[124.72879,12.18519],[124.728859,12.18568],[124.729851,12.18611],[124.730347,12.18598],[124.730827,12.186]]]]}},{"type":"Feature","properties":{"ID_0":177,"ISO":"PHL","NAME_0":"Philippines","ID_1":8060,"NAME_1":"Samar (Western Samar)","ID_2":806003,"NAME_2":"Calbayog City","ID_3":806003070,"NAME_3":"Jimautan","NL_NAME_3":null,"VARNAME_3":null,"TYPE_3":"Barangay","ENGTYPE_3":"Village","PROVINCE":"Samar (Western Samar)","REGION":"Region VIII (Eastern Visayas)","id":"barangay-0806003070","name":"Jimautan","barangayCode":"0806003070","population":null,"formattedPop":null,"densityCategory":"No data","vulnerabilityRating":"No data","healthRiskLevel":"No data","areaKm2":3.223283,"centerLat":12.139028,"centerLng":124.585749,"geometrySource":"all_barangay-2.csv detailed WKT","geometryMatchMethod":"psgc_coordinate_bridge","boundaryPointCount":24},"geometry":{"type":"MultiPolygon","coordinates":[[[[124.582687,12.149],[124.59478,12.14704],[124.591827,12.13283],[124.579033,12.13283],[124.57785,12.13317],[124.577721,12.13383],[124.577377,12.13448],[124.576569,12.13459],[124.575813,12.13513],[124.575684,12.13568],[124.576057,12.13611],[124.575287,12.13626],[124.574142,12.13601],[124.573761,12.13645],[124.573631,12.13688],[124.573502,12.13721],[124.573128,12.1371],[124.572487,12.13699],[124.572227,12.13732],[124.572227,12.13764],[124.572113,12.13797],[124.571404,12.13794],[124.576843,12.14435],[124.582687,12.149]]]]}},{"type":"Feature","properties":{"ID_0":177,"ISO":"PHL","NAME_0":"Philippines","ID_1":8060,"NAME_1":"Samar (Western Samar)","ID_2":806003,"NAME_2":"Calbayog City","ID_3":806003071,"NAME_3":"Hugon Rosales","NL_NAME_3":null,"VARNAME_3":null,"TYPE_3":"Barangay","ENGTYPE_3":"Village","PROVINCE":"Samar (Western Samar)","REGION":"Region VIII (Eastern Visayas)","id":"barangay-0806003071","name":"Hugon Rosales","barangayCode":"0806003071","population":null,"formattedPop":null,"densityCategory":"No data","vulnerabilityRating":"No data","healthRiskLevel":"No data","areaKm2":3.25839,"centerLat":12.250041,"centerLng":124.595926,"geometrySource":"all_barangay-2.csv detailed WKT","geometryMatchMethod":"psgc_coordinate_bridge","boundaryPointCount":73},"geometry":{"type":"MultiPolygon","coordinates":[[[[124.591583,12.26171],[124.591103,12.25909],[124.592361,12.2579],[124.592453,12.25559],[124.593597,12.25468],[124.593521,12.25249],[124.590919,12.24958],[124.588509,12.24966],[124.587097,12.24585],[124.584602,12.24165],[124.583427,12.2384],[124.583519,12.23581],[124.584106,12.23275],[124.5839,12.23291],[124.582993,12.23327],[124.582077,12.23351],[124.582497,12.23459],[124.58194,12.23513],[124.581734,12.23573],[124.582222,12.23627],[124.582779,12.23717],[124.582642,12.23747],[124.58194,12.23747],[124.581238,12.23759],[124.580612,12.23699],[124.579842,12.23687],[124.579422,12.23687],[124.578934,12.23759],[124.578232,12.23747],[124.57795,12.23711],[124.577667,12.23681],[124.577179,12.23681],[124.57653,12.23699],[124.575989,12.23711],[124.575706,12.23699],[124.574997,12.23681],[124.574997,12.23741],[124.574722,12.23753],[124.574577,12.23795],[124.57354,12.23843],[124.572479,12.23813],[124.571716,12.23789],[124.571083,12.23789],[124.570351,12.23793],[124.570267,12.23985],[124.57077,12.24134],[124.569847,12.24301],[124.570267,12.24454],[124.571274,12.24475],[124.572273,12.24582],[124.571518,12.24731],[124.572006,12.24816],[124.57061,12.24818],[124.569771,12.24923],[124.570023,12.25072],[124.568703,12.25142],[124.56778,12.25221],[124.566528,12.25221],[124.565086,12.25191],[124.563789,12.252],[124.562798,12.252],[124.562698,12.25296],[124.563042,12.25456],[124.562553,12.25605],[124.563164,12.25712],[124.561813,12.25904],[124.56131,12.26074],[124.560318,12.26138],[124.558807,12.26245],[124.565598,12.25928],[124.574203,12.25884],[124.585587,12.26083],[124.591583,12.26171]]]]}},{"type":"Feature","properties":{"ID_0":177,"ISO":"PHL","NAME_0":"Philippines","ID_1":8060,"NAME_1":"Samar (Western Samar)","ID_2":806003,"NAME_2":"Calbayog City","ID_3":806003072,"NAME_3":"Jacinto","NL_NAME_3":null,"VARNAME_3":null,"TYPE_3":"Barangay","ENGTYPE_3":"Village","PROVINCE":"Samar (Western Samar)","REGION":"Region VIII (Eastern Visayas)","id":"barangay-0806003072","name":"Jacinto","barangayCode":"0806003072","population":null,"formattedPop":null,"densityCategory":"No data","vulnerabilityRating":"No data","healthRiskLevel":"No data","areaKm2":4.216887,"centerLat":12.206361,"centerLng":124.642084,"geometrySource":"all_barangay-2.csv detailed WKT","geometryMatchMethod":"psgc_coordinate_bridge","boundaryPointCount":24},"geometry":{"type":"MultiPolygon","coordinates":[[[[124.632248,12.21711],[124.638367,12.2161],[124.640602,12.21479],[124.642952,12.2142],[124.645828,12.21547],[124.649452,12.2169],[124.649559,12.21604],[124.650093,12.21604],[124.650093,12.2157],[124.649963,12.21471],[124.650093,12.2141],[124.650757,12.21353],[124.651299,12.21249],[124.651428,12.21169],[124.651428,12.21112],[124.652367,12.21066],[124.652641,12.20975],[124.652908,12.2086],[124.653221,12.2072],[124.65551,12.1997],[124.647247,12.19937],[124.638542,12.20052],[124.626793,12.20146],[124.632248,12.21711]]]]}},{"type":"Feature","properties":{"ID_0":177,"ISO":"PHL","NAME_0":"Philippines","ID_1":8060,"NAME_1":"Samar (Western Samar)","ID_2":806003,"NAME_2":"Calbayog City","ID_3":806003074,"NAME_3":"Aguit-itan","NL_NAME_3":null,"VARNAME_3":null,"TYPE_3":"Barangay","ENGTYPE_3":"Village","PROVINCE":"Samar (Western Samar)","REGION":"Region VIII (Eastern Visayas)","id":"barangay-0806003074","name":"Aguit-itan","barangayCode":"0806003074","population":null,"formattedPop":null,"densityCategory":"No data","vulnerabilityRating":"No data","healthRiskLevel":"No data","areaKm2":0.189571,"centerLat":12.066289,"centerLng":124.593152,"geometrySource":"all_barangay-2.csv detailed WKT","geometryMatchMethod":"psgc_coordinate_bridge","boundaryPointCount":17},"geometry":{"type":"MultiPolygon","coordinates":[[[[124.592308,12.07008],[124.595512,12.06938],[124.594223,12.06635],[124.594093,12.06532],[124.593536,12.06519],[124.592903,12.06427],[124.592644,12.06416],[124.59243,12.06395],[124.591667,12.06417],[124.590843,12.06417],[124.590607,12.06429],[124.590889,12.06728],[124.591026,12.0681],[124.591476,12.06849],[124.591583,12.06895],[124.591843,12.06965],[124.592308,12.07008]]]]}},{"type":"Feature","properties":{"ID_0":177,"ISO":"PHL","NAME_0":"Philippines","ID_1":8060,"NAME_1":"Samar (Western Samar)","ID_2":806003,"NAME_2":"Calbayog City","ID_3":806003076,"NAME_3":"Kilikili","NL_NAME_3":null,"VARNAME_3":null,"TYPE_3":"Barangay","ENGTYPE_3":"Village","PROVINCE":"Samar (Western Samar)","REGION":"Region VIII (Eastern Visayas)","id":"barangay-0806003076","name":"Kilikili","barangayCode":"0806003076","population":null,"formattedPop":null,"densityCategory":"No data","vulnerabilityRating":"No data","healthRiskLevel":"No data","areaKm2":5.763096,"centerLat":12.121369,"centerLng":124.576786,"geometrySource":"all_barangay-2.csv detailed WKT","geometryMatchMethod":"psgc_coordinate_bridge","boundaryPointCount":79},"geometry":{"type":"MultiPolygon","coordinates":[[[[124.579033,12.13283],[124.585098,12.12002],[124.592178,12.10895],[124.572487,12.10864],[124.573891,12.11476],[124.572807,12.11545],[124.572533,12.11646],[124.572029,12.11624],[124.571648,12.11537],[124.571274,12.11547],[124.570923,12.11598],[124.570503,12.11711],[124.569862,12.11678],[124.569611,12.11624],[124.569229,12.11678],[124.569229,12.11755],[124.568947,12.11815],[124.568733,12.11929],[124.568466,12.11951],[124.568336,12.12038],[124.568123,12.12109],[124.567703,12.12169],[124.567703,12.12235],[124.5672,12.12278],[124.566689,12.12278],[124.566063,12.12311],[124.566063,12.12365],[124.566391,12.12438],[124.565804,12.12485],[124.565804,12.12551],[124.565498,12.1263],[124.565033,12.12682],[124.564651,12.12704],[124.564552,12.12801],[124.56414,12.12867],[124.563889,12.12922],[124.563133,12.12932],[124.562233,12.12954],[124.56147,12.12954],[124.560791,12.13008],[124.561089,12.13129],[124.560226,12.13188],[124.560631,12.13275],[124.560631,12.1334],[124.561203,12.13441],[124.561783,12.13459],[124.562286,12.13459],[124.562553,12.13525],[124.562553,12.13601],[124.562927,12.13612],[124.56382,12.13623],[124.563942,12.13721],[124.564743,12.13684],[124.565613,12.13677],[124.566238,12.13645],[124.567383,12.1359],[124.568451,12.13618],[124.569038,12.13677],[124.570084,12.13734],[124.570442,12.13797],[124.571404,12.13794],[124.572113,12.13797],[124.572227,12.13764],[124.572227,12.13732],[124.572487,12.13699],[124.573128,12.1371],[124.573502,12.13721],[124.573631,12.13688],[124.573761,12.13645],[124.574142,12.13601],[124.575287,12.13626],[124.576057,12.13611],[124.575684,12.13568],[124.575813,12.13513],[124.576569,12.13459],[124.577377,12.13448],[124.577721,12.13383],[124.57785,12.13317],[124.579033,12.13283]]]]}},{"type":"Feature","properties":{"ID_0":177,"ISO":"PHL","NAME_0":"Philippines","ID_1":8060,"NAME_1":"Samar (Western Samar)","ID_2":806003,"NAME_2":"Calbayog City","ID_3":806003077,"NAME_3":"La Paz","NL_NAME_3":null,"VARNAME_3":null,"TYPE_3":"Barangay","ENGTYPE_3":"Village","PROVINCE":"Samar (Western Samar)","REGION":"Region VIII (Eastern Visayas)","id":"barangay-0806003077","name":"La Paz","barangayCode":"0806003077","population":null,"formattedPop":null,"densityCategory":"No data","vulnerabilityRating":"No data","healthRiskLevel":"No data","areaKm2":4.607305,"centerLat":12.139545,"centerLng":124.623505,"geometrySource":"all_barangay-2.csv detailed WKT","geometryMatchMethod":"psgc_coordinate_bridge","boundaryPointCount":71},"geometry":{"type":"MultiPolygon","coordinates":[[[[124.622421,12.15292],[124.62307,12.15183],[124.623756,12.151],[124.624199,12.14974],[124.624977,12.14885],[124.6259,12.14897],[124.626167,12.14806],[124.626953,12.14772],[124.627731,12.14689],[124.628532,12.14603],[124.629189,12.14569],[124.629318,12.1449],[124.629143,12.14384],[124.629066,12.14286],[124.630508,12.14286],[124.631432,12.14297],[124.631882,12.14225],[124.632278,12.14174],[124.632507,12.14095],[124.633186,12.1406],[124.634506,12.14059],[124.635406,12.14004],[124.635674,12.13914],[124.636192,12.13823],[124.636848,12.13688],[124.637108,12.13641],[124.63588,12.13474],[124.632736,12.13207],[124.629227,12.13144],[124.624702,12.13178],[124.622124,12.13188],[124.618217,12.1317],[124.614128,12.13085],[124.613518,12.13266],[124.613373,12.13424],[124.61322,12.13554],[124.613922,12.13671],[124.614807,12.13733],[124.614548,12.13812],[124.614548,12.13925],[124.614029,12.14009],[124.613327,12.14083],[124.61261,12.14112],[124.612007,12.14139],[124.611618,12.14185],[124.611748,12.14252],[124.611427,12.14334],[124.61058,12.14402],[124.610039,12.1449],[124.609573,12.14522],[124.608139,12.14591],[124.608688,12.14788],[124.60865,12.14962],[124.610382,12.14999],[124.61084,12.15032],[124.611763,12.14987],[124.612549,12.1494],[124.61393,12.14955],[124.614532,12.15021],[124.615318,12.15055],[124.615959,12.15099],[124.616547,12.15055],[124.617599,12.15111],[124.618439,12.15147],[124.618912,12.15201],[124.619308,12.15213],[124.620064,12.15224],[124.62075,12.15247],[124.620888,12.15315],[124.621674,12.15292],[124.622421,12.15292]]]]}},{"type":"Feature","properties":{"ID_0":177,"ISO":"PHL","NAME_0":"Philippines","ID_1":8060,"NAME_1":"Samar (Western Samar)","ID_2":806003,"NAME_2":"Calbayog City","ID_3":806003078,"NAME_3":"Langoyon","NL_NAME_3":null,"VARNAME_3":null,"TYPE_3":"Barangay","ENGTYPE_3":"Village","PROVINCE":"Samar (Western Samar)","REGION":"Region VIII (Eastern Visayas)","id":"barangay-0806003078","name":"Langoyon","barangayCode":"0806003078","population":null,"formattedPop":null,"densityCategory":"No data","vulnerabilityRating":"No data","healthRiskLevel":"No data","areaKm2":15.715897,"centerLat":12.137991,"centerLng":124.684534,"geometrySource":"all_barangay-2.csv detailed WKT","geometryMatchMethod":"psgc_coordinate_bridge","boundaryPointCount":97},"geometry":{"type":"MultiPolygon","coordinates":[[[[124.679428,12.15618],[124.679993,12.1555],[124.681778,12.15473],[124.683327,12.1555],[124.68512,12.1555],[124.685791,12.15531],[124.687622,12.1551],[124.690277,12.15631],[124.691177,12.15703],[124.69297,12.15722],[124.694298,12.15701],[124.696098,12.1576],[124.697441,12.15741],[124.699059,12.15708],[124.701874,12.15683],[124.703033,12.15626],[124.704819,12.15646],[124.706108,12.15646],[124.707047,12.15819],[124.708389,12.158],[124.709671,12.15738],[124.709732,12.15666],[124.710617,12.15589],[124.711899,12.15601],[124.713089,12.15532],[124.713081,12.15375],[124.713539,12.15245],[124.713982,12.1515],[124.714867,12.15188],[124.715767,12.15207],[124.715767,12.15092],[124.715797,12.14996],[124.715981,12.14976],[124.71553,12.14922],[124.715263,12.14852],[124.714897,12.14797],[124.713989,12.14782],[124.713432,12.14734],[124.712402,12.1474],[124.711609,12.1475],[124.710983,12.14719],[124.710243,12.14688],[124.709419,12.14704],[124.7089,12.14676],[124.705139,12.14302],[124.702248,12.14023],[124.695831,12.13326],[124.695763,12.13276],[124.695763,12.13198],[124.695351,12.13135],[124.694489,12.13051],[124.694206,12.12979],[124.69339,12.12917],[124.692863,12.12844],[124.6922,12.12792],[124.692123,12.12745],[124.69239,12.12636],[124.692268,12.12592],[124.692108,12.1254],[124.692017,12.12493],[124.691467,12.12516],[124.691101,12.12548],[124.69101,12.12516],[124.690742,12.12493],[124.690536,12.12464],[124.689629,12.1251],[124.689293,12.12555],[124.688728,12.12555],[124.688179,12.12587],[124.68763,12.12587],[124.687347,12.12626],[124.686882,12.12659],[124.685738,12.12648],[124.684799,12.12633],[124.684341,12.12641],[124.683701,12.12594],[124.683052,12.12567],[124.655708,12.11617],[124.655907,12.11837],[124.656067,12.12158],[124.656693,12.12512],[124.656883,12.12623],[124.656837,12.12693],[124.656319,12.12782],[124.656052,12.12827],[124.655273,12.12873],[124.654869,12.12929],[124.654823,12.13004],[124.664047,12.14039],[124.66481,12.14264],[124.666367,12.14409],[124.667862,12.14407],[124.668503,12.14491],[124.670914,12.14545],[124.67289,12.14836],[124.67514,12.15048],[124.679428,12.15618]]]]}},{"type":"Feature","properties":{"ID_0":177,"ISO":"PHL","NAME_0":"Philippines","ID_1":8060,"NAME_1":"Samar (Western Samar)","ID_2":806003,"NAME_2":"Calbayog City","ID_3":806003079,"NAME_3":"Lapaan","NL_NAME_3":null,"VARNAME_3":null,"TYPE_3":"Barangay","ENGTYPE_3":"Village","PROVINCE":"Samar (Western Samar)","REGION":"Region VIII (Eastern Visayas)","id":"barangay-0806003079","name":"Lapaan","barangayCode":"0806003079","population":null,"formattedPop":null,"densityCategory":"No data","vulnerabilityRating":"No data","healthRiskLevel":"No data","areaKm2":5.716411,"centerLat":12.211704,"centerLng":124.618043,"geometrySource":"all_barangay-2.csv detailed WKT","geometryMatchMethod":"psgc_coordinate_bridge","boundaryPointCount":10},"geometry":{"type":"MultiPolygon","coordinates":[[[[124.633537,12.22143],[124.632248,12.21711],[124.626793,12.20146],[124.607559,12.20737],[124.595833,12.21157],[124.597168,12.21359],[124.60006,12.21587],[124.602081,12.21838],[124.603867,12.22022],[124.633537,12.22143]]]]}},{"type":"Feature","properties":{"ID_0":177,"ISO":"PHL","NAME_0":"Philippines","ID_1":8060,"NAME_1":"Samar (Western Samar)","ID_2":806003,"NAME_2":"Calbayog City","ID_3":806003081,"NAME_3":"Libertad","NL_NAME_3":null,"VARNAME_3":null,"TYPE_3":"Barangay","ENGTYPE_3":"Village","PROVINCE":"Samar (Western Samar)","REGION":"Region VIII (Eastern Visayas)","id":"barangay-0806003081","name":"Libertad","barangayCode":"0806003081","population":null,"formattedPop":null,"densityCategory":"No data","vulnerabilityRating":"No data","healthRiskLevel":"No data","areaKm2":2.622349,"centerLat":12.157581,"centerLng":124.588934,"geometrySource":"all_barangay-2.csv detailed WKT","geometryMatchMethod":"psgc_coordinate_bridge","boundaryPointCount":19},"geometry":{"type":"MultiPolygon","coordinates":[[[[124.594467,12.1698],[124.594582,12.16918],[124.593987,12.16806],[124.593391,12.16632],[124.593826,12.16463],[124.595543,12.16376],[124.598557,12.16215],[124.599342,12.1609],[124.582687,12.149],[124.576149,12.15275],[124.582123,12.16073],[124.583771,12.16391],[124.586113,12.16659],[124.588348,12.16729],[124.589546,12.16716],[124.59053,12.16693],[124.592628,12.16926],[124.593552,12.16993],[124.594467,12.1698]]]]}},{"type":"Feature","properties":{"ID_0":177,"ISO":"PHL","NAME_0":"Philippines","ID_1":8060,"NAME_1":"Samar (Western Samar)","ID_2":806003,"NAME_2":"Calbayog City","ID_3":806003082,"NAME_3":"Limarayon","NL_NAME_3":null,"VARNAME_3":null,"TYPE_3":"Barangay","ENGTYPE_3":"Village","PROVINCE":"Samar (Western Samar)","REGION":"Region VIII (Eastern Visayas)","id":"barangay-0806003082","name":"Limarayon","barangayCode":"0806003082","population":null,"formattedPop":null,"densityCategory":"No data","vulnerabilityRating":"No data","healthRiskLevel":"No data","areaKm2":1.973209,"centerLat":12.122884,"centerLng":124.560336,"geometrySource":"all_barangay-2.csv detailed WKT","geometryMatchMethod":"psgc_coordinate_bridge","boundaryPointCount":68},"geometry":{"type":"MultiPolygon","coordinates":[[[[124.560226,12.13188],[124.561089,12.13129],[124.560791,12.13008],[124.56147,12.12954],[124.562233,12.12954],[124.563133,12.12932],[124.563889,12.12922],[124.56414,12.12867],[124.564552,12.12801],[124.564651,12.12704],[124.565033,12.12682],[124.565498,12.1263],[124.565804,12.12551],[124.565804,12.12485],[124.566391,12.12438],[124.566063,12.12365],[124.566063,12.12311],[124.566689,12.12278],[124.5672,12.12278],[124.567703,12.12235],[124.567703,12.12169],[124.568123,12.12109],[124.568336,12.12038],[124.568466,12.11951],[124.568733,12.11929],[124.568947,12.11815],[124.559013,12.11771],[124.556679,12.11943],[124.554413,12.1216],[124.554367,12.1229],[124.553741,12.12352],[124.552727,12.12374],[124.551697,12.12374],[124.551064,12.12396],[124.550552,12.12453],[124.550293,12.12538],[124.54953,12.12527],[124.549019,12.12549],[124.548637,12.12593],[124.548111,12.12619],[124.548363,12.12654],[124.548737,12.12719],[124.549377,12.12741],[124.549629,12.12741],[124.550392,12.12687],[124.551147,12.12665],[124.551147,12.12741],[124.550827,12.1283],[124.550507,12.12883],[124.550629,12.12926],[124.550797,12.13004],[124.551949,12.1298],[124.552338,12.13024],[124.552849,12.13046],[124.553352,12.13003],[124.553482,12.12915],[124.553864,12.12904],[124.554237,12.12926],[124.554764,12.12976],[124.555389,12.13035],[124.556084,12.1302],[124.556534,12.12959],[124.55706,12.13007],[124.557678,12.13068],[124.558563,12.13034],[124.559097,12.13057],[124.559097,12.13133],[124.560226,12.13188]]]]}},{"type":"Feature","properties":{"ID_0":177,"ISO":"PHL","NAME_0":"Philippines","ID_1":8060,"NAME_1":"Samar (Western Samar)","ID_2":806003,"NAME_2":"Calbayog City","ID_3":806003083,"NAME_3":"Looc","NL_NAME_3":null,"VARNAME_3":null,"TYPE_3":"Barangay","ENGTYPE_3":"Village","PROVINCE":"Samar (Western Samar)","REGION":"Region VIII (Eastern Visayas)","id":"barangay-0806003083","name":"Looc","barangayCode":"0806003083","population":null,"formattedPop":null,"densityCategory":"No data","vulnerabilityRating":"No data","healthRiskLevel":"No data","areaKm2":3.431998,"centerLat":12.13731,"centerLng":124.604586,"geometrySource":"all_barangay-2.csv detailed WKT","geometryMatchMethod":"psgc_coordinate_bridge","boundaryPointCount":22},"geometry":{"type":"MultiPolygon","coordinates":[[[[124.608139,12.14591],[124.609573,12.14522],[124.610039,12.1449],[124.61058,12.14402],[124.611427,12.14334],[124.611748,12.14252],[124.611618,12.14185],[124.612007,12.14139],[124.61261,12.14112],[124.613327,12.14083],[124.614029,12.14009],[124.614548,12.13925],[124.614548,12.13812],[124.614807,12.13733],[124.613922,12.13671],[124.61322,12.13554],[124.613373,12.13424],[124.613518,12.13266],[124.614128,12.13085],[124.591827,12.13283],[124.59478,12.14704],[124.608139,12.14591]]]]}},{"type":"Feature","properties":{"ID_0":177,"ISO":"PHL","NAME_0":"Philippines","ID_1":8060,"NAME_1":"Samar (Western Samar)","ID_2":806003,"NAME_2":"Calbayog City","ID_3":806003084,"NAME_3":"Longsob","NL_NAME_3":null,"VARNAME_3":null,"TYPE_3":"Barangay","ENGTYPE_3":"Village","PROVINCE":"Samar (Western Samar)","REGION":"Region VIII (Eastern Visayas)","id":"barangay-0806003084","name":"Longsob","barangayCode":"0806003084","population":null,"formattedPop":null,"densityCategory":"No data","vulnerabilityRating":"No data","healthRiskLevel":"No data","areaKm2":10.789086,"centerLat":12.158069,"centerLng":124.513107,"geometrySource":"all_barangay-2.csv detailed WKT","geometryMatchMethod":"psgc_coordinate_bridge","boundaryPointCount":24},"geometry":{"type":"MultiPolygon","coordinates":[[[[124.531029,12.17299],[124.530937,12.17046],[124.531761,12.16792],[124.531326,12.16533],[124.531937,12.16369],[124.531036,12.16283],[124.531403,12.16205],[124.531898,12.16138],[124.531937,12.16018],[124.531219,12.15924],[124.530487,12.15972],[124.529762,12.15956],[124.529282,12.15905],[124.529716,12.15763],[124.531357,12.15592],[124.531868,12.15496],[124.532013,12.15316],[124.531067,12.15131],[124.530128,12.14969],[124.515732,12.14661],[124.493629,12.15005],[124.48838,12.16059],[124.485184,12.16587],[124.531029,12.17299]]]]}},{"type":"Feature","properties":{"ID_0":177,"ISO":"PHL","NAME_0":"Philippines","ID_1":8060,"NAME_1":"Samar (Western Samar)","ID_2":806003,"NAME_2":"Calbayog City","ID_3":806003085,"NAME_3":"Lonoy","NL_NAME_3":null,"VARNAME_3":null,"TYPE_3":"Barangay","ENGTYPE_3":"Village","PROVINCE":"Samar (Western Samar)","REGION":"Region VIII (Eastern Visayas)","id":"barangay-0806003085","name":"Lonoy","barangayCode":"0806003085","population":null,"formattedPop":null,"densityCategory":"No data","vulnerabilityRating":"No data","healthRiskLevel":"No data","areaKm2":0.526604,"centerLat":12.095484,"centerLng":124.532614,"geometrySource":"all_barangay-2.csv detailed WKT","geometryMatchMethod":"psgc_coordinate_bridge","boundaryPointCount":16},"geometry":{"type":"MultiPolygon","coordinates":[[[[124.529037,12.10143],[124.532837,12.10217],[124.534927,12.09589],[124.533897,12.09523],[124.533081,12.09473],[124.53289,12.09338],[124.532356,12.09254],[124.531967,12.09245],[124.531281,12.0923],[124.530746,12.09193],[124.530853,12.09148],[124.530487,12.09095],[124.529533,12.09083],[124.529167,12.09405],[124.528893,12.09873],[124.529037,12.10143]]]]}},{"type":"Feature","properties":{"ID_0":177,"ISO":"PHL","NAME_0":"Philippines","ID_1":8060,"NAME_1":"Samar (Western Samar)","ID_2":806003,"NAME_2":"Calbayog City","ID_3":806003086,"NAME_3":"Mabini I","NL_NAME_3":null,"VARNAME_3":null,"TYPE_3":"Barangay","ENGTYPE_3":"Village","PROVINCE":"Samar (Western Samar)","REGION":"Region VIII (Eastern Visayas)","id":"barangay-0806003086","name":"Mabini I","barangayCode":"0806003086","population":null,"formattedPop":null,"densityCategory":"No data","vulnerabilityRating":"No data","healthRiskLevel":"No data","areaKm2":8.011856,"centerLat":12.201325,"centerLng":124.75809,"geometrySource":"all_barangay-2.csv detailed WKT","geometryMatchMethod":"psgc_coordinate_bridge","boundaryPointCount":82},"geometry":{"type":"MultiPolygon","coordinates":[[[[124.739449,12.21596],[124.748489,12.2133],[124.773788,12.20667],[124.776253,12.2049],[124.778801,12.20218],[124.782211,12.19849],[124.783859,12.19662],[124.783073,12.19604],[124.782372,12.19619],[124.780701,12.19564],[124.779907,12.19584],[124.780029,12.19643],[124.779449,12.19666],[124.778297,12.19723],[124.777702,12.19724],[124.77758,12.19655],[124.777367,12.19584],[124.776421,12.19655],[124.776421,12.19704],[124.775841,12.19724],[124.775146,12.19724],[124.774628,12.19704],[124.77375,12.19784],[124.773521,12.19625],[124.773857,12.19556],[124.77404,12.19496],[124.773064,12.19437],[124.77224,12.19477],[124.771797,12.19481],[124.770554,12.19539],[124.769562,12.19555],[124.768982,12.19516],[124.768303,12.19485],[124.767227,12.19536],[124.766083,12.19555],[124.765137,12.19526],[124.764183,12.1951],[124.763397,12.19496],[124.763283,12.19417],[124.763588,12.19331],[124.763741,12.19258],[124.764778,12.19156],[124.764252,12.18987],[124.763847,12.19009],[124.763161,12.18979],[124.76281,12.18921],[124.76281,12.1886],[124.763496,12.1879],[124.763496,12.18731],[124.763283,12.18691],[124.762459,12.18691],[124.76136,12.18709],[124.761017,12.18727],[124.760674,12.18752],[124.760674,12.18812],[124.760674,12.18861],[124.760597,12.18935],[124.760597,12.18989],[124.76017,12.19075],[124.759613,12.19093],[124.75946,12.19087],[124.75946,12.19038],[124.759529,12.18983],[124.759529,12.18941],[124.759247,12.1891],[124.75882,12.1891],[124.758682,12.18861],[124.758537,12.18794],[124.758041,12.188],[124.757828,12.18831],[124.757828,12.1888],[124.757553,12.18904],[124.757332,12.18928],[124.756691,12.18965],[124.756622,12.1902],[124.756111,12.19034],[124.755623,12.1904],[124.75473,12.19052],[124.735573,12.2043],[124.736023,12.20634],[124.738289,12.21415],[124.739449,12.21596]]]]}},{"type":"Feature","properties":{"ID_0":177,"ISO":"PHL","NAME_0":"Philippines","ID_1":8060,"NAME_1":"Samar (Western Samar)","ID_2":806003,"NAME_2":"Calbayog City","ID_3":806003087,"NAME_3":"Mabini II","NL_NAME_3":null,"VARNAME_3":null,"TYPE_3":"Barangay","ENGTYPE_3":"Village","PROVINCE":"Samar (Western Samar)","REGION":"Region VIII (Eastern Visayas)","id":"barangay-0806003087","name":"Mabini II","barangayCode":"0806003087","population":null,"formattedPop":null,"densityCategory":"No data","vulnerabilityRating":"No data","healthRiskLevel":"No data","areaKm2":2.326001,"centerLat":12.131356,"centerLng":124.522009,"geometrySource":"all_barangay-2.csv detailed WKT","geometryMatchMethod":"psgc_coordinate_bridge","boundaryPointCount":19},"geometry":{"type":"MultiPolygon","coordinates":[[[[124.530098,12.13916],[124.531616,12.13756],[124.532402,12.13608],[124.532852,12.13496],[124.53212,12.13387],[124.531837,12.13271],[124.532303,12.13216],[124.533783,12.13179],[124.535042,12.13091],[124.535042,12.12982],[124.535454,12.12866],[124.510262,12.12871],[124.506027,12.13429],[124.517776,12.13751],[124.523804,12.13648],[124.527473,12.1366],[124.52887,12.13746],[124.529327,12.13847],[124.530098,12.13916]]]]}},{"type":"Feature","properties":{"ID_0":177,"ISO":"PHL","NAME_0":"Philippines","ID_1":8060,"NAME_1":"Samar (Western Samar)","ID_2":806003,"NAME_2":"Calbayog City","ID_3":806003088,"NAME_3":"Macatingog","NL_NAME_3":null,"VARNAME_3":null,"TYPE_3":"Barangay","ENGTYPE_3":"Village","PROVINCE":"Samar (Western Samar)","REGION":"Region VIII (Eastern Visayas)","id":"barangay-0806003088","name":"Macatingog","barangayCode":"0806003088","population":null,"formattedPop":null,"densityCategory":"No data","vulnerabilityRating":"No data","healthRiskLevel":"No data","areaKm2":23.652874,"centerLat":12.312338,"centerLng":124.492659,"geometrySource":"all_barangay-2.csv detailed WKT","geometryMatchMethod":"psgc_coordinate_bridge","boundaryPointCount":49},"geometry":{"type":"MultiPolygon","coordinates":[[[[124.465691,12.31826],[124.48288,12.33532],[124.488403,12.3324],[124.510597,12.31985],[124.532204,12.30747],[124.525963,12.30176],[124.525032,12.30087],[124.523659,12.30087],[124.52285,12.3009],[124.522697,12.30146],[124.522163,12.30193],[124.521606,12.30134],[124.521469,12.30052],[124.520782,12.30052],[124.52037,12.30087],[124.519279,12.30087],[124.518997,12.30029],[124.51873,12.29935],[124.517952,12.29984],[124.516937,12.2997],[124.516403,12.30017],[124.515442,12.30041],[124.515297,12.30122],[124.514893,12.30076],[124.514122,12.30068],[124.513107,12.30076],[124.512291,12.30087],[124.512016,12.30017],[124.511978,12.29947],[124.511047,12.29841],[124.510643,12.29757],[124.510094,12.29724],[124.508904,12.29697],[124.507629,12.29713],[124.507057,12.29621],[124.506531,12.29584],[124.505569,12.29584],[124.50502,12.29584],[124.504478,12.29549],[124.503647,12.29525],[124.503082,12.29541],[124.502007,12.29525],[124.501457,12.29525],[124.500504,12.29549],[124.499947,12.29596],[124.499077,12.29609],[124.480103,12.28569],[124.471977,12.30466],[124.465691,12.31826]]]]}},{"type":"Feature","properties":{"ID_0":177,"ISO":"PHL","NAME_0":"Philippines","ID_1":8060,"NAME_1":"Samar (Western Samar)","ID_2":806003,"NAME_2":"Calbayog City","ID_3":806003089,"NAME_3":"Mag-ubay","NL_NAME_3":null,"VARNAME_3":null,"TYPE_3":"Barangay","ENGTYPE_3":"Village","PROVINCE":"Samar (Western Samar)","REGION":"Region VIII (Eastern Visayas)","id":"barangay-0806003089","name":"Mag-ubay","barangayCode":"0806003089","population":null,"formattedPop":null,"densityCategory":"No data","vulnerabilityRating":"No data","healthRiskLevel":"No data","areaKm2":3.157589,"centerLat":12.162264,"centerLng":124.574658,"geometrySource":"all_barangay-2.csv detailed WKT","geometryMatchMethod":"psgc_coordinate_bridge","boundaryPointCount":34},"geometry":{"type":"MultiPolygon","coordinates":[[[[124.586113,12.16659],[124.583771,12.16391],[124.582123,12.16073],[124.576149,12.15275],[124.57058,12.1566],[124.568779,12.15915],[124.566307,12.1593],[124.566002,12.1601],[124.566116,12.16051],[124.56559,12.161],[124.565147,12.16187],[124.565033,12.16249],[124.565033,12.16321],[124.564598,12.16388],[124.564293,12.16456],[124.563927,12.16508],[124.56353,12.16542],[124.562401,12.16661],[124.561752,12.16726],[124.56102,12.16767],[124.560822,12.16866],[124.560799,12.16947],[124.560677,12.17019],[124.56147,12.17006],[124.562263,12.17008],[124.563103,12.17008],[124.563339,12.17049],[124.563713,12.1707],[124.564461,12.17059],[124.565331,12.17136],[124.566833,12.17163],[124.57164,12.17066],[124.579483,12.16915],[124.586113,12.16659]]]]}},{"type":"Feature","properties":{"ID_0":177,"ISO":"PHL","NAME_0":"Philippines","ID_1":8060,"NAME_1":"Samar (Western Samar)","ID_2":806003,"NAME_2":"Calbayog City","ID_3":806003090,"NAME_3":"Manguino-o","NL_NAME_3":null,"VARNAME_3":null,"TYPE_3":"Barangay","ENGTYPE_3":"Village","PROVINCE":"Samar (Western Samar)","REGION":"Region VIII (Eastern Visayas)","id":"barangay-0806003090","name":"Manguino-o","barangayCode":"0806003090","population":null,"formattedPop":null,"densityCategory":"No data","vulnerabilityRating":"No data","healthRiskLevel":"No data","areaKm2":4.631966,"centerLat":12.14975,"centerLng":124.471386,"geometrySource":"barangays.geojson simplified fallback","geometryMatchMethod":"simplified_fallback","boundaryPointCount":6},"geometry":{"type":"Polygon","coordinates":[[[124.4862498650001,12.16535358300007],[124.4897878050001,12.159237745000041],[124.46307273600007,12.135344091000036],[124.45243196000001,12.135320445000048],[124.45384434800008,12.144962057000043],[124.4862498650001,12.16535358300007]]]}},{"type":"Feature","properties":{"ID_0":177,"ISO":"PHL","NAME_0":"Philippines","ID_1":8060,"NAME_1":"Samar (Western Samar)","ID_2":806003,"NAME_2":"Calbayog City","ID_3":806003091,"NAME_3":"Malaga","NL_NAME_3":null,"VARNAME_3":null,"TYPE_3":"Barangay","ENGTYPE_3":"Village","PROVINCE":"Samar (Western Samar)","REGION":"Region VIII (Eastern Visayas)","id":"barangay-0806003091","name":"Malaga","barangayCode":"0806003091","population":null,"formattedPop":null,"densityCategory":"No data","vulnerabilityRating":"No data","healthRiskLevel":"No data","areaKm2":9.820827,"centerLat":12.231555,"centerLng":124.403695,"geometrySource":"all_barangay-2.csv detailed WKT","geometryMatchMethod":"psgc_coordinate_bridge","boundaryPointCount":22},"geometry":{"type":"MultiPolygon","coordinates":[[[[124.42746,12.24652],[124.432449,12.23516],[124.382713,12.21872],[124.382698,12.21863],[124.382568,12.21899],[124.382507,12.21912],[124.382004,12.22036],[124.381767,12.22062],[124.381371,12.22105],[124.380257,12.22153],[124.379494,12.22243],[124.378502,12.2236],[124.377502,12.22567],[124.378143,12.22741],[124.378067,12.22809],[124.377991,12.22906],[124.377434,12.23017],[124.376999,12.23126],[124.37616,12.23229],[124.375679,12.23296],[124.375023,12.23428],[124.42746,12.24652]]]]}},{"type":"Feature","properties":{"ID_0":177,"ISO":"PHL","NAME_0":"Philippines","ID_1":8060,"NAME_1":"Samar (Western Samar)","ID_2":806003,"NAME_2":"Calbayog City","ID_3":806003092,"NAME_3":"Malajog","NL_NAME_3":null,"VARNAME_3":null,"TYPE_3":"Barangay","ENGTYPE_3":"Village","PROVINCE":"Samar (Western Samar)","REGION":"Region VIII (Eastern Visayas)","id":"barangay-0806003092","name":"Malajog","barangayCode":"0806003092","population":null,"formattedPop":null,"densityCategory":"No data","vulnerabilityRating":"No data","healthRiskLevel":"No data","areaKm2":1.277741,"centerLat":12.110599,"centerLng":124.480779,"geometrySource":"all_barangay-2.csv detailed WKT","geometryMatchMethod":"psgc_coordinate_bridge","boundaryPointCount":66},"geometry":{"type":"MultiPolygon","coordinates":[[[[124.476608,12.10426],[124.476677,12.10392],[124.476334,12.10364],[124.4757,12.10337],[124.475212,12.10316],[124.47493,12.10316],[124.473877,12.1033],[124.473534,12.10344],[124.473824,12.10385],[124.474297,12.10399],[124.474861,12.10419],[124.475487,12.10419],[124.475906,12.10413],[124.476608,12.10426]]],[[[124.485443,12.10904],[124.485909,12.10774],[124.485603,12.10616],[124.484901,12.10478],[124.484657,12.10338],[124.484543,12.10322],[124.484306,12.10296],[124.484222,12.10293],[124.4842,12.10281],[124.484009,12.10198],[124.483879,12.10141],[124.483711,12.10081],[124.483421,12.10037],[124.483063,12.10011],[124.482674,12.10026],[124.482269,12.10052],[124.481934,12.10091],[124.48175,12.10147],[124.481743,12.10209],[124.481941,12.10269],[124.482162,12.10325],[124.482246,12.10384],[124.482384,12.10437],[124.48243,12.10488],[124.482224,12.10537],[124.481827,12.106],[124.481277,12.10667],[124.480858,12.10751],[124.479446,12.10889],[124.478333,12.10889],[124.478058,12.10917],[124.478058,12.10944],[124.477219,12.11028],[124.476379,12.11079],[124.47554,12.11162],[124.475433,12.11169],[124.475571,12.11185],[124.476509,12.11362],[124.477409,12.11545],[124.477341,12.1158],[124.477257,12.11619],[124.477448,12.11716],[124.47821,12.11726],[124.478928,12.11735],[124.484337,12.11429],[124.483063,12.11324],[124.482986,12.1127],[124.482933,12.11234],[124.484253,12.11226],[124.484917,12.11102],[124.485359,12.10927],[124.485443,12.10904]]]]}},{"type":"Feature","properties":{"ID_0":177,"ISO":"PHL","NAME_0":"Philippines","ID_1":8060,"NAME_1":"Samar (Western Samar)","ID_2":806003,"NAME_2":"Calbayog City","ID_3":806003093,"NAME_3":"Malayog","NL_NAME_3":null,"VARNAME_3":null,"TYPE_3":"Barangay","ENGTYPE_3":"Village","PROVINCE":"Samar (Western Samar)","REGION":"Region VIII (Eastern Visayas)","id":"barangay-0806003093","name":"Malayog","barangayCode":"0806003093","population":null,"formattedPop":null,"densityCategory":"No data","vulnerabilityRating":"No data","healthRiskLevel":"No data","areaKm2":1.415119,"centerLat":12.107358,"centerLng":124.490956,"geometrySource":"all_barangay-2.csv detailed WKT","geometryMatchMethod":"psgc_coordinate_bridge","boundaryPointCount":25},"geometry":{"type":"MultiPolygon","coordinates":[[[[124.48822,12.11672],[124.496552,12.1094],[124.494453,12.10627],[124.490044,12.10003],[124.48912,12.101],[124.488701,12.10155],[124.487717,12.10237],[124.485764,12.10306],[124.485481,12.10334],[124.484306,12.10296],[124.484543,12.10322],[124.484657,12.10338],[124.484901,12.10478],[124.485603,12.10616],[124.485909,12.10774],[124.485443,12.10904],[124.485359,12.10927],[124.484917,12.11102],[124.484253,12.11226],[124.482933,12.11234],[124.482986,12.1127],[124.483063,12.11324],[124.484337,12.11429],[124.486992,12.11516],[124.48822,12.11672]]]]}},{"type":"Feature","properties":{"ID_0":177,"ISO":"PHL","NAME_0":"Philippines","ID_1":8060,"NAME_1":"Samar (Western Samar)","ID_2":806003,"NAME_2":"Calbayog City","ID_3":806003094,"NAME_3":"Malopalo","NL_NAME_3":null,"VARNAME_3":null,"TYPE_3":"Barangay","ENGTYPE_3":"Village","PROVINCE":"Samar (Western Samar)","REGION":"Region VIII (Eastern Visayas)","id":"barangay-0806003094","name":"Malopalo","barangayCode":"0806003094","population":null,"formattedPop":null,"densityCategory":"No data","vulnerabilityRating":"No data","healthRiskLevel":"No data","areaKm2":4.376228,"centerLat":12.123173,"centerLng":124.499493,"geometrySource":"all_barangay-2.csv detailed WKT","geometryMatchMethod":"psgc_coordinate_bridge","boundaryPointCount":29},"geometry":{"type":"MultiPolygon","coordinates":[[[[124.503166,12.13866],[124.506027,12.13429],[124.510262,12.12871],[124.502296,12.11755],[124.496552,12.1094],[124.48822,12.11672],[124.488647,12.11761],[124.488419,12.11861],[124.488647,12.11981],[124.488876,12.12061],[124.488457,12.12195],[124.488617,12.12465],[124.488258,12.12742],[124.487244,12.12946],[124.487938,12.13086],[124.488411,12.13226],[124.489342,12.13206],[124.489738,12.13089],[124.491463,12.13115],[124.49295,12.13074],[124.4944,12.13185],[124.49543,12.13267],[124.496368,12.13287],[124.497704,12.13406],[124.498917,12.13522],[124.498932,12.13628],[124.499634,12.13708],[124.501083,12.13739],[124.503166,12.13866]]]]}},{"type":"Feature","properties":{"ID_0":177,"ISO":"PHL","NAME_0":"Philippines","ID_1":8060,"NAME_1":"Samar (Western Samar)","ID_2":806003,"NAME_2":"Calbayog City","ID_3":806003095,"NAME_3":"Marcatubig","NL_NAME_3":null,"VARNAME_3":null,"TYPE_3":"Barangay","ENGTYPE_3":"Village","PROVINCE":"Samar (Western Samar)","REGION":"Region VIII (Eastern Visayas)","id":"barangay-0806003095","name":"Marcatubig","barangayCode":"0806003095","population":null,"formattedPop":null,"densityCategory":"No data","vulnerabilityRating":"No data","healthRiskLevel":"No data","areaKm2":2.223749,"centerLat":12.124505,"centerLng":124.477461,"geometrySource":"all_barangay-2.csv detailed WKT","geometryMatchMethod":"psgc_coordinate_bridge","boundaryPointCount":55},"geometry":{"type":"MultiPolygon","coordinates":[[[[124.471916,12.13293],[124.472939,12.13262],[124.473686,12.13294],[124.475304,12.13232],[124.477348,12.13156],[124.479698,12.13091],[124.480827,12.13133],[124.481956,12.13181],[124.483093,12.13052],[124.483353,12.12979],[124.483849,12.12875],[124.484413,12.12827],[124.48452,12.12724],[124.484596,12.12602],[124.485237,12.12481],[124.484688,12.12285],[124.48336,12.12219],[124.482437,12.1222],[124.481583,12.12118],[124.481033,12.12086],[124.481033,12.11973],[124.480103,12.11897],[124.478928,12.11735],[124.47821,12.11726],[124.477448,12.11716],[124.477257,12.11619],[124.477341,12.1158],[124.477409,12.11545],[124.476509,12.11362],[124.475571,12.11185],[124.475433,12.11169],[124.474564,12.11231],[124.473137,12.1128],[124.473358,12.11349],[124.473862,12.1137],[124.474136,12.11384],[124.474426,12.1148],[124.473801,12.11549],[124.473167,12.11735],[124.473007,12.11765],[124.472527,12.11839],[124.471977,12.11894],[124.471558,12.1199],[124.471977,12.12227],[124.471703,12.12358],[124.470932,12.12475],[124.469467,12.12503],[124.468246,12.12584],[124.467667,12.12748],[124.467293,12.12778],[124.466667,12.12806],[124.466393,12.12833],[124.466393,12.12861],[124.466263,12.12874],[124.471916,12.13293]]]]}},{"type":"Feature","properties":{"ID_0":177,"ISO":"PHL","NAME_0":"Philippines","ID_1":8060,"NAME_1":"Samar (Western Samar)","ID_2":806003,"NAME_2":"Calbayog City","ID_3":806003096,"NAME_3":"Mancol","NL_NAME_3":null,"VARNAME_3":null,"TYPE_3":"Barangay","ENGTYPE_3":"Village","PROVINCE":"Samar (Western Samar)","REGION":"Region VIII (Eastern Visayas)","id":"barangay-0806003096","name":"Mancol","barangayCode":"0806003096","population":null,"formattedPop":null,"densityCategory":"No data","vulnerabilityRating":"No data","healthRiskLevel":"No data","areaKm2":5.159196,"centerLat":12.223994,"centerLng":124.690123,"geometrySource":"all_barangay-2.csv detailed WKT","geometryMatchMethod":"psgc_coordinate_bridge","boundaryPointCount":28},"geometry":{"type":"MultiPolygon","coordinates":[[[[124.694122,12.23643],[124.700363,12.22811],[124.70668,12.22209],[124.693741,12.21765],[124.681503,12.21404],[124.675987,12.22078],[124.672127,12.22729],[124.672951,12.2288],[124.674347,12.22921],[124.674858,12.2303],[124.67614,12.23074],[124.678467,12.23117],[124.679977,12.23139],[124.681534,12.23227],[124.683434,12.23326],[124.684219,12.23385],[124.685471,12.2343],[124.685654,12.23521],[124.686829,12.23537],[124.687431,12.23582],[124.687973,12.23552],[124.689346,12.23546],[124.690109,12.23506],[124.69046,12.23476],[124.691704,12.2351],[124.692429,12.23598],[124.693138,12.23689],[124.694122,12.23643]]]]}},{"type":"Feature","properties":{"ID_0":177,"ISO":"PHL","NAME_0":"Philippines","ID_1":8060,"NAME_1":"Samar (Western Samar)","ID_2":806003,"NAME_2":"Calbayog City","ID_3":806003097,"NAME_3":"Mantaong","NL_NAME_3":null,"VARNAME_3":null,"TYPE_3":"Barangay","ENGTYPE_3":"Village","PROVINCE":"Samar (Western Samar)","REGION":"Region VIII (Eastern Visayas)","id":"barangay-0806003097","name":"Mantaong","barangayCode":"0806003097","population":null,"formattedPop":null,"densityCategory":"No data","vulnerabilityRating":"No data","healthRiskLevel":"No data","areaKm2":11.067432,"centerLat":12.200665,"centerLng":124.489737,"geometrySource":"all_barangay-2.csv detailed WKT","geometryMatchMethod":"psgc_coordinate_bridge","boundaryPointCount":47},"geometry":{"type":"MultiPolygon","coordinates":[[[[124.463516,12.20857],[124.502388,12.21774],[124.502151,12.21685],[124.502647,12.21614],[124.502647,12.21528],[124.502319,12.21471],[124.50148,12.21414],[124.50148,12.21357],[124.501984,12.21292],[124.501823,12.21184],[124.502647,12.21127],[124.503593,12.21112],[124.504501,12.21069],[124.504501,12.20955],[124.504333,12.20855],[124.504219,12.20787],[124.504669,12.20754],[124.504669,12.20654],[124.505676,12.2064],[124.506737,12.2063],[124.50769,12.20611],[124.508522,12.20512],[124.509537,12.20482],[124.510048,12.20454],[124.510719,12.20439],[124.510887,12.20382],[124.510872,12.2031],[124.510719,12.20239],[124.511391,12.20166],[124.512062,12.20182],[124.513069,12.20168],[124.513908,12.20168],[124.514771,12.20158],[124.515747,12.20153],[124.516197,12.20074],[124.515747,12.20024],[124.516769,12.19981],[124.517441,12.19981],[124.518448,12.19967],[124.518951,12.19924],[124.51976,12.19867],[124.52063,12.19881],[124.520973,12.1981],[124.521271,12.19745],[124.519829,12.1968],[124.474533,12.18753],[124.463516,12.20857]]]]}},{"type":"Feature","properties":{"ID_0":177,"ISO":"PHL","NAME_0":"Philippines","ID_1":8060,"NAME_1":"Samar (Western Samar)","ID_2":806003,"NAME_2":"Calbayog City","ID_3":806003098,"NAME_3":"Matobato","NL_NAME_3":null,"VARNAME_3":null,"TYPE_3":"Barangay","ENGTYPE_3":"Village","PROVINCE":"Samar (Western Samar)","REGION":"Region VIII (Eastern Visayas)","id":"barangay-0806003098","name":"Matobato","barangayCode":"0806003098","population":null,"formattedPop":null,"densityCategory":"No data","vulnerabilityRating":"No data","healthRiskLevel":"No data","areaKm2":0.864579,"centerLat":12.069793,"centerLng":124.577093,"geometrySource":"all_barangay-2.csv detailed WKT","geometryMatchMethod":"psgc_coordinate_bridge","boundaryPointCount":16},"geometry":{"type":"MultiPolygon","coordinates":[[[[124.579483,12.07571],[124.579651,12.07099],[124.579674,12.07045],[124.579849,12.0654],[124.580276,12.06487],[124.579407,12.06445],[124.578781,12.06445],[124.577606,12.0653],[124.576736,12.06554],[124.575653,12.06585],[124.574532,12.06585],[124.573692,12.06626],[124.571312,12.06654],[124.571243,12.06654],[124.572021,12.07575],[124.579483,12.07571]]]]}},{"type":"Feature","properties":{"ID_0":177,"ISO":"PHL","NAME_0":"Philippines","ID_1":8060,"NAME_1":"Samar (Western Samar)","ID_2":806003,"NAME_2":"Calbayog City","ID_3":806003099,"NAME_3":"Mawacat","NL_NAME_3":null,"VARNAME_3":null,"TYPE_3":"Barangay","ENGTYPE_3":"Village","PROVINCE":"Samar (Western Samar)","REGION":"Region VIII (Eastern Visayas)","id":"barangay-0806003099","name":"Mawacat","barangayCode":"0806003099","population":null,"formattedPop":null,"densityCategory":"No data","vulnerabilityRating":"No data","healthRiskLevel":"No data","areaKm2":10.880754,"centerLat":12.176623,"centerLng":124.526745,"geometrySource":"all_barangay-2.csv detailed WKT","geometryMatchMethod":"psgc_coordinate_bridge","boundaryPointCount":58},"geometry":{"type":"MultiPolygon","coordinates":[[[[124.566513,12.18892],[124.565857,12.18868],[124.565353,12.18826],[124.565018,12.18765],[124.565208,12.18663],[124.565742,12.1861],[124.565857,12.18559],[124.565376,12.18528],[124.565178,12.18466],[124.564537,12.18507],[124.564049,12.18486],[124.564293,12.18414],[124.564537,12.18352],[124.564857,12.18303],[124.565132,12.18162],[124.564957,12.18106],[124.564774,12.18046],[124.564407,12.18005],[124.563927,12.18026],[124.563332,12.18018],[124.562073,12.18019],[124.561607,12.17994],[124.561127,12.18035],[124.560516,12.18014],[124.560516,12.17942],[124.560623,12.17886],[124.541428,12.17465],[124.531029,12.17299],[124.485184,12.16587],[124.484352,12.16791],[124.4814,12.17443],[124.511848,12.18051],[124.518188,12.18195],[124.521057,12.18332],[124.521637,12.18382],[124.522079,12.18431],[124.523087,12.18431],[124.524094,12.18503],[124.524673,12.18542],[124.525398,12.18579],[124.526123,12.18579],[124.526802,12.1864],[124.526993,12.18678],[124.52742,12.18727],[124.528282,12.18727],[124.529137,12.18727],[124.530006,12.18752],[124.530586,12.18764],[124.531174,12.1874],[124.532028,12.18789],[124.532784,12.18739],[124.534554,12.18692],[124.53521,12.18628],[124.535927,12.18579],[124.536507,12.18579],[124.537521,12.18558],[124.547653,12.18776],[124.566513,12.18892]]]]}},{"type":"Feature","properties":{"ID_0":177,"ISO":"PHL","NAME_0":"Philippines","ID_1":8060,"NAME_1":"Samar (Western Samar)","ID_2":806003,"NAME_2":"Calbayog City","ID_3":806003101,"NAME_3":"Maybog","NL_NAME_3":null,"VARNAME_3":null,"TYPE_3":"Barangay","ENGTYPE_3":"Village","PROVINCE":"Samar (Western Samar)","REGION":"Region VIII (Eastern Visayas)","id":"barangay-0806003101","name":"Maybog","barangayCode":"0806003101","population":null,"formattedPop":null,"densityCategory":"No data","vulnerabilityRating":"No data","healthRiskLevel":"No data","areaKm2":2.25244,"centerLat":12.113375,"centerLng":124.597656,"geometrySource":"all_barangay-2.csv detailed WKT","geometryMatchMethod":"psgc_coordinate_bridge","boundaryPointCount":29},"geometry":{"type":"MultiPolygon","coordinates":[[[[124.604462,12.12101],[124.60321,12.11781],[124.602997,12.11539],[124.603661,12.11308],[124.604881,12.10901],[124.605103,12.10844],[124.605186,12.10804],[124.604271,12.10777],[124.603638,12.10773],[124.602867,12.1073],[124.602371,12.10752],[124.601753,12.10792],[124.601349,12.10861],[124.600723,12.1085],[124.599869,12.10868],[124.599182,12.10926],[124.598152,12.10921],[124.597229,12.10894],[124.596626,12.10872],[124.596001,12.10829],[124.595741,12.10807],[124.595619,12.10742],[124.594994,12.1072],[124.594093,12.10731],[124.593643,12.10718],[124.592438,12.10731],[124.592178,12.10895],[124.585098,12.12002],[124.604462,12.12101]]]]}},{"type":"Feature","properties":{"ID_0":177,"ISO":"PHL","NAME_0":"Philippines","ID_1":8060,"NAME_1":"Samar (Western Samar)","ID_2":806003,"NAME_2":"Calbayog City","ID_3":806003102,"NAME_3":"Maysalong","NL_NAME_3":null,"VARNAME_3":null,"TYPE_3":"Barangay","ENGTYPE_3":"Village","PROVINCE":"Samar (Western Samar)","REGION":"Region VIII (Eastern Visayas)","id":"barangay-0806003102","name":"Maysalong","barangayCode":"0806003102","population":null,"formattedPop":null,"densityCategory":"No data","vulnerabilityRating":"No data","healthRiskLevel":"No data","areaKm2":1.182033,"centerLat":12.117034,"centerLng":124.616818,"geometrySource":"all_barangay-2.csv detailed WKT","geometryMatchMethod":"psgc_coordinate_bridge","boundaryPointCount":49},"geometry":{"type":"MultiPolygon","coordinates":[[[[124.609879,12.12696],[124.618767,12.11829],[124.62661,12.11244],[124.619469,12.11084],[124.619019,12.11121],[124.61853,12.11149],[124.61837,12.11223],[124.617828,12.11292],[124.617943,12.11379],[124.617569,12.11419],[124.61718,12.11435],[124.61702,12.11426],[124.616913,12.11444],[124.616753,12.11504],[124.616531,12.11499],[124.616318,12.11485],[124.616051,12.11485],[124.615753,12.11528],[124.615288,12.11559],[124.615067,12.11522],[124.614594,12.11559],[124.6147,12.1161],[124.614388,12.11654],[124.614273,12.11722],[124.614326,12.11754],[124.614487,12.11841],[124.61422,12.11841],[124.613937,12.11804],[124.613518,12.11846],[124.612984,12.11859],[124.612427,12.11864],[124.612007,12.11888],[124.612106,12.11925],[124.612061,12.11966],[124.611679,12.11962],[124.611359,12.11939],[124.611076,12.1192],[124.610542,12.11907],[124.610283,12.1192],[124.610222,12.11957],[124.610222,12.11976],[124.609901,12.1202],[124.607674,12.12074],[124.605766,12.12082],[124.604462,12.12101],[124.605743,12.1224],[124.607712,12.12384],[124.608528,12.12473],[124.609879,12.12696]]]]}},{"type":"Feature","properties":{"ID_0":177,"ISO":"PHL","NAME_0":"Philippines","ID_1":8060,"NAME_1":"Samar (Western Samar)","ID_2":806003,"NAME_2":"Calbayog City","ID_3":806003103,"NAME_3":"Migara","NL_NAME_3":null,"VARNAME_3":null,"TYPE_3":"Barangay","ENGTYPE_3":"Village","PROVINCE":"Samar (Western Samar)","REGION":"Region VIII (Eastern Visayas)","id":"barangay-0806003103","name":"Migara","barangayCode":"0806003103","population":null,"formattedPop":null,"densityCategory":"No data","vulnerabilityRating":"No data","healthRiskLevel":"No data","areaKm2":5.909489,"centerLat":12.158663,"centerLng":124.632889,"geometrySource":"all_barangay-2.csv detailed WKT","geometryMatchMethod":"psgc_coordinate_bridge","boundaryPointCount":30},"geometry":{"type":"MultiPolygon","coordinates":[[[[124.647377,12.16461],[124.631882,12.14225],[124.631432,12.14297],[124.630508,12.14286],[124.629066,12.14286],[124.629143,12.14384],[124.629318,12.1449],[124.629189,12.14569],[124.628532,12.14603],[124.627731,12.14689],[124.626953,12.14772],[124.626167,12.14806],[124.6259,12.14897],[124.624977,12.14885],[124.624199,12.14974],[124.623756,12.151],[124.62307,12.15183],[124.622421,12.15292],[124.622147,12.15418],[124.622276,12.1548],[124.621834,12.15529],[124.621887,12.15632],[124.621483,12.15726],[124.621941,12.15755],[124.622047,12.15874],[124.622513,12.15923],[124.622398,12.15992],[124.622253,12.16173],[124.61953,12.17612],[124.647377,12.16461]]]]}},{"type":"Feature","properties":{"ID_0":177,"ISO":"PHL","NAME_0":"Philippines","ID_1":8060,"NAME_1":"Samar (Western Samar)","ID_2":806003,"NAME_2":"Calbayog City","ID_3":806003105,"NAME_3":"Nabang","NL_NAME_3":null,"VARNAME_3":null,"TYPE_3":"Barangay","ENGTYPE_3":"Village","PROVINCE":"Samar (Western Samar)","REGION":"Region VIII (Eastern Visayas)","id":"barangay-0806003105","name":"Nabang","barangayCode":"0806003105","population":null,"formattedPop":null,"densityCategory":"No data","vulnerabilityRating":"No data","healthRiskLevel":"No data","areaKm2":3.386914,"centerLat":12.13862,"centerLng":124.557543,"geometrySource":"all_barangay-2.csv detailed WKT","geometryMatchMethod":"psgc_coordinate_bridge","boundaryPointCount":59},"geometry":{"type":"MultiPolygon","coordinates":[[[[124.559669,12.14829],[124.564774,12.14355],[124.568733,12.13972],[124.571404,12.13794],[124.570442,12.13797],[124.570084,12.13734],[124.569038,12.13677],[124.568451,12.13618],[124.567383,12.1359],[124.566238,12.13645],[124.565613,12.13677],[124.564743,12.13684],[124.563942,12.13721],[124.56382,12.13623],[124.562927,12.13612],[124.562553,12.13601],[124.562553,12.13525],[124.562286,12.13459],[124.561783,12.13459],[124.561203,12.13441],[124.560631,12.1334],[124.560631,12.13275],[124.560226,12.13188],[124.559097,12.13133],[124.559097,12.13057],[124.558563,12.13034],[124.557678,12.13068],[124.55706,12.13007],[124.556534,12.12959],[124.556084,12.1302],[124.555389,12.13035],[124.554764,12.12976],[124.554237,12.12926],[124.553864,12.12904],[124.553482,12.12915],[124.553352,12.13003],[124.552849,12.13046],[124.552338,12.13024],[124.551949,12.1298],[124.550797,12.13004],[124.550293,12.13484],[124.549637,12.13755],[124.550636,12.13866],[124.55159,12.1409],[124.551033,12.14204],[124.547371,12.14338],[124.544861,12.14415],[124.543114,12.14586],[124.54364,12.14748],[124.54567,12.14858],[124.546127,12.14905],[124.546501,12.14946],[124.546982,12.14987],[124.548157,12.15018],[124.550003,12.15022],[124.551826,12.14991],[124.555481,12.14818],[124.557709,12.14764],[124.559669,12.14829]]]]}},{"type":"Feature","properties":{"ID_0":177,"ISO":"PHL","NAME_0":"Philippines","ID_1":8060,"NAME_1":"Samar (Western Samar)","ID_2":806003,"NAME_2":"Calbayog City","ID_3":806003106,"NAME_3":"Naga","NL_NAME_3":null,"VARNAME_3":null,"TYPE_3":"Barangay","ENGTYPE_3":"Village","PROVINCE":"Samar (Western Samar)","REGION":"Region VIII (Eastern Visayas)","id":"barangay-0806003106","name":"Naga","barangayCode":"0806003106","population":null,"formattedPop":null,"densityCategory":"No data","vulnerabilityRating":"No data","healthRiskLevel":"No data","areaKm2":5.221048,"centerLat":12.064564,"centerLng":124.639832,"geometrySource":"all_barangay-2.csv detailed WKT","geometryMatchMethod":"psgc_coordinate_bridge","boundaryPointCount":15},"geometry":{"type":"MultiPolygon","coordinates":[[[[124.641861,12.07456],[124.654861,12.0642],[124.644287,12.05166],[124.622704,12.06743],[124.628067,12.07399],[124.628754,12.07517],[124.629379,12.07544],[124.629883,12.07587],[124.63089,12.07701],[124.631012,12.07755],[124.630821,12.07819],[124.631142,12.07906],[124.631523,12.07971],[124.632133,12.08015],[124.641861,12.07456]]]]}},{"type":"Feature","properties":{"ID_0":177,"ISO":"PHL","NAME_0":"Philippines","ID_1":8060,"NAME_1":"Samar (Western Samar)","ID_2":806003,"NAME_2":"Calbayog City","ID_3":806003107,"NAME_3":"Nag-uma","NL_NAME_3":null,"VARNAME_3":null,"TYPE_3":"Barangay","ENGTYPE_3":"Village","PROVINCE":"Samar (Western Samar)","REGION":"Region VIII (Eastern Visayas)","id":"barangay-0806003107","name":"Nag-uma","barangayCode":"0806003107","population":null,"formattedPop":null,"densityCategory":"No data","vulnerabilityRating":"No data","healthRiskLevel":"No data","areaKm2":14.693254,"centerLat":12.254974,"centerLng":124.728757,"geometrySource":"barangays.geojson simplified fallback","geometryMatchMethod":"simplified_fallback","boundaryPointCount":5},"geometry":{"type":"Polygon","coordinates":[[[124.75239134100002,12.262225584000078],[124.74793572200008,12.23928796100006],[124.71527477500001,12.236868294000033],[124.70963361000008,12.277833312000041],[124.75239134100002,12.262225584000078]]]}},{"type":"Feature","properties":{"ID_0":177,"ISO":"PHL","NAME_0":"Philippines","ID_1":8060,"NAME_1":"Samar (Western Samar)","ID_2":806003,"NAME_2":"Calbayog City","ID_3":806003109,"NAME_3":"Navarro","NL_NAME_3":null,"VARNAME_3":null,"TYPE_3":"Barangay","ENGTYPE_3":"Village","PROVINCE":"Samar (Western Samar)","REGION":"Region VIII (Eastern Visayas)","id":"barangay-0806003109","name":"Navarro","barangayCode":"0806003109","population":null,"formattedPop":null,"densityCategory":"No data","vulnerabilityRating":"No data","healthRiskLevel":"No data","areaKm2":4.769231,"centerLat":12.103935,"centerLng":124.565484,"geometrySource":"all_barangay-2.csv detailed WKT","geometryMatchMethod":"psgc_coordinate_bridge","boundaryPointCount":62},"geometry":{"type":"MultiPolygon","coordinates":[[[[124.568947,12.11815],[124.569229,12.11755],[124.569229,12.11678],[124.569611,12.11624],[124.569862,12.11678],[124.570503,12.11711],[124.570923,12.11598],[124.571274,12.11547],[124.571648,12.11537],[124.572029,12.11624],[124.572533,12.11646],[124.572807,12.11545],[124.573891,12.11476],[124.572487,12.10864],[124.573082,12.09399],[124.555473,12.0945],[124.555603,12.09512],[124.555511,12.09595],[124.555687,12.09647],[124.555946,12.097],[124.555847,12.09776],[124.555603,12.09842],[124.555946,12.09932],[124.555946,12.09992],[124.555603,12.1006],[124.555328,12.10109],[124.554977,12.1012],[124.554626,12.10105],[124.554283,12.10097],[124.554199,12.10142],[124.553848,12.10187],[124.553413,12.1021],[124.552933,12.10191],[124.552277,12.10202],[124.551666,12.1018],[124.551231,12.10172],[124.551064,12.10217],[124.550713,12.10262],[124.550133,12.10228],[124.549309,12.10202],[124.548958,12.10172],[124.548698,12.1024],[124.548088,12.10225],[124.547829,12.10248],[124.547897,12.10325],[124.548531,12.1038],[124.549171,12.10423],[124.550163,12.10448],[124.551208,12.10445],[124.551971,12.10478],[124.552094,12.10532],[124.552223,12.10576],[124.552597,12.10554],[124.553627,12.10532],[124.553749,12.10576],[124.55471,12.10594],[124.555412,12.10598],[124.555794,12.10663],[124.556839,12.10642],[124.557777,12.10776],[124.559013,12.11771],[124.568947,12.11815]]]]}},{"type":"Feature","properties":{"ID_0":177,"ISO":"PHL","NAME_0":"Philippines","ID_1":8060,"NAME_1":"Samar (Western Samar)","ID_2":806003,"NAME_2":"Calbayog City","ID_3":806003110,"NAME_3":"Nijaga","NL_NAME_3":null,"VARNAME_3":null,"TYPE_3":"Barangay","ENGTYPE_3":"Village","PROVINCE":"Samar (Western Samar)","REGION":"Region VIII (Eastern Visayas)","id":"barangay-0806003110","name":"Nijaga","barangayCode":"0806003110","population":null,"formattedPop":null,"densityCategory":"No data","vulnerabilityRating":"No data","healthRiskLevel":"No data","areaKm2":0.910256,"centerLat":12.085394,"centerLng":124.600528,"geometrySource":"all_barangay-2.csv detailed WKT","geometryMatchMethod":"psgc_coordinate_bridge","boundaryPointCount":25},"geometry":{"type":"MultiPolygon","coordinates":[[[[124.594559,12.09478],[124.611557,12.0907],[124.608177,12.08843],[124.60466,12.08625],[124.602966,12.08481],[124.601173,12.08331],[124.60025,12.08236],[124.599602,12.0817],[124.598633,12.08101],[124.598267,12.08023],[124.597908,12.07977],[124.597672,12.07925],[124.597076,12.0785],[124.59671,12.07834],[124.596443,12.07788],[124.59626,12.07727],[124.595627,12.07702],[124.595261,12.07956],[124.595589,12.08198],[124.595612,12.08406],[124.59523,12.08514],[124.593758,12.0869],[124.594437,12.0901],[124.594582,12.09241],[124.594559,12.09478]]]]}},{"type":"Feature","properties":{"ID_0":177,"ISO":"PHL","NAME_0":"Philippines","ID_1":8060,"NAME_1":"Samar (Western Samar)","ID_2":806003,"NAME_2":"Calbayog City","ID_3":806003111,"NAME_3":"Oboob","NL_NAME_3":null,"VARNAME_3":null,"TYPE_3":"Barangay","ENGTYPE_3":"Village","PROVINCE":"Samar (Western Samar)","REGION":"Region VIII (Eastern Visayas)","id":"barangay-0806003111","name":"Oboob","barangayCode":"0806003111","population":null,"formattedPop":null,"densityCategory":"No data","vulnerabilityRating":"No data","healthRiskLevel":"No data","areaKm2":2.751724,"centerLat":12.214015,"centerLng":124.588268,"geometrySource":"all_barangay-2.csv detailed WKT","geometryMatchMethod":"psgc_coordinate_bridge","boundaryPointCount":48},"geometry":{"type":"MultiPolygon","coordinates":[[[[124.589493,12.22052],[124.603867,12.22022],[124.602081,12.21838],[124.60006,12.21587],[124.597168,12.21359],[124.595833,12.21157],[124.594681,12.21108],[124.59256,12.2107],[124.590149,12.21033],[124.586479,12.21126],[124.583504,12.21168],[124.57943,12.21126],[124.570824,12.20982],[124.570892,12.21027],[124.571373,12.21075],[124.571373,12.21143],[124.571243,12.21179],[124.571136,12.21225],[124.570824,12.21252],[124.570183,12.21259],[124.570183,12.213],[124.570236,12.21354],[124.570503,12.2141],[124.57106,12.21478],[124.570824,12.21553],[124.5709,12.21607],[124.571381,12.21628],[124.571762,12.21578],[124.572273,12.21587],[124.573067,12.21628],[124.573463,12.21641],[124.573547,12.216],[124.573708,12.21566],[124.574257,12.21573],[124.574501,12.216],[124.574753,12.21655],[124.575272,12.21646],[124.576027,12.21661],[124.576988,12.21614],[124.577789,12.216],[124.57827,12.21627],[124.578087,12.21671],[124.577553,12.21682],[124.577553,12.21723],[124.577789,12.21757],[124.578346,12.21777],[124.578506,12.21828],[124.589493,12.22052]]]]}},{"type":"Feature","properties":{"ID_0":177,"ISO":"PHL","NAME_0":"Philippines","ID_1":8060,"NAME_1":"Samar (Western Samar)","ID_2":806003,"NAME_2":"Calbayog City","ID_3":806003112,"NAME_3":"Obrero","NL_NAME_3":null,"VARNAME_3":null,"TYPE_3":"Barangay","ENGTYPE_3":"Village","PROVINCE":"Samar (Western Samar)","REGION":"Region VIII (Eastern Visayas)","id":"barangay-0806003112","name":"Obrero","barangayCode":"0806003112","population":null,"formattedPop":null,"densityCategory":"No data","vulnerabilityRating":"No data","healthRiskLevel":"No data","areaKm2":0.44207,"centerLat":12.070233,"centerLng":124.590448,"geometrySource":"all_barangay-2.csv detailed WKT","geometryMatchMethod":"psgc_coordinate_bridge","boundaryPointCount":20},"geometry":{"type":"MultiPolygon","coordinates":[[[[124.59227,12.07487],[124.592613,12.07424],[124.593338,12.07305],[124.59285,12.07142],[124.592308,12.07008],[124.591843,12.06965],[124.591583,12.06895],[124.591476,12.06849],[124.591026,12.0681],[124.590889,12.06728],[124.590607,12.06429],[124.590477,12.06437],[124.590141,12.06444],[124.589653,12.06459],[124.588242,12.06486],[124.587471,12.06517],[124.587624,12.06581],[124.587692,12.06609],[124.584976,12.0753],[124.59227,12.07487]]]]}},{"type":"Feature","properties":{"ID_0":177,"ISO":"PHL","NAME_0":"Philippines","ID_1":8060,"NAME_1":"Samar (Western Samar)","ID_2":806003,"NAME_2":"Calbayog City","ID_3":806003113,"NAME_3":"Olera","NL_NAME_3":null,"VARNAME_3":null,"TYPE_3":"Barangay","ENGTYPE_3":"Village","PROVINCE":"Samar (Western Samar)","REGION":"Region VIII (Eastern Visayas)","id":"barangay-0806003113","name":"Olera","barangayCode":"0806003113","population":null,"formattedPop":null,"densityCategory":"No data","vulnerabilityRating":"No data","healthRiskLevel":"No data","areaKm2":5.34678,"centerLat":12.19436,"centerLng":124.734524,"geometrySource":"all_barangay-2.csv detailed WKT","geometryMatchMethod":"psgc_coordinate_bridge","boundaryPointCount":162},"geometry":{"type":"MultiPolygon","coordinates":[[[[124.735573,12.2043],[124.75473,12.19052],[124.75441,12.19038],[124.754128,12.19026],[124.7537,12.19044],[124.753418,12.19044],[124.753014,12.19008],[124.752701,12.19008],[124.752487,12.18983],[124.752769,12.18935],[124.752769,12.18898],[124.752701,12.18855],[124.75235,12.18837],[124.752136,12.18861],[124.751846,12.1888],[124.751503,12.18916],[124.750847,12.1891],[124.750992,12.18873],[124.751137,12.18825],[124.751137,12.18782],[124.750809,12.18791],[124.750351,12.18776],[124.750282,12.18733],[124.749924,12.18721],[124.749657,12.18747],[124.749428,12.18727],[124.749153,12.18678],[124.749153,12.18654],[124.748932,12.18611],[124.74865,12.18593],[124.748497,12.18538],[124.748291,12.18526],[124.747978,12.18523],[124.747566,12.1855],[124.74736,12.18605],[124.74736,12.18642],[124.747223,12.18697],[124.746849,12.18715],[124.746429,12.18715],[124.746147,12.18703],[124.745651,12.18672],[124.745163,12.18635],[124.744583,12.18605],[124.744453,12.18623],[124.744087,12.18654],[124.743797,12.18629],[124.743309,12.18593],[124.743027,12.18562],[124.742416,12.18528],[124.741737,12.1852],[124.741318,12.18514],[124.740891,12.18538],[124.740891,12.18568],[124.740753,12.18617],[124.740387,12.18654],[124.740044,12.18635],[124.739403,12.18593],[124.738983,12.18575],[124.738579,12.18599],[124.73819,12.18593],[124.737907,12.18593],[124.73703,12.18611],[124.736397,12.18648],[124.736397,12.18709],[124.736053,12.18752],[124.735481,12.1877],[124.735199,12.18819],[124.734558,12.18855],[124.734283,12.18837],[124.734703,12.18764],[124.735062,12.18709],[124.735283,12.18672],[124.735062,12.18642],[124.73468,12.18647],[124.7342,12.18666],[124.733772,12.18672],[124.733627,12.18642],[124.733276,12.18593],[124.732849,12.18575],[124.732712,12.18599],[124.732353,12.18611],[124.731567,12.18611],[124.730827,12.186],[124.730827,12.18629],[124.730873,12.18639],[124.730927,12.18663],[124.730927,12.18676],[124.730682,12.18678],[124.730507,12.18691],[124.730476,12.18712],[124.730507,12.1873],[124.730453,12.18758],[124.730537,12.18793],[124.730766,12.18813],[124.730873,12.18832],[124.730988,12.18845],[124.731163,12.18884],[124.731194,12.18923],[124.731041,12.18941],[124.730743,12.18941],[124.730499,12.1893],[124.730347,12.1892],[124.73011,12.18921],[124.729797,12.18949],[124.729469,12.18977],[124.729469,12.19006],[124.729286,12.19032],[124.728981,12.19058],[124.728523,12.19084],[124.72789,12.19103],[124.718689,12.19538],[124.709793,12.2021],[124.709503,12.20286],[124.709259,12.20317],[124.709747,12.20359],[124.710472,12.20369],[124.711197,12.20348],[124.711639,12.20315],[124.712288,12.20265],[124.713127,12.20265],[124.713867,12.2028],[124.715553,12.20379],[124.715446,12.20442],[124.716293,12.20442],[124.717087,12.20428],[124.717751,12.20421],[124.717751,12.20369],[124.717987,12.20307],[124.718582,12.20304],[124.719704,12.20359],[124.720421,12.20328],[124.720993,12.20329],[124.722023,12.2034],[124.722031,12.20402],[124.722549,12.20364],[124.722923,12.20302],[124.723846,12.20293],[124.724007,12.20364],[124.723763,12.20406],[124.724007,12.20479],[124.724609,12.20437],[124.725578,12.20437],[124.726044,12.20382],[124.726669,12.20416],[124.727417,12.20386],[124.727638,12.20437],[124.72776,12.20603],[124.728127,12.20666],[124.728477,12.20603],[124.728851,12.20416],[124.728729,12.20354],[124.729713,12.20339],[124.730309,12.20437],[124.730667,12.20375],[124.73114,12.20304],[124.732239,12.2025],[124.733093,12.20281],[124.733688,12.20333],[124.734177,12.20291],[124.734779,12.20302],[124.735153,12.20364],[124.735573,12.2043]]]]}},{"type":"Feature","properties":{"ID_0":177,"ISO":"PHL","NAME_0":"Philippines","ID_1":8060,"NAME_1":"Samar (Western Samar)","ID_2":806003,"NAME_2":"Calbayog City","ID_3":806003114,"NAME_3":"Oquendo","NL_NAME_3":null,"VARNAME_3":null,"TYPE_3":"Barangay","ENGTYPE_3":"Village","PROVINCE":"Samar (Western Samar)","REGION":"Region VIII (Eastern Visayas)","id":"barangay-0806003114","name":"Oquendo","barangayCode":"0806003114","population":null,"formattedPop":null,"densityCategory":"No data","vulnerabilityRating":"No data","healthRiskLevel":"No data","areaKm2":2.978916,"centerLat":12.132205,"centerLng":124.541461,"geometrySource":"all_barangay-2.csv detailed WKT","geometryMatchMethod":"psgc_coordinate_bridge","boundaryPointCount":62},"geometry":{"type":"MultiPolygon","coordinates":[[[[124.530098,12.13916],[124.530243,12.14084],[124.531227,12.14258],[124.532913,12.14379],[124.534531,12.14433],[124.535919,12.14505],[124.536293,12.14279],[124.537323,12.14221],[124.539169,12.14371],[124.540382,12.14403],[124.540817,12.14256],[124.540863,12.14082],[124.542358,12.13787],[124.545174,12.13727],[124.547752,12.1374],[124.549637,12.13755],[124.550293,12.13484],[124.550797,12.13004],[124.550629,12.12926],[124.550507,12.12883],[124.550827,12.1283],[124.551147,12.12741],[124.551147,12.12665],[124.550392,12.12687],[124.549629,12.12741],[124.549377,12.12741],[124.548737,12.12719],[124.548363,12.12654],[124.548111,12.12619],[124.547607,12.12658],[124.547363,12.12702],[124.546631,12.12728],[124.54554,12.12729],[124.544693,12.1268],[124.543747,12.12664],[124.5429,12.12691],[124.542137,12.12658],[124.541557,12.12639],[124.540466,12.12636],[124.540733,12.12549],[124.540352,12.12527],[124.539841,12.12538],[124.539307,12.12552],[124.538963,12.12626],[124.538834,12.12702],[124.538307,12.12702],[124.537552,12.12658],[124.536667,12.12658],[124.536522,12.12702],[124.53653,12.1279],[124.535896,12.12855],[124.535454,12.12866],[124.535042,12.12982],[124.535042,12.13091],[124.533783,12.13179],[124.532303,12.13216],[124.531837,12.13271],[124.53212,12.13387],[124.532852,12.13496],[124.532402,12.13608],[124.531616,12.13756],[124.530098,12.13916]]]]}},{"type":"Feature","properties":{"ID_0":177,"ISO":"PHL","NAME_0":"Philippines","ID_1":8060,"NAME_1":"Samar (Western Samar)","ID_2":806003,"NAME_2":"Calbayog City","ID_3":806003115,"NAME_3":"Osmeña","NL_NAME_3":null,"VARNAME_3":"Osmena","TYPE_3":"Barangay","ENGTYPE_3":"Village","PROVINCE":"Samar (Western Samar)","REGION":"Region VIII (Eastern Visayas)","id":"barangay-0806003115","name":"Osmeña","barangayCode":"0806003115","population":null,"formattedPop":null,"densityCategory":"No data","vulnerabilityRating":"No data","healthRiskLevel":"No data","areaKm2":11.512707,"centerLat":12.18351,"centerLng":124.639996,"geometrySource":"all_barangay-2.csv detailed WKT","geometryMatchMethod":"psgc_coordinate_bridge","boundaryPointCount":9},"geometry":{"type":"MultiPolygon","coordinates":[[[[124.65551,12.1997],[124.658333,12.18668],[124.647377,12.16461],[124.61953,12.17612],[124.621094,12.18419],[124.626793,12.20146],[124.638542,12.20052],[124.647247,12.19937],[124.65551,12.1997]]]]}},{"type":"Feature","properties":{"ID_0":177,"ISO":"PHL","NAME_0":"Philippines","ID_1":8060,"NAME_1":"Samar (Western Samar)","ID_2":806003,"NAME_2":"Calbayog City","ID_3":806003116,"NAME_3":"Palanas","NL_NAME_3":null,"VARNAME_3":null,"TYPE_3":"Barangay","ENGTYPE_3":"Village","PROVINCE":"Samar (Western Samar)","REGION":"Region VIII (Eastern Visayas)","id":"barangay-0806003116","name":"Palanas","barangayCode":"0806003116","population":null,"formattedPop":null,"densityCategory":"No data","vulnerabilityRating":"No data","healthRiskLevel":"No data","areaKm2":0.455151,"centerLat":12.097793,"centerLng":124.537654,"geometrySource":"all_barangay-2.csv detailed WKT","geometryMatchMethod":"psgc_coordinate_bridge","boundaryPointCount":21},"geometry":{"type":"MultiPolygon","coordinates":[[[[124.532837,12.10217],[124.536819,12.10296],[124.537613,12.102],[124.539093,12.1013],[124.541077,12.10009],[124.541008,12.0988],[124.540077,12.09796],[124.538979,12.09764],[124.538887,12.0968],[124.538628,12.0962],[124.538223,12.09624],[124.537804,12.09546],[124.537323,12.09545],[124.536957,12.09598],[124.536537,12.09553],[124.536461,12.09418],[124.536339,12.09345],[124.534843,12.09313],[124.534508,12.09404],[124.534927,12.09589],[124.532837,12.10217]]]]}},{"type":"Feature","properties":{"ID_0":177,"ISO":"PHL","NAME_0":"Philippines","ID_1":8060,"NAME_1":"Samar (Western Samar)","ID_2":806003,"NAME_2":"Calbayog City","ID_3":806003117,"NAME_3":"Palanogan","NL_NAME_3":null,"VARNAME_3":null,"TYPE_3":"Barangay","ENGTYPE_3":"Village","PROVINCE":"Samar (Western Samar)","REGION":"Region VIII (Eastern Visayas)","id":"barangay-0806003117","name":"Palanogan","barangayCode":"0806003117","population":null,"formattedPop":null,"densityCategory":"No data","vulnerabilityRating":"No data","healthRiskLevel":"No data","areaKm2":3.677789,"centerLat":12.223607,"centerLng":124.644463,"geometrySource":"all_barangay-2.csv detailed WKT","geometryMatchMethod":"psgc_coordinate_bridge","boundaryPointCount":36},"geometry":{"type":"MultiPolygon","coordinates":[[[[124.65464,12.2339],[124.654114,12.2331],[124.653992,12.23183],[124.653572,12.23128],[124.652634,12.23174],[124.652237,12.23071],[124.651703,12.22991],[124.652481,12.22948],[124.653038,12.22877],[124.652901,12.22798],[124.652496,12.22775],[124.651703,12.22786],[124.651299,12.22695],[124.651421,12.22639],[124.650673,12.2255],[124.650093,12.22511],[124.649109,12.22411],[124.648582,12.22299],[124.648621,12.22236],[124.648888,12.22144],[124.648621,12.22099],[124.648392,12.22006],[124.648781,12.21894],[124.649017,12.21857],[124.649559,12.21868],[124.649559,12.21788],[124.649689,12.21742],[124.649452,12.2169],[124.645828,12.21547],[124.642952,12.2142],[124.640602,12.21479],[124.638367,12.2161],[124.632248,12.21711],[124.633537,12.22143],[124.640961,12.24248],[124.65464,12.2339]]]]}},{"type":"Feature","properties":{"ID_0":177,"ISO":"PHL","NAME_0":"Philippines","ID_1":8060,"NAME_1":"Samar (Western Samar)","ID_2":806003,"NAME_2":"Calbayog City","ID_3":806003118,"NAME_3":"Panlayahan","NL_NAME_3":null,"VARNAME_3":null,"TYPE_3":"Barangay","ENGTYPE_3":"Village","PROVINCE":"Samar (Western Samar)","REGION":"Region VIII (Eastern Visayas)","id":"barangay-0806003118","name":"Panlayahan","barangayCode":"0806003118","population":null,"formattedPop":null,"densityCategory":"No data","vulnerabilityRating":"No data","healthRiskLevel":"No data","areaKm2":13.514789,"centerLat":12.187488,"centerLng":124.519628,"geometrySource":"all_barangay-2.csv detailed WKT","geometryMatchMethod":"psgc_coordinate_bridge","boundaryPointCount":80},"geometry":{"type":"MultiPolygon","coordinates":[[[[124.563629,12.1969],[124.566513,12.18892],[124.547653,12.18776],[124.537521,12.18558],[124.536507,12.18579],[124.535927,12.18579],[124.53521,12.18628],[124.534554,12.18692],[124.532784,12.18739],[124.532028,12.18789],[124.531174,12.1874],[124.530586,12.18764],[124.530006,12.18752],[124.529137,12.18727],[124.528282,12.18727],[124.52742,12.18727],[124.526993,12.18678],[124.526802,12.1864],[124.526123,12.18579],[124.525398,12.18579],[124.524673,12.18542],[124.524094,12.18503],[124.523087,12.18431],[124.522079,12.18431],[124.521637,12.18382],[124.521057,12.18332],[124.518188,12.18195],[124.511848,12.18051],[124.4814,12.17443],[124.480507,12.1763],[124.474533,12.18753],[124.519829,12.1968],[124.521271,12.19745],[124.521339,12.19632],[124.52243,12.19632],[124.523872,12.19659],[124.524246,12.1967],[124.525131,12.19659],[124.526253,12.19713],[124.526756,12.19745],[124.527832,12.19838],[124.528633,12.19852],[124.530144,12.19852],[124.531013,12.19895],[124.531761,12.19895],[124.532387,12.19948],[124.532639,12.20023],[124.533386,12.20023],[124.534737,12.20043],[124.537621,12.20073],[124.540489,12.20024],[124.543648,12.20054],[124.546013,12.20079],[124.547607,12.20038],[124.548714,12.20045],[124.549202,12.20056],[124.549454,12.20056],[124.549828,12.20013],[124.550453,12.20056],[124.551102,12.20016],[124.551712,12.19991],[124.552711,12.20055],[124.553337,12.20077],[124.553963,12.20034],[124.554077,12.19973],[124.555946,12.1983],[124.556221,12.19755],[124.556717,12.19647],[124.556953,12.19598],[124.5578,12.19473],[124.55748,12.194],[124.558113,12.19368],[124.558769,12.19409],[124.559624,12.19465],[124.560677,12.19497],[124.561371,12.19551],[124.562134,12.19573],[124.562248,12.19658],[124.562714,12.19686],[124.563629,12.1969]]]]}},{"type":"Feature","properties":{"ID_0":177,"ISO":"PHL","NAME_0":"Philippines","ID_1":8060,"NAME_1":"Samar (Western Samar)","ID_2":806003,"NAME_2":"Calbayog City","ID_3":806003119,"NAME_3":"Panonongon","NL_NAME_3":null,"VARNAME_3":null,"TYPE_3":"Barangay","ENGTYPE_3":"Village","PROVINCE":"Samar (Western Samar)","REGION":"Region VIII (Eastern Visayas)","id":"barangay-0806003119","name":"Panonongon","barangayCode":"0806003119","population":null,"formattedPop":null,"densityCategory":"No data","vulnerabilityRating":"No data","healthRiskLevel":"No data","areaKm2":6.834674,"centerLat":12.156277,"centerLng":124.608881,"geometrySource":"barangays.geojson simplified fallback","geometryMatchMethod":"simplified_fallback","boundaryPointCount":5},"geometry":{"type":"Polygon","coordinates":[[[124.62093663300004,12.174765017000027],[124.6238295060001,12.151563587000055],[124.609546496,12.14455613900003],[124.58410256200011,12.147647057000029],[124.62093663300004,12.174765017000027]]]}},{"type":"Feature","properties":{"ID_0":177,"ISO":"PHL","NAME_0":"Philippines","ID_1":8060,"NAME_1":"Samar (Western Samar)","ID_2":806003,"NAME_2":"Calbayog City","ID_3":806003120,"NAME_3":"Panoypoy","NL_NAME_3":null,"VARNAME_3":null,"TYPE_3":"Barangay","ENGTYPE_3":"Village","PROVINCE":"Samar (Western Samar)","REGION":"Region VIII (Eastern Visayas)","id":"barangay-0806003120","name":"Panoypoy","barangayCode":"0806003120","population":null,"formattedPop":null,"densityCategory":"No data","vulnerabilityRating":"No data","healthRiskLevel":"No data","areaKm2":1.867316,"centerLat":12.172489,"centerLng":124.593401,"geometrySource":"all_barangay-2.csv detailed WKT","geometryMatchMethod":"psgc_coordinate_bridge","boundaryPointCount":17},"geometry":{"type":"MultiPolygon","coordinates":[[[[124.58667,12.17835],[124.606117,12.17799],[124.594467,12.1698],[124.593552,12.16993],[124.592628,12.16926],[124.59053,12.16693],[124.589546,12.16716],[124.588348,12.16729],[124.586113,12.16659],[124.58596,12.16862],[124.585121,12.17043],[124.584343,12.17179],[124.582626,12.17305],[124.582268,12.17571],[124.583199,12.17631],[124.585327,12.17685],[124.58667,12.17835]]]]}},{"type":"Feature","properties":{"ID_0":177,"ISO":"PHL","NAME_0":"Philippines","ID_1":8060,"NAME_1":"Samar (Western Samar)","ID_2":806003,"NAME_2":"Calbayog City","ID_3":806003121,"NAME_3":"Patong","NL_NAME_3":null,"VARNAME_3":null,"TYPE_3":"Barangay","ENGTYPE_3":"Village","PROVINCE":"Samar (Western Samar)","REGION":"Region VIII (Eastern Visayas)","id":"barangay-0806003121","name":"Patong","barangayCode":"0806003121","population":null,"formattedPop":null,"densityCategory":"No data","vulnerabilityRating":"No data","healthRiskLevel":"No data","areaKm2":4.476174,"centerLat":12.240688,"centerLng":124.671685,"geometrySource":"all_barangay-2.csv detailed WKT","geometryMatchMethod":"psgc_coordinate_bridge","boundaryPointCount":13},"geometry":{"type":"MultiPolygon","coordinates":[[[[124.654617,12.25058],[124.663719,12.25677],[124.683434,12.23326],[124.681534,12.23227],[124.679977,12.23139],[124.678467,12.23117],[124.67614,12.23074],[124.674858,12.2303],[124.674347,12.22921],[124.672951,12.2288],[124.665894,12.2351],[124.663147,12.23788],[124.654617,12.25058]]]]}},{"type":"Feature","properties":{"ID_0":177,"ISO":"PHL","NAME_0":"Philippines","ID_1":8060,"NAME_1":"Samar (Western Samar)","ID_2":806003,"NAME_2":"Calbayog City","ID_3":806003122,"NAME_3":"Peña","NL_NAME_3":null,"VARNAME_3":"Pena","TYPE_3":"Barangay","ENGTYPE_3":"Village","PROVINCE":"Samar (Western Samar)","REGION":"Region VIII (Eastern Visayas)","id":"barangay-0806003122","name":"Peña","barangayCode":"0806003122","population":null,"formattedPop":null,"densityCategory":"No data","vulnerabilityRating":"No data","healthRiskLevel":"No data","areaKm2":6.108004,"centerLat":12.210623,"centerLng":124.421617,"geometrySource":"barangays.geojson simplified fallback","geometryMatchMethod":"simplified_fallback","boundaryPointCount":7},"geometry":{"type":"Polygon","coordinates":[[[124.44286018100001,12.213861258000065],[124.41388317500002,12.202410187000055],[124.40197412400005,12.188597190000053],[124.39948889700008,12.191150007000033],[124.41718734900007,12.21896462500007],[124.43730526200011,12.227225375000046],[124.44286018100001,12.213861258000065]]]}},{"type":"Feature","properties":{"ID_0":177,"ISO":"PHL","NAME_0":"Philippines","ID_1":8060,"NAME_1":"Samar (Western Samar)","ID_2":806003,"NAME_2":"Calbayog City","ID_3":806003123,"NAME_3":"Pilar","NL_NAME_3":null,"VARNAME_3":null,"TYPE_3":"Barangay","ENGTYPE_3":"Village","PROVINCE":"Samar (Western Samar)","REGION":"Region VIII (Eastern Visayas)","id":"barangay-0806003123","name":"Pilar","barangayCode":"0806003123","population":null,"formattedPop":null,"densityCategory":"No data","vulnerabilityRating":"No data","healthRiskLevel":"No data","areaKm2":20.669991,"centerLat":12.261968,"centerLng":124.506256,"geometrySource":"all_barangay-2.csv detailed WKT","geometryMatchMethod":"psgc_coordinate_bridge","boundaryPointCount":87},"geometry":{"type":"MultiPolygon","coordinates":[[[[124.543533,12.26954],[124.543777,12.26872],[124.542877,12.2682],[124.541801,12.26781],[124.541496,12.26781],[124.541031,12.26738],[124.540428,12.26701],[124.540733,12.26636],[124.541039,12.26558],[124.539917,12.26565],[124.539268,12.26441],[124.537659,12.26427],[124.537231,12.26467],[124.536469,12.26493],[124.535713,12.26454],[124.535698,12.26373],[124.535118,12.2634],[124.535561,12.26283],[124.535271,12.26193],[124.534233,12.26149],[124.533119,12.26166],[124.532509,12.26218],[124.531601,12.26166],[124.531471,12.26119],[124.489357,12.24636],[124.47039,12.24013],[124.459953,12.25717],[124.462608,12.25832],[124.464363,12.25893],[124.464859,12.2598],[124.465874,12.26023],[124.467049,12.26052],[124.46772,12.26109],[124.468613,12.26163],[124.469757,12.26121],[124.470627,12.26077],[124.471977,12.26077],[124.472649,12.26134],[124.473969,12.26205],[124.474831,12.2625],[124.475708,12.26327],[124.476341,12.26322],[124.477348,12.26379],[124.47802,12.26437],[124.478691,12.26523],[124.480042,12.26494],[124.481056,12.26438],[124.481377,12.26494],[124.482559,12.26494],[124.483833,12.26502],[124.484413,12.26595],[124.485397,12.26707],[124.51503,12.27571],[124.528473,12.28444],[124.540062,12.29234],[124.54364,12.29331],[124.543182,12.2925],[124.542877,12.29146],[124.542419,12.29107],[124.541588,12.29058],[124.541199,12.2899],[124.541656,12.28925],[124.541206,12.28805],[124.541351,12.28729],[124.541656,12.28677],[124.541199,12.28612],[124.540741,12.28521],[124.541206,12.28422],[124.541672,12.28349],[124.542587,12.2831],[124.54274,12.28245],[124.542427,12.2818],[124.542549,12.28116],[124.541977,12.28049],[124.54229,12.27946],[124.542137,12.27868],[124.543182,12.27749],[124.543808,12.27698],[124.544563,12.27633],[124.543808,12.27542],[124.543716,12.27483],[124.543793,12.27368],[124.543343,12.27238],[124.54319,12.27134],[124.543793,12.27082],[124.54425,12.2703],[124.543533,12.26954]]]]}},{"type":"Feature","properties":{"ID_0":177,"ISO":"PHL","NAME_0":"Philippines","ID_1":8060,"NAME_1":"Samar (Western Samar)","ID_2":806003,"NAME_2":"Calbayog City","ID_3":806003124,"NAME_3":"Pinamorotan","NL_NAME_3":null,"VARNAME_3":null,"TYPE_3":"Barangay","ENGTYPE_3":"Village","PROVINCE":"Samar (Western Samar)","REGION":"Region VIII (Eastern Visayas)","id":"barangay-0806003124","name":"Pinamorotan","barangayCode":"0806003124","population":null,"formattedPop":null,"densityCategory":"No data","vulnerabilityRating":"No data","healthRiskLevel":"No data","areaKm2":10.47853,"centerLat":12.170699,"centerLng":124.751844,"geometrySource":"all_barangay-2.csv detailed WKT","geometryMatchMethod":"psgc_coordinate_bridge","boundaryPointCount":175},"geometry":{"type":"MultiPolygon","coordinates":[[[[124.76136,12.18709],[124.760941,12.18623],[124.760483,12.18623],[124.76001,12.18593],[124.760307,12.18546],[124.760132,12.18483],[124.760712,12.18493],[124.761414,12.18493],[124.761414,12.18434],[124.762253,12.18415],[124.762802,12.18364],[124.762917,12.18275],[124.763039,12.18195],[124.762299,12.18252],[124.760857,12.18237],[124.762047,12.18027],[124.762383,12.17892],[124.761971,12.17741],[124.762573,12.17705],[124.762756,12.17644],[124.762459,12.17616],[124.761871,12.17586],[124.762688,12.17517],[124.762917,12.17428],[124.763618,12.17388],[124.763618,12.17329],[124.763268,12.17339],[124.76268,12.17296],[124.762283,12.172],[124.761871,12.1716],[124.761292,12.17031],[124.760712,12.16922],[124.760239,12.16848],[124.759781,12.16805],[124.761292,12.16765],[124.762337,12.16795],[124.762222,12.16735],[124.762749,12.16671],[124.762741,12.16587],[124.762108,12.16542],[124.761177,12.16527],[124.760834,12.16566],[124.761292,12.16626],[124.760712,12.16646],[124.760132,12.16586],[124.759323,12.16586],[124.759201,12.16517],[124.759781,12.16507],[124.760132,12.16418],[124.759743,12.16376],[124.760651,12.16313],[124.760986,12.16301],[124.761208,12.16264],[124.761559,12.16223],[124.761963,12.16205],[124.762444,12.16204],[124.762703,12.16201],[124.763046,12.16148],[124.762917,12.1608],[124.762917,12.1602],[124.76339,12.15981],[124.763672,12.15923],[124.764107,12.15889],[124.76432,12.15871],[124.764717,12.15739],[124.748772,12.14566],[124.740669,12.16758],[124.730827,12.186],[124.731567,12.18611],[124.732353,12.18611],[124.732712,12.18599],[124.732849,12.18575],[124.733276,12.18593],[124.733627,12.18642],[124.733772,12.18672],[124.7342,12.18666],[124.73468,12.18647],[124.735062,12.18642],[124.735283,12.18672],[124.735062,12.18709],[124.734703,12.18764],[124.734283,12.18837],[124.734558,12.18855],[124.735199,12.18819],[124.735481,12.1877],[124.736053,12.18752],[124.736397,12.18709],[124.736397,12.18648],[124.73703,12.18611],[124.737907,12.18593],[124.73819,12.18593],[124.738579,12.18599],[124.738983,12.18575],[124.739403,12.18593],[124.740044,12.18635],[124.740387,12.18654],[124.740753,12.18617],[124.740891,12.18568],[124.740891,12.18538],[124.741318,12.18514],[124.741737,12.1852],[124.742416,12.18528],[124.743027,12.18562],[124.743309,12.18593],[124.743797,12.18629],[124.744087,12.18654],[124.744453,12.18623],[124.744583,12.18605],[124.745163,12.18635],[124.745651,12.18672],[124.746147,12.18703],[124.746429,12.18715],[124.746849,12.18715],[124.747223,12.18697],[124.74736,12.18642],[124.74736,12.18605],[124.747566,12.1855],[124.747978,12.18523],[124.748291,12.18526],[124.748497,12.18538],[124.74865,12.18593],[124.748932,12.18611],[124.749153,12.18654],[124.749153,12.18678],[124.749428,12.18727],[124.749657,12.18747],[124.749924,12.18721],[124.750282,12.18733],[124.750351,12.18776],[124.750809,12.18791],[124.751137,12.18782],[124.751137,12.18825],[124.750992,12.18873],[124.750847,12.1891],[124.751503,12.18916],[124.751846,12.1888],[124.752136,12.18861],[124.75235,12.18837],[124.752701,12.18855],[124.752769,12.18898],[124.752769,12.18935],[124.752487,12.18983],[124.752701,12.19008],[124.753014,12.19008],[124.753418,12.19044],[124.7537,12.19044],[124.754128,12.19026],[124.75441,12.19038],[124.75473,12.19052],[124.755623,12.1904],[124.756111,12.19034],[124.756622,12.1902],[124.756691,12.18965],[124.757332,12.18928],[124.757553,12.18904],[124.757828,12.1888],[124.757828,12.18831],[124.758041,12.188],[124.758537,12.18794],[124.758682,12.18861],[124.75882,12.1891],[124.759247,12.1891],[124.759529,12.18941],[124.759529,12.18983],[124.75946,12.19038],[124.75946,12.19087],[124.759613,12.19093],[124.76017,12.19075],[124.760597,12.18989],[124.760597,12.18935],[124.760674,12.18861],[124.760674,12.18812],[124.760674,12.18752],[124.761017,12.18727],[124.76136,12.18709]]]]}},{"type":"Feature","properties":{"ID_0":177,"ISO":"PHL","NAME_0":"Philippines","ID_1":8060,"NAME_1":"Samar (Western Samar)","ID_2":806003,"NAME_2":"Calbayog City","ID_3":806003126,"NAME_3":"Quezon","NL_NAME_3":null,"VARNAME_3":null,"TYPE_3":"Barangay","ENGTYPE_3":"Village","PROVINCE":"Samar (Western Samar)","REGION":"Region VIII (Eastern Visayas)","id":"barangay-0806003126","name":"Quezon","barangayCode":"0806003126","population":null,"formattedPop":null,"densityCategory":"No data","vulnerabilityRating":"No data","healthRiskLevel":"No data","areaKm2":2.18371,"centerLat":12.184574,"centerLng":124.586131,"geometrySource":"all_barangay-2.csv detailed WKT","geometryMatchMethod":"psgc_coordinate_bridge","boundaryPointCount":48},"geometry":{"type":"MultiPolygon","coordinates":[[[[124.571503,12.18983],[124.572182,12.18945],[124.573067,12.18892],[124.573517,12.18897],[124.57431,12.18863],[124.575493,12.18863],[124.577133,12.1885],[124.578957,12.18899],[124.580627,12.18887],[124.583382,12.18918],[124.585289,12.19136],[124.588051,12.19212],[124.590919,12.19249],[124.594017,12.19308],[124.593483,12.18983],[124.59256,12.18145],[124.591827,12.18128],[124.591179,12.18118],[124.59034,12.18143],[124.589813,12.18121],[124.58947,12.18091],[124.588997,12.18086],[124.588768,12.18008],[124.588417,12.18045],[124.588242,12.18098],[124.587723,12.18053],[124.587631,12.18],[124.587807,12.17933],[124.587631,12.17888],[124.587288,12.1788],[124.58667,12.17835],[124.578346,12.18285],[124.573547,12.18438],[124.568314,12.18858],[124.567543,12.18885],[124.566513,12.18892],[124.566917,12.1894],[124.567238,12.18954],[124.56736,12.1893],[124.567757,12.18916],[124.568199,12.18935],[124.568031,12.18974],[124.568481,12.19012],[124.568817,12.19022],[124.569939,12.19012],[124.570557,12.18993],[124.570999,12.18978],[124.571503,12.18983]]]]}},{"type":"Feature","properties":{"ID_0":177,"ISO":"PHL","NAME_0":"Philippines","ID_1":8060,"NAME_1":"Samar (Western Samar)","ID_2":806003,"NAME_2":"Calbayog City","ID_3":806003127,"NAME_3":"Rawis","NL_NAME_3":null,"VARNAME_3":null,"TYPE_3":"Barangay","ENGTYPE_3":"Village","PROVINCE":"Samar (Western Samar)","REGION":"Region VIII (Eastern Visayas)","id":"barangay-0806003127","name":"Rawis","barangayCode":"0806003127","population":null,"formattedPop":null,"densityCategory":"No data","vulnerabilityRating":"No data","healthRiskLevel":"No data","areaKm2":2.555549,"centerLat":12.07173,"centerLng":124.60821,"geometrySource":"all_barangay-2.csv detailed WKT","geometryMatchMethod":"psgc_coordinate_bridge","boundaryPointCount":36},"geometry":{"type":"MultiPolygon","coordinates":[[[[124.60466,12.08625],[124.615723,12.07738],[124.610611,12.07316],[124.604599,12.06265],[124.60376,12.06297],[124.601379,12.06352],[124.599281,12.06434],[124.59919,12.06434],[124.597672,12.06421],[124.596901,12.06427],[124.596848,12.06431],[124.597298,12.06509],[124.597237,12.06511],[124.600388,12.06962],[124.602707,12.07286],[124.603943,12.07521],[124.60424,12.07613],[124.604271,12.07623],[124.604637,12.07734],[124.604469,12.07828],[124.604019,12.07875],[124.60347,12.07944],[124.602753,12.07952],[124.602386,12.07983],[124.602097,12.07987],[124.601936,12.0799],[124.601578,12.07998],[124.601479,12.0806],[124.600853,12.08084],[124.600098,12.08127],[124.600037,12.0813],[124.599602,12.0817],[124.60025,12.08236],[124.601173,12.08331],[124.602966,12.08481],[124.60466,12.08625]]]]}},{"type":"Feature","properties":{"ID_0":177,"ISO":"PHL","NAME_0":"Philippines","ID_1":8060,"NAME_1":"Samar (Western Samar)","ID_2":806003,"NAME_2":"Calbayog City","ID_3":806003128,"NAME_3":"Rizal I","NL_NAME_3":null,"VARNAME_3":null,"TYPE_3":"Barangay","ENGTYPE_3":"Village","PROVINCE":"Samar (Western Samar)","REGION":"Region VIII (Eastern Visayas)","id":"barangay-0806003128","name":"Rizal I","barangayCode":"0806003128","population":null,"formattedPop":null,"densityCategory":"No data","vulnerabilityRating":"No data","healthRiskLevel":"No data","areaKm2":4.703674,"centerLat":12.079721,"centerLng":124.622591,"geometrySource":"all_barangay-2.csv detailed WKT","geometryMatchMethod":"psgc_coordinate_bridge","boundaryPointCount":28},"geometry":{"type":"MultiPolygon","coordinates":[[[[124.616966,12.09145],[124.629303,12.09112],[124.629227,12.09085],[124.629417,12.09051],[124.629646,12.09025],[124.630074,12.09037],[124.630493,12.09041],[124.630653,12.09069],[124.630737,12.09106],[124.631012,12.09112],[124.631119,12.0912],[124.632133,12.08015],[124.631523,12.07971],[124.631142,12.07906],[124.630821,12.07819],[124.631012,12.07755],[124.63089,12.07701],[124.629883,12.07587],[124.629379,12.07544],[124.628754,12.07517],[124.628067,12.07399],[124.622704,12.06743],[124.610611,12.07316],[124.615723,12.07738],[124.60466,12.08625],[124.608177,12.08843],[124.611557,12.0907],[124.616966,12.09145]]]]}},{"type":"Feature","properties":{"ID_0":177,"ISO":"PHL","NAME_0":"Philippines","ID_1":8060,"NAME_1":"Samar (Western Samar)","ID_2":806003,"NAME_2":"Calbayog City","ID_3":806003129,"NAME_3":"Rizal II","NL_NAME_3":null,"VARNAME_3":null,"TYPE_3":"Barangay","ENGTYPE_3":"Village","PROVINCE":"Samar (Western Samar)","REGION":"Region VIII (Eastern Visayas)","id":"barangay-0806003129","name":"Rizal II","barangayCode":"0806003129","population":null,"formattedPop":null,"densityCategory":"No data","vulnerabilityRating":"No data","healthRiskLevel":"No data","areaKm2":2.009502,"centerLat":12.141657,"centerLng":124.525926,"geometrySource":"all_barangay-2.csv detailed WKT","geometryMatchMethod":"psgc_coordinate_bridge","boundaryPointCount":16},"geometry":{"type":"MultiPolygon","coordinates":[[[[124.515732,12.14661],[124.530128,12.14969],[124.53064,12.14906],[124.532013,12.14865],[124.533493,12.14779],[124.53363,12.14564],[124.532913,12.14379],[124.531227,12.14258],[124.530243,12.14084],[124.530098,12.13916],[124.529327,12.13847],[124.52887,12.13746],[124.527473,12.1366],[124.523804,12.13648],[124.517776,12.13751],[124.515732,12.14661]]]]}},{"type":"Feature","properties":{"ID_0":177,"ISO":"PHL","NAME_0":"Philippines","ID_1":8060,"NAME_1":"Samar (Western Samar)","ID_2":806003,"NAME_2":"Calbayog City","ID_3":806003130,"NAME_3":"Roxas I","NL_NAME_3":null,"VARNAME_3":null,"TYPE_3":"Barangay","ENGTYPE_3":"Village","PROVINCE":"Samar (Western Samar)","REGION":"Region VIII (Eastern Visayas)","id":"barangay-0806003130","name":"Roxas I","barangayCode":"0806003130","population":null,"formattedPop":null,"densityCategory":"No data","vulnerabilityRating":"No data","healthRiskLevel":"No data","areaKm2":14.299923,"centerLat":12.285048,"centerLng":124.510452,"geometrySource":"all_barangay-2.csv detailed WKT","geometryMatchMethod":"psgc_coordinate_bridge","boundaryPointCount":64},"geometry":{"type":"MultiPolygon","coordinates":[[[[124.548172,12.2977],[124.547287,12.29693],[124.546829,12.29628],[124.546829,12.29511],[124.546173,12.29435],[124.545158,12.29393],[124.544403,12.29354],[124.54364,12.29331],[124.540062,12.29234],[124.528473,12.28444],[124.51503,12.27571],[124.485397,12.26707],[124.485558,12.26746],[124.485481,12.26781],[124.48568,12.26803],[124.486351,12.26875],[124.487022,12.26947],[124.486656,12.27051],[124.485863,12.27086],[124.484261,12.2711],[124.480103,12.28569],[124.499077,12.29609],[124.499947,12.29596],[124.500504,12.29549],[124.501457,12.29525],[124.502007,12.29525],[124.503082,12.29541],[124.503647,12.29525],[124.504478,12.29549],[124.50502,12.29584],[124.505569,12.29584],[124.506531,12.29584],[124.507057,12.29621],[124.507629,12.29713],[124.508904,12.29697],[124.510094,12.29724],[124.510643,12.29757],[124.511047,12.29841],[124.511978,12.29947],[124.512016,12.30017],[124.512291,12.30087],[124.513107,12.30076],[124.514122,12.30068],[124.514893,12.30076],[124.515297,12.30122],[124.515442,12.30041],[124.516403,12.30017],[124.516937,12.2997],[124.517952,12.29984],[124.51873,12.29935],[124.518997,12.30029],[124.519279,12.30087],[124.52037,12.30087],[124.520782,12.30052],[124.521469,12.30052],[124.521606,12.30134],[124.522163,12.30193],[124.522697,12.30146],[124.52285,12.3009],[124.523659,12.30087],[124.525032,12.30087],[124.525963,12.30176],[124.532204,12.30747],[124.548172,12.2977]]]]}},{"type":"Feature","properties":{"ID_0":177,"ISO":"PHL","NAME_0":"Philippines","ID_1":8060,"NAME_1":"Samar (Western Samar)","ID_2":806003,"NAME_2":"Calbayog City","ID_3":806003131,"NAME_3":"Roxas II","NL_NAME_3":null,"VARNAME_3":null,"TYPE_3":"Barangay","ENGTYPE_3":"Village","PROVINCE":"Samar (Western Samar)","REGION":"Region VIII (Eastern Visayas)","id":"barangay-0806003131","name":"Roxas II","barangayCode":"0806003131","population":null,"formattedPop":null,"densityCategory":"No data","vulnerabilityRating":"No data","healthRiskLevel":"No data","areaKm2":3.846529,"centerLat":12.125581,"centerLng":124.596485,"geometrySource":"all_barangay-2.csv detailed WKT","geometryMatchMethod":"psgc_coordinate_bridge","boundaryPointCount":11},"geometry":{"type":"MultiPolygon","coordinates":[[[[124.591827,12.13283],[124.614128,12.13085],[124.611526,12.12959],[124.609879,12.12696],[124.608528,12.12473],[124.607712,12.12384],[124.605743,12.1224],[124.604462,12.12101],[124.585098,12.12002],[124.579033,12.13283],[124.591827,12.13283]]]]}},{"type":"Feature","properties":{"ID_0":177,"ISO":"PHL","NAME_0":"Philippines","ID_1":8060,"NAME_1":"Samar (Western Samar)","ID_2":806003,"NAME_2":"Calbayog City","ID_3":806003132,"NAME_3":"Saljag","NL_NAME_3":null,"VARNAME_3":null,"TYPE_3":"Barangay","ENGTYPE_3":"Village","PROVINCE":"Samar (Western Samar)","REGION":"Region VIII (Eastern Visayas)","id":"barangay-0806003132","name":"Saljag","barangayCode":"0806003132","population":null,"formattedPop":null,"densityCategory":"No data","vulnerabilityRating":"No data","healthRiskLevel":"No data","areaKm2":1.071484,"centerLat":12.087334,"centerLng":124.506986,"geometrySource":"all_barangay-2.csv detailed WKT","geometryMatchMethod":"psgc_coordinate_bridge","boundaryPointCount":42},"geometry":{"type":"MultiPolygon","coordinates":[[[[124.502663,12.0926],[124.505089,12.09622],[124.509277,12.09189],[124.510353,12.09063],[124.510452,12.08945],[124.510307,12.08748],[124.509972,12.08682],[124.509972,12.08538],[124.510529,12.08459],[124.509972,12.08379],[124.510277,12.08308],[124.509903,12.08252],[124.509781,12.08248],[124.508774,12.0821],[124.507927,12.08183],[124.50724,12.08197],[124.507057,12.08214],[124.506538,12.08265],[124.505981,12.08348],[124.50528,12.08389],[124.504257,12.08389],[124.504158,12.08389],[124.502747,12.08377],[124.502617,12.08376],[124.501343,12.08345],[124.501266,12.08343],[124.500816,12.08331],[124.500549,12.08398],[124.500557,12.08412],[124.50058,12.08445],[124.500839,12.08452],[124.500839,12.08473],[124.501053,12.085],[124.50132,12.08535],[124.50174,12.08639],[124.501877,12.08674],[124.502502,12.08778],[124.503326,12.0886],[124.503899,12.08997],[124.504097,12.09174],[124.503273,12.09164],[124.502663,12.0926]]]]}},{"type":"Feature","properties":{"ID_0":177,"ISO":"PHL","NAME_0":"Philippines","ID_1":8060,"NAME_1":"Samar (Western Samar)","ID_2":806003,"NAME_2":"Calbayog City","ID_3":806003133,"NAME_3":"Salvacion","NL_NAME_3":null,"VARNAME_3":null,"TYPE_3":"Barangay","ENGTYPE_3":"Village","PROVINCE":"Samar (Western Samar)","REGION":"Region VIII (Eastern Visayas)","id":"barangay-0806003133","name":"Salvacion","barangayCode":"0806003133","population":null,"formattedPop":null,"densityCategory":"No data","vulnerabilityRating":"No data","healthRiskLevel":"No data","areaKm2":18.306707,"centerLat":12.20962,"centerLng":124.814813,"geometrySource":"all_barangay-2.csv detailed WKT","geometryMatchMethod":"psgc_coordinate_bridge","boundaryPointCount":52},"geometry":{"type":"MultiPolygon","coordinates":[[[[124.81498,12.23144],[124.842613,12.21902],[124.836388,12.19768],[124.798653,12.19498],[124.788551,12.19456],[124.78775,12.19541],[124.787247,12.19624],[124.788071,12.19663],[124.788277,12.19704],[124.788353,12.19782],[124.786163,12.19756],[124.78595,12.19953],[124.785744,12.20031],[124.785744,12.20164],[124.785294,12.2028],[124.784393,12.20415],[124.784172,12.20529],[124.78434,12.20635],[124.783951,12.20797],[124.7827,12.20918],[124.782387,12.21084],[124.783058,12.21218],[124.784393,12.21313],[124.786636,12.21443],[124.788483,12.21503],[124.789757,12.21486],[124.791779,12.21409],[124.793068,12.21437],[124.794678,12.21524],[124.795349,12.21638],[124.796593,12.21761],[124.798264,12.21861],[124.800034,12.21926],[124.801247,12.21909],[124.802711,12.22002],[124.802711,12.22098],[124.802269,12.22212],[124.803047,12.22284],[124.804497,12.22327],[124.804619,12.22468],[124.80629,12.22461],[124.807632,12.22519],[124.807098,12.22646],[124.806519,12.22729],[124.80629,12.22825],[124.806961,12.2294],[124.806328,12.22995],[124.805847,12.2317],[124.804947,12.234],[124.804497,12.23553],[124.804176,12.2368],[124.81498,12.23144]]]]}},{"type":"Feature","properties":{"ID_0":177,"ISO":"PHL","NAME_0":"Philippines","ID_1":8060,"NAME_1":"Samar (Western Samar)","ID_2":806003,"NAME_2":"Calbayog City","ID_3":806003134,"NAME_3":"San Antonio","NL_NAME_3":null,"VARNAME_3":null,"TYPE_3":"Barangay","ENGTYPE_3":"Village","PROVINCE":"Samar (Western Samar)","REGION":"Region VIII (Eastern Visayas)","id":"barangay-0806003134","name":"San Antonio","barangayCode":"0806003134","population":null,"formattedPop":null,"densityCategory":"No data","vulnerabilityRating":"No data","healthRiskLevel":"No data","areaKm2":7.145964,"centerLat":12.178938,"centerLng":124.773169,"geometrySource":"all_barangay-2.csv detailed WKT","geometryMatchMethod":"psgc_coordinate_bridge","boundaryPointCount":171},"geometry":{"type":"MultiPolygon","coordinates":[[[[124.783859,12.19662],[124.785011,12.19667],[124.786163,12.19756],[124.788353,12.19782],[124.788277,12.19704],[124.788071,12.19663],[124.787247,12.19624],[124.78775,12.19541],[124.788551,12.19456],[124.788773,12.19326],[124.789001,12.19245],[124.788361,12.19186],[124.787613,12.19185],[124.787262,12.19195],[124.787613,12.19146],[124.78714,12.19126],[124.787376,12.19077],[124.78714,12.19037],[124.786507,12.18974],[124.786209,12.18897],[124.785583,12.18845],[124.784698,12.18877],[124.784027,12.18852],[124.782951,12.18828],[124.782837,12.18798],[124.782021,12.18728],[124.781776,12.18663],[124.78125,12.18568],[124.780861,12.18479],[124.780983,12.1841],[124.780487,12.18366],[124.779694,12.18351],[124.778877,12.18341],[124.777832,12.1837],[124.777367,12.18341],[124.776871,12.18251],[124.777023,12.18141],[124.776787,12.18072],[124.777367,12.18031],[124.777489,12.17993],[124.777138,12.17933],[124.777138,12.17874],[124.777519,12.1775],[124.777023,12.17694],[124.776443,12.17694],[124.776093,12.17744],[124.775627,12.17734],[124.775742,12.17635],[124.775047,12.17595],[124.775047,12.17546],[124.775429,12.17448],[124.775162,12.17326],[124.774673,12.17274],[124.773643,12.17116],[124.7733,12.16987],[124.772827,12.16898],[124.773529,12.16718],[124.774117,12.16618],[124.774933,12.16419],[124.776672,12.1625],[124.778412,12.16138],[124.764717,12.15739],[124.76432,12.15871],[124.764107,12.15889],[124.763672,12.15923],[124.76339,12.15981],[124.762917,12.1602],[124.762917,12.1608],[124.763046,12.16148],[124.762703,12.16201],[124.762444,12.16204],[124.761963,12.16205],[124.761559,12.16223],[124.761208,12.16264],[124.760986,12.16301],[124.760651,12.16313],[124.759743,12.16376],[124.760132,12.16418],[124.759781,12.16507],[124.759201,12.16517],[124.759323,12.16586],[124.760132,12.16586],[124.760712,12.16646],[124.761292,12.16626],[124.760834,12.16566],[124.761177,12.16527],[124.762108,12.16542],[124.762741,12.16587],[124.762749,12.16671],[124.762222,12.16735],[124.762337,12.16795],[124.761292,12.16765],[124.759781,12.16805],[124.760239,12.16848],[124.760712,12.16922],[124.761292,12.17031],[124.761871,12.1716],[124.762283,12.172],[124.76268,12.17296],[124.763268,12.17339],[124.763618,12.17329],[124.763618,12.17388],[124.762917,12.17428],[124.762688,12.17517],[124.761871,12.17586],[124.762459,12.17616],[124.762756,12.17644],[124.762573,12.17705],[124.761971,12.17741],[124.762383,12.17892],[124.762047,12.18027],[124.760857,12.18237],[124.762299,12.18252],[124.763039,12.18195],[124.762917,12.18275],[124.762802,12.18364],[124.762253,12.18415],[124.761414,12.18434],[124.761414,12.18493],[124.760712,12.18493],[124.760132,12.18483],[124.760307,12.18546],[124.76001,12.18593],[124.760483,12.18623],[124.760941,12.18623],[124.76136,12.18709],[124.762459,12.18691],[124.763283,12.18691],[124.763496,12.18731],[124.763496,12.1879],[124.76281,12.1886],[124.76281,12.18921],[124.763161,12.18979],[124.763847,12.19009],[124.764252,12.18987],[124.764778,12.19156],[124.763741,12.19258],[124.763588,12.19331],[124.763283,12.19417],[124.763397,12.19496],[124.764183,12.1951],[124.765137,12.19526],[124.766083,12.19555],[124.767227,12.19536],[124.768303,12.19485],[124.768982,12.19516],[124.769562,12.19555],[124.770554,12.19539],[124.771797,12.19481],[124.77224,12.19477],[124.773064,12.19437],[124.77404,12.19496],[124.773857,12.19556],[124.773521,12.19625],[124.77375,12.19784],[124.774628,12.19704],[124.775146,12.19724],[124.775841,12.19724],[124.776421,12.19704],[124.776421,12.19655],[124.777367,12.19584],[124.77758,12.19655],[124.777702,12.19724],[124.778297,12.19723],[124.779449,12.19666],[124.780029,12.19643],[124.779907,12.19584],[124.780701,12.19564],[124.782372,12.19619],[124.783073,12.19604],[124.783859,12.19662]]]]}},{"type":"Feature","properties":{"ID_0":177,"ISO":"PHL","NAME_0":"Philippines","ID_1":8060,"NAME_1":"Samar (Western Samar)","ID_2":806003,"NAME_2":"Calbayog City","ID_3":806003135,"NAME_3":"San Isidro","NL_NAME_3":null,"VARNAME_3":null,"TYPE_3":"Barangay","ENGTYPE_3":"Village","PROVINCE":"Samar (Western Samar)","REGION":"Region VIII (Eastern Visayas)","id":"barangay-0806003135","name":"San Isidro","barangayCode":"0806003135","population":null,"formattedPop":null,"densityCategory":"No data","vulnerabilityRating":"No data","healthRiskLevel":"No data","areaKm2":4.376548,"centerLat":12.194409,"centerLng":124.615732,"geometrySource":"all_barangay-2.csv detailed WKT","geometryMatchMethod":"psgc_coordinate_bridge","boundaryPointCount":20},"geometry":{"type":"MultiPolygon","coordinates":[[[[124.626793,12.20146],[124.621094,12.18419],[124.601173,12.1906],[124.60186,12.19109],[124.6017,12.19191],[124.6017,12.19286],[124.602333,12.19341],[124.60276,12.19464],[124.603287,12.19449],[124.603928,12.19531],[124.603767,12.19613],[124.60392,12.19693],[124.604088,12.19817],[124.604721,12.19871],[124.605377,12.19945],[124.606003,12.19966],[124.606003,12.20061],[124.606003,12.20143],[124.607559,12.20737],[124.626793,12.20146]]]]}},{"type":"Feature","properties":{"ID_0":177,"ISO":"PHL","NAME_0":"Philippines","ID_1":8060,"NAME_1":"Samar (Western Samar)","ID_2":806003,"NAME_2":"Calbayog City","ID_3":806003136,"NAME_3":"San Joaquin","NL_NAME_3":null,"VARNAME_3":null,"TYPE_3":"Barangay","ENGTYPE_3":"Village","PROVINCE":"Samar (Western Samar)","REGION":"Region VIII (Eastern Visayas)","id":"barangay-0806003136","name":"San Joaquin","barangayCode":"0806003136","population":null,"formattedPop":null,"densityCategory":"No data","vulnerabilityRating":"No data","healthRiskLevel":"No data","areaKm2":13.882969,"centerLat":12.184995,"centerLng":124.447653,"geometrySource":"all_barangay-2.csv detailed WKT","geometryMatchMethod":"psgc_coordinate_bridge","boundaryPointCount":134},"geometry":{"type":"MultiPolygon","coordinates":[[[[124.474533,12.18753],[124.470551,12.18685],[124.468407,12.18547],[124.46302,12.18176],[124.460373,12.1805],[124.458252,12.17974],[124.45713,12.17942],[124.455994,12.17972],[124.453552,12.17926],[124.45208,12.17932],[124.45092,12.17958],[124.450172,12.18022],[124.449173,12.1802],[124.447906,12.18006],[124.447769,12.17909],[124.446587,12.17877],[124.44622,12.17813],[124.445663,12.17732],[124.44622,12.17668],[124.44606,12.17585],[124.444901,12.1741],[124.444527,12.17346],[124.443771,12.17362],[124.443092,12.17312],[124.441887,12.17233],[124.441521,12.17185],[124.440773,12.17137],[124.440392,12.1704],[124.440392,12.16976],[124.439827,12.16895],[124.438889,12.16831],[124.437759,12.16799],[124.436821,12.16815],[124.436256,12.1675],[124.437187,12.16702],[124.436737,12.16605],[124.436836,12.16599],[124.436287,12.16569],[124.436203,12.16432],[124.436172,12.16274],[124.436043,12.16268],[124.435173,12.16173],[124.43438,12.16214],[124.433678,12.16297],[124.432762,12.16347],[124.431717,12.16408],[124.431419,12.16435],[124.431129,12.16465],[124.430847,12.16494],[124.430573,12.16521],[124.430313,12.16547],[124.43,12.16575],[124.429588,12.16606],[124.429153,12.1664],[124.429153,12.16672],[124.429131,12.16705],[124.429001,12.16736],[124.428886,12.16771],[124.428421,12.1687],[124.427582,12.16939],[124.426468,12.1698],[124.425217,12.16984],[124.42382,12.16984],[124.422836,12.16888],[124.423424,12.16803],[124.423363,12.16774],[124.423347,12.16739],[124.423073,12.16699],[124.422737,12.16665],[124.422447,12.1664],[124.42218,12.16625],[124.421921,12.16623],[124.421631,12.16641],[124.421303,12.16659],[124.421021,12.16656],[124.419899,12.16711],[124.419197,12.1667],[124.418098,12.16687],[124.417877,12.16726],[124.417892,12.16785],[124.417938,12.16848],[124.417953,12.169],[124.418053,12.16939],[124.418159,12.16974],[124.418358,12.17005],[124.418404,12.17014],[124.418549,12.17042],[124.418854,12.17077],[124.419167,12.1711],[124.419441,12.17144],[124.419601,12.17186],[124.419807,12.17282],[124.41983,12.1729],[124.419907,12.17317],[124.419617,12.17353],[124.419502,12.17431],[124.419884,12.17495],[124.419884,12.17576],[124.420624,12.17576],[124.421188,12.17592],[124.421341,12.17707],[124.422127,12.17753],[124.423264,12.17769],[124.424767,12.17833],[124.424362,12.17985],[124.424042,12.1816],[124.424583,12.18252],[124.425507,12.183],[124.426323,12.18382],[124.426826,12.18461],[124.427017,12.18558],[124.427582,12.18606],[124.428642,12.18604],[124.431107,12.18663],[124.431908,12.18719],[124.432663,12.18735],[124.43322,12.18799],[124.433388,12.18913],[124.433601,12.19025],[124.433792,12.19105],[124.43454,12.19089],[124.435287,12.19137],[124.435509,12.1926],[124.43586,12.19379],[124.435478,12.19459],[124.436798,12.19495],[124.437393,12.19612],[124.438492,12.19701],[124.43924,12.19694],[124.439987,12.19749],[124.440559,12.19798],[124.441338,12.19923],[124.463516,12.20857],[124.474533,12.18753]]]]}},{"type":"Feature","properties":{"ID_0":177,"ISO":"PHL","NAME_0":"Philippines","ID_1":8060,"NAME_1":"Samar (Western Samar)","ID_2":806003,"NAME_2":"Calbayog City","ID_3":806003137,"NAME_3":"San Jose","NL_NAME_3":null,"VARNAME_3":null,"TYPE_3":"Barangay","ENGTYPE_3":"Village","PROVINCE":"Samar (Western Samar)","REGION":"Region VIII (Eastern Visayas)","id":"barangay-0806003137","name":"San Jose","barangayCode":"0806003137","population":null,"formattedPop":null,"densityCategory":"No data","vulnerabilityRating":"No data","healthRiskLevel":"No data","areaKm2":4.221551,"centerLat":12.114101,"centerLng":124.673726,"geometrySource":"all_barangay-2.csv detailed WKT","geometryMatchMethod":"psgc_coordinate_bridge","boundaryPointCount":32},"geometry":{"type":"MultiPolygon","coordinates":[[[[124.683052,12.12567],[124.684181,12.12391],[124.684097,12.12256],[124.684464,12.12019],[124.685127,12.11866],[124.68676,12.12033],[124.687477,12.11784],[124.685997,12.11544],[124.68644,12.11391],[124.686707,12.11261],[124.68589,12.11229],[124.685226,12.11161],[124.684708,12.11206],[124.684448,12.11173],[124.683708,12.11142],[124.683006,12.11083],[124.681953,12.11072],[124.681519,12.11094],[124.681297,12.11128],[124.680649,12.11173],[124.679863,12.11206],[124.679008,12.11193],[124.678421,12.11117],[124.67868,12.11027],[124.677948,12.10963],[124.676903,12.10874],[124.65731,12.1077],[124.657669,12.11406],[124.657143,12.11497],[124.656219,12.11519],[124.655708,12.11617],[124.683052,12.12567]]]]}},{"type":"Feature","properties":{"ID_0":177,"ISO":"PHL","NAME_0":"Philippines","ID_1":8060,"NAME_1":"Samar (Western Samar)","ID_2":806003,"NAME_2":"Calbayog City","ID_3":806003138,"NAME_3":"San Policarpo","NL_NAME_3":null,"VARNAME_3":null,"TYPE_3":"Barangay","ENGTYPE_3":"Village","PROVINCE":"Samar (Western Samar)","REGION":"Region VIII (Eastern Visayas)","id":"barangay-0806003138","name":"San Policarpo","barangayCode":"0806003138","population":null,"formattedPop":null,"densityCategory":"No data","vulnerabilityRating":"No data","healthRiskLevel":"No data","areaKm2":2.960217,"centerLat":12.07506,"centerLng":124.565685,"geometrySource":"barangays.geojson simplified fallback","geometryMatchMethod":"simplified_fallback","boundaryPointCount":5},"geometry":{"type":"Polygon","coordinates":[[[124.56144256900006,12.082785597000054],[124.57393923900008,12.082221582000045],[124.57270008500006,12.065630396000074],[124.55789221100008,12.07100143100007],[124.56144256900006,12.082785597000054]]]}},{"type":"Feature","properties":{"ID_0":177,"ISO":"PHL","NAME_0":"Philippines","ID_1":8060,"NAME_1":"Samar (Western Samar)","ID_2":806003,"NAME_2":"Calbayog City","ID_3":806003139,"NAME_3":"San Rufino","NL_NAME_3":null,"VARNAME_3":null,"TYPE_3":"Barangay","ENGTYPE_3":"Village","PROVINCE":"Samar (Western Samar)","REGION":"Region VIII (Eastern Visayas)","id":"barangay-0806003139","name":"San Rufino","barangayCode":"0806003139","population":null,"formattedPop":null,"densityCategory":"No data","vulnerabilityRating":"No data","healthRiskLevel":"No data","areaKm2":18.055884,"centerLat":12.239925,"centerLng":124.555201,"geometrySource":"all_barangay-2.csv detailed WKT","geometryMatchMethod":"psgc_coordinate_bridge","boundaryPointCount":197},"geometry":{"type":"MultiPolygon","coordinates":[[[[124.558807,12.26245],[124.560318,12.26138],[124.56131,12.26074],[124.561813,12.25904],[124.563164,12.25712],[124.562553,12.25605],[124.563042,12.25456],[124.562698,12.25296],[124.562798,12.252],[124.563789,12.252],[124.565086,12.25191],[124.566528,12.25221],[124.56778,12.25221],[124.568703,12.25142],[124.570023,12.25072],[124.569771,12.24923],[124.57061,12.24818],[124.572006,12.24816],[124.571518,12.24731],[124.572273,12.24582],[124.571274,12.24475],[124.570267,12.24454],[124.569847,12.24301],[124.57077,12.24134],[124.570267,12.23985],[124.570351,12.23793],[124.570267,12.23601],[124.569267,12.23473],[124.568283,12.23388],[124.567543,12.23324],[124.568024,12.2326],[124.569344,12.23169],[124.571114,12.23122],[124.571709,12.23011],[124.571793,12.2297],[124.572746,12.22957],[124.573311,12.22957],[124.573952,12.22916],[124.573792,12.2282],[124.57399,12.22758],[124.574593,12.22697],[124.574989,12.2256],[124.574989,12.22416],[124.575302,12.223],[124.576553,12.22129],[124.57708,12.22065],[124.577721,12.22017],[124.578362,12.2199],[124.579002,12.21914],[124.578506,12.21828],[124.578346,12.21777],[124.577789,12.21757],[124.577553,12.21723],[124.577553,12.21682],[124.578087,12.21671],[124.57827,12.21627],[124.577789,12.216],[124.576988,12.21614],[124.576027,12.21661],[124.575272,12.21646],[124.574753,12.21655],[124.574501,12.216],[124.574257,12.21573],[124.573708,12.21566],[124.573547,12.216],[124.573463,12.21641],[124.573067,12.21628],[124.572273,12.21587],[124.571762,12.21578],[124.571381,12.21628],[124.5709,12.21607],[124.570824,12.21553],[124.57106,12.21478],[124.570503,12.2141],[124.570236,12.21354],[124.570183,12.213],[124.570183,12.21259],[124.570824,12.21252],[124.571136,12.21225],[124.571243,12.21179],[124.571373,12.21143],[124.571373,12.21075],[124.570892,12.21027],[124.570824,12.20982],[124.563858,12.20912],[124.550781,12.22608],[124.550751,12.22696],[124.550301,12.22722],[124.54969,12.22761],[124.54908,12.22748],[124.54818,12.22761],[124.547707,12.22814],[124.547722,12.22878],[124.548332,12.22917],[124.548782,12.22982],[124.54863,12.231],[124.547722,12.23125],[124.546959,12.23074],[124.546371,12.23098],[124.546188,12.23216],[124.545578,12.23216],[124.54512,12.23125],[124.544983,12.2306],[124.543602,12.23047],[124.542847,12.23001],[124.542068,12.22956],[124.541924,12.2306],[124.542221,12.23125],[124.541313,12.23125],[124.54055,12.23073],[124.539787,12.23034],[124.539177,12.23099],[124.539436,12.23146],[124.539177,12.23242],[124.538254,12.23266],[124.537354,12.23242],[124.537354,12.23164],[124.536743,12.23099],[124.535988,12.23164],[124.537048,12.23333],[124.537567,12.23419],[124.537659,12.23464],[124.537804,12.23555],[124.537666,12.23633],[124.538567,12.23672],[124.539169,12.23763],[124.538872,12.2388],[124.539177,12.23985],[124.540092,12.23998],[124.540604,12.24052],[124.540398,12.24115],[124.539482,12.2418],[124.538551,12.24229],[124.537354,12.24233],[124.536903,12.24259],[124.536903,12.24324],[124.536797,12.24366],[124.53614,12.24428],[124.53553,12.24402],[124.53492,12.24363],[124.534317,12.24324],[124.533401,12.24326],[124.53289,12.24354],[124.532516,12.24467],[124.532631,12.24546],[124.532516,12.24623],[124.532059,12.24688],[124.532654,12.24704],[124.53344,12.24714],[124.534203,12.24649],[124.534477,12.24679],[124.534958,12.24802],[124.534302,12.25034],[124.533897,12.25185],[124.534363,12.2525],[124.535141,12.25247],[124.535622,12.25438],[124.535004,12.25495],[124.534187,12.25566],[124.533432,12.25475],[124.532372,12.25436],[124.531662,12.25443],[124.530838,12.25501],[124.530243,12.25566],[124.52993,12.25618],[124.529694,12.25705],[124.530388,12.25775],[124.530693,12.2584],[124.53054,12.25918],[124.530243,12.2597],[124.530853,12.26035],[124.531471,12.26119],[124.531601,12.26166],[124.532509,12.26218],[124.533119,12.26166],[124.534233,12.26149],[124.535271,12.26193],[124.535561,12.26283],[124.535118,12.2634],[124.535698,12.26373],[124.535713,12.26454],[124.536469,12.26493],[124.537231,12.26467],[124.537659,12.26427],[124.539268,12.26441],[124.539917,12.26565],[124.541039,12.26558],[124.540733,12.26636],[124.540428,12.26701],[124.541031,12.26738],[124.541496,12.26781],[124.541801,12.26781],[124.542877,12.2682],[124.543777,12.26872],[124.543533,12.26954],[124.552353,12.26425],[124.558807,12.26245]]]]}},{"type":"Feature","properties":{"ID_0":177,"ISO":"PHL","NAME_0":"Philippines","ID_1":8060,"NAME_1":"Samar (Western Samar)","ID_2":806003,"NAME_2":"Calbayog City","ID_3":806003140,"NAME_3":"Saputan","NL_NAME_3":null,"VARNAME_3":null,"TYPE_3":"Barangay","ENGTYPE_3":"Village","PROVINCE":"Samar (Western Samar)","REGION":"Region VIII (Eastern Visayas)","id":"barangay-0806003140","name":"Saputan","barangayCode":"0806003140","population":null,"formattedPop":null,"densityCategory":"No data","vulnerabilityRating":"No data","healthRiskLevel":"No data","areaKm2":1.73495,"centerLat":12.124386,"centerLng":124.620056,"geometrySource":"all_barangay-2.csv detailed WKT","geometryMatchMethod":"psgc_coordinate_bridge","boundaryPointCount":9},"geometry":{"type":"MultiPolygon","coordinates":[[[[124.624702,12.13178],[124.624062,12.11873],[124.618767,12.11829],[124.609879,12.12696],[124.611526,12.12959],[124.614128,12.13085],[124.618217,12.1317],[124.622124,12.13188],[124.624702,12.13178]]]]}},{"type":"Feature","properties":{"ID_0":177,"ISO":"PHL","NAME_0":"Philippines","ID_1":8060,"NAME_1":"Samar (Western Samar)","ID_2":806003,"NAME_2":"Calbayog City","ID_3":806003141,"NAME_3":"Sigo","NL_NAME_3":null,"VARNAME_3":null,"TYPE_3":"Barangay","ENGTYPE_3":"Village","PROVINCE":"Samar (Western Samar)","REGION":"Region VIII (Eastern Visayas)","id":"barangay-0806003141","name":"Sigo","barangayCode":"0806003141","population":null,"formattedPop":null,"densityCategory":"No data","vulnerabilityRating":"No data","healthRiskLevel":"No data","areaKm2":11.308303,"centerLat":12.22825,"centerLng":124.522732,"geometrySource":"all_barangay-2.csv detailed WKT","geometryMatchMethod":"psgc_coordinate_bridge","boundaryPointCount":92},"geometry":{"type":"MultiPolygon","coordinates":[[[[124.497368,12.23607],[124.514816,12.23995],[124.53289,12.24354],[124.533401,12.24326],[124.534317,12.24324],[124.53492,12.24363],[124.53553,12.24402],[124.53614,12.24428],[124.536797,12.24366],[124.536903,12.24324],[124.536903,12.24259],[124.537354,12.24233],[124.538551,12.24229],[124.539482,12.2418],[124.540398,12.24115],[124.540604,12.24052],[124.540092,12.23998],[124.539177,12.23985],[124.538872,12.2388],[124.539169,12.23763],[124.538567,12.23672],[124.537666,12.23633],[124.537804,12.23555],[124.537659,12.23464],[124.537567,12.23419],[124.537048,12.23333],[124.535988,12.23164],[124.536743,12.23099],[124.537354,12.23164],[124.537354,12.23242],[124.538254,12.23266],[124.539177,12.23242],[124.539436,12.23146],[124.539177,12.23099],[124.539787,12.23034],[124.54055,12.23073],[124.541313,12.23125],[124.542221,12.23125],[124.541924,12.2306],[124.542068,12.22956],[124.542847,12.23001],[124.543602,12.23047],[124.544983,12.2306],[124.54512,12.23125],[124.545578,12.23216],[124.546188,12.23216],[124.546371,12.23098],[124.546959,12.23074],[124.547722,12.23125],[124.54863,12.231],[124.548782,12.22982],[124.548332,12.22917],[124.547722,12.22878],[124.547707,12.22814],[124.54818,12.22761],[124.54908,12.22748],[124.54969,12.22761],[124.550301,12.22722],[124.550751,12.22696],[124.550781,12.22608],[124.550194,12.22479],[124.548279,12.22374],[124.546013,12.2218],[124.542969,12.22145],[124.502388,12.21774],[124.502319,12.21857],[124.502823,12.21943],[124.502487,12.22028],[124.50148,12.22043],[124.500557,12.21965],[124.499802,12.21927],[124.498962,12.21984],[124.49913,12.2207],[124.498627,12.22128],[124.498962,12.22185],[124.498787,12.22285],[124.497917,12.22324],[124.497452,12.22399],[124.497452,12.22514],[124.497787,12.22628],[124.498093,12.22739],[124.498451,12.22886],[124.498123,12.23015],[124.498329,12.23143],[124.499298,12.23244],[124.499969,12.23316],[124.501648,12.2343],[124.500679,12.2348],[124.499634,12.2353],[124.498627,12.2353],[124.497437,12.23516],[124.497368,12.23607]]]]}},{"type":"Feature","properties":{"ID_0":177,"ISO":"PHL","NAME_0":"Philippines","ID_1":8060,"NAME_1":"Samar (Western Samar)","ID_2":806003,"NAME_2":"Calbayog City","ID_3":806003142,"NAME_3":"Sinantan","NL_NAME_3":null,"VARNAME_3":null,"TYPE_3":"Barangay","ENGTYPE_3":"Village","PROVINCE":"Samar (Western Samar)","REGION":"Region VIII (Eastern Visayas)","id":"barangay-0806003142","name":"Sinantan","barangayCode":"0806003142","population":null,"formattedPop":null,"densityCategory":"No data","vulnerabilityRating":"No data","healthRiskLevel":"No data","areaKm2":5.718148,"centerLat":12.151036,"centerLng":124.649006,"geometrySource":"all_barangay-2.csv detailed WKT","geometryMatchMethod":"psgc_coordinate_bridge","boundaryPointCount":21},"geometry":{"type":"MultiPolygon","coordinates":[[[[124.664032,12.16008],[124.654587,12.1488],[124.642227,12.13685],[124.64193,12.13754],[124.641403,12.13788],[124.641006,12.13709],[124.640358,12.13675],[124.639999,12.13767],[124.637627,12.13702],[124.637108,12.13641],[124.636848,12.13688],[124.636192,12.13823],[124.635674,12.13914],[124.635406,12.14004],[124.634506,12.14059],[124.633186,12.1406],[124.632507,12.14095],[124.632278,12.14174],[124.631882,12.14225],[124.647377,12.16461],[124.664032,12.16008]]]]}},{"type":"Feature","properties":{"ID_0":177,"ISO":"PHL","NAME_0":"Philippines","ID_1":8060,"NAME_1":"Samar (Western Samar)","ID_2":806003,"NAME_2":"Calbayog City","ID_3":806003143,"NAME_3":"Sinidman Occidental","NL_NAME_3":null,"VARNAME_3":null,"TYPE_3":"Barangay","ENGTYPE_3":"Village","PROVINCE":"Samar (Western Samar)","REGION":"Region VIII (Eastern Visayas)","id":"barangay-0806003143","name":"Sinidman Occidental","barangayCode":"0806003143","population":null,"formattedPop":null,"densityCategory":"No data","vulnerabilityRating":"No data","healthRiskLevel":"No data","areaKm2":1.835473,"centerLat":12.1521,"centerLng":124.564519,"geometrySource":"all_barangay-2.csv detailed WKT","geometryMatchMethod":"psgc_coordinate_bridge","boundaryPointCount":32},"geometry":{"type":"MultiPolygon","coordinates":[[[[124.57058,12.1566],[124.569023,12.15166],[124.564774,12.14355],[124.559669,12.14829],[124.561028,12.15098],[124.560303,12.15251],[124.559441,12.15229],[124.558609,12.15444],[124.557938,12.1558],[124.557449,12.15767],[124.557388,12.15801],[124.5569,12.15894],[124.556664,12.16007],[124.556793,12.16069],[124.556824,12.16156],[124.557022,12.16266],[124.557808,12.16262],[124.558113,12.16193],[124.558357,12.16131],[124.558701,12.1608],[124.559334,12.16051],[124.559578,12.15989],[124.560181,12.15958],[124.560913,12.15979],[124.561394,12.15948],[124.561867,12.15907],[124.562279,12.15823],[124.564171,12.15798],[124.565498,12.15869],[124.566307,12.1593],[124.568779,12.15915],[124.57058,12.1566]]]]}},{"type":"Feature","properties":{"ID_0":177,"ISO":"PHL","NAME_0":"Philippines","ID_1":8060,"NAME_1":"Samar (Western Samar)","ID_2":806003,"NAME_2":"Calbayog City","ID_3":806003144,"NAME_3":"Sinidman Oriental","NL_NAME_3":null,"VARNAME_3":null,"TYPE_3":"Barangay","ENGTYPE_3":"Village","PROVINCE":"Samar (Western Samar)","REGION":"Region VIII (Eastern Visayas)","id":"barangay-0806003144","name":"Sinidman Oriental","barangayCode":"0806003144","population":null,"formattedPop":null,"densityCategory":"No data","vulnerabilityRating":"No data","healthRiskLevel":"No data","areaKm2":1.909873,"centerLat":12.145752,"centerLng":124.574064,"geometrySource":"all_barangay-2.csv detailed WKT","geometryMatchMethod":"psgc_coordinate_bridge","boundaryPointCount":9},"geometry":{"type":"MultiPolygon","coordinates":[[[[124.57058,12.1566],[124.576149,12.15275],[124.582687,12.149],[124.576843,12.14435],[124.571404,12.13794],[124.568733,12.13972],[124.564774,12.14355],[124.569023,12.15166],[124.57058,12.1566]]]]}},{"type":"Feature","properties":{"ID_0":177,"ISO":"PHL","NAME_0":"Philippines","ID_1":8060,"NAME_1":"Samar (Western Samar)","ID_2":806003,"NAME_2":"Calbayog City","ID_3":806003145,"NAME_3":"Tabawan","NL_NAME_3":null,"VARNAME_3":null,"TYPE_3":"Barangay","ENGTYPE_3":"Village","PROVINCE":"Samar (Western Samar)","REGION":"Region VIII (Eastern Visayas)","id":"barangay-0806003145","name":"Tabawan","barangayCode":"0806003145","population":null,"formattedPop":null,"densityCategory":"No data","vulnerabilityRating":"No data","healthRiskLevel":"No data","areaKm2":1.400007,"centerLat":12.114969,"centerLng":124.633601,"geometrySource":"all_barangay-2.csv detailed WKT","geometryMatchMethod":"psgc_coordinate_bridge","boundaryPointCount":11},"geometry":{"type":"MultiPolygon","coordinates":[[[[124.624062,12.11873],[124.631363,12.11903],[124.635658,12.11931],[124.641403,12.11884],[124.642342,12.11827],[124.643646,12.11737],[124.64431,12.11613],[124.64502,12.11513],[124.62661,12.11244],[124.618767,12.11829],[124.624062,12.11873]]]]}},{"type":"Feature","properties":{"ID_0":177,"ISO":"PHL","NAME_0":"Philippines","ID_1":8060,"NAME_1":"Samar (Western Samar)","ID_2":806003,"NAME_2":"Calbayog City","ID_3":806003146,"NAME_3":"Talahiban","NL_NAME_3":null,"VARNAME_3":null,"TYPE_3":"Barangay","ENGTYPE_3":"Village","PROVINCE":"Samar (Western Samar)","REGION":"Region VIII (Eastern Visayas)","id":"barangay-0806003146","name":"Talahiban","barangayCode":"0806003146","population":null,"formattedPop":null,"densityCategory":"No data","vulnerabilityRating":"No data","healthRiskLevel":"No data","areaKm2":1.908852,"centerLat":12.224867,"centerLng":124.598445,"geometrySource":"all_barangay-2.csv detailed WKT","geometryMatchMethod":"psgc_coordinate_bridge","boundaryPointCount":40},"geometry":{"type":"MultiPolygon","coordinates":[[[[124.588387,12.2284],[124.589233,12.23016],[124.590988,12.22956],[124.592659,12.23033],[124.593964,12.22993],[124.59552,12.23014],[124.596458,12.23121],[124.598457,12.23146],[124.599693,12.23229],[124.60144,12.23485],[124.602867,12.23744],[124.603867,12.22022],[124.589493,12.22052],[124.58902,12.22102],[124.589088,12.22156],[124.589439,12.22198],[124.5895,12.22248],[124.589088,12.22288],[124.588882,12.22294],[124.588669,12.22318],[124.588387,12.22354],[124.588112,12.22342],[124.587196,12.22342],[124.586349,12.22358],[124.585274,12.22387],[124.58503,12.22426],[124.585663,12.22438],[124.586014,12.22462],[124.585663,12.22486],[124.585663,12.22516],[124.585869,12.22552],[124.58625,12.22555],[124.586433,12.226],[124.587067,12.22642],[124.587601,12.22637],[124.588577,12.22655],[124.589142,12.22667],[124.588791,12.22751],[124.588158,12.22787],[124.588387,12.2284]]]]}},{"type":"Feature","properties":{"ID_0":177,"ISO":"PHL","NAME_0":"Philippines","ID_1":8060,"NAME_1":"Samar (Western Samar)","ID_2":806003,"NAME_2":"Calbayog City","ID_3":806003147,"NAME_3":"Tapae","NL_NAME_3":null,"VARNAME_3":null,"TYPE_3":"Barangay","ENGTYPE_3":"Village","PROVINCE":"Samar (Western Samar)","REGION":"Region VIII (Eastern Visayas)","id":"barangay-0806003147","name":"Tapae","barangayCode":"0806003147","population":null,"formattedPop":null,"densityCategory":"No data","vulnerabilityRating":"No data","healthRiskLevel":"No data","areaKm2":2.836803,"centerLat":12.097616,"centerLng":124.650591,"geometrySource":"barangays.geojson simplified fallback","geometryMatchMethod":"simplified_fallback","boundaryPointCount":5},"geometry":{"type":"Polygon","coordinates":[[[124.65894611500005,12.090182607000031],[124.6395601800001,12.095279356000049],[124.63987221000002,12.10130094300007],[124.65871720000007,12.106350502000055],[124.65894611500005,12.090182607000031]]]}},{"type":"Feature","properties":{"ID_0":177,"ISO":"PHL","NAME_0":"Philippines","ID_1":8060,"NAME_1":"Samar (Western Samar)","ID_2":806003,"NAME_2":"Calbayog City","ID_3":806003148,"NAME_3":"Tarabucan","NL_NAME_3":null,"VARNAME_3":null,"TYPE_3":"Barangay","ENGTYPE_3":"Village","PROVINCE":"Samar (Western Samar)","REGION":"Region VIII (Eastern Visayas)","id":"barangay-0806003148","name":"Tarabucan","barangayCode":"0806003148","population":null,"formattedPop":null,"densityCategory":"No data","vulnerabilityRating":"No data","healthRiskLevel":"No data","areaKm2":3.48528,"centerLat":12.226771,"centerLng":124.580572,"geometrySource":"all_barangay-2.csv detailed WKT","geometryMatchMethod":"psgc_coordinate_bridge","boundaryPointCount":93},"geometry":{"type":"MultiPolygon","coordinates":[[[[124.570351,12.23793],[124.571083,12.23789],[124.571716,12.23789],[124.572479,12.23813],[124.57354,12.23843],[124.574577,12.23795],[124.574722,12.23753],[124.574997,12.23741],[124.574997,12.23681],[124.575706,12.23699],[124.575989,12.23711],[124.57653,12.23699],[124.577179,12.23681],[124.577667,12.23681],[124.57795,12.23711],[124.578232,12.23747],[124.578934,12.23759],[124.579422,12.23687],[124.579842,12.23687],[124.580612,12.23699],[124.581238,12.23759],[124.58194,12.23747],[124.582642,12.23747],[124.582779,12.23717],[124.582222,12.23627],[124.581734,12.23573],[124.58194,12.23513],[124.582497,12.23459],[124.582077,12.23351],[124.582993,12.23327],[124.5839,12.23291],[124.584106,12.23275],[124.585007,12.2316],[124.585289,12.23052],[124.585587,12.22977],[124.586273,12.22998],[124.586479,12.22998],[124.587143,12.22976],[124.587387,12.22944],[124.588303,12.22908],[124.588387,12.2284],[124.588158,12.22787],[124.588791,12.22751],[124.589142,12.22667],[124.588577,12.22655],[124.587601,12.22637],[124.587067,12.22642],[124.586433,12.226],[124.58625,12.22555],[124.585869,12.22552],[124.585663,12.22516],[124.585663,12.22486],[124.586014,12.22462],[124.585663,12.22438],[124.58503,12.22426],[124.585274,12.22387],[124.586349,12.22358],[124.587196,12.22342],[124.588112,12.22342],[124.588387,12.22354],[124.588669,12.22318],[124.588882,12.22294],[124.589088,12.22288],[124.5895,12.22248],[124.589439,12.22198],[124.589088,12.22156],[124.58902,12.22102],[124.589493,12.22052],[124.578506,12.21828],[124.579002,12.21914],[124.578362,12.2199],[124.577721,12.22017],[124.57708,12.22065],[124.576553,12.22129],[124.575302,12.223],[124.574989,12.22416],[124.574989,12.2256],[124.574593,12.22697],[124.57399,12.22758],[124.573792,12.2282],[124.573952,12.22916],[124.573311,12.22957],[124.572746,12.22957],[124.571793,12.2297],[124.571709,12.23011],[124.571114,12.23122],[124.569344,12.23169],[124.568024,12.2326],[124.567543,12.23324],[124.568283,12.23388],[124.569267,12.23473],[124.570267,12.23601],[124.570351,12.23793]]]]}},{"type":"Feature","properties":{"ID_0":177,"ISO":"PHL","NAME_0":"Philippines","ID_1":8060,"NAME_1":"Samar (Western Samar)","ID_2":806003,"NAME_2":"Calbayog City","ID_3":806003149,"NAME_3":"Tigbe","NL_NAME_3":null,"VARNAME_3":null,"TYPE_3":"Barangay","ENGTYPE_3":"Village","PROVINCE":"Samar (Western Samar)","REGION":"Region VIII (Eastern Visayas)","id":"barangay-0806003149","name":"Tigbe","barangayCode":"0806003149","population":null,"formattedPop":null,"densityCategory":"No data","vulnerabilityRating":"No data","healthRiskLevel":"No data","areaKm2":6.3162,"centerLat":12.208684,"centerLng":124.702199,"geometrySource":"all_barangay-2.csv detailed WKT","geometryMatchMethod":"psgc_coordinate_bridge","boundaryPointCount":63},"geometry":{"type":"MultiPolygon","coordinates":[[[[124.70668,12.22209],[124.7118,12.21631],[124.722031,12.20402],[124.722023,12.2034],[124.720993,12.20329],[124.720421,12.20328],[124.719704,12.20359],[124.718582,12.20304],[124.717987,12.20307],[124.717751,12.20369],[124.717751,12.20421],[124.717087,12.20428],[124.716293,12.20442],[124.715446,12.20442],[124.715553,12.20379],[124.713867,12.2028],[124.713127,12.20265],[124.712288,12.20265],[124.711639,12.20315],[124.711197,12.20348],[124.710472,12.20369],[124.709747,12.20359],[124.709259,12.20317],[124.709503,12.20286],[124.709793,12.2021],[124.709129,12.20161],[124.708397,12.20161],[124.70768,12.2013],[124.707092,12.2015],[124.706108,12.20161],[124.705948,12.20208],[124.705383,12.20245],[124.704887,12.20286],[124.704407,12.20213],[124.703934,12.20213],[124.703682,12.20172],[124.702744,12.20145],[124.702217,12.20161],[124.702103,12.20224],[124.701622,12.20255],[124.701378,12.20182],[124.701378,12.2013],[124.700897,12.20109],[124.700783,12.20203],[124.700409,12.20224],[124.699928,12.20182],[124.699493,12.20149],[124.697952,12.20193],[124.696411,12.20237],[124.695107,12.202],[124.694221,12.20161],[124.693092,12.20112],[124.692528,12.2013],[124.691437,12.20172],[124.691071,12.20203],[124.690468,12.20193],[124.68998,12.20182],[124.689377,12.20151],[124.688293,12.2014],[124.687592,12.20173],[124.681503,12.21404],[124.693741,12.21765],[124.70668,12.22209]]]]}},{"type":"Feature","properties":{"ID_0":177,"ISO":"PHL","NAME_0":"Philippines","ID_1":8060,"NAME_1":"Samar (Western Samar)","ID_2":806003,"NAME_2":"Calbayog City","ID_3":806003152,"NAME_3":"Tinaplacan","NL_NAME_3":null,"VARNAME_3":null,"TYPE_3":"Barangay","ENGTYPE_3":"Village","PROVINCE":"Samar (Western Samar)","REGION":"Region VIII (Eastern Visayas)","id":"barangay-0806003152","name":"Tinaplacan","barangayCode":"0806003152","population":null,"formattedPop":null,"densityCategory":"No data","vulnerabilityRating":"No data","healthRiskLevel":"No data","areaKm2":6.980665,"centerLat":12.254994,"centerLng":124.400346,"geometrySource":"all_barangay-2.csv detailed WKT","geometryMatchMethod":"psgc_coordinate_bridge","boundaryPointCount":69},"geometry":{"type":"MultiPolygon","coordinates":[[[[124.432114,12.27319],[124.43853,12.26032],[124.423714,12.25739],[124.422791,12.25729],[124.42205,12.25749],[124.421623,12.25778],[124.421204,12.25798],[124.420624,12.25783],[124.419998,12.25783],[124.419441,12.25809],[124.418518,12.25793],[124.417831,12.25759],[124.417488,12.25729],[124.417007,12.25733],[124.416519,12.25759],[124.416061,12.25803],[124.415154,12.25827],[124.414726,12.25838],[124.414177,12.25871],[124.413383,12.25837],[124.412933,12.25793],[124.412537,12.25756],[124.411827,12.25734],[124.411148,12.25749],[124.41037,12.25714],[124.409592,12.25591],[124.40921,12.25543],[124.408409,12.25489],[124.40744,12.25489],[124.406883,12.2549],[124.40596,12.25466],[124.371338,12.24422],[124.370239,12.24533],[124.370163,12.24602],[124.369873,12.24739],[124.369453,12.24861],[124.369202,12.2491],[124.369186,12.24917],[124.368958,12.24938],[124.368889,12.24972],[124.368889,12.25],[124.368332,12.25097],[124.368057,12.25139],[124.366943,12.2525],[124.366943,12.25306],[124.366814,12.25333],[124.366661,12.25368],[124.366737,12.25444],[124.366669,12.25472],[124.366669,12.25567],[124.366669,12.25583],[124.366386,12.25611],[124.366386,12.25639],[124.366112,12.25667],[124.366043,12.25694],[124.365448,12.25798],[124.364883,12.25787],[124.364441,12.25778],[124.363777,12.25748],[124.363327,12.258],[124.363052,12.25876],[124.363052,12.25917],[124.363052,12.25944],[124.362991,12.26048],[124.363426,12.26122],[124.363358,12.26239],[124.363197,12.26301],[124.363541,12.26282],[124.432114,12.27319]]]]}},{"type":"Feature","properties":{"ID_0":177,"ISO":"PHL","NAME_0":"Philippines","ID_1":8060,"NAME_1":"Samar (Western Samar)","ID_2":806003,"NAME_2":"Calbayog City","ID_3":806003153,"NAME_3":"Tomaliguez","NL_NAME_3":null,"VARNAME_3":null,"TYPE_3":"Barangay","ENGTYPE_3":"Village","PROVINCE":"Samar (Western Samar)","REGION":"Region VIII (Eastern Visayas)","id":"barangay-0806003153","name":"Tomaliguez","barangayCode":"0806003153","population":null,"formattedPop":null,"densityCategory":"No data","vulnerabilityRating":"No data","healthRiskLevel":"No data","areaKm2":3.272468,"centerLat":12.074166,"centerLng":124.53082,"geometrySource":"all_barangay-2.csv detailed WKT","geometryMatchMethod":"psgc_coordinate_bridge","boundaryPointCount":126},"geometry":{"type":"MultiPolygon","coordinates":[[[[124.537712,12.0771],[124.536888,12.07542],[124.536667,12.07255],[124.536583,12.07152],[124.536583,12.07145],[124.536507,12.07071],[124.536186,12.07061],[124.536034,12.07043],[124.536018,12.07019],[124.536118,12.06989],[124.536201,12.06966],[124.536247,12.06951],[124.5364,12.06908],[124.536812,12.06869],[124.536957,12.06799],[124.537117,12.06722],[124.536774,12.06631],[124.536377,12.06592],[124.536133,12.06545],[124.535896,12.06508],[124.535683,12.06477],[124.535454,12.0645],[124.535202,12.06422],[124.534897,12.06391],[124.534569,12.06355],[124.534523,12.0635],[124.534233,12.06314],[124.533813,12.06281],[124.533363,12.06254],[124.53289,12.06234],[124.532463,12.06216],[124.532066,12.06194],[124.531662,12.06171],[124.531181,12.0616],[124.530701,12.06154],[124.530197,12.06188],[124.529716,12.06219],[124.529419,12.06234],[124.529221,12.06243],[124.528717,12.06263],[124.528297,12.06287],[124.527847,12.06308],[124.527458,12.0634],[124.527122,12.06384],[124.526733,12.06429],[124.526413,12.06483],[124.526123,12.06541],[124.525841,12.066],[124.525848,12.06679],[124.525833,12.06722],[124.525436,12.06771],[124.52523,12.06815],[124.525009,12.06859],[124.524872,12.06909],[124.524597,12.06957],[124.524391,12.07026],[124.524139,12.07052],[124.523956,12.07098],[124.523613,12.07164],[124.523407,12.0722],[124.523338,12.07282],[124.523064,12.07329],[124.523003,12.0738],[124.522797,12.07422],[124.522614,12.07461],[124.522438,12.07492],[124.522217,12.07513],[124.521942,12.0753],[124.521629,12.0755],[124.521301,12.07566],[124.521263,12.075708],[124.520264,12.07704],[124.520569,12.07761],[124.520653,12.07797],[124.520714,12.07829],[124.520897,12.07895],[124.520897,12.07967],[124.52095,12.08],[124.521187,12.08068],[124.521187,12.08125],[124.521133,12.08181],[124.521187,12.08193],[124.521278,12.08213],[124.521469,12.08241],[124.521751,12.0827],[124.522324,12.08282],[124.522507,12.08282],[124.523033,12.08266],[124.523453,12.08254],[124.523552,12.08229],[124.523643,12.08209],[124.523827,12.08197],[124.523933,12.08189],[124.524452,12.08236],[124.524689,12.08288],[124.524689,12.08352],[124.524834,12.08397],[124.525063,12.08409],[124.52549,12.08393],[124.525871,12.0839],[124.526413,12.08413],[124.526413,12.08453],[124.526543,12.08465],[124.526817,12.08477],[124.526962,12.08483],[124.527107,12.08489],[124.527489,12.08489],[124.527687,12.08492],[124.527817,12.08493],[124.527908,12.08517],[124.528099,12.08533],[124.528473,12.08527],[124.529137,12.08561],[124.529198,12.08608],[124.529243,12.08638],[124.529388,12.08647],[124.529518,12.08654],[124.529953,12.08703],[124.530273,12.08711],[124.530563,12.08711],[124.531219,12.08711],[124.531601,12.08749],[124.534157,12.08554],[124.536179,12.08247],[124.537514,12.07856],[124.537712,12.0771]]]]}},{"type":"Feature","properties":{"ID_0":177,"ISO":"PHL","NAME_0":"Philippines","ID_1":8060,"NAME_1":"Samar (Western Samar)","ID_2":806003,"NAME_2":"Calbayog City","ID_3":806003154,"NAME_3":"Trinidad","NL_NAME_3":null,"VARNAME_3":null,"TYPE_3":"Barangay","ENGTYPE_3":"Village","PROVINCE":"Samar (Western Samar)","REGION":"Region VIII (Eastern Visayas)","id":"barangay-0806003154","name":"Trinidad","barangayCode":"0806003154","population":null,"formattedPop":null,"densityCategory":"No data","vulnerabilityRating":"No data","healthRiskLevel":"No data","areaKm2":2.917651,"centerLat":12.073359,"centerLng":124.548904,"geometrySource":"all_barangay-2.csv detailed WKT","geometryMatchMethod":"psgc_coordinate_bridge","boundaryPointCount":50},"geometry":{"type":"MultiPolygon","coordinates":[[[[124.555054,12.08149],[124.555023,12.07935],[124.555168,12.07858],[124.555428,12.07805],[124.556259,12.07753],[124.556236,12.07733],[124.556213,12.077],[124.556923,12.07655],[124.556976,12.07645],[124.557266,12.076],[124.557533,12.07558],[124.557358,12.07498],[124.557083,12.07448],[124.556831,12.07408],[124.556396,12.07355],[124.556442,12.07323],[124.55648,12.07291],[124.556488,12.07235],[124.556847,12.0723],[124.557007,12.07228],[124.557709,12.07265],[124.557877,12.07262],[124.558258,12.07255],[124.558662,12.07168],[124.558746,12.071],[124.559189,12.07123],[124.559357,12.07115],[124.559273,12.07063],[124.559273,12.07018],[124.559723,12.07033],[124.560013,12.07012],[124.560043,12.0701],[124.560341,12.06987],[124.560249,12.06916],[124.560242,12.06909],[124.56015,12.06841],[124.53698,12.0702],[124.536942,12.07028],[124.536797,12.07056],[124.536797,12.07071],[124.536507,12.07071],[124.536583,12.07145],[124.536583,12.07152],[124.536667,12.07255],[124.536888,12.07542],[124.537712,12.0771],[124.541199,12.07987],[124.544601,12.0814],[124.546227,12.08223],[124.555054,12.08149]]]]}},{"type":"Feature","properties":{"ID_0":177,"ISO":"PHL","NAME_0":"Philippines","ID_1":8060,"NAME_1":"Samar (Western Samar)","ID_2":806003,"NAME_2":"Calbayog City","ID_3":806003155,"NAME_3":"Victory","NL_NAME_3":null,"VARNAME_3":null,"TYPE_3":"Barangay","ENGTYPE_3":"Village","PROVINCE":"Samar (Western Samar)","REGION":"Region VIII (Eastern Visayas)","id":"barangay-0806003155","name":"Victory","barangayCode":"0806003155","population":null,"formattedPop":null,"densityCategory":"No data","vulnerabilityRating":"No data","healthRiskLevel":"No data","areaKm2":4.616174,"centerLat":12.105839,"centerLng":124.641786,"geometrySource":"all_barangay-2.csv detailed WKT","geometryMatchMethod":"psgc_coordinate_bridge","boundaryPointCount":15},"geometry":{"type":"MultiPolygon","coordinates":[[[[124.655708,12.11617],[124.656219,12.11519],[124.657143,12.11497],[124.657669,12.11406],[124.65731,12.1077],[124.638474,12.10265],[124.638153,12.09663],[124.631737,12.09165],[124.631729,12.09146],[124.631508,12.09129],[124.631119,12.0912],[124.628967,12.10172],[124.62661,12.11244],[124.64502,12.11513],[124.655708,12.11617]]]]}},{"type":"Feature","properties":{"ID_0":177,"ISO":"PHL","NAME_0":"Philippines","ID_1":8060,"NAME_1":"Samar (Western Samar)","ID_2":806003,"NAME_2":"Calbayog City","ID_3":806003156,"NAME_3":"Villahermosa","NL_NAME_3":null,"VARNAME_3":null,"TYPE_3":"Barangay","ENGTYPE_3":"Village","PROVINCE":"Samar (Western Samar)","REGION":"Region VIII (Eastern Visayas)","id":"barangay-0806003156","name":"Villahermosa","barangayCode":"0806003156","population":null,"formattedPop":null,"densityCategory":"No data","vulnerabilityRating":"No data","healthRiskLevel":"No data","areaKm2":6.189848,"centerLat":12.145332,"centerLng":124.66262,"geometrySource":"all_barangay-2.csv detailed WKT","geometryMatchMethod":"psgc_coordinate_bridge","boundaryPointCount":57},"geometry":{"type":"MultiPolygon","coordinates":[[[[124.672836,12.16389],[124.673576,12.16417],[124.673683,12.16319],[124.673576,12.16222],[124.673683,12.16101],[124.673714,12.16061],[124.67392,12.16008],[124.674538,12.15981],[124.675102,12.15965],[124.675682,12.15919],[124.6763,12.15866],[124.677116,12.15874],[124.677673,12.15844],[124.677742,12.15741],[124.678261,12.15688],[124.678741,12.15641],[124.679428,12.15618],[124.67514,12.15048],[124.67289,12.14836],[124.670914,12.14545],[124.668503,12.14491],[124.667862,12.14407],[124.666367,12.14409],[124.66481,12.14264],[124.664047,12.14039],[124.654823,12.13004],[124.654213,12.13065],[124.65329,12.13099],[124.65329,12.13155],[124.653954,12.13189],[124.653816,12.13276],[124.653023,12.13325],[124.652634,12.13302],[124.651581,12.13307],[124.650909,12.13302],[124.650383,12.1337],[124.65065,12.13483],[124.649948,12.13506],[124.649048,12.13528],[124.648399,12.13573],[124.647942,12.13514],[124.64695,12.13471],[124.645981,12.13438],[124.645218,12.1346],[124.644043,12.13494],[124.643929,12.13587],[124.643372,12.13607],[124.642464,12.13607],[124.642227,12.13685],[124.654587,12.1488],[124.664032,12.16008],[124.665466,12.16114],[124.667557,12.16303],[124.669693,12.16498],[124.670547,12.1643],[124.671982,12.16418],[124.672836,12.16389]]]]}},{"type":"Feature","properties":{"ID_0":177,"ISO":"PHL","NAME_0":"Philippines","ID_1":8060,"NAME_1":"Samar (Western Samar)","ID_2":806003,"NAME_2":"Calbayog City","ID_3":806003158,"NAME_3":"Awang East","NL_NAME_3":null,"VARNAME_3":null,"TYPE_3":"Barangay","ENGTYPE_3":"Village","PROVINCE":"Samar (Western Samar)","REGION":"Region VIII (Eastern Visayas)","id":"barangay-0806003158","name":"Awang East","barangayCode":"0806003158","population":null,"formattedPop":null,"densityCategory":"No data","vulnerabilityRating":"No data","healthRiskLevel":"No data","areaKm2":0.52413,"centerLat":12.070876,"centerLng":124.600684,"geometrySource":"all_barangay-2.csv detailed WKT","geometryMatchMethod":"psgc_coordinate_bridge","boundaryPointCount":7},"geometry":{"type":"MultiPolygon","coordinates":[[[[124.603943,12.07521],[124.602707,12.07286],[124.600388,12.06962],[124.596672,12.071],[124.598534,12.0743],[124.600853,12.07721],[124.603943,12.07521]]]]}},{"type":"Feature","properties":{"ID_0":177,"ISO":"PHL","NAME_0":"Philippines","ID_1":8060,"NAME_1":"Samar (Western Samar)","ID_2":806003,"NAME_2":"Calbayog City","ID_3":806003159,"NAME_3":"Awang West","NL_NAME_3":null,"VARNAME_3":null,"TYPE_3":"Barangay","ENGTYPE_3":"Village","PROVINCE":"Samar (Western Samar)","REGION":"Region VIII (Eastern Visayas)","id":"barangay-0806003159","name":"Awang West","barangayCode":"0806003159","population":null,"formattedPop":null,"densityCategory":"No data","vulnerabilityRating":"No data","healthRiskLevel":"No data","areaKm2":0.180994,"centerLat":12.065969,"centerLng":124.597044,"geometrySource":"all_barangay-2.csv detailed WKT","geometryMatchMethod":"psgc_coordinate_bridge","boundaryPointCount":11},"geometry":{"type":"MultiPolygon","coordinates":[[[[124.600388,12.06962],[124.597237,12.06511],[124.597298,12.06509],[124.596848,12.06431],[124.595627,12.06528],[124.594368,12.06539],[124.594093,12.06532],[124.594223,12.06635],[124.595512,12.06938],[124.596672,12.071],[124.600388,12.06962]]]]}},{"type":"Feature","properties":{"ID_0":177,"ISO":"PHL","NAME_0":"Philippines","ID_1":8060,"NAME_1":"Samar (Western Samar)","ID_2":806003,"NAME_2":"Calbayog City","ID_3":806003160,"NAME_3":"Bagong Lipunan","NL_NAME_3":null,"VARNAME_3":null,"TYPE_3":"Barangay","ENGTYPE_3":"Village","PROVINCE":"Samar (Western Samar)","REGION":"Region VIII (Eastern Visayas)","id":"barangay-0806003160","name":"Bagong Lipunan","barangayCode":"0806003160","population":null,"formattedPop":null,"densityCategory":"No data","vulnerabilityRating":"No data","healthRiskLevel":"No data","areaKm2":2.138138,"centerLat":12.236334,"centerLng":124.658155,"geometrySource":"all_barangay-2.csv detailed WKT","geometryMatchMethod":"psgc_coordinate_bridge","boundaryPointCount":36},"geometry":{"type":"MultiPolygon","coordinates":[[[[124.640961,12.24248],[124.654617,12.25058],[124.663147,12.23788],[124.665894,12.2351],[124.672951,12.2288],[124.672127,12.22729],[124.671387,12.2273],[124.671051,12.22763],[124.670448,12.22798],[124.670319,12.22878],[124.669693,12.22956],[124.668983,12.23015],[124.668442,12.23049],[124.667908,12.23049],[124.667458,12.23008],[124.666702,12.22991],[124.666252,12.2302],[124.665497,12.2306],[124.664993,12.23117],[124.664688,12.23174],[124.664963,12.23231],[124.664146,12.23242],[124.663231,12.23299],[124.662407,12.23311],[124.661743,12.23345],[124.661278,12.23261],[124.660927,12.23185],[124.659782,12.23195],[124.659187,12.23242],[124.658524,12.23242],[124.657463,12.2322],[124.656647,12.23231],[124.656517,12.23304],[124.655579,12.23334],[124.65464,12.2339],[124.640961,12.24248]]]]}},{"type":"Feature","properties":{"ID_0":177,"ISO":"PHL","NAME_0":"Philippines","ID_1":8060,"NAME_1":"Samar (Western Samar)","ID_2":806003,"NAME_2":"Calbayog City","ID_3":806003162,"NAME_3":"Bontay","NL_NAME_3":null,"VARNAME_3":null,"TYPE_3":"Barangay","ENGTYPE_3":"Village","PROVINCE":"Samar (Western Samar)","REGION":"Region VIII (Eastern Visayas)","id":"barangay-0806003162","name":"Bontay","barangayCode":"0806003162","population":null,"formattedPop":null,"densityCategory":"No data","vulnerabilityRating":"No data","healthRiskLevel":"No data","areaKm2":1.993737,"centerLat":12.112076,"centerLng":124.545222,"geometrySource":"all_barangay-2.csv detailed WKT","geometryMatchMethod":"psgc_coordinate_bridge","boundaryPointCount":27},"geometry":{"type":"MultiPolygon","coordinates":[[[[124.554413,12.1216],[124.549492,12.11868],[124.54496,12.11046],[124.541077,12.10009],[124.539093,12.1013],[124.537613,12.102],[124.536819,12.10296],[124.535927,12.10511],[124.535141,12.10594],[124.534889,12.10681],[124.535316,12.10709],[124.536247,12.10804],[124.537529,12.10892],[124.53801,12.11044],[124.543892,12.12039],[124.548111,12.12619],[124.548637,12.12593],[124.549019,12.12549],[124.54953,12.12527],[124.550293,12.12538],[124.550552,12.12453],[124.551064,12.12396],[124.551697,12.12374],[124.552727,12.12374],[124.553741,12.12352],[124.554367,12.1229],[124.554413,12.1216]]]]}},{"type":"Feature","properties":{"ID_0":177,"ISO":"PHL","NAME_0":"Philippines","ID_1":8060,"NAME_1":"Samar (Western Samar)","ID_2":806003,"NAME_2":"Calbayog City","ID_3":806003164,"NAME_3":"Kalilihan","NL_NAME_3":null,"VARNAME_3":null,"TYPE_3":"Barangay","ENGTYPE_3":"Village","PROVINCE":"Samar (Western Samar)","REGION":"Region VIII (Eastern Visayas)","id":"barangay-0806003164","name":"Kalilihan","barangayCode":"0806003164","population":null,"formattedPop":null,"densityCategory":"No data","vulnerabilityRating":"No data","healthRiskLevel":"No data","areaKm2":7.535729,"centerLat":12.252732,"centerLng":124.70385,"geometrySource":"all_barangay-2.csv detailed WKT","geometryMatchMethod":"psgc_coordinate_bridge","boundaryPointCount":55},"geometry":{"type":"MultiPolygon","coordinates":[[[[124.713867,12.29094],[124.713287,12.27502],[124.710297,12.26565],[124.70887,12.25881],[124.708946,12.2556],[124.708473,12.25217],[124.708511,12.25009],[124.709007,12.24761],[124.710243,12.24774],[124.711014,12.24735],[124.711929,12.24674],[124.712097,12.24602],[124.711479,12.24549],[124.711327,12.24443],[124.712196,12.24415],[124.712883,12.24444],[124.713493,12.2451],[124.714256,12.24397],[124.71489,12.24298],[124.715218,12.24182],[124.714737,12.24127],[124.713654,12.241],[124.71257,12.24034],[124.71273,12.23937],[124.713867,12.23823],[124.711777,12.23617],[124.711082,12.23404],[124.710457,12.23491],[124.70993,12.23475],[124.709396,12.2343],[124.708687,12.23491],[124.707619,12.23476],[124.706734,12.23503],[124.70565,12.23491],[124.704941,12.23567],[124.704224,12.23506],[124.703461,12.23483],[124.701897,12.23521],[124.701721,12.23597],[124.701576,12.23654],[124.701538,12.23782],[124.700462,12.23843],[124.699928,12.23858],[124.699219,12.23858],[124.699043,12.23782],[124.698723,12.23735],[124.696587,12.23697],[124.695107,12.23689],[124.694122,12.23643],[124.695251,12.24188],[124.694473,12.2515],[124.692017,12.26052],[124.692467,12.26705],[124.692574,12.27594],[124.713867,12.29094]]]]}},{"type":"Feature","properties":{"ID_0":177,"ISO":"PHL","NAME_0":"Philippines","ID_1":8060,"NAME_1":"Samar (Western Samar)","ID_2":806003,"NAME_2":"Calbayog City","ID_3":806003165,"NAME_3":"Carmen","NL_NAME_3":null,"VARNAME_3":null,"TYPE_3":"Barangay","ENGTYPE_3":"Village","PROVINCE":"Samar (Western Samar)","REGION":"Region VIII (Eastern Visayas)","id":"barangay-0806003165","name":"Carmen","barangayCode":"0806003165","population":null,"formattedPop":null,"densityCategory":"No data","vulnerabilityRating":"No data","healthRiskLevel":"No data","areaKm2":1.358907,"centerLat":12.078655,"centerLng":124.593521,"geometrySource":"all_barangay-2.csv detailed WKT","geometryMatchMethod":"psgc_coordinate_bridge","boundaryPointCount":25},"geometry":{"type":"MultiPolygon","coordinates":[[[[124.584686,12.08229],[124.590569,12.08452],[124.593758,12.0869],[124.59523,12.08514],[124.595612,12.08406],[124.595589,12.08198],[124.595261,12.07956],[124.595627,12.07702],[124.595268,12.07649],[124.59481,12.0759],[124.594269,12.07564],[124.593819,12.07579],[124.59346,12.07548],[124.593193,12.0751],[124.59227,12.07487],[124.584976,12.0753],[124.585503,12.07907],[124.585487,12.07963],[124.585457,12.0801],[124.58522,12.08057],[124.585121,12.08082],[124.58503,12.08119],[124.584793,12.08145],[124.58474,12.0818],[124.584686,12.08229]]]]}},{"type":"Feature","properties":{"ID_0":177,"ISO":"PHL","NAME_0":"Philippines","ID_1":8060,"NAME_1":"Samar (Western Samar)","ID_2":806003,"NAME_2":"Calbayog City","ID_3":806003166,"NAME_3":"Danao I","NL_NAME_3":null,"VARNAME_3":null,"TYPE_3":"Barangay","ENGTYPE_3":"Village","PROVINCE":"Samar (Western Samar)","REGION":"Region VIII (Eastern Visayas)","id":"barangay-0806003166","name":"Danao I","barangayCode":"0806003166","population":null,"formattedPop":null,"densityCategory":"No data","vulnerabilityRating":"No data","healthRiskLevel":"No data","areaKm2":4.929932,"centerLat":12.132784,"centerLng":124.489557,"geometrySource":"all_barangay-2.csv detailed WKT","geometryMatchMethod":"psgc_coordinate_bridge","boundaryPointCount":51},"geometry":{"type":"MultiPolygon","coordinates":[[[[124.493629,12.15005],[124.503166,12.13866],[124.501083,12.13739],[124.499634,12.13708],[124.498932,12.13628],[124.498917,12.13522],[124.497704,12.13406],[124.496368,12.13287],[124.49543,12.13267],[124.4944,12.13185],[124.49295,12.13074],[124.491463,12.13115],[124.489738,12.13089],[124.489342,12.13206],[124.488411,12.13226],[124.487938,12.13086],[124.487244,12.12946],[124.488258,12.12742],[124.488617,12.12465],[124.488457,12.12195],[124.488876,12.12061],[124.488647,12.11981],[124.488419,12.11861],[124.488647,12.11761],[124.48822,12.11672],[124.486992,12.11516],[124.484337,12.11429],[124.478928,12.11735],[124.480103,12.11897],[124.481033,12.11973],[124.481033,12.12086],[124.481583,12.12118],[124.482437,12.1222],[124.48336,12.12219],[124.484688,12.12285],[124.485237,12.12481],[124.484596,12.12602],[124.48452,12.12724],[124.484413,12.12827],[124.483849,12.12875],[124.483353,12.12979],[124.483093,12.13052],[124.481956,12.13181],[124.480827,12.13133],[124.479698,12.13091],[124.477348,12.13156],[124.475304,12.13232],[124.473686,12.13294],[124.472939,12.13262],[124.471916,12.13293],[124.493629,12.15005]]]]}},{"type":"Feature","properties":{"ID_0":177,"ISO":"PHL","NAME_0":"Philippines","ID_1":8060,"NAME_1":"Samar (Western Samar)","ID_2":806003,"NAME_2":"Calbayog City","ID_3":806003167,"NAME_3":"Danao II","NL_NAME_3":null,"VARNAME_3":null,"TYPE_3":"Barangay","ENGTYPE_3":"Village","PROVINCE":"Samar (Western Samar)","REGION":"Region VIII (Eastern Visayas)","id":"barangay-0806003167","name":"Danao II","barangayCode":"0806003167","population":null,"formattedPop":null,"densityCategory":"No data","vulnerabilityRating":"No data","healthRiskLevel":"No data","areaKm2":7.844118,"centerLat":12.237297,"centerLng":124.461278,"geometrySource":"all_barangay-2.csv detailed WKT","geometryMatchMethod":"psgc_coordinate_bridge","boundaryPointCount":6},"geometry":{"type":"MultiPolygon","coordinates":[[[[124.443733,12.25068],[124.459953,12.25717],[124.47039,12.24013],[124.477638,12.22911],[124.457237,12.2202],[124.443733,12.25068]]]]}},{"type":"Feature","properties":{"ID_0":177,"ISO":"PHL","NAME_0":"Philippines","ID_1":8060,"NAME_1":"Samar (Western Samar)","ID_2":806003,"NAME_2":"Calbayog City","ID_3":806003168,"NAME_3":"Gabay","NL_NAME_3":null,"VARNAME_3":null,"TYPE_3":"Barangay","ENGTYPE_3":"Village","PROVINCE":"Samar (Western Samar)","REGION":"Region VIII (Eastern Visayas)","id":"barangay-0806003168","name":"Gabay","barangayCode":"0806003168","population":null,"formattedPop":null,"densityCategory":"No data","vulnerabilityRating":"No data","healthRiskLevel":"No data","areaKm2":1.645113,"centerLat":12.112904,"centerLng":124.611107,"geometrySource":"all_barangay-2.csv detailed WKT","geometryMatchMethod":"psgc_coordinate_bridge","boundaryPointCount":50},"geometry":{"type":"MultiPolygon","coordinates":[[[[124.619469,12.11084],[124.609337,12.10872],[124.605186,12.10804],[124.605103,12.10844],[124.604881,12.10901],[124.603661,12.11308],[124.602997,12.11539],[124.60321,12.11781],[124.604462,12.12101],[124.605766,12.12082],[124.607674,12.12074],[124.609901,12.1202],[124.610222,12.11976],[124.610222,12.11957],[124.610283,12.1192],[124.610542,12.11907],[124.611076,12.1192],[124.611359,12.11939],[124.611679,12.11962],[124.612061,12.11966],[124.612106,12.11925],[124.612007,12.11888],[124.612427,12.11864],[124.612984,12.11859],[124.613518,12.11846],[124.613937,12.11804],[124.61422,12.11841],[124.614487,12.11841],[124.614326,12.11754],[124.614273,12.11722],[124.614388,12.11654],[124.6147,12.1161],[124.614594,12.11559],[124.615067,12.11522],[124.615288,12.11559],[124.615753,12.11528],[124.616051,12.11485],[124.616318,12.11485],[124.616531,12.11499],[124.616753,12.11504],[124.616913,12.11444],[124.61702,12.11426],[124.61718,12.11435],[124.617569,12.11419],[124.617943,12.11379],[124.617828,12.11292],[124.61837,12.11223],[124.61853,12.11149],[124.619019,12.11121],[124.619469,12.11084]]]]}},{"type":"Feature","properties":{"ID_0":177,"ISO":"PHL","NAME_0":"Philippines","ID_1":8060,"NAME_1":"Samar (Western Samar)","ID_2":806003,"NAME_2":"Calbayog City","ID_3":806003171,"NAME_3":"Pagbalican","NL_NAME_3":null,"VARNAME_3":null,"TYPE_3":"Barangay","ENGTYPE_3":"Village","PROVINCE":"Samar (Western Samar)","REGION":"Region VIII (Eastern Visayas)","id":"barangay-0806003171","name":"Pagbalican","barangayCode":"0806003171","population":null,"formattedPop":null,"densityCategory":"No data","vulnerabilityRating":"No data","healthRiskLevel":"No data","areaKm2":1.106137,"centerLat":12.077902,"centerLng":124.579842,"geometrySource":"all_barangay-2.csv detailed WKT","geometryMatchMethod":"psgc_coordinate_bridge","boundaryPointCount":15},"geometry":{"type":"MultiPolygon","coordinates":[[[[124.584686,12.08229],[124.58474,12.0818],[124.584793,12.08145],[124.58503,12.08119],[124.585121,12.08082],[124.58522,12.08057],[124.585457,12.0801],[124.585487,12.07963],[124.585503,12.07907],[124.584976,12.0753],[124.579483,12.07571],[124.572021,12.07575],[124.572281,12.07969],[124.572533,12.08357],[124.584686,12.08229]]]]}},{"type":"Feature","properties":{"ID_0":177,"ISO":"PHL","NAME_0":"Philippines","ID_1":8060,"NAME_1":"Samar (Western Samar)","ID_2":806003,"NAME_2":"Calbayog City","ID_3":806003173,"NAME_3":"Payahan","NL_NAME_3":null,"VARNAME_3":null,"TYPE_3":"Barangay","ENGTYPE_3":"Village","PROVINCE":"Samar (Western Samar)","REGION":"Region VIII (Eastern Visayas)","id":"barangay-0806003173","name":"Payahan","barangayCode":"0806003173","population":null,"formattedPop":null,"densityCategory":"No data","vulnerabilityRating":"No data","healthRiskLevel":"No data","areaKm2":1.094568,"centerLat":12.085532,"centerLng":124.579574,"geometrySource":"all_barangay-2.csv detailed WKT","geometryMatchMethod":"psgc_coordinate_bridge","boundaryPointCount":32},"geometry":{"type":"MultiPolygon","coordinates":[[[[124.573082,12.09399],[124.573402,12.09342],[124.573914,12.09259],[124.574203,12.09234],[124.574661,12.09196],[124.57534,12.09185],[124.575943,12.09179],[124.576347,12.09122],[124.577339,12.09107],[124.577797,12.091],[124.578903,12.09083],[124.579887,12.09036],[124.580803,12.09052],[124.581337,12.08988],[124.582237,12.08928],[124.583237,12.08858],[124.583794,12.08793],[124.584244,12.08688],[124.584251,12.08649],[124.584518,12.08635],[124.584641,12.08578],[124.58461,12.08539],[124.584518,12.08477],[124.584709,12.08425],[124.584518,12.08401],[124.584763,12.08362],[124.584869,12.0833],[124.584831,12.08287],[124.584686,12.08267],[124.584686,12.08229],[124.572533,12.08357],[124.573082,12.09399]]]]}},{"type":"Feature","properties":{"ID_0":177,"ISO":"PHL","NAME_0":"Philippines","ID_1":8060,"NAME_1":"Samar (Western Samar)","ID_2":806003,"NAME_2":"Calbayog City","ID_3":806003174,"NAME_3":"Tanval","NL_NAME_3":null,"VARNAME_3":null,"TYPE_3":"Barangay","ENGTYPE_3":"Village","PROVINCE":"Samar (Western Samar)","REGION":"Region VIII (Eastern Visayas)","id":"barangay-0806003174","name":"Tanval","barangayCode":"0806003174","population":null,"formattedPop":null,"densityCategory":"No data","vulnerabilityRating":"No data","healthRiskLevel":"No data","areaKm2":7.510936,"centerLat":12.181335,"centerLng":124.685382,"geometrySource":"all_barangay-2.csv detailed WKT","geometryMatchMethod":"psgc_coordinate_bridge","boundaryPointCount":41},"geometry":{"type":"MultiPolygon","coordinates":[[[[124.687592,12.20173],[124.688293,12.2014],[124.689377,12.20151],[124.68998,12.20182],[124.690468,12.20193],[124.691071,12.20203],[124.691437,12.20172],[124.692528,12.2013],[124.693092,12.20112],[124.694221,12.20161],[124.695107,12.202],[124.696411,12.20237],[124.697952,12.20193],[124.699493,12.20149],[124.698357,12.19922],[124.697639,12.19568],[124.696472,12.19293],[124.693207,12.18689],[124.689697,12.1778],[124.679428,12.15618],[124.678741,12.15641],[124.678261,12.15688],[124.677742,12.15741],[124.677673,12.15844],[124.677116,12.15874],[124.6763,12.15866],[124.675682,12.15919],[124.675102,12.15965],[124.674538,12.15981],[124.67392,12.16008],[124.673714,12.16061],[124.673683,12.16101],[124.673576,12.16222],[124.673683,12.16319],[124.673576,12.16417],[124.672836,12.16389],[124.673576,12.17046],[124.675529,12.17793],[124.675201,12.19469],[124.681252,12.19773],[124.687592,12.20173]]]]}},{"type":"Feature","properties":{"ID_0":177,"ISO":"PHL","NAME_0":"Philippines","ID_1":8060,"NAME_1":"Samar (Western Samar)","ID_2":806003,"NAME_2":"Calbayog City","ID_3":806003175,"NAME_3":"Tinambacan Norte","NL_NAME_3":null,"VARNAME_3":null,"TYPE_3":"Barangay","ENGTYPE_3":"Village","PROVINCE":"Samar (Western Samar)","REGION":"Region VIII (Eastern Visayas)","id":"barangay-0806003175","name":"Tinambacan Norte","barangayCode":"0806003175","population":null,"formattedPop":null,"densityCategory":"No data","vulnerabilityRating":"No data","healthRiskLevel":"No data","areaKm2":1.64984,"centerLat":12.104012,"centerLng":124.501659,"geometrySource":"all_barangay-2.csv detailed WKT","geometryMatchMethod":"psgc_coordinate_bridge","boundaryPointCount":31},"geometry":{"type":"MultiPolygon","coordinates":[[[[124.502296,12.11755],[124.502228,12.11595],[124.50293,12.11475],[124.502876,12.11422],[124.503601,12.11241],[124.504097,12.11094],[124.504799,12.11074],[124.505577,12.10996],[124.50573,12.10889],[124.504341,12.10752],[124.504707,12.10631],[124.504341,12.10492],[124.505142,12.10377],[124.504341,12.10231],[124.502937,12.10111],[124.502213,12.0997],[124.503288,12.09855],[124.505089,12.09622],[124.502663,12.0926],[124.502609,12.09268],[124.500648,12.0946],[124.49939,12.09529],[124.49855,12.09529],[124.497292,12.09598],[124.496307,12.09667],[124.495468,12.09791],[124.495277,12.09816],[124.49749,12.10235],[124.494453,12.10627],[124.496552,12.1094],[124.502296,12.11755]]]]}},{"type":"Feature","properties":{"ID_0":177,"ISO":"PHL","NAME_0":"Philippines","ID_1":8060,"NAME_1":"Samar (Western Samar)","ID_2":806003,"NAME_2":"Calbayog City","ID_3":806003176,"NAME_3":"Tinambacan Sur","NL_NAME_3":null,"VARNAME_3":null,"TYPE_3":"Barangay","ENGTYPE_3":"Village","PROVINCE":"Samar (Western Samar)","REGION":"Region VIII (Eastern Visayas)","id":"barangay-0806003176","name":"Tinambacan Sur","barangayCode":"0806003176","population":null,"formattedPop":null,"densityCategory":"No data","vulnerabilityRating":"No data","healthRiskLevel":"No data","areaKm2":5.245156,"centerLat":12.108863,"centerLng":124.512253,"geometrySource":"all_barangay-2.csv detailed WKT","geometryMatchMethod":"psgc_coordinate_bridge","boundaryPointCount":23},"geometry":{"type":"MultiPolygon","coordinates":[[[[124.510262,12.12871],[124.52285,12.11385],[124.511864,12.09529],[124.509277,12.09189],[124.505089,12.09622],[124.503288,12.09855],[124.502213,12.0997],[124.502937,12.10111],[124.504341,12.10231],[124.505142,12.10377],[124.504341,12.10492],[124.504707,12.10631],[124.504341,12.10752],[124.50573,12.10889],[124.505577,12.10996],[124.504799,12.11074],[124.504097,12.11094],[124.503601,12.11241],[124.502876,12.11422],[124.50293,12.11475],[124.502228,12.11595],[124.502296,12.11755],[124.510262,12.12871]]]]}},{"type":"Feature","properties":{"ID_0":177,"ISO":"PHL","NAME_0":"Philippines","ID_1":8060,"NAME_1":"Samar (Western Samar)","ID_2":806003,"NAME_2":"Calbayog City","ID_3":806003177,"NAME_3":"Cagmanipis Sur","NL_NAME_3":null,"VARNAME_3":null,"TYPE_3":"Barangay","ENGTYPE_3":"Village","PROVINCE":"Samar (Western Samar)","REGION":"Region VIII (Eastern Visayas)","id":"barangay-0806003177","name":"Cagmanipis Sur","barangayCode":"0806003177","population":null,"formattedPop":null,"densityCategory":"No data","vulnerabilityRating":"No data","healthRiskLevel":"No data","areaKm2":10.156218,"centerLat":12.214325,"centerLng":124.405829,"geometrySource":"barangays.geojson simplified fallback","geometryMatchMethod":"simplified_fallback","boundaryPointCount":7},"geometry":{"type":"Polygon","coordinates":[[[124.43730526200011,12.227225375000046],[124.40709136100008,12.210776947000056],[124.39858007700002,12.190736818000062],[124.3899564400001,12.195772560000023],[124.38374877100011,12.21684738700003],[124.43385730400007,12.233801945000039],[124.43730526200011,12.227225375000046]]]}},{"type":"Feature","properties":{"ID_0":177,"ISO":"PHL","NAME_0":"Philippines","ID_1":8060,"NAME_1":"Samar (Western Samar)","ID_2":806003,"NAME_2":"Calbayog City","ID_3":806003178,"NAME_3":"Manuel Barral, Sr.","NL_NAME_3":null,"VARNAME_3":null,"TYPE_3":"Barangay","ENGTYPE_3":"Village","PROVINCE":"Samar (Western Samar)","REGION":"Region VIII (Eastern Visayas)","id":"barangay-0806003178","name":"Manuel Barral, Sr.","barangayCode":"0806003178","population":null,"formattedPop":null,"densityCategory":"No data","vulnerabilityRating":"No data","healthRiskLevel":"No data","areaKm2":7.786435,"centerLat":12.21987,"centerLng":124.481775,"geometrySource":"all_barangay-2.csv detailed WKT","geometryMatchMethod":"psgc_coordinate_bridge","boundaryPointCount":32},"geometry":{"type":"MultiPolygon","coordinates":[[[[124.497368,12.23607],[124.497437,12.23516],[124.498627,12.2353],[124.499634,12.2353],[124.500679,12.2348],[124.501648,12.2343],[124.499969,12.23316],[124.499298,12.23244],[124.498329,12.23143],[124.498123,12.23015],[124.498451,12.22886],[124.498093,12.22739],[124.497787,12.22628],[124.497452,12.22514],[124.497452,12.22399],[124.497917,12.22324],[124.498787,12.22285],[124.498962,12.22185],[124.498627,12.22128],[124.49913,12.2207],[124.498962,12.21984],[124.499802,12.21927],[124.500557,12.21965],[124.50148,12.22043],[124.502487,12.22028],[124.502823,12.21943],[124.502319,12.21857],[124.502388,12.21774],[124.463516,12.20857],[124.457237,12.2202],[124.477638,12.22911],[124.497368,12.23607]]]]}}]}
